priority,event_id,source,category,reason,field_in_question,current_value
P1,EVT-BSEE-0002,Bureau of Safety and Environmental Enforcement (BSEE),SIF_LABEL_AMBIGUITY,Insufficient text evidence to determine SIF potential; marked UNKNOWN.,sif.sif_potential,UNKNOWN
P1,EVT-BSEE-0003,Bureau of Safety and Environmental Enforcement (BSEE),SIF_LABEL_AMBIGUITY,Insufficient text evidence to determine SIF potential; marked UNKNOWN.,sif.sif_potential,UNKNOWN
P1,EVT-BSEE-0004,Bureau of Safety and Environmental Enforcement (BSEE),SIF_LABEL_AMBIGUITY,Insufficient text evidence to determine SIF potential; marked UNKNOWN.,sif.sif_potential,UNKNOWN
P1,EVT-BSEE-0006,Bureau of Safety and Environmental Enforcement (BSEE),SIF_LABEL_AMBIGUITY,Insufficient text evidence to determine SIF potential; marked UNKNOWN.,sif.sif_potential,UNKNOWN
P1,EVT-BSEE-0008,Bureau of Safety and Environmental Enforcement (BSEE),SIF_LABEL_AMBIGUITY,Insufficient text evidence to determine SIF potential; marked UNKNOWN.,sif.sif_potential,UNKNOWN
P2,EVT-BSEE-0009,Bureau of Safety and Environmental Enforcement (BSEE),BARRIER_ABSENT_IN_TEXT,Narrative lacks explicit mention of physical or engineered barrier status.,barriers,EMPTY
P1,EVT-BSEE-0010,Bureau of Safety and Environmental Enforcement (BSEE),SIF_LABEL_AMBIGUITY,Insufficient text evidence to determine SIF potential; marked UNKNOWN.,sif.sif_potential,UNKNOWN
P1,EVT-BSEE-0011,Bureau of Safety and Environmental Enforcement (BSEE),SIF_LABEL_AMBIGUITY,Insufficient text evidence to determine SIF potential; marked UNKNOWN.,sif.sif_potential,UNKNOWN
P1,EVT-BSEE-0013,Bureau of Safety and Environmental Enforcement (BSEE),SIF_LABEL_AMBIGUITY,Insufficient text evidence to determine SIF potential; marked UNKNOWN.,sif.sif_potential,UNKNOWN
P1,EVT-BSEE-0014,Bureau of Safety and Environmental Enforcement (BSEE),SIF_LABEL_AMBIGUITY,Insufficient text evidence to determine SIF potential; marked UNKNOWN.,sif.sif_potential,UNKNOWN
P2,EVT-BSEE-0015,Bureau of Safety and Environmental Enforcement (BSEE),BARRIER_ABSENT_IN_TEXT,Narrative lacks explicit mention of physical or engineered barrier status.,barriers,EMPTY
P2,EVT-BSEE-0017,Bureau of Safety and Environmental Enforcement (BSEE),BARRIER_ABSENT_IN_TEXT,Narrative lacks explicit mention of physical or engineered barrier status.,barriers,EMPTY
P1,EVT-BSEE-0018,Bureau of Safety and Environmental Enforcement (BSEE),SIF_LABEL_AMBIGUITY,Insufficient text evidence to determine SIF potential; marked UNKNOWN.,sif.sif_potential,UNKNOWN
P1,EVT-BSEE-0019,Bureau of Safety and Environmental Enforcement (BSEE),SIF_LABEL_AMBIGUITY,Insufficient text evidence to determine SIF potential; marked UNKNOWN.,sif.sif_potential,UNKNOWN
P1,EVT-BSEE-0021,Bureau of Safety and Environmental Enforcement (BSEE),SIF_LABEL_AMBIGUITY,Insufficient text evidence to determine SIF potential; marked UNKNOWN.,sif.sif_potential,UNKNOWN
P2,EVT-BSEE-0025,Bureau of Safety and Environmental Enforcement (BSEE),BARRIER_ABSENT_IN_TEXT,Narrative lacks explicit mention of physical or engineered barrier status.,barriers,EMPTY
P1,EVT-BSEE-0026,Bureau of Safety and Environmental Enforcement (BSEE),SIF_LABEL_AMBIGUITY,Insufficient text evidence to determine SIF potential; marked UNKNOWN.,sif.sif_potential,UNKNOWN
P1,EVT-BSEE-0028,Bureau of Safety and Environmental Enforcement (BSEE),SIF_LABEL_AMBIGUITY,Insufficient text evidence to determine SIF potential; marked UNKNOWN.,sif.sif_potential,UNKNOWN
P1,EVT-BSEE-0029,Bureau of Safety and Environmental Enforcement (BSEE),SIF_LABEL_AMBIGUITY,Insufficient text evidence to determine SIF potential; marked UNKNOWN.,sif.sif_potential,UNKNOWN
P1,EVT-BSEE-0030,Bureau of Safety and Environmental Enforcement (BSEE),SIF_LABEL_AMBIGUITY,Insufficient text evidence to determine SIF potential; marked UNKNOWN.,sif.sif_potential,UNKNOWN
P2,EVT-BSEE-0031,Bureau of Safety and Environmental Enforcement (BSEE),BARRIER_ABSENT_IN_TEXT,Narrative lacks explicit mention of physical or engineered barrier status.,barriers,EMPTY
P1,EVT-BSEE-0032,Bureau of Safety and Environmental Enforcement (BSEE),SIF_LABEL_AMBIGUITY,Insufficient text evidence to determine SIF potential; marked UNKNOWN.,sif.sif_potential,UNKNOWN
P1,EVT-BSEE-0034,Bureau of Safety and Environmental Enforcement (BSEE),SIF_LABEL_AMBIGUITY,Insufficient text evidence to determine SIF potential; marked UNKNOWN.,sif.sif_potential,UNKNOWN
P1,EVT-BSEE-0036,Bureau of Safety and Environmental Enforcement (BSEE),SIF_LABEL_AMBIGUITY,Insufficient text evidence to determine SIF potential; marked UNKNOWN.,sif.sif_potential,UNKNOWN
P1,EVT-BSEE-0038,Bureau of Safety and Environmental Enforcement (BSEE),SIF_LABEL_AMBIGUITY,Insufficient text evidence to determine SIF potential; marked UNKNOWN.,sif.sif_potential,UNKNOWN
P1,EVT-BSEE-0040,Bureau of Safety and Environmental Enforcement (BSEE),SIF_LABEL_AMBIGUITY,Insufficient text evidence to determine SIF potential; marked UNKNOWN.,sif.sif_potential,UNKNOWN
P2,EVT-BSEE-0041,Bureau of Safety and Environmental Enforcement (BSEE),BARRIER_ABSENT_IN_TEXT,Narrative lacks explicit mention of physical or engineered barrier status.,barriers,EMPTY
P2,EVT-BSEE-0044,Bureau of Safety and Environmental Enforcement (BSEE),BARRIER_ABSENT_IN_TEXT,Narrative lacks explicit mention of physical or engineered barrier status.,barriers,EMPTY
P1,EVT-BSEE-0046,Bureau of Safety and Environmental Enforcement (BSEE),SIF_LABEL_AMBIGUITY,Insufficient text evidence to determine SIF potential; marked UNKNOWN.,sif.sif_potential,UNKNOWN
P2,EVT-BSEE-0047,Bureau of Safety and Environmental Enforcement (BSEE),BARRIER_ABSENT_IN_TEXT,Narrative lacks explicit mention of physical or engineered barrier status.,barriers,EMPTY
P1,EVT-BSEE-0048,Bureau of Safety and Environmental Enforcement (BSEE),SIF_LABEL_AMBIGUITY,Insufficient text evidence to determine SIF potential; marked UNKNOWN.,sif.sif_potential,UNKNOWN
P1,EVT-BSEE-0049,Bureau of Safety and Environmental Enforcement (BSEE),SIF_LABEL_AMBIGUITY,Insufficient text evidence to determine SIF potential; marked UNKNOWN.,sif.sif_potential,UNKNOWN
P1,EVT-BSEE-0050,Bureau of Safety and Environmental Enforcement (BSEE),SIF_LABEL_AMBIGUITY,Insufficient text evidence to determine SIF potential; marked UNKNOWN.,sif.sif_potential,UNKNOWN
P2,EVT-BSEE-0053,Bureau of Safety and Environmental Enforcement (BSEE),BARRIER_ABSENT_IN_TEXT,Narrative lacks explicit mention of physical or engineered barrier status.,barriers,EMPTY
P1,EVT-BSEE-0054,Bureau of Safety and Environmental Enforcement (BSEE),SIF_LABEL_AMBIGUITY,Insufficient text evidence to determine SIF potential; marked UNKNOWN.,sif.sif_potential,UNKNOWN
P1,EVT-BSEE-0055,Bureau of Safety and Environmental Enforcement (BSEE),SIF_LABEL_AMBIGUITY,Insufficient text evidence to determine SIF potential; marked UNKNOWN.,sif.sif_potential,UNKNOWN
P2,EVT-BSEE-0061,Bureau of Safety and Environmental Enforcement (BSEE),BARRIER_ABSENT_IN_TEXT,Narrative lacks explicit mention of physical or engineered barrier status.,barriers,EMPTY
P2,EVT-BSEE-0062,Bureau of Safety and Environmental Enforcement (BSEE),BARRIER_ABSENT_IN_TEXT,Narrative lacks explicit mention of physical or engineered barrier status.,barriers,EMPTY
P1,EVT-BSEE-0063,Bureau of Safety and Environmental Enforcement (BSEE),SIF_LABEL_AMBIGUITY,Insufficient text evidence to determine SIF potential; marked UNKNOWN.,sif.sif_potential,UNKNOWN
P1,EVT-BSEE-0065,Bureau of Safety and Environmental Enforcement (BSEE),SIF_LABEL_AMBIGUITY,Insufficient text evidence to determine SIF potential; marked UNKNOWN.,sif.sif_potential,UNKNOWN
P2,EVT-BSEE-0067,Bureau of Safety and Environmental Enforcement (BSEE),BARRIER_ABSENT_IN_TEXT,Narrative lacks explicit mention of physical or engineered barrier status.,barriers,EMPTY
P2,EVT-BSEE-0068,Bureau of Safety and Environmental Enforcement (BSEE),BARRIER_ABSENT_IN_TEXT,Narrative lacks explicit mention of physical or engineered barrier status.,barriers,EMPTY
P2,EVT-BSEE-0069,Bureau of Safety and Environmental Enforcement (BSEE),BARRIER_ABSENT_IN_TEXT,Narrative lacks explicit mention of physical or engineered barrier status.,barriers,EMPTY
P1,EVT-BSEE-0070,Bureau of Safety and Environmental Enforcement (BSEE),SIF_LABEL_AMBIGUITY,Insufficient text evidence to determine SIF potential; marked UNKNOWN.,sif.sif_potential,UNKNOWN
P1,EVT-BSEE-0071,Bureau of Safety and Environmental Enforcement (BSEE),SIF_LABEL_AMBIGUITY,Insufficient text evidence to determine SIF potential; marked UNKNOWN.,sif.sif_potential,UNKNOWN
P1,EVT-BSEE-0076,Bureau of Safety and Environmental Enforcement (BSEE),SIF_LABEL_AMBIGUITY,Insufficient text evidence to determine SIF potential; marked UNKNOWN.,sif.sif_potential,UNKNOWN
P2,EVT-BSEE-0077,Bureau of Safety and Environmental Enforcement (BSEE),BARRIER_ABSENT_IN_TEXT,Narrative lacks explicit mention of physical or engineered barrier status.,barriers,EMPTY
P1,EVT-BSEE-0079,Bureau of Safety and Environmental Enforcement (BSEE),SIF_LABEL_AMBIGUITY,Insufficient text evidence to determine SIF potential; marked UNKNOWN.,sif.sif_potential,UNKNOWN
P1,EVT-BSEE-0080,Bureau of Safety and Environmental Enforcement (BSEE),SIF_LABEL_AMBIGUITY,Insufficient text evidence to determine SIF potential; marked UNKNOWN.,sif.sif_potential,UNKNOWN
P1,EVT-BSEE-0082,Bureau of Safety and Environmental Enforcement (BSEE),SIF_LABEL_AMBIGUITY,Insufficient text evidence to determine SIF potential; marked UNKNOWN.,sif.sif_potential,UNKNOWN
P1,EVT-BSEE-0083,Bureau of Safety and Environmental Enforcement (BSEE),SIF_LABEL_AMBIGUITY,Insufficient text evidence to determine SIF potential; marked UNKNOWN.,sif.sif_potential,UNKNOWN
P1,EVT-BSEE-0084,Bureau of Safety and Environmental Enforcement (BSEE),SIF_LABEL_AMBIGUITY,Insufficient text evidence to determine SIF potential; marked UNKNOWN.,sif.sif_potential,UNKNOWN
P1,EVT-BSEE-0086,Bureau of Safety and Environmental Enforcement (BSEE),SIF_LABEL_AMBIGUITY,Insufficient text evidence to determine SIF potential; marked UNKNOWN.,sif.sif_potential,UNKNOWN
P1,EVT-BSEE-0087,Bureau of Safety and Environmental Enforcement (BSEE),SIF_LABEL_AMBIGUITY,Insufficient text evidence to determine SIF potential; marked UNKNOWN.,sif.sif_potential,UNKNOWN
P1,EVT-BSEE-0089,Bureau of Safety and Environmental Enforcement (BSEE),SIF_LABEL_AMBIGUITY,Insufficient text evidence to determine SIF potential; marked UNKNOWN.,sif.sif_potential,UNKNOWN
P2,EVT-BSEE-0090,Bureau of Safety and Environmental Enforcement (BSEE),BARRIER_ABSENT_IN_TEXT,Narrative lacks explicit mention of physical or engineered barrier status.,barriers,EMPTY
P1,EVT-BSEE-0092,Bureau of Safety and Environmental Enforcement (BSEE),SIF_LABEL_AMBIGUITY,Insufficient text evidence to determine SIF potential; marked UNKNOWN.,sif.sif_potential,UNKNOWN
P1,EVT-BSEE-0093,Bureau of Safety and Environmental Enforcement (BSEE),SIF_LABEL_AMBIGUITY,Insufficient text evidence to determine SIF potential; marked UNKNOWN.,sif.sif_potential,UNKNOWN
P1,EVT-BSEE-0094,Bureau of Safety and Environmental Enforcement (BSEE),SIF_LABEL_AMBIGUITY,Insufficient text evidence to determine SIF potential; marked UNKNOWN.,sif.sif_potential,UNKNOWN
P2,EVT-BSEE-0095,Bureau of Safety and Environmental Enforcement (BSEE),BARRIER_ABSENT_IN_TEXT,Narrative lacks explicit mention of physical or engineered barrier status.,barriers,EMPTY
P1,EVT-BSEE-0096,Bureau of Safety and Environmental Enforcement (BSEE),SIF_LABEL_AMBIGUITY,Insufficient text evidence to determine SIF potential; marked UNKNOWN.,sif.sif_potential,UNKNOWN
P1,EVT-BSEE-0098,Bureau of Safety and Environmental Enforcement (BSEE),SIF_LABEL_AMBIGUITY,Insufficient text evidence to determine SIF potential; marked UNKNOWN.,sif.sif_potential,UNKNOWN
P1,EVT-BSEE-0099,Bureau of Safety and Environmental Enforcement (BSEE),SIF_LABEL_AMBIGUITY,Insufficient text evidence to determine SIF potential; marked UNKNOWN.,sif.sif_potential,UNKNOWN
P1,EVT-BSEE-0100,Bureau of Safety and Environmental Enforcement (BSEE),SIF_LABEL_AMBIGUITY,Insufficient text evidence to determine SIF potential; marked UNKNOWN.,sif.sif_potential,UNKNOWN
P0,EVT-BSEE-0101,Bureau of Safety and Environmental Enforcement (BSEE),MISSING_SOURCE_ARTIFACT,Record derived from catalog metadata without packaged physical PDF/HTML artifact.,provenance.document_hash,03949d8b0306f7fbe1949ad09ae27bbc53575bf82a6d8eb3c2cd2db229d8904f
P0,EVT-BSEE-0102,Bureau of Safety and Environmental Enforcement (BSEE),MISSING_SOURCE_ARTIFACT,Record derived from catalog metadata without packaged physical PDF/HTML artifact.,provenance.document_hash,fdd42d19e6d96cbc9dd55a95e8165a29c6489136fa0c0bbcc33d348d7716ab30
P0,EVT-BSEE-0103,Bureau of Safety and Environmental Enforcement (BSEE),MISSING_SOURCE_ARTIFACT,Record derived from catalog metadata without packaged physical PDF/HTML artifact.,provenance.document_hash,d7127d7b5f0be722a203fb4e112a09e1dd57fe81f4174e4d36725c66f145b63b
P0,EVT-BSEE-0104,Bureau of Safety and Environmental Enforcement (BSEE),MISSING_SOURCE_ARTIFACT,Record derived from catalog metadata without packaged physical PDF/HTML artifact.,provenance.document_hash,9409b7b3ea9a62dfb6046dee65d5fc769ed412216b6d54aa8f169f9bf5c1806e
P0,EVT-BSEE-0105,Bureau of Safety and Environmental Enforcement (BSEE),MISSING_SOURCE_ARTIFACT,Record derived from catalog metadata without packaged physical PDF/HTML artifact.,provenance.document_hash,23ed6d825b2dfd0da78a60b9a44dd7cf34855e4393d46f422d8b6c39d936a059
P0,EVT-BSEE-0106,Bureau of Safety and Environmental Enforcement (BSEE),MISSING_SOURCE_ARTIFACT,Record derived from catalog metadata without packaged physical PDF/HTML artifact.,provenance.document_hash,e39fa76bf9daa470812539bcb19c749adeafc2a1be8d6a7e154ae92c4203efc9
P0,EVT-BSEE-0107,Bureau of Safety and Environmental Enforcement (BSEE),MISSING_SOURCE_ARTIFACT,Record derived from catalog metadata without packaged physical PDF/HTML artifact.,provenance.document_hash,f5b3c21cf3708bd5e28ffc61cd6601f4f1a3dd8c1259c3c9e85f6df051bd429c
P0,EVT-BSEE-0108,Bureau of Safety and Environmental Enforcement (BSEE),MISSING_SOURCE_ARTIFACT,Record derived from catalog metadata without packaged physical PDF/HTML artifact.,provenance.document_hash,79fff03c16f5d398e71291275ead2ad5972cbdd21e2f988fc34849117481d0e1
P0,EVT-BSEE-0109,Bureau of Safety and Environmental Enforcement (BSEE),MISSING_SOURCE_ARTIFACT,Record derived from catalog metadata without packaged physical PDF/HTML artifact.,provenance.document_hash,3d6a874d8d32e4904dcae0b01bb18420507e591690ac195c359eda81380a4040
P0,EVT-BSEE-0110,Bureau of Safety and Environmental Enforcement (BSEE),MISSING_SOURCE_ARTIFACT,Record derived from catalog metadata without packaged physical PDF/HTML artifact.,provenance.document_hash,f30a84f2ea7bde6c9fc251c9634ecda4cf4b13b36ccfe79aa28cc23589ceec53
P0,EVT-BSEE-0111,Bureau of Safety and Environmental Enforcement (BSEE),MISSING_SOURCE_ARTIFACT,Record derived from catalog metadata without packaged physical PDF/HTML artifact.,provenance.document_hash,86f389f87936ca5c8c23586bf49d6873f5345f209d49b04eb7ac1665f58b6e90
P0,EVT-BSEE-0112,Bureau of Safety and Environmental Enforcement (BSEE),MISSING_SOURCE_ARTIFACT,Record derived from catalog metadata without packaged physical PDF/HTML artifact.,provenance.document_hash,c18f1915c0f156d4f9b609120b4d71a5f7f0f4758f7d0854f01657f3a8bccad5
P0,EVT-BSEE-0113,Bureau of Safety and Environmental Enforcement (BSEE),MISSING_SOURCE_ARTIFACT,Record derived from catalog metadata without packaged physical PDF/HTML artifact.,provenance.document_hash,a5f66bc46ad54be2ae76e26c3a907c3773472b417d59ae4239f44eb29fcf92c1
P0,EVT-BSEE-0114,Bureau of Safety and Environmental Enforcement (BSEE),MISSING_SOURCE_ARTIFACT,Record derived from catalog metadata without packaged physical PDF/HTML artifact.,provenance.document_hash,0194893891713c81ece4d5772e7efc2b8b6127b8ec8ffab2b614c8dc5f242acc
P0,EVT-BSEE-0115,Bureau of Safety and Environmental Enforcement (BSEE),MISSING_SOURCE_ARTIFACT,Record derived from catalog metadata without packaged physical PDF/HTML artifact.,provenance.document_hash,7374bf04ddd0ad1fb19f8d3c5382d88d9cabeaca826750c0dceff38f42a12698
P0,EVT-BSEE-0116,Bureau of Safety and Environmental Enforcement (BSEE),MISSING_SOURCE_ARTIFACT,Record derived from catalog metadata without packaged physical PDF/HTML artifact.,provenance.document_hash,1c31c2c038160e8dc2b801e0ad5b0051013d03c0f0319a9ac5ebbee3278b77b5
P0,EVT-BSEE-0117,Bureau of Safety and Environmental Enforcement (BSEE),MISSING_SOURCE_ARTIFACT,Record derived from catalog metadata without packaged physical PDF/HTML artifact.,provenance.document_hash,4e4a6874b904735bbbaf5b8516a7a2bd3ddd754716f5cb0136921723742e35bd
P0,EVT-BSEE-0118,Bureau of Safety and Environmental Enforcement (BSEE),MISSING_SOURCE_ARTIFACT,Record derived from catalog metadata without packaged physical PDF/HTML artifact.,provenance.document_hash,f59a715bd1eee991f09324ce88cb1db4d99f7c4f73c7c62a60ea2509b0b31444
P0,EVT-BSEE-0119,Bureau of Safety and Environmental Enforcement (BSEE),MISSING_SOURCE_ARTIFACT,Record derived from catalog metadata without packaged physical PDF/HTML artifact.,provenance.document_hash,a2d86964aa8e04951823ef447a513985d358702cbc0464e8d252df273f35572a
P0,EVT-BSEE-0120,Bureau of Safety and Environmental Enforcement (BSEE),MISSING_SOURCE_ARTIFACT,Record derived from catalog metadata without packaged physical PDF/HTML artifact.,provenance.document_hash,964e7ac6bfdd65bc4f19399f233bcc9134ca3876e95777b774dd277b317d0bab
P0,EVT-BSEE-0121,Bureau of Safety and Environmental Enforcement (BSEE),MISSING_SOURCE_ARTIFACT,Record derived from catalog metadata without packaged physical PDF/HTML artifact.,provenance.document_hash,34dafc99166616f04809102b9cbf61f001edea226228b5bd6d2ffc5cf62334c8
P0,EVT-BSEE-0122,Bureau of Safety and Environmental Enforcement (BSEE),MISSING_SOURCE_ARTIFACT,Record derived from catalog metadata without packaged physical PDF/HTML artifact.,provenance.document_hash,2e706f81e6e7bb72e0b311c4860596f00b53748cb2da89a725d07593ebac0afa
P0,EVT-BSEE-0123,Bureau of Safety and Environmental Enforcement (BSEE),MISSING_SOURCE_ARTIFACT,Record derived from catalog metadata without packaged physical PDF/HTML artifact.,provenance.document_hash,18e5813ec74a7483a7ae95f23822a51954dc2b7c510a596a4b8e4fcaa5ca8e67
P0,EVT-BSEE-0124,Bureau of Safety and Environmental Enforcement (BSEE),MISSING_SOURCE_ARTIFACT,Record derived from catalog metadata without packaged physical PDF/HTML artifact.,provenance.document_hash,f2d7a6be31bc75943659829e8041838882b36927d882efc8e4fb71e2a3cf09ad
P0,EVT-BSEE-0125,Bureau of Safety and Environmental Enforcement (BSEE),MISSING_SOURCE_ARTIFACT,Record derived from catalog metadata without packaged physical PDF/HTML artifact.,provenance.document_hash,ddb102566c6bb0ea52ba39e050a135d04f1269cb475cf59698e9d5b41dfd8fa7
P0,EVT-BSEE-0126,Bureau of Safety and Environmental Enforcement (BSEE),MISSING_SOURCE_ARTIFACT,Record derived from catalog metadata without packaged physical PDF/HTML artifact.,provenance.document_hash,131c200c58a392376fcb74b55e318f8dcf0304c21f6cb42a09bd1c4f3b8922db
P0,EVT-BSEE-0127,Bureau of Safety and Environmental Enforcement (BSEE),MISSING_SOURCE_ARTIFACT,Record derived from catalog metadata without packaged physical PDF/HTML artifact.,provenance.document_hash,4c3a3800ac5ce3294da7d89cfe38e1f53cde9e9469107f883fa87d083ee639f2
P0,EVT-BSEE-0128,Bureau of Safety and Environmental Enforcement (BSEE),MISSING_SOURCE_ARTIFACT,Record derived from catalog metadata without packaged physical PDF/HTML artifact.,provenance.document_hash,3ccf38e52315a05a94980140dac5a6ce427ffce2d6f799544aa508235c7ae183
P0,EVT-BSEE-0129,Bureau of Safety and Environmental Enforcement (BSEE),MISSING_SOURCE_ARTIFACT,Record derived from catalog metadata without packaged physical PDF/HTML artifact.,provenance.document_hash,d51e8d93f35175b65e930e7d6c406ec7457703781c9271c768f848bfdb71fc21
P0,EVT-BSEE-0130,Bureau of Safety and Environmental Enforcement (BSEE),MISSING_SOURCE_ARTIFACT,Record derived from catalog metadata without packaged physical PDF/HTML artifact.,provenance.document_hash,210ee31f345eb42116177be4f701131a7a3850109b6fc21dafdba1e1a3b19244
P0,EVT-BSEE-0131,Bureau of Safety and Environmental Enforcement (BSEE),MISSING_SOURCE_ARTIFACT,Record derived from catalog metadata without packaged physical PDF/HTML artifact.,provenance.document_hash,da639e9907031254df5f4271e20f1b8ae014e25738f7bebe841a94fc1ff820c6
P0,EVT-BSEE-0132,Bureau of Safety and Environmental Enforcement (BSEE),MISSING_SOURCE_ARTIFACT,Record derived from catalog metadata without packaged physical PDF/HTML artifact.,provenance.document_hash,771e44466096512f152026abeae809f8ca80c8cd5ce2f06a8ebee7f82e542424
P0,EVT-BSEE-0133,Bureau of Safety and Environmental Enforcement (BSEE),MISSING_SOURCE_ARTIFACT,Record derived from catalog metadata without packaged physical PDF/HTML artifact.,provenance.document_hash,d473a48ee7f43f965aab51fbe0c70582d91022625a72b291bf6ff69b46aed3ed
P0,EVT-BSEE-0134,Bureau of Safety and Environmental Enforcement (BSEE),MISSING_SOURCE_ARTIFACT,Record derived from catalog metadata without packaged physical PDF/HTML artifact.,provenance.document_hash,0557b3f5ed10b89e03a6ecacb3aa3f65e419a44faaca891713275ef9893bf5fc
P0,EVT-BSEE-0135,Bureau of Safety and Environmental Enforcement (BSEE),MISSING_SOURCE_ARTIFACT,Record derived from catalog metadata without packaged physical PDF/HTML artifact.,provenance.document_hash,6ac2c5d516794fdd5747bf0191e30a07312d0e131e71b7704dbadc4a5c05548c
P0,EVT-BSEE-0136,Bureau of Safety and Environmental Enforcement (BSEE),MISSING_SOURCE_ARTIFACT,Record derived from catalog metadata without packaged physical PDF/HTML artifact.,provenance.document_hash,f7efd4d64eb35a8534f6262b1f0d91337ac0c3dc01511aa940c1b5fef629f6c5
P0,EVT-BSEE-0137,Bureau of Safety and Environmental Enforcement (BSEE),MISSING_SOURCE_ARTIFACT,Record derived from catalog metadata without packaged physical PDF/HTML artifact.,provenance.document_hash,8822536900b62e7688de24e4eeadf87f343808f73c9b6011d33a12a57aa64856
P0,EVT-BSEE-0138,Bureau of Safety and Environmental Enforcement (BSEE),MISSING_SOURCE_ARTIFACT,Record derived from catalog metadata without packaged physical PDF/HTML artifact.,provenance.document_hash,89068fca088560429b1354deb07ae309de74a9265de1256dea399195474fe257
P0,EVT-BSEE-0139,Bureau of Safety and Environmental Enforcement (BSEE),MISSING_SOURCE_ARTIFACT,Record derived from catalog metadata without packaged physical PDF/HTML artifact.,provenance.document_hash,921b5f1c0ebab8b6c7e3ee6b325485de2fc8c74860671dc0dd250eca3cfa98fd
P0,EVT-BSEE-0140,Bureau of Safety and Environmental Enforcement (BSEE),MISSING_SOURCE_ARTIFACT,Record derived from catalog metadata without packaged physical PDF/HTML artifact.,provenance.document_hash,b2c0f9476ec629ef293142c292dec9e7fb2326642398dcb3a8a13df1a78ebeff
P0,EVT-BSEE-0141,Bureau of Safety and Environmental Enforcement (BSEE),MISSING_SOURCE_ARTIFACT,Record derived from catalog metadata without packaged physical PDF/HTML artifact.,provenance.document_hash,1dbafbac1e9aedd76898f202f1a74481dc9d30cb76f20e27321cc45de3996ed4
P0,EVT-BSEE-0142,Bureau of Safety and Environmental Enforcement (BSEE),MISSING_SOURCE_ARTIFACT,Record derived from catalog metadata without packaged physical PDF/HTML artifact.,provenance.document_hash,9b088142f365bc66ca31072b2940478b5e9f2417ae8a24bf1b5f585023e28736
P0,EVT-BSEE-0143,Bureau of Safety and Environmental Enforcement (BSEE),MISSING_SOURCE_ARTIFACT,Record derived from catalog metadata without packaged physical PDF/HTML artifact.,provenance.document_hash,e502ca5a9c3ba346e000c3b0b4b7efdbd14782eb9801d70c990b8361299d3525
P0,EVT-BSEE-0144,Bureau of Safety and Environmental Enforcement (BSEE),MISSING_SOURCE_ARTIFACT,Record derived from catalog metadata without packaged physical PDF/HTML artifact.,provenance.document_hash,661a18f3a78003d06cfe2b44cabe287379d997b831a2f466e5129b36ff358e66
P0,EVT-BSEE-0145,Bureau of Safety and Environmental Enforcement (BSEE),MISSING_SOURCE_ARTIFACT,Record derived from catalog metadata without packaged physical PDF/HTML artifact.,provenance.document_hash,d6158afa47b53f39030f089c300938a69580697d8c635f82aa1239b6f4370f87
P0,EVT-BSEE-0146,Bureau of Safety and Environmental Enforcement (BSEE),MISSING_SOURCE_ARTIFACT,Record derived from catalog metadata without packaged physical PDF/HTML artifact.,provenance.document_hash,3516f8c7cdd144e43d946735bae365a7aaf1c128aee8a0a0946a1201e36ade56
P0,EVT-BSEE-0147,Bureau of Safety and Environmental Enforcement (BSEE),MISSING_SOURCE_ARTIFACT,Record derived from catalog metadata without packaged physical PDF/HTML artifact.,provenance.document_hash,048473aed70dc5ca47f6d5f4f10dbe99cc80c8016ac5550992b00eeb1d37d918
P0,EVT-BSEE-0148,Bureau of Safety and Environmental Enforcement (BSEE),MISSING_SOURCE_ARTIFACT,Record derived from catalog metadata without packaged physical PDF/HTML artifact.,provenance.document_hash,e4229fb47af93a25bf40414861d4d803c6e89c6815c82c0a9297d794f6ad4ff3
P0,EVT-BSEE-0149,Bureau of Safety and Environmental Enforcement (BSEE),MISSING_SOURCE_ARTIFACT,Record derived from catalog metadata without packaged physical PDF/HTML artifact.,provenance.document_hash,1e4915431b0e3adc73b76d9327ee9c2cf8fd3ed27275aa6e5e40fdd0a506cab8
P0,EVT-BSEE-0150,Bureau of Safety and Environmental Enforcement (BSEE),MISSING_SOURCE_ARTIFACT,Record derived from catalog metadata without packaged physical PDF/HTML artifact.,provenance.document_hash,d97a188515852f970a04f39afccac586c5232ae9e538ee68d29e47d082782d9a
P0,EVT-BSEE-0151,Bureau of Safety and Environmental Enforcement (BSEE),MISSING_SOURCE_ARTIFACT,Record derived from catalog metadata without packaged physical PDF/HTML artifact.,provenance.document_hash,d693a8bc19d12dbcbb55bc7ca6c382655d282951007b4fd4c7acd043dcee052c
P0,EVT-BSEE-0152,Bureau of Safety and Environmental Enforcement (BSEE),MISSING_SOURCE_ARTIFACT,Record derived from catalog metadata without packaged physical PDF/HTML artifact.,provenance.document_hash,862a7318fad14e2f97fa6d9bfb796700ab9f7a46082a183ab4bbf94e015e8165
P0,EVT-BSEE-0153,Bureau of Safety and Environmental Enforcement (BSEE),MISSING_SOURCE_ARTIFACT,Record derived from catalog metadata without packaged physical PDF/HTML artifact.,provenance.document_hash,cce58881b7f86406e928a7142bb952876198b21ef95bc76cf36641b5109fecf8
P0,EVT-BSEE-0154,Bureau of Safety and Environmental Enforcement (BSEE),MISSING_SOURCE_ARTIFACT,Record derived from catalog metadata without packaged physical PDF/HTML artifact.,provenance.document_hash,e03d66632e9c7dab5f9836605c5de3c1b07dac8fd75f3650e65b7a34ea39bd6e
P0,EVT-BSEE-0155,Bureau of Safety and Environmental Enforcement (BSEE),MISSING_SOURCE_ARTIFACT,Record derived from catalog metadata without packaged physical PDF/HTML artifact.,provenance.document_hash,6d28aba3d233cd3ac5ceb21c591622d54393df7a23a2a9e76b193e6c3cdd7fbb
P0,EVT-BSEE-0156,Bureau of Safety and Environmental Enforcement (BSEE),MISSING_SOURCE_ARTIFACT,Record derived from catalog metadata without packaged physical PDF/HTML artifact.,provenance.document_hash,f5ecbedf1d95ceda096fd9e8952d90c4726345799119f1ec06c8d0bd7f6b5c53
P0,EVT-BSEE-0157,Bureau of Safety and Environmental Enforcement (BSEE),MISSING_SOURCE_ARTIFACT,Record derived from catalog metadata without packaged physical PDF/HTML artifact.,provenance.document_hash,fbfd245b0cd875a6607b662ecf39091fcd2a9c273141f64961f7651d87a267d9
P0,EVT-BSEE-0158,Bureau of Safety and Environmental Enforcement (BSEE),MISSING_SOURCE_ARTIFACT,Record derived from catalog metadata without packaged physical PDF/HTML artifact.,provenance.document_hash,e1479e28e7ebea64ec41b51e1b2d1d80d5edcb6da51cd26ce51f0ff909c9df6d
P0,EVT-BSEE-0159,Bureau of Safety and Environmental Enforcement (BSEE),MISSING_SOURCE_ARTIFACT,Record derived from catalog metadata without packaged physical PDF/HTML artifact.,provenance.document_hash,94670ae75701a872ea269b31098d9b45348fdffe4272fe57fa088e2bbd2a69c0
P0,EVT-BSEE-0160,Bureau of Safety and Environmental Enforcement (BSEE),MISSING_SOURCE_ARTIFACT,Record derived from catalog metadata without packaged physical PDF/HTML artifact.,provenance.document_hash,0d406ae4cd53d0fb6b203fc1b8a1a4602773a4f65a4dc847a2d8462edff7c962
P0,EVT-BSEE-0161,Bureau of Safety and Environmental Enforcement (BSEE),MISSING_SOURCE_ARTIFACT,Record derived from catalog metadata without packaged physical PDF/HTML artifact.,provenance.document_hash,718a598a1387bc75f95e02c1402ad94d19ffd2d24f80a3cc7ef6bc577c1a321a
P0,EVT-BSEE-0162,Bureau of Safety and Environmental Enforcement (BSEE),MISSING_SOURCE_ARTIFACT,Record derived from catalog metadata without packaged physical PDF/HTML artifact.,provenance.document_hash,4c313afbff5146460f07cdfddc0baee95e8c4669b6518eca0180795029aa0801
P0,EVT-BSEE-0163,Bureau of Safety and Environmental Enforcement (BSEE),MISSING_SOURCE_ARTIFACT,Record derived from catalog metadata without packaged physical PDF/HTML artifact.,provenance.document_hash,42d74b7f1f35644b6f8c5d7b27a69d104a8f715cf16811fbcf6f5abe349d127a
P0,EVT-BSEE-0164,Bureau of Safety and Environmental Enforcement (BSEE),MISSING_SOURCE_ARTIFACT,Record derived from catalog metadata without packaged physical PDF/HTML artifact.,provenance.document_hash,4a8ee7247f80203538808f68ba261e36139d99fb685b30c39de05f72d7bccd4d
P0,EVT-BSEE-0165,Bureau of Safety and Environmental Enforcement (BSEE),MISSING_SOURCE_ARTIFACT,Record derived from catalog metadata without packaged physical PDF/HTML artifact.,provenance.document_hash,4db1b8d13c96fdbb55a9197f00b4d075cfdc2d692875662b1e36c6ddd07e5a2a
P0,EVT-BSEE-0166,Bureau of Safety and Environmental Enforcement (BSEE),MISSING_SOURCE_ARTIFACT,Record derived from catalog metadata without packaged physical PDF/HTML artifact.,provenance.document_hash,50f2e67d29b445250876bb9b1ea1fbbe5bc3606337ebb91f409ea036f2fbe457
P1,EVT-BSEE-0167,Bureau of Safety and Environmental Enforcement (BSEE),SIF_LABEL_AMBIGUITY,Insufficient text evidence to determine SIF potential; marked UNKNOWN.,sif.sif_potential,UNKNOWN
P1,EVT-BSEE-0168,Bureau of Safety and Environmental Enforcement (BSEE),SIF_LABEL_AMBIGUITY,Insufficient text evidence to determine SIF potential; marked UNKNOWN.,sif.sif_potential,UNKNOWN
P0,EVT-BSEE-0169,Bureau of Safety and Environmental Enforcement (BSEE),MISSING_SOURCE_ARTIFACT,Record derived from catalog metadata without packaged physical PDF/HTML artifact.,provenance.document_hash,8c5e25cd8f69a86296648f5da2271233bf138fcc32bb51a24f4bd01a591db0c3
P2,EVT-BSEE-0170,Bureau of Safety and Environmental Enforcement (BSEE),BARRIER_ABSENT_IN_TEXT,Narrative lacks explicit mention of physical or engineered barrier status.,barriers,EMPTY
P1,EVT-BSEE-0171,Bureau of Safety and Environmental Enforcement (BSEE),SIF_LABEL_AMBIGUITY,Insufficient text evidence to determine SIF potential; marked UNKNOWN.,sif.sif_potential,UNKNOWN
P1,EVT-BSEE-0172,Bureau of Safety and Environmental Enforcement (BSEE),SIF_LABEL_AMBIGUITY,Insufficient text evidence to determine SIF potential; marked UNKNOWN.,sif.sif_potential,UNKNOWN
P0,EVT-BSEE-0173,Bureau of Safety and Environmental Enforcement (BSEE),MISSING_SOURCE_ARTIFACT,Record derived from catalog metadata without packaged physical PDF/HTML artifact.,provenance.document_hash,61ef49cb387952638ba4dae56a45117cc001999c87ea7ff71b040adb30031669
P0,EVT-BSEE-0174,Bureau of Safety and Environmental Enforcement (BSEE),MISSING_SOURCE_ARTIFACT,Record derived from catalog metadata without packaged physical PDF/HTML artifact.,provenance.document_hash,fb70de928785cbf5b2f1afdf95f2f84466e6e7753ddc1c14f015b7628a2c19ce
P1,EVT-BSEE-0176,Bureau of Safety and Environmental Enforcement (BSEE),SIF_LABEL_AMBIGUITY,Insufficient text evidence to determine SIF potential; marked UNKNOWN.,sif.sif_potential,UNKNOWN
P1,EVT-BSEE-0177,Bureau of Safety and Environmental Enforcement (BSEE),SIF_LABEL_AMBIGUITY,Insufficient text evidence to determine SIF potential; marked UNKNOWN.,sif.sif_potential,UNKNOWN
P1,EVT-BSEE-0178,Bureau of Safety and Environmental Enforcement (BSEE),SIF_LABEL_AMBIGUITY,Insufficient text evidence to determine SIF potential; marked UNKNOWN.,sif.sif_potential,UNKNOWN
P1,EVT-BSEE-0179,Bureau of Safety and Environmental Enforcement (BSEE),SIF_LABEL_AMBIGUITY,Insufficient text evidence to determine SIF potential; marked UNKNOWN.,sif.sif_potential,UNKNOWN
P2,EVT-BSEE-0180,Bureau of Safety and Environmental Enforcement (BSEE),BARRIER_ABSENT_IN_TEXT,Narrative lacks explicit mention of physical or engineered barrier status.,barriers,EMPTY
P1,EVT-BSEE-0181,Bureau of Safety and Environmental Enforcement (BSEE),SIF_LABEL_AMBIGUITY,Insufficient text evidence to determine SIF potential; marked UNKNOWN.,sif.sif_potential,UNKNOWN
P1,EVT-BSEE-0182,Bureau of Safety and Environmental Enforcement (BSEE),SIF_LABEL_AMBIGUITY,Insufficient text evidence to determine SIF potential; marked UNKNOWN.,sif.sif_potential,UNKNOWN
P1,EVT-BSEE-0183,Bureau of Safety and Environmental Enforcement (BSEE),SIF_LABEL_AMBIGUITY,Insufficient text evidence to determine SIF potential; marked UNKNOWN.,sif.sif_potential,UNKNOWN
P1,EVT-BSEE-0184,Bureau of Safety and Environmental Enforcement (BSEE),SIF_LABEL_AMBIGUITY,Insufficient text evidence to determine SIF potential; marked UNKNOWN.,sif.sif_potential,UNKNOWN
P1,EVT-BSEE-0185,Bureau of Safety and Environmental Enforcement (BSEE),SIF_LABEL_AMBIGUITY,Insufficient text evidence to determine SIF potential; marked UNKNOWN.,sif.sif_potential,UNKNOWN
P1,EVT-BSEE-0186,Bureau of Safety and Environmental Enforcement (BSEE),SIF_LABEL_AMBIGUITY,Insufficient text evidence to determine SIF potential; marked UNKNOWN.,sif.sif_potential,UNKNOWN
P1,EVT-BSEE-0187,Bureau of Safety and Environmental Enforcement (BSEE),SIF_LABEL_AMBIGUITY,Insufficient text evidence to determine SIF potential; marked UNKNOWN.,sif.sif_potential,UNKNOWN
P1,EVT-BSEE-0188,Bureau of Safety and Environmental Enforcement (BSEE),SIF_LABEL_AMBIGUITY,Insufficient text evidence to determine SIF potential; marked UNKNOWN.,sif.sif_potential,UNKNOWN
P2,EVT-BSEE-0190,Bureau of Safety and Environmental Enforcement (BSEE),BARRIER_ABSENT_IN_TEXT,Narrative lacks explicit mention of physical or engineered barrier status.,barriers,EMPTY
P2,EVT-BSEE-0191,Bureau of Safety and Environmental Enforcement (BSEE),BARRIER_ABSENT_IN_TEXT,Narrative lacks explicit mention of physical or engineered barrier status.,barriers,EMPTY
P1,EVT-BSEE-0193,Bureau of Safety and Environmental Enforcement (BSEE),SIF_LABEL_AMBIGUITY,Insufficient text evidence to determine SIF potential; marked UNKNOWN.,sif.sif_potential,UNKNOWN
P1,EVT-BSEE-0194,Bureau of Safety and Environmental Enforcement (BSEE),SIF_LABEL_AMBIGUITY,Insufficient text evidence to determine SIF potential; marked UNKNOWN.,sif.sif_potential,UNKNOWN
P2,EVT-BSEE-0195,Bureau of Safety and Environmental Enforcement (BSEE),BARRIER_ABSENT_IN_TEXT,Narrative lacks explicit mention of physical or engineered barrier status.,barriers,EMPTY
P1,EVT-BSEE-0196,Bureau of Safety and Environmental Enforcement (BSEE),SIF_LABEL_AMBIGUITY,Insufficient text evidence to determine SIF potential; marked UNKNOWN.,sif.sif_potential,UNKNOWN
P1,EVT-BSEE-0197,Bureau of Safety and Environmental Enforcement (BSEE),SIF_LABEL_AMBIGUITY,Insufficient text evidence to determine SIF potential; marked UNKNOWN.,sif.sif_potential,UNKNOWN
P1,EVT-BSEE-0198,Bureau of Safety and Environmental Enforcement (BSEE),SIF_LABEL_AMBIGUITY,Insufficient text evidence to determine SIF potential; marked UNKNOWN.,sif.sif_potential,UNKNOWN
P1,EVT-BSEE-0199,Bureau of Safety and Environmental Enforcement (BSEE),SIF_LABEL_AMBIGUITY,Insufficient text evidence to determine SIF potential; marked UNKNOWN.,sif.sif_potential,UNKNOWN
P1,EVT-BSEE-0200,Bureau of Safety and Environmental Enforcement (BSEE),SIF_LABEL_AMBIGUITY,Insufficient text evidence to determine SIF potential; marked UNKNOWN.,sif.sif_potential,UNKNOWN
P1,EVT-BSEE-0201,Bureau of Safety and Environmental Enforcement (BSEE),SIF_LABEL_AMBIGUITY,Insufficient text evidence to determine SIF potential; marked UNKNOWN.,sif.sif_potential,UNKNOWN
P2,EVT-BSEE-0203,Bureau of Safety and Environmental Enforcement (BSEE),BARRIER_ABSENT_IN_TEXT,Narrative lacks explicit mention of physical or engineered barrier status.,barriers,EMPTY
P2,EVT-BSEE-0204,Bureau of Safety and Environmental Enforcement (BSEE),BARRIER_ABSENT_IN_TEXT,Narrative lacks explicit mention of physical or engineered barrier status.,barriers,EMPTY
P1,EVT-BSEE-0205,Bureau of Safety and Environmental Enforcement (BSEE),SIF_LABEL_AMBIGUITY,Insufficient text evidence to determine SIF potential; marked UNKNOWN.,sif.sif_potential,UNKNOWN
P1,EVT-BSEE-0206,Bureau of Safety and Environmental Enforcement (BSEE),SIF_LABEL_AMBIGUITY,Insufficient text evidence to determine SIF potential; marked UNKNOWN.,sif.sif_potential,UNKNOWN
P1,EVT-BSEE-0207,Bureau of Safety and Environmental Enforcement (BSEE),SIF_LABEL_AMBIGUITY,Insufficient text evidence to determine SIF potential; marked UNKNOWN.,sif.sif_potential,UNKNOWN
P1,EVT-BSEE-0208,Bureau of Safety and Environmental Enforcement (BSEE),SIF_LABEL_AMBIGUITY,Insufficient text evidence to determine SIF potential; marked UNKNOWN.,sif.sif_potential,UNKNOWN
P1,EVT-BSEE-0209,Bureau of Safety and Environmental Enforcement (BSEE),SIF_LABEL_AMBIGUITY,Insufficient text evidence to determine SIF potential; marked UNKNOWN.,sif.sif_potential,UNKNOWN
P1,EVT-BSEE-0210,Bureau of Safety and Environmental Enforcement (BSEE),SIF_LABEL_AMBIGUITY,Insufficient text evidence to determine SIF potential; marked UNKNOWN.,sif.sif_potential,UNKNOWN
P1,EVT-BSEE-0213,Bureau of Safety and Environmental Enforcement (BSEE),SIF_LABEL_AMBIGUITY,Insufficient text evidence to determine SIF potential; marked UNKNOWN.,sif.sif_potential,UNKNOWN
P1,EVT-BSEE-0214,Bureau of Safety and Environmental Enforcement (BSEE),SIF_LABEL_AMBIGUITY,Insufficient text evidence to determine SIF potential; marked UNKNOWN.,sif.sif_potential,UNKNOWN
P1,EVT-BSEE-0216,Bureau of Safety and Environmental Enforcement (BSEE),SIF_LABEL_AMBIGUITY,Insufficient text evidence to determine SIF potential; marked UNKNOWN.,sif.sif_potential,UNKNOWN
P1,EVT-BSEE-0218,Bureau of Safety and Environmental Enforcement (BSEE),SIF_LABEL_AMBIGUITY,Insufficient text evidence to determine SIF potential; marked UNKNOWN.,sif.sif_potential,UNKNOWN
P1,EVT-BSEE-0220,Bureau of Safety and Environmental Enforcement (BSEE),SIF_LABEL_AMBIGUITY,Insufficient text evidence to determine SIF potential; marked UNKNOWN.,sif.sif_potential,UNKNOWN
P2,EVT-BSEE-0221,Bureau of Safety and Environmental Enforcement (BSEE),BARRIER_ABSENT_IN_TEXT,Narrative lacks explicit mention of physical or engineered barrier status.,barriers,EMPTY
P1,EVT-BSEE-0222,Bureau of Safety and Environmental Enforcement (BSEE),SIF_LABEL_AMBIGUITY,Insufficient text evidence to determine SIF potential; marked UNKNOWN.,sif.sif_potential,UNKNOWN
P1,EVT-BSEE-0223,Bureau of Safety and Environmental Enforcement (BSEE),SIF_LABEL_AMBIGUITY,Insufficient text evidence to determine SIF potential; marked UNKNOWN.,sif.sif_potential,UNKNOWN
P1,EVT-BSEE-0224,Bureau of Safety and Environmental Enforcement (BSEE),SIF_LABEL_AMBIGUITY,Insufficient text evidence to determine SIF potential; marked UNKNOWN.,sif.sif_potential,UNKNOWN
P2,EVT-BSEE-0226,Bureau of Safety and Environmental Enforcement (BSEE),BARRIER_ABSENT_IN_TEXT,Narrative lacks explicit mention of physical or engineered barrier status.,barriers,EMPTY
P1,EVT-BSEE-0229,Bureau of Safety and Environmental Enforcement (BSEE),SIF_LABEL_AMBIGUITY,Insufficient text evidence to determine SIF potential; marked UNKNOWN.,sif.sif_potential,UNKNOWN
P1,EVT-BSEE-0230,Bureau of Safety and Environmental Enforcement (BSEE),SIF_LABEL_AMBIGUITY,Insufficient text evidence to determine SIF potential; marked UNKNOWN.,sif.sif_potential,UNKNOWN
P1,EVT-BSEE-0232,Bureau of Safety and Environmental Enforcement (BSEE),SIF_LABEL_AMBIGUITY,Insufficient text evidence to determine SIF potential; marked UNKNOWN.,sif.sif_potential,UNKNOWN
P1,EVT-BSEE-0233,Bureau of Safety and Environmental Enforcement (BSEE),SIF_LABEL_AMBIGUITY,Insufficient text evidence to determine SIF potential; marked UNKNOWN.,sif.sif_potential,UNKNOWN
P2,EVT-BSEE-0235,Bureau of Safety and Environmental Enforcement (BSEE),BARRIER_ABSENT_IN_TEXT,Narrative lacks explicit mention of physical or engineered barrier status.,barriers,EMPTY
P1,EVT-BSEE-0237,Bureau of Safety and Environmental Enforcement (BSEE),SIF_LABEL_AMBIGUITY,Insufficient text evidence to determine SIF potential; marked UNKNOWN.,sif.sif_potential,UNKNOWN
P1,EVT-BSEE-0238,Bureau of Safety and Environmental Enforcement (BSEE),SIF_LABEL_AMBIGUITY,Insufficient text evidence to determine SIF potential; marked UNKNOWN.,sif.sif_potential,UNKNOWN
P2,EVT-BSEE-0240,Bureau of Safety and Environmental Enforcement (BSEE),BARRIER_ABSENT_IN_TEXT,Narrative lacks explicit mention of physical or engineered barrier status.,barriers,EMPTY
P1,EVT-BSEE-0241,Bureau of Safety and Environmental Enforcement (BSEE),SIF_LABEL_AMBIGUITY,Insufficient text evidence to determine SIF potential; marked UNKNOWN.,sif.sif_potential,UNKNOWN
P2,EVT-BSEE-0242,Bureau of Safety and Environmental Enforcement (BSEE),BARRIER_ABSENT_IN_TEXT,Narrative lacks explicit mention of physical or engineered barrier status.,barriers,EMPTY
P2,EVT-BSEE-0243,Bureau of Safety and Environmental Enforcement (BSEE),BARRIER_ABSENT_IN_TEXT,Narrative lacks explicit mention of physical or engineered barrier status.,barriers,EMPTY
P2,EVT-BSEE-0244,Bureau of Safety and Environmental Enforcement (BSEE),BARRIER_ABSENT_IN_TEXT,Narrative lacks explicit mention of physical or engineered barrier status.,barriers,EMPTY
P1,EVT-BSEE-0245,Bureau of Safety and Environmental Enforcement (BSEE),SIF_LABEL_AMBIGUITY,Insufficient text evidence to determine SIF potential; marked UNKNOWN.,sif.sif_potential,UNKNOWN
P1,EVT-BSEE-0246,Bureau of Safety and Environmental Enforcement (BSEE),SIF_LABEL_AMBIGUITY,Insufficient text evidence to determine SIF potential; marked UNKNOWN.,sif.sif_potential,UNKNOWN
P1,EVT-BSEE-0247,Bureau of Safety and Environmental Enforcement (BSEE),SIF_LABEL_AMBIGUITY,Insufficient text evidence to determine SIF potential; marked UNKNOWN.,sif.sif_potential,UNKNOWN
P1,EVT-BSEE-0248,Bureau of Safety and Environmental Enforcement (BSEE),SIF_LABEL_AMBIGUITY,Insufficient text evidence to determine SIF potential; marked UNKNOWN.,sif.sif_potential,UNKNOWN
P2,EVT-BSEE-0249,Bureau of Safety and Environmental Enforcement (BSEE),BARRIER_ABSENT_IN_TEXT,Narrative lacks explicit mention of physical or engineered barrier status.,barriers,EMPTY
P1,EVT-BSEE-0250,Bureau of Safety and Environmental Enforcement (BSEE),SIF_LABEL_AMBIGUITY,Insufficient text evidence to determine SIF potential; marked UNKNOWN.,sif.sif_potential,UNKNOWN
P1,EVT-BSEE-0251,Bureau of Safety and Environmental Enforcement (BSEE),SIF_LABEL_AMBIGUITY,Insufficient text evidence to determine SIF potential; marked UNKNOWN.,sif.sif_potential,UNKNOWN
P2,EVT-BSEE-0252,Bureau of Safety and Environmental Enforcement (BSEE),BARRIER_ABSENT_IN_TEXT,Narrative lacks explicit mention of physical or engineered barrier status.,barriers,EMPTY
P1,EVT-BSEE-0253,Bureau of Safety and Environmental Enforcement (BSEE),SIF_LABEL_AMBIGUITY,Insufficient text evidence to determine SIF potential; marked UNKNOWN.,sif.sif_potential,UNKNOWN
P1,EVT-BSEE-0254,Bureau of Safety and Environmental Enforcement (BSEE),SIF_LABEL_AMBIGUITY,Insufficient text evidence to determine SIF potential; marked UNKNOWN.,sif.sif_potential,UNKNOWN
P1,EVT-BSEE-0256,Bureau of Safety and Environmental Enforcement (BSEE),SIF_LABEL_AMBIGUITY,Insufficient text evidence to determine SIF potential; marked UNKNOWN.,sif.sif_potential,UNKNOWN
P2,EVT-BSEE-0258,Bureau of Safety and Environmental Enforcement (BSEE),BARRIER_ABSENT_IN_TEXT,Narrative lacks explicit mention of physical or engineered barrier status.,barriers,EMPTY
P1,EVT-BSEE-0259,Bureau of Safety and Environmental Enforcement (BSEE),SIF_LABEL_AMBIGUITY,Insufficient text evidence to determine SIF potential; marked UNKNOWN.,sif.sif_potential,UNKNOWN
P2,EVT-BSEE-0261,Bureau of Safety and Environmental Enforcement (BSEE),BARRIER_ABSENT_IN_TEXT,Narrative lacks explicit mention of physical or engineered barrier status.,barriers,EMPTY
P1,EVT-BSEE-0262,Bureau of Safety and Environmental Enforcement (BSEE),SIF_LABEL_AMBIGUITY,Insufficient text evidence to determine SIF potential; marked UNKNOWN.,sif.sif_potential,UNKNOWN
P2,EVT-BSEE-0263,Bureau of Safety and Environmental Enforcement (BSEE),BARRIER_ABSENT_IN_TEXT,Narrative lacks explicit mention of physical or engineered barrier status.,barriers,EMPTY
P1,EVT-BSEE-0264,Bureau of Safety and Environmental Enforcement (BSEE),SIF_LABEL_AMBIGUITY,Insufficient text evidence to determine SIF potential; marked UNKNOWN.,sif.sif_potential,UNKNOWN
P2,EVT-BSEE-0265,Bureau of Safety and Environmental Enforcement (BSEE),BARRIER_ABSENT_IN_TEXT,Narrative lacks explicit mention of physical or engineered barrier status.,barriers,EMPTY
P1,EVT-BSEE-0266,Bureau of Safety and Environmental Enforcement (BSEE),SIF_LABEL_AMBIGUITY,Insufficient text evidence to determine SIF potential; marked UNKNOWN.,sif.sif_potential,UNKNOWN
P1,EVT-BSEE-0267,Bureau of Safety and Environmental Enforcement (BSEE),SIF_LABEL_AMBIGUITY,Insufficient text evidence to determine SIF potential; marked UNKNOWN.,sif.sif_potential,UNKNOWN
P2,EVT-BSEE-0268,Bureau of Safety and Environmental Enforcement (BSEE),BARRIER_ABSENT_IN_TEXT,Narrative lacks explicit mention of physical or engineered barrier status.,barriers,EMPTY
P1,EVT-BSEE-0269,Bureau of Safety and Environmental Enforcement (BSEE),SIF_LABEL_AMBIGUITY,Insufficient text evidence to determine SIF potential; marked UNKNOWN.,sif.sif_potential,UNKNOWN
P1,EVT-BSEE-0272,Bureau of Safety and Environmental Enforcement (BSEE),SIF_LABEL_AMBIGUITY,Insufficient text evidence to determine SIF potential; marked UNKNOWN.,sif.sif_potential,UNKNOWN
P2,EVT-BSEE-0274,Bureau of Safety and Environmental Enforcement (BSEE),BARRIER_ABSENT_IN_TEXT,Narrative lacks explicit mention of physical or engineered barrier status.,barriers,EMPTY
P1,EVT-BSEE-0275,Bureau of Safety and Environmental Enforcement (BSEE),SIF_LABEL_AMBIGUITY,Insufficient text evidence to determine SIF potential; marked UNKNOWN.,sif.sif_potential,UNKNOWN
P0,EVT-BSEE-0276,Bureau of Safety and Environmental Enforcement (BSEE),MISSING_SOURCE_ARTIFACT,Record derived from catalog metadata without packaged physical PDF/HTML artifact.,provenance.document_hash,3cf4f7ad94d0c774ac845f9eb9fef558b7e457b517b1e82157d12a00eadbf62e
P0,EVT-BSEE-0277,Bureau of Safety and Environmental Enforcement (BSEE),MISSING_SOURCE_ARTIFACT,Record derived from catalog metadata without packaged physical PDF/HTML artifact.,provenance.document_hash,515e1dd4dcf4402078c5fa6fc07cfbf9e8fbe788262494d42488fd20860bf5c5
P2,EVT-BSEE-0279,Bureau of Safety and Environmental Enforcement (BSEE),BARRIER_ABSENT_IN_TEXT,Narrative lacks explicit mention of physical or engineered barrier status.,barriers,EMPTY
P1,EVT-BSEE-0280,Bureau of Safety and Environmental Enforcement (BSEE),SIF_LABEL_AMBIGUITY,Insufficient text evidence to determine SIF potential; marked UNKNOWN.,sif.sif_potential,UNKNOWN
P1,EVT-BSEE-0281,Bureau of Safety and Environmental Enforcement (BSEE),SIF_LABEL_AMBIGUITY,Insufficient text evidence to determine SIF potential; marked UNKNOWN.,sif.sif_potential,UNKNOWN
P1,EVT-BSEE-0283,Bureau of Safety and Environmental Enforcement (BSEE),SIF_LABEL_AMBIGUITY,Insufficient text evidence to determine SIF potential; marked UNKNOWN.,sif.sif_potential,UNKNOWN
P1,EVT-BSEE-0285,Bureau of Safety and Environmental Enforcement (BSEE),SIF_LABEL_AMBIGUITY,Insufficient text evidence to determine SIF potential; marked UNKNOWN.,sif.sif_potential,UNKNOWN
P1,EVT-BSEE-0286,Bureau of Safety and Environmental Enforcement (BSEE),SIF_LABEL_AMBIGUITY,Insufficient text evidence to determine SIF potential; marked UNKNOWN.,sif.sif_potential,UNKNOWN
P1,EVT-BSEE-0287,Bureau of Safety and Environmental Enforcement (BSEE),SIF_LABEL_AMBIGUITY,Insufficient text evidence to determine SIF potential; marked UNKNOWN.,sif.sif_potential,UNKNOWN
P0,EVT-BSEE-0289,Bureau of Safety and Environmental Enforcement (BSEE),MISSING_SOURCE_ARTIFACT,Record derived from catalog metadata without packaged physical PDF/HTML artifact.,provenance.document_hash,832616cd16175112d7e23ae54ea969ed64e9ced99605a8b5d0a6b51f62bdb9b5
P1,EVT-BSEE-0290,Bureau of Safety and Environmental Enforcement (BSEE),SIF_LABEL_AMBIGUITY,Insufficient text evidence to determine SIF potential; marked UNKNOWN.,sif.sif_potential,UNKNOWN
P1,EVT-BSEE-0291,Bureau of Safety and Environmental Enforcement (BSEE),SIF_LABEL_AMBIGUITY,Insufficient text evidence to determine SIF potential; marked UNKNOWN.,sif.sif_potential,UNKNOWN
P1,EVT-BSEE-0293,Bureau of Safety and Environmental Enforcement (BSEE),SIF_LABEL_AMBIGUITY,Insufficient text evidence to determine SIF potential; marked UNKNOWN.,sif.sif_potential,UNKNOWN
P1,EVT-BSEE-0295,Bureau of Safety and Environmental Enforcement (BSEE),SIF_LABEL_AMBIGUITY,Insufficient text evidence to determine SIF potential; marked UNKNOWN.,sif.sif_potential,UNKNOWN
P1,EVT-BSEE-0296,Bureau of Safety and Environmental Enforcement (BSEE),SIF_LABEL_AMBIGUITY,Insufficient text evidence to determine SIF potential; marked UNKNOWN.,sif.sif_potential,UNKNOWN
P1,EVT-BSEE-0297,Bureau of Safety and Environmental Enforcement (BSEE),SIF_LABEL_AMBIGUITY,Insufficient text evidence to determine SIF potential; marked UNKNOWN.,sif.sif_potential,UNKNOWN
P1,EVT-BSEE-0298,Bureau of Safety and Environmental Enforcement (BSEE),SIF_LABEL_AMBIGUITY,Insufficient text evidence to determine SIF potential; marked UNKNOWN.,sif.sif_potential,UNKNOWN
P1,EVT-BSEE-0300,Bureau of Safety and Environmental Enforcement (BSEE),SIF_LABEL_AMBIGUITY,Insufficient text evidence to determine SIF potential; marked UNKNOWN.,sif.sif_potential,UNKNOWN
P1,EVT-BSEE-0302,Bureau of Safety and Environmental Enforcement (BSEE),SIF_LABEL_AMBIGUITY,Insufficient text evidence to determine SIF potential; marked UNKNOWN.,sif.sif_potential,UNKNOWN
P2,EVT-BSEE-0303,Bureau of Safety and Environmental Enforcement (BSEE),BARRIER_ABSENT_IN_TEXT,Narrative lacks explicit mention of physical or engineered barrier status.,barriers,EMPTY
P0,EVT-BSEE-0306,Bureau of Safety and Environmental Enforcement (BSEE),MISSING_SOURCE_ARTIFACT,Record derived from catalog metadata without packaged physical PDF/HTML artifact.,provenance.document_hash,268ef12e4906f193c4f250458754a51a9eca3b5358f8412073b5adc3dddab1cb
P1,EVT-BSEE-0307,Bureau of Safety and Environmental Enforcement (BSEE),SIF_LABEL_AMBIGUITY,Insufficient text evidence to determine SIF potential; marked UNKNOWN.,sif.sif_potential,UNKNOWN
P1,EVT-BSEE-0308,Bureau of Safety and Environmental Enforcement (BSEE),SIF_LABEL_AMBIGUITY,Insufficient text evidence to determine SIF potential; marked UNKNOWN.,sif.sif_potential,UNKNOWN
P2,EVT-BSEE-0309,Bureau of Safety and Environmental Enforcement (BSEE),BARRIER_ABSENT_IN_TEXT,Narrative lacks explicit mention of physical or engineered barrier status.,barriers,EMPTY
P1,EVT-BSEE-0310,Bureau of Safety and Environmental Enforcement (BSEE),SIF_LABEL_AMBIGUITY,Insufficient text evidence to determine SIF potential; marked UNKNOWN.,sif.sif_potential,UNKNOWN
P1,EVT-BSEE-0311,Bureau of Safety and Environmental Enforcement (BSEE),SIF_LABEL_AMBIGUITY,Insufficient text evidence to determine SIF potential; marked UNKNOWN.,sif.sif_potential,UNKNOWN
P2,EVT-BSEE-0314,Bureau of Safety and Environmental Enforcement (BSEE),BARRIER_ABSENT_IN_TEXT,Narrative lacks explicit mention of physical or engineered barrier status.,barriers,EMPTY
P1,EVT-BSEE-0316,Bureau of Safety and Environmental Enforcement (BSEE),SIF_LABEL_AMBIGUITY,Insufficient text evidence to determine SIF potential; marked UNKNOWN.,sif.sif_potential,UNKNOWN
P2,EVT-BSEE-0317,Bureau of Safety and Environmental Enforcement (BSEE),BARRIER_ABSENT_IN_TEXT,Narrative lacks explicit mention of physical or engineered barrier status.,barriers,EMPTY
P1,EVT-BSEE-0318,Bureau of Safety and Environmental Enforcement (BSEE),SIF_LABEL_AMBIGUITY,Insufficient text evidence to determine SIF potential; marked UNKNOWN.,sif.sif_potential,UNKNOWN
P1,EVT-BSEE-0319,Bureau of Safety and Environmental Enforcement (BSEE),SIF_LABEL_AMBIGUITY,Insufficient text evidence to determine SIF potential; marked UNKNOWN.,sif.sif_potential,UNKNOWN
P1,EVT-BSEE-0320,Bureau of Safety and Environmental Enforcement (BSEE),SIF_LABEL_AMBIGUITY,Insufficient text evidence to determine SIF potential; marked UNKNOWN.,sif.sif_potential,UNKNOWN
P2,EVT-BSEE-0321,Bureau of Safety and Environmental Enforcement (BSEE),BARRIER_ABSENT_IN_TEXT,Narrative lacks explicit mention of physical or engineered barrier status.,barriers,EMPTY
P1,EVT-BSEE-0322,Bureau of Safety and Environmental Enforcement (BSEE),SIF_LABEL_AMBIGUITY,Insufficient text evidence to determine SIF potential; marked UNKNOWN.,sif.sif_potential,UNKNOWN
P1,EVT-BSEE-0323,Bureau of Safety and Environmental Enforcement (BSEE),SIF_LABEL_AMBIGUITY,Insufficient text evidence to determine SIF potential; marked UNKNOWN.,sif.sif_potential,UNKNOWN
P2,EVT-BSEE-0324,Bureau of Safety and Environmental Enforcement (BSEE),BARRIER_ABSENT_IN_TEXT,Narrative lacks explicit mention of physical or engineered barrier status.,barriers,EMPTY
P1,EVT-BSEE-0325,Bureau of Safety and Environmental Enforcement (BSEE),SIF_LABEL_AMBIGUITY,Insufficient text evidence to determine SIF potential; marked UNKNOWN.,sif.sif_potential,UNKNOWN
P1,EVT-BSEE-0327,Bureau of Safety and Environmental Enforcement (BSEE),SIF_LABEL_AMBIGUITY,Insufficient text evidence to determine SIF potential; marked UNKNOWN.,sif.sif_potential,UNKNOWN
P1,EVT-BSEE-0328,Bureau of Safety and Environmental Enforcement (BSEE),SIF_LABEL_AMBIGUITY,Insufficient text evidence to determine SIF potential; marked UNKNOWN.,sif.sif_potential,UNKNOWN
P2,EVT-BSEE-0329,Bureau of Safety and Environmental Enforcement (BSEE),BARRIER_ABSENT_IN_TEXT,Narrative lacks explicit mention of physical or engineered barrier status.,barriers,EMPTY
P1,EVT-BSEE-0332,Bureau of Safety and Environmental Enforcement (BSEE),SIF_LABEL_AMBIGUITY,Insufficient text evidence to determine SIF potential; marked UNKNOWN.,sif.sif_potential,UNKNOWN
P1,EVT-BSEE-0333,Bureau of Safety and Environmental Enforcement (BSEE),SIF_LABEL_AMBIGUITY,Insufficient text evidence to determine SIF potential; marked UNKNOWN.,sif.sif_potential,UNKNOWN
P1,EVT-BSEE-0334,Bureau of Safety and Environmental Enforcement (BSEE),SIF_LABEL_AMBIGUITY,Insufficient text evidence to determine SIF potential; marked UNKNOWN.,sif.sif_potential,UNKNOWN
P2,EVT-BSEE-0335,Bureau of Safety and Environmental Enforcement (BSEE),BARRIER_ABSENT_IN_TEXT,Narrative lacks explicit mention of physical or engineered barrier status.,barriers,EMPTY
P1,EVT-BSEE-0336,Bureau of Safety and Environmental Enforcement (BSEE),SIF_LABEL_AMBIGUITY,Insufficient text evidence to determine SIF potential; marked UNKNOWN.,sif.sif_potential,UNKNOWN
P0,EVT-BSEE-0337,Bureau of Safety and Environmental Enforcement (BSEE),MISSING_SOURCE_ARTIFACT,Record derived from catalog metadata without packaged physical PDF/HTML artifact.,provenance.document_hash,bd7934f9f7ac28cea0f3c1739f16036eef536367183c294936852231b77b0a82
P1,EVT-BSEE-0338,Bureau of Safety and Environmental Enforcement (BSEE),SIF_LABEL_AMBIGUITY,Insufficient text evidence to determine SIF potential; marked UNKNOWN.,sif.sif_potential,UNKNOWN
P1,EVT-BSEE-0339,Bureau of Safety and Environmental Enforcement (BSEE),SIF_LABEL_AMBIGUITY,Insufficient text evidence to determine SIF potential; marked UNKNOWN.,sif.sif_potential,UNKNOWN
P2,EVT-BSEE-0340,Bureau of Safety and Environmental Enforcement (BSEE),BARRIER_ABSENT_IN_TEXT,Narrative lacks explicit mention of physical or engineered barrier status.,barriers,EMPTY
P0,EVT-BSEE-0341,Bureau of Safety and Environmental Enforcement (BSEE),MISSING_SOURCE_ARTIFACT,Record derived from catalog metadata without packaged physical PDF/HTML artifact.,provenance.document_hash,9b3ad31341b15c0ef6765a8f99eccb38d4884fb4780417280a64877e06fec5eb
P0,EVT-BSEE-0342,Bureau of Safety and Environmental Enforcement (BSEE),MISSING_SOURCE_ARTIFACT,Record derived from catalog metadata without packaged physical PDF/HTML artifact.,provenance.document_hash,9eaa9c1916b0b33b54f63c672be775def3875d3ea69840465161a403d3a3ff87
P2,EVT-BSEE-0343,Bureau of Safety and Environmental Enforcement (BSEE),BARRIER_ABSENT_IN_TEXT,Narrative lacks explicit mention of physical or engineered barrier status.,barriers,EMPTY
P1,EVT-BSEE-0344,Bureau of Safety and Environmental Enforcement (BSEE),SIF_LABEL_AMBIGUITY,Insufficient text evidence to determine SIF potential; marked UNKNOWN.,sif.sif_potential,UNKNOWN
P2,EVT-BSEE-0347,Bureau of Safety and Environmental Enforcement (BSEE),BARRIER_ABSENT_IN_TEXT,Narrative lacks explicit mention of physical or engineered barrier status.,barriers,EMPTY
P1,EVT-BSEE-0348,Bureau of Safety and Environmental Enforcement (BSEE),SIF_LABEL_AMBIGUITY,Insufficient text evidence to determine SIF potential; marked UNKNOWN.,sif.sif_potential,UNKNOWN
P2,EVT-BSEE-0349,Bureau of Safety and Environmental Enforcement (BSEE),BARRIER_ABSENT_IN_TEXT,Narrative lacks explicit mention of physical or engineered barrier status.,barriers,EMPTY
P1,EVT-BSEE-0351,Bureau of Safety and Environmental Enforcement (BSEE),SIF_LABEL_AMBIGUITY,Insufficient text evidence to determine SIF potential; marked UNKNOWN.,sif.sif_potential,UNKNOWN
P2,EVT-BSEE-0352,Bureau of Safety and Environmental Enforcement (BSEE),BARRIER_ABSENT_IN_TEXT,Narrative lacks explicit mention of physical or engineered barrier status.,barriers,EMPTY
P1,EVT-BSEE-0353,Bureau of Safety and Environmental Enforcement (BSEE),SIF_LABEL_AMBIGUITY,Insufficient text evidence to determine SIF potential; marked UNKNOWN.,sif.sif_potential,UNKNOWN
P0,EVT-BSEE-0354,Bureau of Safety and Environmental Enforcement (BSEE),MISSING_SOURCE_ARTIFACT,Record derived from catalog metadata without packaged physical PDF/HTML artifact.,provenance.document_hash,5062d041069cdc8a4d7e5605ac606897418cea1ac555f6d636c59e34d9b0199b
P1,EVT-BSEE-0355,Bureau of Safety and Environmental Enforcement (BSEE),SIF_LABEL_AMBIGUITY,Insufficient text evidence to determine SIF potential; marked UNKNOWN.,sif.sif_potential,UNKNOWN
P1,EVT-BSEE-0356,Bureau of Safety and Environmental Enforcement (BSEE),SIF_LABEL_AMBIGUITY,Insufficient text evidence to determine SIF potential; marked UNKNOWN.,sif.sif_potential,UNKNOWN
P0,EVT-BSEE-0357,Bureau of Safety and Environmental Enforcement (BSEE),MISSING_SOURCE_ARTIFACT,Record derived from catalog metadata without packaged physical PDF/HTML artifact.,provenance.document_hash,1c1717bf8ae684f6546c429cc9af3072db6e8d2eaae5475a174e995a839b4908
P2,EVT-BSEE-0358,Bureau of Safety and Environmental Enforcement (BSEE),BARRIER_ABSENT_IN_TEXT,Narrative lacks explicit mention of physical or engineered barrier status.,barriers,EMPTY
P0,EVT-BSEE-0359,Bureau of Safety and Environmental Enforcement (BSEE),MISSING_SOURCE_ARTIFACT,Record derived from catalog metadata without packaged physical PDF/HTML artifact.,provenance.document_hash,3ded7b0725f66b92ee676ee141684389f40f7ab38505195a45365277e29ea2ae
P0,EVT-BSEE-0360,Bureau of Safety and Environmental Enforcement (BSEE),MISSING_SOURCE_ARTIFACT,Record derived from catalog metadata without packaged physical PDF/HTML artifact.,provenance.document_hash,f5e105506a058534c4d9cfdba6cc3a0ca86597c93a2dce9cbd8a86ce2b186050
P2,EVT-BSEE-0361,Bureau of Safety and Environmental Enforcement (BSEE),BARRIER_ABSENT_IN_TEXT,Narrative lacks explicit mention of physical or engineered barrier status.,barriers,EMPTY
P0,EVT-BSEE-0362,Bureau of Safety and Environmental Enforcement (BSEE),MISSING_SOURCE_ARTIFACT,Record derived from catalog metadata without packaged physical PDF/HTML artifact.,provenance.document_hash,043358b0369624f4477223a63d8e3f0adddea86afc45132e0bd096fc35d53f0a
P2,EVT-BSEE-0363,Bureau of Safety and Environmental Enforcement (BSEE),BARRIER_ABSENT_IN_TEXT,Narrative lacks explicit mention of physical or engineered barrier status.,barriers,EMPTY
P1,EVT-BSEE-0364,Bureau of Safety and Environmental Enforcement (BSEE),SIF_LABEL_AMBIGUITY,Insufficient text evidence to determine SIF potential; marked UNKNOWN.,sif.sif_potential,UNKNOWN
P0,EVT-BSEE-0365,Bureau of Safety and Environmental Enforcement (BSEE),MISSING_SOURCE_ARTIFACT,Record derived from catalog metadata without packaged physical PDF/HTML artifact.,provenance.document_hash,2f2485bfaef884b9d0e76aa08a7e0f66b80b11c3e90ea684af614ebcabcaa012
P1,EVT-BSEE-0366,Bureau of Safety and Environmental Enforcement (BSEE),SIF_LABEL_AMBIGUITY,Insufficient text evidence to determine SIF potential; marked UNKNOWN.,sif.sif_potential,UNKNOWN
P0,EVT-BSEE-0367,Bureau of Safety and Environmental Enforcement (BSEE),MISSING_SOURCE_ARTIFACT,Record derived from catalog metadata without packaged physical PDF/HTML artifact.,provenance.document_hash,5a3ffb94551e801a279a737dfd42fac3ea91badbf901a62bebca13609964913f
P2,EVT-BSEE-0368,Bureau of Safety and Environmental Enforcement (BSEE),BARRIER_ABSENT_IN_TEXT,Narrative lacks explicit mention of physical or engineered barrier status.,barriers,EMPTY
P1,EVT-BSEE-0369,Bureau of Safety and Environmental Enforcement (BSEE),SIF_LABEL_AMBIGUITY,Insufficient text evidence to determine SIF potential; marked UNKNOWN.,sif.sif_potential,UNKNOWN
P0,EVT-BSEE-0370,Bureau of Safety and Environmental Enforcement (BSEE),MISSING_SOURCE_ARTIFACT,Record derived from catalog metadata without packaged physical PDF/HTML artifact.,provenance.document_hash,bffbd46ac404f96c2aa38c2496bbf0416c9129bcda170623fc4269eaf5a4f39b
P0,EVT-BSEE-0371,Bureau of Safety and Environmental Enforcement (BSEE),MISSING_SOURCE_ARTIFACT,Record derived from catalog metadata without packaged physical PDF/HTML artifact.,provenance.document_hash,96cf5909351cb841f0d44f1ef9c6c54335003dccdca8b3ecab06d117b55abfae
P0,EVT-BSEE-0372,Bureau of Safety and Environmental Enforcement (BSEE),MISSING_SOURCE_ARTIFACT,Record derived from catalog metadata without packaged physical PDF/HTML artifact.,provenance.document_hash,d33e492dd55bfb5aca7c93b9b14c7a9e57067a289c2939217af915bec5ec6b2f
P0,EVT-BSEE-0373,Bureau of Safety and Environmental Enforcement (BSEE),MISSING_SOURCE_ARTIFACT,Record derived from catalog metadata without packaged physical PDF/HTML artifact.,provenance.document_hash,82dc975b8fc9a93c56b2eda3f2c43da3a8a0d4c3494879f0ec65531fda947212
P0,EVT-BSEE-0374,Bureau of Safety and Environmental Enforcement (BSEE),MISSING_SOURCE_ARTIFACT,Record derived from catalog metadata without packaged physical PDF/HTML artifact.,provenance.document_hash,985dea4505dc87bd10406ef70d3da32f74c2926894c5c68c38d089dc7df1c0d4
P0,EVT-BSEE-0375,Bureau of Safety and Environmental Enforcement (BSEE),MISSING_SOURCE_ARTIFACT,Record derived from catalog metadata without packaged physical PDF/HTML artifact.,provenance.document_hash,a02b0ca8a4262d45f2168b2d5197b4e0e77d7c70154406379ed01a6c454d1526
P0,EVT-BSEE-0376,Bureau of Safety and Environmental Enforcement (BSEE),MISSING_SOURCE_ARTIFACT,Record derived from catalog metadata without packaged physical PDF/HTML artifact.,provenance.document_hash,bf3622314a9016a0d9210ab5c24733b21f576a39db2b7e00fbb9b56dd48e896f
P0,EVT-BSEE-0377,Bureau of Safety and Environmental Enforcement (BSEE),MISSING_SOURCE_ARTIFACT,Record derived from catalog metadata without packaged physical PDF/HTML artifact.,provenance.document_hash,6f06507c75fdac301122ca43ad621d37d01196581f8d6fb147347b011417645d
P0,EVT-BSEE-0378,Bureau of Safety and Environmental Enforcement (BSEE),MISSING_SOURCE_ARTIFACT,Record derived from catalog metadata without packaged physical PDF/HTML artifact.,provenance.document_hash,471f3a4b357a7d84b975f8182aa241dc112b1ffef0a4c5506c9f888b6fb98e95
P0,EVT-BSEE-0379,Bureau of Safety and Environmental Enforcement (BSEE),MISSING_SOURCE_ARTIFACT,Record derived from catalog metadata without packaged physical PDF/HTML artifact.,provenance.document_hash,3446221c30010b1920f7e512b9545b16e99f202bc6a1ea81eb8c50195cf28e34
P0,EVT-BSEE-0380,Bureau of Safety and Environmental Enforcement (BSEE),MISSING_SOURCE_ARTIFACT,Record derived from catalog metadata without packaged physical PDF/HTML artifact.,provenance.document_hash,1b5584833f75616cbe525ad4eb9493b9e8cf31e3617863f6874e24a8e3d911fd
P0,EVT-BSEE-0381,Bureau of Safety and Environmental Enforcement (BSEE),MISSING_SOURCE_ARTIFACT,Record derived from catalog metadata without packaged physical PDF/HTML artifact.,provenance.document_hash,1dfe8ecc971098d1a5a0ce1a4d1b5f8d4c2b4501b5c78b8104869c5cf3443912
P0,EVT-BSEE-0382,Bureau of Safety and Environmental Enforcement (BSEE),MISSING_SOURCE_ARTIFACT,Record derived from catalog metadata without packaged physical PDF/HTML artifact.,provenance.document_hash,857afc0608872364f1b8f7049d6cbd74f0dddf3f20cc3d96dfeedafbda3a62a8
P0,EVT-BSEE-0383,Bureau of Safety and Environmental Enforcement (BSEE),MISSING_SOURCE_ARTIFACT,Record derived from catalog metadata without packaged physical PDF/HTML artifact.,provenance.document_hash,1e881501492ad5e047db603ed4c4c25869881b0de231cfe765540aec1a40b422
P0,EVT-BSEE-0384,Bureau of Safety and Environmental Enforcement (BSEE),MISSING_SOURCE_ARTIFACT,Record derived from catalog metadata without packaged physical PDF/HTML artifact.,provenance.document_hash,a37ff3fa437f1a23f5d4f3a1cdd9e2f97e4e6c5bd4ee4ab98f5a2fffc732aed5
P0,EVT-BSEE-0385,Bureau of Safety and Environmental Enforcement (BSEE),MISSING_SOURCE_ARTIFACT,Record derived from catalog metadata without packaged physical PDF/HTML artifact.,provenance.document_hash,326d8934560585ca1c241ccd3bca75bd33bde39089e2c9135da852d72709ba6c
P0,EVT-BSEE-0386,Bureau of Safety and Environmental Enforcement (BSEE),MISSING_SOURCE_ARTIFACT,Record derived from catalog metadata without packaged physical PDF/HTML artifact.,provenance.document_hash,0b1a9a6faf0f1f05f4d76df5fb054570bebfe2dfa1be465a03166f6838c3b974
P0,EVT-BSEE-0387,Bureau of Safety and Environmental Enforcement (BSEE),MISSING_SOURCE_ARTIFACT,Record derived from catalog metadata without packaged physical PDF/HTML artifact.,provenance.document_hash,98ec11ea01eea5f0681afdef0943e479d26af0b4839efee37f3b11a4f95f5455
P0,EVT-BSEE-0388,Bureau of Safety and Environmental Enforcement (BSEE),MISSING_SOURCE_ARTIFACT,Record derived from catalog metadata without packaged physical PDF/HTML artifact.,provenance.document_hash,bbcf55cbf319fed70df78d69613ccd0efdf7ff36050b8b4a2b3e80fd216e523e
P0,EVT-BSEE-0389,Bureau of Safety and Environmental Enforcement (BSEE),MISSING_SOURCE_ARTIFACT,Record derived from catalog metadata without packaged physical PDF/HTML artifact.,provenance.document_hash,9badb0afd0e8e6a8c3e8a487f78f398b94d28dc4b84648751b96b3806fa5aa6f
P0,EVT-BSEE-0390,Bureau of Safety and Environmental Enforcement (BSEE),MISSING_SOURCE_ARTIFACT,Record derived from catalog metadata without packaged physical PDF/HTML artifact.,provenance.document_hash,1dca23f15a634d96ddb9b815ad92ac09e965d317d5334f3900a35e25aa4b056f
P0,EVT-BSEE-0391,Bureau of Safety and Environmental Enforcement (BSEE),MISSING_SOURCE_ARTIFACT,Record derived from catalog metadata without packaged physical PDF/HTML artifact.,provenance.document_hash,80ecbeedb846a3567c9333d653cd6521c2ace64b89fab109791c0a23556e3078
P0,EVT-BSEE-0392,Bureau of Safety and Environmental Enforcement (BSEE),MISSING_SOURCE_ARTIFACT,Record derived from catalog metadata without packaged physical PDF/HTML artifact.,provenance.document_hash,e235193498b1278c20a09f9e24a298a0c5a1d62a6355bceddac4f4da33caebc9
P0,EVT-BSEE-0393,Bureau of Safety and Environmental Enforcement (BSEE),MISSING_SOURCE_ARTIFACT,Record derived from catalog metadata without packaged physical PDF/HTML artifact.,provenance.document_hash,2839513b1f6ba07433f2f5f1f38807a75bed45f07e6f70a9e250b1095e859111
P0,EVT-BSEE-0394,Bureau of Safety and Environmental Enforcement (BSEE),MISSING_SOURCE_ARTIFACT,Record derived from catalog metadata without packaged physical PDF/HTML artifact.,provenance.document_hash,082a76fb8ecb01dd4fc9bc5a1377e0f85682ebc98682b957fd10f41e4856455e
P0,EVT-BSEE-0395,Bureau of Safety and Environmental Enforcement (BSEE),MISSING_SOURCE_ARTIFACT,Record derived from catalog metadata without packaged physical PDF/HTML artifact.,provenance.document_hash,45f79d11f1dda05d9ab9005aa065e3ecece4a8f89a043f6d70890d7687b28774
P0,EVT-BSEE-0396,Bureau of Safety and Environmental Enforcement (BSEE),MISSING_SOURCE_ARTIFACT,Record derived from catalog metadata without packaged physical PDF/HTML artifact.,provenance.document_hash,26165494c4fd01a743fb2069c92c042e1d202a6716ec949a9f0059c49b6057a3
P0,EVT-BSEE-0397,Bureau of Safety and Environmental Enforcement (BSEE),MISSING_SOURCE_ARTIFACT,Record derived from catalog metadata without packaged physical PDF/HTML artifact.,provenance.document_hash,4c2193797337b1770b9d1d5a657a2331a9a42971fcb0819d84be684fee7908b9
P0,EVT-BSEE-0398,Bureau of Safety and Environmental Enforcement (BSEE),MISSING_SOURCE_ARTIFACT,Record derived from catalog metadata without packaged physical PDF/HTML artifact.,provenance.document_hash,e2b12173fbca0fed894b52defece0ebf0afea95f6f29d1e098f4bd235b1bc836
P0,EVT-BSEE-0399,Bureau of Safety and Environmental Enforcement (BSEE),MISSING_SOURCE_ARTIFACT,Record derived from catalog metadata without packaged physical PDF/HTML artifact.,provenance.document_hash,655151e630bfd67d6f4c76b42f94f619a9db5ccb972ba73e3d51d8fc4548d1b4
P0,EVT-BSEE-0400,Bureau of Safety and Environmental Enforcement (BSEE),MISSING_SOURCE_ARTIFACT,Record derived from catalog metadata without packaged physical PDF/HTML artifact.,provenance.document_hash,0cbcc1e37da66afe340e2c7b5b13d7ae56ab0c2ffbb1460bad1793bbc55b53e1
P0,EVT-BSEE-0401,Bureau of Safety and Environmental Enforcement (BSEE),MISSING_SOURCE_ARTIFACT,Record derived from catalog metadata without packaged physical PDF/HTML artifact.,provenance.document_hash,f12cd5b007b9c51b352f58cc290bdfad485bc344206df63dfbb467eb8b73a6e7
P0,EVT-BSEE-0402,Bureau of Safety and Environmental Enforcement (BSEE),MISSING_SOURCE_ARTIFACT,Record derived from catalog metadata without packaged physical PDF/HTML artifact.,provenance.document_hash,a6829f7f9991eb3389de890a8c141c4106c7c06fae9a4c793b704d007b0e5d60
P0,EVT-BSEE-0403,Bureau of Safety and Environmental Enforcement (BSEE),MISSING_SOURCE_ARTIFACT,Record derived from catalog metadata without packaged physical PDF/HTML artifact.,provenance.document_hash,2a59e9ed6f821609b4a115e5170bdccf96099f8ddf325917104d392eab381e2d
P0,EVT-BSEE-0404,Bureau of Safety and Environmental Enforcement (BSEE),MISSING_SOURCE_ARTIFACT,Record derived from catalog metadata without packaged physical PDF/HTML artifact.,provenance.document_hash,6f246a476b516376277202070e9cb547c1434ae8238cf7968c1914b5dfdaddd3
P0,EVT-BSEE-0405,Bureau of Safety and Environmental Enforcement (BSEE),MISSING_SOURCE_ARTIFACT,Record derived from catalog metadata without packaged physical PDF/HTML artifact.,provenance.document_hash,1ad1f2cf47b30cc257d1256a9256f911dd8c037d191be5112b5736b08be4aa08
P0,EVT-BSEE-0406,Bureau of Safety and Environmental Enforcement (BSEE),MISSING_SOURCE_ARTIFACT,Record derived from catalog metadata without packaged physical PDF/HTML artifact.,provenance.document_hash,4ac217cc637df892318609c87aa5da31397e2235f8252c78eec71ec02f924ba9
P0,EVT-BSEE-0407,Bureau of Safety and Environmental Enforcement (BSEE),MISSING_SOURCE_ARTIFACT,Record derived from catalog metadata without packaged physical PDF/HTML artifact.,provenance.document_hash,9cdbab742f2add640b532f7958ee07eb938683600dd4e92b0b500359d03075c9
P0,EVT-BSEE-0408,Bureau of Safety and Environmental Enforcement (BSEE),MISSING_SOURCE_ARTIFACT,Record derived from catalog metadata without packaged physical PDF/HTML artifact.,provenance.document_hash,413d20e6098d46ea3a3a7202e7c2f62f76658d32be6d8e9484d457afd2606f98
P0,EVT-BSEE-0409,Bureau of Safety and Environmental Enforcement (BSEE),MISSING_SOURCE_ARTIFACT,Record derived from catalog metadata without packaged physical PDF/HTML artifact.,provenance.document_hash,32a535fe5a900b697f89c42bc3e2c4c7b033b75dd382fdd74ef3023b560ba4f4
P0,EVT-BSEE-0410,Bureau of Safety and Environmental Enforcement (BSEE),MISSING_SOURCE_ARTIFACT,Record derived from catalog metadata without packaged physical PDF/HTML artifact.,provenance.document_hash,9f638ee6ceb090cca95bd41d0a0ed05cefabbd68591684b43a17fce8c2785211
P0,EVT-BSEE-0411,Bureau of Safety and Environmental Enforcement (BSEE),MISSING_SOURCE_ARTIFACT,Record derived from catalog metadata without packaged physical PDF/HTML artifact.,provenance.document_hash,538c9afaf3257185c3b7d968769a1d764112d751d3065fcabf6484a19f99f22c
P0,EVT-BSEE-0412,Bureau of Safety and Environmental Enforcement (BSEE),MISSING_SOURCE_ARTIFACT,Record derived from catalog metadata without packaged physical PDF/HTML artifact.,provenance.document_hash,9d6f2d5ba9541b586c1702f7782ee8c17ec8dbe4ec6be20ef4d965787af2b140
P0,EVT-BSEE-0413,Bureau of Safety and Environmental Enforcement (BSEE),MISSING_SOURCE_ARTIFACT,Record derived from catalog metadata without packaged physical PDF/HTML artifact.,provenance.document_hash,90c62217a58dfd6dbc450b6df0347e10d216bbae5fdaea12ca517e34dfb19335
P0,EVT-BSEE-0414,Bureau of Safety and Environmental Enforcement (BSEE),MISSING_SOURCE_ARTIFACT,Record derived from catalog metadata without packaged physical PDF/HTML artifact.,provenance.document_hash,37d6d7913764574c3b1cc9292bda9a1ca9660bf743af7d65c86c7d73b3a17d08
P0,EVT-BSEE-0415,Bureau of Safety and Environmental Enforcement (BSEE),MISSING_SOURCE_ARTIFACT,Record derived from catalog metadata without packaged physical PDF/HTML artifact.,provenance.document_hash,6f0b260cd04d3d2ba486e7e9c4a30e581a4a75ca67a07097a2ab58020bc026f3
P0,EVT-BSEE-0416,Bureau of Safety and Environmental Enforcement (BSEE),MISSING_SOURCE_ARTIFACT,Record derived from catalog metadata without packaged physical PDF/HTML artifact.,provenance.document_hash,a8976289a7e50e45b9eedbd3fb8b63f3602d35478a726eaecebc033af32611ae
P0,EVT-BSEE-0417,Bureau of Safety and Environmental Enforcement (BSEE),MISSING_SOURCE_ARTIFACT,Record derived from catalog metadata without packaged physical PDF/HTML artifact.,provenance.document_hash,bd36595304d827b98420f1c9dfd8da6baf83b915ae909393cc2e8e42856831ca
P0,EVT-BSEE-0418,Bureau of Safety and Environmental Enforcement (BSEE),MISSING_SOURCE_ARTIFACT,Record derived from catalog metadata without packaged physical PDF/HTML artifact.,provenance.document_hash,cb16df4804e79d58bf4b34ad20877c2e2a0ac79ceb34aa8f532c73d7959369c9
P0,EVT-BSEE-0419,Bureau of Safety and Environmental Enforcement (BSEE),MISSING_SOURCE_ARTIFACT,Record derived from catalog metadata without packaged physical PDF/HTML artifact.,provenance.document_hash,f39d96b6f058c2cb6ef5c0245b8d070016213a6ee384bec34be5385f47974384
P0,EVT-BSEE-0420,Bureau of Safety and Environmental Enforcement (BSEE),MISSING_SOURCE_ARTIFACT,Record derived from catalog metadata without packaged physical PDF/HTML artifact.,provenance.document_hash,42ea07f338454f071e2d2eee06118dff7603613d91d9644c8c2568eae7d01a1c
P0,EVT-BSEE-0421,Bureau of Safety and Environmental Enforcement (BSEE),MISSING_SOURCE_ARTIFACT,Record derived from catalog metadata without packaged physical PDF/HTML artifact.,provenance.document_hash,2c27823fa561eec87bdba0daae537d6d67b830e19ff393cd37fb1ad37c3ec75f
P0,EVT-BSEE-0422,Bureau of Safety and Environmental Enforcement (BSEE),MISSING_SOURCE_ARTIFACT,Record derived from catalog metadata without packaged physical PDF/HTML artifact.,provenance.document_hash,583b1a7c047b1ddaa5f599e45169c0f6b165bb85209a3d86d631e777de6ac232
P0,EVT-BSEE-0423,Bureau of Safety and Environmental Enforcement (BSEE),MISSING_SOURCE_ARTIFACT,Record derived from catalog metadata without packaged physical PDF/HTML artifact.,provenance.document_hash,ceca95c61747a137cbcdef71735367e1379ec34d8cbcfad06da5b593c270c11e
P0,EVT-BSEE-0424,Bureau of Safety and Environmental Enforcement (BSEE),MISSING_SOURCE_ARTIFACT,Record derived from catalog metadata without packaged physical PDF/HTML artifact.,provenance.document_hash,e3195dc74da80ba3d70204fad3ac645bb8ba8b136a88b2363110629f614d003b
P0,EVT-BSEE-0425,Bureau of Safety and Environmental Enforcement (BSEE),MISSING_SOURCE_ARTIFACT,Record derived from catalog metadata without packaged physical PDF/HTML artifact.,provenance.document_hash,353d96844f447eb88500c12f15e84308811d96e14d173e2647d78ba57f64da62
P0,EVT-BSEE-0426,Bureau of Safety and Environmental Enforcement (BSEE),MISSING_SOURCE_ARTIFACT,Record derived from catalog metadata without packaged physical PDF/HTML artifact.,provenance.document_hash,eb77eba7e57d9d6d59af5dce2ee34f9cfe43737114a7023a5b032f603c03acd4
P0,EVT-BSEE-0427,Bureau of Safety and Environmental Enforcement (BSEE),MISSING_SOURCE_ARTIFACT,Record derived from catalog metadata without packaged physical PDF/HTML artifact.,provenance.document_hash,fc66139d321c28a1e0dc29a49ed7d0347c870c0baa179fe244e394edf929cb08
P0,EVT-BSEE-0428,Bureau of Safety and Environmental Enforcement (BSEE),MISSING_SOURCE_ARTIFACT,Record derived from catalog metadata without packaged physical PDF/HTML artifact.,provenance.document_hash,ada5568d85b8a067c5e2d11a69251b4276fb69630954f51fecc498b56a19cc91
P0,EVT-BSEE-0429,Bureau of Safety and Environmental Enforcement (BSEE),MISSING_SOURCE_ARTIFACT,Record derived from catalog metadata without packaged physical PDF/HTML artifact.,provenance.document_hash,70eddd15e848281f0a8bd2da604b6fb94e662fe65f1173e858bb99fd8282c03f
P0,EVT-BSEE-0430,Bureau of Safety and Environmental Enforcement (BSEE),MISSING_SOURCE_ARTIFACT,Record derived from catalog metadata without packaged physical PDF/HTML artifact.,provenance.document_hash,72c681be64b8080f2fec06b651b94859482f161795015591a68949cdc4ede91b
P0,EVT-BSEE-0431,Bureau of Safety and Environmental Enforcement (BSEE),MISSING_SOURCE_ARTIFACT,Record derived from catalog metadata without packaged physical PDF/HTML artifact.,provenance.document_hash,b924b389bc0ce85a0fc035a5f197376d98d673d6a92b035859200651b0c42ea9
P0,EVT-BSEE-0432,Bureau of Safety and Environmental Enforcement (BSEE),MISSING_SOURCE_ARTIFACT,Record derived from catalog metadata without packaged physical PDF/HTML artifact.,provenance.document_hash,8000d41dcee2b930d7417f0fd832d9134ca6bff908bcc08316c980d464d1d40a
P0,EVT-BSEE-0433,Bureau of Safety and Environmental Enforcement (BSEE),MISSING_SOURCE_ARTIFACT,Record derived from catalog metadata without packaged physical PDF/HTML artifact.,provenance.document_hash,faf91758fc4265bff2140eae00bda94c8bc64e36e11cf6c1bf5f910171ebc125
P0,EVT-BSEE-0434,Bureau of Safety and Environmental Enforcement (BSEE),MISSING_SOURCE_ARTIFACT,Record derived from catalog metadata without packaged physical PDF/HTML artifact.,provenance.document_hash,00cb1c0087a8e599afea581ef7b4d228f1f482e82bb64d41f2b4799b64c7302f
P0,EVT-BSEE-0435,Bureau of Safety and Environmental Enforcement (BSEE),MISSING_SOURCE_ARTIFACT,Record derived from catalog metadata without packaged physical PDF/HTML artifact.,provenance.document_hash,1b6309f74b6cd0c9749ae03b44aab640f073345e485477f545dd9000d5f184d9
P0,EVT-BSEE-0436,Bureau of Safety and Environmental Enforcement (BSEE),MISSING_SOURCE_ARTIFACT,Record derived from catalog metadata without packaged physical PDF/HTML artifact.,provenance.document_hash,731e9db833c9592a097b249d9743c1a0728797f2be56c4f641d0b7bd563f3007
P0,EVT-BSEE-0437,Bureau of Safety and Environmental Enforcement (BSEE),MISSING_SOURCE_ARTIFACT,Record derived from catalog metadata without packaged physical PDF/HTML artifact.,provenance.document_hash,c2b92fe8d52cddb6f69688444c9bb02ecdbe4b3929995df8d42617f1a8cd2d94
P0,EVT-BSEE-0438,Bureau of Safety and Environmental Enforcement (BSEE),MISSING_SOURCE_ARTIFACT,Record derived from catalog metadata without packaged physical PDF/HTML artifact.,provenance.document_hash,82c11d3bf5623f278738eba09e941ca7a514a24e6f88bff13b681ea07fd085dc
P0,EVT-BSEE-0439,Bureau of Safety and Environmental Enforcement (BSEE),MISSING_SOURCE_ARTIFACT,Record derived from catalog metadata without packaged physical PDF/HTML artifact.,provenance.document_hash,95c02449a04eb47f06310f2d511feee49e934b32acbc698ab183a75afdb1e25d
P0,EVT-BSEE-0440,Bureau of Safety and Environmental Enforcement (BSEE),MISSING_SOURCE_ARTIFACT,Record derived from catalog metadata without packaged physical PDF/HTML artifact.,provenance.document_hash,87fae992c56d759728c5bc4761bd9fd898c9f4299bf1cfc80f4e2bd897922c46
P0,EVT-BSEE-0441,Bureau of Safety and Environmental Enforcement (BSEE),MISSING_SOURCE_ARTIFACT,Record derived from catalog metadata without packaged physical PDF/HTML artifact.,provenance.document_hash,9a25b67df156ac29277ca66089976cab02641088f99c224e2fdb0eb9fc5e3892
P0,EVT-BSEE-0442,Bureau of Safety and Environmental Enforcement (BSEE),MISSING_SOURCE_ARTIFACT,Record derived from catalog metadata without packaged physical PDF/HTML artifact.,provenance.document_hash,256940c410c633f2760289226093ac42607262c295a54ac6fe78e8e2ab523dd3
P0,EVT-BSEE-0443,Bureau of Safety and Environmental Enforcement (BSEE),MISSING_SOURCE_ARTIFACT,Record derived from catalog metadata without packaged physical PDF/HTML artifact.,provenance.document_hash,bc7c428680bd69a0635068cb532f6aecac3eb22b63a3eac02deb7083c158bda1
P0,EVT-BSEE-0444,Bureau of Safety and Environmental Enforcement (BSEE),MISSING_SOURCE_ARTIFACT,Record derived from catalog metadata without packaged physical PDF/HTML artifact.,provenance.document_hash,0c931eeafe003dbd3e85afd610b8606bebfbecbb2746c18238811ee51796746e
P0,EVT-BSEE-0445,Bureau of Safety and Environmental Enforcement (BSEE),MISSING_SOURCE_ARTIFACT,Record derived from catalog metadata without packaged physical PDF/HTML artifact.,provenance.document_hash,58108b3e1e5c2f8f67453c0cb89117fe1e1858522a4c9e1b1afffffa8f488b72
P0,EVT-BSEE-0446,Bureau of Safety and Environmental Enforcement (BSEE),MISSING_SOURCE_ARTIFACT,Record derived from catalog metadata without packaged physical PDF/HTML artifact.,provenance.document_hash,e878983c186f61e2b7444dc7a1dc89694becdc72dd85c317013767551e8a7654
P0,EVT-BSEE-0447,Bureau of Safety and Environmental Enforcement (BSEE),MISSING_SOURCE_ARTIFACT,Record derived from catalog metadata without packaged physical PDF/HTML artifact.,provenance.document_hash,3dea16065bf49a0ac815a86e84067c2a64e6e2c8443e6fbeaec93b9335ddc478
P0,EVT-BSEE-0448,Bureau of Safety and Environmental Enforcement (BSEE),MISSING_SOURCE_ARTIFACT,Record derived from catalog metadata without packaged physical PDF/HTML artifact.,provenance.document_hash,cc75f0206a42be010b265be11547ce06ac3342bc9c65f1612c85a68127368472
P0,EVT-BSEE-0449,Bureau of Safety and Environmental Enforcement (BSEE),MISSING_SOURCE_ARTIFACT,Record derived from catalog metadata without packaged physical PDF/HTML artifact.,provenance.document_hash,d5223b2a0f9c50939d6b1f1333edad49eea2bbf42db47fa5144dac4c5531235e
P0,EVT-BSEE-0450,Bureau of Safety and Environmental Enforcement (BSEE),MISSING_SOURCE_ARTIFACT,Record derived from catalog metadata without packaged physical PDF/HTML artifact.,provenance.document_hash,3e8570688d1a30750f8350385fed751689f1b6594b15fed153ef2c4006fbf7ba
P0,EVT-BSEE-0451,Bureau of Safety and Environmental Enforcement (BSEE),MISSING_SOURCE_ARTIFACT,Record derived from catalog metadata without packaged physical PDF/HTML artifact.,provenance.document_hash,ad988247ab6139c060299ac6ed28e9530777efe3e78a53640013d3266cba5909
P0,EVT-BSEE-0452,Bureau of Safety and Environmental Enforcement (BSEE),MISSING_SOURCE_ARTIFACT,Record derived from catalog metadata without packaged physical PDF/HTML artifact.,provenance.document_hash,b290cb52fdd39c4bb21ecf4c57c4a9cd16117d4f135d29b3f3162a50ae12a7b7
P0,EVT-BSEE-0453,Bureau of Safety and Environmental Enforcement (BSEE),MISSING_SOURCE_ARTIFACT,Record derived from catalog metadata without packaged physical PDF/HTML artifact.,provenance.document_hash,7c08934a74d3820b43c299816b8f6fe15ec6f9e3090ca834129e6b1c5d1ab73c
P0,EVT-BSEE-0454,Bureau of Safety and Environmental Enforcement (BSEE),MISSING_SOURCE_ARTIFACT,Record derived from catalog metadata without packaged physical PDF/HTML artifact.,provenance.document_hash,d19c7ccee5fe70b3bcd8440190dba943b4d0ef33af853d643a29442e6e3718d1
P0,EVT-BSEE-0455,Bureau of Safety and Environmental Enforcement (BSEE),MISSING_SOURCE_ARTIFACT,Record derived from catalog metadata without packaged physical PDF/HTML artifact.,provenance.document_hash,230c359041a28e772538ca5ac0a4dec1d7ae9ff95ed8ef8928086a488b22eddf
P0,EVT-BSEE-0456,Bureau of Safety and Environmental Enforcement (BSEE),MISSING_SOURCE_ARTIFACT,Record derived from catalog metadata without packaged physical PDF/HTML artifact.,provenance.document_hash,4028ff5d19ca3de55e967542585201e130ce03a185f87bf1649b799b3b818d6a
P0,EVT-BSEE-0457,Bureau of Safety and Environmental Enforcement (BSEE),MISSING_SOURCE_ARTIFACT,Record derived from catalog metadata without packaged physical PDF/HTML artifact.,provenance.document_hash,ae27073bd642adb01fe25bd7b0a5204d87d671ea07760174db0aa1f3595824f9
P0,EVT-BSEE-0458,Bureau of Safety and Environmental Enforcement (BSEE),MISSING_SOURCE_ARTIFACT,Record derived from catalog metadata without packaged physical PDF/HTML artifact.,provenance.document_hash,0ccf18cb651e1ed312c6cbc1ec1fab58ffc762c2f28ceee761ba2f93c7356210
P0,EVT-BSEE-0459,Bureau of Safety and Environmental Enforcement (BSEE),MISSING_SOURCE_ARTIFACT,Record derived from catalog metadata without packaged physical PDF/HTML artifact.,provenance.document_hash,0de04845b727392929e93711dbcf27329858a481cdf0dd44edac79c950f1f476
P0,EVT-BSEE-0460,Bureau of Safety and Environmental Enforcement (BSEE),MISSING_SOURCE_ARTIFACT,Record derived from catalog metadata without packaged physical PDF/HTML artifact.,provenance.document_hash,3d00e2fec60f4147bdd6a0af171e45ecf4bd37630c08dabb10721f52e28cf305
P0,EVT-BSEE-0461,Bureau of Safety and Environmental Enforcement (BSEE),MISSING_SOURCE_ARTIFACT,Record derived from catalog metadata without packaged physical PDF/HTML artifact.,provenance.document_hash,f20007b3a3a6052ce7f8a4ff7450f7fbd5dbd3b29f6997e01152f26ca8d7cb56
P0,EVT-BSEE-0462,Bureau of Safety and Environmental Enforcement (BSEE),MISSING_SOURCE_ARTIFACT,Record derived from catalog metadata without packaged physical PDF/HTML artifact.,provenance.document_hash,13cdf33e3fdde1a3d16c34f2434a86a428ed4771f7618913bfd212fb76fc773c
P0,EVT-BSEE-0464,Bureau of Safety and Environmental Enforcement (BSEE),MISSING_SOURCE_ARTIFACT,Record derived from catalog metadata without packaged physical PDF/HTML artifact.,provenance.document_hash,af77353e1ff3babb41b683830b9da9799cddcfca823ad838a97f8dccf41b3d86
P0,EVT-BSEE-0465,Bureau of Safety and Environmental Enforcement (BSEE),MISSING_SOURCE_ARTIFACT,Record derived from catalog metadata without packaged physical PDF/HTML artifact.,provenance.document_hash,71252e6c1b4295b433842740c656a51cceca8789ae5efe84038c0f80edbc89bf
P0,EVT-BSEE-0466,Bureau of Safety and Environmental Enforcement (BSEE),MISSING_SOURCE_ARTIFACT,Record derived from catalog metadata without packaged physical PDF/HTML artifact.,provenance.document_hash,e5f8fd9aaa1613d9cada1bd42a8982fce1452f395d52b90ff6bd5480ae169399
P0,EVT-BSEE-0467,Bureau of Safety and Environmental Enforcement (BSEE),MISSING_SOURCE_ARTIFACT,Record derived from catalog metadata without packaged physical PDF/HTML artifact.,provenance.document_hash,0930540029c38acbdf57cf62b9363139d210360c5f3876c402b74937009f046e
P0,EVT-BSEE-0468,Bureau of Safety and Environmental Enforcement (BSEE),MISSING_SOURCE_ARTIFACT,Record derived from catalog metadata without packaged physical PDF/HTML artifact.,provenance.document_hash,0fa94eea24627a1e0312da43d63e5769b58d160d51fe96d29e1ed490277d2522
P0,EVT-BSEE-0469,Bureau of Safety and Environmental Enforcement (BSEE),MISSING_SOURCE_ARTIFACT,Record derived from catalog metadata without packaged physical PDF/HTML artifact.,provenance.document_hash,5eaee8717bb3679c22258f4f642df931d89de6927565abbed3571d9173330e18
P0,EVT-BSEE-0470,Bureau of Safety and Environmental Enforcement (BSEE),MISSING_SOURCE_ARTIFACT,Record derived from catalog metadata without packaged physical PDF/HTML artifact.,provenance.document_hash,951c1d94da1e19f624b89de3e51fb78b8d5fb757b75be939e7b1693fb7947c22
P0,EVT-BSEE-0471,Bureau of Safety and Environmental Enforcement (BSEE),MISSING_SOURCE_ARTIFACT,Record derived from catalog metadata without packaged physical PDF/HTML artifact.,provenance.document_hash,ae7ecbb288d0474849842d1711daabfb033617d50d612f78a9f0db2a5ec2e2d2
P0,EVT-BSEE-0472,Bureau of Safety and Environmental Enforcement (BSEE),MISSING_SOURCE_ARTIFACT,Record derived from catalog metadata without packaged physical PDF/HTML artifact.,provenance.document_hash,6b5d50d14e081b343ce480723b079a4121fd5cd797cb21adfdf4a31de4fb389c
P0,EVT-BSEE-0473,Bureau of Safety and Environmental Enforcement (BSEE),MISSING_SOURCE_ARTIFACT,Record derived from catalog metadata without packaged physical PDF/HTML artifact.,provenance.document_hash,8d24f80617caef6036aec47348f7f7418e30107e4ce13240760805ea18bfd013
P0,EVT-BSEE-0474,Bureau of Safety and Environmental Enforcement (BSEE),MISSING_SOURCE_ARTIFACT,Record derived from catalog metadata without packaged physical PDF/HTML artifact.,provenance.document_hash,e93a2611b61f2685b3f4e3347fec7055b3a551d880d081e186fd406cfe6eeb1b
P0,EVT-BSEE-0475,Bureau of Safety and Environmental Enforcement (BSEE),MISSING_SOURCE_ARTIFACT,Record derived from catalog metadata without packaged physical PDF/HTML artifact.,provenance.document_hash,bffe86142bda4cab3f472590ffd01bc832e4ca65f655241249019cdc7e1075e1
P0,EVT-BSEE-0476,Bureau of Safety and Environmental Enforcement (BSEE),MISSING_SOURCE_ARTIFACT,Record derived from catalog metadata without packaged physical PDF/HTML artifact.,provenance.document_hash,ed8aa5978f4499780ea4f0fbc55a16057bd3c84315b9dc5043ff7a69bbf3d10f
P0,EVT-BSEE-0477,Bureau of Safety and Environmental Enforcement (BSEE),MISSING_SOURCE_ARTIFACT,Record derived from catalog metadata without packaged physical PDF/HTML artifact.,provenance.document_hash,6e047b05b200cb7965e34ed449a464fc765c6b208c9720401d91c48c10f33265
P0,EVT-BSEE-0478,Bureau of Safety and Environmental Enforcement (BSEE),MISSING_SOURCE_ARTIFACT,Record derived from catalog metadata without packaged physical PDF/HTML artifact.,provenance.document_hash,f6aa16d8e06654e294cdd997107ff7ed5f26d845a4703fa2304f055d6eedc225
P0,EVT-BSEE-0479,Bureau of Safety and Environmental Enforcement (BSEE),MISSING_SOURCE_ARTIFACT,Record derived from catalog metadata without packaged physical PDF/HTML artifact.,provenance.document_hash,10139c8d5ea70604db310def9d11c482d3308a20d28871ab0f4b870315b14339
P0,EVT-BSEE-0480,Bureau of Safety and Environmental Enforcement (BSEE),MISSING_SOURCE_ARTIFACT,Record derived from catalog metadata without packaged physical PDF/HTML artifact.,provenance.document_hash,039bf9235cd2e7ae9c0679461d172a36a82f02f2b41e1ee85c32aa8e3057ce30
P0,EVT-BSEE-0481,Bureau of Safety and Environmental Enforcement (BSEE),MISSING_SOURCE_ARTIFACT,Record derived from catalog metadata without packaged physical PDF/HTML artifact.,provenance.document_hash,f6a4f755f1512cd1dcd32b73b71f75d32d78d3f02a5af3583847c436157a4058
P1,EVT-BSEE-0482,Bureau of Safety and Environmental Enforcement (BSEE),SIF_LABEL_AMBIGUITY,Insufficient text evidence to determine SIF potential; marked UNKNOWN.,sif.sif_potential,UNKNOWN
P0,EVT-BSEE-0483,Bureau of Safety and Environmental Enforcement (BSEE),MISSING_SOURCE_ARTIFACT,Record derived from catalog metadata without packaged physical PDF/HTML artifact.,provenance.document_hash,b6e7808f469e4328da0d621147d7b33713ad6d0fe526f36a332c929b2f6dffa2
P0,EVT-BSEE-0484,Bureau of Safety and Environmental Enforcement (BSEE),MISSING_SOURCE_ARTIFACT,Record derived from catalog metadata without packaged physical PDF/HTML artifact.,provenance.document_hash,4755f98abbf0ee4479a61ffab5227fc544420d8fdd7231e945ec0332feb7a852
P0,EVT-BSEE-0485,Bureau of Safety and Environmental Enforcement (BSEE),MISSING_SOURCE_ARTIFACT,Record derived from catalog metadata without packaged physical PDF/HTML artifact.,provenance.document_hash,8e3ff6386089a4901b09dc150518bb171f7983fb4c806da81a1218346806c482
P0,EVT-BSEE-0486,Bureau of Safety and Environmental Enforcement (BSEE),MISSING_SOURCE_ARTIFACT,Record derived from catalog metadata without packaged physical PDF/HTML artifact.,provenance.document_hash,21fffbc3d257293fe3e9ea4aac935828505270318cd84f573fefeda06223de77
P0,EVT-BSEE-0487,Bureau of Safety and Environmental Enforcement (BSEE),MISSING_SOURCE_ARTIFACT,Record derived from catalog metadata without packaged physical PDF/HTML artifact.,provenance.document_hash,bdfff2baaee63a034e020e54a1f472263045aa14c21fb9ce386181c90fc04eff
P0,EVT-BSEE-0488,Bureau of Safety and Environmental Enforcement (BSEE),MISSING_SOURCE_ARTIFACT,Record derived from catalog metadata without packaged physical PDF/HTML artifact.,provenance.document_hash,6dec1aaa6b92cd303614c544757f3d157d079325825bc9cab4fbf0046411ebe2
P0,EVT-BSEE-0489,Bureau of Safety and Environmental Enforcement (BSEE),MISSING_SOURCE_ARTIFACT,Record derived from catalog metadata without packaged physical PDF/HTML artifact.,provenance.document_hash,3a9aaf8d629710fed8890a56d94782e7b5fb63dfdee35591f6024854c24f584f
P0,EVT-BSEE-0490,Bureau of Safety and Environmental Enforcement (BSEE),MISSING_SOURCE_ARTIFACT,Record derived from catalog metadata without packaged physical PDF/HTML artifact.,provenance.document_hash,5d7c68d9b4e588ac8932cab1dd1a319468a6a880318346b7f7100afe197543e4
P0,EVT-BSEE-0491,Bureau of Safety and Environmental Enforcement (BSEE),MISSING_SOURCE_ARTIFACT,Record derived from catalog metadata without packaged physical PDF/HTML artifact.,provenance.document_hash,3502408ef8cfa68da9ed83ce346ee3c181619cb030e5169b06efaff9dd9c303d
P0,EVT-BSEE-0492,Bureau of Safety and Environmental Enforcement (BSEE),MISSING_SOURCE_ARTIFACT,Record derived from catalog metadata without packaged physical PDF/HTML artifact.,provenance.document_hash,e8fec6d1fe27ae6e1e2989211256b5bf68176731659c07dc946bead6c772180f
P0,EVT-BSEE-0493,Bureau of Safety and Environmental Enforcement (BSEE),MISSING_SOURCE_ARTIFACT,Record derived from catalog metadata without packaged physical PDF/HTML artifact.,provenance.document_hash,a09087651b028eb01624e7e38481fd5ba20488318b862ea9c581b8964b3bb057
P0,EVT-BSEE-0494,Bureau of Safety and Environmental Enforcement (BSEE),MISSING_SOURCE_ARTIFACT,Record derived from catalog metadata without packaged physical PDF/HTML artifact.,provenance.document_hash,44c30409124c33d00c72302fc1786224243e6da6edf1b4826e589c27aa39806f
P0,EVT-BSEE-0495,Bureau of Safety and Environmental Enforcement (BSEE),MISSING_SOURCE_ARTIFACT,Record derived from catalog metadata without packaged physical PDF/HTML artifact.,provenance.document_hash,c67b8eda86aabd188e5b0479a8095ca4d07d10ee56446d6cc8087c922acf3cf2
P0,EVT-BSEE-0496,Bureau of Safety and Environmental Enforcement (BSEE),MISSING_SOURCE_ARTIFACT,Record derived from catalog metadata without packaged physical PDF/HTML artifact.,provenance.document_hash,7bd56b1ddea04ad2a497a5564a86efa305afb17080a2aa50bbd3f10287947bb6
P0,EVT-BSEE-0497,Bureau of Safety and Environmental Enforcement (BSEE),MISSING_SOURCE_ARTIFACT,Record derived from catalog metadata without packaged physical PDF/HTML artifact.,provenance.document_hash,ce89faea416ec202cdfb6dfad247ead0fc87840d0e1843e7325d4a21d81aa2d6
P0,EVT-BSEE-0498,Bureau of Safety and Environmental Enforcement (BSEE),MISSING_SOURCE_ARTIFACT,Record derived from catalog metadata without packaged physical PDF/HTML artifact.,provenance.document_hash,efd5999e6e7bad79020e10aee27f7f0b0041d1574ffe8e1fcbd534f12a191aee
P0,EVT-BSEE-0499,Bureau of Safety and Environmental Enforcement (BSEE),MISSING_SOURCE_ARTIFACT,Record derived from catalog metadata without packaged physical PDF/HTML artifact.,provenance.document_hash,cd2648edc3083682d73931707d1bcf279de8446e7566fa06bb1016615c133591
P0,EVT-BSEE-0500,Bureau of Safety and Environmental Enforcement (BSEE),MISSING_SOURCE_ARTIFACT,Record derived from catalog metadata without packaged physical PDF/HTML artifact.,provenance.document_hash,182976317bf19f55af5f18408640cc1f3323f894c122d32a0ea90f04eb261849
P0,EVT-BSEE-0501,Bureau of Safety and Environmental Enforcement (BSEE),MISSING_SOURCE_ARTIFACT,Record derived from catalog metadata without packaged physical PDF/HTML artifact.,provenance.document_hash,55185fd25f806aeb26b2bd4a3c5dc7bd10cd442012823118d16fcd8cc6a4cdce
P0,EVT-BSEE-0502,Bureau of Safety and Environmental Enforcement (BSEE),MISSING_SOURCE_ARTIFACT,Record derived from catalog metadata without packaged physical PDF/HTML artifact.,provenance.document_hash,eddd187214d2d2fd6268be121239b1480db7e86f72d9d0da0de2f5671a12ec76
P0,EVT-BSEE-0503,Bureau of Safety and Environmental Enforcement (BSEE),MISSING_SOURCE_ARTIFACT,Record derived from catalog metadata without packaged physical PDF/HTML artifact.,provenance.document_hash,2e10f9918ae4f3b476177b619d032e6dc35801a1e93e689ff92b2f72f3a47c77
P0,EVT-BSEE-0504,Bureau of Safety and Environmental Enforcement (BSEE),MISSING_SOURCE_ARTIFACT,Record derived from catalog metadata without packaged physical PDF/HTML artifact.,provenance.document_hash,0d5fa48804a103e9669d33ac664cf519634735b1686802eb287f552f6580b693
P0,EVT-BSEE-0505,Bureau of Safety and Environmental Enforcement (BSEE),MISSING_SOURCE_ARTIFACT,Record derived from catalog metadata without packaged physical PDF/HTML artifact.,provenance.document_hash,29ce148ec017e30cf64135a6c84ce4ea51de23181dbcd9e4631672ce1edcb9bc
P0,EVT-BSEE-0506,Bureau of Safety and Environmental Enforcement (BSEE),MISSING_SOURCE_ARTIFACT,Record derived from catalog metadata without packaged physical PDF/HTML artifact.,provenance.document_hash,0b52133c80629c51ce3feb20e166d812d09217f6188bb8055d08c5a9df6be497
P0,EVT-BSEE-0507,Bureau of Safety and Environmental Enforcement (BSEE),MISSING_SOURCE_ARTIFACT,Record derived from catalog metadata without packaged physical PDF/HTML artifact.,provenance.document_hash,b3ff961d34e42bab81315fdc5a80891fc849191f7f2928138f2f83b01e8a199e
P0,EVT-BSEE-0508,Bureau of Safety and Environmental Enforcement (BSEE),MISSING_SOURCE_ARTIFACT,Record derived from catalog metadata without packaged physical PDF/HTML artifact.,provenance.document_hash,0a3ae1d3c893fa60b75c0f6fef33eca697ba4f7d7f03d47b718be6cf71e90876
P0,EVT-BSEE-0509,Bureau of Safety and Environmental Enforcement (BSEE),MISSING_SOURCE_ARTIFACT,Record derived from catalog metadata without packaged physical PDF/HTML artifact.,provenance.document_hash,6e224c997fed2df33b21f1cb7140e18bbb7b648f5b6f6277e5c145179691a145
P0,EVT-BSEE-0510,Bureau of Safety and Environmental Enforcement (BSEE),MISSING_SOURCE_ARTIFACT,Record derived from catalog metadata without packaged physical PDF/HTML artifact.,provenance.document_hash,7bc589bc4bb5f7765ff6ef3ca7c4fba525fee37ea6b14301131ed49d1d582045
P0,EVT-BSEE-0511,Bureau of Safety and Environmental Enforcement (BSEE),MISSING_SOURCE_ARTIFACT,Record derived from catalog metadata without packaged physical PDF/HTML artifact.,provenance.document_hash,7b2155f6f5986ddff1bcc141ae3c9d7efa7060bffbfce78d6b17dabed5764add
P0,EVT-BSEE-0512,Bureau of Safety and Environmental Enforcement (BSEE),MISSING_SOURCE_ARTIFACT,Record derived from catalog metadata without packaged physical PDF/HTML artifact.,provenance.document_hash,f6c170cc44def10f2f0a48b195e91744b376995791aca94a875921eff789cd61
P0,EVT-BSEE-0513,Bureau of Safety and Environmental Enforcement (BSEE),MISSING_SOURCE_ARTIFACT,Record derived from catalog metadata without packaged physical PDF/HTML artifact.,provenance.document_hash,204aab3c17b6c17aec493a248b57cc6a6edf6060af19c6bad5c6b06632cc9047
P0,EVT-BSEE-0514,Bureau of Safety and Environmental Enforcement (BSEE),MISSING_SOURCE_ARTIFACT,Record derived from catalog metadata without packaged physical PDF/HTML artifact.,provenance.document_hash,aa025b8ae0ad8c21644f57a6bba9cb54eb8ca405bfef733137f2908edcdf3cc8
P0,EVT-BSEE-0515,Bureau of Safety and Environmental Enforcement (BSEE),MISSING_SOURCE_ARTIFACT,Record derived from catalog metadata without packaged physical PDF/HTML artifact.,provenance.document_hash,4c00b13572274aa881b44d65b7900b5a8e2b8f101f2ef06b65e8a0fe51f177ad
P0,EVT-BSEE-0516,Bureau of Safety and Environmental Enforcement (BSEE),MISSING_SOURCE_ARTIFACT,Record derived from catalog metadata without packaged physical PDF/HTML artifact.,provenance.document_hash,0413e212dc37d1b6ee4d6366d08c8140615ace0750203f3cf9db765007c60d03
P0,EVT-BSEE-0517,Bureau of Safety and Environmental Enforcement (BSEE),MISSING_SOURCE_ARTIFACT,Record derived from catalog metadata without packaged physical PDF/HTML artifact.,provenance.document_hash,79a80f6daea20c31450e0b073b03e2a3debf7f05c9cd6faaff09892b6e8f38a2
P0,EVT-BSEE-0518,Bureau of Safety and Environmental Enforcement (BSEE),MISSING_SOURCE_ARTIFACT,Record derived from catalog metadata without packaged physical PDF/HTML artifact.,provenance.document_hash,4c853060af8af2f1fa7728bd38043591bd0486ecd8a0db0a4c75693bc853b8d2
P0,EVT-BSEE-0519,Bureau of Safety and Environmental Enforcement (BSEE),MISSING_SOURCE_ARTIFACT,Record derived from catalog metadata without packaged physical PDF/HTML artifact.,provenance.document_hash,0995f09465eba50b36352ff5ff97d55cde90dc93704932169b8a382be9161dee
P0,EVT-BSEE-0520,Bureau of Safety and Environmental Enforcement (BSEE),MISSING_SOURCE_ARTIFACT,Record derived from catalog metadata without packaged physical PDF/HTML artifact.,provenance.document_hash,b6d383be14999e8ac15a5e7cd200cba3bb0a9ad09678a69a61174bf86d026719
P0,EVT-BSEE-0521,Bureau of Safety and Environmental Enforcement (BSEE),MISSING_SOURCE_ARTIFACT,Record derived from catalog metadata without packaged physical PDF/HTML artifact.,provenance.document_hash,0f8175aeb94da6e264d08c1d9a351804964300a18c920b0f98abe981e946806d
P0,EVT-BSEE-0522,Bureau of Safety and Environmental Enforcement (BSEE),MISSING_SOURCE_ARTIFACT,Record derived from catalog metadata without packaged physical PDF/HTML artifact.,provenance.document_hash,6aea4ff6fae0923aa057ae079cc58564b55af0111470bd4aac9c6dd43bfe773b
P0,EVT-BSEE-0523,Bureau of Safety and Environmental Enforcement (BSEE),MISSING_SOURCE_ARTIFACT,Record derived from catalog metadata without packaged physical PDF/HTML artifact.,provenance.document_hash,4f31d883c6040c2d6be5d2bcd340e66519164729b52f8c09c87e55cd004c3adc
P0,EVT-BSEE-0524,Bureau of Safety and Environmental Enforcement (BSEE),MISSING_SOURCE_ARTIFACT,Record derived from catalog metadata without packaged physical PDF/HTML artifact.,provenance.document_hash,37de5d5ac3453f8b9c5ebabaeb738028a4ffd731b31bbc7833b0baf6d22e7268
P0,EVT-BSEE-0525,Bureau of Safety and Environmental Enforcement (BSEE),MISSING_SOURCE_ARTIFACT,Record derived from catalog metadata without packaged physical PDF/HTML artifact.,provenance.document_hash,1683ec82e1fe8035390c149fecca4ed95a26b685fc6ce2dc082bf6cca0902657
P0,EVT-BSEE-0526,Bureau of Safety and Environmental Enforcement (BSEE),MISSING_SOURCE_ARTIFACT,Record derived from catalog metadata without packaged physical PDF/HTML artifact.,provenance.document_hash,7fc1e4f3c2e58b6dafc029e71975ea5e90eb4f8eb4402453626427931f74291d
P0,EVT-BSEE-0527,Bureau of Safety and Environmental Enforcement (BSEE),MISSING_SOURCE_ARTIFACT,Record derived from catalog metadata without packaged physical PDF/HTML artifact.,provenance.document_hash,63d27ccd21ee207385f14f517e4fc1dd1bdbfe24371e7dd4da86707a0bea4597
P0,EVT-BSEE-0528,Bureau of Safety and Environmental Enforcement (BSEE),MISSING_SOURCE_ARTIFACT,Record derived from catalog metadata without packaged physical PDF/HTML artifact.,provenance.document_hash,1ab5701e5c2c63087dbe4946b4e3973d2c4562843a154a036e24778f6b35b40e
P0,EVT-BSEE-0529,Bureau of Safety and Environmental Enforcement (BSEE),MISSING_SOURCE_ARTIFACT,Record derived from catalog metadata without packaged physical PDF/HTML artifact.,provenance.document_hash,8bbde7dfc4a42bea955d4b0e54e3baf1b564858501300c35f7d81eb34bcc5f3c
P0,EVT-BSEE-0530,Bureau of Safety and Environmental Enforcement (BSEE),MISSING_SOURCE_ARTIFACT,Record derived from catalog metadata without packaged physical PDF/HTML artifact.,provenance.document_hash,63cd9b6cab3be077f6ac2624efab3dfa1e31db3cc77ff05483cb1639452b83fb
P0,EVT-BSEE-0532,Bureau of Safety and Environmental Enforcement (BSEE),MISSING_SOURCE_ARTIFACT,Record derived from catalog metadata without packaged physical PDF/HTML artifact.,provenance.document_hash,0d4bd8c377c7c1b49653249085d09e0735184ff2c2e135a800638edfd4195e99
P0,EVT-BSEE-0533,Bureau of Safety and Environmental Enforcement (BSEE),MISSING_SOURCE_ARTIFACT,Record derived from catalog metadata without packaged physical PDF/HTML artifact.,provenance.document_hash,8add5517dff9a497a462a8ae4a9a9dde646cddd0afd8c04af16ac0b8981061a4
P0,EVT-BSEE-0534,Bureau of Safety and Environmental Enforcement (BSEE),MISSING_SOURCE_ARTIFACT,Record derived from catalog metadata without packaged physical PDF/HTML artifact.,provenance.document_hash,980b309a84add2335cec271a0209a2ad69fe056baae1654601bfb1358357d2d6
P0,EVT-BSEE-0535,Bureau of Safety and Environmental Enforcement (BSEE),MISSING_SOURCE_ARTIFACT,Record derived from catalog metadata without packaged physical PDF/HTML artifact.,provenance.document_hash,d09152d5ac9223ec6e767120999c388f8502a9205126e169f91a8d5e0561d4be
P0,EVT-BSEE-0536,Bureau of Safety and Environmental Enforcement (BSEE),MISSING_SOURCE_ARTIFACT,Record derived from catalog metadata without packaged physical PDF/HTML artifact.,provenance.document_hash,47da594d2b39aa503b106f7e54751c86127840e376f210d318203775da1d25a5
P0,EVT-BSEE-0537,Bureau of Safety and Environmental Enforcement (BSEE),MISSING_SOURCE_ARTIFACT,Record derived from catalog metadata without packaged physical PDF/HTML artifact.,provenance.document_hash,277bc1133058da0addb4d18f0ce98d0a23c91a351b84156c0b36cf3696a379fe
P0,EVT-BSEE-0538,Bureau of Safety and Environmental Enforcement (BSEE),MISSING_SOURCE_ARTIFACT,Record derived from catalog metadata without packaged physical PDF/HTML artifact.,provenance.document_hash,1cd953ba4e6f403998fd4f3bd66353d7e90970d60cba679ac333217a2332e5ee
P0,EVT-BSEE-0540,Bureau of Safety and Environmental Enforcement (BSEE),MISSING_SOURCE_ARTIFACT,Record derived from catalog metadata without packaged physical PDF/HTML artifact.,provenance.document_hash,d702ea5b006ed87c9fc7b57863ebc9b86c5125dd9cc9b3bfcbfab1a117dbb836
P0,EVT-BSEE-0541,Bureau of Safety and Environmental Enforcement (BSEE),MISSING_SOURCE_ARTIFACT,Record derived from catalog metadata without packaged physical PDF/HTML artifact.,provenance.document_hash,f7eb6431ecb11166e3a5906d6d2b743830db85ed22dc566924ebdb755587cc94
P0,EVT-BSEE-0542,Bureau of Safety and Environmental Enforcement (BSEE),MISSING_SOURCE_ARTIFACT,Record derived from catalog metadata without packaged physical PDF/HTML artifact.,provenance.document_hash,e0be43e516fc10da9be0bb419ea6ea50d73fb418224dc0b8b600f9a07af1a98e
P0,EVT-BSEE-0543,Bureau of Safety and Environmental Enforcement (BSEE),MISSING_SOURCE_ARTIFACT,Record derived from catalog metadata without packaged physical PDF/HTML artifact.,provenance.document_hash,761a397e584312beeb8f88a0ece6adb9d1ee8c766bf75b2d6e33373b23564b5c
P0,EVT-BSEE-0544,Bureau of Safety and Environmental Enforcement (BSEE),MISSING_SOURCE_ARTIFACT,Record derived from catalog metadata without packaged physical PDF/HTML artifact.,provenance.document_hash,68ba9ce3d1aa74fd9b48ed68bd7b65eb34c471e1f3d19cbab7fb6f8029a99c6e
P0,EVT-BSEE-0545,Bureau of Safety and Environmental Enforcement (BSEE),MISSING_SOURCE_ARTIFACT,Record derived from catalog metadata without packaged physical PDF/HTML artifact.,provenance.document_hash,2048f45cad4c70b0472e6608d36689ad0eaa6e11038816a273dd021a97292f01
P0,EVT-BSEE-0546,Bureau of Safety and Environmental Enforcement (BSEE),MISSING_SOURCE_ARTIFACT,Record derived from catalog metadata without packaged physical PDF/HTML artifact.,provenance.document_hash,043ec5e4e2eef054c2007a123708cc89453303622cb30abd98516af0a7d367cc
P0,EVT-BSEE-0547,Bureau of Safety and Environmental Enforcement (BSEE),MISSING_SOURCE_ARTIFACT,Record derived from catalog metadata without packaged physical PDF/HTML artifact.,provenance.document_hash,193531b4bd94165a5a2ad7000bcb0f5a34882d9cb4cca44ff281c985cbe1f126
P0,EVT-BSEE-0549,Bureau of Safety and Environmental Enforcement (BSEE),MISSING_SOURCE_ARTIFACT,Record derived from catalog metadata without packaged physical PDF/HTML artifact.,provenance.document_hash,350fc4110577a84d662e85957e2e090716ac382a9bfdbbc13f26c8b39d0b21b5
P0,EVT-BSEE-0550,Bureau of Safety and Environmental Enforcement (BSEE),MISSING_SOURCE_ARTIFACT,Record derived from catalog metadata without packaged physical PDF/HTML artifact.,provenance.document_hash,9896c610c1659439466e620e60c678d99b137158b031936fd6d664ca52e07b45
P0,EVT-BSEE-0551,Bureau of Safety and Environmental Enforcement (BSEE),MISSING_SOURCE_ARTIFACT,Record derived from catalog metadata without packaged physical PDF/HTML artifact.,provenance.document_hash,fb77f8c37dcaf98a716ac3194b410112f116a6d2c9de2cec162320d65eaaa165
P0,EVT-BSEE-0552,Bureau of Safety and Environmental Enforcement (BSEE),MISSING_SOURCE_ARTIFACT,Record derived from catalog metadata without packaged physical PDF/HTML artifact.,provenance.document_hash,33266dfc8971a4a61acfff9c89b66e5d5bb354c319e0259d1debbac156d578a0
P0,EVT-BSEE-0553,Bureau of Safety and Environmental Enforcement (BSEE),MISSING_SOURCE_ARTIFACT,Record derived from catalog metadata without packaged physical PDF/HTML artifact.,provenance.document_hash,d2432c3c3cde2ab37aac0b90324483b6d8fbff26e93f72103639a4e93e594588
P0,EVT-BSEE-0554,Bureau of Safety and Environmental Enforcement (BSEE),MISSING_SOURCE_ARTIFACT,Record derived from catalog metadata without packaged physical PDF/HTML artifact.,provenance.document_hash,abd437d15261bc18418f8dd43eb9c6ab77af0ef9316ea48981f3905b52832ea7
P0,EVT-BSEE-0555,Bureau of Safety and Environmental Enforcement (BSEE),MISSING_SOURCE_ARTIFACT,Record derived from catalog metadata without packaged physical PDF/HTML artifact.,provenance.document_hash,b3343cf404b1797f77a0449879ef9c58376d085203afdc296859dfe2b32ccdde
P0,EVT-BSEE-0556,Bureau of Safety and Environmental Enforcement (BSEE),MISSING_SOURCE_ARTIFACT,Record derived from catalog metadata without packaged physical PDF/HTML artifact.,provenance.document_hash,17e7876da4a105e6c9f241bd31c8c589141b4323b6476b041e8743479677b210
P0,EVT-BSEE-0557,Bureau of Safety and Environmental Enforcement (BSEE),MISSING_SOURCE_ARTIFACT,Record derived from catalog metadata without packaged physical PDF/HTML artifact.,provenance.document_hash,00a8089eec942e2db4d96fbf8871a1af70110a9fd47c886cb1cb51ee0cc2e878
P0,EVT-BSEE-0558,Bureau of Safety and Environmental Enforcement (BSEE),MISSING_SOURCE_ARTIFACT,Record derived from catalog metadata without packaged physical PDF/HTML artifact.,provenance.document_hash,1a287dcb30ada7548f331b820a2c8364a4e94c85880cc5ba71982d58f16e25dd
P0,EVT-BSEE-0559,Bureau of Safety and Environmental Enforcement (BSEE),MISSING_SOURCE_ARTIFACT,Record derived from catalog metadata without packaged physical PDF/HTML artifact.,provenance.document_hash,edadec9743ca95a22f22146a4ef73eb3ad53b6d0ffbf77bbd15402add5abe88e
P0,EVT-BSEE-0560,Bureau of Safety and Environmental Enforcement (BSEE),MISSING_SOURCE_ARTIFACT,Record derived from catalog metadata without packaged physical PDF/HTML artifact.,provenance.document_hash,d2b06cd32d0ec1436a0f5738256c13d7cf64b07f05dd69d822fda813d286deaf
P0,EVT-BSEE-0561,Bureau of Safety and Environmental Enforcement (BSEE),MISSING_SOURCE_ARTIFACT,Record derived from catalog metadata without packaged physical PDF/HTML artifact.,provenance.document_hash,2c4dc0513361bf6e2506da6ee96d773692422d86403ff6866472f1edf09ca82b
P0,EVT-BSEE-0562,Bureau of Safety and Environmental Enforcement (BSEE),MISSING_SOURCE_ARTIFACT,Record derived from catalog metadata without packaged physical PDF/HTML artifact.,provenance.document_hash,21d9b8c516a30ce14b4d6b777dcb93b7b07492f4ca8d6669906b024b04d5f7af
P0,EVT-BSEE-0563,Bureau of Safety and Environmental Enforcement (BSEE),MISSING_SOURCE_ARTIFACT,Record derived from catalog metadata without packaged physical PDF/HTML artifact.,provenance.document_hash,c9da1795af4e7503c4ca3bb035f1b50850506a5aa6e72a616e2a25c92da06f0c
P0,EVT-BSEE-0564,Bureau of Safety and Environmental Enforcement (BSEE),MISSING_SOURCE_ARTIFACT,Record derived from catalog metadata without packaged physical PDF/HTML artifact.,provenance.document_hash,2cc34941504d47d1f8acce71b80e769e76912c23aab345731d5b54993b441d2f
P0,EVT-BSEE-0565,Bureau of Safety and Environmental Enforcement (BSEE),MISSING_SOURCE_ARTIFACT,Record derived from catalog metadata without packaged physical PDF/HTML artifact.,provenance.document_hash,309e81eccc465d0d2bf6ab24e10b75622d8e546c743d6b34de4345d7bde95819
P0,EVT-BSEE-0566,Bureau of Safety and Environmental Enforcement (BSEE),MISSING_SOURCE_ARTIFACT,Record derived from catalog metadata without packaged physical PDF/HTML artifact.,provenance.document_hash,219ae6422367f3bf433bd6616c1f84bc0699084346401e567648868e4650b0c4
P0,EVT-BSEE-0567,Bureau of Safety and Environmental Enforcement (BSEE),MISSING_SOURCE_ARTIFACT,Record derived from catalog metadata without packaged physical PDF/HTML artifact.,provenance.document_hash,c791848ab6b6cfca390b52d0c347dbe86d4c155ec4d221427f936e9262554556
P0,EVT-BSEE-0568,Bureau of Safety and Environmental Enforcement (BSEE),MISSING_SOURCE_ARTIFACT,Record derived from catalog metadata without packaged physical PDF/HTML artifact.,provenance.document_hash,9b8beba6800b7d47ed7ffbfa9732f3d2b78c56c932e01ec517cc1604a7d5ddd6
P0,EVT-BSEE-0569,Bureau of Safety and Environmental Enforcement (BSEE),MISSING_SOURCE_ARTIFACT,Record derived from catalog metadata without packaged physical PDF/HTML artifact.,provenance.document_hash,a10352c452125b1528bbddcf9c165bf2f55aa693b11861a9f6c5a1f3c443f6fc
P0,EVT-BSEE-0570,Bureau of Safety and Environmental Enforcement (BSEE),MISSING_SOURCE_ARTIFACT,Record derived from catalog metadata without packaged physical PDF/HTML artifact.,provenance.document_hash,bfd4c840d7a32a34fe893f54583d291b44bcf0bca9d18a6bd605459ea2d63ced
P1,EVT-BSEE-0571,Bureau of Safety and Environmental Enforcement (BSEE),SIF_LABEL_AMBIGUITY,Insufficient text evidence to determine SIF potential; marked UNKNOWN.,sif.sif_potential,UNKNOWN
P0,EVT-BSEE-0572,Bureau of Safety and Environmental Enforcement (BSEE),MISSING_SOURCE_ARTIFACT,Record derived from catalog metadata without packaged physical PDF/HTML artifact.,provenance.document_hash,c07133fc318163c32c23e52ce7ac24594b96ea4d2c7d4449820858613fb637ea
P0,EVT-BSEE-0573,Bureau of Safety and Environmental Enforcement (BSEE),MISSING_SOURCE_ARTIFACT,Record derived from catalog metadata without packaged physical PDF/HTML artifact.,provenance.document_hash,20ead265aa69fb0ba0ea7b059daf935e020906b3136c5e1c4a6ea289305e874b
P0,EVT-BSEE-0574,Bureau of Safety and Environmental Enforcement (BSEE),MISSING_SOURCE_ARTIFACT,Record derived from catalog metadata without packaged physical PDF/HTML artifact.,provenance.document_hash,f4fdb28e072782a224b5c2f97bf0af1cc2640442756b4f042eca6173e7dec433
P0,EVT-BSEE-0575,Bureau of Safety and Environmental Enforcement (BSEE),MISSING_SOURCE_ARTIFACT,Record derived from catalog metadata without packaged physical PDF/HTML artifact.,provenance.document_hash,ab6c409fc27e1ee38e3c456a23239c16fc1453ee1a9422338382ad1596b1e51c
P0,EVT-BSEE-0576,Bureau of Safety and Environmental Enforcement (BSEE),MISSING_SOURCE_ARTIFACT,Record derived from catalog metadata without packaged physical PDF/HTML artifact.,provenance.document_hash,2112a71ede1de610051983f3fd805de769745074597cbd1f71d7ef144f67d7a1
P0,EVT-BSEE-0577,Bureau of Safety and Environmental Enforcement (BSEE),MISSING_SOURCE_ARTIFACT,Record derived from catalog metadata without packaged physical PDF/HTML artifact.,provenance.document_hash,15841fc60dc6cdc0aa2c25144aa9e5ff532f584eab345c93cb07c5f2f2c5a452
P0,EVT-BSEE-0578,Bureau of Safety and Environmental Enforcement (BSEE),MISSING_SOURCE_ARTIFACT,Record derived from catalog metadata without packaged physical PDF/HTML artifact.,provenance.document_hash,4cfaa25b0d17916b5e96c2c8a8ac13a7188b56203ce82d7b1ec07acde6432ec6
P0,EVT-BSEE-0579,Bureau of Safety and Environmental Enforcement (BSEE),MISSING_SOURCE_ARTIFACT,Record derived from catalog metadata without packaged physical PDF/HTML artifact.,provenance.document_hash,d3ddf5856f567c77ee26d8ba0a6bec5fe3ce44cc639fd5a3f8ca64ae01003b88
P0,EVT-BSEE-0580,Bureau of Safety and Environmental Enforcement (BSEE),MISSING_SOURCE_ARTIFACT,Record derived from catalog metadata without packaged physical PDF/HTML artifact.,provenance.document_hash,d802127371e7767165d5276f2a45c28b4af38ff8664250d06e19435846e406c8
P0,EVT-BSEE-0581,Bureau of Safety and Environmental Enforcement (BSEE),MISSING_SOURCE_ARTIFACT,Record derived from catalog metadata without packaged physical PDF/HTML artifact.,provenance.document_hash,1d305f698d9546ce3a9bb6d6d3f26dbb297559d2851d604ded6bcb6207d6e899
P0,EVT-IMCA-0002,International Marine Contractors Association (IMCA),MISSING_SOURCE_ARTIFACT,Record derived from catalog metadata without packaged physical PDF/HTML artifact.,provenance.document_hash,29b39ce188efbbc28b82b0c77f7cb6a27277712e4458d2459ec059f62aad88a3
P2,EVT-IMCA-0003,International Marine Contractors Association (IMCA),BARRIER_ABSENT_IN_TEXT,Narrative lacks explicit mention of physical or engineered barrier status.,barriers,EMPTY
P0,EVT-IMCA-0004,International Marine Contractors Association (IMCA),MISSING_SOURCE_ARTIFACT,Record derived from catalog metadata without packaged physical PDF/HTML artifact.,provenance.document_hash,ef9d86c7e20aad70784b512f2bf34f87b26061ea0cb22d97b8ffe1cf0782bfbd
P0,EVT-IMCA-0005,International Marine Contractors Association (IMCA),MISSING_SOURCE_ARTIFACT,Record derived from catalog metadata without packaged physical PDF/HTML artifact.,provenance.document_hash,3da0022f791abe1054593a304b4e764a07a471c32ec7692295d177e979d10d9d
P0,EVT-IMCA-0006,International Marine Contractors Association (IMCA),MISSING_SOURCE_ARTIFACT,Record derived from catalog metadata without packaged physical PDF/HTML artifact.,provenance.document_hash,4f9b504aaf120de5ac7e66fbabae6e07e72c6c690dc67f6e7a612130dafab62a
P0,EVT-IMCA-0007,International Marine Contractors Association (IMCA),MISSING_SOURCE_ARTIFACT,Record derived from catalog metadata without packaged physical PDF/HTML artifact.,provenance.document_hash,c90f583d4eabbba6dff7d661ac7333d6fb7a1337ec1c4d77793723ab8c19d9a3
P0,EVT-IMCA-0008,International Marine Contractors Association (IMCA),MISSING_SOURCE_ARTIFACT,Record derived from catalog metadata without packaged physical PDF/HTML artifact.,provenance.document_hash,5df291753be9776854c4c633b28d742369ca9f8c4d2d020b1c983d2ae23df81e
P0,EVT-IMCA-0009,International Marine Contractors Association (IMCA),MISSING_SOURCE_ARTIFACT,Record derived from catalog metadata without packaged physical PDF/HTML artifact.,provenance.document_hash,1c0e3f3be3ceffe3611f497d5f8a2fc89ad034c821aca3fbb9dc304b35ba6ec6
P0,EVT-IMCA-0010,International Marine Contractors Association (IMCA),MISSING_SOURCE_ARTIFACT,Record derived from catalog metadata without packaged physical PDF/HTML artifact.,provenance.document_hash,1d1fc8e8a3831e05802287fc51ad22bc963b2a26eda1fff6749f81a06b982e39
P2,EVT-IMCA-0012,International Marine Contractors Association (IMCA),BARRIER_ABSENT_IN_TEXT,Narrative lacks explicit mention of physical or engineered barrier status.,barriers,EMPTY
P2,EVT-IMCA-0017,International Marine Contractors Association (IMCA),BARRIER_ABSENT_IN_TEXT,Narrative lacks explicit mention of physical or engineered barrier status.,barriers,EMPTY
P2,EVT-IMCA-0019,International Marine Contractors Association (IMCA),BARRIER_ABSENT_IN_TEXT,Narrative lacks explicit mention of physical or engineered barrier status.,barriers,EMPTY
P2,EVT-IMCA-0021,International Marine Contractors Association (IMCA),BARRIER_ABSENT_IN_TEXT,Narrative lacks explicit mention of physical or engineered barrier status.,barriers,EMPTY
P2,EVT-IMCA-0022,International Marine Contractors Association (IMCA),BARRIER_ABSENT_IN_TEXT,Narrative lacks explicit mention of physical or engineered barrier status.,barriers,EMPTY
P2,EVT-IMCA-0027,International Marine Contractors Association (IMCA),BARRIER_ABSENT_IN_TEXT,Narrative lacks explicit mention of physical or engineered barrier status.,barriers,EMPTY
P2,EVT-IMCA-0029,International Marine Contractors Association (IMCA),BARRIER_ABSENT_IN_TEXT,Narrative lacks explicit mention of physical or engineered barrier status.,barriers,EMPTY
P2,EVT-IMCA-0030,International Marine Contractors Association (IMCA),BARRIER_ABSENT_IN_TEXT,Narrative lacks explicit mention of physical or engineered barrier status.,barriers,EMPTY
P2,EVT-IMCA-0031,International Marine Contractors Association (IMCA),BARRIER_ABSENT_IN_TEXT,Narrative lacks explicit mention of physical or engineered barrier status.,barriers,EMPTY
P2,EVT-IMCA-0032,International Marine Contractors Association (IMCA),BARRIER_ABSENT_IN_TEXT,Narrative lacks explicit mention of physical or engineered barrier status.,barriers,EMPTY
P2,EVT-IMCA-0037,International Marine Contractors Association (IMCA),BARRIER_ABSENT_IN_TEXT,Narrative lacks explicit mention of physical or engineered barrier status.,barriers,EMPTY
P2,EVT-IMCA-0039,International Marine Contractors Association (IMCA),BARRIER_ABSENT_IN_TEXT,Narrative lacks explicit mention of physical or engineered barrier status.,barriers,EMPTY
P2,EVT-IMCA-0040,International Marine Contractors Association (IMCA),BARRIER_ABSENT_IN_TEXT,Narrative lacks explicit mention of physical or engineered barrier status.,barriers,EMPTY
P2,EVT-IMCA-0042,International Marine Contractors Association (IMCA),BARRIER_ABSENT_IN_TEXT,Narrative lacks explicit mention of physical or engineered barrier status.,barriers,EMPTY
P2,EVT-IMCA-0044,International Marine Contractors Association (IMCA),BARRIER_ABSENT_IN_TEXT,Narrative lacks explicit mention of physical or engineered barrier status.,barriers,EMPTY
P2,EVT-IMCA-0046,International Marine Contractors Association (IMCA),BARRIER_ABSENT_IN_TEXT,Narrative lacks explicit mention of physical or engineered barrier status.,barriers,EMPTY
P2,EVT-IMCA-0052,International Marine Contractors Association (IMCA),BARRIER_ABSENT_IN_TEXT,Narrative lacks explicit mention of physical or engineered barrier status.,barriers,EMPTY
P2,EVT-IMCA-0053,International Marine Contractors Association (IMCA),BARRIER_ABSENT_IN_TEXT,Narrative lacks explicit mention of physical or engineered barrier status.,barriers,EMPTY
P0,EVT-IMCA-0055,International Marine Contractors Association (IMCA),MISSING_SOURCE_ARTIFACT,Record derived from catalog metadata without packaged physical PDF/HTML artifact.,provenance.document_hash,25ad3f8e9ab037afca9459e7365d44db0fd931faff4f01abe4cabc5a473e182f
P0,EVT-IMCA-0056,International Marine Contractors Association (IMCA),MISSING_SOURCE_ARTIFACT,Record derived from catalog metadata without packaged physical PDF/HTML artifact.,provenance.document_hash,a18487e2a79514c0bbfc3815e6a1a88e774f294599cc47a1bbceaca151109f19
P0,EVT-IMCA-0057,International Marine Contractors Association (IMCA),MISSING_SOURCE_ARTIFACT,Record derived from catalog metadata without packaged physical PDF/HTML artifact.,provenance.document_hash,1ff0eb51ff54100505904a98a07391a1d92b8c879824ce295366404def29da78
P2,EVT-IMCA-0058,International Marine Contractors Association (IMCA),BARRIER_ABSENT_IN_TEXT,Narrative lacks explicit mention of physical or engineered barrier status.,barriers,EMPTY
P0,EVT-IMCA-0059,International Marine Contractors Association (IMCA),MISSING_SOURCE_ARTIFACT,Record derived from catalog metadata without packaged physical PDF/HTML artifact.,provenance.document_hash,06c3281d6e4bedb27f07ec62121b3f5f54b045dab511d7f5880598076dbd0933
P0,EVT-IMCA-0060,International Marine Contractors Association (IMCA),MISSING_SOURCE_ARTIFACT,Record derived from catalog metadata without packaged physical PDF/HTML artifact.,provenance.document_hash,717ee25665e7cb9c9080384ad353f9d7b3dd7944263b66d3e7eab2a0f33c5db4
P2,EVT-IMCA-0062,International Marine Contractors Association (IMCA),BARRIER_ABSENT_IN_TEXT,Narrative lacks explicit mention of physical or engineered barrier status.,barriers,EMPTY
P2,EVT-IMCA-0063,International Marine Contractors Association (IMCA),BARRIER_ABSENT_IN_TEXT,Narrative lacks explicit mention of physical or engineered barrier status.,barriers,EMPTY
P0,EVT-IMCA-0064,International Marine Contractors Association (IMCA),MISSING_SOURCE_ARTIFACT,Record derived from catalog metadata without packaged physical PDF/HTML artifact.,provenance.document_hash,032cb82643b112648ab91c0f4fff0752b3b01922a19360d86a0e85d5adce9efb
P2,EVT-IMCA-0065,International Marine Contractors Association (IMCA),BARRIER_ABSENT_IN_TEXT,Narrative lacks explicit mention of physical or engineered barrier status.,barriers,EMPTY
P2,EVT-IMCA-0066,International Marine Contractors Association (IMCA),BARRIER_ABSENT_IN_TEXT,Narrative lacks explicit mention of physical or engineered barrier status.,barriers,EMPTY
P2,EVT-IMCA-0068,International Marine Contractors Association (IMCA),BARRIER_ABSENT_IN_TEXT,Narrative lacks explicit mention of physical or engineered barrier status.,barriers,EMPTY
P2,EVT-IMCA-0069,International Marine Contractors Association (IMCA),BARRIER_ABSENT_IN_TEXT,Narrative lacks explicit mention of physical or engineered barrier status.,barriers,EMPTY
P2,EVT-IMCA-0070,International Marine Contractors Association (IMCA),BARRIER_ABSENT_IN_TEXT,Narrative lacks explicit mention of physical or engineered barrier status.,barriers,EMPTY
P2,EVT-IMCA-0075,International Marine Contractors Association (IMCA),BARRIER_ABSENT_IN_TEXT,Narrative lacks explicit mention of physical or engineered barrier status.,barriers,EMPTY
P2,EVT-IMCA-0077,International Marine Contractors Association (IMCA),BARRIER_ABSENT_IN_TEXT,Narrative lacks explicit mention of physical or engineered barrier status.,barriers,EMPTY
P2,EVT-IMCA-0078,International Marine Contractors Association (IMCA),BARRIER_ABSENT_IN_TEXT,Narrative lacks explicit mention of physical or engineered barrier status.,barriers,EMPTY
P2,EVT-IMCA-0081,International Marine Contractors Association (IMCA),BARRIER_ABSENT_IN_TEXT,Narrative lacks explicit mention of physical or engineered barrier status.,barriers,EMPTY
P2,EVT-IMCA-0082,International Marine Contractors Association (IMCA),BARRIER_ABSENT_IN_TEXT,Narrative lacks explicit mention of physical or engineered barrier status.,barriers,EMPTY
P2,EVT-IMCA-0083,International Marine Contractors Association (IMCA),BARRIER_ABSENT_IN_TEXT,Narrative lacks explicit mention of physical or engineered barrier status.,barriers,EMPTY
P2,EVT-IMCA-0084,International Marine Contractors Association (IMCA),BARRIER_ABSENT_IN_TEXT,Narrative lacks explicit mention of physical or engineered barrier status.,barriers,EMPTY
P2,EVT-IMCA-0085,International Marine Contractors Association (IMCA),BARRIER_ABSENT_IN_TEXT,Narrative lacks explicit mention of physical or engineered barrier status.,barriers,EMPTY
P2,EVT-IMCA-0086,International Marine Contractors Association (IMCA),BARRIER_ABSENT_IN_TEXT,Narrative lacks explicit mention of physical or engineered barrier status.,barriers,EMPTY
P2,EVT-IMCA-0087,International Marine Contractors Association (IMCA),BARRIER_ABSENT_IN_TEXT,Narrative lacks explicit mention of physical or engineered barrier status.,barriers,EMPTY
P2,EVT-IMCA-0088,International Marine Contractors Association (IMCA),BARRIER_ABSENT_IN_TEXT,Narrative lacks explicit mention of physical or engineered barrier status.,barriers,EMPTY
P2,EVT-IMCA-0089,International Marine Contractors Association (IMCA),BARRIER_ABSENT_IN_TEXT,Narrative lacks explicit mention of physical or engineered barrier status.,barriers,EMPTY
P2,EVT-IMCA-0090,International Marine Contractors Association (IMCA),BARRIER_ABSENT_IN_TEXT,Narrative lacks explicit mention of physical or engineered barrier status.,barriers,EMPTY
P2,EVT-IMCA-0092,International Marine Contractors Association (IMCA),BARRIER_ABSENT_IN_TEXT,Narrative lacks explicit mention of physical or engineered barrier status.,barriers,EMPTY
P2,EVT-IMCA-0094,International Marine Contractors Association (IMCA),BARRIER_ABSENT_IN_TEXT,Narrative lacks explicit mention of physical or engineered barrier status.,barriers,EMPTY
P2,EVT-IMCA-0096,International Marine Contractors Association (IMCA),BARRIER_ABSENT_IN_TEXT,Narrative lacks explicit mention of physical or engineered barrier status.,barriers,EMPTY
P2,EVT-IMCA-0097,International Marine Contractors Association (IMCA),BARRIER_ABSENT_IN_TEXT,Narrative lacks explicit mention of physical or engineered barrier status.,barriers,EMPTY
P2,EVT-IMCA-0102,International Marine Contractors Association (IMCA),BARRIER_ABSENT_IN_TEXT,Narrative lacks explicit mention of physical or engineered barrier status.,barriers,EMPTY
P2,EVT-IMCA-0103,International Marine Contractors Association (IMCA),BARRIER_ABSENT_IN_TEXT,Narrative lacks explicit mention of physical or engineered barrier status.,barriers,EMPTY
P2,EVT-IMCA-0104,International Marine Contractors Association (IMCA),BARRIER_ABSENT_IN_TEXT,Narrative lacks explicit mention of physical or engineered barrier status.,barriers,EMPTY
P2,EVT-IMCA-0107,International Marine Contractors Association (IMCA),BARRIER_ABSENT_IN_TEXT,Narrative lacks explicit mention of physical or engineered barrier status.,barriers,EMPTY
P2,EVT-IMCA-0108,International Marine Contractors Association (IMCA),BARRIER_ABSENT_IN_TEXT,Narrative lacks explicit mention of physical or engineered barrier status.,barriers,EMPTY
P2,EVT-IMCA-0110,International Marine Contractors Association (IMCA),BARRIER_ABSENT_IN_TEXT,Narrative lacks explicit mention of physical or engineered barrier status.,barriers,EMPTY
P2,EVT-IMCA-0112,International Marine Contractors Association (IMCA),BARRIER_ABSENT_IN_TEXT,Narrative lacks explicit mention of physical or engineered barrier status.,barriers,EMPTY
P2,EVT-IMCA-0116,International Marine Contractors Association (IMCA),BARRIER_ABSENT_IN_TEXT,Narrative lacks explicit mention of physical or engineered barrier status.,barriers,EMPTY
P2,EVT-IMCA-0120,International Marine Contractors Association (IMCA),BARRIER_ABSENT_IN_TEXT,Narrative lacks explicit mention of physical or engineered barrier status.,barriers,EMPTY
P2,EVT-IMCA-0122,International Marine Contractors Association (IMCA),BARRIER_ABSENT_IN_TEXT,Narrative lacks explicit mention of physical or engineered barrier status.,barriers,EMPTY
P2,EVT-IMCA-0123,International Marine Contractors Association (IMCA),BARRIER_ABSENT_IN_TEXT,Narrative lacks explicit mention of physical or engineered barrier status.,barriers,EMPTY
P2,EVT-IMCA-0125,International Marine Contractors Association (IMCA),BARRIER_ABSENT_IN_TEXT,Narrative lacks explicit mention of physical or engineered barrier status.,barriers,EMPTY
P0,EVT-IMCA-0126,International Marine Contractors Association (IMCA),MISSING_SOURCE_ARTIFACT,Record derived from catalog metadata without packaged physical PDF/HTML artifact.,provenance.document_hash,30d89c39077e82464b980d179487d6434b373a4e7a937df93bb1edd20532c20d
P2,EVT-IMCA-0127,International Marine Contractors Association (IMCA),BARRIER_ABSENT_IN_TEXT,Narrative lacks explicit mention of physical or engineered barrier status.,barriers,EMPTY
P2,EVT-IMCA-0128,International Marine Contractors Association (IMCA),BARRIER_ABSENT_IN_TEXT,Narrative lacks explicit mention of physical or engineered barrier status.,barriers,EMPTY
P2,EVT-IMCA-0132,International Marine Contractors Association (IMCA),BARRIER_ABSENT_IN_TEXT,Narrative lacks explicit mention of physical or engineered barrier status.,barriers,EMPTY
P2,EVT-IMCA-0133,International Marine Contractors Association (IMCA),BARRIER_ABSENT_IN_TEXT,Narrative lacks explicit mention of physical or engineered barrier status.,barriers,EMPTY
P2,EVT-IMCA-0134,International Marine Contractors Association (IMCA),BARRIER_ABSENT_IN_TEXT,Narrative lacks explicit mention of physical or engineered barrier status.,barriers,EMPTY
P2,EVT-IMCA-0135,International Marine Contractors Association (IMCA),BARRIER_ABSENT_IN_TEXT,Narrative lacks explicit mention of physical or engineered barrier status.,barriers,EMPTY
P2,EVT-IMCA-0136,International Marine Contractors Association (IMCA),BARRIER_ABSENT_IN_TEXT,Narrative lacks explicit mention of physical or engineered barrier status.,barriers,EMPTY
P2,EVT-IMCA-0138,International Marine Contractors Association (IMCA),BARRIER_ABSENT_IN_TEXT,Narrative lacks explicit mention of physical or engineered barrier status.,barriers,EMPTY
P2,EVT-IMCA-0139,International Marine Contractors Association (IMCA),BARRIER_ABSENT_IN_TEXT,Narrative lacks explicit mention of physical or engineered barrier status.,barriers,EMPTY
P2,EVT-IMCA-0143,International Marine Contractors Association (IMCA),BARRIER_ABSENT_IN_TEXT,Narrative lacks explicit mention of physical or engineered barrier status.,barriers,EMPTY
P2,EVT-IMCA-0146,International Marine Contractors Association (IMCA),BARRIER_ABSENT_IN_TEXT,Narrative lacks explicit mention of physical or engineered barrier status.,barriers,EMPTY
P2,EVT-IMCA-0148,International Marine Contractors Association (IMCA),BARRIER_ABSENT_IN_TEXT,Narrative lacks explicit mention of physical or engineered barrier status.,barriers,EMPTY
P2,EVT-IMCA-0149,International Marine Contractors Association (IMCA),BARRIER_ABSENT_IN_TEXT,Narrative lacks explicit mention of physical or engineered barrier status.,barriers,EMPTY
P2,EVT-IMCA-0150,International Marine Contractors Association (IMCA),BARRIER_ABSENT_IN_TEXT,Narrative lacks explicit mention of physical or engineered barrier status.,barriers,EMPTY
P2,EVT-IMCA-0152,International Marine Contractors Association (IMCA),BARRIER_ABSENT_IN_TEXT,Narrative lacks explicit mention of physical or engineered barrier status.,barriers,EMPTY
P2,EVT-IMCA-0158,International Marine Contractors Association (IMCA),BARRIER_ABSENT_IN_TEXT,Narrative lacks explicit mention of physical or engineered barrier status.,barriers,EMPTY
P2,EVT-IMCA-0159,International Marine Contractors Association (IMCA),BARRIER_ABSENT_IN_TEXT,Narrative lacks explicit mention of physical or engineered barrier status.,barriers,EMPTY
P2,EVT-IMCA-0160,International Marine Contractors Association (IMCA),BARRIER_ABSENT_IN_TEXT,Narrative lacks explicit mention of physical or engineered barrier status.,barriers,EMPTY
P2,EVT-IMCA-0161,International Marine Contractors Association (IMCA),BARRIER_ABSENT_IN_TEXT,Narrative lacks explicit mention of physical or engineered barrier status.,barriers,EMPTY
P2,EVT-IMCA-0162,International Marine Contractors Association (IMCA),BARRIER_ABSENT_IN_TEXT,Narrative lacks explicit mention of physical or engineered barrier status.,barriers,EMPTY
P2,EVT-IMCA-0163,International Marine Contractors Association (IMCA),BARRIER_ABSENT_IN_TEXT,Narrative lacks explicit mention of physical or engineered barrier status.,barriers,EMPTY
P2,EVT-IMCA-0164,International Marine Contractors Association (IMCA),BARRIER_ABSENT_IN_TEXT,Narrative lacks explicit mention of physical or engineered barrier status.,barriers,EMPTY
P2,EVT-IMCA-0165,International Marine Contractors Association (IMCA),BARRIER_ABSENT_IN_TEXT,Narrative lacks explicit mention of physical or engineered barrier status.,barriers,EMPTY
P2,EVT-IMCA-0166,International Marine Contractors Association (IMCA),BARRIER_ABSENT_IN_TEXT,Narrative lacks explicit mention of physical or engineered barrier status.,barriers,EMPTY
P2,EVT-IMCA-0168,International Marine Contractors Association (IMCA),BARRIER_ABSENT_IN_TEXT,Narrative lacks explicit mention of physical or engineered barrier status.,barriers,EMPTY
P2,EVT-IMCA-0169,International Marine Contractors Association (IMCA),BARRIER_ABSENT_IN_TEXT,Narrative lacks explicit mention of physical or engineered barrier status.,barriers,EMPTY
P2,EVT-IMCA-0170,International Marine Contractors Association (IMCA),BARRIER_ABSENT_IN_TEXT,Narrative lacks explicit mention of physical or engineered barrier status.,barriers,EMPTY
P2,EVT-IMCA-0172,International Marine Contractors Association (IMCA),BARRIER_ABSENT_IN_TEXT,Narrative lacks explicit mention of physical or engineered barrier status.,barriers,EMPTY
P2,EVT-IMCA-0173,International Marine Contractors Association (IMCA),BARRIER_ABSENT_IN_TEXT,Narrative lacks explicit mention of physical or engineered barrier status.,barriers,EMPTY
P2,EVT-IMCA-0174,International Marine Contractors Association (IMCA),BARRIER_ABSENT_IN_TEXT,Narrative lacks explicit mention of physical or engineered barrier status.,barriers,EMPTY
P2,EVT-IMCA-0175,International Marine Contractors Association (IMCA),BARRIER_ABSENT_IN_TEXT,Narrative lacks explicit mention of physical or engineered barrier status.,barriers,EMPTY
P2,EVT-IMCA-0176,International Marine Contractors Association (IMCA),BARRIER_ABSENT_IN_TEXT,Narrative lacks explicit mention of physical or engineered barrier status.,barriers,EMPTY
P2,EVT-IMCA-0177,International Marine Contractors Association (IMCA),BARRIER_ABSENT_IN_TEXT,Narrative lacks explicit mention of physical or engineered barrier status.,barriers,EMPTY
P2,EVT-IMCA-0179,International Marine Contractors Association (IMCA),BARRIER_ABSENT_IN_TEXT,Narrative lacks explicit mention of physical or engineered barrier status.,barriers,EMPTY
P2,EVT-IMCA-0180,International Marine Contractors Association (IMCA),BARRIER_ABSENT_IN_TEXT,Narrative lacks explicit mention of physical or engineered barrier status.,barriers,EMPTY
P2,EVT-IMCA-0182,International Marine Contractors Association (IMCA),BARRIER_ABSENT_IN_TEXT,Narrative lacks explicit mention of physical or engineered barrier status.,barriers,EMPTY
P2,EVT-IMCA-0184,International Marine Contractors Association (IMCA),BARRIER_ABSENT_IN_TEXT,Narrative lacks explicit mention of physical or engineered barrier status.,barriers,EMPTY
P2,EVT-IMCA-0189,International Marine Contractors Association (IMCA),BARRIER_ABSENT_IN_TEXT,Narrative lacks explicit mention of physical or engineered barrier status.,barriers,EMPTY
P2,EVT-IMCA-0191,International Marine Contractors Association (IMCA),BARRIER_ABSENT_IN_TEXT,Narrative lacks explicit mention of physical or engineered barrier status.,barriers,EMPTY
P2,EVT-IMCA-0193,International Marine Contractors Association (IMCA),BARRIER_ABSENT_IN_TEXT,Narrative lacks explicit mention of physical or engineered barrier status.,barriers,EMPTY
P2,EVT-IMCA-0195,International Marine Contractors Association (IMCA),BARRIER_ABSENT_IN_TEXT,Narrative lacks explicit mention of physical or engineered barrier status.,barriers,EMPTY
P2,EVT-IMCA-0196,International Marine Contractors Association (IMCA),BARRIER_ABSENT_IN_TEXT,Narrative lacks explicit mention of physical or engineered barrier status.,barriers,EMPTY
P2,EVT-IMCA-0197,International Marine Contractors Association (IMCA),BARRIER_ABSENT_IN_TEXT,Narrative lacks explicit mention of physical or engineered barrier status.,barriers,EMPTY
P2,EVT-IMCA-0198,International Marine Contractors Association (IMCA),BARRIER_ABSENT_IN_TEXT,Narrative lacks explicit mention of physical or engineered barrier status.,barriers,EMPTY
P2,EVT-IMCA-0201,International Marine Contractors Association (IMCA),BARRIER_ABSENT_IN_TEXT,Narrative lacks explicit mention of physical or engineered barrier status.,barriers,EMPTY
P2,EVT-IMCA-0202,International Marine Contractors Association (IMCA),BARRIER_ABSENT_IN_TEXT,Narrative lacks explicit mention of physical or engineered barrier status.,barriers,EMPTY
P2,EVT-IMCA-0203,International Marine Contractors Association (IMCA),BARRIER_ABSENT_IN_TEXT,Narrative lacks explicit mention of physical or engineered barrier status.,barriers,EMPTY
P2,EVT-IMCA-0204,International Marine Contractors Association (IMCA),BARRIER_ABSENT_IN_TEXT,Narrative lacks explicit mention of physical or engineered barrier status.,barriers,EMPTY
P0,EVT-IMCA-0205,International Marine Contractors Association (IMCA),MISSING_SOURCE_ARTIFACT,Record derived from catalog metadata without packaged physical PDF/HTML artifact.,provenance.document_hash,354e48195636057f89ea406a08a9aa7bd9163d0ad008d5fc07b405a0ff3830e3
P2,EVT-IMCA-0210,International Marine Contractors Association (IMCA),BARRIER_ABSENT_IN_TEXT,Narrative lacks explicit mention of physical or engineered barrier status.,barriers,EMPTY
P2,EVT-IMCA-0212,International Marine Contractors Association (IMCA),BARRIER_ABSENT_IN_TEXT,Narrative lacks explicit mention of physical or engineered barrier status.,barriers,EMPTY
P2,EVT-IMCA-0213,International Marine Contractors Association (IMCA),BARRIER_ABSENT_IN_TEXT,Narrative lacks explicit mention of physical or engineered barrier status.,barriers,EMPTY
P2,EVT-IMCA-0215,International Marine Contractors Association (IMCA),BARRIER_ABSENT_IN_TEXT,Narrative lacks explicit mention of physical or engineered barrier status.,barriers,EMPTY
P2,EVT-IMCA-0216,International Marine Contractors Association (IMCA),BARRIER_ABSENT_IN_TEXT,Narrative lacks explicit mention of physical or engineered barrier status.,barriers,EMPTY
P2,EVT-IMCA-0217,International Marine Contractors Association (IMCA),BARRIER_ABSENT_IN_TEXT,Narrative lacks explicit mention of physical or engineered barrier status.,barriers,EMPTY
P2,EVT-IMCA-0218,International Marine Contractors Association (IMCA),BARRIER_ABSENT_IN_TEXT,Narrative lacks explicit mention of physical or engineered barrier status.,barriers,EMPTY
P2,EVT-IMCA-0221,International Marine Contractors Association (IMCA),BARRIER_ABSENT_IN_TEXT,Narrative lacks explicit mention of physical or engineered barrier status.,barriers,EMPTY
P2,EVT-IMCA-0224,International Marine Contractors Association (IMCA),BARRIER_ABSENT_IN_TEXT,Narrative lacks explicit mention of physical or engineered barrier status.,barriers,EMPTY
P2,EVT-IMCA-0226,International Marine Contractors Association (IMCA),BARRIER_ABSENT_IN_TEXT,Narrative lacks explicit mention of physical or engineered barrier status.,barriers,EMPTY
P2,EVT-IMCA-0227,International Marine Contractors Association (IMCA),BARRIER_ABSENT_IN_TEXT,Narrative lacks explicit mention of physical or engineered barrier status.,barriers,EMPTY
P2,EVT-IMCA-0228,International Marine Contractors Association (IMCA),BARRIER_ABSENT_IN_TEXT,Narrative lacks explicit mention of physical or engineered barrier status.,barriers,EMPTY
P2,EVT-IMCA-0229,International Marine Contractors Association (IMCA),BARRIER_ABSENT_IN_TEXT,Narrative lacks explicit mention of physical or engineered barrier status.,barriers,EMPTY
P2,EVT-IMCA-0231,International Marine Contractors Association (IMCA),BARRIER_ABSENT_IN_TEXT,Narrative lacks explicit mention of physical or engineered barrier status.,barriers,EMPTY
P2,EVT-IMCA-0232,International Marine Contractors Association (IMCA),BARRIER_ABSENT_IN_TEXT,Narrative lacks explicit mention of physical or engineered barrier status.,barriers,EMPTY
P2,EVT-IMCA-0233,International Marine Contractors Association (IMCA),BARRIER_ABSENT_IN_TEXT,Narrative lacks explicit mention of physical or engineered barrier status.,barriers,EMPTY
P2,EVT-IMCA-0234,International Marine Contractors Association (IMCA),BARRIER_ABSENT_IN_TEXT,Narrative lacks explicit mention of physical or engineered barrier status.,barriers,EMPTY
P2,EVT-IMCA-0235,International Marine Contractors Association (IMCA),BARRIER_ABSENT_IN_TEXT,Narrative lacks explicit mention of physical or engineered barrier status.,barriers,EMPTY
P2,EVT-IMCA-0237,International Marine Contractors Association (IMCA),BARRIER_ABSENT_IN_TEXT,Narrative lacks explicit mention of physical or engineered barrier status.,barriers,EMPTY
P2,EVT-IMCA-0239,International Marine Contractors Association (IMCA),BARRIER_ABSENT_IN_TEXT,Narrative lacks explicit mention of physical or engineered barrier status.,barriers,EMPTY
P2,EVT-IMCA-0240,International Marine Contractors Association (IMCA),BARRIER_ABSENT_IN_TEXT,Narrative lacks explicit mention of physical or engineered barrier status.,barriers,EMPTY
P2,EVT-IMCA-0241,International Marine Contractors Association (IMCA),BARRIER_ABSENT_IN_TEXT,Narrative lacks explicit mention of physical or engineered barrier status.,barriers,EMPTY
P2,EVT-IMCA-0245,International Marine Contractors Association (IMCA),BARRIER_ABSENT_IN_TEXT,Narrative lacks explicit mention of physical or engineered barrier status.,barriers,EMPTY
P2,EVT-IMCA-0248,International Marine Contractors Association (IMCA),BARRIER_ABSENT_IN_TEXT,Narrative lacks explicit mention of physical or engineered barrier status.,barriers,EMPTY
P2,EVT-IMCA-0249,International Marine Contractors Association (IMCA),BARRIER_ABSENT_IN_TEXT,Narrative lacks explicit mention of physical or engineered barrier status.,barriers,EMPTY
P2,EVT-IMCA-0251,International Marine Contractors Association (IMCA),BARRIER_ABSENT_IN_TEXT,Narrative lacks explicit mention of physical or engineered barrier status.,barriers,EMPTY
P2,EVT-IMCA-0253,International Marine Contractors Association (IMCA),BARRIER_ABSENT_IN_TEXT,Narrative lacks explicit mention of physical or engineered barrier status.,barriers,EMPTY
P2,EVT-IMCA-0255,International Marine Contractors Association (IMCA),BARRIER_ABSENT_IN_TEXT,Narrative lacks explicit mention of physical or engineered barrier status.,barriers,EMPTY
P0,EVT-IMCA-0256,International Marine Contractors Association (IMCA),MISSING_SOURCE_ARTIFACT,Record derived from catalog metadata without packaged physical PDF/HTML artifact.,provenance.document_hash,e8e090b6084aa1a1070fbcbac41566f4f95d33c6193283a2e05e05d49453a813
P2,EVT-IMCA-0257,International Marine Contractors Association (IMCA),BARRIER_ABSENT_IN_TEXT,Narrative lacks explicit mention of physical or engineered barrier status.,barriers,EMPTY
P2,EVT-IMCA-0263,International Marine Contractors Association (IMCA),BARRIER_ABSENT_IN_TEXT,Narrative lacks explicit mention of physical or engineered barrier status.,barriers,EMPTY
P2,EVT-IMCA-0265,International Marine Contractors Association (IMCA),BARRIER_ABSENT_IN_TEXT,Narrative lacks explicit mention of physical or engineered barrier status.,barriers,EMPTY
P2,EVT-IMCA-0267,International Marine Contractors Association (IMCA),BARRIER_ABSENT_IN_TEXT,Narrative lacks explicit mention of physical or engineered barrier status.,barriers,EMPTY
P0,EVT-IMCA-0270,International Marine Contractors Association (IMCA),MISSING_SOURCE_ARTIFACT,Record derived from catalog metadata without packaged physical PDF/HTML artifact.,provenance.document_hash,6655faf9822450e068974890b36c6c74126bc34763d5547da666508fb304dc52
P2,EVT-IMCA-0271,International Marine Contractors Association (IMCA),BARRIER_ABSENT_IN_TEXT,Narrative lacks explicit mention of physical or engineered barrier status.,barriers,EMPTY
P2,EVT-IMCA-0274,International Marine Contractors Association (IMCA),BARRIER_ABSENT_IN_TEXT,Narrative lacks explicit mention of physical or engineered barrier status.,barriers,EMPTY
P2,EVT-IMCA-0276,International Marine Contractors Association (IMCA),BARRIER_ABSENT_IN_TEXT,Narrative lacks explicit mention of physical or engineered barrier status.,barriers,EMPTY
P2,EVT-IMCA-0277,International Marine Contractors Association (IMCA),BARRIER_ABSENT_IN_TEXT,Narrative lacks explicit mention of physical or engineered barrier status.,barriers,EMPTY
P2,EVT-IMCA-0280,International Marine Contractors Association (IMCA),BARRIER_ABSENT_IN_TEXT,Narrative lacks explicit mention of physical or engineered barrier status.,barriers,EMPTY
P0,EVT-IMCA-0283,International Marine Contractors Association (IMCA),MISSING_SOURCE_ARTIFACT,Record derived from catalog metadata without packaged physical PDF/HTML artifact.,provenance.document_hash,6beb9f636f856589ead1893e7d1ee7e9326a4c4275a8f0a02b970217e6e94bfb
P0,EVT-IMCA-0284,International Marine Contractors Association (IMCA),MISSING_SOURCE_ARTIFACT,Record derived from catalog metadata without packaged physical PDF/HTML artifact.,provenance.document_hash,8a6a6be5a99f9aad133e2c01784554301f861cea3254cf6394e366c6ae8df9f1
P0,EVT-IMCA-0287,International Marine Contractors Association (IMCA),MISSING_SOURCE_ARTIFACT,Record derived from catalog metadata without packaged physical PDF/HTML artifact.,provenance.document_hash,8c26c170ad58a932a58089b60aae9797367ed370700e832782e2a7eec4e3466d
P2,EVT-IMCA-0288,International Marine Contractors Association (IMCA),BARRIER_ABSENT_IN_TEXT,Narrative lacks explicit mention of physical or engineered barrier status.,barriers,EMPTY
P2,EVT-IMCA-0289,International Marine Contractors Association (IMCA),BARRIER_ABSENT_IN_TEXT,Narrative lacks explicit mention of physical or engineered barrier status.,barriers,EMPTY
P2,EVT-IMCA-0290,International Marine Contractors Association (IMCA),BARRIER_ABSENT_IN_TEXT,Narrative lacks explicit mention of physical or engineered barrier status.,barriers,EMPTY
P0,EVT-IMCA-0291,International Marine Contractors Association (IMCA),MISSING_SOURCE_ARTIFACT,Record derived from catalog metadata without packaged physical PDF/HTML artifact.,provenance.document_hash,ffcc79dc6f01f5eb462c529467ecd5d3fe6783f69842112f9e0cdb3fc75cf3d7
P0,EVT-IMCA-0292,International Marine Contractors Association (IMCA),MISSING_SOURCE_ARTIFACT,Record derived from catalog metadata without packaged physical PDF/HTML artifact.,provenance.document_hash,e29b8432427d53011ddb349a72aa30acabb5d97480e36cfaebe7ce8b22b22d4b
P0,EVT-IMCA-0293,International Marine Contractors Association (IMCA),MISSING_SOURCE_ARTIFACT,Record derived from catalog metadata without packaged physical PDF/HTML artifact.,provenance.document_hash,91f8b5d2c3da835f146e608816f4c40f0839c0ae5862204fba83bf9aea735b89
P0,EVT-IMCA-0294,International Marine Contractors Association (IMCA),MISSING_SOURCE_ARTIFACT,Record derived from catalog metadata without packaged physical PDF/HTML artifact.,provenance.document_hash,3b1d22867a376c419910da11fe17d56bd6ca5678d48a158831ece93c779d56c6
P0,EVT-IMCA-0295,International Marine Contractors Association (IMCA),MISSING_SOURCE_ARTIFACT,Record derived from catalog metadata without packaged physical PDF/HTML artifact.,provenance.document_hash,d8fb50fa666a00b4bee013e14b4bc352c9c2591b9e184f80f69b73f2d0dbde2f
P0,EVT-IMCA-0296,International Marine Contractors Association (IMCA),MISSING_SOURCE_ARTIFACT,Record derived from catalog metadata without packaged physical PDF/HTML artifact.,provenance.document_hash,28fae4ded28fb05e27d2e9815a2378a20ca26ebfd171150c8d1b462e7fd50909
P0,EVT-IMCA-0297,International Marine Contractors Association (IMCA),MISSING_SOURCE_ARTIFACT,Record derived from catalog metadata without packaged physical PDF/HTML artifact.,provenance.document_hash,125dcf18713cf90eafd85c124c5d97a0edd2b345aa98a8fff62686798ea21d27
P0,EVT-IMCA-0298,International Marine Contractors Association (IMCA),MISSING_SOURCE_ARTIFACT,Record derived from catalog metadata without packaged physical PDF/HTML artifact.,provenance.document_hash,e8027ea1cc848ff642377f512e94631f0da3358d8e92a99aa3ab251dabee5619
P0,EVT-IMCA-0299,International Marine Contractors Association (IMCA),MISSING_SOURCE_ARTIFACT,Record derived from catalog metadata without packaged physical PDF/HTML artifact.,provenance.document_hash,acf21101d018bd40fbad3042196e20c794e804f45e085b34bef9aa9dfd59a656
P0,EVT-IMCA-0300,International Marine Contractors Association (IMCA),MISSING_SOURCE_ARTIFACT,Record derived from catalog metadata without packaged physical PDF/HTML artifact.,provenance.document_hash,2d7ea02477cb53d9e4c476732fb7ce1f7f2c0e52779317875ca67ffe2593e54a
P0,EVT-IMCA-0301,International Marine Contractors Association (IMCA),MISSING_SOURCE_ARTIFACT,Record derived from catalog metadata without packaged physical PDF/HTML artifact.,provenance.document_hash,0836684c5f90fd827c8c078151d026b4b9849304d8717d600654ddaa7fc58552
P0,EVT-IMCA-0302,International Marine Contractors Association (IMCA),MISSING_SOURCE_ARTIFACT,Record derived from catalog metadata without packaged physical PDF/HTML artifact.,provenance.document_hash,03981c7e208ca35ce43acd62c5e6682b31ff2f5b27b34c9973631f4a0db2f5b8
P0,EVT-IMCA-0303,International Marine Contractors Association (IMCA),MISSING_SOURCE_ARTIFACT,Record derived from catalog metadata without packaged physical PDF/HTML artifact.,provenance.document_hash,bab52ad68728ceb5796d3ede308813923f2721912461191122ff15a131bc5d7b
P0,EVT-IMCA-0304,International Marine Contractors Association (IMCA),MISSING_SOURCE_ARTIFACT,Record derived from catalog metadata without packaged physical PDF/HTML artifact.,provenance.document_hash,578b869b1c486a3bd05344d6f474e5c645304b79b39e59c1bca4f061b10cd1f4
P0,EVT-IMCA-0305,International Marine Contractors Association (IMCA),MISSING_SOURCE_ARTIFACT,Record derived from catalog metadata without packaged physical PDF/HTML artifact.,provenance.document_hash,15976235ec0624797288c159367f3c3a20a03fe87a5be1772a9602c3117649cb
P0,EVT-IMCA-0306,International Marine Contractors Association (IMCA),MISSING_SOURCE_ARTIFACT,Record derived from catalog metadata without packaged physical PDF/HTML artifact.,provenance.document_hash,5d1873294b1abec3fd47dfeef8179582d0e6247d6dcb373306111ec98b6b59fe
P0,EVT-IMCA-0307,International Marine Contractors Association (IMCA),MISSING_SOURCE_ARTIFACT,Record derived from catalog metadata without packaged physical PDF/HTML artifact.,provenance.document_hash,94ff2691d66f1f65794b5affd775b3d812cf2277cb64d8f0d7d02138324337c2
P0,EVT-IMCA-0308,International Marine Contractors Association (IMCA),MISSING_SOURCE_ARTIFACT,Record derived from catalog metadata without packaged physical PDF/HTML artifact.,provenance.document_hash,27adbcf10c002b1079851dfe6a1cef02c5bcc26766339528110df750a320609f
P0,EVT-IMCA-0309,International Marine Contractors Association (IMCA),MISSING_SOURCE_ARTIFACT,Record derived from catalog metadata without packaged physical PDF/HTML artifact.,provenance.document_hash,fb86777464f47015662c94115c19ae0a640b98333685992610921e3618687cc1
P0,EVT-IMCA-0310,International Marine Contractors Association (IMCA),MISSING_SOURCE_ARTIFACT,Record derived from catalog metadata without packaged physical PDF/HTML artifact.,provenance.document_hash,1c98b9c161dd61aeb4e32d5c42e8a0b5c76add786d7fd095484d4fe254378ad1
P0,EVT-IMCA-0311,International Marine Contractors Association (IMCA),MISSING_SOURCE_ARTIFACT,Record derived from catalog metadata without packaged physical PDF/HTML artifact.,provenance.document_hash,2f20047d144ce9181be97b7e593111117e5f4200d77abdbcedd94224edd4995e
P0,EVT-IMCA-0312,International Marine Contractors Association (IMCA),MISSING_SOURCE_ARTIFACT,Record derived from catalog metadata without packaged physical PDF/HTML artifact.,provenance.document_hash,197624c615a166ff795ff8cd9d3c5a0dc2045122fef69b9cec30fa306d8f5d62
P0,EVT-IMCA-0313,International Marine Contractors Association (IMCA),MISSING_SOURCE_ARTIFACT,Record derived from catalog metadata without packaged physical PDF/HTML artifact.,provenance.document_hash,c734e32259fd6d0a0fe2ce45716cc4b64226e3e47de351191995b065adc5369a
P0,EVT-IMCA-0314,International Marine Contractors Association (IMCA),MISSING_SOURCE_ARTIFACT,Record derived from catalog metadata without packaged physical PDF/HTML artifact.,provenance.document_hash,659b7249040fb30225c665a88454f68264575040bad0ae04f55f7d8251788351
P0,EVT-IMCA-0315,International Marine Contractors Association (IMCA),MISSING_SOURCE_ARTIFACT,Record derived from catalog metadata without packaged physical PDF/HTML artifact.,provenance.document_hash,030f44a120beb41acc19dba361138ecdf5a5b4214f5563977d7df22a3068c960
P0,EVT-IMCA-0316,International Marine Contractors Association (IMCA),MISSING_SOURCE_ARTIFACT,Record derived from catalog metadata without packaged physical PDF/HTML artifact.,provenance.document_hash,8d0ca1e0223728cd165f1d8fe62b5eb0d9ac51b472507c5cca54defab638c6df
P0,EVT-IMCA-0317,International Marine Contractors Association (IMCA),MISSING_SOURCE_ARTIFACT,Record derived from catalog metadata without packaged physical PDF/HTML artifact.,provenance.document_hash,672777103fca66b65fd5e4e6f3caad7fde9eb3b6083e24ed75eba05abbf5b2de
P0,EVT-IMCA-0318,International Marine Contractors Association (IMCA),MISSING_SOURCE_ARTIFACT,Record derived from catalog metadata without packaged physical PDF/HTML artifact.,provenance.document_hash,e0ccf9fc9c331d7ba3d57c708b247f3ec8df6e7e2ee5c1c506e337e4f602f414
P0,EVT-IMCA-0319,International Marine Contractors Association (IMCA),MISSING_SOURCE_ARTIFACT,Record derived from catalog metadata without packaged physical PDF/HTML artifact.,provenance.document_hash,5e70f6a0921d4321a0571417600e424757526c8714057286159e06fe8ee63f60
P0,EVT-IMCA-0320,International Marine Contractors Association (IMCA),MISSING_SOURCE_ARTIFACT,Record derived from catalog metadata without packaged physical PDF/HTML artifact.,provenance.document_hash,ed34749b161be2680e4555fe5f69b2c1eadcffc47aa85aa518f6ec1cc3c8351c
P0,EVT-IMCA-0321,International Marine Contractors Association (IMCA),MISSING_SOURCE_ARTIFACT,Record derived from catalog metadata without packaged physical PDF/HTML artifact.,provenance.document_hash,e7bf6088d16a1c1b25943ac607aaa6975522e997143ac0fdf5de50f51c96fa12
P0,EVT-IMCA-0322,International Marine Contractors Association (IMCA),MISSING_SOURCE_ARTIFACT,Record derived from catalog metadata without packaged physical PDF/HTML artifact.,provenance.document_hash,a098682ab878a1032c2a81dfa3df843138a33921f1c437cebca3af19fcdabdf5
P0,EVT-IMCA-0323,International Marine Contractors Association (IMCA),MISSING_SOURCE_ARTIFACT,Record derived from catalog metadata without packaged physical PDF/HTML artifact.,provenance.document_hash,307dc421591566e30a7b2c573a886f6ad1acf3e40d31fd628050dc8136427e39
P0,EVT-IMCA-0324,International Marine Contractors Association (IMCA),MISSING_SOURCE_ARTIFACT,Record derived from catalog metadata without packaged physical PDF/HTML artifact.,provenance.document_hash,e14355d14792c8cd25bb8eb1c9775636f66f7967e5e575a7207d1f44b612e8d9
P0,EVT-IMCA-0325,International Marine Contractors Association (IMCA),MISSING_SOURCE_ARTIFACT,Record derived from catalog metadata without packaged physical PDF/HTML artifact.,provenance.document_hash,1151c85c6bbf1ef5ce408dba112639b15267a7681ab4aac9797590155b0ac93a
P0,EVT-IMCA-0326,International Marine Contractors Association (IMCA),MISSING_SOURCE_ARTIFACT,Record derived from catalog metadata without packaged physical PDF/HTML artifact.,provenance.document_hash,50404ae8695943cbb2ea0c44f435b03e97b6604c866bd926032fde7813d8faa4
P0,EVT-IMCA-0327,International Marine Contractors Association (IMCA),MISSING_SOURCE_ARTIFACT,Record derived from catalog metadata without packaged physical PDF/HTML artifact.,provenance.document_hash,b53720a4aac9c88cd76b00819ab33db09021c42cc0b7edeb8ba68664e18401b4
P0,EVT-IMCA-0328,International Marine Contractors Association (IMCA),MISSING_SOURCE_ARTIFACT,Record derived from catalog metadata without packaged physical PDF/HTML artifact.,provenance.document_hash,f62e121c6470dba3d6bc4b6dce643d0d797d0ebd81223b2383354cd9d212341a
P0,EVT-IMCA-0329,International Marine Contractors Association (IMCA),MISSING_SOURCE_ARTIFACT,Record derived from catalog metadata without packaged physical PDF/HTML artifact.,provenance.document_hash,969c08fbd57ceb3459fddb2dedc97c8f4ac9fb32ccd4955b6bffb4058330ba86
P0,EVT-IMCA-0330,International Marine Contractors Association (IMCA),MISSING_SOURCE_ARTIFACT,Record derived from catalog metadata without packaged physical PDF/HTML artifact.,provenance.document_hash,6eb985e2e3fa3807c6d3c5ed1812bb8fa71c9bc14aaa0e1859adbdf5210932af
P0,EVT-IMCA-0331,International Marine Contractors Association (IMCA),MISSING_SOURCE_ARTIFACT,Record derived from catalog metadata without packaged physical PDF/HTML artifact.,provenance.document_hash,d798bb85426714b9e4602cfe16373cee3ee6a65be6f5d796c3414321e7989fe1
P0,EVT-IMCA-0332,International Marine Contractors Association (IMCA),MISSING_SOURCE_ARTIFACT,Record derived from catalog metadata without packaged physical PDF/HTML artifact.,provenance.document_hash,5392c50136167d2717b11bb7826c51d8cd5e14fe625c9a2162d87fb92e841736
P0,EVT-IMCA-0333,International Marine Contractors Association (IMCA),MISSING_SOURCE_ARTIFACT,Record derived from catalog metadata without packaged physical PDF/HTML artifact.,provenance.document_hash,e22fb64cde79ae070991cd599d87f00c834a52a412ef1d91a2dceb98f6c75057
P0,EVT-IMCA-0334,International Marine Contractors Association (IMCA),MISSING_SOURCE_ARTIFACT,Record derived from catalog metadata without packaged physical PDF/HTML artifact.,provenance.document_hash,fb13a4e2a2f4bb6f112a3a189f209ec926e8a411cd3a4ee316497da8da725ec0
P0,EVT-IMCA-0335,International Marine Contractors Association (IMCA),MISSING_SOURCE_ARTIFACT,Record derived from catalog metadata without packaged physical PDF/HTML artifact.,provenance.document_hash,46471447a90f3f66d8e20ae76bcaaea5f186b7c9cb53c96923d90877a6947242
P0,EVT-IMCA-0336,International Marine Contractors Association (IMCA),MISSING_SOURCE_ARTIFACT,Record derived from catalog metadata without packaged physical PDF/HTML artifact.,provenance.document_hash,6470a25ca049748a0a6d539f47d39b70436c282bfa0e83e5ae3c182a55922571
P0,EVT-IMCA-0337,International Marine Contractors Association (IMCA),MISSING_SOURCE_ARTIFACT,Record derived from catalog metadata without packaged physical PDF/HTML artifact.,provenance.document_hash,6719406b1840f783e6e0574f69ed3bcea185fede6ae1605c071088c4215dae0c
P0,EVT-IMCA-0338,International Marine Contractors Association (IMCA),MISSING_SOURCE_ARTIFACT,Record derived from catalog metadata without packaged physical PDF/HTML artifact.,provenance.document_hash,d466d59d14829b3706fb9209a79b8d8a816906782c79835e795c1c900507e089
P0,EVT-IMCA-0339,International Marine Contractors Association (IMCA),MISSING_SOURCE_ARTIFACT,Record derived from catalog metadata without packaged physical PDF/HTML artifact.,provenance.document_hash,feb92f5e6831cd5b2cb832b93b36e9c8a223c57fee7bb26667ecb951eec40948
P0,EVT-IMCA-0340,International Marine Contractors Association (IMCA),MISSING_SOURCE_ARTIFACT,Record derived from catalog metadata without packaged physical PDF/HTML artifact.,provenance.document_hash,329a230a0d2f8f761f8e366837ebb24677496e87e7d94cffd0e92f7d9a5f92f0
P0,EVT-IMCA-0341,International Marine Contractors Association (IMCA),MISSING_SOURCE_ARTIFACT,Record derived from catalog metadata without packaged physical PDF/HTML artifact.,provenance.document_hash,320a052fb44f5c6459f41744612677a7d5b322f5db4fd9df45cebd4f1cb197c7
P0,EVT-IMCA-0342,International Marine Contractors Association (IMCA),MISSING_SOURCE_ARTIFACT,Record derived from catalog metadata without packaged physical PDF/HTML artifact.,provenance.document_hash,bdd685d50778d49a73fb934f3d7c72b4f2801e9959a5fe0fe8a2b94848f0023e
P0,EVT-IMCA-0343,International Marine Contractors Association (IMCA),MISSING_SOURCE_ARTIFACT,Record derived from catalog metadata without packaged physical PDF/HTML artifact.,provenance.document_hash,1470607d6b98c9dce4da5de8d0cb7f0cdf4b5a161c0aedfac1806b1f097362ad
P0,EVT-IMCA-0344,International Marine Contractors Association (IMCA),MISSING_SOURCE_ARTIFACT,Record derived from catalog metadata without packaged physical PDF/HTML artifact.,provenance.document_hash,ca6c235752197d4e47ae921fdf5b0a225a20dffe9f022a2c627ab13d522a40ea
P0,EVT-IMCA-0345,International Marine Contractors Association (IMCA),MISSING_SOURCE_ARTIFACT,Record derived from catalog metadata without packaged physical PDF/HTML artifact.,provenance.document_hash,b17e6424d71ac3042b5f37167a2f2cda10f0d11be4e8153a0eecb44523531f13
P0,EVT-IMCA-0346,International Marine Contractors Association (IMCA),MISSING_SOURCE_ARTIFACT,Record derived from catalog metadata without packaged physical PDF/HTML artifact.,provenance.document_hash,854c4a71c55913cb6e86a907f4724d9b0236e9d9db3b0f66e92d11b6aa5e2b38
P0,EVT-IMCA-0347,International Marine Contractors Association (IMCA),MISSING_SOURCE_ARTIFACT,Record derived from catalog metadata without packaged physical PDF/HTML artifact.,provenance.document_hash,3c8363baea8ea9953cb6070979b50765b65d64e6acc2fbb05d58f33934b4b75a
P0,EVT-IMCA-0348,International Marine Contractors Association (IMCA),MISSING_SOURCE_ARTIFACT,Record derived from catalog metadata without packaged physical PDF/HTML artifact.,provenance.document_hash,f009ad3020076ebe76ca3a24fb04c432177412d36f22134d8e28d02dd8a3fd15
P0,EVT-IMCA-0349,International Marine Contractors Association (IMCA),MISSING_SOURCE_ARTIFACT,Record derived from catalog metadata without packaged physical PDF/HTML artifact.,provenance.document_hash,1046878645e3ef27d27bf36610590a1e9213e0258b5a1035a0bbb1f69c9f799d
P0,EVT-IMCA-0350,International Marine Contractors Association (IMCA),MISSING_SOURCE_ARTIFACT,Record derived from catalog metadata without packaged physical PDF/HTML artifact.,provenance.document_hash,828683e76b9df4052cb1f9c425edfcd2fbc60e13f7af011fa48b505bd47d7983
P0,EVT-IMCA-0351,International Marine Contractors Association (IMCA),MISSING_SOURCE_ARTIFACT,Record derived from catalog metadata without packaged physical PDF/HTML artifact.,provenance.document_hash,01fd429c4978b896d6410aaa2040b0d37857ad814641d51c5c84797ab4231fd7
P0,EVT-IMCA-0352,International Marine Contractors Association (IMCA),MISSING_SOURCE_ARTIFACT,Record derived from catalog metadata without packaged physical PDF/HTML artifact.,provenance.document_hash,3f04282f10300eda1ef754872ab35e31a530a19d3c5841b1756bc2b824e1401e
P0,EVT-IMCA-0353,International Marine Contractors Association (IMCA),MISSING_SOURCE_ARTIFACT,Record derived from catalog metadata without packaged physical PDF/HTML artifact.,provenance.document_hash,9bddbd6b0332d6730e0af83a99b4d4087ef8e71f41b7bc230f22568e0a0f920c
P0,EVT-IMCA-0354,International Marine Contractors Association (IMCA),MISSING_SOURCE_ARTIFACT,Record derived from catalog metadata without packaged physical PDF/HTML artifact.,provenance.document_hash,818cd4abd5334b11afc129e97f73403e603b0aa33cb569017c5c151857b8c3ee
P0,EVT-IMCA-0355,International Marine Contractors Association (IMCA),MISSING_SOURCE_ARTIFACT,Record derived from catalog metadata without packaged physical PDF/HTML artifact.,provenance.document_hash,d51d5636d56b1a09f359bd50d6abd4fb991397f6f15b198250867ca237ef7763
P0,EVT-IMCA-0356,International Marine Contractors Association (IMCA),MISSING_SOURCE_ARTIFACT,Record derived from catalog metadata without packaged physical PDF/HTML artifact.,provenance.document_hash,9a6da40282a5019d6fc89e95347359e4fcbe30542f88cc607a1c8d8544e30a21
P0,EVT-IMCA-0357,International Marine Contractors Association (IMCA),MISSING_SOURCE_ARTIFACT,Record derived from catalog metadata without packaged physical PDF/HTML artifact.,provenance.document_hash,3eefb65b8f7471f94aa38ab37b304bb216362078440633d7883d8d9f55fa282f
P0,EVT-IMCA-0358,International Marine Contractors Association (IMCA),MISSING_SOURCE_ARTIFACT,Record derived from catalog metadata without packaged physical PDF/HTML artifact.,provenance.document_hash,0f7bb731ec4c40df643aa44cd716efe9c19d3f01c715d58656ed6ddc9c8397ee
P0,EVT-IMCA-0359,International Marine Contractors Association (IMCA),MISSING_SOURCE_ARTIFACT,Record derived from catalog metadata without packaged physical PDF/HTML artifact.,provenance.document_hash,1d4c33ab73bb876ef1d1aafa46bc895554ef7590d0cbc37a980065cabb4cb71a
P0,EVT-IMCA-0360,International Marine Contractors Association (IMCA),MISSING_SOURCE_ARTIFACT,Record derived from catalog metadata without packaged physical PDF/HTML artifact.,provenance.document_hash,818301550a576a18be3ccd9ee8818989f0ec9dc7cbf742d17f8f0ba2b80b5213
P0,EVT-IMCA-0361,International Marine Contractors Association (IMCA),MISSING_SOURCE_ARTIFACT,Record derived from catalog metadata without packaged physical PDF/HTML artifact.,provenance.document_hash,a6f0d88369e20956499c58892e8035c862a3d39444c247dd2ea8414c773978ea
P0,EVT-IMCA-0362,International Marine Contractors Association (IMCA),MISSING_SOURCE_ARTIFACT,Record derived from catalog metadata without packaged physical PDF/HTML artifact.,provenance.document_hash,43816c546da62a3958411a2c9714ec74feedae2319a4119d4a8ac134dbd819a8
P0,EVT-IMCA-0363,International Marine Contractors Association (IMCA),MISSING_SOURCE_ARTIFACT,Record derived from catalog metadata without packaged physical PDF/HTML artifact.,provenance.document_hash,e9fbea872acd4c509a5c2d3a0cda5d42126efe61639c6f14dfb2bc6e45fb954c
P0,EVT-IMCA-0364,International Marine Contractors Association (IMCA),MISSING_SOURCE_ARTIFACT,Record derived from catalog metadata without packaged physical PDF/HTML artifact.,provenance.document_hash,0abb5e74f85e65c60da411c6a1da9cb270f0585fddff9d838ca7ec06eca623f1
P0,EVT-IMCA-0365,International Marine Contractors Association (IMCA),MISSING_SOURCE_ARTIFACT,Record derived from catalog metadata without packaged physical PDF/HTML artifact.,provenance.document_hash,3aa82503b87a9dfc4d9d2adfdfe14aad35bab9239a3f594e647f3534ebace2d3
P0,EVT-IMCA-0366,International Marine Contractors Association (IMCA),MISSING_SOURCE_ARTIFACT,Record derived from catalog metadata without packaged physical PDF/HTML artifact.,provenance.document_hash,49d15cd3dd15c39a39ff580d01807b5fee22790c156d65810ad66b3d6a7820d5
P0,EVT-IMCA-0367,International Marine Contractors Association (IMCA),MISSING_SOURCE_ARTIFACT,Record derived from catalog metadata without packaged physical PDF/HTML artifact.,provenance.document_hash,464d5f84405339dabf92c897e4d22d1f4b679e30516332ecc85e4580c669f541
P0,EVT-IMCA-0368,International Marine Contractors Association (IMCA),MISSING_SOURCE_ARTIFACT,Record derived from catalog metadata without packaged physical PDF/HTML artifact.,provenance.document_hash,95142b7e0e17b65db9aa95bfbff0b5939d4f5772549a69c3d4b3ea35e5cb7624
P0,EVT-IMCA-0369,International Marine Contractors Association (IMCA),MISSING_SOURCE_ARTIFACT,Record derived from catalog metadata without packaged physical PDF/HTML artifact.,provenance.document_hash,86234754675519ba2c95b1eabfe281855f750aa2d015b08d9803a723670db59b
P0,EVT-IMCA-0370,International Marine Contractors Association (IMCA),MISSING_SOURCE_ARTIFACT,Record derived from catalog metadata without packaged physical PDF/HTML artifact.,provenance.document_hash,b2b77514ea7b23aff7c818523a23c4c32a58367779aed2aeb1c4b9fdad6c8aa5
P0,EVT-IMCA-0371,International Marine Contractors Association (IMCA),MISSING_SOURCE_ARTIFACT,Record derived from catalog metadata without packaged physical PDF/HTML artifact.,provenance.document_hash,0180bed6aa0ebb851ff2cdd9efd150778a0a059ff5188a5ff10de9e1c36a4ee4
P0,EVT-IMCA-0372,International Marine Contractors Association (IMCA),MISSING_SOURCE_ARTIFACT,Record derived from catalog metadata without packaged physical PDF/HTML artifact.,provenance.document_hash,74590e46eda5dc9182c733197ac32e357d806a7dbdcd1bbf9066effc417fc692
P0,EVT-IMCA-0373,International Marine Contractors Association (IMCA),MISSING_SOURCE_ARTIFACT,Record derived from catalog metadata without packaged physical PDF/HTML artifact.,provenance.document_hash,81c552b6028ba583a2aa7b0743079f6ca6aec82548e00297e07da9bf8a5bb910
P0,EVT-IMCA-0374,International Marine Contractors Association (IMCA),MISSING_SOURCE_ARTIFACT,Record derived from catalog metadata without packaged physical PDF/HTML artifact.,provenance.document_hash,f97820e67d44338d66ee5e366400c049b984c1d6e765f3448a1e4c867b5ea03c
P0,EVT-IMCA-0375,International Marine Contractors Association (IMCA),MISSING_SOURCE_ARTIFACT,Record derived from catalog metadata without packaged physical PDF/HTML artifact.,provenance.document_hash,79f157e20720c49ef1c21ec505130152f7f90b9a65f01d1794d9d4470b8e8684
P0,EVT-IMCA-0376,International Marine Contractors Association (IMCA),MISSING_SOURCE_ARTIFACT,Record derived from catalog metadata without packaged physical PDF/HTML artifact.,provenance.document_hash,4740e66f4f3ccd5b26e7ef9d0c3fe480d7375ec55934ccb17dc4355dbb4e3771
P0,EVT-IMCA-0377,International Marine Contractors Association (IMCA),MISSING_SOURCE_ARTIFACT,Record derived from catalog metadata without packaged physical PDF/HTML artifact.,provenance.document_hash,46de1a792f219c2e307f12deeb9d090b0a44cb1614e5dcd74d6c8bcff476c626
P0,EVT-IMCA-0378,International Marine Contractors Association (IMCA),MISSING_SOURCE_ARTIFACT,Record derived from catalog metadata without packaged physical PDF/HTML artifact.,provenance.document_hash,93458a3b1b3c8233814008bde577bbb7eda009b9f86228b9335fc83eb5e2e7a6
P0,EVT-IMCA-0379,International Marine Contractors Association (IMCA),MISSING_SOURCE_ARTIFACT,Record derived from catalog metadata without packaged physical PDF/HTML artifact.,provenance.document_hash,c8f78eae6aaa216d0a47116cd80678fa07924bcc69f2b032ba2d54b32b2f7df0
P0,EVT-IMCA-0380,International Marine Contractors Association (IMCA),MISSING_SOURCE_ARTIFACT,Record derived from catalog metadata without packaged physical PDF/HTML artifact.,provenance.document_hash,6e02bdd7592549185c4998d6100964a815a480e2e9733aa71a3e22bd8fe48f7a
P0,EVT-IMCA-0381,International Marine Contractors Association (IMCA),MISSING_SOURCE_ARTIFACT,Record derived from catalog metadata without packaged physical PDF/HTML artifact.,provenance.document_hash,e4e9ca2724f5f6cd3ba5f74ff88b860a08fe4d6ba184c72e33f3b597aa8a090d
P0,EVT-IMCA-0382,International Marine Contractors Association (IMCA),MISSING_SOURCE_ARTIFACT,Record derived from catalog metadata without packaged physical PDF/HTML artifact.,provenance.document_hash,9525574e59bd7590c39a7d6210e54a5a4d8390188eb4b27a2d501867dbc23182
P0,EVT-IMCA-0383,International Marine Contractors Association (IMCA),MISSING_SOURCE_ARTIFACT,Record derived from catalog metadata without packaged physical PDF/HTML artifact.,provenance.document_hash,3b4f5dfbdd6ddb70ad401ffa8713bb70f9473d9b170455cac285bcfac2f204a7
P0,EVT-IMCA-0384,International Marine Contractors Association (IMCA),MISSING_SOURCE_ARTIFACT,Record derived from catalog metadata without packaged physical PDF/HTML artifact.,provenance.document_hash,0b4a539e0afaa7f3173c07009d64930942b2140cdd293b5444ed8f1b5172fda3
P0,EVT-IMCA-0385,International Marine Contractors Association (IMCA),MISSING_SOURCE_ARTIFACT,Record derived from catalog metadata without packaged physical PDF/HTML artifact.,provenance.document_hash,b9eaa4aa82f2fe4142b53e1df7888aaab71de521e7e8ce232d24a43062907023
P0,EVT-IMCA-0386,International Marine Contractors Association (IMCA),MISSING_SOURCE_ARTIFACT,Record derived from catalog metadata without packaged physical PDF/HTML artifact.,provenance.document_hash,619b0b4a7d97606327173611a84c42ea0ec1ba699d310f1cea7e38c65033e047
P0,EVT-IMCA-0387,International Marine Contractors Association (IMCA),MISSING_SOURCE_ARTIFACT,Record derived from catalog metadata without packaged physical PDF/HTML artifact.,provenance.document_hash,b0f2d6a9340fa60f3940a49ec588852f2434493334334a44cfb63596f24af9f2
P0,EVT-IMCA-0388,International Marine Contractors Association (IMCA),MISSING_SOURCE_ARTIFACT,Record derived from catalog metadata without packaged physical PDF/HTML artifact.,provenance.document_hash,19889f068ef233f43f32e851f8d4dd522addd2bde7e4e10e11acb3ad1bd002b8
P0,EVT-IMCA-0389,International Marine Contractors Association (IMCA),MISSING_SOURCE_ARTIFACT,Record derived from catalog metadata without packaged physical PDF/HTML artifact.,provenance.document_hash,c494f3afbb3ac8c5e88d036dd20fa5ed7a52085eebc300682bf766d8b0de4a08
P0,EVT-IMCA-0390,International Marine Contractors Association (IMCA),MISSING_SOURCE_ARTIFACT,Record derived from catalog metadata without packaged physical PDF/HTML artifact.,provenance.document_hash,96282415d5327aceaab2302f59460e17d35a3715e0139a93e89bc8c21a28c609
P0,EVT-IMCA-0391,International Marine Contractors Association (IMCA),MISSING_SOURCE_ARTIFACT,Record derived from catalog metadata without packaged physical PDF/HTML artifact.,provenance.document_hash,912569cde94c9f22cfa0ab89e635848fc88848cda33b93f263c0aebc78a82067
P0,EVT-IMCA-0392,International Marine Contractors Association (IMCA),MISSING_SOURCE_ARTIFACT,Record derived from catalog metadata without packaged physical PDF/HTML artifact.,provenance.document_hash,fa6ba535a12891b71c43216358c0719d10b6cc259c8ce0ceb252f0424b5bbbd2
P0,EVT-IMCA-0393,International Marine Contractors Association (IMCA),MISSING_SOURCE_ARTIFACT,Record derived from catalog metadata without packaged physical PDF/HTML artifact.,provenance.document_hash,81f8f669d9b2619df86369bb2a333bd925e5ebb3243739b42a162fc324ba5d25
P0,EVT-IMCA-0394,International Marine Contractors Association (IMCA),MISSING_SOURCE_ARTIFACT,Record derived from catalog metadata without packaged physical PDF/HTML artifact.,provenance.document_hash,82f178cafdf51739544fc4e5061f569acf26c3a8b05455a4ca4ed25a69a330b5
P0,EVT-IMCA-0395,International Marine Contractors Association (IMCA),MISSING_SOURCE_ARTIFACT,Record derived from catalog metadata without packaged physical PDF/HTML artifact.,provenance.document_hash,ee826b1fbb7ae6702736c51827d8f8b0b38a7c758bfe228801f40650844984f1
P0,EVT-IMCA-0396,International Marine Contractors Association (IMCA),MISSING_SOURCE_ARTIFACT,Record derived from catalog metadata without packaged physical PDF/HTML artifact.,provenance.document_hash,fc7b31ed40b8212c4849bdfeae32bccb1ee0309d43c2dae4a0aa7103b6fbf34e
P0,EVT-IMCA-0397,International Marine Contractors Association (IMCA),MISSING_SOURCE_ARTIFACT,Record derived from catalog metadata without packaged physical PDF/HTML artifact.,provenance.document_hash,5f78c8fbf4f20bfacdc24ba20d4b84df3512d9f32dc87564d3f7f23dea93799d
P0,EVT-IMCA-0398,International Marine Contractors Association (IMCA),MISSING_SOURCE_ARTIFACT,Record derived from catalog metadata without packaged physical PDF/HTML artifact.,provenance.document_hash,3e7bbf2dc30fe17836cd23d3fd883e511fd4167a5d9e866f167445e7400bb462
P0,EVT-IMCA-0399,International Marine Contractors Association (IMCA),MISSING_SOURCE_ARTIFACT,Record derived from catalog metadata without packaged physical PDF/HTML artifact.,provenance.document_hash,a23d1a3097b4e18cf35a25196d1702960c16810fc9c6e9c709a842cbe454d2c6
P0,EVT-IMCA-0400,International Marine Contractors Association (IMCA),MISSING_SOURCE_ARTIFACT,Record derived from catalog metadata without packaged physical PDF/HTML artifact.,provenance.document_hash,fa4d9d4e61ce72f87ba16dae5a3e96337120f37467a3a84faf173966fcb28b2a
P0,EVT-IMCA-0401,International Marine Contractors Association (IMCA),MISSING_SOURCE_ARTIFACT,Record derived from catalog metadata without packaged physical PDF/HTML artifact.,provenance.document_hash,a8f58ea6d28f65a84610c596766618dc5b90819410abeaaa7ecab1b3572c320e
P0,EVT-IMCA-0402,International Marine Contractors Association (IMCA),MISSING_SOURCE_ARTIFACT,Record derived from catalog metadata without packaged physical PDF/HTML artifact.,provenance.document_hash,e93a88ef1bfb32b90b7ab8d0ccdc2155abe8010fd4b98e8e05928eb32915aa10
P0,EVT-IMCA-0403,International Marine Contractors Association (IMCA),MISSING_SOURCE_ARTIFACT,Record derived from catalog metadata without packaged physical PDF/HTML artifact.,provenance.document_hash,5808c99eca60bbea5ed5fd56e602e1f4096975ccbb8006bcf191b35221d753ca
P0,EVT-IMCA-0404,International Marine Contractors Association (IMCA),MISSING_SOURCE_ARTIFACT,Record derived from catalog metadata without packaged physical PDF/HTML artifact.,provenance.document_hash,61e17b58e4217158bf307c05bcf6d28000f71dad029535aff3b5de7ea04f2e4c
P0,EVT-IMCA-0405,International Marine Contractors Association (IMCA),MISSING_SOURCE_ARTIFACT,Record derived from catalog metadata without packaged physical PDF/HTML artifact.,provenance.document_hash,155e686c52edce8f1fa13af9cd50f1fa35f485a2c829a2b7bd6996917f5bab38
P0,EVT-IMCA-0406,International Marine Contractors Association (IMCA),MISSING_SOURCE_ARTIFACT,Record derived from catalog metadata without packaged physical PDF/HTML artifact.,provenance.document_hash,2ce73d8eba1f7b153ea1162dc5f1c07adc7431e9fc459d4e27dc3d12c3d151ac
P0,EVT-IMCA-0407,International Marine Contractors Association (IMCA),MISSING_SOURCE_ARTIFACT,Record derived from catalog metadata without packaged physical PDF/HTML artifact.,provenance.document_hash,39250ea9d2099c7ac5bbd067164cc59e26e6cfac60fe198f284ffe75acfe4b71
P0,EVT-IMCA-0408,International Marine Contractors Association (IMCA),MISSING_SOURCE_ARTIFACT,Record derived from catalog metadata without packaged physical PDF/HTML artifact.,provenance.document_hash,48ea31438368ce34698e8e4831d302e2042d797acf51fb5e893cb3def74acd0f
P0,EVT-IMCA-0409,International Marine Contractors Association (IMCA),MISSING_SOURCE_ARTIFACT,Record derived from catalog metadata without packaged physical PDF/HTML artifact.,provenance.document_hash,9a1acf1d402efe179459982d9dca18ff6a4836136683deb7730299a5f4061f85
P0,EVT-IMCA-0410,International Marine Contractors Association (IMCA),MISSING_SOURCE_ARTIFACT,Record derived from catalog metadata without packaged physical PDF/HTML artifact.,provenance.document_hash,288cbe7a8457e18428849a8dfe528e21a03ee8f66593e73d1cfc11e1c3c23faa
P0,EVT-IMCA-0411,International Marine Contractors Association (IMCA),MISSING_SOURCE_ARTIFACT,Record derived from catalog metadata without packaged physical PDF/HTML artifact.,provenance.document_hash,5c3c564ca4d5986a14633b42b25cd9fff66da16f217a548387058ace180e87cf
P0,EVT-IMCA-0412,International Marine Contractors Association (IMCA),MISSING_SOURCE_ARTIFACT,Record derived from catalog metadata without packaged physical PDF/HTML artifact.,provenance.document_hash,2cc3f84e7d12aca2e8074583267426c106083d3f6a0ba2238e2e5609e9d1c57b
P0,EVT-IMCA-0413,International Marine Contractors Association (IMCA),MISSING_SOURCE_ARTIFACT,Record derived from catalog metadata without packaged physical PDF/HTML artifact.,provenance.document_hash,171bbd4234023b3b3596aa8b22cead3a4cc300bec8537899efd21866b1ac3599
P0,EVT-IMCA-0414,International Marine Contractors Association (IMCA),MISSING_SOURCE_ARTIFACT,Record derived from catalog metadata without packaged physical PDF/HTML artifact.,provenance.document_hash,4ee03641ffbe7791bc3678d7b48b036863972c8f9c89380a0b667469eee807c1
P0,EVT-IMCA-0415,International Marine Contractors Association (IMCA),MISSING_SOURCE_ARTIFACT,Record derived from catalog metadata without packaged physical PDF/HTML artifact.,provenance.document_hash,9ec0a1b01b00e053d9bddf187f3826ce84c5f4b52a27aa7a806d7ee275c5d739
P0,EVT-IMCA-0416,International Marine Contractors Association (IMCA),MISSING_SOURCE_ARTIFACT,Record derived from catalog metadata without packaged physical PDF/HTML artifact.,provenance.document_hash,6f0971e271ed6e95635bdcd95bb77f80e43333c8493f6e94ff68a0b7d2369897
P0,EVT-IMCA-0417,International Marine Contractors Association (IMCA),MISSING_SOURCE_ARTIFACT,Record derived from catalog metadata without packaged physical PDF/HTML artifact.,provenance.document_hash,f307eb683a0c6359030db00101973176568502fdeea53e34e0d6e97c5e8a7488
P0,EVT-IMCA-0418,International Marine Contractors Association (IMCA),MISSING_SOURCE_ARTIFACT,Record derived from catalog metadata without packaged physical PDF/HTML artifact.,provenance.document_hash,845cc0653e71a5425f562f4280102f104f3f074cf6f1e06e6ce7b4347ccedb93
P0,EVT-IMCA-0419,International Marine Contractors Association (IMCA),MISSING_SOURCE_ARTIFACT,Record derived from catalog metadata without packaged physical PDF/HTML artifact.,provenance.document_hash,4c50b65917de867998c96bb36dd6d3609c0ef0a0b46795d74c1da20ffb9d4d88
P0,EVT-IMCA-0420,International Marine Contractors Association (IMCA),MISSING_SOURCE_ARTIFACT,Record derived from catalog metadata without packaged physical PDF/HTML artifact.,provenance.document_hash,3fe03eb2a80d8ce697379071f339fdf904649d31616c03b6168bba6bbd9b4a02
P0,EVT-IMCA-0421,International Marine Contractors Association (IMCA),MISSING_SOURCE_ARTIFACT,Record derived from catalog metadata without packaged physical PDF/HTML artifact.,provenance.document_hash,715d8a2bf823f0cea244efbd49af2562182b25bf0a10ca545b9e80cab03d3180
P0,EVT-IMCA-0422,International Marine Contractors Association (IMCA),MISSING_SOURCE_ARTIFACT,Record derived from catalog metadata without packaged physical PDF/HTML artifact.,provenance.document_hash,de3245c736d1b99089d3cdcdc085e61e40f4fbd6ef23f9053b07c6fba5457311
P0,EVT-IMCA-0423,International Marine Contractors Association (IMCA),MISSING_SOURCE_ARTIFACT,Record derived from catalog metadata without packaged physical PDF/HTML artifact.,provenance.document_hash,ffc5503fc921b513ac12f0e6fb04c2b4410caf20011ba8e35406f9e5d89a1aa6
P0,EVT-IMCA-0424,International Marine Contractors Association (IMCA),MISSING_SOURCE_ARTIFACT,Record derived from catalog metadata without packaged physical PDF/HTML artifact.,provenance.document_hash,5526d402501c9873b88bc281fa0f27ff683b10739a03f73f484e9ebfb3a2a612
P0,EVT-IMCA-0425,International Marine Contractors Association (IMCA),MISSING_SOURCE_ARTIFACT,Record derived from catalog metadata without packaged physical PDF/HTML artifact.,provenance.document_hash,2f7eab6b57b06be6175902eed86e30e1286c3f5cc3efd45cc29f81b4366383d1
P0,EVT-IMCA-0426,International Marine Contractors Association (IMCA),MISSING_SOURCE_ARTIFACT,Record derived from catalog metadata without packaged physical PDF/HTML artifact.,provenance.document_hash,dcbad911f04ce01e97474e6d17628eaba6a2f06827b7db103b16b5d7dbfd43aa
P0,EVT-IMCA-0427,International Marine Contractors Association (IMCA),MISSING_SOURCE_ARTIFACT,Record derived from catalog metadata without packaged physical PDF/HTML artifact.,provenance.document_hash,15df22a9e58aa06025376583bb7164c8e601afb5e35827000aad61e9a74bc64d
P0,EVT-IMCA-0428,International Marine Contractors Association (IMCA),MISSING_SOURCE_ARTIFACT,Record derived from catalog metadata without packaged physical PDF/HTML artifact.,provenance.document_hash,5f1eb1bc9ec2b039b5c44d0296cf9e84551531691b3b915da115b9b687f1f882
P0,EVT-IMCA-0429,International Marine Contractors Association (IMCA),MISSING_SOURCE_ARTIFACT,Record derived from catalog metadata without packaged physical PDF/HTML artifact.,provenance.document_hash,d61a1a7330137c7af1e034f726fdd99213bf64f05b2bee4766fcc96d5e080828
P0,EVT-IMCA-0430,International Marine Contractors Association (IMCA),MISSING_SOURCE_ARTIFACT,Record derived from catalog metadata without packaged physical PDF/HTML artifact.,provenance.document_hash,504fb9b2ce3bb57ecb68ef756df61786412ed337b575ff35b6e9ecd739eabeab
P0,EVT-IMCA-0431,International Marine Contractors Association (IMCA),MISSING_SOURCE_ARTIFACT,Record derived from catalog metadata without packaged physical PDF/HTML artifact.,provenance.document_hash,263b76eba6c8062d3809960c0052b291b531d746daace47d5df7191a2425f7e1
P0,EVT-IMCA-0432,International Marine Contractors Association (IMCA),MISSING_SOURCE_ARTIFACT,Record derived from catalog metadata without packaged physical PDF/HTML artifact.,provenance.document_hash,c8e7263c7e5347192e2353c2d96e74723d3f291a5b426a4e3035532c2ea129a4
P0,EVT-IMCA-0433,International Marine Contractors Association (IMCA),MISSING_SOURCE_ARTIFACT,Record derived from catalog metadata without packaged physical PDF/HTML artifact.,provenance.document_hash,f1b28f521cb35e3d61a1b7423228ac8a051b8d840008d65457cc25339bf8d96a
P0,EVT-IMCA-0434,International Marine Contractors Association (IMCA),MISSING_SOURCE_ARTIFACT,Record derived from catalog metadata without packaged physical PDF/HTML artifact.,provenance.document_hash,23c93f3dfd19427460294c5b31127e76a51a5c2abd211f81176e9183e4b9103e
P0,EVT-IMCA-0435,International Marine Contractors Association (IMCA),MISSING_SOURCE_ARTIFACT,Record derived from catalog metadata without packaged physical PDF/HTML artifact.,provenance.document_hash,b63b4997c0812094ab6cf6c7d13109f9d4545277027d0138876ff814d77f73b6
P0,EVT-IMCA-0436,International Marine Contractors Association (IMCA),MISSING_SOURCE_ARTIFACT,Record derived from catalog metadata without packaged physical PDF/HTML artifact.,provenance.document_hash,d2e365ff18900beea277f80c4ba143a5d606c207074664d5fd15393375089769
P0,EVT-IMCA-0437,International Marine Contractors Association (IMCA),MISSING_SOURCE_ARTIFACT,Record derived from catalog metadata without packaged physical PDF/HTML artifact.,provenance.document_hash,78a1b62b5d65ced8b74453c94edaed9a6f9c136a1ea01f3bb9306b6e5f4849f3
P0,EVT-IMCA-0438,International Marine Contractors Association (IMCA),MISSING_SOURCE_ARTIFACT,Record derived from catalog metadata without packaged physical PDF/HTML artifact.,provenance.document_hash,ff77cbbcafeee983761e9154e3c1c041b2de4a2af3cb8cadb1afbeb155325601
P0,EVT-IMCA-0439,International Marine Contractors Association (IMCA),MISSING_SOURCE_ARTIFACT,Record derived from catalog metadata without packaged physical PDF/HTML artifact.,provenance.document_hash,f24e2707f8cb6302ed6d275f23dae34638ea26bf8f90ad7027336805da72bbc9
P0,EVT-IMCA-0440,International Marine Contractors Association (IMCA),MISSING_SOURCE_ARTIFACT,Record derived from catalog metadata without packaged physical PDF/HTML artifact.,provenance.document_hash,9416efa4b154dbd185fb5ed2fe1c4d96b0c31740a28e4020f49d62129f65898f
P0,EVT-IMCA-0441,International Marine Contractors Association (IMCA),MISSING_SOURCE_ARTIFACT,Record derived from catalog metadata without packaged physical PDF/HTML artifact.,provenance.document_hash,6896c8470a69410b66d8f7579df4effd865aa6c1775805e024f6f4af52f4fbab
P0,EVT-IMCA-0442,International Marine Contractors Association (IMCA),MISSING_SOURCE_ARTIFACT,Record derived from catalog metadata without packaged physical PDF/HTML artifact.,provenance.document_hash,acc2adb58edf81e84b674624b738a14fa3a9d2b94d71dc79a5cbbb233863b543
P0,EVT-IMCA-0443,International Marine Contractors Association (IMCA),MISSING_SOURCE_ARTIFACT,Record derived from catalog metadata without packaged physical PDF/HTML artifact.,provenance.document_hash,2dc246a03ba22002d1a1d3f9ef156ec94feba6313c5e238499ecc68d2079902b
P0,EVT-IMCA-0444,International Marine Contractors Association (IMCA),MISSING_SOURCE_ARTIFACT,Record derived from catalog metadata without packaged physical PDF/HTML artifact.,provenance.document_hash,63e09d372a132950819351e10d2bf1233ea81fa2bc8e83fc25496b18254d9898
P0,EVT-IMCA-0445,International Marine Contractors Association (IMCA),MISSING_SOURCE_ARTIFACT,Record derived from catalog metadata without packaged physical PDF/HTML artifact.,provenance.document_hash,dd3ed4600fc3a8d4baca5326089deed9428b5cc717ed0f490d696458a8b94a08
P0,EVT-IMCA-0446,International Marine Contractors Association (IMCA),MISSING_SOURCE_ARTIFACT,Record derived from catalog metadata without packaged physical PDF/HTML artifact.,provenance.document_hash,e217cbd3592174b8f87776fcfb9020e346566663a5fcee108ba227c4b12fdc42
P0,EVT-IMCA-0447,International Marine Contractors Association (IMCA),MISSING_SOURCE_ARTIFACT,Record derived from catalog metadata without packaged physical PDF/HTML artifact.,provenance.document_hash,087d4c8247e337788f374d258ab88855cb78d6074b7942647448ec329dd42f87
P0,EVT-IMCA-0448,International Marine Contractors Association (IMCA),MISSING_SOURCE_ARTIFACT,Record derived from catalog metadata without packaged physical PDF/HTML artifact.,provenance.document_hash,8bc8507cbf6ad419551e9c36f75a1da9cc1e20395ba71cbdd5dd55a2ee3c97f1
P0,EVT-IMCA-0449,International Marine Contractors Association (IMCA),MISSING_SOURCE_ARTIFACT,Record derived from catalog metadata without packaged physical PDF/HTML artifact.,provenance.document_hash,989eb7564155d5dedae11206e00b7e561964e365b02aefe0381c627c54c2abd6
P0,EVT-IMCA-0450,International Marine Contractors Association (IMCA),MISSING_SOURCE_ARTIFACT,Record derived from catalog metadata without packaged physical PDF/HTML artifact.,provenance.document_hash,4a8f9fbb77119b8c6653aa56e65e3efe5b8eb3c148d2a205be814318308e87e4
P0,EVT-IMCA-0451,International Marine Contractors Association (IMCA),MISSING_SOURCE_ARTIFACT,Record derived from catalog metadata without packaged physical PDF/HTML artifact.,provenance.document_hash,023f5ab3cf981b8f863a190629470123e70e08638b000ff0ee9e8d17081a037b
P0,EVT-IMCA-0452,International Marine Contractors Association (IMCA),MISSING_SOURCE_ARTIFACT,Record derived from catalog metadata without packaged physical PDF/HTML artifact.,provenance.document_hash,46ba1a58d8c72373bf1d8b4759ae6ea0663abdcdd9eb0c3206845a31b6614d3a
P0,EVT-IMCA-0453,International Marine Contractors Association (IMCA),MISSING_SOURCE_ARTIFACT,Record derived from catalog metadata without packaged physical PDF/HTML artifact.,provenance.document_hash,97eaea01f4fdbd8c219676018cf19408f9a415fd3bcca56ec9d44c04f676da8e
P0,EVT-IMCA-0454,International Marine Contractors Association (IMCA),MISSING_SOURCE_ARTIFACT,Record derived from catalog metadata without packaged physical PDF/HTML artifact.,provenance.document_hash,adcc42279832ca86eec22898f0f015bd6cb2219716e5dc6abba9f1fd982b0c55
P0,EVT-IMCA-0455,International Marine Contractors Association (IMCA),MISSING_SOURCE_ARTIFACT,Record derived from catalog metadata without packaged physical PDF/HTML artifact.,provenance.document_hash,c2cf031d241a777510038ecff65af56c32094351c59106d06fdc33108f73eebe
P0,EVT-IMCA-0456,International Marine Contractors Association (IMCA),MISSING_SOURCE_ARTIFACT,Record derived from catalog metadata without packaged physical PDF/HTML artifact.,provenance.document_hash,9608f51a65d081ea25de21381a8e854739ad552c8a61f5acf1b1b7128c37eacf
P0,EVT-IMCA-0457,International Marine Contractors Association (IMCA),MISSING_SOURCE_ARTIFACT,Record derived from catalog metadata without packaged physical PDF/HTML artifact.,provenance.document_hash,d02d47e79c799aaa4fa2b7562139d0cde75966d89166ef05ac95ad2ac9d20afd
P0,EVT-IMCA-0458,International Marine Contractors Association (IMCA),MISSING_SOURCE_ARTIFACT,Record derived from catalog metadata without packaged physical PDF/HTML artifact.,provenance.document_hash,fa87cfd166dfcae916d1660c69c7d20614398d8317056ed37199299fb976b1e2
P0,EVT-IMCA-0459,International Marine Contractors Association (IMCA),MISSING_SOURCE_ARTIFACT,Record derived from catalog metadata without packaged physical PDF/HTML artifact.,provenance.document_hash,a2cfa096315813d429241fb3194bfa582ca8eec99d6374056ce10f0b9541c060
P0,EVT-IMCA-0460,International Marine Contractors Association (IMCA),MISSING_SOURCE_ARTIFACT,Record derived from catalog metadata without packaged physical PDF/HTML artifact.,provenance.document_hash,1c48afb231d61fcc754b992fd63bb2416a13417fd9d82eba16332cf0f1c98920
P0,EVT-IMCA-0461,International Marine Contractors Association (IMCA),MISSING_SOURCE_ARTIFACT,Record derived from catalog metadata without packaged physical PDF/HTML artifact.,provenance.document_hash,0eb261fd917b87d23b1d1d411685eaa1ff1a6ca0f158a2b9b2fef33830a472d6
P0,EVT-IMCA-0462,International Marine Contractors Association (IMCA),MISSING_SOURCE_ARTIFACT,Record derived from catalog metadata without packaged physical PDF/HTML artifact.,provenance.document_hash,0176873999c871cf5e99f999fb321efaf946a73c176b4161f70862dd360b5469
P0,EVT-IMCA-0463,International Marine Contractors Association (IMCA),MISSING_SOURCE_ARTIFACT,Record derived from catalog metadata without packaged physical PDF/HTML artifact.,provenance.document_hash,62418eba1a4ad5fecf2699f8dae95ac92a6df7057902c094f2b44118a3200148
P0,EVT-IMCA-0464,International Marine Contractors Association (IMCA),MISSING_SOURCE_ARTIFACT,Record derived from catalog metadata without packaged physical PDF/HTML artifact.,provenance.document_hash,f2e20419600dd6201ad77b733c27c73e475005a489a62c22a0da4b6e3de08e75
P0,EVT-IMCA-0465,International Marine Contractors Association (IMCA),MISSING_SOURCE_ARTIFACT,Record derived from catalog metadata without packaged physical PDF/HTML artifact.,provenance.document_hash,e7b5238ae00bfe3710520b4a9f4c8e5905d7b89a46aea06fcc191092b9d3ca20
P0,EVT-IMCA-0466,International Marine Contractors Association (IMCA),MISSING_SOURCE_ARTIFACT,Record derived from catalog metadata without packaged physical PDF/HTML artifact.,provenance.document_hash,f62b0b935e8e4d9539ec4b62dfbc23beee8bb339d95b3fc1582a019e3b579e0e
P0,EVT-IMCA-0467,International Marine Contractors Association (IMCA),MISSING_SOURCE_ARTIFACT,Record derived from catalog metadata without packaged physical PDF/HTML artifact.,provenance.document_hash,98ecf91155e1b3a1804d2f0e866e38aaa7fb14ddba65dc328ece0fba783ebdee
P0,EVT-IMCA-0468,International Marine Contractors Association (IMCA),MISSING_SOURCE_ARTIFACT,Record derived from catalog metadata without packaged physical PDF/HTML artifact.,provenance.document_hash,02fd2baefa7a3e88bfac0d1efb3241f89e90351d8e8676e88ddc99f7950abf02
P0,EVT-IMCA-0469,International Marine Contractors Association (IMCA),MISSING_SOURCE_ARTIFACT,Record derived from catalog metadata without packaged physical PDF/HTML artifact.,provenance.document_hash,93443ecbf9a2bab9fa5a5054dbc885952e18f78af8d9c1ff8fb46b3af1cef053
P0,EVT-IMCA-0470,International Marine Contractors Association (IMCA),MISSING_SOURCE_ARTIFACT,Record derived from catalog metadata without packaged physical PDF/HTML artifact.,provenance.document_hash,b81f76e4d24e0d673dd2518debebf1f683509554edb77a7eed3a7d723525c8de
P0,EVT-IMCA-0471,International Marine Contractors Association (IMCA),MISSING_SOURCE_ARTIFACT,Record derived from catalog metadata without packaged physical PDF/HTML artifact.,provenance.document_hash,04048e59311554b948f7b4fb79337faadf8dd67c7f57c76a7955280999b25e1f
P0,EVT-IMCA-0472,International Marine Contractors Association (IMCA),MISSING_SOURCE_ARTIFACT,Record derived from catalog metadata without packaged physical PDF/HTML artifact.,provenance.document_hash,3af1ae752ed154c43251994601965a39a9f9482a7a93f4927924320189083f8b
P0,EVT-IMCA-0473,International Marine Contractors Association (IMCA),MISSING_SOURCE_ARTIFACT,Record derived from catalog metadata without packaged physical PDF/HTML artifact.,provenance.document_hash,3bf500381aaf8c63eb2c3dd2359fca47c96055f4cd9d27e05849d2f0f7ea7a59
P0,EVT-IMCA-0474,International Marine Contractors Association (IMCA),MISSING_SOURCE_ARTIFACT,Record derived from catalog metadata without packaged physical PDF/HTML artifact.,provenance.document_hash,f19dc79ba900dfa04a43df50a6f7201d48b81e425cfcef8c5c862282242a5c46
P0,EVT-IMCA-0475,International Marine Contractors Association (IMCA),MISSING_SOURCE_ARTIFACT,Record derived from catalog metadata without packaged physical PDF/HTML artifact.,provenance.document_hash,b37582e330217d9d28c9242327d32987eb94af0298febf38021c065355c41e40
P0,EVT-IMCA-0476,International Marine Contractors Association (IMCA),MISSING_SOURCE_ARTIFACT,Record derived from catalog metadata without packaged physical PDF/HTML artifact.,provenance.document_hash,aeb9bc3bf0eab6a28392db5a97492bf97cbd2976694e61904c769e81a1c1d9f9
P0,EVT-IMCA-0477,International Marine Contractors Association (IMCA),MISSING_SOURCE_ARTIFACT,Record derived from catalog metadata without packaged physical PDF/HTML artifact.,provenance.document_hash,89505f9e7d1e0dc12ac68313978d9e9b6cf27650098a441ae74b827639c595d9
P0,EVT-IMCA-0478,International Marine Contractors Association (IMCA),MISSING_SOURCE_ARTIFACT,Record derived from catalog metadata without packaged physical PDF/HTML artifact.,provenance.document_hash,d322d07d1ff1ccd0d3d0666396945d6e762c3e09f12288b2e427c05172fd419f
P0,EVT-IMCA-0479,International Marine Contractors Association (IMCA),MISSING_SOURCE_ARTIFACT,Record derived from catalog metadata without packaged physical PDF/HTML artifact.,provenance.document_hash,722b9019a372ba2902cef3c3af99fdab240d06aa6882c2cc53774ef35788399a
P0,EVT-IMCA-0480,International Marine Contractors Association (IMCA),MISSING_SOURCE_ARTIFACT,Record derived from catalog metadata without packaged physical PDF/HTML artifact.,provenance.document_hash,594caac3a8af3eb111afab3d83a198f5f945e4cd7a77a04044f0f3ea5a5bb8c6
P0,EVT-IMCA-0481,International Marine Contractors Association (IMCA),MISSING_SOURCE_ARTIFACT,Record derived from catalog metadata without packaged physical PDF/HTML artifact.,provenance.document_hash,4086252f143203b3339e90195742a7893e7d4d3260dcc23a3ebbac705fde9d40
P0,EVT-IMCA-0482,International Marine Contractors Association (IMCA),MISSING_SOURCE_ARTIFACT,Record derived from catalog metadata without packaged physical PDF/HTML artifact.,provenance.document_hash,bf331d617c6b6d32895c97a74bb3eadd5011870e5b33cebbba8654b3d63b14b9
P0,EVT-IMCA-0483,International Marine Contractors Association (IMCA),MISSING_SOURCE_ARTIFACT,Record derived from catalog metadata without packaged physical PDF/HTML artifact.,provenance.document_hash,3e2502639bf79152cc72564296c027faae767b82572f4324fd98b97c6ae5b88f
P0,EVT-IMCA-0484,International Marine Contractors Association (IMCA),MISSING_SOURCE_ARTIFACT,Record derived from catalog metadata without packaged physical PDF/HTML artifact.,provenance.document_hash,588383249500a794c1c3c4aa6ce1195edc236c24025269cab1fd4775ae861144
P0,EVT-IMCA-0485,International Marine Contractors Association (IMCA),MISSING_SOURCE_ARTIFACT,Record derived from catalog metadata without packaged physical PDF/HTML artifact.,provenance.document_hash,c92d43dfbe9e7fdcb996aaaa4a088c9cf4d883bf7c548b10d3761d0ef5278dc3
P0,EVT-IMCA-0486,International Marine Contractors Association (IMCA),MISSING_SOURCE_ARTIFACT,Record derived from catalog metadata without packaged physical PDF/HTML artifact.,provenance.document_hash,fa67a2a73239b64b4a3fca411cf84a70f014d102b30a566e58285073b42af1b3
P0,EVT-IMCA-0487,International Marine Contractors Association (IMCA),MISSING_SOURCE_ARTIFACT,Record derived from catalog metadata without packaged physical PDF/HTML artifact.,provenance.document_hash,b09c96ea52c0fd28fc59a95b5ec30cf70b79e56bb873ac65712d8cbd7a241aa5
P0,EVT-IMCA-0488,International Marine Contractors Association (IMCA),MISSING_SOURCE_ARTIFACT,Record derived from catalog metadata without packaged physical PDF/HTML artifact.,provenance.document_hash,25978ada11dd2d50688e92faf5cb83a0cbec5dba236b66f700448036b5d65b4e
P0,EVT-IMCA-0489,International Marine Contractors Association (IMCA),MISSING_SOURCE_ARTIFACT,Record derived from catalog metadata without packaged physical PDF/HTML artifact.,provenance.document_hash,eda3b5040cddc62ac44e050307977e786ae495a7dc06aed1462ae3f461615a3e
P0,EVT-IMCA-0490,International Marine Contractors Association (IMCA),MISSING_SOURCE_ARTIFACT,Record derived from catalog metadata without packaged physical PDF/HTML artifact.,provenance.document_hash,c1d95e0a78375da3fa150c061aa30ba8d570bcf868ecf8c0bf3ec9a1814b4a77
P0,EVT-IMCA-0491,International Marine Contractors Association (IMCA),MISSING_SOURCE_ARTIFACT,Record derived from catalog metadata without packaged physical PDF/HTML artifact.,provenance.document_hash,43ab216c245374370b0e2bb43755a1984b9f0bed48533d538eb1c6d6bd7e57be
P0,EVT-IMCA-0492,International Marine Contractors Association (IMCA),MISSING_SOURCE_ARTIFACT,Record derived from catalog metadata without packaged physical PDF/HTML artifact.,provenance.document_hash,8ecd859c918825c9e348d91f596105b10ce7c399c8efabd4a38171497de8b793
P0,EVT-IMCA-0493,International Marine Contractors Association (IMCA),MISSING_SOURCE_ARTIFACT,Record derived from catalog metadata without packaged physical PDF/HTML artifact.,provenance.document_hash,4d04194c0209454a92c708684d4664feac8ae25e021d0072a8f02a1029c9d470
P0,EVT-IMCA-0494,International Marine Contractors Association (IMCA),MISSING_SOURCE_ARTIFACT,Record derived from catalog metadata without packaged physical PDF/HTML artifact.,provenance.document_hash,eb62d7e99a51e7d35faccde22f5e18502694215d487a9d2675c4ec06a71d52e9
P0,EVT-IMCA-0495,International Marine Contractors Association (IMCA),MISSING_SOURCE_ARTIFACT,Record derived from catalog metadata without packaged physical PDF/HTML artifact.,provenance.document_hash,3e1f9f7dc6433682b73dbeb9013ca3957f28d2d5d6c14ca8a6e8b2ed6bc473fa
P0,EVT-IMCA-0496,International Marine Contractors Association (IMCA),MISSING_SOURCE_ARTIFACT,Record derived from catalog metadata without packaged physical PDF/HTML artifact.,provenance.document_hash,1a7994e2f268b3648d15951563bdf95e00d2effa6c1417d712b345b643c54542
P0,EVT-IMCA-0497,International Marine Contractors Association (IMCA),MISSING_SOURCE_ARTIFACT,Record derived from catalog metadata without packaged physical PDF/HTML artifact.,provenance.document_hash,31a1b27b34aa151e668653731eb447e1e585b7b1ebce2de96529a2f9ca76bdb5
P0,EVT-IMCA-0498,International Marine Contractors Association (IMCA),MISSING_SOURCE_ARTIFACT,Record derived from catalog metadata without packaged physical PDF/HTML artifact.,provenance.document_hash,86c8d1cd25a4468bd69cc7b9a6c2afa75aafab0d46df87b837d55cf172f5c507
P0,EVT-IMCA-0499,International Marine Contractors Association (IMCA),MISSING_SOURCE_ARTIFACT,Record derived from catalog metadata without packaged physical PDF/HTML artifact.,provenance.document_hash,d1358f0fca82db5958227415c8d58b88bc5dd0ef99682a40eb98ede8ef41ad42
P0,EVT-IMCA-0500,International Marine Contractors Association (IMCA),MISSING_SOURCE_ARTIFACT,Record derived from catalog metadata without packaged physical PDF/HTML artifact.,provenance.document_hash,1013faa9fcb94e79bc1516b3df443b17f95d5466464938c1a99e99700babd2b5
P0,EVT-IMCA-0501,International Marine Contractors Association (IMCA),MISSING_SOURCE_ARTIFACT,Record derived from catalog metadata without packaged physical PDF/HTML artifact.,provenance.document_hash,b013c582c9a4c446716f2989ea6965e687836ff91a76706bdc9137771d0e81cc
P0,EVT-IMCA-0502,International Marine Contractors Association (IMCA),MISSING_SOURCE_ARTIFACT,Record derived from catalog metadata without packaged physical PDF/HTML artifact.,provenance.document_hash,9916242866dc2de5685a78ea6c088f6dcdcfca191ed79765800de0cd2f00ce64
P0,EVT-IMCA-0503,International Marine Contractors Association (IMCA),MISSING_SOURCE_ARTIFACT,Record derived from catalog metadata without packaged physical PDF/HTML artifact.,provenance.document_hash,5464fa0a8798c5a266b14ba15a2adceac7140cb3a46c0da875801db9ad1d1eac
P0,EVT-IMCA-0504,International Marine Contractors Association (IMCA),MISSING_SOURCE_ARTIFACT,Record derived from catalog metadata without packaged physical PDF/HTML artifact.,provenance.document_hash,b3a87550f66fa08c5f4c09d4bb60461789f4ff66829b91ea46e6f6a4d5e73a95
P0,EVT-IMCA-0505,International Marine Contractors Association (IMCA),MISSING_SOURCE_ARTIFACT,Record derived from catalog metadata without packaged physical PDF/HTML artifact.,provenance.document_hash,367fc3330a1d9c9cc04201f0cca851e312800f888f39e3ed2e83dc6f7b3fb726
P0,EVT-IMCA-0506,International Marine Contractors Association (IMCA),MISSING_SOURCE_ARTIFACT,Record derived from catalog metadata without packaged physical PDF/HTML artifact.,provenance.document_hash,72aee3077c048d59a036ca3bd5130bbdb2c61018ad85b4561b6cc55f535d2269
P0,EVT-IMCA-0507,International Marine Contractors Association (IMCA),MISSING_SOURCE_ARTIFACT,Record derived from catalog metadata without packaged physical PDF/HTML artifact.,provenance.document_hash,6ad828e6bd7ce0bdba0d6aacda37bb6dae4ad772cbca83769ea801ad80447a73
P0,EVT-IMCA-0508,International Marine Contractors Association (IMCA),MISSING_SOURCE_ARTIFACT,Record derived from catalog metadata without packaged physical PDF/HTML artifact.,provenance.document_hash,7f366079698e220152e1dab6670e329d44d8d9e91ca3fb291cb822e4e3c75a93
P0,EVT-IMCA-0509,International Marine Contractors Association (IMCA),MISSING_SOURCE_ARTIFACT,Record derived from catalog metadata without packaged physical PDF/HTML artifact.,provenance.document_hash,0d55d05ae4e17674210d11cbdc5db01c14dba53fa9e006de02b91494ea4dc3c6
P0,EVT-IMCA-0510,International Marine Contractors Association (IMCA),MISSING_SOURCE_ARTIFACT,Record derived from catalog metadata without packaged physical PDF/HTML artifact.,provenance.document_hash,300207384dd4f35ec6702f3e15ffcdd5058aa855743eb0fd914b958d62bf65d7
P0,EVT-IMCA-0511,International Marine Contractors Association (IMCA),MISSING_SOURCE_ARTIFACT,Record derived from catalog metadata without packaged physical PDF/HTML artifact.,provenance.document_hash,6919e2f412c3ef4339d656d6b23073da544c18f3c098b6152ca5a51f3425a9d4
P0,EVT-IMCA-0512,International Marine Contractors Association (IMCA),MISSING_SOURCE_ARTIFACT,Record derived from catalog metadata without packaged physical PDF/HTML artifact.,provenance.document_hash,6137598994da9a14f4f291504ab40bbdb62677c10e7cca96d8170958c7777e4e
P0,EVT-IMCA-0513,International Marine Contractors Association (IMCA),MISSING_SOURCE_ARTIFACT,Record derived from catalog metadata without packaged physical PDF/HTML artifact.,provenance.document_hash,a9151938f386a676714f785495d8702df70202dff93a526fdd818e998311f453
P0,EVT-IMCA-0514,International Marine Contractors Association (IMCA),MISSING_SOURCE_ARTIFACT,Record derived from catalog metadata without packaged physical PDF/HTML artifact.,provenance.document_hash,c171ec1c919de6f39928b1b5b00940a00e6133022f62fe72b3973c7bea30292a
P0,EVT-IMCA-0515,International Marine Contractors Association (IMCA),MISSING_SOURCE_ARTIFACT,Record derived from catalog metadata without packaged physical PDF/HTML artifact.,provenance.document_hash,a3edb0022ba45eaa1def7394252ba4e224d227030f78a4b22ed09d28d6a67f01
P0,EVT-IMCA-0516,International Marine Contractors Association (IMCA),MISSING_SOURCE_ARTIFACT,Record derived from catalog metadata without packaged physical PDF/HTML artifact.,provenance.document_hash,bfe2615070b2a3852003e598ff63b79746334c817b39aaf4a4c361de24273c29
P0,EVT-IMCA-0517,International Marine Contractors Association (IMCA),MISSING_SOURCE_ARTIFACT,Record derived from catalog metadata without packaged physical PDF/HTML artifact.,provenance.document_hash,48b3f10c15cfa5f3674c2ef115f35d3f882ff62b8ec382bb4332ab743c96527e
P0,EVT-IMCA-0518,International Marine Contractors Association (IMCA),MISSING_SOURCE_ARTIFACT,Record derived from catalog metadata without packaged physical PDF/HTML artifact.,provenance.document_hash,30ad377258de8f7f130ad48f3e8e0e488a63842870375691959498a5c2c6d229
P0,EVT-IMCA-0519,International Marine Contractors Association (IMCA),MISSING_SOURCE_ARTIFACT,Record derived from catalog metadata without packaged physical PDF/HTML artifact.,provenance.document_hash,12776a128fe544fe54decb683d8c903eabb99526ea8981d854dc0d2239b143d0
P0,EVT-IMCA-0520,International Marine Contractors Association (IMCA),MISSING_SOURCE_ARTIFACT,Record derived from catalog metadata without packaged physical PDF/HTML artifact.,provenance.document_hash,c0bee9e5487c6da2b67b32579e469e6514913a50a5eafb50c48d49ea3ee49377
P0,EVT-IMCA-0521,International Marine Contractors Association (IMCA),MISSING_SOURCE_ARTIFACT,Record derived from catalog metadata without packaged physical PDF/HTML artifact.,provenance.document_hash,d51b7ea6b05a7d4934d8f8765a0d2a0ad3f8cb7c8d9c2dc64906fac2dbfbeebc
P0,EVT-IMCA-0522,International Marine Contractors Association (IMCA),MISSING_SOURCE_ARTIFACT,Record derived from catalog metadata without packaged physical PDF/HTML artifact.,provenance.document_hash,49906784cbea7a1b272322bd76374a1fc9c1cb3086c3443272a63041ab8df46c
P0,EVT-IMCA-0523,International Marine Contractors Association (IMCA),MISSING_SOURCE_ARTIFACT,Record derived from catalog metadata without packaged physical PDF/HTML artifact.,provenance.document_hash,a8e4a0054985fc056fa9f13bd416c54966a066bfbeeb6a7a9d6c5327db4181ad
P0,EVT-IMCA-0524,International Marine Contractors Association (IMCA),MISSING_SOURCE_ARTIFACT,Record derived from catalog metadata without packaged physical PDF/HTML artifact.,provenance.document_hash,24870c3c9211e11a402bc0cba67713382e583e1db24bf837fdcf1ad995d39f85
P0,EVT-IMCA-0525,International Marine Contractors Association (IMCA),MISSING_SOURCE_ARTIFACT,Record derived from catalog metadata without packaged physical PDF/HTML artifact.,provenance.document_hash,a6d9f27be112455a16e3cffa5ff65b73fe224b85cd699135cb753e7f90e894eb
P0,EVT-IMCA-0526,International Marine Contractors Association (IMCA),MISSING_SOURCE_ARTIFACT,Record derived from catalog metadata without packaged physical PDF/HTML artifact.,provenance.document_hash,a7bfd1f39ef406dacdb044f2597cdf4ee62d2ff2a8e4ca4211746c2cc3a30078
P0,EVT-IMCA-0527,International Marine Contractors Association (IMCA),MISSING_SOURCE_ARTIFACT,Record derived from catalog metadata without packaged physical PDF/HTML artifact.,provenance.document_hash,93ee038795d25e3e30f58e696fd14717cf8d446d6cfa01b87c320551964bb0ca
P0,EVT-IMCA-0528,International Marine Contractors Association (IMCA),MISSING_SOURCE_ARTIFACT,Record derived from catalog metadata without packaged physical PDF/HTML artifact.,provenance.document_hash,1011e4739aad6c13c7bcf2586386ae9203c76d6f5456bee572065f292e568674
P0,EVT-IMCA-0529,International Marine Contractors Association (IMCA),MISSING_SOURCE_ARTIFACT,Record derived from catalog metadata without packaged physical PDF/HTML artifact.,provenance.document_hash,7d3001c37c1de7009e68d1acf4da4f1d54637d4d9053ba213f1d1a8dfe4bde6a
P0,EVT-IMCA-0530,International Marine Contractors Association (IMCA),MISSING_SOURCE_ARTIFACT,Record derived from catalog metadata without packaged physical PDF/HTML artifact.,provenance.document_hash,f66d39467431a0c6e860b7d60b4a052b005c2294158228fc65da3e998d7e5e4e
P0,EVT-IMCA-0531,International Marine Contractors Association (IMCA),MISSING_SOURCE_ARTIFACT,Record derived from catalog metadata without packaged physical PDF/HTML artifact.,provenance.document_hash,7c565eb85645873daa34c3063d2482195b29ae8038f363d04487e47d511d837b
P0,EVT-IMCA-0532,International Marine Contractors Association (IMCA),MISSING_SOURCE_ARTIFACT,Record derived from catalog metadata without packaged physical PDF/HTML artifact.,provenance.document_hash,83341bb9ef51b9acfd76d53d61206b20ff2f955d9844d12f60b8204cda66d56d
P0,EVT-IMCA-0533,International Marine Contractors Association (IMCA),MISSING_SOURCE_ARTIFACT,Record derived from catalog metadata without packaged physical PDF/HTML artifact.,provenance.document_hash,003ad12f6620c4d388605a2e67a2e68819bea63b5cb6a2de03700350baf2b6a3
P0,EVT-IMCA-0534,International Marine Contractors Association (IMCA),MISSING_SOURCE_ARTIFACT,Record derived from catalog metadata without packaged physical PDF/HTML artifact.,provenance.document_hash,30bfe54802e8afe3228fd5fbb0afdee5e48ca573158e598690ac5e0f3d401c5e
P0,EVT-IMCA-0535,International Marine Contractors Association (IMCA),MISSING_SOURCE_ARTIFACT,Record derived from catalog metadata without packaged physical PDF/HTML artifact.,provenance.document_hash,c47c816f2a80f0b18efd3582f8ae691745bd5bdbc3d77c9ff9e58b134cb0f6e2
P0,EVT-IMCA-0536,International Marine Contractors Association (IMCA),MISSING_SOURCE_ARTIFACT,Record derived from catalog metadata without packaged physical PDF/HTML artifact.,provenance.document_hash,1ec1dbc3d1fe50f5eb9151ada3f99de6e4132d0d92894bcfc541c9bb9bf4f16c
P0,EVT-IMCA-0537,International Marine Contractors Association (IMCA),MISSING_SOURCE_ARTIFACT,Record derived from catalog metadata without packaged physical PDF/HTML artifact.,provenance.document_hash,21191f606b33df018218cc33b0180e5a228e4bb8742e664d84da4f414e67bb71
P0,EVT-IMCA-0538,International Marine Contractors Association (IMCA),MISSING_SOURCE_ARTIFACT,Record derived from catalog metadata without packaged physical PDF/HTML artifact.,provenance.document_hash,482f352eacd369c8741476440ccc3f877ec47c0b21e41596348e4217c9514de0
P0,EVT-IMCA-0539,International Marine Contractors Association (IMCA),MISSING_SOURCE_ARTIFACT,Record derived from catalog metadata without packaged physical PDF/HTML artifact.,provenance.document_hash,766c1e624a84c580e797f51968d136fd0b192b6b58ea439385759d25f546b7fc
P0,EVT-IMCA-0540,International Marine Contractors Association (IMCA),MISSING_SOURCE_ARTIFACT,Record derived from catalog metadata without packaged physical PDF/HTML artifact.,provenance.document_hash,ce78f9853d75f734cb9b667de6a581872edbaffbea636cba6e26520673997e5f
P0,EVT-IMCA-0541,International Marine Contractors Association (IMCA),MISSING_SOURCE_ARTIFACT,Record derived from catalog metadata without packaged physical PDF/HTML artifact.,provenance.document_hash,7a8891e9e1fbe27523878e2d35665d5b70122f26a1a6854006bf1959065e231f
P0,EVT-IMCA-0542,International Marine Contractors Association (IMCA),MISSING_SOURCE_ARTIFACT,Record derived from catalog metadata without packaged physical PDF/HTML artifact.,provenance.document_hash,a9bcf8d217a21357d958b71e3ad27bf6257b8c45d8850fc4f0772556d864aacf
P0,EVT-IMCA-0543,International Marine Contractors Association (IMCA),MISSING_SOURCE_ARTIFACT,Record derived from catalog metadata without packaged physical PDF/HTML artifact.,provenance.document_hash,20e3de0af3c6eb61f413616159c2b9a83421ae34e4af0311209d1a0057bd7aae
P0,EVT-IMCA-0544,International Marine Contractors Association (IMCA),MISSING_SOURCE_ARTIFACT,Record derived from catalog metadata without packaged physical PDF/HTML artifact.,provenance.document_hash,3306d97a18e580c105199516322d9c3d6230a9336a565c59778bd436fcbd0bc0
P0,EVT-IMCA-0545,International Marine Contractors Association (IMCA),MISSING_SOURCE_ARTIFACT,Record derived from catalog metadata without packaged physical PDF/HTML artifact.,provenance.document_hash,13bc50d151eb709313d58701b834c5568ef2d328e66e82e1ec916b76c8074a20
P0,EVT-IMCA-0546,International Marine Contractors Association (IMCA),MISSING_SOURCE_ARTIFACT,Record derived from catalog metadata without packaged physical PDF/HTML artifact.,provenance.document_hash,6bf45fe1325e4c76f4b2ead186b4ec841b4023f32adceda6f54059499ca56868
P0,EVT-IMCA-0547,International Marine Contractors Association (IMCA),MISSING_SOURCE_ARTIFACT,Record derived from catalog metadata without packaged physical PDF/HTML artifact.,provenance.document_hash,1546d9eb01679007da985d0e18c30781dc098bf03afa0a020751ad7131984724
P0,EVT-IMCA-0548,International Marine Contractors Association (IMCA),MISSING_SOURCE_ARTIFACT,Record derived from catalog metadata without packaged physical PDF/HTML artifact.,provenance.document_hash,99198f264cf1b04bd24cce9b0d2bbfd4b7e9a98b80ff7abe14786e561bece86f
P0,EVT-IMCA-0549,International Marine Contractors Association (IMCA),MISSING_SOURCE_ARTIFACT,Record derived from catalog metadata without packaged physical PDF/HTML artifact.,provenance.document_hash,37c495c9a9ebb3910c9bf9c08a332a2bd60f49daf210f644f75927835bc9b961
P0,EVT-IMCA-0550,International Marine Contractors Association (IMCA),MISSING_SOURCE_ARTIFACT,Record derived from catalog metadata without packaged physical PDF/HTML artifact.,provenance.document_hash,24fa0bc3cd1aff34a2698b79452695849d701acffafc1e0fc4cfb5cc9ba08b01
P0,EVT-IMCA-0551,International Marine Contractors Association (IMCA),MISSING_SOURCE_ARTIFACT,Record derived from catalog metadata without packaged physical PDF/HTML artifact.,provenance.document_hash,6282ab1a43de326917a4199bf161685358583365a38afa6be1ea53e00378339c
P0,EVT-IMCA-0552,International Marine Contractors Association (IMCA),MISSING_SOURCE_ARTIFACT,Record derived from catalog metadata without packaged physical PDF/HTML artifact.,provenance.document_hash,d9713261bacf88cbf7aac26983afffa8b1646a0043b88761c151200f763346f5
P0,EVT-IMCA-0553,International Marine Contractors Association (IMCA),MISSING_SOURCE_ARTIFACT,Record derived from catalog metadata without packaged physical PDF/HTML artifact.,provenance.document_hash,01023056c04b306bda3e3b77ba8a45a4b28aaece871e9d5bb2afe2ffa5a16f4d
P0,EVT-IMCA-0554,International Marine Contractors Association (IMCA),MISSING_SOURCE_ARTIFACT,Record derived from catalog metadata without packaged physical PDF/HTML artifact.,provenance.document_hash,0d980a2d15646fe9b067d0009ad0737472635e941a86e14809b32e0d069cc000
P0,EVT-IMCA-0555,International Marine Contractors Association (IMCA),MISSING_SOURCE_ARTIFACT,Record derived from catalog metadata without packaged physical PDF/HTML artifact.,provenance.document_hash,28e035827a5a5938a422acc35b2d9421390b6e01ec413002dda46065d7ecfadf
P0,EVT-IMCA-0556,International Marine Contractors Association (IMCA),MISSING_SOURCE_ARTIFACT,Record derived from catalog metadata without packaged physical PDF/HTML artifact.,provenance.document_hash,d75f4a0237bbff0506dd8883f4ebe01c1878226fc20f1ad2b0c0949d983c660d
P0,EVT-IMCA-0557,International Marine Contractors Association (IMCA),MISSING_SOURCE_ARTIFACT,Record derived from catalog metadata without packaged physical PDF/HTML artifact.,provenance.document_hash,d2bd90646ad86257f946dc7b963d33f8dddf0eb53080d112f8b635f0db2aae2f
P0,EVT-IMCA-0558,International Marine Contractors Association (IMCA),MISSING_SOURCE_ARTIFACT,Record derived from catalog metadata without packaged physical PDF/HTML artifact.,provenance.document_hash,08dfb4423b01b5363479bd3c0774803a44682d13255e5870a7838fa64014260a
P0,EVT-IMCA-0559,International Marine Contractors Association (IMCA),MISSING_SOURCE_ARTIFACT,Record derived from catalog metadata without packaged physical PDF/HTML artifact.,provenance.document_hash,d6eb70421f15d5d2749be1cda0239af889f0e301b43d3e1e38aeecb8d7e41734
P0,EVT-IMCA-0560,International Marine Contractors Association (IMCA),MISSING_SOURCE_ARTIFACT,Record derived from catalog metadata without packaged physical PDF/HTML artifact.,provenance.document_hash,c946e4b91a3e0c79686d967fec1e76ac326e0cc5646bdd5a3544ee76a031b119
P0,EVT-IMCA-0561,International Marine Contractors Association (IMCA),MISSING_SOURCE_ARTIFACT,Record derived from catalog metadata without packaged physical PDF/HTML artifact.,provenance.document_hash,78b0633b09c8829f2316dd445a400d1b74adb90f043181236cc004461dd8c6fd
P0,EVT-IMCA-0562,International Marine Contractors Association (IMCA),MISSING_SOURCE_ARTIFACT,Record derived from catalog metadata without packaged physical PDF/HTML artifact.,provenance.document_hash,c4aa0866b42bb3a3155a3d3fc2f9d35e84e3a7e08deb6963f50801602ac42212
P0,EVT-IMCA-0563,International Marine Contractors Association (IMCA),MISSING_SOURCE_ARTIFACT,Record derived from catalog metadata without packaged physical PDF/HTML artifact.,provenance.document_hash,9ad6c7374f0283d538124cfa5e842c73412415f36e553e7d7e0783d5322963ea
P0,EVT-IMCA-0564,International Marine Contractors Association (IMCA),MISSING_SOURCE_ARTIFACT,Record derived from catalog metadata without packaged physical PDF/HTML artifact.,provenance.document_hash,757cd60d951c1b1709dff7af5b4eb878b1927fa3d64a15e8706714ba17f87823
P0,EVT-IMCA-0565,International Marine Contractors Association (IMCA),MISSING_SOURCE_ARTIFACT,Record derived from catalog metadata without packaged physical PDF/HTML artifact.,provenance.document_hash,c05252a56f6e095ba32d4b4f5b1c4d5cd9abc5c6dc3055659b01ebd26a3e3ff1
P0,EVT-IMCA-0566,International Marine Contractors Association (IMCA),MISSING_SOURCE_ARTIFACT,Record derived from catalog metadata without packaged physical PDF/HTML artifact.,provenance.document_hash,25498197b95340083cc21bfe4ab3a3c7687ab82d003abb3a9f67cecced10de55
P0,EVT-IMCA-0567,International Marine Contractors Association (IMCA),MISSING_SOURCE_ARTIFACT,Record derived from catalog metadata without packaged physical PDF/HTML artifact.,provenance.document_hash,807a038541de030ca3b9617296e9d93db24f730073bc7bec39cc41588a9f8fce
P0,EVT-IMCA-0568,International Marine Contractors Association (IMCA),MISSING_SOURCE_ARTIFACT,Record derived from catalog metadata without packaged physical PDF/HTML artifact.,provenance.document_hash,00983d93c73fcf4351cb7d04f9d60344e8e6acaa18cea728e5b6e9a1b7b06cc3
P0,EVT-IMCA-0569,International Marine Contractors Association (IMCA),MISSING_SOURCE_ARTIFACT,Record derived from catalog metadata without packaged physical PDF/HTML artifact.,provenance.document_hash,14c69ad51340a4ffe3892c79a3b888b8149c54d6d1a68824e2183573e50a4678
P0,EVT-IMCA-0570,International Marine Contractors Association (IMCA),MISSING_SOURCE_ARTIFACT,Record derived from catalog metadata without packaged physical PDF/HTML artifact.,provenance.document_hash,240fbc5103e95a7a3e2a4f69d3aee2d514b5d6eb41ad8bced1bd37153d96aefd
P0,EVT-IMCA-0571,International Marine Contractors Association (IMCA),MISSING_SOURCE_ARTIFACT,Record derived from catalog metadata without packaged physical PDF/HTML artifact.,provenance.document_hash,6eb273ff0135f3f472409c8376dd0c2b20c295b2e18e1071ef27f218be9f064c
P0,EVT-IMCA-0572,International Marine Contractors Association (IMCA),MISSING_SOURCE_ARTIFACT,Record derived from catalog metadata without packaged physical PDF/HTML artifact.,provenance.document_hash,dc141dbf92b56a09a3ecb59d027455794eaf7ac4c2c6f8db8d10db1ebcaf52e2
P0,EVT-IMCA-0573,International Marine Contractors Association (IMCA),MISSING_SOURCE_ARTIFACT,Record derived from catalog metadata without packaged physical PDF/HTML artifact.,provenance.document_hash,4c19e5b0f94c8d1aad0b7cbbab4f42181c106fa74e8edd9779d46e2565a30204
P0,EVT-IMCA-0574,International Marine Contractors Association (IMCA),MISSING_SOURCE_ARTIFACT,Record derived from catalog metadata without packaged physical PDF/HTML artifact.,provenance.document_hash,54bd52c6e2a63c614c0906a7e0a8e344463cb4029d31c0f0626bde3be8831790
P0,EVT-IMCA-0575,International Marine Contractors Association (IMCA),MISSING_SOURCE_ARTIFACT,Record derived from catalog metadata without packaged physical PDF/HTML artifact.,provenance.document_hash,a02dc78d5a29416ee99bc2ece0068920804699b87735fb3d8a24ff826fca5ea8
P0,EVT-IMCA-0576,International Marine Contractors Association (IMCA),MISSING_SOURCE_ARTIFACT,Record derived from catalog metadata without packaged physical PDF/HTML artifact.,provenance.document_hash,0af556acab2feceadeb26bad15d556812baa3ee929d0d238f7ca7163424d1feb
P0,EVT-IMCA-0577,International Marine Contractors Association (IMCA),MISSING_SOURCE_ARTIFACT,Record derived from catalog metadata without packaged physical PDF/HTML artifact.,provenance.document_hash,53294ae93ad91f0e701a056524c21f02a7d983557422ecc065064cc0a7bc807a
P0,EVT-IMCA-0578,International Marine Contractors Association (IMCA),MISSING_SOURCE_ARTIFACT,Record derived from catalog metadata without packaged physical PDF/HTML artifact.,provenance.document_hash,f7d454de19ebd9753585452e0df6d6ae47037ef1c0395524beab2c4ba717255c
P0,EVT-IMCA-0579,International Marine Contractors Association (IMCA),MISSING_SOURCE_ARTIFACT,Record derived from catalog metadata without packaged physical PDF/HTML artifact.,provenance.document_hash,3d937b88b1ce994fae79f0321fa29df624634bc49e29f2ac3d0398d020134097
P0,EVT-IMCA-0580,International Marine Contractors Association (IMCA),MISSING_SOURCE_ARTIFACT,Record derived from catalog metadata without packaged physical PDF/HTML artifact.,provenance.document_hash,299d9fc0392354d3bd1250e75691ab9c9b396a9922751b6cd01cf1b817c7d592
P0,EVT-IMCA-0581,International Marine Contractors Association (IMCA),MISSING_SOURCE_ARTIFACT,Record derived from catalog metadata without packaged physical PDF/HTML artifact.,provenance.document_hash,dcf8ff4dd4345a51247fcd100f7b6615692df207a69a2dfeb7f030ad1d622561
P0,EVT-IMCA-0582,International Marine Contractors Association (IMCA),MISSING_SOURCE_ARTIFACT,Record derived from catalog metadata without packaged physical PDF/HTML artifact.,provenance.document_hash,723a623fa7a1a27430ca9b48f3913a8d951d68a318f86b4c80482228af61b0cf
P0,EVT-IMCA-0583,International Marine Contractors Association (IMCA),MISSING_SOURCE_ARTIFACT,Record derived from catalog metadata without packaged physical PDF/HTML artifact.,provenance.document_hash,11bf070fdf9826d3055ec54e5ea49a3f4184dd090ef1b7d6fc258183917e221a
P0,EVT-IMCA-0584,International Marine Contractors Association (IMCA),MISSING_SOURCE_ARTIFACT,Record derived from catalog metadata without packaged physical PDF/HTML artifact.,provenance.document_hash,f9367c5298148521c93e1733fed507e152689d479119048feee7e6d05dc5f2be
P0,EVT-IMCA-0585,International Marine Contractors Association (IMCA),MISSING_SOURCE_ARTIFACT,Record derived from catalog metadata without packaged physical PDF/HTML artifact.,provenance.document_hash,add9f4560f532721ac1d278cd452ce598e73b6279a7b31382dfe4058fd3222ee
P0,EVT-IMCA-0586,International Marine Contractors Association (IMCA),MISSING_SOURCE_ARTIFACT,Record derived from catalog metadata without packaged physical PDF/HTML artifact.,provenance.document_hash,8b36a480f55886899ca07344df9b027755c136ff51f1caa6ee7cd74bf6b2bbce
P0,EVT-IMCA-0587,International Marine Contractors Association (IMCA),MISSING_SOURCE_ARTIFACT,Record derived from catalog metadata without packaged physical PDF/HTML artifact.,provenance.document_hash,4cc0d03b6c3f7ffbf283c942a99198e6177a586a6baa530440f74b124bef321a
P0,EVT-IMCA-0588,International Marine Contractors Association (IMCA),MISSING_SOURCE_ARTIFACT,Record derived from catalog metadata without packaged physical PDF/HTML artifact.,provenance.document_hash,20e143f696e05a5ad13f7096ecf4bdebbebe51d084daedb500bb2ff3ea59c81b
P0,EVT-IMCA-0589,International Marine Contractors Association (IMCA),MISSING_SOURCE_ARTIFACT,Record derived from catalog metadata without packaged physical PDF/HTML artifact.,provenance.document_hash,92da03fd5917f43bc820e64395ac5971b16e39484340c4d47883587d5cf5ca89
P0,EVT-IMCA-0590,International Marine Contractors Association (IMCA),MISSING_SOURCE_ARTIFACT,Record derived from catalog metadata without packaged physical PDF/HTML artifact.,provenance.document_hash,59b198c6c2dd0619e906f89e1d6fe1e49a5bc9ba8bdf19d536a3aadd030c4b53
P0,EVT-IMCA-0591,International Marine Contractors Association (IMCA),MISSING_SOURCE_ARTIFACT,Record derived from catalog metadata without packaged physical PDF/HTML artifact.,provenance.document_hash,037fa2c6b724a9018a3330d87116f3b17a4cf42f5e6e93d066eba939460361af
P0,EVT-IMCA-0592,International Marine Contractors Association (IMCA),MISSING_SOURCE_ARTIFACT,Record derived from catalog metadata without packaged physical PDF/HTML artifact.,provenance.document_hash,838e91e8152a7864efccf3b39cbedbd24709aede0c860462eed546f961106652
P0,EVT-IMCA-0593,International Marine Contractors Association (IMCA),MISSING_SOURCE_ARTIFACT,Record derived from catalog metadata without packaged physical PDF/HTML artifact.,provenance.document_hash,d7a7f8e7044fd2c7c6925bac454d329fc066930cdeeb9bb41d166f56a7e410c1
P0,EVT-IMCA-0594,International Marine Contractors Association (IMCA),MISSING_SOURCE_ARTIFACT,Record derived from catalog metadata without packaged physical PDF/HTML artifact.,provenance.document_hash,4665a3409a1df2c2cc4803b65c53e327f305915a4b1dc4177f2c4249b8fdad1d
P0,EVT-IMCA-0595,International Marine Contractors Association (IMCA),MISSING_SOURCE_ARTIFACT,Record derived from catalog metadata without packaged physical PDF/HTML artifact.,provenance.document_hash,c4ef06733d76dd94b176a779fc53bfada90036c92e898059b818522b9a5d9399
P0,EVT-IMCA-0596,International Marine Contractors Association (IMCA),MISSING_SOURCE_ARTIFACT,Record derived from catalog metadata without packaged physical PDF/HTML artifact.,provenance.document_hash,30b5e0205acbf5b63a5b9bd1d5c9f224cd6127b2d2aa87a0490422964ec210d0
P0,EVT-IMCA-0597,International Marine Contractors Association (IMCA),MISSING_SOURCE_ARTIFACT,Record derived from catalog metadata without packaged physical PDF/HTML artifact.,provenance.document_hash,11b4e4187460179f01f724892602211803dac99807e77f5807aa336cdc62c1d8
P0,EVT-IMCA-0598,International Marine Contractors Association (IMCA),MISSING_SOURCE_ARTIFACT,Record derived from catalog metadata without packaged physical PDF/HTML artifact.,provenance.document_hash,4377b94d0c226af898d6e9c0344ec03a2730fac4a35a496f4248090d3fe00ef5
P0,EVT-IMCA-0599,International Marine Contractors Association (IMCA),MISSING_SOURCE_ARTIFACT,Record derived from catalog metadata without packaged physical PDF/HTML artifact.,provenance.document_hash,6e1fa667338642ebb742fe147266388989ca300515eda8d6280ff9b54e279e90
P0,EVT-IMCA-0600,International Marine Contractors Association (IMCA),MISSING_SOURCE_ARTIFACT,Record derived from catalog metadata without packaged physical PDF/HTML artifact.,provenance.document_hash,5f85b6bfa0f1fb44e6f9e6a6bfcdc9eb3d606f28fe4b7abfcee02fccc2d74439
P0,EVT-IMCA-0601,International Marine Contractors Association (IMCA),MISSING_SOURCE_ARTIFACT,Record derived from catalog metadata without packaged physical PDF/HTML artifact.,provenance.document_hash,7f487f12718495ac59b4fcf7bce643910eff2f170f6f3017a6c54e92a6fdbc59
P0,EVT-IMCA-0602,International Marine Contractors Association (IMCA),MISSING_SOURCE_ARTIFACT,Record derived from catalog metadata without packaged physical PDF/HTML artifact.,provenance.document_hash,3ea0a9dbd751a4190ce871c9203bb75087e0d7be7b7cac791de0d2a4201c6e64
P0,EVT-IMCA-0603,International Marine Contractors Association (IMCA),MISSING_SOURCE_ARTIFACT,Record derived from catalog metadata without packaged physical PDF/HTML artifact.,provenance.document_hash,c196152f16b336ad2483cb3bc498aaf4532ebc46bf36c05c596b25ae70611bc5
P0,EVT-IMCA-0604,International Marine Contractors Association (IMCA),MISSING_SOURCE_ARTIFACT,Record derived from catalog metadata without packaged physical PDF/HTML artifact.,provenance.document_hash,79875eae2950ccb2654f28750ae7eb109934f76d061531ac1ec0b71e142caa58
P0,EVT-IMCA-0605,International Marine Contractors Association (IMCA),MISSING_SOURCE_ARTIFACT,Record derived from catalog metadata without packaged physical PDF/HTML artifact.,provenance.document_hash,819840ba1597ca7f7e1d33db5bf1100963d5d4ddd9dbef8d6a48d61cd87c72b1
P0,EVT-IMCA-0606,International Marine Contractors Association (IMCA),MISSING_SOURCE_ARTIFACT,Record derived from catalog metadata without packaged physical PDF/HTML artifact.,provenance.document_hash,0d2009d824edfb621de89a5946e3fc4bcc5e9752c7ca5a69e2cf4ec2e8847243
P0,EVT-IMCA-0607,International Marine Contractors Association (IMCA),MISSING_SOURCE_ARTIFACT,Record derived from catalog metadata without packaged physical PDF/HTML artifact.,provenance.document_hash,2e667052c084cb93dedcdaffecae8abd3cb00dc08a9be84c05e2e873bdb234c3
P0,EVT-IMCA-0608,International Marine Contractors Association (IMCA),MISSING_SOURCE_ARTIFACT,Record derived from catalog metadata without packaged physical PDF/HTML artifact.,provenance.document_hash,052fa4cc76a2f5b993dbe3785a1fb36b0975eeb81ac1a81f6a688309498b12d0
P0,EVT-IMCA-0609,International Marine Contractors Association (IMCA),MISSING_SOURCE_ARTIFACT,Record derived from catalog metadata without packaged physical PDF/HTML artifact.,provenance.document_hash,c32bcd92de26647a1331c27e72d27a22a9f32e390f4badfa9da85d4f392dcef7
P0,EVT-IMCA-0610,International Marine Contractors Association (IMCA),MISSING_SOURCE_ARTIFACT,Record derived from catalog metadata without packaged physical PDF/HTML artifact.,provenance.document_hash,d4c397f63394c213e36c183cac4080ae2b05f67bb6565e883462ae891786730c
P0,EVT-IMCA-0611,International Marine Contractors Association (IMCA),MISSING_SOURCE_ARTIFACT,Record derived from catalog metadata without packaged physical PDF/HTML artifact.,provenance.document_hash,70ea06e48ddfc217c7d47045249c0d4bed2d614d9176e8e057f3f1ae2d525a4f
P0,EVT-IMCA-0612,International Marine Contractors Association (IMCA),MISSING_SOURCE_ARTIFACT,Record derived from catalog metadata without packaged physical PDF/HTML artifact.,provenance.document_hash,d973859d1482e674099e4fd98930c5dfe1eb1c2df3c158240dbb236b4d9376f1
P0,EVT-IMCA-0613,International Marine Contractors Association (IMCA),MISSING_SOURCE_ARTIFACT,Record derived from catalog metadata without packaged physical PDF/HTML artifact.,provenance.document_hash,08e40a7ef85531b6b1740457da66bcf4bd3445cfc225669538a37d0e25c2dcee
P0,EVT-IMCA-0614,International Marine Contractors Association (IMCA),MISSING_SOURCE_ARTIFACT,Record derived from catalog metadata without packaged physical PDF/HTML artifact.,provenance.document_hash,b0846dc4bcc5302c9feed69bcf44d6a940a9bf63b57c077a5ccfb86db202cd35
P0,EVT-IMCA-0615,International Marine Contractors Association (IMCA),MISSING_SOURCE_ARTIFACT,Record derived from catalog metadata without packaged physical PDF/HTML artifact.,provenance.document_hash,6bf6334f2cb7001869c46a30877f2060e657bc93e4db808f633e56f2065d7899
P0,EVT-IMCA-0616,International Marine Contractors Association (IMCA),MISSING_SOURCE_ARTIFACT,Record derived from catalog metadata without packaged physical PDF/HTML artifact.,provenance.document_hash,53b8dd4655784cd288e14c6b640b3d4143952b7e3f6c078969b6e73bf6e458c3
P0,EVT-IMCA-0617,International Marine Contractors Association (IMCA),MISSING_SOURCE_ARTIFACT,Record derived from catalog metadata without packaged physical PDF/HTML artifact.,provenance.document_hash,df42864957e1fc7eb1a1643bdc26b0d26862c1fcc7b663ed003fdd2d61ec2fc7
P0,EVT-IMCA-0618,International Marine Contractors Association (IMCA),MISSING_SOURCE_ARTIFACT,Record derived from catalog metadata without packaged physical PDF/HTML artifact.,provenance.document_hash,f154f3385cc177895fc7a220f00cebef20e9717163d0ce4d0d864a028c95b902
P0,EVT-IMCA-0619,International Marine Contractors Association (IMCA),MISSING_SOURCE_ARTIFACT,Record derived from catalog metadata without packaged physical PDF/HTML artifact.,provenance.document_hash,c92bea2d455235efb982e8c2eb2f7bab7643960cb5104019fde5021b1efa41c7
P0,EVT-IMCA-0620,International Marine Contractors Association (IMCA),MISSING_SOURCE_ARTIFACT,Record derived from catalog metadata without packaged physical PDF/HTML artifact.,provenance.document_hash,7b1dbc69ac90a25524d0134ec3d72122285bd2dd4dedd05374cdc334157ffafb
P0,EVT-IMCA-0621,International Marine Contractors Association (IMCA),MISSING_SOURCE_ARTIFACT,Record derived from catalog metadata without packaged physical PDF/HTML artifact.,provenance.document_hash,5d83587f813dc23dab557d828725255d0b20a8c9f3fd48a87d18958beafefaa2
P0,EVT-IMCA-0622,International Marine Contractors Association (IMCA),MISSING_SOURCE_ARTIFACT,Record derived from catalog metadata without packaged physical PDF/HTML artifact.,provenance.document_hash,19af37a23c90db0466554ef5c6322a9abfc8e0cbd9e01ff6d42063ac2213606b
P0,EVT-IMCA-0623,International Marine Contractors Association (IMCA),MISSING_SOURCE_ARTIFACT,Record derived from catalog metadata without packaged physical PDF/HTML artifact.,provenance.document_hash,d6ee245411ca8c88ab0ec2ee2b9fc3922d150b32bdb46734d6360cb1ff349dde
P0,EVT-IMCA-0624,International Marine Contractors Association (IMCA),MISSING_SOURCE_ARTIFACT,Record derived from catalog metadata without packaged physical PDF/HTML artifact.,provenance.document_hash,0d9b987fc5565d5f25e2a125b31316fe7da36d74f5d152cb2a7db4a74784e002
P0,EVT-IMCA-0625,International Marine Contractors Association (IMCA),MISSING_SOURCE_ARTIFACT,Record derived from catalog metadata without packaged physical PDF/HTML artifact.,provenance.document_hash,9bb45d612730c2d30d2fa7983e377c2ecf0618d47bc55b7645e40adeba89e945
P0,EVT-IMCA-0626,International Marine Contractors Association (IMCA),MISSING_SOURCE_ARTIFACT,Record derived from catalog metadata without packaged physical PDF/HTML artifact.,provenance.document_hash,8b918e82cbbd6c4c04644eb51a3108f03d7bdbe2df2a3e48b76fa28880454398
P0,EVT-IMCA-0627,International Marine Contractors Association (IMCA),MISSING_SOURCE_ARTIFACT,Record derived from catalog metadata without packaged physical PDF/HTML artifact.,provenance.document_hash,383a97f00ade79332d5535d05a2fe3ac1f1eb1bb6c41a9cd274f15507b3a1eae
P0,EVT-IMCA-0628,International Marine Contractors Association (IMCA),MISSING_SOURCE_ARTIFACT,Record derived from catalog metadata without packaged physical PDF/HTML artifact.,provenance.document_hash,a42bc2b96a85aaed51c3d6f7f5d03c1cc86905bdbd233fadd075f6372626af8c
P0,EVT-IMCA-0629,International Marine Contractors Association (IMCA),MISSING_SOURCE_ARTIFACT,Record derived from catalog metadata without packaged physical PDF/HTML artifact.,provenance.document_hash,cc8a5f73ebde9b16b1a19a418e7bbbe3f806abb1cc89413c00ba932951559f30
P0,EVT-IMCA-0630,International Marine Contractors Association (IMCA),MISSING_SOURCE_ARTIFACT,Record derived from catalog metadata without packaged physical PDF/HTML artifact.,provenance.document_hash,33948994ab3ef5132076a13742a4405c58eefdeebf30484d2c9b5238a852aa67
P0,EVT-IMCA-0631,International Marine Contractors Association (IMCA),MISSING_SOURCE_ARTIFACT,Record derived from catalog metadata without packaged physical PDF/HTML artifact.,provenance.document_hash,8a3ef0a415aa53f8d7eb89e9fbc0b5b02573dccbe5ecdd437a0a5f696890cf52
P0,EVT-IMCA-0632,International Marine Contractors Association (IMCA),MISSING_SOURCE_ARTIFACT,Record derived from catalog metadata without packaged physical PDF/HTML artifact.,provenance.document_hash,a0ea9c14f1ecde70fc33b9b0fe07b2a82326cbe8744e54b75244742b86f08465
P0,EVT-IMCA-0633,International Marine Contractors Association (IMCA),MISSING_SOURCE_ARTIFACT,Record derived from catalog metadata without packaged physical PDF/HTML artifact.,provenance.document_hash,9fe86c06d02f410af5489d864489e6e998c129187478c44f69e96298bff527b8
P0,EVT-IMCA-0634,International Marine Contractors Association (IMCA),MISSING_SOURCE_ARTIFACT,Record derived from catalog metadata without packaged physical PDF/HTML artifact.,provenance.document_hash,73cc4abf9034a2ea56285af330c2fa0bd499a602697d966545def0b6a62547e9
P0,EVT-IMCA-0635,International Marine Contractors Association (IMCA),MISSING_SOURCE_ARTIFACT,Record derived from catalog metadata without packaged physical PDF/HTML artifact.,provenance.document_hash,0441d11dd6dd5ede87989123a2c2a164d91e2e928f45a9d388a4777883d5b200
P0,EVT-IMCA-0636,International Marine Contractors Association (IMCA),MISSING_SOURCE_ARTIFACT,Record derived from catalog metadata without packaged physical PDF/HTML artifact.,provenance.document_hash,14b67c64123712cc2d7c435e71b212f330e0e5f53ffc212a1d3e312cf6367556
P0,EVT-IMCA-0637,International Marine Contractors Association (IMCA),MISSING_SOURCE_ARTIFACT,Record derived from catalog metadata without packaged physical PDF/HTML artifact.,provenance.document_hash,7dc7bc11ecc7a9bd3e6f378ce5c7eb729524948f1225f32d2c6152fdd7355867
P0,EVT-IMCA-0638,International Marine Contractors Association (IMCA),MISSING_SOURCE_ARTIFACT,Record derived from catalog metadata without packaged physical PDF/HTML artifact.,provenance.document_hash,acc6a4763d21f25ad922b907a926da48173a1f05d021e6373abcc6798ae9e86a
P0,EVT-IMCA-0639,International Marine Contractors Association (IMCA),MISSING_SOURCE_ARTIFACT,Record derived from catalog metadata without packaged physical PDF/HTML artifact.,provenance.document_hash,2bcb113b0a74db93c4f2bb3eac76d3edeeb277b0b31b695cb2b2a3429671f94e
P0,EVT-IMCA-0640,International Marine Contractors Association (IMCA),MISSING_SOURCE_ARTIFACT,Record derived from catalog metadata without packaged physical PDF/HTML artifact.,provenance.document_hash,eac128b7808a458fac816024d43f5cbc250d7e59cd71234af2be503d393cb7ef
P0,EVT-IMCA-0641,International Marine Contractors Association (IMCA),MISSING_SOURCE_ARTIFACT,Record derived from catalog metadata without packaged physical PDF/HTML artifact.,provenance.document_hash,5a65eedcc76c1233220685e331ba4b5e8b8d7568222a684a9c732e1cfbdcb482
P0,EVT-IMCA-0642,International Marine Contractors Association (IMCA),MISSING_SOURCE_ARTIFACT,Record derived from catalog metadata without packaged physical PDF/HTML artifact.,provenance.document_hash,f108956113793f5cf7b417465b8ee4c283fb6644ef71b97189df40235fe91ed0
P0,EVT-IMCA-0643,International Marine Contractors Association (IMCA),MISSING_SOURCE_ARTIFACT,Record derived from catalog metadata without packaged physical PDF/HTML artifact.,provenance.document_hash,90ba4f8e6d0fe4a8df91a12856e07463c76d8132d099916c9a8137a78af7ce9c
P0,EVT-IMCA-0644,International Marine Contractors Association (IMCA),MISSING_SOURCE_ARTIFACT,Record derived from catalog metadata without packaged physical PDF/HTML artifact.,provenance.document_hash,db4fa781bd463c5db7ae0df9d6e9e6383a42fd0065bfc5864fba0971ba6b8d9f
P0,EVT-IMCA-0645,International Marine Contractors Association (IMCA),MISSING_SOURCE_ARTIFACT,Record derived from catalog metadata without packaged physical PDF/HTML artifact.,provenance.document_hash,6c71dfa84bfd53db811b3ef15deabfc6b0bbb735dd82dc3cbe7441c4a0354087
P0,EVT-IMCA-0646,International Marine Contractors Association (IMCA),MISSING_SOURCE_ARTIFACT,Record derived from catalog metadata without packaged physical PDF/HTML artifact.,provenance.document_hash,908e948260dd36068fde845add31861d6c65325ebca72b69bbb172cc1548731b
P0,EVT-IMCA-0647,International Marine Contractors Association (IMCA),MISSING_SOURCE_ARTIFACT,Record derived from catalog metadata without packaged physical PDF/HTML artifact.,provenance.document_hash,f9c11cd58a2c9e239045633a85191503d23fe6252e4b735bb39f04640c9ddf16
P0,EVT-IMCA-0648,International Marine Contractors Association (IMCA),MISSING_SOURCE_ARTIFACT,Record derived from catalog metadata without packaged physical PDF/HTML artifact.,provenance.document_hash,73784a20478e33b4db183f99affcb67c239589768768e8899608d624d7a0ba87
P0,EVT-IMCA-0649,International Marine Contractors Association (IMCA),MISSING_SOURCE_ARTIFACT,Record derived from catalog metadata without packaged physical PDF/HTML artifact.,provenance.document_hash,970e2e0e3f06ae1957d6af126cff40fbd2564b3e92dfc545cc9ed2b9671cb4d7
P0,EVT-IMCA-0650,International Marine Contractors Association (IMCA),MISSING_SOURCE_ARTIFACT,Record derived from catalog metadata without packaged physical PDF/HTML artifact.,provenance.document_hash,f141aab513eb6b8e4c726fa1a264c0d3de0c88eb77d9afa879d01fed66837c4c
P0,EVT-IMCA-0651,International Marine Contractors Association (IMCA),MISSING_SOURCE_ARTIFACT,Record derived from catalog metadata without packaged physical PDF/HTML artifact.,provenance.document_hash,0b64b86f54a140a37fc0ea2c44358e7b5384142a5ff9ee6fe4509f16ac5d9e9c
P0,EVT-IMCA-0652,International Marine Contractors Association (IMCA),MISSING_SOURCE_ARTIFACT,Record derived from catalog metadata without packaged physical PDF/HTML artifact.,provenance.document_hash,acab3b67be6cea6c64fd7c92d822fd05086155e701cb12e8262efff7540be58d
P0,EVT-IMCA-0653,International Marine Contractors Association (IMCA),MISSING_SOURCE_ARTIFACT,Record derived from catalog metadata without packaged physical PDF/HTML artifact.,provenance.document_hash,e9731c153012a5578180b2a1527c9c04d54e0c1b1bc23fb09490852e66ee6047
P0,EVT-IMCA-0654,International Marine Contractors Association (IMCA),MISSING_SOURCE_ARTIFACT,Record derived from catalog metadata without packaged physical PDF/HTML artifact.,provenance.document_hash,97dc141caabac962479f88da8672b29060afcc2db074d5f7b81632feada5edee
P0,EVT-IMCA-0655,International Marine Contractors Association (IMCA),MISSING_SOURCE_ARTIFACT,Record derived from catalog metadata without packaged physical PDF/HTML artifact.,provenance.document_hash,ed2c1db983492415e488583ee935615a930cf69d077b90b37d9015b1ad192a97
P0,EVT-IMCA-0656,International Marine Contractors Association (IMCA),MISSING_SOURCE_ARTIFACT,Record derived from catalog metadata without packaged physical PDF/HTML artifact.,provenance.document_hash,6b3be64ab3ae92153775ded3014430ba8c33824a9f361b57b2ff6cdb1d5d3dcb
P0,EVT-IMCA-0657,International Marine Contractors Association (IMCA),MISSING_SOURCE_ARTIFACT,Record derived from catalog metadata without packaged physical PDF/HTML artifact.,provenance.document_hash,bad31dfcdba7c3c8e80ec02539499f7feda17fb479c6b28bb8472ac98c2e131c
P0,EVT-IMCA-0658,International Marine Contractors Association (IMCA),MISSING_SOURCE_ARTIFACT,Record derived from catalog metadata without packaged physical PDF/HTML artifact.,provenance.document_hash,6093d96a717ad8ccf6d0d95d1e1e2921d7efd4d4a64162ce5185f21e868e699a
P0,EVT-IMCA-0659,International Marine Contractors Association (IMCA),MISSING_SOURCE_ARTIFACT,Record derived from catalog metadata without packaged physical PDF/HTML artifact.,provenance.document_hash,1643d757224819ff7c2f6900aa99d19bfa3c83e6a690fdfcaf1fbc089f1974ac
P0,EVT-IMCA-0660,International Marine Contractors Association (IMCA),MISSING_SOURCE_ARTIFACT,Record derived from catalog metadata without packaged physical PDF/HTML artifact.,provenance.document_hash,514f8635fc727c3cdd324f484acbf866dfd132bfdcbee64228b15dd78267a997
P0,EVT-IMCA-0661,International Marine Contractors Association (IMCA),MISSING_SOURCE_ARTIFACT,Record derived from catalog metadata without packaged physical PDF/HTML artifact.,provenance.document_hash,acb38707ea36553c78fac0ae4e6faec33ebb5dea8c3a48a65d85b0c59fe5f02f
P0,EVT-IMCA-0662,International Marine Contractors Association (IMCA),MISSING_SOURCE_ARTIFACT,Record derived from catalog metadata without packaged physical PDF/HTML artifact.,provenance.document_hash,5b0aa17dfd87e4cb0f8504a86b1fa222f15e1a6985c467621cd002b8e3a3fcba
P0,EVT-IMCA-0663,International Marine Contractors Association (IMCA),MISSING_SOURCE_ARTIFACT,Record derived from catalog metadata without packaged physical PDF/HTML artifact.,provenance.document_hash,ece1b89ce45c1c352f633e612a772dc737790b62e4df1280a64d521cd4a0f943
P0,EVT-IMCA-0664,International Marine Contractors Association (IMCA),MISSING_SOURCE_ARTIFACT,Record derived from catalog metadata without packaged physical PDF/HTML artifact.,provenance.document_hash,849942aec298ee96f0044fb6ba996d7c6390709195da189ff5fbd4c93f507f94
P0,EVT-IMCA-0665,International Marine Contractors Association (IMCA),MISSING_SOURCE_ARTIFACT,Record derived from catalog metadata without packaged physical PDF/HTML artifact.,provenance.document_hash,2bcc18ba64517fba6093b9cb9c101ab3e93b0cab3d3f09f10f788b26a80bbea1
P0,EVT-IMCA-0666,International Marine Contractors Association (IMCA),MISSING_SOURCE_ARTIFACT,Record derived from catalog metadata without packaged physical PDF/HTML artifact.,provenance.document_hash,b21a3ed47c19ae45997ad4488bd83c9286c0a83302affa89d24d7d05514d2d90
P0,EVT-IMCA-0667,International Marine Contractors Association (IMCA),MISSING_SOURCE_ARTIFACT,Record derived from catalog metadata without packaged physical PDF/HTML artifact.,provenance.document_hash,7a0e7cb376a52e550d060b863df58a5e72f3f147435047eaab9d77c33e035dac
P0,EVT-IMCA-0668,International Marine Contractors Association (IMCA),MISSING_SOURCE_ARTIFACT,Record derived from catalog metadata without packaged physical PDF/HTML artifact.,provenance.document_hash,a2d02c876a70464bc24333414ea4ca7b09b08f33edbdbe0c29581385c5d821eb
P0,EVT-IMCA-0669,International Marine Contractors Association (IMCA),MISSING_SOURCE_ARTIFACT,Record derived from catalog metadata without packaged physical PDF/HTML artifact.,provenance.document_hash,55e48eec1d68c19d2c46492f25ee83f9e619ee9e384d4aab9cc88ae0d8c28330
P0,EVT-IMCA-0670,International Marine Contractors Association (IMCA),MISSING_SOURCE_ARTIFACT,Record derived from catalog metadata without packaged physical PDF/HTML artifact.,provenance.document_hash,eacf3d1a0707b910731129ae228125eddbd7b2f9c3392f7727c596adee4985ba
P0,EVT-IMCA-0671,International Marine Contractors Association (IMCA),MISSING_SOURCE_ARTIFACT,Record derived from catalog metadata without packaged physical PDF/HTML artifact.,provenance.document_hash,b6aba54c1869875f5f018fbc73445100b9387bea558be2451de9bb1050a29174
P0,EVT-IMCA-0672,International Marine Contractors Association (IMCA),MISSING_SOURCE_ARTIFACT,Record derived from catalog metadata without packaged physical PDF/HTML artifact.,provenance.document_hash,98be8c78e8437e652294821155091c982dbe68ad66b1bcb7d8b00433e3c2fc76
P0,EVT-IMCA-0673,International Marine Contractors Association (IMCA),MISSING_SOURCE_ARTIFACT,Record derived from catalog metadata without packaged physical PDF/HTML artifact.,provenance.document_hash,cee4e42724f87f52dccb0c03cb38ef198d7f1df921478a026ebb44078b73dcf9
P0,EVT-IMCA-0674,International Marine Contractors Association (IMCA),MISSING_SOURCE_ARTIFACT,Record derived from catalog metadata without packaged physical PDF/HTML artifact.,provenance.document_hash,1ef1f9fe2257794bbe36f16c4552d0764dbc4978f98a6c61eadbd5d76ebeba70
P0,EVT-IMCA-0675,International Marine Contractors Association (IMCA),MISSING_SOURCE_ARTIFACT,Record derived from catalog metadata without packaged physical PDF/HTML artifact.,provenance.document_hash,6314048d9a42ac46f1ab5b709ba169449f7730f3c98d605e64058ec93b8e7371
P0,EVT-IMCA-0676,International Marine Contractors Association (IMCA),MISSING_SOURCE_ARTIFACT,Record derived from catalog metadata without packaged physical PDF/HTML artifact.,provenance.document_hash,483ff02781d0d17c08c620c7266a0dc9aa7b0097c7cc8d661dfe8543a669513c
P0,EVT-IMCA-0677,International Marine Contractors Association (IMCA),MISSING_SOURCE_ARTIFACT,Record derived from catalog metadata without packaged physical PDF/HTML artifact.,provenance.document_hash,7a326e9125c13b4950f97cd3fb9c17c095a9836a706e7a21413ff32d37a17bae
P0,EVT-IMCA-0678,International Marine Contractors Association (IMCA),MISSING_SOURCE_ARTIFACT,Record derived from catalog metadata without packaged physical PDF/HTML artifact.,provenance.document_hash,43024d8f0de529d16482a26d313989b6c36543c374705d4826042d1ff1374877
P0,EVT-IMCA-0679,International Marine Contractors Association (IMCA),MISSING_SOURCE_ARTIFACT,Record derived from catalog metadata without packaged physical PDF/HTML artifact.,provenance.document_hash,5512448e7825cf41596d9ca86474173c58493936b4f61706dacf9b9530647ba0
P0,EVT-IMCA-0680,International Marine Contractors Association (IMCA),MISSING_SOURCE_ARTIFACT,Record derived from catalog metadata without packaged physical PDF/HTML artifact.,provenance.document_hash,b7c6de35a41d58fea062d8f2c270aa406ed34cef991fe95fd650ca47ab422017
P0,EVT-IMCA-0681,International Marine Contractors Association (IMCA),MISSING_SOURCE_ARTIFACT,Record derived from catalog metadata without packaged physical PDF/HTML artifact.,provenance.document_hash,dc67aa6da28db6bd7fc96752e90953173ade56a244b00b0f550a560571d247b6
P0,EVT-IMCA-0682,International Marine Contractors Association (IMCA),MISSING_SOURCE_ARTIFACT,Record derived from catalog metadata without packaged physical PDF/HTML artifact.,provenance.document_hash,07a5ce04e6383635fbbbaa68287f32f3e2d4f9715608b85f360319739b730b13
P0,EVT-IMCA-0683,International Marine Contractors Association (IMCA),MISSING_SOURCE_ARTIFACT,Record derived from catalog metadata without packaged physical PDF/HTML artifact.,provenance.document_hash,46c4d2b904b6dfcd604b1bd87088c0eb0f78f77f6293e74fe12550b98e6b7534
P0,EVT-IMCA-0684,International Marine Contractors Association (IMCA),MISSING_SOURCE_ARTIFACT,Record derived from catalog metadata without packaged physical PDF/HTML artifact.,provenance.document_hash,74497131a07abf42494d2b6d60a40b75bbae9a34c69f133d245caf748448acb7
P0,EVT-IMCA-0685,International Marine Contractors Association (IMCA),MISSING_SOURCE_ARTIFACT,Record derived from catalog metadata without packaged physical PDF/HTML artifact.,provenance.document_hash,7bf3304f990efbd14ef2bd8e4d265b0447b9b790846880691ba5f8bd0cd876b3
P0,EVT-IMCA-0686,International Marine Contractors Association (IMCA),MISSING_SOURCE_ARTIFACT,Record derived from catalog metadata without packaged physical PDF/HTML artifact.,provenance.document_hash,d0f6c9c7d65e50071a91f6529dfdf6fc93921739c80765025aa4f959e1a78b43
P0,EVT-IMCA-0687,International Marine Contractors Association (IMCA),MISSING_SOURCE_ARTIFACT,Record derived from catalog metadata without packaged physical PDF/HTML artifact.,provenance.document_hash,d4a567f609210603968a1734263e0c4a00b859513d051f0e2eace638be89092e
P0,EVT-IMCA-0688,International Marine Contractors Association (IMCA),MISSING_SOURCE_ARTIFACT,Record derived from catalog metadata without packaged physical PDF/HTML artifact.,provenance.document_hash,5e7f0da966f0dfb8dc943760c91379446d4e8dfde7cd5f6c7ec676f81c5516e9
P0,EVT-IMCA-0689,International Marine Contractors Association (IMCA),MISSING_SOURCE_ARTIFACT,Record derived from catalog metadata without packaged physical PDF/HTML artifact.,provenance.document_hash,9e1c66e9d03bcb6cabc1ecdaf6ccfbf2c899d582ad00248c4bdb98ee378839f4
P0,EVT-IMCA-0690,International Marine Contractors Association (IMCA),MISSING_SOURCE_ARTIFACT,Record derived from catalog metadata without packaged physical PDF/HTML artifact.,provenance.document_hash,00cf3647c0ce15f0c9adf93864acd589cb189002853dbdd8252ae9c9c3d6c822
P0,EVT-IMCA-0691,International Marine Contractors Association (IMCA),MISSING_SOURCE_ARTIFACT,Record derived from catalog metadata without packaged physical PDF/HTML artifact.,provenance.document_hash,df421c1cf397de91130b352af6cbb591e6e2fc5d594e248f32a74b2765326342
P0,EVT-IMCA-0692,International Marine Contractors Association (IMCA),MISSING_SOURCE_ARTIFACT,Record derived from catalog metadata without packaged physical PDF/HTML artifact.,provenance.document_hash,9e802927e79c4613616324d61286ab5db29557d936824d0f940ea5cd7915b360
P0,EVT-IMCA-0693,International Marine Contractors Association (IMCA),MISSING_SOURCE_ARTIFACT,Record derived from catalog metadata without packaged physical PDF/HTML artifact.,provenance.document_hash,14b175690185df42c4df53712459b64a54f5d347053d32190333c92aad95451b
P0,EVT-IMCA-0694,International Marine Contractors Association (IMCA),MISSING_SOURCE_ARTIFACT,Record derived from catalog metadata without packaged physical PDF/HTML artifact.,provenance.document_hash,254c5095a384512588d59430890b303580db7bc7744ca371a8dca3c761a83485
P0,EVT-IMCA-0695,International Marine Contractors Association (IMCA),MISSING_SOURCE_ARTIFACT,Record derived from catalog metadata without packaged physical PDF/HTML artifact.,provenance.document_hash,c49964dd65de37700880aced669ef06f50850ada25324ba10a625382a99569d8
P0,EVT-IMCA-0696,International Marine Contractors Association (IMCA),MISSING_SOURCE_ARTIFACT,Record derived from catalog metadata without packaged physical PDF/HTML artifact.,provenance.document_hash,01e7d4a6a96da71c70d6977501580cda02aa2ba0baea72923e215fa7fba88548
P0,EVT-IMCA-0697,International Marine Contractors Association (IMCA),MISSING_SOURCE_ARTIFACT,Record derived from catalog metadata without packaged physical PDF/HTML artifact.,provenance.document_hash,8ac06acb42c56dd4531c755b551f156e8376ab11920dd93e8fba2f1fda20f5d4
P0,EVT-IMCA-0698,International Marine Contractors Association (IMCA),MISSING_SOURCE_ARTIFACT,Record derived from catalog metadata without packaged physical PDF/HTML artifact.,provenance.document_hash,a2233ebe83fb87c8260e8aaec71d9ad857aad437d0a94c9cf82ce51aed4f65d1
P0,EVT-IMCA-0699,International Marine Contractors Association (IMCA),MISSING_SOURCE_ARTIFACT,Record derived from catalog metadata without packaged physical PDF/HTML artifact.,provenance.document_hash,393292b6af544a98c9cd1de2bb8eb1c1943d8ad3a202639cfdacc21c66067d1f
P0,EVT-IMCA-0700,International Marine Contractors Association (IMCA),MISSING_SOURCE_ARTIFACT,Record derived from catalog metadata without packaged physical PDF/HTML artifact.,provenance.document_hash,7f360d1f7e8b46402b6207891953f8b2399d7d7a22f3b33a8a686390b160264a
P0,EVT-IMCA-0701,International Marine Contractors Association (IMCA),MISSING_SOURCE_ARTIFACT,Record derived from catalog metadata without packaged physical PDF/HTML artifact.,provenance.document_hash,4eaac290ce8d6bd7df1eb58ad7df5982dc3c70624e219fa9a9bcab3f6be9fb16
P0,EVT-IMCA-0702,International Marine Contractors Association (IMCA),MISSING_SOURCE_ARTIFACT,Record derived from catalog metadata without packaged physical PDF/HTML artifact.,provenance.document_hash,6f29cb616601514f8e7ba5682a9010f8a4d6f53750d24485837919788687e53d
P0,EVT-IMCA-0703,International Marine Contractors Association (IMCA),MISSING_SOURCE_ARTIFACT,Record derived from catalog metadata without packaged physical PDF/HTML artifact.,provenance.document_hash,9013750ff2f9d4bfafe49aeeb1b45d168f9e61bc920a743bf4649e1d27a0d1a8
P0,EVT-IMCA-0704,International Marine Contractors Association (IMCA),MISSING_SOURCE_ARTIFACT,Record derived from catalog metadata without packaged physical PDF/HTML artifact.,provenance.document_hash,903fadac2f114b45610b772a66de022c161697f0941d0d8296218d1e31c625c8
P0,EVT-IMCA-0705,International Marine Contractors Association (IMCA),MISSING_SOURCE_ARTIFACT,Record derived from catalog metadata without packaged physical PDF/HTML artifact.,provenance.document_hash,1510f1c79ccb30ce8516bb2c3d910cb9cefd2b271c7dd06e318a08ff852bb604
P0,EVT-IMCA-0706,International Marine Contractors Association (IMCA),MISSING_SOURCE_ARTIFACT,Record derived from catalog metadata without packaged physical PDF/HTML artifact.,provenance.document_hash,69d7cb607887aebcdc78ef562a09dadd51ae59b98d439860b42d7799db8329d5
P0,EVT-IMCA-0707,International Marine Contractors Association (IMCA),MISSING_SOURCE_ARTIFACT,Record derived from catalog metadata without packaged physical PDF/HTML artifact.,provenance.document_hash,4a9bc9f1fafdbb7060bd1d8a57111f2d3ed48245969f8d4fc2c0607b0c5b88db
P0,EVT-IMCA-0708,International Marine Contractors Association (IMCA),MISSING_SOURCE_ARTIFACT,Record derived from catalog metadata without packaged physical PDF/HTML artifact.,provenance.document_hash,f5f68c49713993903328810f9d5167b3099ecf04ec00aa55f644b9b62f9ce282
P0,EVT-IMCA-0709,International Marine Contractors Association (IMCA),MISSING_SOURCE_ARTIFACT,Record derived from catalog metadata without packaged physical PDF/HTML artifact.,provenance.document_hash,fc82cbb433f795832c221fb24f5deeb62b77b1b1a4e8cf1c84dbfd6d26366e33
P0,EVT-IMCA-0710,International Marine Contractors Association (IMCA),MISSING_SOURCE_ARTIFACT,Record derived from catalog metadata without packaged physical PDF/HTML artifact.,provenance.document_hash,a3a65c631181113f30869fa909e8d3bfa02124ff682a535abdec1ce92e0be62e
P0,EVT-IMCA-0711,International Marine Contractors Association (IMCA),MISSING_SOURCE_ARTIFACT,Record derived from catalog metadata without packaged physical PDF/HTML artifact.,provenance.document_hash,9e57d4c8b592af9aa8831bb40c14de1f8da37dcdde01d64e6fc68e8a3d205146
P0,EVT-IMCA-0712,International Marine Contractors Association (IMCA),MISSING_SOURCE_ARTIFACT,Record derived from catalog metadata without packaged physical PDF/HTML artifact.,provenance.document_hash,5d6daa3ea83d9c8218550ced86d82211ade7722e89bcabccf472ed5aa6602fcf
P0,EVT-IMCA-0713,International Marine Contractors Association (IMCA),MISSING_SOURCE_ARTIFACT,Record derived from catalog metadata without packaged physical PDF/HTML artifact.,provenance.document_hash,adab03a4e60dda5b52ef2d42ec2005b3daad976e76ff1ef5d0f6db31122f900b
P0,EVT-IMCA-0714,International Marine Contractors Association (IMCA),MISSING_SOURCE_ARTIFACT,Record derived from catalog metadata without packaged physical PDF/HTML artifact.,provenance.document_hash,f76d6072c95b3349e30f827069070f87ab8f97da8fe75f1c39593e443c64f689
P0,EVT-IMCA-0715,International Marine Contractors Association (IMCA),MISSING_SOURCE_ARTIFACT,Record derived from catalog metadata without packaged physical PDF/HTML artifact.,provenance.document_hash,dd1f3ff31034559848103e22f6f62d7e31acf964f441ebb220eb919578f62976
P0,EVT-IMCA-0716,International Marine Contractors Association (IMCA),MISSING_SOURCE_ARTIFACT,Record derived from catalog metadata without packaged physical PDF/HTML artifact.,provenance.document_hash,8031ba5a9d1ded626c020577ac387d818c65b8b3d3eb0f92ef86870be5659432
P0,EVT-IMCA-0717,International Marine Contractors Association (IMCA),MISSING_SOURCE_ARTIFACT,Record derived from catalog metadata without packaged physical PDF/HTML artifact.,provenance.document_hash,863ab391314fc73312570a646067c76e301ae9235aa88bce237a44a384ebb32f
P0,EVT-IMCA-0718,International Marine Contractors Association (IMCA),MISSING_SOURCE_ARTIFACT,Record derived from catalog metadata without packaged physical PDF/HTML artifact.,provenance.document_hash,0f8a17fc6e7371f5bcab16e9429a057ad1442bb5db252a95e498e6a55f6f764f
P0,EVT-IMCA-0719,International Marine Contractors Association (IMCA),MISSING_SOURCE_ARTIFACT,Record derived from catalog metadata without packaged physical PDF/HTML artifact.,provenance.document_hash,54f314d85f58221624b96adc2faa7548b479d46cd71ac5e4f801a463ea2d1da8
P0,EVT-IMCA-0720,International Marine Contractors Association (IMCA),MISSING_SOURCE_ARTIFACT,Record derived from catalog metadata without packaged physical PDF/HTML artifact.,provenance.document_hash,aa4741b47358193dea6d2fd24904265855bbd300b9fe2718533a9616dc819c59
P0,EVT-IMCA-0721,International Marine Contractors Association (IMCA),MISSING_SOURCE_ARTIFACT,Record derived from catalog metadata without packaged physical PDF/HTML artifact.,provenance.document_hash,fe8ddb069d44d385f82beab8b51356b8477dbf2c9b26258dd5d43b8bb7be7dac
P0,EVT-IMCA-0722,International Marine Contractors Association (IMCA),MISSING_SOURCE_ARTIFACT,Record derived from catalog metadata without packaged physical PDF/HTML artifact.,provenance.document_hash,a33a44a4a1a05c6459b754e7790c5413f9f8361e71291d46f24952dc9d5803fe
P0,EVT-IMCA-0723,International Marine Contractors Association (IMCA),MISSING_SOURCE_ARTIFACT,Record derived from catalog metadata without packaged physical PDF/HTML artifact.,provenance.document_hash,cf35805cf3b57741ae1eb65ad2eb68183e276b475f9c6f3115fff64de58ff105
P0,EVT-IMCA-0724,International Marine Contractors Association (IMCA),MISSING_SOURCE_ARTIFACT,Record derived from catalog metadata without packaged physical PDF/HTML artifact.,provenance.document_hash,926931d34db034de1399c44778a8b0485535b034054aea431550e4cf1928f641
P0,EVT-IMCA-0725,International Marine Contractors Association (IMCA),MISSING_SOURCE_ARTIFACT,Record derived from catalog metadata without packaged physical PDF/HTML artifact.,provenance.document_hash,f0d2f9339d0bc776c6bb265531c565eee5b8bc5180c0b3a146c454305bcfa014
P0,EVT-IMCA-0726,International Marine Contractors Association (IMCA),MISSING_SOURCE_ARTIFACT,Record derived from catalog metadata without packaged physical PDF/HTML artifact.,provenance.document_hash,19d3f3bf3a79d27cf668d3501d7817e82445eaf843da305f994303668761e338
P0,EVT-IMCA-0727,International Marine Contractors Association (IMCA),MISSING_SOURCE_ARTIFACT,Record derived from catalog metadata without packaged physical PDF/HTML artifact.,provenance.document_hash,82edae49342a5cc9031f57ee6b3e27a58ea8d4ca842fe2825fed637a9f912102
P0,EVT-IMCA-0728,International Marine Contractors Association (IMCA),MISSING_SOURCE_ARTIFACT,Record derived from catalog metadata without packaged physical PDF/HTML artifact.,provenance.document_hash,c9bff50ed1c34dcb372cc309ec3c9a1d2ab69d4cf677eeb6bd297df476edbc4e
P0,EVT-IMCA-0729,International Marine Contractors Association (IMCA),MISSING_SOURCE_ARTIFACT,Record derived from catalog metadata without packaged physical PDF/HTML artifact.,provenance.document_hash,d2c137eaae231b063ca2dd7921894c8b85fb2a35aad5baecf09e150c6bb671a9
P0,EVT-IMCA-0730,International Marine Contractors Association (IMCA),MISSING_SOURCE_ARTIFACT,Record derived from catalog metadata without packaged physical PDF/HTML artifact.,provenance.document_hash,6bdcc50f00f3026740569095b9511d11b4a00616ef917affdc5e22126fca0aa2
P0,EVT-IMCA-0731,International Marine Contractors Association (IMCA),MISSING_SOURCE_ARTIFACT,Record derived from catalog metadata without packaged physical PDF/HTML artifact.,provenance.document_hash,916dbea4892b6f4ab2088010c57d9d8f206284f0a5cea04b806437c38c19d8af
P0,EVT-IMCA-0732,International Marine Contractors Association (IMCA),MISSING_SOURCE_ARTIFACT,Record derived from catalog metadata without packaged physical PDF/HTML artifact.,provenance.document_hash,97525e82ee1ea2bafd8297a36d0eda039e1188c0d8c8a3a527692c923ebc3cdc
P0,EVT-IMCA-0733,International Marine Contractors Association (IMCA),MISSING_SOURCE_ARTIFACT,Record derived from catalog metadata without packaged physical PDF/HTML artifact.,provenance.document_hash,d3e27fd72dda36e3e620c2e340e112bfefba2a98fa5205b6f96e298476fc9cb5
P0,EVT-IMCA-0734,International Marine Contractors Association (IMCA),MISSING_SOURCE_ARTIFACT,Record derived from catalog metadata without packaged physical PDF/HTML artifact.,provenance.document_hash,4f6d6d90afb20fd71f2aa8c9d31dbd5eb4cb4d8ad0bedb39c449e945bfa85a9c
P0,EVT-IMCA-0735,International Marine Contractors Association (IMCA),MISSING_SOURCE_ARTIFACT,Record derived from catalog metadata without packaged physical PDF/HTML artifact.,provenance.document_hash,2c3e68138bd861aace290c53b3a95eb2ed58006bccfc7dcf971a1f98c612b92e
P0,EVT-IMCA-0736,International Marine Contractors Association (IMCA),MISSING_SOURCE_ARTIFACT,Record derived from catalog metadata without packaged physical PDF/HTML artifact.,provenance.document_hash,92cef775dc92dab35ed983d054445efb3a3206f13a42af62f3aae70a7f1fef79
P0,EVT-IMCA-0737,International Marine Contractors Association (IMCA),MISSING_SOURCE_ARTIFACT,Record derived from catalog metadata without packaged physical PDF/HTML artifact.,provenance.document_hash,38ab6e1a0228fb4fdec0bd66df5b7ddc726c2e1b9232555ecaf5f5afd4fafd60
P0,EVT-IMCA-0738,International Marine Contractors Association (IMCA),MISSING_SOURCE_ARTIFACT,Record derived from catalog metadata without packaged physical PDF/HTML artifact.,provenance.document_hash,514f2074f90c5df5eee4fcfda6856a55c6986e23a7961268b741a7553ffcbd1a
P0,EVT-IMCA-0739,International Marine Contractors Association (IMCA),MISSING_SOURCE_ARTIFACT,Record derived from catalog metadata without packaged physical PDF/HTML artifact.,provenance.document_hash,b0ec2cc4474ceada2f46a0fc7d62b714cee0b7a8f8deea8e66e06fd4b52a48a7
P0,EVT-IMCA-0740,International Marine Contractors Association (IMCA),MISSING_SOURCE_ARTIFACT,Record derived from catalog metadata without packaged physical PDF/HTML artifact.,provenance.document_hash,4437371043d094ce2aefa74ecaf78d8e8fb7c97d723eb34e518ff1ce24f7d26b
P0,EVT-IMCA-0741,International Marine Contractors Association (IMCA),MISSING_SOURCE_ARTIFACT,Record derived from catalog metadata without packaged physical PDF/HTML artifact.,provenance.document_hash,bd7b079ec6bc0a5ed2c84c586df7b55405d2493f0b25fe03f63319e8d374d7fc
P0,EVT-IMCA-0742,International Marine Contractors Association (IMCA),MISSING_SOURCE_ARTIFACT,Record derived from catalog metadata without packaged physical PDF/HTML artifact.,provenance.document_hash,ab3259f52ab30984347edacb5000ee1002b487523d057276efaa36ffd9f5a444
P0,EVT-IMCA-0743,International Marine Contractors Association (IMCA),MISSING_SOURCE_ARTIFACT,Record derived from catalog metadata without packaged physical PDF/HTML artifact.,provenance.document_hash,e6d632dd20b7be18260fd4a7cc4feeef3ac6d568858a1af4d4100bfae7c16a2f
P0,EVT-IMCA-0744,International Marine Contractors Association (IMCA),MISSING_SOURCE_ARTIFACT,Record derived from catalog metadata without packaged physical PDF/HTML artifact.,provenance.document_hash,d2a9aa31804a770973d698e0190a254dca3293940ec4b6f42cec5a919975d270
P0,EVT-IMCA-0745,International Marine Contractors Association (IMCA),MISSING_SOURCE_ARTIFACT,Record derived from catalog metadata without packaged physical PDF/HTML artifact.,provenance.document_hash,a062d1610b753351d4cf0a941022d0e8785050840b83e3421e1b509f82279cff
P0,EVT-IMCA-0746,International Marine Contractors Association (IMCA),MISSING_SOURCE_ARTIFACT,Record derived from catalog metadata without packaged physical PDF/HTML artifact.,provenance.document_hash,14ffd1e873a5fafe5508b10410ea96bfbd8207676cec7086b5d3d8f5bc1102c1
P0,EVT-IMCA-0747,International Marine Contractors Association (IMCA),MISSING_SOURCE_ARTIFACT,Record derived from catalog metadata without packaged physical PDF/HTML artifact.,provenance.document_hash,df4c5092f8bc07ada554551be99ad3e74abded5f9f91af0de5ae1314ba518849
P0,EVT-IMCA-0748,International Marine Contractors Association (IMCA),MISSING_SOURCE_ARTIFACT,Record derived from catalog metadata without packaged physical PDF/HTML artifact.,provenance.document_hash,1acdb162752f1c307bd3ac26931f36c62f0222eab4009369d51acbc4f9df2391
P0,EVT-IMCA-0749,International Marine Contractors Association (IMCA),MISSING_SOURCE_ARTIFACT,Record derived from catalog metadata without packaged physical PDF/HTML artifact.,provenance.document_hash,d1f9db1f2b4252379655f9a05d419aa16b0e1ac28994a856f84c72899b6a0876
P0,EVT-IMCA-0750,International Marine Contractors Association (IMCA),MISSING_SOURCE_ARTIFACT,Record derived from catalog metadata without packaged physical PDF/HTML artifact.,provenance.document_hash,f0ee04a02fc0d4d56d11374b4a166d8cc327393250af214c73182246d8544b15
P0,EVT-IMCA-0751,International Marine Contractors Association (IMCA),MISSING_SOURCE_ARTIFACT,Record derived from catalog metadata without packaged physical PDF/HTML artifact.,provenance.document_hash,e881a432d012641441831514ce0a37a5bc248cb436fa8a42961edb35e97fd316
P0,EVT-IMCA-0752,International Marine Contractors Association (IMCA),MISSING_SOURCE_ARTIFACT,Record derived from catalog metadata without packaged physical PDF/HTML artifact.,provenance.document_hash,99372ca61485e62a4d6387844f31493c3a5802a47cc2832b6555ade53864da22
P0,EVT-IMCA-0753,International Marine Contractors Association (IMCA),MISSING_SOURCE_ARTIFACT,Record derived from catalog metadata without packaged physical PDF/HTML artifact.,provenance.document_hash,94df5686ac261e4e06f53cba034344ee1b6acac85c6e7e688949ff74ea9526c1
P0,EVT-IMCA-0754,International Marine Contractors Association (IMCA),MISSING_SOURCE_ARTIFACT,Record derived from catalog metadata without packaged physical PDF/HTML artifact.,provenance.document_hash,ce1839a6640dc22134ce577b21e489bd0fed79e3ea6ec63cba6670e988aead38
P0,EVT-IMCA-0755,International Marine Contractors Association (IMCA),MISSING_SOURCE_ARTIFACT,Record derived from catalog metadata without packaged physical PDF/HTML artifact.,provenance.document_hash,e8f94378e5e3b5b852ddad4b3e1c425a97a81df3cc95252627289959a50e1b8a
P0,EVT-IMCA-0756,International Marine Contractors Association (IMCA),MISSING_SOURCE_ARTIFACT,Record derived from catalog metadata without packaged physical PDF/HTML artifact.,provenance.document_hash,13da455b226ef5dda24b20172b4a9da57936d876e35b37065c71157fdbb10723
P0,EVT-IMCA-0757,International Marine Contractors Association (IMCA),MISSING_SOURCE_ARTIFACT,Record derived from catalog metadata without packaged physical PDF/HTML artifact.,provenance.document_hash,770398445534a39a461c84ef66c4543188b194c9f36d1dde5ed5629fae91973b
P0,EVT-IMCA-0758,International Marine Contractors Association (IMCA),MISSING_SOURCE_ARTIFACT,Record derived from catalog metadata without packaged physical PDF/HTML artifact.,provenance.document_hash,2b7cc3a8351c17e3780384d979f635b74bc811f30f4b3e7f7b62216713e63a8c
P0,EVT-IMCA-0759,International Marine Contractors Association (IMCA),MISSING_SOURCE_ARTIFACT,Record derived from catalog metadata without packaged physical PDF/HTML artifact.,provenance.document_hash,4224e9f0d8b8250e4615a9bce92523f3a6d4217760322bd5ecc60dc62e19f661
P0,EVT-IMCA-0760,International Marine Contractors Association (IMCA),MISSING_SOURCE_ARTIFACT,Record derived from catalog metadata without packaged physical PDF/HTML artifact.,provenance.document_hash,d37e1db9420c2d08a124fa277b793324c3838af212a0152efb91dfdf5463fa63
P0,EVT-IMCA-0761,International Marine Contractors Association (IMCA),MISSING_SOURCE_ARTIFACT,Record derived from catalog metadata without packaged physical PDF/HTML artifact.,provenance.document_hash,f1cd7cb167eb9ed2f3719fee1576966290924f66b7950f858834b70a2dff6cab
P0,EVT-IMCA-0762,International Marine Contractors Association (IMCA),MISSING_SOURCE_ARTIFACT,Record derived from catalog metadata without packaged physical PDF/HTML artifact.,provenance.document_hash,c08af86e615cc8948d042f0559617e2889a7b6d7cb794b86646e106d42f7b31a
P0,EVT-IMCA-0763,International Marine Contractors Association (IMCA),MISSING_SOURCE_ARTIFACT,Record derived from catalog metadata without packaged physical PDF/HTML artifact.,provenance.document_hash,061de947a609d94bbc4a29075765b1c9261697c14570a25c8adaeb56d0b02b62
P0,EVT-IMCA-0764,International Marine Contractors Association (IMCA),MISSING_SOURCE_ARTIFACT,Record derived from catalog metadata without packaged physical PDF/HTML artifact.,provenance.document_hash,a51bf4670c91f794c5909c832e60f15313048c6ace0bc5774e5f8e74e79e650f
P0,EVT-IMCA-0765,International Marine Contractors Association (IMCA),MISSING_SOURCE_ARTIFACT,Record derived from catalog metadata without packaged physical PDF/HTML artifact.,provenance.document_hash,2d78cbe0a70cdd5642f7f2edd26228dedd0010920aa657f53451968b1e8b60e6
P0,EVT-IMCA-0766,International Marine Contractors Association (IMCA),MISSING_SOURCE_ARTIFACT,Record derived from catalog metadata without packaged physical PDF/HTML artifact.,provenance.document_hash,846c04582d4ebfbd9427328a828d33d7c91dc4d6c67b903c83c08e5aa7d32792
P0,EVT-IMCA-0767,International Marine Contractors Association (IMCA),MISSING_SOURCE_ARTIFACT,Record derived from catalog metadata without packaged physical PDF/HTML artifact.,provenance.document_hash,8e70dcae62dfa856df971a402d1ef75dddbaae001a7b24c0566937ba32c7ffbf
P0,EVT-IMCA-0768,International Marine Contractors Association (IMCA),MISSING_SOURCE_ARTIFACT,Record derived from catalog metadata without packaged physical PDF/HTML artifact.,provenance.document_hash,2479aedd77a04cd64110739bd7d7927d93956aa448a2d3a498b264b9247fdc9a
P0,EVT-IMCA-0769,International Marine Contractors Association (IMCA),MISSING_SOURCE_ARTIFACT,Record derived from catalog metadata without packaged physical PDF/HTML artifact.,provenance.document_hash,969536700cb1551787cc46171820148dc71b31f571caded43f839bbb0d478844
P0,EVT-IMCA-0770,International Marine Contractors Association (IMCA),MISSING_SOURCE_ARTIFACT,Record derived from catalog metadata without packaged physical PDF/HTML artifact.,provenance.document_hash,84965bcc31295af7f821c755f2248f6c795a2811cd32ed26dc0dc87989f552d3
P0,EVT-IMCA-0771,International Marine Contractors Association (IMCA),MISSING_SOURCE_ARTIFACT,Record derived from catalog metadata without packaged physical PDF/HTML artifact.,provenance.document_hash,e789810528cc7d9cfe3eb4242bf4d92054dd06f0f093c9c7a90f93ac7ce2687f
P0,EVT-IMCA-0772,International Marine Contractors Association (IMCA),MISSING_SOURCE_ARTIFACT,Record derived from catalog metadata without packaged physical PDF/HTML artifact.,provenance.document_hash,25242cc60380adefd83b964ca6e0bd3f671fc5934d0e61ee6327863d5b29a0a8
P0,EVT-IMCA-0773,International Marine Contractors Association (IMCA),MISSING_SOURCE_ARTIFACT,Record derived from catalog metadata without packaged physical PDF/HTML artifact.,provenance.document_hash,2f52160f400efd91c6ea678fd32354fb058bc6f4b8a036638c0d7a89214a23af
P0,EVT-IMCA-0774,International Marine Contractors Association (IMCA),MISSING_SOURCE_ARTIFACT,Record derived from catalog metadata without packaged physical PDF/HTML artifact.,provenance.document_hash,42a465c4d5e79c84ab9aa2ad451f6ba80552e58cde0e0347587c0a4c055b2ea4
P0,EVT-IMCA-0775,International Marine Contractors Association (IMCA),MISSING_SOURCE_ARTIFACT,Record derived from catalog metadata without packaged physical PDF/HTML artifact.,provenance.document_hash,33e5f4e7d59a5e7bbeeec2cfe1f0a89ed581e127fc97d4748dba0c78d619a636
P0,EVT-IMCA-0776,International Marine Contractors Association (IMCA),MISSING_SOURCE_ARTIFACT,Record derived from catalog metadata without packaged physical PDF/HTML artifact.,provenance.document_hash,4043149819cba6d5b1feb8a3fcf73b4598d8f677d213a1bbb8cd9f9fedaacb94
P0,EVT-IMCA-0777,International Marine Contractors Association (IMCA),MISSING_SOURCE_ARTIFACT,Record derived from catalog metadata without packaged physical PDF/HTML artifact.,provenance.document_hash,c1e3be5733972697be3ff955f5ae2dd1b9938ba6f75b0c6545f8831fffd7657e
P0,EVT-IMCA-0778,International Marine Contractors Association (IMCA),MISSING_SOURCE_ARTIFACT,Record derived from catalog metadata without packaged physical PDF/HTML artifact.,provenance.document_hash,7c0575094c79ea1e6664a192c58c878ec1d19a8cf2c3cd6b8d74a2cdbc9d2f31
P0,EVT-IMCA-0779,International Marine Contractors Association (IMCA),MISSING_SOURCE_ARTIFACT,Record derived from catalog metadata without packaged physical PDF/HTML artifact.,provenance.document_hash,34d2bd04d6e9087830b73ea45f5ffe581bfe0fc06b3a3bc3ba81a3ee954240cd
P0,EVT-IMCA-0780,International Marine Contractors Association (IMCA),MISSING_SOURCE_ARTIFACT,Record derived from catalog metadata without packaged physical PDF/HTML artifact.,provenance.document_hash,414eb36b7380f9a363d95bb5e977a0ea103280d0ae9f9484d467723dcd798520
P0,EVT-IMCA-0781,International Marine Contractors Association (IMCA),MISSING_SOURCE_ARTIFACT,Record derived from catalog metadata without packaged physical PDF/HTML artifact.,provenance.document_hash,c108178703f4ead8ec1a4fff17cde9bdefba7f2d8b596afb1dc646cf94b2ecbc
P0,EVT-IMCA-0782,International Marine Contractors Association (IMCA),MISSING_SOURCE_ARTIFACT,Record derived from catalog metadata without packaged physical PDF/HTML artifact.,provenance.document_hash,b1845233c4d8f82094f7eb5c8e7410dc885992855ad91b1c35cb735a38ed1538
P0,EVT-IMCA-0783,International Marine Contractors Association (IMCA),MISSING_SOURCE_ARTIFACT,Record derived from catalog metadata without packaged physical PDF/HTML artifact.,provenance.document_hash,45756d50579409580329f032a2e31e860c057fb965d335dd214058fe08586f09
P0,EVT-IMCA-0784,International Marine Contractors Association (IMCA),MISSING_SOURCE_ARTIFACT,Record derived from catalog metadata without packaged physical PDF/HTML artifact.,provenance.document_hash,be02f6feb4e5341f5673d8c965ce665ed8aad89c2311ab4b91aae1de2e9bc7a0
P0,EVT-IMCA-0785,International Marine Contractors Association (IMCA),MISSING_SOURCE_ARTIFACT,Record derived from catalog metadata without packaged physical PDF/HTML artifact.,provenance.document_hash,7428eb6e11c061003931e402eac0534edbaad9cf1e456e34cf8ddb6d5ed50f67
P0,EVT-IMCA-0786,International Marine Contractors Association (IMCA),MISSING_SOURCE_ARTIFACT,Record derived from catalog metadata without packaged physical PDF/HTML artifact.,provenance.document_hash,f8669154399d2a904741e3cdb76f3e635a68ecf90f46c83d7a812c72c819dbfc
P0,EVT-IMCA-0787,International Marine Contractors Association (IMCA),MISSING_SOURCE_ARTIFACT,Record derived from catalog metadata without packaged physical PDF/HTML artifact.,provenance.document_hash,e355ee11e477321d921cbc439b7e19c6a911c29337942a5203b4915e457330c0
P0,EVT-IMCA-0788,International Marine Contractors Association (IMCA),MISSING_SOURCE_ARTIFACT,Record derived from catalog metadata without packaged physical PDF/HTML artifact.,provenance.document_hash,35ec8f7252816c50f071d66b2f5767febf5f8eb091c657838455e02d766090e0
P0,EVT-IMCA-0789,International Marine Contractors Association (IMCA),MISSING_SOURCE_ARTIFACT,Record derived from catalog metadata without packaged physical PDF/HTML artifact.,provenance.document_hash,e56a76efd4c846c0dda73b8e8ef28d15ad8f2f40f7893d1e0b46446a34c4f2e1
P0,EVT-IMCA-0790,International Marine Contractors Association (IMCA),MISSING_SOURCE_ARTIFACT,Record derived from catalog metadata without packaged physical PDF/HTML artifact.,provenance.document_hash,2052f0c38cac0347bd1a601de10be7739c2078080aeb77a0260519cede1012ef
P0,EVT-IMCA-0791,International Marine Contractors Association (IMCA),MISSING_SOURCE_ARTIFACT,Record derived from catalog metadata without packaged physical PDF/HTML artifact.,provenance.document_hash,0b050678420c21d5ec4acb5ea15ef7f561a38ff44c433a3ceeaf2e8d0799c82a
P0,EVT-IMCA-0792,International Marine Contractors Association (IMCA),MISSING_SOURCE_ARTIFACT,Record derived from catalog metadata without packaged physical PDF/HTML artifact.,provenance.document_hash,712e51140b45dd70476decd4300993e77a3b1a7f6008e8a378c4d0d83e7b8bc3
P0,EVT-IMCA-0793,International Marine Contractors Association (IMCA),MISSING_SOURCE_ARTIFACT,Record derived from catalog metadata without packaged physical PDF/HTML artifact.,provenance.document_hash,a93b6979ddac32d8de36bbb2baa64ca0a9ccc7f98ccb7f0c7ac42ddb418f86c4
P0,EVT-IMCA-0794,International Marine Contractors Association (IMCA),MISSING_SOURCE_ARTIFACT,Record derived from catalog metadata without packaged physical PDF/HTML artifact.,provenance.document_hash,c5bb9d0ade23a10ab960686aa5f7d62e3cbc8452ef0bdfa08388b1b09ef53501
P0,EVT-IMCA-0795,International Marine Contractors Association (IMCA),MISSING_SOURCE_ARTIFACT,Record derived from catalog metadata without packaged physical PDF/HTML artifact.,provenance.document_hash,bcdfa4b03db9c1a4fd5d851a414f4d3fbf693aef164e9c9b1b298253dbc3814a
P0,EVT-IMCA-0796,International Marine Contractors Association (IMCA),MISSING_SOURCE_ARTIFACT,Record derived from catalog metadata without packaged physical PDF/HTML artifact.,provenance.document_hash,80f1d02dcbcdbbd260c0e33765a8e9794f076d5c3ae82ee379f43cfc3b289e94
P0,EVT-IMCA-0797,International Marine Contractors Association (IMCA),MISSING_SOURCE_ARTIFACT,Record derived from catalog metadata without packaged physical PDF/HTML artifact.,provenance.document_hash,d6fbb53d550d36689b7ef6682de5f11713fc6fda5e2d0eebe81160591a456036
P0,EVT-IMCA-0798,International Marine Contractors Association (IMCA),MISSING_SOURCE_ARTIFACT,Record derived from catalog metadata without packaged physical PDF/HTML artifact.,provenance.document_hash,27aba3246eab1f0543ff5fd7ca165ccc962654eb66a2acd0e0b03c1f6112f36f
P0,EVT-IMCA-0799,International Marine Contractors Association (IMCA),MISSING_SOURCE_ARTIFACT,Record derived from catalog metadata without packaged physical PDF/HTML artifact.,provenance.document_hash,20f5be2436234dbd4ef674fa4eafde19a79c66fdb10300ff7b1274ac4f53b554
P0,EVT-IMCA-0800,International Marine Contractors Association (IMCA),MISSING_SOURCE_ARTIFACT,Record derived from catalog metadata without packaged physical PDF/HTML artifact.,provenance.document_hash,095eeef24c8179e186334b4035016885ba247e0bec5e41be31c018005deee912
P0,EVT-IMCA-0801,International Marine Contractors Association (IMCA),MISSING_SOURCE_ARTIFACT,Record derived from catalog metadata without packaged physical PDF/HTML artifact.,provenance.document_hash,bd9e9324d19aeb7776276c90be6ac87bb122ad1e0f06acc5c6b1190d85fa580d
P0,EVT-IMCA-0802,International Marine Contractors Association (IMCA),MISSING_SOURCE_ARTIFACT,Record derived from catalog metadata without packaged physical PDF/HTML artifact.,provenance.document_hash,f29d9e60703d330c86f13a4c4851255abe1ca9cde2d0a1926536756cbe72879b
P0,EVT-IMCA-0803,International Marine Contractors Association (IMCA),MISSING_SOURCE_ARTIFACT,Record derived from catalog metadata without packaged physical PDF/HTML artifact.,provenance.document_hash,78c175875a3c71f9f3b5f43612b4b42d438ebd23f6ab23675ce9ca1e5f8665bd
P0,EVT-IMCA-0804,International Marine Contractors Association (IMCA),MISSING_SOURCE_ARTIFACT,Record derived from catalog metadata without packaged physical PDF/HTML artifact.,provenance.document_hash,c3ede39fa5cf2418e404bff3c67464a3805e8172432cd79e34877daa6d0cc711
P0,EVT-IMCA-0805,International Marine Contractors Association (IMCA),MISSING_SOURCE_ARTIFACT,Record derived from catalog metadata without packaged physical PDF/HTML artifact.,provenance.document_hash,bfdfeaf6b845748a1149ddf59fff3bea8ae801630757277cc225c7127118d168
P0,EVT-IMCA-0806,International Marine Contractors Association (IMCA),MISSING_SOURCE_ARTIFACT,Record derived from catalog metadata without packaged physical PDF/HTML artifact.,provenance.document_hash,303decde4a099de34a8d6ebc8694cc97d76c31d4506c9f13aa44ded36cb32fd8
P0,EVT-IMCA-0807,International Marine Contractors Association (IMCA),MISSING_SOURCE_ARTIFACT,Record derived from catalog metadata without packaged physical PDF/HTML artifact.,provenance.document_hash,b270eca1c2c5ae873ae7683a2ef3c02241a51cd252f7009bb8997b703c39b392
P0,EVT-IMCA-0808,International Marine Contractors Association (IMCA),MISSING_SOURCE_ARTIFACT,Record derived from catalog metadata without packaged physical PDF/HTML artifact.,provenance.document_hash,9bfc7ee757e53f2ec93591c9684aecc9caa5384fd0692a799e94b6cb3eea2026
P0,EVT-IMCA-0809,International Marine Contractors Association (IMCA),MISSING_SOURCE_ARTIFACT,Record derived from catalog metadata without packaged physical PDF/HTML artifact.,provenance.document_hash,741649e47fad828aa07f157a8c2672ac4baf1a095baf492e3eb9cd284f093989
P0,EVT-IMCA-0810,International Marine Contractors Association (IMCA),MISSING_SOURCE_ARTIFACT,Record derived from catalog metadata without packaged physical PDF/HTML artifact.,provenance.document_hash,bf2d3c61c8c314d072be4f8bfe88cc30fa38182b75acd6a20a7080f7ed68b26f
P0,EVT-IMCA-0811,International Marine Contractors Association (IMCA),MISSING_SOURCE_ARTIFACT,Record derived from catalog metadata without packaged physical PDF/HTML artifact.,provenance.document_hash,d415b0ed9d6a788e53b64db7e23dfa0cedd16bd6c876854a1f1a578d7cdf63c8
P0,EVT-IMCA-0812,International Marine Contractors Association (IMCA),MISSING_SOURCE_ARTIFACT,Record derived from catalog metadata without packaged physical PDF/HTML artifact.,provenance.document_hash,24dfbf8c12b96ab726a81c6cefeeea490bf140301345047982fa9fb68a486180
P0,EVT-IMCA-0813,International Marine Contractors Association (IMCA),MISSING_SOURCE_ARTIFACT,Record derived from catalog metadata without packaged physical PDF/HTML artifact.,provenance.document_hash,9dbe997e1bb7e1214ade44a8645a931e6ad9359cf033214eec8fc6bce08e31e3
P0,EVT-IMCA-0814,International Marine Contractors Association (IMCA),MISSING_SOURCE_ARTIFACT,Record derived from catalog metadata without packaged physical PDF/HTML artifact.,provenance.document_hash,0c228a8ebfbfe4df1f2cc28c259047ec0cb14dd7fb11608868a9a3c166effbf0
P0,EVT-IMCA-0815,International Marine Contractors Association (IMCA),MISSING_SOURCE_ARTIFACT,Record derived from catalog metadata without packaged physical PDF/HTML artifact.,provenance.document_hash,8f201437aa4ba2581e220b26a5666e8e1aeca464d0253a61eeaab82b05dc8a7d
P0,EVT-IMCA-0816,International Marine Contractors Association (IMCA),MISSING_SOURCE_ARTIFACT,Record derived from catalog metadata without packaged physical PDF/HTML artifact.,provenance.document_hash,40053f4aa7515b960b3e17ef22450b74afdbb8c8b9e3f382568ecd8d56df140d
P0,EVT-IMCA-0817,International Marine Contractors Association (IMCA),MISSING_SOURCE_ARTIFACT,Record derived from catalog metadata without packaged physical PDF/HTML artifact.,provenance.document_hash,2979083abe446ac756cb167d3ea6b0fad1245b3d26b62c4ce225b9c47888100d
P0,EVT-IMCA-0818,International Marine Contractors Association (IMCA),MISSING_SOURCE_ARTIFACT,Record derived from catalog metadata without packaged physical PDF/HTML artifact.,provenance.document_hash,e755202b6f24f684e67803a860fccba4fd09c38fc3f91c581e0ba8d50b9782e4
P0,EVT-IMCA-0819,International Marine Contractors Association (IMCA),MISSING_SOURCE_ARTIFACT,Record derived from catalog metadata without packaged physical PDF/HTML artifact.,provenance.document_hash,aa5a9ce6cb90ae68588dc1b162391f5a4baf5f4a620779c3310b58c86312ac7a
P0,EVT-IMCA-0820,International Marine Contractors Association (IMCA),MISSING_SOURCE_ARTIFACT,Record derived from catalog metadata without packaged physical PDF/HTML artifact.,provenance.document_hash,9c8176829d2dc45aba664040a1c600e0c96037bbd0193cbeac5bff4e198c2512
P0,EVT-IMCA-0821,International Marine Contractors Association (IMCA),MISSING_SOURCE_ARTIFACT,Record derived from catalog metadata without packaged physical PDF/HTML artifact.,provenance.document_hash,a83c3532627e10ed7cf0ed51b5b6ee5ab2520874b48c13666e59d7ab8b1f717c
P0,EVT-IMCA-0822,International Marine Contractors Association (IMCA),MISSING_SOURCE_ARTIFACT,Record derived from catalog metadata without packaged physical PDF/HTML artifact.,provenance.document_hash,f2234572fb8c8b0b68acce24aad598d23c1a63e41180d023250fb7931d0876cd
P0,EVT-IMCA-0823,International Marine Contractors Association (IMCA),MISSING_SOURCE_ARTIFACT,Record derived from catalog metadata without packaged physical PDF/HTML artifact.,provenance.document_hash,7b2d4d5b91793f7acfdc292e2f859667e0540bdea340a1c56c2228d06246aef7
P0,EVT-IMCA-0824,International Marine Contractors Association (IMCA),MISSING_SOURCE_ARTIFACT,Record derived from catalog metadata without packaged physical PDF/HTML artifact.,provenance.document_hash,fa2491571b7bff97538ae40ec6e269b413c8581d867bfa7a7805e8e7d2687711
P0,EVT-IMCA-0825,International Marine Contractors Association (IMCA),MISSING_SOURCE_ARTIFACT,Record derived from catalog metadata without packaged physical PDF/HTML artifact.,provenance.document_hash,3aeda3a9a3876d1a300a773dd29cd63f5aa38a1972a69de768f777d3bcaeb75f
P0,EVT-IMCA-0826,International Marine Contractors Association (IMCA),MISSING_SOURCE_ARTIFACT,Record derived from catalog metadata without packaged physical PDF/HTML artifact.,provenance.document_hash,c64c911bc0460162b0390641b1ca795a678ff060b02a18537e669d3399f1a6cd
P0,EVT-IMCA-0827,International Marine Contractors Association (IMCA),MISSING_SOURCE_ARTIFACT,Record derived from catalog metadata without packaged physical PDF/HTML artifact.,provenance.document_hash,5623293fbf9e7968757987f7f02f0c181621154e3b0f1b643a797da2fd62964f
P0,EVT-IMCA-0828,International Marine Contractors Association (IMCA),MISSING_SOURCE_ARTIFACT,Record derived from catalog metadata without packaged physical PDF/HTML artifact.,provenance.document_hash,21175644eb6c02b6fe11e5159eba72ff44ca2eaafcbd19ab248b204da854cd8e
P0,EVT-IMCA-0829,International Marine Contractors Association (IMCA),MISSING_SOURCE_ARTIFACT,Record derived from catalog metadata without packaged physical PDF/HTML artifact.,provenance.document_hash,c2430e59af254917ea5889cff974e423c1fd92a3f95e9aba620dd91879f8000d
P0,EVT-IMCA-0830,International Marine Contractors Association (IMCA),MISSING_SOURCE_ARTIFACT,Record derived from catalog metadata without packaged physical PDF/HTML artifact.,provenance.document_hash,8eb7750a63d1b9ca4047f0a5d2caa7d4d9a8d719283b692c127b1571b4986768
P0,EVT-IMCA-0831,International Marine Contractors Association (IMCA),MISSING_SOURCE_ARTIFACT,Record derived from catalog metadata without packaged physical PDF/HTML artifact.,provenance.document_hash,48a478ca58b6b3b03b688461a0463683391df8690acb6f8cbc3234f26d7bdf3d
P0,EVT-IMCA-0832,International Marine Contractors Association (IMCA),MISSING_SOURCE_ARTIFACT,Record derived from catalog metadata without packaged physical PDF/HTML artifact.,provenance.document_hash,30e712fa7279fd28b511a03a71063f75e283b7727296f8ffa8cb8637482e3b18
P0,EVT-IMCA-0833,International Marine Contractors Association (IMCA),MISSING_SOURCE_ARTIFACT,Record derived from catalog metadata without packaged physical PDF/HTML artifact.,provenance.document_hash,90f6c0196291378d54a975aaeb99f8151a1a90aff365c3f6050440a922014cd9
P0,EVT-IMCA-0834,International Marine Contractors Association (IMCA),MISSING_SOURCE_ARTIFACT,Record derived from catalog metadata without packaged physical PDF/HTML artifact.,provenance.document_hash,2c81fb3bda543c86d69c99d25800a6146f039f17ace7943003d40f3ff4296f04
P0,EVT-IMCA-0835,International Marine Contractors Association (IMCA),MISSING_SOURCE_ARTIFACT,Record derived from catalog metadata without packaged physical PDF/HTML artifact.,provenance.document_hash,efb3f286450c58de9d14fd66475b7d5a8030424b32b0dce8db4d07fdb82a6f80
P0,EVT-IMCA-0836,International Marine Contractors Association (IMCA),MISSING_SOURCE_ARTIFACT,Record derived from catalog metadata without packaged physical PDF/HTML artifact.,provenance.document_hash,975623b5774a2a2085ce1939e2c510f771a624b50803976576d35ee0b95a8149
P0,EVT-IMCA-0837,International Marine Contractors Association (IMCA),MISSING_SOURCE_ARTIFACT,Record derived from catalog metadata without packaged physical PDF/HTML artifact.,provenance.document_hash,35604fbbf142fc4b142df8823452644e618925d13eb53bddfdea56048e4a0d7d
P0,EVT-IMCA-0838,International Marine Contractors Association (IMCA),MISSING_SOURCE_ARTIFACT,Record derived from catalog metadata without packaged physical PDF/HTML artifact.,provenance.document_hash,e5ec1b78d4a30a870915a92e6e74f730fbb92b5dbda883ea5ad35eb8d5f91832
P0,EVT-IMCA-0839,International Marine Contractors Association (IMCA),MISSING_SOURCE_ARTIFACT,Record derived from catalog metadata without packaged physical PDF/HTML artifact.,provenance.document_hash,f9e2d3f2daba07c754053ebeadd28b18547711d9c4e5f3491db388c443afdaeb
P0,EVT-IMCA-0840,International Marine Contractors Association (IMCA),MISSING_SOURCE_ARTIFACT,Record derived from catalog metadata without packaged physical PDF/HTML artifact.,provenance.document_hash,f6fc32b52eacfc1d978ec26130447f54ab2a2faeb50a3a3ef202ea80e2c903d3
P0,EVT-IMCA-0841,International Marine Contractors Association (IMCA),MISSING_SOURCE_ARTIFACT,Record derived from catalog metadata without packaged physical PDF/HTML artifact.,provenance.document_hash,ba8a61b2b271180151bae671172c92ac9b7087e51bb34b745edac0a4e4cf14e6
P0,EVT-IMCA-0842,International Marine Contractors Association (IMCA),MISSING_SOURCE_ARTIFACT,Record derived from catalog metadata without packaged physical PDF/HTML artifact.,provenance.document_hash,d3c4c3e5416800ea563e7a911cd162b205ced84361c549fa3e176952093de3f0
P0,EVT-IMCA-0843,International Marine Contractors Association (IMCA),MISSING_SOURCE_ARTIFACT,Record derived from catalog metadata without packaged physical PDF/HTML artifact.,provenance.document_hash,51c24e01eb3b4f3c53be3f9e2a92109a122775f2245fe799a1cd81cba4e2186a
P0,EVT-IMCA-0844,International Marine Contractors Association (IMCA),MISSING_SOURCE_ARTIFACT,Record derived from catalog metadata without packaged physical PDF/HTML artifact.,provenance.document_hash,12f6105c17d396cbc5cf35b15da73e8449beb22ab5ba5d5612a0ddf4328b1c41
P0,EVT-IMCA-0845,International Marine Contractors Association (IMCA),MISSING_SOURCE_ARTIFACT,Record derived from catalog metadata without packaged physical PDF/HTML artifact.,provenance.document_hash,d675812db720030b8a56d641944fbb53aebc20bdb39d4e16ad315e10fac090c1
P0,EVT-IMCA-0846,International Marine Contractors Association (IMCA),MISSING_SOURCE_ARTIFACT,Record derived from catalog metadata without packaged physical PDF/HTML artifact.,provenance.document_hash,fbd39e04d843301e8bcb412afcf509da33897b794ad3b744667753fcb42469bb
P0,EVT-IMCA-0847,International Marine Contractors Association (IMCA),MISSING_SOURCE_ARTIFACT,Record derived from catalog metadata without packaged physical PDF/HTML artifact.,provenance.document_hash,4e3831164a4c9ecd2be42e679c5eb3b69271252370d71f14df50764fc7669399
P0,EVT-IMCA-0848,International Marine Contractors Association (IMCA),MISSING_SOURCE_ARTIFACT,Record derived from catalog metadata without packaged physical PDF/HTML artifact.,provenance.document_hash,48b854afb36787ddf048e91ecc8ffeaf13c78f81923528bfed66fc1a9966bcdc
P0,EVT-IMCA-0849,International Marine Contractors Association (IMCA),MISSING_SOURCE_ARTIFACT,Record derived from catalog metadata without packaged physical PDF/HTML artifact.,provenance.document_hash,d045e40e116579f0fab7f95e5f0780d1cd9da15c64f1e48b6910a27539d55b71
P0,EVT-IMCA-0850,International Marine Contractors Association (IMCA),MISSING_SOURCE_ARTIFACT,Record derived from catalog metadata without packaged physical PDF/HTML artifact.,provenance.document_hash,674bc24c79d816fc5701337ba02b5eb5d7e0fdba5701f1f91f63cccd47d6be18
P0,EVT-IMCA-0851,International Marine Contractors Association (IMCA),MISSING_SOURCE_ARTIFACT,Record derived from catalog metadata without packaged physical PDF/HTML artifact.,provenance.document_hash,d47bdc27cb032b5884a8da7c93673894ad296335202042fc2da629503ba0d502
P0,EVT-IMCA-0852,International Marine Contractors Association (IMCA),MISSING_SOURCE_ARTIFACT,Record derived from catalog metadata without packaged physical PDF/HTML artifact.,provenance.document_hash,04100eb49725dedfc856cdc6cbd798ba30d768e13538e371e0fb6841dd970747
P0,EVT-IMCA-0853,International Marine Contractors Association (IMCA),MISSING_SOURCE_ARTIFACT,Record derived from catalog metadata without packaged physical PDF/HTML artifact.,provenance.document_hash,b0450facc8cf647638a4d46086075e893cb3d7b25dc159b3de82145a14c264bc
P0,EVT-IMCA-0854,International Marine Contractors Association (IMCA),MISSING_SOURCE_ARTIFACT,Record derived from catalog metadata without packaged physical PDF/HTML artifact.,provenance.document_hash,ee10dc4a20e05099809d2b3e900c6afecc0de3c1792f553c1a1469f2429fcd86
P0,EVT-IMCA-0855,International Marine Contractors Association (IMCA),MISSING_SOURCE_ARTIFACT,Record derived from catalog metadata without packaged physical PDF/HTML artifact.,provenance.document_hash,e50100a8c2007f645dea3ee0e2add18c46c93db643573c878574ec1f622ebe65
P0,EVT-IMCA-0856,International Marine Contractors Association (IMCA),MISSING_SOURCE_ARTIFACT,Record derived from catalog metadata without packaged physical PDF/HTML artifact.,provenance.document_hash,037d6f22d9fef7bc0f96a9184d848d5fac6e2923ca16b1d0a84208e43816b70a
P0,EVT-IMCA-0857,International Marine Contractors Association (IMCA),MISSING_SOURCE_ARTIFACT,Record derived from catalog metadata without packaged physical PDF/HTML artifact.,provenance.document_hash,1eda83882754b1ae5f7ded5ce523e3130ca18dbe6996fcd2e9fb89a43555f088
P0,EVT-IMCA-0858,International Marine Contractors Association (IMCA),MISSING_SOURCE_ARTIFACT,Record derived from catalog metadata without packaged physical PDF/HTML artifact.,provenance.document_hash,2625804e2d229582ff41f104704576be23b97a66cd47ffe99f09e9e73fb58d69
P0,EVT-IMCA-0859,International Marine Contractors Association (IMCA),MISSING_SOURCE_ARTIFACT,Record derived from catalog metadata without packaged physical PDF/HTML artifact.,provenance.document_hash,60607e0dd35dadb521d7e03fbf64ea1921620bc2f038ae28e708f08d6545e14a
P0,EVT-IMCA-0860,International Marine Contractors Association (IMCA),MISSING_SOURCE_ARTIFACT,Record derived from catalog metadata without packaged physical PDF/HTML artifact.,provenance.document_hash,10b1780ab4f8eff1c2032e5e488d9c1e38cbe427ef27ed85d1463a30b70967cf
P0,EVT-IMCA-0861,International Marine Contractors Association (IMCA),MISSING_SOURCE_ARTIFACT,Record derived from catalog metadata without packaged physical PDF/HTML artifact.,provenance.document_hash,1d23c7a8360cbf8a3b63f69af380221dc9ba12b6ba084ffbe4f9c6f9f3646bee
P0,EVT-IMCA-0862,International Marine Contractors Association (IMCA),MISSING_SOURCE_ARTIFACT,Record derived from catalog metadata without packaged physical PDF/HTML artifact.,provenance.document_hash,ae9d6e0356c97096d95adf02536d694591d7bb1bb9bacb008d135b5372ba04a0
P0,EVT-IMCA-0863,International Marine Contractors Association (IMCA),MISSING_SOURCE_ARTIFACT,Record derived from catalog metadata without packaged physical PDF/HTML artifact.,provenance.document_hash,33f178f64ba3ce36db207a4db61fbbacd5606765cab12f1f75d02b68aee5c852
P0,EVT-IMCA-0864,International Marine Contractors Association (IMCA),MISSING_SOURCE_ARTIFACT,Record derived from catalog metadata without packaged physical PDF/HTML artifact.,provenance.document_hash,c1ebc727f062dab62163b461bbada952dccaeabae4c6564f2dccb4282cb8ecb1
P0,EVT-IMCA-0865,International Marine Contractors Association (IMCA),MISSING_SOURCE_ARTIFACT,Record derived from catalog metadata without packaged physical PDF/HTML artifact.,provenance.document_hash,7546d609dd9032634173856d79f4bcc0197482580f79294594f64c3a89b965dc
P0,EVT-IMCA-0866,International Marine Contractors Association (IMCA),MISSING_SOURCE_ARTIFACT,Record derived from catalog metadata without packaged physical PDF/HTML artifact.,provenance.document_hash,7380485b903a8b7080a77b8778063dc583845ca215f64f7f5d0f8cc94474fe70
P0,EVT-IMCA-0867,International Marine Contractors Association (IMCA),MISSING_SOURCE_ARTIFACT,Record derived from catalog metadata without packaged physical PDF/HTML artifact.,provenance.document_hash,6a6533e4999d1b28fdfce92c4725476a63a99d5261da3e5d8aad9326c650afd7
P0,EVT-IMCA-0868,International Marine Contractors Association (IMCA),MISSING_SOURCE_ARTIFACT,Record derived from catalog metadata without packaged physical PDF/HTML artifact.,provenance.document_hash,028ab2037cc489bcb662327bc0f109a445d9a957990ef90cde4c611ed4c11766
P0,EVT-IMCA-0869,International Marine Contractors Association (IMCA),MISSING_SOURCE_ARTIFACT,Record derived from catalog metadata without packaged physical PDF/HTML artifact.,provenance.document_hash,0b3a452480789cd4bbe9097e65541f4d42574f62c6caf9ab02ebb6ad0b2cacdd
P0,EVT-IMCA-0870,International Marine Contractors Association (IMCA),MISSING_SOURCE_ARTIFACT,Record derived from catalog metadata without packaged physical PDF/HTML artifact.,provenance.document_hash,f8fc71cb497a3b232ce56f1f151e50abb2676c446945564e3e744bf208f96755
P0,EVT-IMCA-0871,International Marine Contractors Association (IMCA),MISSING_SOURCE_ARTIFACT,Record derived from catalog metadata without packaged physical PDF/HTML artifact.,provenance.document_hash,d73b166dcbc98f8c164f62467f2e408af1b8f63bf3ea2fa11358088bf7ea04cb
P0,EVT-IMCA-0872,International Marine Contractors Association (IMCA),MISSING_SOURCE_ARTIFACT,Record derived from catalog metadata without packaged physical PDF/HTML artifact.,provenance.document_hash,c17e47366693a8f9405277ceb9374b82a1d9b2d98aa5bc639a03da61fa476eca
P0,EVT-IMCA-0873,International Marine Contractors Association (IMCA),MISSING_SOURCE_ARTIFACT,Record derived from catalog metadata without packaged physical PDF/HTML artifact.,provenance.document_hash,c53c56c47b5080b1d5f03966f30b22f263c00ce59838b1ff9882c1466bd0b34a
P0,EVT-IMCA-0874,International Marine Contractors Association (IMCA),MISSING_SOURCE_ARTIFACT,Record derived from catalog metadata without packaged physical PDF/HTML artifact.,provenance.document_hash,f167328c0dafd71d41d9e22423645a345a7870f5861af27fa0ce9feaf724a198
P0,EVT-IMCA-0875,International Marine Contractors Association (IMCA),MISSING_SOURCE_ARTIFACT,Record derived from catalog metadata without packaged physical PDF/HTML artifact.,provenance.document_hash,92932d894d1e3cf09c7cdcce6b50710a30c2c2e5ec48502df26459298b073e12
P0,EVT-IMCA-0876,International Marine Contractors Association (IMCA),MISSING_SOURCE_ARTIFACT,Record derived from catalog metadata without packaged physical PDF/HTML artifact.,provenance.document_hash,a3ba2efa5207af17ce328936831e3ee986ecde97c5feeb9066866f60a7eeb617
P0,EVT-IMCA-0877,International Marine Contractors Association (IMCA),MISSING_SOURCE_ARTIFACT,Record derived from catalog metadata without packaged physical PDF/HTML artifact.,provenance.document_hash,fe34406abc0bc21f590955614eeaa30b4645200daa0ffb426fb4c70495e95c42
P0,EVT-IMCA-0878,International Marine Contractors Association (IMCA),MISSING_SOURCE_ARTIFACT,Record derived from catalog metadata without packaged physical PDF/HTML artifact.,provenance.document_hash,e59ca02afda3a1cdc3c6126c4c9648091cb5b55011acdc5a4d81275b18fb564a
P0,EVT-IMCA-0879,International Marine Contractors Association (IMCA),MISSING_SOURCE_ARTIFACT,Record derived from catalog metadata without packaged physical PDF/HTML artifact.,provenance.document_hash,47bc1a4fe3e9e4fcb5792c72fe8d4ee62c39d0adcfdbffaf39100dfd21b18967
P0,EVT-IMCA-0880,International Marine Contractors Association (IMCA),MISSING_SOURCE_ARTIFACT,Record derived from catalog metadata without packaged physical PDF/HTML artifact.,provenance.document_hash,ed17e9fc7066ef8a48dd393f63de9b28a0efa102b42bcc583ad0f1b088a8e09f
P0,EVT-IMCA-0881,International Marine Contractors Association (IMCA),MISSING_SOURCE_ARTIFACT,Record derived from catalog metadata without packaged physical PDF/HTML artifact.,provenance.document_hash,0f40666122fd7320d65a0ca20fba07203699ca635ba0e1475c219dfd2599170e
P0,EVT-IMCA-0882,International Marine Contractors Association (IMCA),MISSING_SOURCE_ARTIFACT,Record derived from catalog metadata without packaged physical PDF/HTML artifact.,provenance.document_hash,cf8595f9f85013bd51bac72307895e6370b6ffda0ec26f53bbc693560e344d84
P0,EVT-IMCA-0883,International Marine Contractors Association (IMCA),MISSING_SOURCE_ARTIFACT,Record derived from catalog metadata without packaged physical PDF/HTML artifact.,provenance.document_hash,52c7e752950f534ff8fa9d7a8687f05a85e7869c516fa36a63c77894d531d2ca
P0,EVT-IMCA-0884,International Marine Contractors Association (IMCA),MISSING_SOURCE_ARTIFACT,Record derived from catalog metadata without packaged physical PDF/HTML artifact.,provenance.document_hash,c9af65f3005d1f3bf142997e56e93bdb0477bc4d32339a635a2f52921b58f3a3
P0,EVT-IMCA-0885,International Marine Contractors Association (IMCA),MISSING_SOURCE_ARTIFACT,Record derived from catalog metadata without packaged physical PDF/HTML artifact.,provenance.document_hash,1de4839a086f269c48e97d27da023dd314570a61a6d12c70938a82f754e54072
P0,EVT-IMCA-0886,International Marine Contractors Association (IMCA),MISSING_SOURCE_ARTIFACT,Record derived from catalog metadata without packaged physical PDF/HTML artifact.,provenance.document_hash,034998d8eab32fb4626401ce55aface4073ffc15225c0754b2e79047a55c83d7
P0,EVT-IMCA-0887,International Marine Contractors Association (IMCA),MISSING_SOURCE_ARTIFACT,Record derived from catalog metadata without packaged physical PDF/HTML artifact.,provenance.document_hash,c01f4c24a7e34e20517ab11f8f02771786a3be121d6a2d36ca64ff4ade43ebc2
P0,EVT-IMCA-0888,International Marine Contractors Association (IMCA),MISSING_SOURCE_ARTIFACT,Record derived from catalog metadata without packaged physical PDF/HTML artifact.,provenance.document_hash,bf983d1db5fd2f9520ee9c82e489e8f05ed51ba9996d10052bbda1eace070ec5
P0,EVT-IMCA-0889,International Marine Contractors Association (IMCA),MISSING_SOURCE_ARTIFACT,Record derived from catalog metadata without packaged physical PDF/HTML artifact.,provenance.document_hash,097414395feff4932c3482a3f4c09b3f38b2583f173379575c7d1da507e476db
P0,EVT-IMCA-0890,International Marine Contractors Association (IMCA),MISSING_SOURCE_ARTIFACT,Record derived from catalog metadata without packaged physical PDF/HTML artifact.,provenance.document_hash,bee397d86a1258c960455632072b9c421f5d3a04efa7c5cf086b8880a7c4b0d4
P0,EVT-IMCA-0891,International Marine Contractors Association (IMCA),MISSING_SOURCE_ARTIFACT,Record derived from catalog metadata without packaged physical PDF/HTML artifact.,provenance.document_hash,e0173dea547632051cda3a686f93bfaeea270c8024a71f996d3c9351325880f5
P0,EVT-IMCA-0892,International Marine Contractors Association (IMCA),MISSING_SOURCE_ARTIFACT,Record derived from catalog metadata without packaged physical PDF/HTML artifact.,provenance.document_hash,28d1cb53796ae3880e24b2632e28298c47df8de26706cac9b7a27a260c8a0251
P0,EVT-IMCA-0893,International Marine Contractors Association (IMCA),MISSING_SOURCE_ARTIFACT,Record derived from catalog metadata without packaged physical PDF/HTML artifact.,provenance.document_hash,5a6d305ca1ea2683070d459f3be673178ade8ed1053459fe302c80a2a221556b
P0,EVT-IMCA-0894,International Marine Contractors Association (IMCA),MISSING_SOURCE_ARTIFACT,Record derived from catalog metadata without packaged physical PDF/HTML artifact.,provenance.document_hash,545ac6dddbf74a3a2f3d50fbf9241f9508b1be76b630e1af4a459ab1313c21f1
P0,EVT-IMCA-0895,International Marine Contractors Association (IMCA),MISSING_SOURCE_ARTIFACT,Record derived from catalog metadata without packaged physical PDF/HTML artifact.,provenance.document_hash,a6a3f55eb4b117e0680b098cd5169bd212c0e0e1238500ba12dacde6aaf45f69
P0,EVT-IMCA-0896,International Marine Contractors Association (IMCA),MISSING_SOURCE_ARTIFACT,Record derived from catalog metadata without packaged physical PDF/HTML artifact.,provenance.document_hash,48deab76616beefab5d5787b401047645e9bb38f6c758f0a6e877d48fa403f80
P0,EVT-IMCA-0897,International Marine Contractors Association (IMCA),MISSING_SOURCE_ARTIFACT,Record derived from catalog metadata without packaged physical PDF/HTML artifact.,provenance.document_hash,c87a757e7c942e5574236daeaea800edbda3920602f1cb92d56751eb36353248
P0,EVT-IMCA-0898,International Marine Contractors Association (IMCA),MISSING_SOURCE_ARTIFACT,Record derived from catalog metadata without packaged physical PDF/HTML artifact.,provenance.document_hash,2f8439522aa52d8530f935b314598431d996692992b1900bd03461aaa6874ac8
P0,EVT-IMCA-0899,International Marine Contractors Association (IMCA),MISSING_SOURCE_ARTIFACT,Record derived from catalog metadata without packaged physical PDF/HTML artifact.,provenance.document_hash,0f35f79e33168bb811210eda458a1d23bac0d076625ca423f881a2a003609a34
P0,EVT-IMCA-0900,International Marine Contractors Association (IMCA),MISSING_SOURCE_ARTIFACT,Record derived from catalog metadata without packaged physical PDF/HTML artifact.,provenance.document_hash,fc3f9d438cc3464ca54f2e59c86d7de1150cf19e501b40c54b9c036ce69101e7
P0,EVT-IMCA-0901,International Marine Contractors Association (IMCA),MISSING_SOURCE_ARTIFACT,Record derived from catalog metadata without packaged physical PDF/HTML artifact.,provenance.document_hash,e64505f1d1c4be7aca0e6981449e7e4bd08db754f1f99b932ec20c864ceb7a97
P0,EVT-IMCA-0902,International Marine Contractors Association (IMCA),MISSING_SOURCE_ARTIFACT,Record derived from catalog metadata without packaged physical PDF/HTML artifact.,provenance.document_hash,d8556b67a5c8a25eec182dd81dcc4bb2308c7cbea7a263738b3840db1ec6fa6f
P0,EVT-IMCA-0903,International Marine Contractors Association (IMCA),MISSING_SOURCE_ARTIFACT,Record derived from catalog metadata without packaged physical PDF/HTML artifact.,provenance.document_hash,514a9fbe57c8b5ea1f110e886c732fbe45f0f4079859ff93cacd70301de0fe32
P0,EVT-IMCA-0904,International Marine Contractors Association (IMCA),MISSING_SOURCE_ARTIFACT,Record derived from catalog metadata without packaged physical PDF/HTML artifact.,provenance.document_hash,93540525a82af2574d8bf3ccd6bb1f1aaf192e605ff5f982078a7b45002124e9
P0,EVT-IMCA-0905,International Marine Contractors Association (IMCA),MISSING_SOURCE_ARTIFACT,Record derived from catalog metadata without packaged physical PDF/HTML artifact.,provenance.document_hash,4c0c3ed87c670d190a152919dfa76f6f171b3c7cc656297a3f443653fd6e29d3
P0,EVT-IMCA-0906,International Marine Contractors Association (IMCA),MISSING_SOURCE_ARTIFACT,Record derived from catalog metadata without packaged physical PDF/HTML artifact.,provenance.document_hash,73492e3429a6c9ed014fd8995e7f209e0e586f911ecdd8b28a7dda7aac08a4d5
P0,EVT-IMCA-0907,International Marine Contractors Association (IMCA),MISSING_SOURCE_ARTIFACT,Record derived from catalog metadata without packaged physical PDF/HTML artifact.,provenance.document_hash,cbdce5cba492954f47753e1db05693d2298c03f5870071c2ebeb18af06abedd2
P0,EVT-IMCA-0908,International Marine Contractors Association (IMCA),MISSING_SOURCE_ARTIFACT,Record derived from catalog metadata without packaged physical PDF/HTML artifact.,provenance.document_hash,ad6b301bd417f360c9995871a1b45c2b256ed44da37e3c7c3b3680f4b4c72245
P0,EVT-IMCA-0909,International Marine Contractors Association (IMCA),MISSING_SOURCE_ARTIFACT,Record derived from catalog metadata without packaged physical PDF/HTML artifact.,provenance.document_hash,5019fcc85c4f425bb1e3b0e3347b0911bd237513e582716b75a4a4f9fe37acf5
P0,EVT-IMCA-0910,International Marine Contractors Association (IMCA),MISSING_SOURCE_ARTIFACT,Record derived from catalog metadata without packaged physical PDF/HTML artifact.,provenance.document_hash,08512f84f223b2e5fe678200ac904e63fdddf785adc86948ff2152d2d7de70dd
P0,EVT-IMCA-0911,International Marine Contractors Association (IMCA),MISSING_SOURCE_ARTIFACT,Record derived from catalog metadata without packaged physical PDF/HTML artifact.,provenance.document_hash,fbb3063f9eaf22ddf29757d9b15e1454ea42e78846e38e90db8f1a1d8b776d60
P0,EVT-IMCA-0912,International Marine Contractors Association (IMCA),MISSING_SOURCE_ARTIFACT,Record derived from catalog metadata without packaged physical PDF/HTML artifact.,provenance.document_hash,fdc4be51c259150b08c85050aa6707850df13230e00d0576807395ff2d45df8f
P0,EVT-IMCA-0913,International Marine Contractors Association (IMCA),MISSING_SOURCE_ARTIFACT,Record derived from catalog metadata without packaged physical PDF/HTML artifact.,provenance.document_hash,1ef651bbecb119638cca56227af7fb681b93dcd8037fdd9293a730b1152bf733
P0,EVT-IMCA-0914,International Marine Contractors Association (IMCA),MISSING_SOURCE_ARTIFACT,Record derived from catalog metadata without packaged physical PDF/HTML artifact.,provenance.document_hash,73479cc5d37a18f95e0141d71d1d8098c77cb66ec2f97704dea49dd72bf50687
P0,EVT-IMCA-0915,International Marine Contractors Association (IMCA),MISSING_SOURCE_ARTIFACT,Record derived from catalog metadata without packaged physical PDF/HTML artifact.,provenance.document_hash,807b5bac63530ac67cd3ce44820b19318962226aca7e585fcc807c75814dadaf
P0,EVT-IMCA-0916,International Marine Contractors Association (IMCA),MISSING_SOURCE_ARTIFACT,Record derived from catalog metadata without packaged physical PDF/HTML artifact.,provenance.document_hash,b3c3d55065be6ec4f639aebbace5525461c6af199f2abdf755cfab01ec2c2886
P0,EVT-IMCA-0917,International Marine Contractors Association (IMCA),MISSING_SOURCE_ARTIFACT,Record derived from catalog metadata without packaged physical PDF/HTML artifact.,provenance.document_hash,1961c3e074ad8c118b0f67e990961d15e232e0cf5c54c07ba24a64b0a7a2b8d7
P0,EVT-IMCA-0918,International Marine Contractors Association (IMCA),MISSING_SOURCE_ARTIFACT,Record derived from catalog metadata without packaged physical PDF/HTML artifact.,provenance.document_hash,cad32c0f89e29cb4511e5ade6b34c6505e60f1db3cfe83be2a4c809e0471edaa
P0,EVT-IMCA-0919,International Marine Contractors Association (IMCA),MISSING_SOURCE_ARTIFACT,Record derived from catalog metadata without packaged physical PDF/HTML artifact.,provenance.document_hash,3ba6bd2047daceac98335bb31760162c6b12f6c606444602565aae55667e1ade
P0,EVT-IMCA-0920,International Marine Contractors Association (IMCA),MISSING_SOURCE_ARTIFACT,Record derived from catalog metadata without packaged physical PDF/HTML artifact.,provenance.document_hash,06628568587488c0a3a99feb654696cb0548f97bd6a9fa16d731a779b08875b4
P0,EVT-IMCA-0921,International Marine Contractors Association (IMCA),MISSING_SOURCE_ARTIFACT,Record derived from catalog metadata without packaged physical PDF/HTML artifact.,provenance.document_hash,7602fc0e6600f1159a0547271f008b07aff10e10a4be97b34a401b237cdea50b
P0,EVT-IMCA-0922,International Marine Contractors Association (IMCA),MISSING_SOURCE_ARTIFACT,Record derived from catalog metadata without packaged physical PDF/HTML artifact.,provenance.document_hash,e21cacdcc66da04fcf1d5f0a65e4a881901cf46479ec77adf4f3dda02fc54832
P0,EVT-IMCA-0923,International Marine Contractors Association (IMCA),MISSING_SOURCE_ARTIFACT,Record derived from catalog metadata without packaged physical PDF/HTML artifact.,provenance.document_hash,2e54bb07229eeac3764ebcb82e66d2772fc9c017b9c2637d5870e986dacd98e2
P0,EVT-IMCA-0924,International Marine Contractors Association (IMCA),MISSING_SOURCE_ARTIFACT,Record derived from catalog metadata without packaged physical PDF/HTML artifact.,provenance.document_hash,1b67f474d8894329afc3a27fbee7a85c686a179262fd6d7c71b4d6195c061e7e
P0,EVT-IMCA-0925,International Marine Contractors Association (IMCA),MISSING_SOURCE_ARTIFACT,Record derived from catalog metadata without packaged physical PDF/HTML artifact.,provenance.document_hash,c030726c68503d9c95af225b2f70256fe22d64757ab21686d59fb116c286af29
P0,EVT-IMCA-0926,International Marine Contractors Association (IMCA),MISSING_SOURCE_ARTIFACT,Record derived from catalog metadata without packaged physical PDF/HTML artifact.,provenance.document_hash,0e5fa02a8738829f8588edc760c03e262e868db72defc78bc53f88beb764e801
P0,EVT-IMCA-0927,International Marine Contractors Association (IMCA),MISSING_SOURCE_ARTIFACT,Record derived from catalog metadata without packaged physical PDF/HTML artifact.,provenance.document_hash,77cae2b1fa03c9b686d3fa9848b2153dc891b4bd65dc43dd883bb8aee7f0e737
P0,EVT-IMCA-0928,International Marine Contractors Association (IMCA),MISSING_SOURCE_ARTIFACT,Record derived from catalog metadata without packaged physical PDF/HTML artifact.,provenance.document_hash,b46db6b24361a7a0f66bcb62ce6286608712b129c980e652a8f01e34697be28e
P0,EVT-IMCA-0929,International Marine Contractors Association (IMCA),MISSING_SOURCE_ARTIFACT,Record derived from catalog metadata without packaged physical PDF/HTML artifact.,provenance.document_hash,357c5bd790bffefd646668ba281e0b08d01b146984289e4f14701998f42e9d47
P0,EVT-IMCA-0930,International Marine Contractors Association (IMCA),MISSING_SOURCE_ARTIFACT,Record derived from catalog metadata without packaged physical PDF/HTML artifact.,provenance.document_hash,5d0cf76b970a8c134d11daa09ee3547bbac42be6a496e628d09adc81eed99faf
P0,EVT-IMCA-0931,International Marine Contractors Association (IMCA),MISSING_SOURCE_ARTIFACT,Record derived from catalog metadata without packaged physical PDF/HTML artifact.,provenance.document_hash,52e1bc6a7479e4b979eb92457222937aa748fb643d8cd09d19b74d5c38f8e373
P0,EVT-IMCA-0932,International Marine Contractors Association (IMCA),MISSING_SOURCE_ARTIFACT,Record derived from catalog metadata without packaged physical PDF/HTML artifact.,provenance.document_hash,b4075d8e40f12d540643b2b3b6fda42f6499d095fbc8e42765d52b48529667ee
P0,EVT-IMCA-0933,International Marine Contractors Association (IMCA),MISSING_SOURCE_ARTIFACT,Record derived from catalog metadata without packaged physical PDF/HTML artifact.,provenance.document_hash,9cf1fdf46df98fea7f54e458f90eb03490e854cbbf573227bbdea4a8b241d01a
P0,EVT-IMCA-0934,International Marine Contractors Association (IMCA),MISSING_SOURCE_ARTIFACT,Record derived from catalog metadata without packaged physical PDF/HTML artifact.,provenance.document_hash,a74e46627d33bc28b2af6ef82c67a99e2895dd50034a95cf8824c86ea537825d
P0,EVT-IMCA-0935,International Marine Contractors Association (IMCA),MISSING_SOURCE_ARTIFACT,Record derived from catalog metadata without packaged physical PDF/HTML artifact.,provenance.document_hash,78107692aa47f6190a1275fa34aa6981d147b545f57741da183eb7f086e68623
P0,EVT-IMCA-0936,International Marine Contractors Association (IMCA),MISSING_SOURCE_ARTIFACT,Record derived from catalog metadata without packaged physical PDF/HTML artifact.,provenance.document_hash,706e3c4e4306eea875f37876fe39344d5adcff7b17c69417fdd918404156ace2
P0,EVT-IMCA-0937,International Marine Contractors Association (IMCA),MISSING_SOURCE_ARTIFACT,Record derived from catalog metadata without packaged physical PDF/HTML artifact.,provenance.document_hash,6de5e8100b480928dc023dc3220732a1b7ec91c4b2e649a86ba7c5848b10c624
P0,EVT-IMCA-0938,International Marine Contractors Association (IMCA),MISSING_SOURCE_ARTIFACT,Record derived from catalog metadata without packaged physical PDF/HTML artifact.,provenance.document_hash,70a7fb4b2eba2d5d6e727ac7eb1f265a00472676bef4b09b7a194dc4e1b87bce
P0,EVT-IMCA-0939,International Marine Contractors Association (IMCA),MISSING_SOURCE_ARTIFACT,Record derived from catalog metadata without packaged physical PDF/HTML artifact.,provenance.document_hash,8269a7e5b55141d923378726603224d3555117e3c9538c47b6a36831a0756c74
P0,EVT-IMCA-0940,International Marine Contractors Association (IMCA),MISSING_SOURCE_ARTIFACT,Record derived from catalog metadata without packaged physical PDF/HTML artifact.,provenance.document_hash,7391bb8e328537b931bf575acabb8dbe38890111e9eb71f6d8ac0fd146756284
P0,EVT-IMCA-0941,International Marine Contractors Association (IMCA),MISSING_SOURCE_ARTIFACT,Record derived from catalog metadata without packaged physical PDF/HTML artifact.,provenance.document_hash,accedcffd2d9e99b9f12e5ba8ad49e5942080078d146c3058b3c838f1ea26f98
P0,EVT-IMCA-0942,International Marine Contractors Association (IMCA),MISSING_SOURCE_ARTIFACT,Record derived from catalog metadata without packaged physical PDF/HTML artifact.,provenance.document_hash,c17abbe857ab315825cb807b16a7ca9f7e6491203d1c0d6e7c0f3eee3bcfdb07
P0,EVT-IMCA-0943,International Marine Contractors Association (IMCA),MISSING_SOURCE_ARTIFACT,Record derived from catalog metadata without packaged physical PDF/HTML artifact.,provenance.document_hash,84b429b115c190729af3ffe25602ff442aa46eae2f9148c48222fe8a58b66534
P0,EVT-IMCA-0944,International Marine Contractors Association (IMCA),MISSING_SOURCE_ARTIFACT,Record derived from catalog metadata without packaged physical PDF/HTML artifact.,provenance.document_hash,d2612ca5413e3430538af8cd83cea662b268603a6421f5b2afd882ab1e17c209
P0,EVT-IMCA-0945,International Marine Contractors Association (IMCA),MISSING_SOURCE_ARTIFACT,Record derived from catalog metadata without packaged physical PDF/HTML artifact.,provenance.document_hash,95f11ddedc9f06daba24b9f1e5977f1d68a84d11537dfc89e5f4e19fe8a1ef83
P0,EVT-IMCA-0946,International Marine Contractors Association (IMCA),MISSING_SOURCE_ARTIFACT,Record derived from catalog metadata without packaged physical PDF/HTML artifact.,provenance.document_hash,15683ae6e06275c77ed06dfaee13f7be8b80405789a6b057f7aa11a09bd1c9c9
P0,EVT-IMCA-0947,International Marine Contractors Association (IMCA),MISSING_SOURCE_ARTIFACT,Record derived from catalog metadata without packaged physical PDF/HTML artifact.,provenance.document_hash,0cb13f8b7a53a8fe4defb219d90a1beb2572e911da64bc88aca4afc1360560f5
P0,EVT-IMCA-0948,International Marine Contractors Association (IMCA),MISSING_SOURCE_ARTIFACT,Record derived from catalog metadata without packaged physical PDF/HTML artifact.,provenance.document_hash,437650ee552e132d5245732f6d74b19f45ca7bd12b35e523c18e0cd256653796
P0,EVT-IMCA-0949,International Marine Contractors Association (IMCA),MISSING_SOURCE_ARTIFACT,Record derived from catalog metadata without packaged physical PDF/HTML artifact.,provenance.document_hash,ad98ea26aef7a2563452661824c9570726ffb2aea396ffdbdb224a723d2a0107
P0,EVT-IMCA-0950,International Marine Contractors Association (IMCA),MISSING_SOURCE_ARTIFACT,Record derived from catalog metadata without packaged physical PDF/HTML artifact.,provenance.document_hash,730d1ca6c988b72a22eea90ca99e508f58a75969d77bdb9858d5eb6535d403b4
P0,EVT-IMCA-0951,International Marine Contractors Association (IMCA),MISSING_SOURCE_ARTIFACT,Record derived from catalog metadata without packaged physical PDF/HTML artifact.,provenance.document_hash,cf3591d251c4d6ff646281f7374245e1dd77c93d5642272d564cbc7893cf1bfe
P0,EVT-IMCA-0952,International Marine Contractors Association (IMCA),MISSING_SOURCE_ARTIFACT,Record derived from catalog metadata without packaged physical PDF/HTML artifact.,provenance.document_hash,52d85fabcc8c5741d8e4be67bb3c9769981edd1200f44d185313cc71154bcafe
P0,EVT-IMCA-0953,International Marine Contractors Association (IMCA),MISSING_SOURCE_ARTIFACT,Record derived from catalog metadata without packaged physical PDF/HTML artifact.,provenance.document_hash,77581a42bb37eca8de0a9ad006e287d6661b555dbbb2aa8d9a0d2968839d15cd
P0,EVT-IMCA-0954,International Marine Contractors Association (IMCA),MISSING_SOURCE_ARTIFACT,Record derived from catalog metadata without packaged physical PDF/HTML artifact.,provenance.document_hash,3c5263737281ea4f6d329a93599d5f02c92bb18f10c0822112e24d36c436f50b
P0,EVT-IMCA-0955,International Marine Contractors Association (IMCA),MISSING_SOURCE_ARTIFACT,Record derived from catalog metadata without packaged physical PDF/HTML artifact.,provenance.document_hash,6fd0f872b7b0bbadbe7601b95815b2c5fe8374eb27268ac76ffc37a8ff818865
P0,EVT-IMCA-0956,International Marine Contractors Association (IMCA),MISSING_SOURCE_ARTIFACT,Record derived from catalog metadata without packaged physical PDF/HTML artifact.,provenance.document_hash,b72c9c2cad2a1a3f35702442f17a3a16d3099d77df0cb66c6a4baa344800a552
P0,EVT-IMCA-0957,International Marine Contractors Association (IMCA),MISSING_SOURCE_ARTIFACT,Record derived from catalog metadata without packaged physical PDF/HTML artifact.,provenance.document_hash,a311fe0f36a5aafed7d812cdf13908f3e57588b7875bfee9f5f20f1339d13c7a
P0,EVT-IMCA-0958,International Marine Contractors Association (IMCA),MISSING_SOURCE_ARTIFACT,Record derived from catalog metadata without packaged physical PDF/HTML artifact.,provenance.document_hash,b7e34ccec7e112fa21864ec730a12da40b2ff061f0999982a368a2b3dc97b506
P0,EVT-IMCA-0959,International Marine Contractors Association (IMCA),MISSING_SOURCE_ARTIFACT,Record derived from catalog metadata without packaged physical PDF/HTML artifact.,provenance.document_hash,f42f27ce3391c9a11d8a91aa8194cc3a6cc5bd81a8ff5a2221d0dea20271f0b0
P0,EVT-IMCA-0960,International Marine Contractors Association (IMCA),MISSING_SOURCE_ARTIFACT,Record derived from catalog metadata without packaged physical PDF/HTML artifact.,provenance.document_hash,fe7099cd73b673b83b8ac641e2d9df64a43944b65388e98994e4bb001d945d98
P0,EVT-IMCA-0961,International Marine Contractors Association (IMCA),MISSING_SOURCE_ARTIFACT,Record derived from catalog metadata without packaged physical PDF/HTML artifact.,provenance.document_hash,8dcc871c36f05f532b43695c17a70d57f97cd828cf7ae42d3fcd1c9331df8dfb
P0,EVT-IMCA-0962,International Marine Contractors Association (IMCA),MISSING_SOURCE_ARTIFACT,Record derived from catalog metadata without packaged physical PDF/HTML artifact.,provenance.document_hash,c6b91ffa5039d367c7131d03480aa1d23439c4e9921adb2f5ad5734f07c61b78
P0,EVT-IMCA-0963,International Marine Contractors Association (IMCA),MISSING_SOURCE_ARTIFACT,Record derived from catalog metadata without packaged physical PDF/HTML artifact.,provenance.document_hash,5ed1d23290ea5a13b43bb79e024db4101ed3b2da71ca638e50c8c5252b33bea1
P0,EVT-IMCA-0964,International Marine Contractors Association (IMCA),MISSING_SOURCE_ARTIFACT,Record derived from catalog metadata without packaged physical PDF/HTML artifact.,provenance.document_hash,4a4bd943a40065c421a46c8f67ac2cb8c3d2d1bebe38f9a234353bec4ba79f18
P0,EVT-IMCA-0965,International Marine Contractors Association (IMCA),MISSING_SOURCE_ARTIFACT,Record derived from catalog metadata without packaged physical PDF/HTML artifact.,provenance.document_hash,9f39f02f8dacef314f17b2c037c4d5275c7d3c0d16a22a934fff4a44bff37cdb
P0,EVT-IMCA-0966,International Marine Contractors Association (IMCA),MISSING_SOURCE_ARTIFACT,Record derived from catalog metadata without packaged physical PDF/HTML artifact.,provenance.document_hash,43f34c4d400fe8488aa014122d26c36879d8bf8f986959a45483870750ae09eb
P0,EVT-IMCA-0967,International Marine Contractors Association (IMCA),MISSING_SOURCE_ARTIFACT,Record derived from catalog metadata without packaged physical PDF/HTML artifact.,provenance.document_hash,1520b62f6094b5d759f7f547a7b63eaf9a42d9df0ba6167bcc6efbf073ef6cba
P0,EVT-IMCA-0968,International Marine Contractors Association (IMCA),MISSING_SOURCE_ARTIFACT,Record derived from catalog metadata without packaged physical PDF/HTML artifact.,provenance.document_hash,bb6abb02e9fe6a49be3e3812f4f529aea7286171b3538c9adac0a01df799b69a
P0,EVT-IMCA-0969,International Marine Contractors Association (IMCA),MISSING_SOURCE_ARTIFACT,Record derived from catalog metadata without packaged physical PDF/HTML artifact.,provenance.document_hash,9445119200d8f6f8efb6de491bb45e6c64d95bec467502aad97c232c5fca00b8
P0,EVT-IMCA-0970,International Marine Contractors Association (IMCA),MISSING_SOURCE_ARTIFACT,Record derived from catalog metadata without packaged physical PDF/HTML artifact.,provenance.document_hash,029b502b9df2d956f673f14fb7282cae848133bf1f98369889b4080b133bda02
P0,EVT-IMCA-0971,International Marine Contractors Association (IMCA),MISSING_SOURCE_ARTIFACT,Record derived from catalog metadata without packaged physical PDF/HTML artifact.,provenance.document_hash,3cc5330856387e43e4288b48763455c972f4cf6f9af07b7d1f91de04af1b83cb
P0,EVT-IMCA-0972,International Marine Contractors Association (IMCA),MISSING_SOURCE_ARTIFACT,Record derived from catalog metadata without packaged physical PDF/HTML artifact.,provenance.document_hash,3f8c4810deb4d7c4dba192fe200aaa7067defe63d5a6d8a25db3f466a4fed68b
P0,EVT-IMCA-0973,International Marine Contractors Association (IMCA),MISSING_SOURCE_ARTIFACT,Record derived from catalog metadata without packaged physical PDF/HTML artifact.,provenance.document_hash,902c033028ab1ff97d5deccbbb791d3f1d570bbbae0bfefb6a30488fba9cf7e0
P0,EVT-IMCA-0974,International Marine Contractors Association (IMCA),MISSING_SOURCE_ARTIFACT,Record derived from catalog metadata without packaged physical PDF/HTML artifact.,provenance.document_hash,5ef58388c2be25c070c491f7e11853f50f57a5b02041cb9e9dc4fe6b5c53fcc9
P0,EVT-IMCA-0975,International Marine Contractors Association (IMCA),MISSING_SOURCE_ARTIFACT,Record derived from catalog metadata without packaged physical PDF/HTML artifact.,provenance.document_hash,f2429032f0d4ba4eadcee58074e61b8b9b1337196f57a10f136a36b822b3ddb1
P0,EVT-IMCA-0976,International Marine Contractors Association (IMCA),MISSING_SOURCE_ARTIFACT,Record derived from catalog metadata without packaged physical PDF/HTML artifact.,provenance.document_hash,45c2644bc3741e1abd9d808602096ed3e68863b606ab5359dc95a21495918c5e
P0,EVT-IMCA-0977,International Marine Contractors Association (IMCA),MISSING_SOURCE_ARTIFACT,Record derived from catalog metadata without packaged physical PDF/HTML artifact.,provenance.document_hash,21699d81906f98de527f03ecd38565ce16557a8e6b3cfc70918e6de290c39365
P0,EVT-IMCA-0978,International Marine Contractors Association (IMCA),MISSING_SOURCE_ARTIFACT,Record derived from catalog metadata without packaged physical PDF/HTML artifact.,provenance.document_hash,c86c69362a52a18d2cb4f14b9469d42870e06454dbadbebedf01d9f4a310acd0
P0,EVT-IMCA-0979,International Marine Contractors Association (IMCA),MISSING_SOURCE_ARTIFACT,Record derived from catalog metadata without packaged physical PDF/HTML artifact.,provenance.document_hash,b679566ef349400b51d2329e2a457148e0d682f70e5af5f8b9634d2cd1cbee59
P0,EVT-IMCA-0980,International Marine Contractors Association (IMCA),MISSING_SOURCE_ARTIFACT,Record derived from catalog metadata without packaged physical PDF/HTML artifact.,provenance.document_hash,296f7c3bd69561d4b3ad38c07e80bb96e93dbc043a36a130ae2deaf976c2defa
P0,EVT-IMCA-0981,International Marine Contractors Association (IMCA),MISSING_SOURCE_ARTIFACT,Record derived from catalog metadata without packaged physical PDF/HTML artifact.,provenance.document_hash,f810650ece20f84f627a032c13959a806e3aa938c71070b1c7b6ad805e936af7
P0,EVT-IMCA-0982,International Marine Contractors Association (IMCA),MISSING_SOURCE_ARTIFACT,Record derived from catalog metadata without packaged physical PDF/HTML artifact.,provenance.document_hash,ed2e3beb76633828a8c83dceea847f14dbd68d0d334431beab5dee6a6265caf4
P0,EVT-IMCA-0983,International Marine Contractors Association (IMCA),MISSING_SOURCE_ARTIFACT,Record derived from catalog metadata without packaged physical PDF/HTML artifact.,provenance.document_hash,9bd72120eb77350be9cd75e8f78159ba262fa1ae57a70a21ba0d4cb1b4f01d9c
P0,EVT-IMCA-0984,International Marine Contractors Association (IMCA),MISSING_SOURCE_ARTIFACT,Record derived from catalog metadata without packaged physical PDF/HTML artifact.,provenance.document_hash,ee6923134e69d7342e74de63c6be9b619496d9721a11d4e1205ab10f2d661f25
P0,EVT-IMCA-0985,International Marine Contractors Association (IMCA),MISSING_SOURCE_ARTIFACT,Record derived from catalog metadata without packaged physical PDF/HTML artifact.,provenance.document_hash,920382aeb1562793128dc8c15717c65d197bf6d47ad1297c643e59226d362cd2
P0,EVT-IMCA-0986,International Marine Contractors Association (IMCA),MISSING_SOURCE_ARTIFACT,Record derived from catalog metadata without packaged physical PDF/HTML artifact.,provenance.document_hash,c1e14c3bbc9037233f3e5ea72ab55d508576378d22788d5f6c0235ccd1360a5c
P0,EVT-IMCA-0987,International Marine Contractors Association (IMCA),MISSING_SOURCE_ARTIFACT,Record derived from catalog metadata without packaged physical PDF/HTML artifact.,provenance.document_hash,ab3130ebd03d6889ec876c28294e261f3591cb6912ce680dd8e8cbfe95966232
P0,EVT-IMCA-0988,International Marine Contractors Association (IMCA),MISSING_SOURCE_ARTIFACT,Record derived from catalog metadata without packaged physical PDF/HTML artifact.,provenance.document_hash,2f41c1d3254f734d39637258815a8fadecbf6352077acfa99962e08cfb58464d
P0,EVT-IMCA-0989,International Marine Contractors Association (IMCA),MISSING_SOURCE_ARTIFACT,Record derived from catalog metadata without packaged physical PDF/HTML artifact.,provenance.document_hash,11ff293ec918f2af8ee3d68664469806d33328c3ee5c89521192c494603e31b1
P0,EVT-IMCA-0990,International Marine Contractors Association (IMCA),MISSING_SOURCE_ARTIFACT,Record derived from catalog metadata without packaged physical PDF/HTML artifact.,provenance.document_hash,5ed43feaaf35eaa1090bccc8e307689e57085b27319feb47391a259d565063e1
P0,EVT-IMCA-0991,International Marine Contractors Association (IMCA),MISSING_SOURCE_ARTIFACT,Record derived from catalog metadata without packaged physical PDF/HTML artifact.,provenance.document_hash,f7360c1db16dd446b59aaba3809793765f21a0bcda8d5312f151a036eb17a52d
P0,EVT-IMCA-0992,International Marine Contractors Association (IMCA),MISSING_SOURCE_ARTIFACT,Record derived from catalog metadata without packaged physical PDF/HTML artifact.,provenance.document_hash,dea5a659fab757b5af47f11a0129496a85061bb13a4f76604763001a1ad59f4b
P0,EVT-IMCA-0993,International Marine Contractors Association (IMCA),MISSING_SOURCE_ARTIFACT,Record derived from catalog metadata without packaged physical PDF/HTML artifact.,provenance.document_hash,684c41de6cb050cad75c99f5adb5a5ef55b8a1a5962f3b9642010b100500d74a
P0,EVT-IMCA-0994,International Marine Contractors Association (IMCA),MISSING_SOURCE_ARTIFACT,Record derived from catalog metadata without packaged physical PDF/HTML artifact.,provenance.document_hash,e0a4637fa59b96e8df05c3ab2911bce900c1f608857309542879f84ed2705516
P0,EVT-IMCA-0995,International Marine Contractors Association (IMCA),MISSING_SOURCE_ARTIFACT,Record derived from catalog metadata without packaged physical PDF/HTML artifact.,provenance.document_hash,2ff01c9813f620dfaccef3dcf7a884372ebbdfac2f84920650c7ebf18a6b5404
P0,EVT-IMCA-0996,International Marine Contractors Association (IMCA),MISSING_SOURCE_ARTIFACT,Record derived from catalog metadata without packaged physical PDF/HTML artifact.,provenance.document_hash,97b032f68411a594e295210a9d749218ad62c31c6f9919b1e342b34c5f1c01be
P0,EVT-IMCA-0997,International Marine Contractors Association (IMCA),MISSING_SOURCE_ARTIFACT,Record derived from catalog metadata without packaged physical PDF/HTML artifact.,provenance.document_hash,88ad766938cec9ba2f3fabb3a301f603f6934c54eb50ba64e1ac784b3407ee61
P0,EVT-IMCA-0998,International Marine Contractors Association (IMCA),MISSING_SOURCE_ARTIFACT,Record derived from catalog metadata without packaged physical PDF/HTML artifact.,provenance.document_hash,8e49beb18a0f1d25f82d3021595d431dc6f52f7cc543370b3d06b8a877102fb9
P0,EVT-IMCA-0999,International Marine Contractors Association (IMCA),MISSING_SOURCE_ARTIFACT,Record derived from catalog metadata without packaged physical PDF/HTML artifact.,provenance.document_hash,c8ef5faa7b5094ce818678184bdd1b0ede30b891404125fbbb27975ce5c06394
P0,EVT-IMCA-1000,International Marine Contractors Association (IMCA),MISSING_SOURCE_ARTIFACT,Record derived from catalog metadata without packaged physical PDF/HTML artifact.,provenance.document_hash,727a75c758e428ff597d13680d032be810d82c1ed523bc687708a10bcb754d89
P0,EVT-IMCA-1001,International Marine Contractors Association (IMCA),MISSING_SOURCE_ARTIFACT,Record derived from catalog metadata without packaged physical PDF/HTML artifact.,provenance.document_hash,45af534ee6a5075efc6deb12429806d56f9ebb42d9015ae2af8105ca908acaa6
P0,EVT-IMCA-1002,International Marine Contractors Association (IMCA),MISSING_SOURCE_ARTIFACT,Record derived from catalog metadata without packaged physical PDF/HTML artifact.,provenance.document_hash,26f8522c2ad664683dbde36663e2f6b5d70d7a4598ab9379e694034091a4deee
P0,EVT-IMCA-1003,International Marine Contractors Association (IMCA),MISSING_SOURCE_ARTIFACT,Record derived from catalog metadata without packaged physical PDF/HTML artifact.,provenance.document_hash,9dee5c7664e891cfe798027b7fb5f818480824021059cbe66adefbfa8452e70f
P0,EVT-IMCA-1004,International Marine Contractors Association (IMCA),MISSING_SOURCE_ARTIFACT,Record derived from catalog metadata without packaged physical PDF/HTML artifact.,provenance.document_hash,15192051c8e61b19d65eb53c42eee4106b741b2d065908243d3d9d13a564a890
P0,EVT-IMCA-1005,International Marine Contractors Association (IMCA),MISSING_SOURCE_ARTIFACT,Record derived from catalog metadata without packaged physical PDF/HTML artifact.,provenance.document_hash,b79df99148c47ae44b2a48ae8faa92f8a47764baf2307e390bff935489f0f829
P0,EVT-IMCA-1006,International Marine Contractors Association (IMCA),MISSING_SOURCE_ARTIFACT,Record derived from catalog metadata without packaged physical PDF/HTML artifact.,provenance.document_hash,aab0f4c1f0ef14a765e3059a5febeee4ee627606cdecc79835d809b04c7a7113
P0,EVT-IMCA-1007,International Marine Contractors Association (IMCA),MISSING_SOURCE_ARTIFACT,Record derived from catalog metadata without packaged physical PDF/HTML artifact.,provenance.document_hash,62b54270d6df7c510dc838200e498890fe5ee319aab79cda63c81b304710071c
P0,EVT-IMCA-1008,International Marine Contractors Association (IMCA),MISSING_SOURCE_ARTIFACT,Record derived from catalog metadata without packaged physical PDF/HTML artifact.,provenance.document_hash,99e22ac42447e14c9a4f0ddf8e26a47af95dbe0b29355fdc4bcd9076ac7f6204
P0,EVT-IMCA-1009,International Marine Contractors Association (IMCA),MISSING_SOURCE_ARTIFACT,Record derived from catalog metadata without packaged physical PDF/HTML artifact.,provenance.document_hash,a1bd07576cf2a41fc36acfd5c97bfa7294fb4595afb14e7c67ba5e93f54daffe
P0,EVT-IMCA-1010,International Marine Contractors Association (IMCA),MISSING_SOURCE_ARTIFACT,Record derived from catalog metadata without packaged physical PDF/HTML artifact.,provenance.document_hash,e4b5df136fcc80fdb94594b12f04825dfd2c47bed3ebe1d215d9929b30f409cb
P0,EVT-IMCA-1011,International Marine Contractors Association (IMCA),MISSING_SOURCE_ARTIFACT,Record derived from catalog metadata without packaged physical PDF/HTML artifact.,provenance.document_hash,6cc1b07748bc2f90db46c4fa3dadf311ec9bafb1df7b4f034cd6f0cacb3e8e6a
P0,EVT-IMCA-1012,International Marine Contractors Association (IMCA),MISSING_SOURCE_ARTIFACT,Record derived from catalog metadata without packaged physical PDF/HTML artifact.,provenance.document_hash,a3ccef9c2cb8b027734ee442c556e11be336682f44973698ce6ab930b00d5846
P0,EVT-IMCA-1013,International Marine Contractors Association (IMCA),MISSING_SOURCE_ARTIFACT,Record derived from catalog metadata without packaged physical PDF/HTML artifact.,provenance.document_hash,137fc04ec93b511805ab5dda5f28f702366e7002a57957b9e985f17fe653690d
P0,EVT-IMCA-1014,International Marine Contractors Association (IMCA),MISSING_SOURCE_ARTIFACT,Record derived from catalog metadata without packaged physical PDF/HTML artifact.,provenance.document_hash,cd5cdcaff5233776cd071a8b2991ce7192e56cbd0176064f2dc0848daa23a6fc
P0,EVT-IMCA-1015,International Marine Contractors Association (IMCA),MISSING_SOURCE_ARTIFACT,Record derived from catalog metadata without packaged physical PDF/HTML artifact.,provenance.document_hash,9802a63b827a6a51827d77423f2ec92cd55c171628c2a5276a486ad8365321f2
P0,EVT-IMCA-1016,International Marine Contractors Association (IMCA),MISSING_SOURCE_ARTIFACT,Record derived from catalog metadata without packaged physical PDF/HTML artifact.,provenance.document_hash,6b9600ef64a884cbbb7ca1b00e61338120801227901bbeda89c3fbe79d4e9ae6
P0,EVT-IMCA-1017,International Marine Contractors Association (IMCA),MISSING_SOURCE_ARTIFACT,Record derived from catalog metadata without packaged physical PDF/HTML artifact.,provenance.document_hash,371998ac65b15ebf3cec60718d3b89c965057832900d768cd045b518fa654466
P0,EVT-IMCA-1018,International Marine Contractors Association (IMCA),MISSING_SOURCE_ARTIFACT,Record derived from catalog metadata without packaged physical PDF/HTML artifact.,provenance.document_hash,a3c2e86f42b4aad88bdf475df574fcc2808fe5c2fbb3cafcc80be9531501dc30
P0,EVT-IMCA-1019,International Marine Contractors Association (IMCA),MISSING_SOURCE_ARTIFACT,Record derived from catalog metadata without packaged physical PDF/HTML artifact.,provenance.document_hash,18c4e708d5a5f614fb1fd16149423fddfabc199b8ee1efec4c4634e679f5c199
P0,EVT-IMCA-1020,International Marine Contractors Association (IMCA),MISSING_SOURCE_ARTIFACT,Record derived from catalog metadata without packaged physical PDF/HTML artifact.,provenance.document_hash,a89c664ecce4bfe5fcc9f3bab33ead7e216aa232fa256c12a95be622a7d77c9f
P0,EVT-IMCA-1021,International Marine Contractors Association (IMCA),MISSING_SOURCE_ARTIFACT,Record derived from catalog metadata without packaged physical PDF/HTML artifact.,provenance.document_hash,98871346420df01123bb9302a674aa95cb9c8540467ade0b9137199159e35ebc
P0,EVT-IMCA-1022,International Marine Contractors Association (IMCA),MISSING_SOURCE_ARTIFACT,Record derived from catalog metadata without packaged physical PDF/HTML artifact.,provenance.document_hash,d1da2c5ae97a8651973ac01011b1a2814b774f1dae66aaee7dab320dc2e19c93
P0,EVT-IMCA-1023,International Marine Contractors Association (IMCA),MISSING_SOURCE_ARTIFACT,Record derived from catalog metadata without packaged physical PDF/HTML artifact.,provenance.document_hash,e1c5548e97fc56a7e00be0b2908f87ac4795ba5a02a517284f182dc53c691364
P0,EVT-IMCA-1024,International Marine Contractors Association (IMCA),MISSING_SOURCE_ARTIFACT,Record derived from catalog metadata without packaged physical PDF/HTML artifact.,provenance.document_hash,56c26b58fc94359bb832b5edf373fe42558b5a3cbc59fa71ebd7c5ef0a260425
P0,EVT-IMCA-1025,International Marine Contractors Association (IMCA),MISSING_SOURCE_ARTIFACT,Record derived from catalog metadata without packaged physical PDF/HTML artifact.,provenance.document_hash,b7acb06f1d947c325f9d3d3c5373e99a9a7402338c9432de0c55f2e50971aab4
P0,EVT-IMCA-1026,International Marine Contractors Association (IMCA),MISSING_SOURCE_ARTIFACT,Record derived from catalog metadata without packaged physical PDF/HTML artifact.,provenance.document_hash,253d5235d3c211f6afdea2b65dfc3e5b088fde6f9395778ec4f1e4706e2faad7
P0,EVT-IMCA-1027,International Marine Contractors Association (IMCA),MISSING_SOURCE_ARTIFACT,Record derived from catalog metadata without packaged physical PDF/HTML artifact.,provenance.document_hash,25c68d445fb3f6e94172ffd27da65691bef50c7de49d6d0b4f2376c163ed837c
P0,EVT-IMCA-1028,International Marine Contractors Association (IMCA),MISSING_SOURCE_ARTIFACT,Record derived from catalog metadata without packaged physical PDF/HTML artifact.,provenance.document_hash,36dd48ea10a82d403bc47ee95b2043b386ff0adee825ab69793cc67c8c1804f7
P0,EVT-IMCA-1029,International Marine Contractors Association (IMCA),MISSING_SOURCE_ARTIFACT,Record derived from catalog metadata without packaged physical PDF/HTML artifact.,provenance.document_hash,ccfdf11c650191b8f50417254411e2c432c3a6e47a24e922e6b986547b9cc190
P0,EVT-IMCA-1030,International Marine Contractors Association (IMCA),MISSING_SOURCE_ARTIFACT,Record derived from catalog metadata without packaged physical PDF/HTML artifact.,provenance.document_hash,a9d3504ca173c0c0e87b0d95d9a95c1f5b0085cdde8f9174d3840d6586499d1e
P0,EVT-IMCA-1031,International Marine Contractors Association (IMCA),MISSING_SOURCE_ARTIFACT,Record derived from catalog metadata without packaged physical PDF/HTML artifact.,provenance.document_hash,8b9b7eeed228ad90054bd428f24980903399709589ccc53892c8dad75c8d9d50
P0,EVT-IMCA-1032,International Marine Contractors Association (IMCA),MISSING_SOURCE_ARTIFACT,Record derived from catalog metadata without packaged physical PDF/HTML artifact.,provenance.document_hash,7e6485bc487bca16befc5f8c4ce865a2a8734c3e93675a07d6a6257ce3b51c3c
P0,EVT-IMCA-1033,International Marine Contractors Association (IMCA),MISSING_SOURCE_ARTIFACT,Record derived from catalog metadata without packaged physical PDF/HTML artifact.,provenance.document_hash,768cb5d6cd1060978d32da0aee2f15f24dd4bd6657a2e578999039c268543353
P0,EVT-IMCA-1034,International Marine Contractors Association (IMCA),MISSING_SOURCE_ARTIFACT,Record derived from catalog metadata without packaged physical PDF/HTML artifact.,provenance.document_hash,e704384b35a350994b6f2719767c5a2aa030d05cfe4b6d6eef5c58e6728d02ad
P0,EVT-IMCA-1035,International Marine Contractors Association (IMCA),MISSING_SOURCE_ARTIFACT,Record derived from catalog metadata without packaged physical PDF/HTML artifact.,provenance.document_hash,00cb4aa18a5061f6a880aa130934f13fbaff4637d9ae8a900d67492f858ae63d
P0,EVT-IMCA-1036,International Marine Contractors Association (IMCA),MISSING_SOURCE_ARTIFACT,Record derived from catalog metadata without packaged physical PDF/HTML artifact.,provenance.document_hash,1169fcc1b71eb4af10a0be1ab301014144613e0eda3d38c1bbf6491bf22d0aa5
P0,EVT-IMCA-1037,International Marine Contractors Association (IMCA),MISSING_SOURCE_ARTIFACT,Record derived from catalog metadata without packaged physical PDF/HTML artifact.,provenance.document_hash,39c30fbe337a2149b9416d2303f92df332f528611d1f8985fdd1c26d42336d0d
P0,EVT-IMCA-1038,International Marine Contractors Association (IMCA),MISSING_SOURCE_ARTIFACT,Record derived from catalog metadata without packaged physical PDF/HTML artifact.,provenance.document_hash,c48b110cc412d136e03f91bfca82181a16101a196f086198e14b74d4309521d2
P0,EVT-IMCA-1039,International Marine Contractors Association (IMCA),MISSING_SOURCE_ARTIFACT,Record derived from catalog metadata without packaged physical PDF/HTML artifact.,provenance.document_hash,330c932e7c96f80437fbe8f0ec1e6d06634d42a4e38d46b9b1e67e72f6c9bd61
P0,EVT-IMCA-1040,International Marine Contractors Association (IMCA),MISSING_SOURCE_ARTIFACT,Record derived from catalog metadata without packaged physical PDF/HTML artifact.,provenance.document_hash,170d6b6866d8cd083cfe2a0ea3aff22774efd99833b42bd191a0daec653b1372
P0,EVT-IMCA-1041,International Marine Contractors Association (IMCA),MISSING_SOURCE_ARTIFACT,Record derived from catalog metadata without packaged physical PDF/HTML artifact.,provenance.document_hash,e2c59e5d3e20382395fc6c123388faf102b6ee74a22a6a19fed9021b81bf390d
P0,EVT-IMCA-1042,International Marine Contractors Association (IMCA),MISSING_SOURCE_ARTIFACT,Record derived from catalog metadata without packaged physical PDF/HTML artifact.,provenance.document_hash,09fc7c7882178b04c881d0a2f6665ee058920d66b405c6820b22ee468db4a4fd
P0,EVT-IMCA-1043,International Marine Contractors Association (IMCA),MISSING_SOURCE_ARTIFACT,Record derived from catalog metadata without packaged physical PDF/HTML artifact.,provenance.document_hash,ce6dd6a0272c5ca555efef5c11cbb753abbc6b9eb7d61ee72770c2ff86f79257
P0,EVT-IMCA-1044,International Marine Contractors Association (IMCA),MISSING_SOURCE_ARTIFACT,Record derived from catalog metadata without packaged physical PDF/HTML artifact.,provenance.document_hash,18b1ad956a7f2dd4cafe020d48ab7c54d4d87927b10d4907d5e7601dc433ca73
P0,EVT-IMCA-1045,International Marine Contractors Association (IMCA),MISSING_SOURCE_ARTIFACT,Record derived from catalog metadata without packaged physical PDF/HTML artifact.,provenance.document_hash,3a67865eaa00ff26b546191fae30a6cc0604754cedddba43d02e79d40bbc99bb
P0,EVT-IMCA-1046,International Marine Contractors Association (IMCA),MISSING_SOURCE_ARTIFACT,Record derived from catalog metadata without packaged physical PDF/HTML artifact.,provenance.document_hash,ce0ea5c440030935f24a67f55fd5cad1dfc354fd1be9286f4cba9c82fc7646c0
P0,EVT-IMCA-1047,International Marine Contractors Association (IMCA),MISSING_SOURCE_ARTIFACT,Record derived from catalog metadata without packaged physical PDF/HTML artifact.,provenance.document_hash,d614eaf68ce5f8e4c99d3dd53928c7534ea42037b647dcdecf5ca52b3a35bbd6
P0,EVT-IMCA-1048,International Marine Contractors Association (IMCA),MISSING_SOURCE_ARTIFACT,Record derived from catalog metadata without packaged physical PDF/HTML artifact.,provenance.document_hash,60c7d75b115ac6bacf748f2d420df17338432662498eb8da81c94460f68c2bb5
P0,EVT-IMCA-1049,International Marine Contractors Association (IMCA),MISSING_SOURCE_ARTIFACT,Record derived from catalog metadata without packaged physical PDF/HTML artifact.,provenance.document_hash,7488e7cb5ac1627ad493668fe9a1a9c0b946dbbd884b50737101fb0ecc8959fc
P0,EVT-IMCA-1050,International Marine Contractors Association (IMCA),MISSING_SOURCE_ARTIFACT,Record derived from catalog metadata without packaged physical PDF/HTML artifact.,provenance.document_hash,ece5bdb0e524305c12c70dc759dcb825c7366b938d7fd772f4b74e8018039ebd
P0,EVT-IMCA-1051,International Marine Contractors Association (IMCA),MISSING_SOURCE_ARTIFACT,Record derived from catalog metadata without packaged physical PDF/HTML artifact.,provenance.document_hash,5fa02142adde01842513633aa8eb8c3c21127df27113878f2f5183fb0629835b
P0,EVT-IMCA-1052,International Marine Contractors Association (IMCA),MISSING_SOURCE_ARTIFACT,Record derived from catalog metadata without packaged physical PDF/HTML artifact.,provenance.document_hash,695e88d9e1860e29e95e2db4dda6df46f2840dc514454b646090634fbd829177
P0,EVT-IMCA-1053,International Marine Contractors Association (IMCA),MISSING_SOURCE_ARTIFACT,Record derived from catalog metadata without packaged physical PDF/HTML artifact.,provenance.document_hash,032e25ed521c977fe4b0bea194b1189ce3b29554a91ab7ed815a7df3dba15a5a
P0,EVT-IMCA-1054,International Marine Contractors Association (IMCA),MISSING_SOURCE_ARTIFACT,Record derived from catalog metadata without packaged physical PDF/HTML artifact.,provenance.document_hash,74a31208d576cb2c267abf4064a645382b78d94760ff8241283186ebee0a3de7
P0,EVT-IMCA-1055,International Marine Contractors Association (IMCA),MISSING_SOURCE_ARTIFACT,Record derived from catalog metadata without packaged physical PDF/HTML artifact.,provenance.document_hash,331d4e215bc5071cc1e24da00f084cd16a51866a750a2f5e348ed0853476c15b
P0,EVT-IMCA-1056,International Marine Contractors Association (IMCA),MISSING_SOURCE_ARTIFACT,Record derived from catalog metadata without packaged physical PDF/HTML artifact.,provenance.document_hash,18d360f39dd6acbbcae728cf872f197bc3af98c1d8b52ecef26c01ab51b2d60e
P0,EVT-IMCA-1057,International Marine Contractors Association (IMCA),MISSING_SOURCE_ARTIFACT,Record derived from catalog metadata without packaged physical PDF/HTML artifact.,provenance.document_hash,3ddd94ab605bf524dd380262e1bab00fd3ed467edfd39b8835e531a32de04c6a
P0,EVT-IMCA-1058,International Marine Contractors Association (IMCA),MISSING_SOURCE_ARTIFACT,Record derived from catalog metadata without packaged physical PDF/HTML artifact.,provenance.document_hash,12a752ebb2a5069c48b08c895c54afece7343a62a01273f00542606dcc847af6
P0,EVT-IMCA-1059,International Marine Contractors Association (IMCA),MISSING_SOURCE_ARTIFACT,Record derived from catalog metadata without packaged physical PDF/HTML artifact.,provenance.document_hash,4a73289450438567ceb57757f0c94c6b6021540d074dd9e7d6092d9572cf8c63
P0,EVT-IMCA-1060,International Marine Contractors Association (IMCA),MISSING_SOURCE_ARTIFACT,Record derived from catalog metadata without packaged physical PDF/HTML artifact.,provenance.document_hash,e02e2d24700a7427e66afaaec4011a3720fdd40cf736c1bb9110c111a03c9e37
P0,EVT-IMCA-1061,International Marine Contractors Association (IMCA),MISSING_SOURCE_ARTIFACT,Record derived from catalog metadata without packaged physical PDF/HTML artifact.,provenance.document_hash,e1547403c46756844e17e70c3c8372b3ec270d46c88691cc6d598e42ed442bb6
P0,EVT-IMCA-1062,International Marine Contractors Association (IMCA),MISSING_SOURCE_ARTIFACT,Record derived from catalog metadata without packaged physical PDF/HTML artifact.,provenance.document_hash,f6166870e9935928717c54dfb631311c0ae9811127aa6ec146dabeb49142fe8f
P0,EVT-IMCA-1063,International Marine Contractors Association (IMCA),MISSING_SOURCE_ARTIFACT,Record derived from catalog metadata without packaged physical PDF/HTML artifact.,provenance.document_hash,e0f77ff4c9beced281a8dcb0a33c6b9adddb7074bc64ea848b7b207fedad00ba
P0,EVT-IMCA-1064,International Marine Contractors Association (IMCA),MISSING_SOURCE_ARTIFACT,Record derived from catalog metadata without packaged physical PDF/HTML artifact.,provenance.document_hash,84d12ad1fddc2b35d0878aff05790a9669652d8fec59cb71ae41d54442d34803
P0,EVT-IMCA-1065,International Marine Contractors Association (IMCA),MISSING_SOURCE_ARTIFACT,Record derived from catalog metadata without packaged physical PDF/HTML artifact.,provenance.document_hash,c0423a72a330522242b29befdb4ea262996db95fb26630a15cd007285e6d2897
P0,EVT-IMCA-1066,International Marine Contractors Association (IMCA),MISSING_SOURCE_ARTIFACT,Record derived from catalog metadata without packaged physical PDF/HTML artifact.,provenance.document_hash,e9ddfa5e5246ac5501b589b31299a1926e5aca2f63bc6be0eeb68ba1a09504d1
P0,EVT-IMCA-1067,International Marine Contractors Association (IMCA),MISSING_SOURCE_ARTIFACT,Record derived from catalog metadata without packaged physical PDF/HTML artifact.,provenance.document_hash,9ff15df98fa71dcba11339e208d681c33adb29065eaf835a35376ba5a2c836f8
P0,EVT-IMCA-1068,International Marine Contractors Association (IMCA),MISSING_SOURCE_ARTIFACT,Record derived from catalog metadata without packaged physical PDF/HTML artifact.,provenance.document_hash,ab9c00ad07c9398e4b345587a0ae0d5f1494fa7ce792cd41baf1158c7dff5b38
P0,EVT-IMCA-1069,International Marine Contractors Association (IMCA),MISSING_SOURCE_ARTIFACT,Record derived from catalog metadata without packaged physical PDF/HTML artifact.,provenance.document_hash,6f4ae323c848925a57e39761fffbf7a696a8633b7b598267716f0cfb8ad9cfba
P0,EVT-IMCA-1070,International Marine Contractors Association (IMCA),MISSING_SOURCE_ARTIFACT,Record derived from catalog metadata without packaged physical PDF/HTML artifact.,provenance.document_hash,9bebbe389137a82d3c8b0e64a1ce1996b617e378fe428f9e7620dda611aba1ef
P0,EVT-IMCA-1071,International Marine Contractors Association (IMCA),MISSING_SOURCE_ARTIFACT,Record derived from catalog metadata without packaged physical PDF/HTML artifact.,provenance.document_hash,b77b41cd46ac22c63f59803c6c68a9d6a4ba55fe3813f409a0135fe5da5b2d65
P0,EVT-IMCA-1072,International Marine Contractors Association (IMCA),MISSING_SOURCE_ARTIFACT,Record derived from catalog metadata without packaged physical PDF/HTML artifact.,provenance.document_hash,1fcb19445dd3a1a008f15a80ee2e74d74eacd9e7a84e316d834b73cac8259bb0
P0,EVT-IMCA-1073,International Marine Contractors Association (IMCA),MISSING_SOURCE_ARTIFACT,Record derived from catalog metadata without packaged physical PDF/HTML artifact.,provenance.document_hash,d610dddfb03ca457b23d8a1b6b5b5af8c183cf1237d5324dbe6e447d3fd9a810
P0,EVT-IMCA-1074,International Marine Contractors Association (IMCA),MISSING_SOURCE_ARTIFACT,Record derived from catalog metadata without packaged physical PDF/HTML artifact.,provenance.document_hash,1303fea35db28923f37d02390e23e7559754d1ff12d7b0f2df9479d0a037390d
P0,EVT-IMCA-1075,International Marine Contractors Association (IMCA),MISSING_SOURCE_ARTIFACT,Record derived from catalog metadata without packaged physical PDF/HTML artifact.,provenance.document_hash,c21c693b42d8e0dfda868a69587a8ddefaf3e7613e6e24017c5c080f21205c42
P0,EVT-IMCA-1076,International Marine Contractors Association (IMCA),MISSING_SOURCE_ARTIFACT,Record derived from catalog metadata without packaged physical PDF/HTML artifact.,provenance.document_hash,eba8ed6e8977a49942a78afb8031da90c76da873f8148ca21e7f53ee4ba1c68d
P0,EVT-IMCA-1077,International Marine Contractors Association (IMCA),MISSING_SOURCE_ARTIFACT,Record derived from catalog metadata without packaged physical PDF/HTML artifact.,provenance.document_hash,084030dccbd927fe04c40de57a36aa30c26b32ced25b6716ac7db6946fd974d1
P0,EVT-IMCA-1078,International Marine Contractors Association (IMCA),MISSING_SOURCE_ARTIFACT,Record derived from catalog metadata without packaged physical PDF/HTML artifact.,provenance.document_hash,97feb799e61853b72153e823f5aa6d73348def39d62e378da4793e1d7ecf5fbf
P0,EVT-IMCA-1079,International Marine Contractors Association (IMCA),MISSING_SOURCE_ARTIFACT,Record derived from catalog metadata without packaged physical PDF/HTML artifact.,provenance.document_hash,3fdd4de3098140bb72167385c79569f54b26aa086bf7b40f4ed7ea49ba5c77fe
P0,EVT-IMCA-1080,International Marine Contractors Association (IMCA),MISSING_SOURCE_ARTIFACT,Record derived from catalog metadata without packaged physical PDF/HTML artifact.,provenance.document_hash,bcbe208d5e09545ebc43d0c3027f7097570a91c331a9eb28e29c044668dbec15
P0,EVT-IMCA-1081,International Marine Contractors Association (IMCA),MISSING_SOURCE_ARTIFACT,Record derived from catalog metadata without packaged physical PDF/HTML artifact.,provenance.document_hash,e75d2c014314e07073691ed7f0bafb9203fb2aebf71e5af9931b6df376b10f89
P0,EVT-IMCA-1082,International Marine Contractors Association (IMCA),MISSING_SOURCE_ARTIFACT,Record derived from catalog metadata without packaged physical PDF/HTML artifact.,provenance.document_hash,95a94f5bcee434afe71a2ef81c87b7300e468b2077c8ce9335091738add8ae25
P0,EVT-IMCA-1083,International Marine Contractors Association (IMCA),MISSING_SOURCE_ARTIFACT,Record derived from catalog metadata without packaged physical PDF/HTML artifact.,provenance.document_hash,89644cea7949a818db76b8a9d5ccdbf675b47abbc59a802b2f4e3ec51b35a24c
P0,EVT-IMCA-1084,International Marine Contractors Association (IMCA),MISSING_SOURCE_ARTIFACT,Record derived from catalog metadata without packaged physical PDF/HTML artifact.,provenance.document_hash,dbe8c1ffd68618dd824a2fa06cf15af05f9e2c90b6562f8c07cb6fe1b0356764
P0,EVT-IMCA-1085,International Marine Contractors Association (IMCA),MISSING_SOURCE_ARTIFACT,Record derived from catalog metadata without packaged physical PDF/HTML artifact.,provenance.document_hash,74d71b07ec772632ef6c42e0ebf2770653241533b34cbf97cdf241f9583b7ea7
P0,EVT-IMCA-1086,International Marine Contractors Association (IMCA),MISSING_SOURCE_ARTIFACT,Record derived from catalog metadata without packaged physical PDF/HTML artifact.,provenance.document_hash,64b7b10f45a03a47b51f5349239c536393a73c2f0995809cf89b1af2be063284
P0,EVT-IMCA-1087,International Marine Contractors Association (IMCA),MISSING_SOURCE_ARTIFACT,Record derived from catalog metadata without packaged physical PDF/HTML artifact.,provenance.document_hash,eb73060b9d51ec4e1e95030780b6ac64c8f183f5db064056b18388485c9143de
P0,EVT-IMCA-1088,International Marine Contractors Association (IMCA),MISSING_SOURCE_ARTIFACT,Record derived from catalog metadata without packaged physical PDF/HTML artifact.,provenance.document_hash,974a6b0549408fe90c0ba20691256af1ff76a3a5e7f444d035df1e51101af5e7
P0,EVT-IMCA-1089,International Marine Contractors Association (IMCA),MISSING_SOURCE_ARTIFACT,Record derived from catalog metadata without packaged physical PDF/HTML artifact.,provenance.document_hash,7b5325f9077157e4283cec2a86d2d0f60902bd27f847a654f53134e98dec6d64
P0,EVT-IMCA-1090,International Marine Contractors Association (IMCA),MISSING_SOURCE_ARTIFACT,Record derived from catalog metadata without packaged physical PDF/HTML artifact.,provenance.document_hash,e143ba5666615248db5bc6507e8b7408c2f2d295a43f58f8fd9d4372e6411077
P0,EVT-IMCA-1091,International Marine Contractors Association (IMCA),MISSING_SOURCE_ARTIFACT,Record derived from catalog metadata without packaged physical PDF/HTML artifact.,provenance.document_hash,ce3829367c589006f3647e92af851ca908f9e28dc2d168f6f06a597bdf9a04b3
P0,EVT-IMCA-1092,International Marine Contractors Association (IMCA),MISSING_SOURCE_ARTIFACT,Record derived from catalog metadata without packaged physical PDF/HTML artifact.,provenance.document_hash,c904f0d63f7e65f8f676f6927bcc0a4b0b82fe319310733821726af840a660fc
P0,EVT-IMCA-1093,International Marine Contractors Association (IMCA),MISSING_SOURCE_ARTIFACT,Record derived from catalog metadata without packaged physical PDF/HTML artifact.,provenance.document_hash,2d5f5c7f9c8d9b5310170a5a9e033d6c3f16a7df092d2b9fdc42c65cc1691636
P0,EVT-IMCA-1094,International Marine Contractors Association (IMCA),MISSING_SOURCE_ARTIFACT,Record derived from catalog metadata without packaged physical PDF/HTML artifact.,provenance.document_hash,905722871d33e7b5a956f4ac9ecbf23f15cd44e86c423b8fa168896b9317e23d
P0,EVT-IMCA-1095,International Marine Contractors Association (IMCA),MISSING_SOURCE_ARTIFACT,Record derived from catalog metadata without packaged physical PDF/HTML artifact.,provenance.document_hash,3b242c273589d63d6a975fa1da4bffed830bcd892b4af972d8962df591078492
P0,EVT-IMCA-1096,International Marine Contractors Association (IMCA),MISSING_SOURCE_ARTIFACT,Record derived from catalog metadata without packaged physical PDF/HTML artifact.,provenance.document_hash,27fa2136353ffcbcc015cb27e4f631dcad18edd9feffa4bebbd1166e7bb0d81a
P0,EVT-IMCA-1097,International Marine Contractors Association (IMCA),MISSING_SOURCE_ARTIFACT,Record derived from catalog metadata without packaged physical PDF/HTML artifact.,provenance.document_hash,1720e162b90aef8100430e937f7cf782058a8ae54b65f8b9126e57b6e1bcc245
P0,EVT-IMCA-1098,International Marine Contractors Association (IMCA),MISSING_SOURCE_ARTIFACT,Record derived from catalog metadata without packaged physical PDF/HTML artifact.,provenance.document_hash,b17146c8d21e49bab24b831534f9459fa2f3c3f219317bb59a2027e646d5f9cb
P0,EVT-IMCA-1099,International Marine Contractors Association (IMCA),MISSING_SOURCE_ARTIFACT,Record derived from catalog metadata without packaged physical PDF/HTML artifact.,provenance.document_hash,ae550461d911d20a665937dae4726e9d76d53625721244a756140a9c837e52f2
P0,EVT-IMCA-1100,International Marine Contractors Association (IMCA),MISSING_SOURCE_ARTIFACT,Record derived from catalog metadata without packaged physical PDF/HTML artifact.,provenance.document_hash,865bce748eac5e57b664e185f3f1b8f40e2d3a709e60c259681946bc2de30515
P0,EVT-IMCA-1101,International Marine Contractors Association (IMCA),MISSING_SOURCE_ARTIFACT,Record derived from catalog metadata without packaged physical PDF/HTML artifact.,provenance.document_hash,76627d75fb93057ab6fdf16d5045fca46f282e4680a07b9243d43c9e665a1dfe
P0,EVT-IMCA-1102,International Marine Contractors Association (IMCA),MISSING_SOURCE_ARTIFACT,Record derived from catalog metadata without packaged physical PDF/HTML artifact.,provenance.document_hash,3298b888287514bfecb1a5d758fdff748ea94948d6e2106a42be3112c08b04ec
P0,EVT-IMCA-1103,International Marine Contractors Association (IMCA),MISSING_SOURCE_ARTIFACT,Record derived from catalog metadata without packaged physical PDF/HTML artifact.,provenance.document_hash,f13cbc8df3e9176bf00b68f9bb6bb3a460365f518b17c8d73a6003d2b4985c08
P0,EVT-IMCA-1104,International Marine Contractors Association (IMCA),MISSING_SOURCE_ARTIFACT,Record derived from catalog metadata without packaged physical PDF/HTML artifact.,provenance.document_hash,34ca5391095d3a3fae2b62b368a740fd0040f243e9c137dcbe23396ad702f231
P0,EVT-IMCA-1105,International Marine Contractors Association (IMCA),MISSING_SOURCE_ARTIFACT,Record derived from catalog metadata without packaged physical PDF/HTML artifact.,provenance.document_hash,85fde1352bdbe6a1edfbbcdea58333f3e9ad6e4d92928daa849aa5920088d9da
P0,EVT-IMCA-1106,International Marine Contractors Association (IMCA),MISSING_SOURCE_ARTIFACT,Record derived from catalog metadata without packaged physical PDF/HTML artifact.,provenance.document_hash,84e6231fb102abd05829cef5e9f7cbd7f69ea5247ef01e0c6bb80be2f7a4dbd7
P0,EVT-IMCA-1107,International Marine Contractors Association (IMCA),MISSING_SOURCE_ARTIFACT,Record derived from catalog metadata without packaged physical PDF/HTML artifact.,provenance.document_hash,61d964a53ec5abcd43eda23ab49afece9165f0889950bc2d851da9277c88e941
P0,EVT-IMCA-1108,International Marine Contractors Association (IMCA),MISSING_SOURCE_ARTIFACT,Record derived from catalog metadata without packaged physical PDF/HTML artifact.,provenance.document_hash,59edb683817dd54533e483279f420ad804a39a590e0c28d976d8122fd375848b
P0,EVT-IMCA-1109,International Marine Contractors Association (IMCA),MISSING_SOURCE_ARTIFACT,Record derived from catalog metadata without packaged physical PDF/HTML artifact.,provenance.document_hash,953fe4b482f78015cd8f693d5ed662f599879ef07edd2b8c155ab0233f82971b
P0,EVT-IMCA-1110,International Marine Contractors Association (IMCA),MISSING_SOURCE_ARTIFACT,Record derived from catalog metadata without packaged physical PDF/HTML artifact.,provenance.document_hash,68d215e00851794216d75ac0796b68bbaa76318dfef1342263f27d5218e112b4
P0,EVT-IMCA-1111,International Marine Contractors Association (IMCA),MISSING_SOURCE_ARTIFACT,Record derived from catalog metadata without packaged physical PDF/HTML artifact.,provenance.document_hash,402767406f7cff9167ef6358affb0af9132b28c5179b38ad01e5ad82fe65491f
P0,EVT-IMCA-1112,International Marine Contractors Association (IMCA),MISSING_SOURCE_ARTIFACT,Record derived from catalog metadata without packaged physical PDF/HTML artifact.,provenance.document_hash,61725822a3addec109557c9d56352c72bb73e0fd9eecf08b55d6ce1464f7cde1
P0,EVT-IMCA-1113,International Marine Contractors Association (IMCA),MISSING_SOURCE_ARTIFACT,Record derived from catalog metadata without packaged physical PDF/HTML artifact.,provenance.document_hash,9c08fd46dd2083eca5b445452a273bffd042a44587bedca0f4c4036cd5cb1544
P0,EVT-IMCA-1114,International Marine Contractors Association (IMCA),MISSING_SOURCE_ARTIFACT,Record derived from catalog metadata without packaged physical PDF/HTML artifact.,provenance.document_hash,719debef3c17630fa1da307610cf3150179c9c577567a428fb7e9933589c2f21
P0,EVT-IMCA-1115,International Marine Contractors Association (IMCA),MISSING_SOURCE_ARTIFACT,Record derived from catalog metadata without packaged physical PDF/HTML artifact.,provenance.document_hash,c63ae1e0c4a13ad1d4870439c1e3636f9ad204fb6ab1ef0608b6be4b4e29f310
P0,EVT-IMCA-1116,International Marine Contractors Association (IMCA),MISSING_SOURCE_ARTIFACT,Record derived from catalog metadata without packaged physical PDF/HTML artifact.,provenance.document_hash,055a15d0215be666002bc19d78773c099cdfa15669e426cbea9614646dd8a4d0
P0,EVT-IMCA-1117,International Marine Contractors Association (IMCA),MISSING_SOURCE_ARTIFACT,Record derived from catalog metadata without packaged physical PDF/HTML artifact.,provenance.document_hash,97857eff401a5880c9a196bfd308c69d7083c99976ff9efdbd30b98f38dd2319
P0,EVT-IMCA-1118,International Marine Contractors Association (IMCA),MISSING_SOURCE_ARTIFACT,Record derived from catalog metadata without packaged physical PDF/HTML artifact.,provenance.document_hash,bb65255ec3c226c277d86d98cbc708504b320c491a8a877368a35757303294ed
P0,EVT-IMCA-1119,International Marine Contractors Association (IMCA),MISSING_SOURCE_ARTIFACT,Record derived from catalog metadata without packaged physical PDF/HTML artifact.,provenance.document_hash,2214ef1907ecd9daead9440347bdbc6efb1a8566d4664f74ba3d81199bd2ae76
P0,EVT-IMCA-1120,International Marine Contractors Association (IMCA),MISSING_SOURCE_ARTIFACT,Record derived from catalog metadata without packaged physical PDF/HTML artifact.,provenance.document_hash,265037a0b83353953f9fe9c6b0226a80fc37746d2d5c5d518580f0be8c78cf32
P0,EVT-IMCA-1121,International Marine Contractors Association (IMCA),MISSING_SOURCE_ARTIFACT,Record derived from catalog metadata without packaged physical PDF/HTML artifact.,provenance.document_hash,372aefe4c1d26ae79be6cdbb9a68e0e6934764d3641a999fcbf08979dce176ad
P0,EVT-IMCA-1122,International Marine Contractors Association (IMCA),MISSING_SOURCE_ARTIFACT,Record derived from catalog metadata without packaged physical PDF/HTML artifact.,provenance.document_hash,b8bfb01b8df6ec137b033d6c86c3f0e4d42fcb79129e0bb06ea3ad5060728dc1
P0,EVT-IMCA-1123,International Marine Contractors Association (IMCA),MISSING_SOURCE_ARTIFACT,Record derived from catalog metadata without packaged physical PDF/HTML artifact.,provenance.document_hash,5856643da2c4071c3e8dc975ce3a5acdaa5e0dd3c77d57ad14c12bd41df23870
P0,EVT-IMCA-1124,International Marine Contractors Association (IMCA),MISSING_SOURCE_ARTIFACT,Record derived from catalog metadata without packaged physical PDF/HTML artifact.,provenance.document_hash,c41dd515d11015a0d4cbf5f9cc21603be2dd2e55ba152f634d0a254bb106f297
P0,EVT-IMCA-1125,International Marine Contractors Association (IMCA),MISSING_SOURCE_ARTIFACT,Record derived from catalog metadata without packaged physical PDF/HTML artifact.,provenance.document_hash,8fc23833d4fa33d0f437fe2a47e288027727152b72a2f69d75c1cdf1a4b077a9
P0,EVT-IMCA-1126,International Marine Contractors Association (IMCA),MISSING_SOURCE_ARTIFACT,Record derived from catalog metadata without packaged physical PDF/HTML artifact.,provenance.document_hash,0685627eaebd1c3af516f2568786fed8b153cc85b86a8bc19c7028cc2b8cd610
P0,EVT-IMCA-1127,International Marine Contractors Association (IMCA),MISSING_SOURCE_ARTIFACT,Record derived from catalog metadata without packaged physical PDF/HTML artifact.,provenance.document_hash,9b034a8dd30d1b41302251cf7228cd409753445b8fec097599efb6dc1f3a707f
P0,EVT-IMCA-1128,International Marine Contractors Association (IMCA),MISSING_SOURCE_ARTIFACT,Record derived from catalog metadata without packaged physical PDF/HTML artifact.,provenance.document_hash,7f6cc8b049cead5cffffa72759b65d0313410e70ee57d18d01028ae4e5ed86aa
P0,EVT-IMCA-1129,International Marine Contractors Association (IMCA),MISSING_SOURCE_ARTIFACT,Record derived from catalog metadata without packaged physical PDF/HTML artifact.,provenance.document_hash,9d9e1ac86f0ed4e23a866aa0a59974ad34de4844e603e9aace04fceb0a19cfca
P0,EVT-IMCA-1130,International Marine Contractors Association (IMCA),MISSING_SOURCE_ARTIFACT,Record derived from catalog metadata without packaged physical PDF/HTML artifact.,provenance.document_hash,b4ca9f0100ab641cc93b293e5d3241d2f6c26052f2767b5a64871f0ef2c43a29
P0,EVT-IMCA-1131,International Marine Contractors Association (IMCA),MISSING_SOURCE_ARTIFACT,Record derived from catalog metadata without packaged physical PDF/HTML artifact.,provenance.document_hash,068a068ad5b31c549581323ea1080a2fd09602cb0024b11a2eb679653b214f18
P0,EVT-IMCA-1132,International Marine Contractors Association (IMCA),MISSING_SOURCE_ARTIFACT,Record derived from catalog metadata without packaged physical PDF/HTML artifact.,provenance.document_hash,b877d24c441717b5b63828a6a5c480f1927dac2e390baa48a8dbfd3e4b55c254
P0,EVT-IMCA-1133,International Marine Contractors Association (IMCA),MISSING_SOURCE_ARTIFACT,Record derived from catalog metadata without packaged physical PDF/HTML artifact.,provenance.document_hash,90184e3d2899d5392b34e87d8be3c346b98340c34c4bcd1700dd2ec88b572fd6
P0,EVT-IMCA-1134,International Marine Contractors Association (IMCA),MISSING_SOURCE_ARTIFACT,Record derived from catalog metadata without packaged physical PDF/HTML artifact.,provenance.document_hash,fc2c87645dca37cc1b922b43e17784ca740c1bb849a7fcb6c78b273bfb5ca828
P0,EVT-IMCA-1135,International Marine Contractors Association (IMCA),MISSING_SOURCE_ARTIFACT,Record derived from catalog metadata without packaged physical PDF/HTML artifact.,provenance.document_hash,b0e24f3393a55aafaf4692c8fd7b8cdef4ca542a3d09b5f7e919dc8c8605aeef
P0,EVT-IMCA-1136,International Marine Contractors Association (IMCA),MISSING_SOURCE_ARTIFACT,Record derived from catalog metadata without packaged physical PDF/HTML artifact.,provenance.document_hash,3710317e8346ff5b8b3f5aaa7d9edf2fd9ee4f12f2a5040bd7deb4842f5a3559
P0,EVT-IMCA-1137,International Marine Contractors Association (IMCA),MISSING_SOURCE_ARTIFACT,Record derived from catalog metadata without packaged physical PDF/HTML artifact.,provenance.document_hash,660ae3509e0361032939b4a12f39f37af20ba64afcca9c1b5c2bb032d22c486a
P0,EVT-IMCA-1138,International Marine Contractors Association (IMCA),MISSING_SOURCE_ARTIFACT,Record derived from catalog metadata without packaged physical PDF/HTML artifact.,provenance.document_hash,3895121aa7a1529340eb3cf334054cfbba5b13026a70257617cad62fe12bbd99
P0,EVT-IMCA-1139,International Marine Contractors Association (IMCA),MISSING_SOURCE_ARTIFACT,Record derived from catalog metadata without packaged physical PDF/HTML artifact.,provenance.document_hash,7de39a7e4898b95158ae5933f8ea2e0cca88dbcac76d9fcbf0775f6d1aba0609
P0,EVT-IMCA-1140,International Marine Contractors Association (IMCA),MISSING_SOURCE_ARTIFACT,Record derived from catalog metadata without packaged physical PDF/HTML artifact.,provenance.document_hash,556297690a538102a1a5bb74a5cf7f036f3d8a7e2acc706c6fda4d6cd700539f
P0,EVT-IMCA-1141,International Marine Contractors Association (IMCA),MISSING_SOURCE_ARTIFACT,Record derived from catalog metadata without packaged physical PDF/HTML artifact.,provenance.document_hash,800d1e6fc925c1945349ab5b950994d76044fc2e09f5722288d63bbf89031e2e
P0,EVT-IMCA-1142,International Marine Contractors Association (IMCA),MISSING_SOURCE_ARTIFACT,Record derived from catalog metadata without packaged physical PDF/HTML artifact.,provenance.document_hash,65ede51611c9356f8e6169f41ab28f97318153a534497042c03fe0171be4f36f
P0,EVT-IMCA-1143,International Marine Contractors Association (IMCA),MISSING_SOURCE_ARTIFACT,Record derived from catalog metadata without packaged physical PDF/HTML artifact.,provenance.document_hash,33af7fe78303fb357b18af37c00112ba10cdf9451a4439e51b4027b769a31ddb
P0,EVT-IMCA-1144,International Marine Contractors Association (IMCA),MISSING_SOURCE_ARTIFACT,Record derived from catalog metadata without packaged physical PDF/HTML artifact.,provenance.document_hash,867352ae0f091a2c80be6b4adfb8f673078f0263fd0c9ab0f23015fc985b44ec
P0,EVT-IMCA-1145,International Marine Contractors Association (IMCA),MISSING_SOURCE_ARTIFACT,Record derived from catalog metadata without packaged physical PDF/HTML artifact.,provenance.document_hash,3c5fe3e267274ff1b281fcc6ab71fa827695295d1e1e713890c99b2a00b48889
P0,EVT-IMCA-1146,International Marine Contractors Association (IMCA),MISSING_SOURCE_ARTIFACT,Record derived from catalog metadata without packaged physical PDF/HTML artifact.,provenance.document_hash,b136f9367ab18a552256dc4ada2ae7c544f7a1001990d1eb0cc316d52109bffa
P0,EVT-IMCA-1147,International Marine Contractors Association (IMCA),MISSING_SOURCE_ARTIFACT,Record derived from catalog metadata without packaged physical PDF/HTML artifact.,provenance.document_hash,f329d47b87b016639f66159e45f91ad3344074a4cf4613b739508fb42c831ceb
P0,EVT-IMCA-1148,International Marine Contractors Association (IMCA),MISSING_SOURCE_ARTIFACT,Record derived from catalog metadata without packaged physical PDF/HTML artifact.,provenance.document_hash,85c11165e1a7cbfadecb87be6e682723186be5c632e224ee3ec76cc228590119
P0,EVT-IMCA-1149,International Marine Contractors Association (IMCA),MISSING_SOURCE_ARTIFACT,Record derived from catalog metadata without packaged physical PDF/HTML artifact.,provenance.document_hash,99f9a02402e2a047b68a0e5c9aa416963d5ed23ec26068a04dd0251ba0302cb0
P0,EVT-IMCA-1150,International Marine Contractors Association (IMCA),MISSING_SOURCE_ARTIFACT,Record derived from catalog metadata without packaged physical PDF/HTML artifact.,provenance.document_hash,979375710affd5258bbc63adc0b5aa02199fd54f5393015bcb8f4750e2f9d29d
P0,EVT-IMCA-1151,International Marine Contractors Association (IMCA),MISSING_SOURCE_ARTIFACT,Record derived from catalog metadata without packaged physical PDF/HTML artifact.,provenance.document_hash,626250af260138d5471f99749b813ee3493885646857e7c18fe4f2157665b689
P0,EVT-IMCA-1152,International Marine Contractors Association (IMCA),MISSING_SOURCE_ARTIFACT,Record derived from catalog metadata without packaged physical PDF/HTML artifact.,provenance.document_hash,2b5f6c41852b73666d45365e9377a210a1efad66b06ce5b92b830ceb11e580df
P0,EVT-IMCA-1153,International Marine Contractors Association (IMCA),MISSING_SOURCE_ARTIFACT,Record derived from catalog metadata without packaged physical PDF/HTML artifact.,provenance.document_hash,e7feacd9d8c52a2575d5a56c0eb98ad61ad1f44016b03dba9cb2940872da2688
P0,EVT-IMCA-1154,International Marine Contractors Association (IMCA),MISSING_SOURCE_ARTIFACT,Record derived from catalog metadata without packaged physical PDF/HTML artifact.,provenance.document_hash,fd1ce47c602c4fe0527c5f3255741fd51a07f425aca1d071b6fd8b7cb9f6e456
P0,EVT-IMCA-1155,International Marine Contractors Association (IMCA),MISSING_SOURCE_ARTIFACT,Record derived from catalog metadata without packaged physical PDF/HTML artifact.,provenance.document_hash,7ea45935a63b3cf0a65977d697406933cf9489863ea6d8d13e60e1b060bf28f2
P0,EVT-IMCA-1156,International Marine Contractors Association (IMCA),MISSING_SOURCE_ARTIFACT,Record derived from catalog metadata without packaged physical PDF/HTML artifact.,provenance.document_hash,84cae361e62a4ba55bb980ef4e5a666ab3620992dd3daa839d3d4479618be0fb
P0,EVT-IMCA-1157,International Marine Contractors Association (IMCA),MISSING_SOURCE_ARTIFACT,Record derived from catalog metadata without packaged physical PDF/HTML artifact.,provenance.document_hash,6f4df4a2a5460cf5cd205876c10ca08a5a66912e30b787192941cea55c0171ef
P0,EVT-IMCA-1158,International Marine Contractors Association (IMCA),MISSING_SOURCE_ARTIFACT,Record derived from catalog metadata without packaged physical PDF/HTML artifact.,provenance.document_hash,192a482d78dcc95aaaca87ff7b6f6f993483d15eca8f5ca224d6cbf9256ffc36
P0,EVT-IMCA-1159,International Marine Contractors Association (IMCA),MISSING_SOURCE_ARTIFACT,Record derived from catalog metadata without packaged physical PDF/HTML artifact.,provenance.document_hash,3501cca663bccefe7ebb14645caf4c4a53737c363dcbdf522f02f297dba3c815
P0,EVT-IMCA-1160,International Marine Contractors Association (IMCA),MISSING_SOURCE_ARTIFACT,Record derived from catalog metadata without packaged physical PDF/HTML artifact.,provenance.document_hash,95d6ca6cdba1155c7a6f9f788160b77033cdea8ca89bd0f682ebfc988b680bac
P0,EVT-IMCA-1161,International Marine Contractors Association (IMCA),MISSING_SOURCE_ARTIFACT,Record derived from catalog metadata without packaged physical PDF/HTML artifact.,provenance.document_hash,2534449f03290d33bb77f38cac12a287a8d26e58446940c29003a11696f9f9e0
P0,EVT-IMCA-1162,International Marine Contractors Association (IMCA),MISSING_SOURCE_ARTIFACT,Record derived from catalog metadata without packaged physical PDF/HTML artifact.,provenance.document_hash,f6c1a87e9dade4d31722c72d58d3d121d8fb62b38ae3614a8bf170904ef852b1
P0,EVT-IMCA-1163,International Marine Contractors Association (IMCA),MISSING_SOURCE_ARTIFACT,Record derived from catalog metadata without packaged physical PDF/HTML artifact.,provenance.document_hash,3fb21f1276055a41ed384cce9d123dab6cd956f4e8b45588489fa19a67184fc6
P0,EVT-IMCA-1164,International Marine Contractors Association (IMCA),MISSING_SOURCE_ARTIFACT,Record derived from catalog metadata without packaged physical PDF/HTML artifact.,provenance.document_hash,9a85bc7a52edabde446092a2a2205b5bfe9ef5b2e3a5d7166a38611f38ba89b6
P0,EVT-IMCA-1165,International Marine Contractors Association (IMCA),MISSING_SOURCE_ARTIFACT,Record derived from catalog metadata without packaged physical PDF/HTML artifact.,provenance.document_hash,5d55b947a498fcfd4d33dde255f6011145e2cdfcc7f28f3bb9a6cf66a6454afa
P0,EVT-IMCA-1166,International Marine Contractors Association (IMCA),MISSING_SOURCE_ARTIFACT,Record derived from catalog metadata without packaged physical PDF/HTML artifact.,provenance.document_hash,5ec5b97e5bff6de9ea8998f5f077ce0a7a8834053d3a403198676905be0cd4fb
P0,EVT-IMCA-1167,International Marine Contractors Association (IMCA),MISSING_SOURCE_ARTIFACT,Record derived from catalog metadata without packaged physical PDF/HTML artifact.,provenance.document_hash,82ae55a4373a3b799c66601c1bf229f15c3a59332a6481c37b37d2156887df76
P0,EVT-IMCA-1168,International Marine Contractors Association (IMCA),MISSING_SOURCE_ARTIFACT,Record derived from catalog metadata without packaged physical PDF/HTML artifact.,provenance.document_hash,6bb990d2600a0a76c1243d07d51022c562c2b01276d659d86f5a22075959a0a8
P0,EVT-IMCA-1169,International Marine Contractors Association (IMCA),MISSING_SOURCE_ARTIFACT,Record derived from catalog metadata without packaged physical PDF/HTML artifact.,provenance.document_hash,941b922334408deba40c1d6a3a90929f5391e9f91a3e3c90ccc81f77dfcaa2cb
P0,EVT-IMCA-1170,International Marine Contractors Association (IMCA),MISSING_SOURCE_ARTIFACT,Record derived from catalog metadata without packaged physical PDF/HTML artifact.,provenance.document_hash,1aca7ed8409b628d8b8963cd4cd89975e8d86d35c7c3e92a04e85aeb526642c6
P0,EVT-IMCA-1171,International Marine Contractors Association (IMCA),MISSING_SOURCE_ARTIFACT,Record derived from catalog metadata without packaged physical PDF/HTML artifact.,provenance.document_hash,c350619e06c0d776d7e61f31e4f18adaa7b97d21d9be600f3dec85dc877b7770
P0,EVT-IMCA-1172,International Marine Contractors Association (IMCA),MISSING_SOURCE_ARTIFACT,Record derived from catalog metadata without packaged physical PDF/HTML artifact.,provenance.document_hash,c6acc3cf0c8aa05bc379e00ca9c28af8d324bbaa0934a3f4d128fce292f4179d
P0,EVT-IMCA-1173,International Marine Contractors Association (IMCA),MISSING_SOURCE_ARTIFACT,Record derived from catalog metadata without packaged physical PDF/HTML artifact.,provenance.document_hash,8b15a211f4d5b98560b1b6af42c8730af6cef348e104b66f790fee20df8823c3
P0,EVT-IMCA-1174,International Marine Contractors Association (IMCA),MISSING_SOURCE_ARTIFACT,Record derived from catalog metadata without packaged physical PDF/HTML artifact.,provenance.document_hash,773d4c211f0cd2471670887bcfb4fb9dd31b456bc811fdb623e40857408d140b
P0,EVT-IMCA-1175,International Marine Contractors Association (IMCA),MISSING_SOURCE_ARTIFACT,Record derived from catalog metadata without packaged physical PDF/HTML artifact.,provenance.document_hash,e974d955c85f4d94fc1f89af771b5bd6e784fcb5c3c2647494259579c978fff8
P0,EVT-IMCA-1176,International Marine Contractors Association (IMCA),MISSING_SOURCE_ARTIFACT,Record derived from catalog metadata without packaged physical PDF/HTML artifact.,provenance.document_hash,1b3b3318250594e90656a16c85b3e13399f81b7bc49dc76f57e04b520b6cb041
P0,EVT-IMCA-1177,International Marine Contractors Association (IMCA),MISSING_SOURCE_ARTIFACT,Record derived from catalog metadata without packaged physical PDF/HTML artifact.,provenance.document_hash,fce0bd1d1a28e54ca469f402fc95f533b48f7a52a1bb9aae4c388d077408c634
P0,EVT-IMCA-1178,International Marine Contractors Association (IMCA),MISSING_SOURCE_ARTIFACT,Record derived from catalog metadata without packaged physical PDF/HTML artifact.,provenance.document_hash,e21cdae29b8e3f495495272f04293810b4ba3ae9590ba2bbaef41224c411f70e
P0,EVT-IMCA-1179,International Marine Contractors Association (IMCA),MISSING_SOURCE_ARTIFACT,Record derived from catalog metadata without packaged physical PDF/HTML artifact.,provenance.document_hash,ac63c6254deffc8589607f3adef1974d4506b8f8254a1fca4f020004dac9af29
P0,EVT-IMCA-1180,International Marine Contractors Association (IMCA),MISSING_SOURCE_ARTIFACT,Record derived from catalog metadata without packaged physical PDF/HTML artifact.,provenance.document_hash,9c5d69a0a669ab6eb25340107404c5263f96b6e2e48af37b1ea5f06c29329766
P0,EVT-IMCA-1181,International Marine Contractors Association (IMCA),MISSING_SOURCE_ARTIFACT,Record derived from catalog metadata without packaged physical PDF/HTML artifact.,provenance.document_hash,295ba7792fec9ad19de5a0b568e984525e0ff8b39a5082cddca482ee928176d5
P0,EVT-IMCA-1182,International Marine Contractors Association (IMCA),MISSING_SOURCE_ARTIFACT,Record derived from catalog metadata without packaged physical PDF/HTML artifact.,provenance.document_hash,fe659e06e269e36d528ebd95b387e1549c5df246d7af28053d191d33e4ccedf9
P0,EVT-IMCA-1183,International Marine Contractors Association (IMCA),MISSING_SOURCE_ARTIFACT,Record derived from catalog metadata without packaged physical PDF/HTML artifact.,provenance.document_hash,229b30a7a321747f7f2a770f3ece3badaeeee5f6b6a934dcb02cb437b4e05a6d
P0,EVT-IMCA-1184,International Marine Contractors Association (IMCA),MISSING_SOURCE_ARTIFACT,Record derived from catalog metadata without packaged physical PDF/HTML artifact.,provenance.document_hash,709b403075eb2977981fc2bf07141158f7cc45f86aa8e024e8b068221f94b299
P0,EVT-IMCA-1185,International Marine Contractors Association (IMCA),MISSING_SOURCE_ARTIFACT,Record derived from catalog metadata without packaged physical PDF/HTML artifact.,provenance.document_hash,82bf1dbf76091993f9531b0fda52f308f875d25b27b5bf35b5403d3197ef8ebd
P0,EVT-IMCA-1186,International Marine Contractors Association (IMCA),MISSING_SOURCE_ARTIFACT,Record derived from catalog metadata without packaged physical PDF/HTML artifact.,provenance.document_hash,0ec1070e3bfe6d749e65e9d01bde4f78b5a744ddf6a5121a4b27bcf2426d5ad3
P0,EVT-IMCA-1187,International Marine Contractors Association (IMCA),MISSING_SOURCE_ARTIFACT,Record derived from catalog metadata without packaged physical PDF/HTML artifact.,provenance.document_hash,752fb62897df998b5c1a4d4663e7e36fd712da9bc261f53dae4086f5d7cce97e
P0,EVT-IMCA-1188,International Marine Contractors Association (IMCA),MISSING_SOURCE_ARTIFACT,Record derived from catalog metadata without packaged physical PDF/HTML artifact.,provenance.document_hash,41a2e106a084483a6fe2b2b567b98ae778eda2584ce7a46fe1dd09f20e4d1759
P0,EVT-IMCA-1189,International Marine Contractors Association (IMCA),MISSING_SOURCE_ARTIFACT,Record derived from catalog metadata without packaged physical PDF/HTML artifact.,provenance.document_hash,1c84c1dba194cd4beec33f208b61788b7e7972a3e0517de60663a9b6e850174d
P0,EVT-IMCA-1190,International Marine Contractors Association (IMCA),MISSING_SOURCE_ARTIFACT,Record derived from catalog metadata without packaged physical PDF/HTML artifact.,provenance.document_hash,a4b6bf90a57afa78cc7d072e628667c259441e65aa6b6aff5b67a0872aaeee46
P0,EVT-IMCA-1191,International Marine Contractors Association (IMCA),MISSING_SOURCE_ARTIFACT,Record derived from catalog metadata without packaged physical PDF/HTML artifact.,provenance.document_hash,883edc417f9936b44097ed51191a45646f0e1713c59e704cc40e9b4fa8ff7193
P0,EVT-IMCA-1192,International Marine Contractors Association (IMCA),MISSING_SOURCE_ARTIFACT,Record derived from catalog metadata without packaged physical PDF/HTML artifact.,provenance.document_hash,156b331eaf1c9cc73086ee9ad845aecd88a8314cc66b55e1a15c29e477d49d4c
P0,EVT-IMCA-1193,International Marine Contractors Association (IMCA),MISSING_SOURCE_ARTIFACT,Record derived from catalog metadata without packaged physical PDF/HTML artifact.,provenance.document_hash,413a91aa9c6475475a87da1ed6ad4e8503cde9f13cb026645c1769e7b6ec4315
P0,EVT-IMCA-1194,International Marine Contractors Association (IMCA),MISSING_SOURCE_ARTIFACT,Record derived from catalog metadata without packaged physical PDF/HTML artifact.,provenance.document_hash,cd85647a38513438ae15f611eb0e58eb64dd930e862c46bfac6ad62c132dcf6b
P0,EVT-IMCA-1195,International Marine Contractors Association (IMCA),MISSING_SOURCE_ARTIFACT,Record derived from catalog metadata without packaged physical PDF/HTML artifact.,provenance.document_hash,191465c2c57eb51573f49eed2b8e07a4251c03fa71097e63265477bcd5985f38
P0,EVT-IMCA-1196,International Marine Contractors Association (IMCA),MISSING_SOURCE_ARTIFACT,Record derived from catalog metadata without packaged physical PDF/HTML artifact.,provenance.document_hash,48c442035745fc92fbcac411f638643de2a29ae6a555413a4f27dbe8ca4d68c2
P0,EVT-IMCA-1197,International Marine Contractors Association (IMCA),MISSING_SOURCE_ARTIFACT,Record derived from catalog metadata without packaged physical PDF/HTML artifact.,provenance.document_hash,ad22db12e5d2ae3b176e1291c0994e152e93364325299145b6a576702d4a3cb5
P0,EVT-IMCA-1198,International Marine Contractors Association (IMCA),MISSING_SOURCE_ARTIFACT,Record derived from catalog metadata without packaged physical PDF/HTML artifact.,provenance.document_hash,3bc3e3da2cb3b49a1bd33e5a464c13c7bf4eb858d1f437e6cca6991b107bb55d
P0,EVT-IMCA-1199,International Marine Contractors Association (IMCA),MISSING_SOURCE_ARTIFACT,Record derived from catalog metadata without packaged physical PDF/HTML artifact.,provenance.document_hash,362cc135b79f4fc1ecc20570cc17f7b758e27db6c5541459ef7cd957e5c0f16e
P0,EVT-IMCA-1200,International Marine Contractors Association (IMCA),MISSING_SOURCE_ARTIFACT,Record derived from catalog metadata without packaged physical PDF/HTML artifact.,provenance.document_hash,197d63cce9bac63387bdd659b641638d6b046d9b8cc1feacf708cff7a9e3f43a
P0,EVT-IMCA-1201,International Marine Contractors Association (IMCA),MISSING_SOURCE_ARTIFACT,Record derived from catalog metadata without packaged physical PDF/HTML artifact.,provenance.document_hash,5b2327e9d2b47b534fb84321e87e807bb6dbb4acc606b6984e8489967cbeca22
P0,EVT-IMCA-1202,International Marine Contractors Association (IMCA),MISSING_SOURCE_ARTIFACT,Record derived from catalog metadata without packaged physical PDF/HTML artifact.,provenance.document_hash,5ff7f66c523f5db051c1efa4560684b43963906494f9428b3fbaa4e0a7c64893
P0,EVT-IMCA-1203,International Marine Contractors Association (IMCA),MISSING_SOURCE_ARTIFACT,Record derived from catalog metadata without packaged physical PDF/HTML artifact.,provenance.document_hash,bb586dcb255e4f9625a1d092cbdc4691654dbf9379f4497d2e6e0f34202c9d1d
P0,EVT-IMCA-1204,International Marine Contractors Association (IMCA),MISSING_SOURCE_ARTIFACT,Record derived from catalog metadata without packaged physical PDF/HTML artifact.,provenance.document_hash,6d622fda3da595932debf4fce18f04a2716eda8eeea4044e805dda4c02b2f974
P0,EVT-IMCA-1205,International Marine Contractors Association (IMCA),MISSING_SOURCE_ARTIFACT,Record derived from catalog metadata without packaged physical PDF/HTML artifact.,provenance.document_hash,3f7aa2dae02efcfde511114c40a1d398793f66270031a2916b570d211f64bfd2
P0,EVT-IMCA-1206,International Marine Contractors Association (IMCA),MISSING_SOURCE_ARTIFACT,Record derived from catalog metadata without packaged physical PDF/HTML artifact.,provenance.document_hash,dde173fdfb80b4e0f91bb1f6c02d9805d2c520814f035d6fbd0ee2b2521d3d89
P0,EVT-IMCA-1207,International Marine Contractors Association (IMCA),MISSING_SOURCE_ARTIFACT,Record derived from catalog metadata without packaged physical PDF/HTML artifact.,provenance.document_hash,7b1a394defd00938952e954dd2295bc2dfec53d65ea060bc593a23ed23b3d0d9
P0,EVT-IMCA-1208,International Marine Contractors Association (IMCA),MISSING_SOURCE_ARTIFACT,Record derived from catalog metadata without packaged physical PDF/HTML artifact.,provenance.document_hash,8fbfee082359b77ba1d6a01f4a39e0802262708bec548ff5a64c7b32d2b70dd8
P0,EVT-IMCA-1209,International Marine Contractors Association (IMCA),MISSING_SOURCE_ARTIFACT,Record derived from catalog metadata without packaged physical PDF/HTML artifact.,provenance.document_hash,1e62e06f2a0ab70cd7e715fc609cd06204b608c99520a220e85e116baafd543a
P0,EVT-IMCA-1210,International Marine Contractors Association (IMCA),MISSING_SOURCE_ARTIFACT,Record derived from catalog metadata without packaged physical PDF/HTML artifact.,provenance.document_hash,bebb479a1d1bcf7fc40c51fcff53aa575ddc576abf94d43931b4dfee708733a3
P0,EVT-IMCA-1211,International Marine Contractors Association (IMCA),MISSING_SOURCE_ARTIFACT,Record derived from catalog metadata without packaged physical PDF/HTML artifact.,provenance.document_hash,d9af293ec3274c73ae44c002f37c03035080b5bd9cbde4b4b062a3f3b443c1df
P0,EVT-IMCA-1212,International Marine Contractors Association (IMCA),MISSING_SOURCE_ARTIFACT,Record derived from catalog metadata without packaged physical PDF/HTML artifact.,provenance.document_hash,65d2d797d46f40de5ee05ca54518def632bce7fc70ccac9c581759c39ea9464e
P0,EVT-IMCA-1213,International Marine Contractors Association (IMCA),MISSING_SOURCE_ARTIFACT,Record derived from catalog metadata without packaged physical PDF/HTML artifact.,provenance.document_hash,c927b4f4ec6da3c12dcb1414cd8c3d921d5089823e89b0e4fcc6c8de934c1b62
P0,EVT-IMCA-1214,International Marine Contractors Association (IMCA),MISSING_SOURCE_ARTIFACT,Record derived from catalog metadata without packaged physical PDF/HTML artifact.,provenance.document_hash,6211476cdbbf135e64902bf20708e69267a2106e8686b6778ac735d6884f2aeb
P0,EVT-IMCA-1215,International Marine Contractors Association (IMCA),MISSING_SOURCE_ARTIFACT,Record derived from catalog metadata without packaged physical PDF/HTML artifact.,provenance.document_hash,2932116cb2d544f2c23f659b9c5f3c5b52eabb014d038e77728af13e83d6963e
P0,EVT-IMCA-1216,International Marine Contractors Association (IMCA),MISSING_SOURCE_ARTIFACT,Record derived from catalog metadata without packaged physical PDF/HTML artifact.,provenance.document_hash,c13a9f7135ad737f4e424e58037c7fc52498f135c52d4be34c335234bce7e3ac
P0,EVT-IMCA-1217,International Marine Contractors Association (IMCA),MISSING_SOURCE_ARTIFACT,Record derived from catalog metadata without packaged physical PDF/HTML artifact.,provenance.document_hash,050cf31b4071a817b17f3d37187553306222ec824eed932145e2e6f10894fec6
P0,EVT-IMCA-1218,International Marine Contractors Association (IMCA),MISSING_SOURCE_ARTIFACT,Record derived from catalog metadata without packaged physical PDF/HTML artifact.,provenance.document_hash,9c8fbea21f7c2c59652ca90692b49f484d0d83bcb2200e7b5412923b2e0a8cbe
P0,EVT-IMCA-1219,International Marine Contractors Association (IMCA),MISSING_SOURCE_ARTIFACT,Record derived from catalog metadata without packaged physical PDF/HTML artifact.,provenance.document_hash,48036877802c522d00ba442d11ad8cb76b694f2282082f71cdf7469f0978ef60
P0,EVT-IMCA-1220,International Marine Contractors Association (IMCA),MISSING_SOURCE_ARTIFACT,Record derived from catalog metadata without packaged physical PDF/HTML artifact.,provenance.document_hash,007f8b387b82e39747fdd7bdce6ec060698efdd12306d2a11e09237a3debbe5d
P0,EVT-IMCA-1221,International Marine Contractors Association (IMCA),MISSING_SOURCE_ARTIFACT,Record derived from catalog metadata without packaged physical PDF/HTML artifact.,provenance.document_hash,ef02b41e161a95f56b339b096af051a28a7bd7349a95673972607f696ee8cb4a
P0,EVT-IMCA-1222,International Marine Contractors Association (IMCA),MISSING_SOURCE_ARTIFACT,Record derived from catalog metadata without packaged physical PDF/HTML artifact.,provenance.document_hash,d8e585596d067c8933ca3eb28d95df0298e62c6a4288e1bf9177f575fc42ebf1
P0,EVT-IMCA-1223,International Marine Contractors Association (IMCA),MISSING_SOURCE_ARTIFACT,Record derived from catalog metadata without packaged physical PDF/HTML artifact.,provenance.document_hash,2796743bb7e1fe41832f2fbd5fb93adf7763f3427ffba053bb4ac37b6ef8bc1a
P0,EVT-IMCA-1224,International Marine Contractors Association (IMCA),MISSING_SOURCE_ARTIFACT,Record derived from catalog metadata without packaged physical PDF/HTML artifact.,provenance.document_hash,9bb99596a836b6d00f814ba9b6765a538b7c4e38d8e7840d9fea09d270243b95
P0,EVT-IMCA-1225,International Marine Contractors Association (IMCA),MISSING_SOURCE_ARTIFACT,Record derived from catalog metadata without packaged physical PDF/HTML artifact.,provenance.document_hash,a73cac03c94b08b49c701c50c4cca96a41dd6ca7499c55b8b072186b69448ca1
P0,EVT-IMCA-1226,International Marine Contractors Association (IMCA),MISSING_SOURCE_ARTIFACT,Record derived from catalog metadata without packaged physical PDF/HTML artifact.,provenance.document_hash,780ea7fdd8ddd6e12ba86f5872ff29b33dfca312a82b824f1390d707c4662146
P0,EVT-IMCA-1227,International Marine Contractors Association (IMCA),MISSING_SOURCE_ARTIFACT,Record derived from catalog metadata without packaged physical PDF/HTML artifact.,provenance.document_hash,12df447f7d5ddd6bfe77ca017070b3f97073ff131adbf9ee3af8e0fc464b8ca8
P0,EVT-IMCA-1228,International Marine Contractors Association (IMCA),MISSING_SOURCE_ARTIFACT,Record derived from catalog metadata without packaged physical PDF/HTML artifact.,provenance.document_hash,c49042f856640934055ba588870f0fcf280fef7ab83458776dfcfc089333876d
P0,EVT-IMCA-1229,International Marine Contractors Association (IMCA),MISSING_SOURCE_ARTIFACT,Record derived from catalog metadata without packaged physical PDF/HTML artifact.,provenance.document_hash,b44381fc97f9ed770a1c8ea37e644790148ff5e208f87c068da54e79b5f787f0
P0,EVT-IMCA-1230,International Marine Contractors Association (IMCA),MISSING_SOURCE_ARTIFACT,Record derived from catalog metadata without packaged physical PDF/HTML artifact.,provenance.document_hash,64b77b060569ad6ecff50dc174d38b5a2f1c9e12d49ce9cfc3e5694859290ffa
P0,EVT-IMCA-1231,International Marine Contractors Association (IMCA),MISSING_SOURCE_ARTIFACT,Record derived from catalog metadata without packaged physical PDF/HTML artifact.,provenance.document_hash,83b952b8c6aee461b00817d8aad7f3aa8545f47936a93831a1242165456d5ffb
P0,EVT-IMCA-1232,International Marine Contractors Association (IMCA),MISSING_SOURCE_ARTIFACT,Record derived from catalog metadata without packaged physical PDF/HTML artifact.,provenance.document_hash,00d6770943c36e6b178aab065364057e2e58267a73bb7088ae0985f96d75944e
P0,EVT-IMCA-1233,International Marine Contractors Association (IMCA),MISSING_SOURCE_ARTIFACT,Record derived from catalog metadata without packaged physical PDF/HTML artifact.,provenance.document_hash,d700fce9a7d497594e427234cb6ba1655c87b73345a0f063f8cea4de5a764e56
P0,EVT-IMCA-1234,International Marine Contractors Association (IMCA),MISSING_SOURCE_ARTIFACT,Record derived from catalog metadata without packaged physical PDF/HTML artifact.,provenance.document_hash,c1702764ebf8b39958248fa04ffedc5dc324049f2ae5500b56c9d65522a57bed
P0,EVT-IMCA-1235,International Marine Contractors Association (IMCA),MISSING_SOURCE_ARTIFACT,Record derived from catalog metadata without packaged physical PDF/HTML artifact.,provenance.document_hash,de60efcccb548e31ef02c64c7896fb0601fa736fabfb5d92e1b0b99bff35c57b
P0,EVT-IMCA-1236,International Marine Contractors Association (IMCA),MISSING_SOURCE_ARTIFACT,Record derived from catalog metadata without packaged physical PDF/HTML artifact.,provenance.document_hash,18822c0388ef416458052b4876ce3fb4b233ddd07c51f82bb4a040d760c09335
P0,EVT-IMCA-1237,International Marine Contractors Association (IMCA),MISSING_SOURCE_ARTIFACT,Record derived from catalog metadata without packaged physical PDF/HTML artifact.,provenance.document_hash,a2600eedb32ed0895273ed394b4fa51d9a6b6f5cbc11903336e81bc1e263b3c9
P0,EVT-IMCA-1238,International Marine Contractors Association (IMCA),MISSING_SOURCE_ARTIFACT,Record derived from catalog metadata without packaged physical PDF/HTML artifact.,provenance.document_hash,60520bf06c730a1bbd5d4f638051dd9e1183925565bd1ca966bc3df4bf4cd746
P0,EVT-IMCA-1239,International Marine Contractors Association (IMCA),MISSING_SOURCE_ARTIFACT,Record derived from catalog metadata without packaged physical PDF/HTML artifact.,provenance.document_hash,ed1ae874403fec20c883e230bedee42823860552fedaf7a45ce064cb25cbb5fb
P0,EVT-IMCA-1240,International Marine Contractors Association (IMCA),MISSING_SOURCE_ARTIFACT,Record derived from catalog metadata without packaged physical PDF/HTML artifact.,provenance.document_hash,27264867bcee424b9506fe703f331ed49ba836564b69d15d31aecb14894bbb6c
P0,EVT-IMCA-1241,International Marine Contractors Association (IMCA),MISSING_SOURCE_ARTIFACT,Record derived from catalog metadata without packaged physical PDF/HTML artifact.,provenance.document_hash,b22c420ed9c7722c48988229c6ba49b17cac7a310261a888d62741c4b288b2b9
P0,EVT-IMCA-1242,International Marine Contractors Association (IMCA),MISSING_SOURCE_ARTIFACT,Record derived from catalog metadata without packaged physical PDF/HTML artifact.,provenance.document_hash,6af5becf579b269c9d1dff77f43db2b9b1c037c12f5b25fca5789482cdd64e38
P0,EVT-IMCA-1243,International Marine Contractors Association (IMCA),MISSING_SOURCE_ARTIFACT,Record derived from catalog metadata without packaged physical PDF/HTML artifact.,provenance.document_hash,98f681c1cf7fd216460a78a0a85e25d02c989286d2094a914d769d768bbbcb36
P0,EVT-IMCA-1244,International Marine Contractors Association (IMCA),MISSING_SOURCE_ARTIFACT,Record derived from catalog metadata without packaged physical PDF/HTML artifact.,provenance.document_hash,d93e1ece8bd12c1754327e8aae5febac3ee4a98ec87fbdd7869b57cd450ca4bc
P0,EVT-IMCA-1245,International Marine Contractors Association (IMCA),MISSING_SOURCE_ARTIFACT,Record derived from catalog metadata without packaged physical PDF/HTML artifact.,provenance.document_hash,e6304936ce026f71d0d40091b42ee7f8897527767aa2594e8d12d3a14ff77ee3
P0,EVT-IMCA-1246,International Marine Contractors Association (IMCA),MISSING_SOURCE_ARTIFACT,Record derived from catalog metadata without packaged physical PDF/HTML artifact.,provenance.document_hash,ed58e67996e1964e72380ebb8d6478215c2b86c4b7e725fdf38cbab68708998d
P0,EVT-IMCA-1247,International Marine Contractors Association (IMCA),MISSING_SOURCE_ARTIFACT,Record derived from catalog metadata without packaged physical PDF/HTML artifact.,provenance.document_hash,28a9e4c02aae968a5e0203f462cabd704f5efaeac4979eb130ad884db5231067
P0,EVT-IMCA-1248,International Marine Contractors Association (IMCA),MISSING_SOURCE_ARTIFACT,Record derived from catalog metadata without packaged physical PDF/HTML artifact.,provenance.document_hash,9733063d957b5c8443367c9292964498204ce7f74e6927d41a3ca2549d68a787
P0,EVT-IMCA-1249,International Marine Contractors Association (IMCA),MISSING_SOURCE_ARTIFACT,Record derived from catalog metadata without packaged physical PDF/HTML artifact.,provenance.document_hash,0aad3cc0d6919f4bb41f3362bb0b104fcb2d3cfd8ce095924c028f173adac6b2
P0,EVT-IMCA-1250,International Marine Contractors Association (IMCA),MISSING_SOURCE_ARTIFACT,Record derived from catalog metadata without packaged physical PDF/HTML artifact.,provenance.document_hash,ac62ace30229d8597b6c79ab92320d8b57b055bd4eb19f3f6c94abb80bda8692
P0,EVT-IMCA-1251,International Marine Contractors Association (IMCA),MISSING_SOURCE_ARTIFACT,Record derived from catalog metadata without packaged physical PDF/HTML artifact.,provenance.document_hash,4143e9d66434b421532bb5b5f626a7e5fb300209d9b5590ef9847f108516e666
P0,EVT-IMCA-1252,International Marine Contractors Association (IMCA),MISSING_SOURCE_ARTIFACT,Record derived from catalog metadata without packaged physical PDF/HTML artifact.,provenance.document_hash,bb28f70c7adffd41866e0606e6358c131ccc1bce5f6ec8a9514c420b6fb6e9c2
P0,EVT-IMCA-1253,International Marine Contractors Association (IMCA),MISSING_SOURCE_ARTIFACT,Record derived from catalog metadata without packaged physical PDF/HTML artifact.,provenance.document_hash,a19aab44c28ee763d97c47bf796c7436419e8ef43412ccc7f2c847c41561469c
P0,EVT-IMCA-1254,International Marine Contractors Association (IMCA),MISSING_SOURCE_ARTIFACT,Record derived from catalog metadata without packaged physical PDF/HTML artifact.,provenance.document_hash,7a3ae9644b4619cc16d5d4c5c1f04464abbef772b01c4215fdc432634b1d57d3
P0,EVT-IMCA-1255,International Marine Contractors Association (IMCA),MISSING_SOURCE_ARTIFACT,Record derived from catalog metadata without packaged physical PDF/HTML artifact.,provenance.document_hash,5eaec68fc09415b14130c95afec4e914b7d35660ff210893696c402e17ae88de
P0,EVT-IMCA-1256,International Marine Contractors Association (IMCA),MISSING_SOURCE_ARTIFACT,Record derived from catalog metadata without packaged physical PDF/HTML artifact.,provenance.document_hash,ead802d0352394cf23986b58c76ff1ca7c38378100bc4c19cb8eb74f7f1594fa
P0,EVT-IMCA-1257,International Marine Contractors Association (IMCA),MISSING_SOURCE_ARTIFACT,Record derived from catalog metadata without packaged physical PDF/HTML artifact.,provenance.document_hash,87155aeb9dcfc6a7d4bebb7a150e07f82deb3bc477a6c300f2cbf81cd7b2f291
P0,EVT-IMCA-1258,International Marine Contractors Association (IMCA),MISSING_SOURCE_ARTIFACT,Record derived from catalog metadata without packaged physical PDF/HTML artifact.,provenance.document_hash,4e6e6e594e6c11ae1a9ba72af50d46a68fea84ba9139e719ecd1780660afcbc0
P0,EVT-IMCA-1259,International Marine Contractors Association (IMCA),MISSING_SOURCE_ARTIFACT,Record derived from catalog metadata without packaged physical PDF/HTML artifact.,provenance.document_hash,13b7c518cbe8cec8bd5177695d5fd2b31d68ebfb80242b01e295219cb802dcc5
P0,EVT-IMCA-1260,International Marine Contractors Association (IMCA),MISSING_SOURCE_ARTIFACT,Record derived from catalog metadata without packaged physical PDF/HTML artifact.,provenance.document_hash,0a6e2448f6091d143613bc24f26f65a1801981e1eba0dc155868ef245dfa02bd
P0,EVT-IMCA-1261,International Marine Contractors Association (IMCA),MISSING_SOURCE_ARTIFACT,Record derived from catalog metadata without packaged physical PDF/HTML artifact.,provenance.document_hash,f5556bcfccf9c61e1c3140ecb381b91b40aa570924fff1a533afd90471a9f1dd
P0,EVT-IMCA-1262,International Marine Contractors Association (IMCA),MISSING_SOURCE_ARTIFACT,Record derived from catalog metadata without packaged physical PDF/HTML artifact.,provenance.document_hash,088f091d0294f67c45866c1ecce5d2de6bf8a2edee5efa42517d9ed36f45f879
P0,EVT-IMCA-1263,International Marine Contractors Association (IMCA),MISSING_SOURCE_ARTIFACT,Record derived from catalog metadata without packaged physical PDF/HTML artifact.,provenance.document_hash,5dac36815058376de851521bc94c1b800ef00a7596e77eec602fdddc2b247999
P0,EVT-IMCA-1264,International Marine Contractors Association (IMCA),MISSING_SOURCE_ARTIFACT,Record derived from catalog metadata without packaged physical PDF/HTML artifact.,provenance.document_hash,336f09f9d72c2c62c7bec32ba57aaa5de5544c53a7e799710b572f5e0ef5b94c
P0,EVT-IMCA-1265,International Marine Contractors Association (IMCA),MISSING_SOURCE_ARTIFACT,Record derived from catalog metadata without packaged physical PDF/HTML artifact.,provenance.document_hash,05ed361264a3c926c9c992ad884e96fc539da6f3c9e4db9290dc5f7581e47071
P0,EVT-IMCA-1266,International Marine Contractors Association (IMCA),MISSING_SOURCE_ARTIFACT,Record derived from catalog metadata without packaged physical PDF/HTML artifact.,provenance.document_hash,7cbeaa79095fe6f97faf275d156ffd76ca48f16635289b046eba882c7f69770e
P0,EVT-IMCA-1267,International Marine Contractors Association (IMCA),MISSING_SOURCE_ARTIFACT,Record derived from catalog metadata without packaged physical PDF/HTML artifact.,provenance.document_hash,2a2c3d73730792b4dfe15eaa8dcfa7c7ec6f9e21a42aad45f81982d5842226ae
P0,EVT-IMCA-1268,International Marine Contractors Association (IMCA),MISSING_SOURCE_ARTIFACT,Record derived from catalog metadata without packaged physical PDF/HTML artifact.,provenance.document_hash,ba3739784aea6448a1411c30591f0433a3dcd931d05df45ee3729b382a1d3a87
P0,EVT-IMCA-1269,International Marine Contractors Association (IMCA),MISSING_SOURCE_ARTIFACT,Record derived from catalog metadata without packaged physical PDF/HTML artifact.,provenance.document_hash,48f5318058e78902da41e1d03288e04299ef19992c5eb164614e16a3dc1d3b26
P0,EVT-IMCA-1270,International Marine Contractors Association (IMCA),MISSING_SOURCE_ARTIFACT,Record derived from catalog metadata without packaged physical PDF/HTML artifact.,provenance.document_hash,0d25099bb7779ff9c761ac3eeae08888683b60d766e591ee6451fbd514e24004
P0,EVT-IMCA-1271,International Marine Contractors Association (IMCA),MISSING_SOURCE_ARTIFACT,Record derived from catalog metadata without packaged physical PDF/HTML artifact.,provenance.document_hash,9382882690f1c89eabbfd17f3316934bdcc7d42f84ecb497fdb54ae9d459a512
P0,EVT-IMCA-1272,International Marine Contractors Association (IMCA),MISSING_SOURCE_ARTIFACT,Record derived from catalog metadata without packaged physical PDF/HTML artifact.,provenance.document_hash,83baea76c84ef4d0191b704d65975998dd84aa0a1349d78fad781cb25880cf5f
P0,EVT-IMCA-1273,International Marine Contractors Association (IMCA),MISSING_SOURCE_ARTIFACT,Record derived from catalog metadata without packaged physical PDF/HTML artifact.,provenance.document_hash,500056aed2da2b735857945564e27183a13383a9efa0da5a5e58dfecbd4c2f47
P0,EVT-IMCA-1274,International Marine Contractors Association (IMCA),MISSING_SOURCE_ARTIFACT,Record derived from catalog metadata without packaged physical PDF/HTML artifact.,provenance.document_hash,1f584def8e0dd996e116d475a26a6d5eb29a1f55900b61379cc13218bae7d76c
P0,EVT-IMCA-1275,International Marine Contractors Association (IMCA),MISSING_SOURCE_ARTIFACT,Record derived from catalog metadata without packaged physical PDF/HTML artifact.,provenance.document_hash,c57beb88c73e28bbf8a8ffb3267bceccf955bc25dd092896f15bcd679f667f04
P0,EVT-IMCA-1276,International Marine Contractors Association (IMCA),MISSING_SOURCE_ARTIFACT,Record derived from catalog metadata without packaged physical PDF/HTML artifact.,provenance.document_hash,c12d9aadb1d5c4f2f29c93bff9b60b0a02648c1fb99c547863f3897d6e880ab6
P0,EVT-IMCA-1277,International Marine Contractors Association (IMCA),MISSING_SOURCE_ARTIFACT,Record derived from catalog metadata without packaged physical PDF/HTML artifact.,provenance.document_hash,3a61082095f74b0122079e0a2d4e0207c914337ce743bd6a174fc5182e7b6f4d
P0,EVT-IMCA-1278,International Marine Contractors Association (IMCA),MISSING_SOURCE_ARTIFACT,Record derived from catalog metadata without packaged physical PDF/HTML artifact.,provenance.document_hash,c5d6a81e1aea66a508ce80437dfb5fc0dee8200fc2948bbc35e4ba9366876cff
P0,EVT-IMCA-1279,International Marine Contractors Association (IMCA),MISSING_SOURCE_ARTIFACT,Record derived from catalog metadata without packaged physical PDF/HTML artifact.,provenance.document_hash,815d65d0c20654aa9b91243e0035ac305548d1921f45b2ad9ede1c8742eb8ade
P0,EVT-IMCA-1280,International Marine Contractors Association (IMCA),MISSING_SOURCE_ARTIFACT,Record derived from catalog metadata without packaged physical PDF/HTML artifact.,provenance.document_hash,bf5a4395f558199e09af5182a3cdec0c6feb149a10bd9a996d2ee4aaa8bcb63a
P0,EVT-IMCA-1281,International Marine Contractors Association (IMCA),MISSING_SOURCE_ARTIFACT,Record derived from catalog metadata without packaged physical PDF/HTML artifact.,provenance.document_hash,44b62c19d378dabca0cd0297494172483b618350b73a67df2b9fc76ecc0bc5ad
P0,EVT-IMCA-1282,International Marine Contractors Association (IMCA),MISSING_SOURCE_ARTIFACT,Record derived from catalog metadata without packaged physical PDF/HTML artifact.,provenance.document_hash,423471e45e41c2d596ad20da745899185ef6f4b09058dbbb7dee387f6268e0e2
P0,EVT-IMCA-1283,International Marine Contractors Association (IMCA),MISSING_SOURCE_ARTIFACT,Record derived from catalog metadata without packaged physical PDF/HTML artifact.,provenance.document_hash,0f3da1d5afca8af4c0c766aacdc3c989e849b5cd6003a00dbf1fad3a607aef1c
P0,EVT-IMCA-1284,International Marine Contractors Association (IMCA),MISSING_SOURCE_ARTIFACT,Record derived from catalog metadata without packaged physical PDF/HTML artifact.,provenance.document_hash,9380cd0956cf5f65f812eb3d1f0d6943850300fd6895e2ba6ec206f550e5f860
P0,EVT-IMCA-1285,International Marine Contractors Association (IMCA),MISSING_SOURCE_ARTIFACT,Record derived from catalog metadata without packaged physical PDF/HTML artifact.,provenance.document_hash,aad067536fc0d1af22cb8b5d0bcac3fc22a1edb570aa538bafdb7d21b19197f8
P0,EVT-IMCA-1286,International Marine Contractors Association (IMCA),MISSING_SOURCE_ARTIFACT,Record derived from catalog metadata without packaged physical PDF/HTML artifact.,provenance.document_hash,da28e886ba0d6bda4df33e5d50a341ba6816a24d0a012a58c3cc736d64600a5b
P0,EVT-IMCA-1287,International Marine Contractors Association (IMCA),MISSING_SOURCE_ARTIFACT,Record derived from catalog metadata without packaged physical PDF/HTML artifact.,provenance.document_hash,ec4153dbe1b8e6b4f78ad39fa547aaffc9626af1312a52031b199032dbbc7166
P0,EVT-IMCA-1288,International Marine Contractors Association (IMCA),MISSING_SOURCE_ARTIFACT,Record derived from catalog metadata without packaged physical PDF/HTML artifact.,provenance.document_hash,387df6d46d642317902dd27c0f50e90aa9a9654b2cc606290715a90307e1db4d
P0,EVT-IMCA-1289,International Marine Contractors Association (IMCA),MISSING_SOURCE_ARTIFACT,Record derived from catalog metadata without packaged physical PDF/HTML artifact.,provenance.document_hash,8c6f0ca1da264e799438cc0f04b907cdc83d8dd03211b7a927c3d5725ec173bb
P0,EVT-IMCA-1290,International Marine Contractors Association (IMCA),MISSING_SOURCE_ARTIFACT,Record derived from catalog metadata without packaged physical PDF/HTML artifact.,provenance.document_hash,b7ec9e5201b8f990fd36f90d29f7acf94fcbccb8a69034c1639e94a14172521a
P0,EVT-IMCA-1291,International Marine Contractors Association (IMCA),MISSING_SOURCE_ARTIFACT,Record derived from catalog metadata without packaged physical PDF/HTML artifact.,provenance.document_hash,de28a6b0bea3205b8a65075e0369f739e0485e4b2a9dd8e22f2c7bfe8c846cd6
P0,EVT-IMCA-1292,International Marine Contractors Association (IMCA),MISSING_SOURCE_ARTIFACT,Record derived from catalog metadata without packaged physical PDF/HTML artifact.,provenance.document_hash,ce6a977eb1701fd662eac78fbe850b9e34d9674a80de958691656adeae664e42
P0,EVT-IMCA-1293,International Marine Contractors Association (IMCA),MISSING_SOURCE_ARTIFACT,Record derived from catalog metadata without packaged physical PDF/HTML artifact.,provenance.document_hash,05ac7b1d7f29371a959828eb663ceba88b588a02ec2cab786b50df139c280a6b
P0,EVT-IMCA-1294,International Marine Contractors Association (IMCA),MISSING_SOURCE_ARTIFACT,Record derived from catalog metadata without packaged physical PDF/HTML artifact.,provenance.document_hash,2c8e65e83677769ce4d3ddf7675a4e7a083de4028e6088d56e41c9ace50057b4
P0,EVT-IMCA-1295,International Marine Contractors Association (IMCA),MISSING_SOURCE_ARTIFACT,Record derived from catalog metadata without packaged physical PDF/HTML artifact.,provenance.document_hash,06c1281eb5e90420fa9560637d06554a7863912df7875985a2be01a463d807ee
P0,EVT-IMCA-1296,International Marine Contractors Association (IMCA),MISSING_SOURCE_ARTIFACT,Record derived from catalog metadata without packaged physical PDF/HTML artifact.,provenance.document_hash,1bfcc39b995eb137ea4eca6a2df365cb135f083cb91683a65b0dd9489e8ed487
P0,EVT-IMCA-1297,International Marine Contractors Association (IMCA),MISSING_SOURCE_ARTIFACT,Record derived from catalog metadata without packaged physical PDF/HTML artifact.,provenance.document_hash,3e1f3b45119e0d467bc8222e2aea18bdb9ef16c1f059222e6f7075276e0edd92
P0,EVT-IMCA-1298,International Marine Contractors Association (IMCA),MISSING_SOURCE_ARTIFACT,Record derived from catalog metadata without packaged physical PDF/HTML artifact.,provenance.document_hash,6c03c9a40713a57cc4ee9c0c2dfc0a14a35d1b78f3c134652dfee56d0bd95839
P0,EVT-IMCA-1299,International Marine Contractors Association (IMCA),MISSING_SOURCE_ARTIFACT,Record derived from catalog metadata without packaged physical PDF/HTML artifact.,provenance.document_hash,545dcff80320e1a11e39ecbc0441b82dae283f9a0d5d928ff3a4728f5eda348f
P0,EVT-IMCA-1300,International Marine Contractors Association (IMCA),MISSING_SOURCE_ARTIFACT,Record derived from catalog metadata without packaged physical PDF/HTML artifact.,provenance.document_hash,b534bedfad7ffd5b80fcb027bbe204f5d36e9f673b4260e464d4bdb909ae7c9a
P0,EVT-IMCA-1301,International Marine Contractors Association (IMCA),MISSING_SOURCE_ARTIFACT,Record derived from catalog metadata without packaged physical PDF/HTML artifact.,provenance.document_hash,736aca822f834f59ba1acfdf593aa1cb96def2c949fb6ae264ab17722276974f
P0,EVT-IMCA-1302,International Marine Contractors Association (IMCA),MISSING_SOURCE_ARTIFACT,Record derived from catalog metadata without packaged physical PDF/HTML artifact.,provenance.document_hash,97ad95e851decc8f2a5e6d32b75e60ac255868e105dc841bbe2a8ac24028fb30
P0,EVT-IMCA-1303,International Marine Contractors Association (IMCA),MISSING_SOURCE_ARTIFACT,Record derived from catalog metadata without packaged physical PDF/HTML artifact.,provenance.document_hash,171450de1fbe399ef30d1c302aada9d5de1c2b31db50c4d37f4c56ed1ffcc74c
P0,EVT-IMCA-1304,International Marine Contractors Association (IMCA),MISSING_SOURCE_ARTIFACT,Record derived from catalog metadata without packaged physical PDF/HTML artifact.,provenance.document_hash,e4a5c8dc1ae41c1cd9f6ebef5bc657b8f82074e408d21aaeeec614dcdaeceeeb
P0,EVT-IMCA-1305,International Marine Contractors Association (IMCA),MISSING_SOURCE_ARTIFACT,Record derived from catalog metadata without packaged physical PDF/HTML artifact.,provenance.document_hash,ab6a3b5fd63053457baca18b866dccbb054bab01fc2e6c3ec481c281754deb59
P0,EVT-IMCA-1306,International Marine Contractors Association (IMCA),MISSING_SOURCE_ARTIFACT,Record derived from catalog metadata without packaged physical PDF/HTML artifact.,provenance.document_hash,bc51ff4303c764c63c0c8fcabee2e2d3459b472a5cb1df241132da56cb4fb849
P0,EVT-IMCA-1307,International Marine Contractors Association (IMCA),MISSING_SOURCE_ARTIFACT,Record derived from catalog metadata without packaged physical PDF/HTML artifact.,provenance.document_hash,cf0ae281d89e7333cb0873999474dded4cb3349f59b2b426c8f1fd7a9bff922d
P0,EVT-IMCA-1308,International Marine Contractors Association (IMCA),MISSING_SOURCE_ARTIFACT,Record derived from catalog metadata without packaged physical PDF/HTML artifact.,provenance.document_hash,ed67261c47116992b0a203086d04922459bea903ee180f0f257f4ee473dd0681
P0,EVT-IMCA-1309,International Marine Contractors Association (IMCA),MISSING_SOURCE_ARTIFACT,Record derived from catalog metadata without packaged physical PDF/HTML artifact.,provenance.document_hash,6491b01d5bcf26dd01cf59c1b568dad6aa19c6f3008bec300fa39d08e6ad0e0a
P0,EVT-IMCA-1310,International Marine Contractors Association (IMCA),MISSING_SOURCE_ARTIFACT,Record derived from catalog metadata without packaged physical PDF/HTML artifact.,provenance.document_hash,d653be357a30b874a057903ebed68959407ac6ff618f0883e75b86fec77a1a27
P0,EVT-IMCA-1311,International Marine Contractors Association (IMCA),MISSING_SOURCE_ARTIFACT,Record derived from catalog metadata without packaged physical PDF/HTML artifact.,provenance.document_hash,ae3178ebe8726c210dd90bfe7b8265dc79f46e5e1d1e167ec49cc8dddde82910
P0,EVT-IMCA-1312,International Marine Contractors Association (IMCA),MISSING_SOURCE_ARTIFACT,Record derived from catalog metadata without packaged physical PDF/HTML artifact.,provenance.document_hash,3ce42df85087e5c1d7526153c33881b0ae71c86f316f422b76eb66e9099cb871
P0,EVT-IMCA-1313,International Marine Contractors Association (IMCA),MISSING_SOURCE_ARTIFACT,Record derived from catalog metadata without packaged physical PDF/HTML artifact.,provenance.document_hash,dc1090c9af8dc89d610bbe550d96e6af1365f9db53e35924243a1128e585a8ac
P0,EVT-IMCA-1314,International Marine Contractors Association (IMCA),MISSING_SOURCE_ARTIFACT,Record derived from catalog metadata without packaged physical PDF/HTML artifact.,provenance.document_hash,2c4b532f7ed2960d016e872a727168354fbfbc49779106154ab06b2ab6b2b50d
P0,EVT-IMCA-1315,International Marine Contractors Association (IMCA),MISSING_SOURCE_ARTIFACT,Record derived from catalog metadata without packaged physical PDF/HTML artifact.,provenance.document_hash,39cf935ea44f5d18c6468cd3f59e0c0036cd345ac5bc859c116b0b3679e95b64
P0,EVT-IMCA-1316,International Marine Contractors Association (IMCA),MISSING_SOURCE_ARTIFACT,Record derived from catalog metadata without packaged physical PDF/HTML artifact.,provenance.document_hash,2b20572d6b847df61269325f19ee141c607273fbc6251daa2dea453e1b4e8826
P0,EVT-IMCA-1317,International Marine Contractors Association (IMCA),MISSING_SOURCE_ARTIFACT,Record derived from catalog metadata without packaged physical PDF/HTML artifact.,provenance.document_hash,f86a2401ac7cec75ff4e98f79ae185478407e03e9ae39b9b15c4994be0802c5d
P0,EVT-IMCA-1318,International Marine Contractors Association (IMCA),MISSING_SOURCE_ARTIFACT,Record derived from catalog metadata without packaged physical PDF/HTML artifact.,provenance.document_hash,70cb0acc7f7538d18f1f8b5640259ca5b69882e450b3a9611c4f17b7379d0099
P0,EVT-IMCA-1319,International Marine Contractors Association (IMCA),MISSING_SOURCE_ARTIFACT,Record derived from catalog metadata without packaged physical PDF/HTML artifact.,provenance.document_hash,b56140dd5240c7e1bdd237023c609c9081d95267796b50ad0a3c81bb3423f2bd
P0,EVT-IMCA-1320,International Marine Contractors Association (IMCA),MISSING_SOURCE_ARTIFACT,Record derived from catalog metadata without packaged physical PDF/HTML artifact.,provenance.document_hash,ef8d7f44a806a590570d7e1e371837449ed7e31815f5f6c4fe87401d827f86c7
P0,EVT-IMCA-1321,International Marine Contractors Association (IMCA),MISSING_SOURCE_ARTIFACT,Record derived from catalog metadata without packaged physical PDF/HTML artifact.,provenance.document_hash,b37c8e9ee01c4dfea03d60a64eea2e04866f176528ee35b7da7028ae471a718e
P0,EVT-IMCA-1322,International Marine Contractors Association (IMCA),MISSING_SOURCE_ARTIFACT,Record derived from catalog metadata without packaged physical PDF/HTML artifact.,provenance.document_hash,5965c267027ab845f5d34527fe5704b56950ab0437e5f6fef1ffe8174f71f2f0
P0,EVT-IMCA-1323,International Marine Contractors Association (IMCA),MISSING_SOURCE_ARTIFACT,Record derived from catalog metadata without packaged physical PDF/HTML artifact.,provenance.document_hash,dfc3f5a0de671a05f21fef574c3b2e0ac2fdcdf0cb19e12eda3fc76a6370bcdf
P0,EVT-IMCA-1324,International Marine Contractors Association (IMCA),MISSING_SOURCE_ARTIFACT,Record derived from catalog metadata without packaged physical PDF/HTML artifact.,provenance.document_hash,c605b3428398fe0f7de2d358871559b48f2e08df78e5f7180a93ab2d5fcf0ead
P0,EVT-IMCA-1325,International Marine Contractors Association (IMCA),MISSING_SOURCE_ARTIFACT,Record derived from catalog metadata without packaged physical PDF/HTML artifact.,provenance.document_hash,59a624ca8271eae5a26c5980e08d9590d16b83de32fb0f178125e7a335c92e1d
P0,EVT-IMCA-1326,International Marine Contractors Association (IMCA),MISSING_SOURCE_ARTIFACT,Record derived from catalog metadata without packaged physical PDF/HTML artifact.,provenance.document_hash,d08c8037e463c94f104182aae2c3e65ae3ab3a207783486652a0d9204fcf0ec5
P0,EVT-IMCA-1327,International Marine Contractors Association (IMCA),MISSING_SOURCE_ARTIFACT,Record derived from catalog metadata without packaged physical PDF/HTML artifact.,provenance.document_hash,474ee5c5ab4f6a96cd81047439d73f173ff4124ce6c51580d4fb1b5ca9f9efde
P0,EVT-IMCA-1328,International Marine Contractors Association (IMCA),MISSING_SOURCE_ARTIFACT,Record derived from catalog metadata without packaged physical PDF/HTML artifact.,provenance.document_hash,e4eaf0683f939c8808f808dec48d91c2a2cfe3698e05d976d34b5e5569ceb1b7
P0,EVT-IMCA-1329,International Marine Contractors Association (IMCA),MISSING_SOURCE_ARTIFACT,Record derived from catalog metadata without packaged physical PDF/HTML artifact.,provenance.document_hash,5fa23f4046db64617443b445e382b46c3f8344f6a338877813c9c9863e36c9f0
P0,EVT-IMCA-1330,International Marine Contractors Association (IMCA),MISSING_SOURCE_ARTIFACT,Record derived from catalog metadata without packaged physical PDF/HTML artifact.,provenance.document_hash,32c00f24eab54122a6674c50a29bc7a7f591240122d4ab5738febf065a3cd817
P0,EVT-IMCA-1331,International Marine Contractors Association (IMCA),MISSING_SOURCE_ARTIFACT,Record derived from catalog metadata without packaged physical PDF/HTML artifact.,provenance.document_hash,f24a4fd8f97674165aa1ddf6e2207833786b74c0e46c6ae14f12bcf5375f0aa0
P0,EVT-IMCA-1332,International Marine Contractors Association (IMCA),MISSING_SOURCE_ARTIFACT,Record derived from catalog metadata without packaged physical PDF/HTML artifact.,provenance.document_hash,13fcbb5dae911c46ba634cd9c700948f2bc28efd7d87da3eba9e37f47d21de47
P0,EVT-IMCA-1333,International Marine Contractors Association (IMCA),MISSING_SOURCE_ARTIFACT,Record derived from catalog metadata without packaged physical PDF/HTML artifact.,provenance.document_hash,ba2cdb3c64036f75f53b8fd6222373bcfa457ae6035957c941f68e284994028c
P0,EVT-IMCA-1334,International Marine Contractors Association (IMCA),MISSING_SOURCE_ARTIFACT,Record derived from catalog metadata without packaged physical PDF/HTML artifact.,provenance.document_hash,dd064bdf930215eaabaf4ddc135e310e3add864d8854cea2189d0fd535d39264
P0,EVT-IMCA-1335,International Marine Contractors Association (IMCA),MISSING_SOURCE_ARTIFACT,Record derived from catalog metadata without packaged physical PDF/HTML artifact.,provenance.document_hash,6b10aded6e2f48af4a6b9a0802207bfce3d10d8831d863b6cc11625ae4643dcc
P0,EVT-IMCA-1336,International Marine Contractors Association (IMCA),MISSING_SOURCE_ARTIFACT,Record derived from catalog metadata without packaged physical PDF/HTML artifact.,provenance.document_hash,6398e0ea8eb52a1d92cce914c8d8bd59cecb53e089aaf419a65d4080e3c2e086
P0,EVT-IMCA-1337,International Marine Contractors Association (IMCA),MISSING_SOURCE_ARTIFACT,Record derived from catalog metadata without packaged physical PDF/HTML artifact.,provenance.document_hash,8c9778371f0b21be6abc5cdc2333538ffde807390b264343aa724106ddae46f1
P0,EVT-IMCA-1338,International Marine Contractors Association (IMCA),MISSING_SOURCE_ARTIFACT,Record derived from catalog metadata without packaged physical PDF/HTML artifact.,provenance.document_hash,64d8e39e67bf4f2a2959135b61b4db2707bff3ed18e61f623ef4cf125347930c
P0,EVT-IMCA-1339,International Marine Contractors Association (IMCA),MISSING_SOURCE_ARTIFACT,Record derived from catalog metadata without packaged physical PDF/HTML artifact.,provenance.document_hash,6f94bb812f8c81b04b81339f86074b770558b7011b53e8df8a758b784eb9dcd5
P0,EVT-IMCA-1340,International Marine Contractors Association (IMCA),MISSING_SOURCE_ARTIFACT,Record derived from catalog metadata without packaged physical PDF/HTML artifact.,provenance.document_hash,3602d9fd144dfb5c4841f526ed06d731a1844f6b4491f05ef732a101423130ee
P0,EVT-IMCA-1341,International Marine Contractors Association (IMCA),MISSING_SOURCE_ARTIFACT,Record derived from catalog metadata without packaged physical PDF/HTML artifact.,provenance.document_hash,9ec013fbd3d4ee1f92a1cf5951157f1082b2d63128a3c37ff16b6c64f40ee432
P0,EVT-IMCA-1342,International Marine Contractors Association (IMCA),MISSING_SOURCE_ARTIFACT,Record derived from catalog metadata without packaged physical PDF/HTML artifact.,provenance.document_hash,e4597d1711a0071f6bec20078557c6d72ce3ee58a3ca6e5e27221f5636713e18
P0,EVT-IMCA-1343,International Marine Contractors Association (IMCA),MISSING_SOURCE_ARTIFACT,Record derived from catalog metadata without packaged physical PDF/HTML artifact.,provenance.document_hash,440e3985d5dc986149ae79b98b2af89fd2f8719a2a18091b37e13929d2219803
P0,EVT-IMCA-1344,International Marine Contractors Association (IMCA),MISSING_SOURCE_ARTIFACT,Record derived from catalog metadata without packaged physical PDF/HTML artifact.,provenance.document_hash,bf1bb53cdb50e84ea644f58b69a5121b50e8c4d01ecd97a4abb3c642b2584aa8
P0,EVT-IMCA-1345,International Marine Contractors Association (IMCA),MISSING_SOURCE_ARTIFACT,Record derived from catalog metadata without packaged physical PDF/HTML artifact.,provenance.document_hash,c3d43032525ca1fdc8eea530515348988588435a82ea2c25c639ce7798ba288c
P0,EVT-IMCA-1346,International Marine Contractors Association (IMCA),MISSING_SOURCE_ARTIFACT,Record derived from catalog metadata without packaged physical PDF/HTML artifact.,provenance.document_hash,911d6ab580cf5358657f6807ba5fc939cf1b56cb7380f17d70bc6480ce1f1ed5
P0,EVT-IMCA-1347,International Marine Contractors Association (IMCA),MISSING_SOURCE_ARTIFACT,Record derived from catalog metadata without packaged physical PDF/HTML artifact.,provenance.document_hash,342a96cc7f2cc95d33bad564191c1c41fcf1723887893883dc28ba496e2d0d5c
P0,EVT-IMCA-1348,International Marine Contractors Association (IMCA),MISSING_SOURCE_ARTIFACT,Record derived from catalog metadata without packaged physical PDF/HTML artifact.,provenance.document_hash,cd1922ef260c353cc302176d6cff4edd6f25ef1265780709ebe533de97ad4b65
P0,EVT-IMCA-1349,International Marine Contractors Association (IMCA),MISSING_SOURCE_ARTIFACT,Record derived from catalog metadata without packaged physical PDF/HTML artifact.,provenance.document_hash,b53e9d214ab39fd52a44a42fb2630bbe198caffa69a338d7af03272b84744881
P0,EVT-IMCA-1350,International Marine Contractors Association (IMCA),MISSING_SOURCE_ARTIFACT,Record derived from catalog metadata without packaged physical PDF/HTML artifact.,provenance.document_hash,be6255c12607574f012c18713cf425bd35c1120f8b3a9265657e7c1333c90595
P0,EVT-IMCA-1351,International Marine Contractors Association (IMCA),MISSING_SOURCE_ARTIFACT,Record derived from catalog metadata without packaged physical PDF/HTML artifact.,provenance.document_hash,d0077634844bf8aebc9cdc32d2a5ccf442f2e368c3d18d4d229605f386bafbf2
P0,EVT-IMCA-1352,International Marine Contractors Association (IMCA),MISSING_SOURCE_ARTIFACT,Record derived from catalog metadata without packaged physical PDF/HTML artifact.,provenance.document_hash,60d3620c53eb80f526e1dd7fcf31e17a3d1af67e13e52ef676227a70e6f60aab
P0,EVT-IMCA-1353,International Marine Contractors Association (IMCA),MISSING_SOURCE_ARTIFACT,Record derived from catalog metadata without packaged physical PDF/HTML artifact.,provenance.document_hash,cc1e272c33abe4542b99c8a3cfa84c536f069f20b73beace2135b59156fa198e
P0,EVT-IMCA-1354,International Marine Contractors Association (IMCA),MISSING_SOURCE_ARTIFACT,Record derived from catalog metadata without packaged physical PDF/HTML artifact.,provenance.document_hash,96ff7cefb718f5ea92836b93c8d0b27cb541d98927b299d6693ed6a1aa0c0136
P0,EVT-IMCA-1355,International Marine Contractors Association (IMCA),MISSING_SOURCE_ARTIFACT,Record derived from catalog metadata without packaged physical PDF/HTML artifact.,provenance.document_hash,d6e517555522c2409d3caaa67a4949c24cf78f85b752815165e26eee00b56726
P0,EVT-IMCA-1356,International Marine Contractors Association (IMCA),MISSING_SOURCE_ARTIFACT,Record derived from catalog metadata without packaged physical PDF/HTML artifact.,provenance.document_hash,5891eafab4e9979501a98a2fdc87bc89b9e9c3945b864da530c4f9b17158b4e0
P0,EVT-IMCA-1357,International Marine Contractors Association (IMCA),MISSING_SOURCE_ARTIFACT,Record derived from catalog metadata without packaged physical PDF/HTML artifact.,provenance.document_hash,59680e556edbacac7f7982ef6f5a5abc395cf2b685d6d73c9721ebbb2159f095
P0,EVT-IMCA-1358,International Marine Contractors Association (IMCA),MISSING_SOURCE_ARTIFACT,Record derived from catalog metadata without packaged physical PDF/HTML artifact.,provenance.document_hash,0b0ef61441b6c9b94b887743144a5c88e62f75202997583d8be40b9bf1b9c9e1
P0,EVT-IMCA-1359,International Marine Contractors Association (IMCA),MISSING_SOURCE_ARTIFACT,Record derived from catalog metadata without packaged physical PDF/HTML artifact.,provenance.document_hash,4f8621113cbe7365d641287ae9c5dc0f18b192d057293ed68aba66e8a1936bc5
P0,EVT-IMCA-1360,International Marine Contractors Association (IMCA),MISSING_SOURCE_ARTIFACT,Record derived from catalog metadata without packaged physical PDF/HTML artifact.,provenance.document_hash,460da05f67100118c6f67337f0dea0e01b66d998a7604b628991f4f91a3d762a
P0,EVT-IMCA-1361,International Marine Contractors Association (IMCA),MISSING_SOURCE_ARTIFACT,Record derived from catalog metadata without packaged physical PDF/HTML artifact.,provenance.document_hash,ae833056b9192a275cf0050b8530b81ba4794e385b99ffb199b57c1b5cc494de
P0,EVT-IMCA-1362,International Marine Contractors Association (IMCA),MISSING_SOURCE_ARTIFACT,Record derived from catalog metadata without packaged physical PDF/HTML artifact.,provenance.document_hash,b5a0448df7700498239d96215b49f77467dbab3d593b9ae1474f2c13c40590ee
P0,EVT-IMCA-1363,International Marine Contractors Association (IMCA),MISSING_SOURCE_ARTIFACT,Record derived from catalog metadata without packaged physical PDF/HTML artifact.,provenance.document_hash,10ad98588f7cbfe67fc5e6948e07c8ed8b5561ad2b95259ec1146d5ddd50f28e
P0,EVT-IMCA-1364,International Marine Contractors Association (IMCA),MISSING_SOURCE_ARTIFACT,Record derived from catalog metadata without packaged physical PDF/HTML artifact.,provenance.document_hash,318dd6915c93635680c5c1f2d140140659960e4090972ba589a4b07d848e345c
P0,EVT-IMCA-1365,International Marine Contractors Association (IMCA),MISSING_SOURCE_ARTIFACT,Record derived from catalog metadata without packaged physical PDF/HTML artifact.,provenance.document_hash,4e8574f406e514a07939f16ea14bf0a16d57cdf2ea0b67d0a536e7565bf37a46
P0,EVT-IMCA-1366,International Marine Contractors Association (IMCA),MISSING_SOURCE_ARTIFACT,Record derived from catalog metadata without packaged physical PDF/HTML artifact.,provenance.document_hash,42bf8bb755a0a8c78e7f262a70b5e01e7bdd01d503141187941f2c8bff4dce08
P0,EVT-IMCA-1367,International Marine Contractors Association (IMCA),MISSING_SOURCE_ARTIFACT,Record derived from catalog metadata without packaged physical PDF/HTML artifact.,provenance.document_hash,8ef4dc6140b602f94ee844e80c6772a42c8cdfbee1cf0fd3fe95e1e7a068242c
P0,EVT-IMCA-1368,International Marine Contractors Association (IMCA),MISSING_SOURCE_ARTIFACT,Record derived from catalog metadata without packaged physical PDF/HTML artifact.,provenance.document_hash,bf0eed50e1ddb49b4c3b46480e96225c8b5aae9e5258ff511005cd5a8c8ae10e
P0,EVT-IMCA-1369,International Marine Contractors Association (IMCA),MISSING_SOURCE_ARTIFACT,Record derived from catalog metadata without packaged physical PDF/HTML artifact.,provenance.document_hash,760079b65331f67fe245e641a670383d054c3816b0bf8c7cbc43197dea3bf75b
P0,EVT-IMCA-1370,International Marine Contractors Association (IMCA),MISSING_SOURCE_ARTIFACT,Record derived from catalog metadata without packaged physical PDF/HTML artifact.,provenance.document_hash,26db2d66bbd95061b35296cf65782cb157aa3fbcc4985faff6492a005596bbcd
P0,EVT-IMCA-1371,International Marine Contractors Association (IMCA),MISSING_SOURCE_ARTIFACT,Record derived from catalog metadata without packaged physical PDF/HTML artifact.,provenance.document_hash,81389939d0502f95b83d38f1dd2ce69e01f89af3f12978ebafcfafc0d497f1d1
P0,EVT-IMCA-1372,International Marine Contractors Association (IMCA),MISSING_SOURCE_ARTIFACT,Record derived from catalog metadata without packaged physical PDF/HTML artifact.,provenance.document_hash,390eed930bc0c04bf5bed8b34a6d5e583bbcc89dba929afe02d96cf1a60b2206
P0,EVT-IMCA-1373,International Marine Contractors Association (IMCA),MISSING_SOURCE_ARTIFACT,Record derived from catalog metadata without packaged physical PDF/HTML artifact.,provenance.document_hash,8906f1e1a719131d949094e53a9c62e9ea67d41c4fe64e5e96d913a1ef8ca1bf
P0,EVT-IMCA-1374,International Marine Contractors Association (IMCA),MISSING_SOURCE_ARTIFACT,Record derived from catalog metadata without packaged physical PDF/HTML artifact.,provenance.document_hash,1eebc9869b3d8aab55fef3c6e75193da44e08171efe883b42226c1cd46ad7a9f
P0,EVT-IMCA-1375,International Marine Contractors Association (IMCA),MISSING_SOURCE_ARTIFACT,Record derived from catalog metadata without packaged physical PDF/HTML artifact.,provenance.document_hash,2a409943e75b4a4925ba4770c31484e1b7d1c3f61de8141affb15d8718fe7e81
P0,EVT-IMCA-1376,International Marine Contractors Association (IMCA),MISSING_SOURCE_ARTIFACT,Record derived from catalog metadata without packaged physical PDF/HTML artifact.,provenance.document_hash,13e61b7e8b0f5c677e4fe3699e9867c434b3374f51d3b72f414db9504b6fa831
P0,EVT-IMCA-1377,International Marine Contractors Association (IMCA),MISSING_SOURCE_ARTIFACT,Record derived from catalog metadata without packaged physical PDF/HTML artifact.,provenance.document_hash,ce1a70f48ccbdd51f26ecd18b56f6d90e2f30abfc261277906ac2c5f5270bdd4
P0,EVT-IMCA-1378,International Marine Contractors Association (IMCA),MISSING_SOURCE_ARTIFACT,Record derived from catalog metadata without packaged physical PDF/HTML artifact.,provenance.document_hash,f6cd8d1a6474393e32b968a61f3deb945ac732e6beb64da719be9d0004f9bb3e
P0,EVT-IMCA-1379,International Marine Contractors Association (IMCA),MISSING_SOURCE_ARTIFACT,Record derived from catalog metadata without packaged physical PDF/HTML artifact.,provenance.document_hash,a16b11587ff3d50ad83c3c51133e5e649012ecbfb67f409b3cd205a6d213d7d2
P0,EVT-IMCA-1380,International Marine Contractors Association (IMCA),MISSING_SOURCE_ARTIFACT,Record derived from catalog metadata without packaged physical PDF/HTML artifact.,provenance.document_hash,04a46b9e8a72575f6e346160ba1d0cb056faf4c627026ba840188f2da96e0f76
P0,EVT-IMCA-1381,International Marine Contractors Association (IMCA),MISSING_SOURCE_ARTIFACT,Record derived from catalog metadata without packaged physical PDF/HTML artifact.,provenance.document_hash,81a3cbdfee0d98a5371aacf6dce6cf13c458353e644cc7c7948d5623d68eedd5
P0,EVT-IMCA-1382,International Marine Contractors Association (IMCA),MISSING_SOURCE_ARTIFACT,Record derived from catalog metadata without packaged physical PDF/HTML artifact.,provenance.document_hash,6c8001be7f1d6ccfc9907de57c4e79107d0fd0c4cd965db926c2cb7cdfc53fef
P0,EVT-IMCA-1383,International Marine Contractors Association (IMCA),MISSING_SOURCE_ARTIFACT,Record derived from catalog metadata without packaged physical PDF/HTML artifact.,provenance.document_hash,c857e13b831c8be780c9b096db6689d7c45b1e389c25217f1360434a85cdc7c8
P0,EVT-IMCA-1384,International Marine Contractors Association (IMCA),MISSING_SOURCE_ARTIFACT,Record derived from catalog metadata without packaged physical PDF/HTML artifact.,provenance.document_hash,f841a7d07ae774796f1a878d1b5845389f6bffea3cf6756cef5af84135392c38
P0,EVT-IMCA-1385,International Marine Contractors Association (IMCA),MISSING_SOURCE_ARTIFACT,Record derived from catalog metadata without packaged physical PDF/HTML artifact.,provenance.document_hash,efffe0d1db128b07d869430ce125e59765722299bdfb4ee9d4c949aec7d91f57
P0,EVT-IMCA-1386,International Marine Contractors Association (IMCA),MISSING_SOURCE_ARTIFACT,Record derived from catalog metadata without packaged physical PDF/HTML artifact.,provenance.document_hash,e558b5271518ee68ac98e52b08ff29fb754d2d9bb0fbb07b5c61ab864de52613
P0,EVT-IMCA-1387,International Marine Contractors Association (IMCA),MISSING_SOURCE_ARTIFACT,Record derived from catalog metadata without packaged physical PDF/HTML artifact.,provenance.document_hash,3d26bf307f08bf2960655dba60c45b45c1547bbb2264e3780f3614ef644490ef
P0,EVT-IMCA-1388,International Marine Contractors Association (IMCA),MISSING_SOURCE_ARTIFACT,Record derived from catalog metadata without packaged physical PDF/HTML artifact.,provenance.document_hash,eba46bb902a0e4538ca2171ac40055e44724b91182b9a6eddf44c1725e18c902
P0,EVT-IMCA-1389,International Marine Contractors Association (IMCA),MISSING_SOURCE_ARTIFACT,Record derived from catalog metadata without packaged physical PDF/HTML artifact.,provenance.document_hash,7c2e61f45f2ab77ec4c3ea838683ab30d3705786bb2785ae8b02bec9b4e00912
P0,EVT-IMCA-1390,International Marine Contractors Association (IMCA),MISSING_SOURCE_ARTIFACT,Record derived from catalog metadata without packaged physical PDF/HTML artifact.,provenance.document_hash,aa7c01e4fbc97fb1b6611cb35988f3a0ee5ff66295e57cc7655e77389d128f21
P0,EVT-IMCA-1391,International Marine Contractors Association (IMCA),MISSING_SOURCE_ARTIFACT,Record derived from catalog metadata without packaged physical PDF/HTML artifact.,provenance.document_hash,0072c62779c50256b4ec18ff27146c66cafad3c65f0d4cc023f7ee91774c0163
P0,EVT-IMCA-1392,International Marine Contractors Association (IMCA),MISSING_SOURCE_ARTIFACT,Record derived from catalog metadata without packaged physical PDF/HTML artifact.,provenance.document_hash,4198ef7ee9e73886cc36836e868430f57ddd1bdc6d4cb8611ad3ee4bbcf56dbf
P0,EVT-IMCA-1393,International Marine Contractors Association (IMCA),MISSING_SOURCE_ARTIFACT,Record derived from catalog metadata without packaged physical PDF/HTML artifact.,provenance.document_hash,53c6aeb131acf8f3353505ec1db6c9b8d3eee660a2e497c2ad997d2e3a080ea0
P0,EVT-IMCA-1394,International Marine Contractors Association (IMCA),MISSING_SOURCE_ARTIFACT,Record derived from catalog metadata without packaged physical PDF/HTML artifact.,provenance.document_hash,321df2523690df3de3e3eaf0fea9180f022ba6cb990037c56e591c3dcd1379c4
P0,EVT-IMCA-1395,International Marine Contractors Association (IMCA),MISSING_SOURCE_ARTIFACT,Record derived from catalog metadata without packaged physical PDF/HTML artifact.,provenance.document_hash,560ab648c9cc318ffbca4864660dda9064b1ffe707eb1aa5781e285a07f98ba8
P0,EVT-IMCA-1396,International Marine Contractors Association (IMCA),MISSING_SOURCE_ARTIFACT,Record derived from catalog metadata without packaged physical PDF/HTML artifact.,provenance.document_hash,f894d6caa898c2898d5457fe8e6902bf4ff95983d4381887a3d4c754237fd4fb
P0,EVT-IMCA-1397,International Marine Contractors Association (IMCA),MISSING_SOURCE_ARTIFACT,Record derived from catalog metadata without packaged physical PDF/HTML artifact.,provenance.document_hash,5670cd1d3897a97ee8f900b3ef01c6397359ded74309863a9592e88d7a692d14
P0,EVT-IMCA-1398,International Marine Contractors Association (IMCA),MISSING_SOURCE_ARTIFACT,Record derived from catalog metadata without packaged physical PDF/HTML artifact.,provenance.document_hash,5d021686b04bfb75ef33df43b37538f5b534b559e1a0c12616ccad514cc967ab
P0,EVT-IMCA-1399,International Marine Contractors Association (IMCA),MISSING_SOURCE_ARTIFACT,Record derived from catalog metadata without packaged physical PDF/HTML artifact.,provenance.document_hash,53cb1249af3c5b45cb35033643cb79e6f8bdb95bb690c871f3810c979c46783d
P0,EVT-IMCA-1400,International Marine Contractors Association (IMCA),MISSING_SOURCE_ARTIFACT,Record derived from catalog metadata without packaged physical PDF/HTML artifact.,provenance.document_hash,6d8ab7659007727470afd29785469b72a1a118461b7d45d0810459c760943277
P0,EVT-IMCA-1401,International Marine Contractors Association (IMCA),MISSING_SOURCE_ARTIFACT,Record derived from catalog metadata without packaged physical PDF/HTML artifact.,provenance.document_hash,6356259793995f529c43b33301d72e30e5579d3200a30b6740b1ee39f49e0fb2
P0,EVT-IMCA-1402,International Marine Contractors Association (IMCA),MISSING_SOURCE_ARTIFACT,Record derived from catalog metadata without packaged physical PDF/HTML artifact.,provenance.document_hash,0690587bda641e5f34a1869d3c3dbc5d54ddcf3eb77a8234a52b7fea395838f8
P0,EVT-IMCA-1403,International Marine Contractors Association (IMCA),MISSING_SOURCE_ARTIFACT,Record derived from catalog metadata without packaged physical PDF/HTML artifact.,provenance.document_hash,d443e6b4e0badad60404ba52c76679160a1117e1e05e28602d9ff30fdbb95832
P0,EVT-IMCA-1404,International Marine Contractors Association (IMCA),MISSING_SOURCE_ARTIFACT,Record derived from catalog metadata without packaged physical PDF/HTML artifact.,provenance.document_hash,c9b4d5cd783aaea587a9a4d27c8af63e685aaafcc8fda79cbaf975d04df4f52c
P0,EVT-IMCA-1405,International Marine Contractors Association (IMCA),MISSING_SOURCE_ARTIFACT,Record derived from catalog metadata without packaged physical PDF/HTML artifact.,provenance.document_hash,0aa3b55a5b73cf21f3d0e9b8a9107c592764f63cb6d55db486c49582367b2778
P0,EVT-IMCA-1406,International Marine Contractors Association (IMCA),MISSING_SOURCE_ARTIFACT,Record derived from catalog metadata without packaged physical PDF/HTML artifact.,provenance.document_hash,ed7d002544c78a6814a82f38bf94004f996c0ba221942686b410300cb354f820
P0,EVT-IMCA-1407,International Marine Contractors Association (IMCA),MISSING_SOURCE_ARTIFACT,Record derived from catalog metadata without packaged physical PDF/HTML artifact.,provenance.document_hash,0d2b55cdcaa14e95e2c7d6f6dfae49b0403a2aa4010c0a622a06964b12e7250e
P0,EVT-IMCA-1408,International Marine Contractors Association (IMCA),MISSING_SOURCE_ARTIFACT,Record derived from catalog metadata without packaged physical PDF/HTML artifact.,provenance.document_hash,a1d68803aa56e680d0fc90aecc7d40b74cb1dfd5239a12797b4cf2422ccd1324
P0,EVT-IMCA-1409,International Marine Contractors Association (IMCA),MISSING_SOURCE_ARTIFACT,Record derived from catalog metadata without packaged physical PDF/HTML artifact.,provenance.document_hash,340e5fc2c92e50b61237ce9ad6e317c61d7fb28420b48bcbdee9148ffff26f36
P0,EVT-IMCA-1410,International Marine Contractors Association (IMCA),MISSING_SOURCE_ARTIFACT,Record derived from catalog metadata without packaged physical PDF/HTML artifact.,provenance.document_hash,4957b6b775bdc1f85b6f4fedfe3b3068538a111a2ab570ef2089f5a6896344c7
P0,EVT-IMCA-1411,International Marine Contractors Association (IMCA),MISSING_SOURCE_ARTIFACT,Record derived from catalog metadata without packaged physical PDF/HTML artifact.,provenance.document_hash,bb3861eb423904dbef24db14744aada01f6e7be473977a654e7ab1e81a02e248
P0,EVT-IMCA-1412,International Marine Contractors Association (IMCA),MISSING_SOURCE_ARTIFACT,Record derived from catalog metadata without packaged physical PDF/HTML artifact.,provenance.document_hash,550613ecbb74101bc6d5020e91904f7c811ed667877c1dcc60014c5080567a5a
P0,EVT-IMCA-1413,International Marine Contractors Association (IMCA),MISSING_SOURCE_ARTIFACT,Record derived from catalog metadata without packaged physical PDF/HTML artifact.,provenance.document_hash,676e1341c357ababece420d10879e96e23ca37309c9958974f8f7b87ce49a67c
P0,EVT-IMCA-1414,International Marine Contractors Association (IMCA),MISSING_SOURCE_ARTIFACT,Record derived from catalog metadata without packaged physical PDF/HTML artifact.,provenance.document_hash,7deed181ef4810b1b84e4148da98aed018fecc73eaa5181cb629aa9cdd6d077a
P0,EVT-IMCA-1415,International Marine Contractors Association (IMCA),MISSING_SOURCE_ARTIFACT,Record derived from catalog metadata without packaged physical PDF/HTML artifact.,provenance.document_hash,96ec09e73805397b40a660c3dd74e2d92a1dd5b7f034fbbc3e669cc4429bfc85
P0,EVT-IMCA-1416,International Marine Contractors Association (IMCA),MISSING_SOURCE_ARTIFACT,Record derived from catalog metadata without packaged physical PDF/HTML artifact.,provenance.document_hash,b4a76cd343b334097e18db0510e57fe310c88900489f7a550ba70adf749a9082
P0,EVT-IMCA-1417,International Marine Contractors Association (IMCA),MISSING_SOURCE_ARTIFACT,Record derived from catalog metadata without packaged physical PDF/HTML artifact.,provenance.document_hash,f928ef0a17ee15592b159621e8c774e021ce61ee89eba9551403ecf7c4bc3c12
P0,EVT-IMCA-1418,International Marine Contractors Association (IMCA),MISSING_SOURCE_ARTIFACT,Record derived from catalog metadata without packaged physical PDF/HTML artifact.,provenance.document_hash,913b274365a5c6f31af0d6ed03f0887f4a283e625b9fadb7106d096439efd69a
P0,EVT-IMCA-1419,International Marine Contractors Association (IMCA),MISSING_SOURCE_ARTIFACT,Record derived from catalog metadata without packaged physical PDF/HTML artifact.,provenance.document_hash,cbd9d4d6e193c564fa4a024a874146e1e48eda939471f17dd52f69e44c6ab519
P0,EVT-IMCA-1420,International Marine Contractors Association (IMCA),MISSING_SOURCE_ARTIFACT,Record derived from catalog metadata without packaged physical PDF/HTML artifact.,provenance.document_hash,145849bfc1f00e74be656bafc7d266dd8927ac8647c4cabf61787b2d86c5ad18
P0,EVT-IMCA-1421,International Marine Contractors Association (IMCA),MISSING_SOURCE_ARTIFACT,Record derived from catalog metadata without packaged physical PDF/HTML artifact.,provenance.document_hash,7ef14c46a7dd76ed0488745d44bcfc471694f71f256153fec49112f70a3132ee
P0,EVT-IMCA-1422,International Marine Contractors Association (IMCA),MISSING_SOURCE_ARTIFACT,Record derived from catalog metadata without packaged physical PDF/HTML artifact.,provenance.document_hash,17fa6a59c2dc432f02191f1bc4882c3cbb1d3afcad2b873a820e83160dd25b40
P0,EVT-IMCA-1423,International Marine Contractors Association (IMCA),MISSING_SOURCE_ARTIFACT,Record derived from catalog metadata without packaged physical PDF/HTML artifact.,provenance.document_hash,9c85464481fc257649e37d580e6d6cd639bee37c54d8639e32d665e25f2f623c
P0,EVT-IMCA-1424,International Marine Contractors Association (IMCA),MISSING_SOURCE_ARTIFACT,Record derived from catalog metadata without packaged physical PDF/HTML artifact.,provenance.document_hash,3a72c7c136bb175602c3ed3af39f4f28b7e893ff528fd8161e8b9718e0d76933
P0,EVT-IMCA-1425,International Marine Contractors Association (IMCA),MISSING_SOURCE_ARTIFACT,Record derived from catalog metadata without packaged physical PDF/HTML artifact.,provenance.document_hash,0c23588aba8c24a53372788dee2ced55bd857e73b14e7c7f99bbe80a373fdce2
P0,EVT-IMCA-1426,International Marine Contractors Association (IMCA),MISSING_SOURCE_ARTIFACT,Record derived from catalog metadata without packaged physical PDF/HTML artifact.,provenance.document_hash,f6127a70296d60ed67385bc6f538f8a9df223794157e4560fb4696a353a0f01b
P0,EVT-IMCA-1427,International Marine Contractors Association (IMCA),MISSING_SOURCE_ARTIFACT,Record derived from catalog metadata without packaged physical PDF/HTML artifact.,provenance.document_hash,2ae361fef05b3d807b2d2d9ba7fda311868439d70a965e9291b1e751de106463
P0,EVT-IMCA-1428,International Marine Contractors Association (IMCA),MISSING_SOURCE_ARTIFACT,Record derived from catalog metadata without packaged physical PDF/HTML artifact.,provenance.document_hash,8f0d19ad1cf68672aca4500940fb1495856dbf76ab93d0b5945d2243d7a023f6
P0,EVT-IMCA-1429,International Marine Contractors Association (IMCA),MISSING_SOURCE_ARTIFACT,Record derived from catalog metadata without packaged physical PDF/HTML artifact.,provenance.document_hash,b4974346535bce0ffc48d81dfe8d8dcf52b9856a813b8a9c3b1873bd577c8179
P0,EVT-IMCA-1430,International Marine Contractors Association (IMCA),MISSING_SOURCE_ARTIFACT,Record derived from catalog metadata without packaged physical PDF/HTML artifact.,provenance.document_hash,73b3382e66d78b4231a34a4af29b29e64f0768c38c76457ee5cbff9534ec8582
P0,EVT-IMCA-1431,International Marine Contractors Association (IMCA),MISSING_SOURCE_ARTIFACT,Record derived from catalog metadata without packaged physical PDF/HTML artifact.,provenance.document_hash,b1b2cb521f52333112a3690cef96771ed9e75ad3af9abe973e881fce3f7f2326
P0,EVT-IMCA-1432,International Marine Contractors Association (IMCA),MISSING_SOURCE_ARTIFACT,Record derived from catalog metadata without packaged physical PDF/HTML artifact.,provenance.document_hash,f91499a791a9694bcf20ed043de9f505dcd0dfd093133d26254e70e6df016437
P0,EVT-IMCA-1433,International Marine Contractors Association (IMCA),MISSING_SOURCE_ARTIFACT,Record derived from catalog metadata without packaged physical PDF/HTML artifact.,provenance.document_hash,2f90751741e30ec81060dcb4d7dc21b2dc94c3ca601d4108e871af769bda9e62
P0,EVT-IMCA-1434,International Marine Contractors Association (IMCA),MISSING_SOURCE_ARTIFACT,Record derived from catalog metadata without packaged physical PDF/HTML artifact.,provenance.document_hash,6cdda794a33e72f97a45511c33877f710c9080be5f5f9b7ce558f41fc724b2aa
P0,EVT-IMCA-1435,International Marine Contractors Association (IMCA),MISSING_SOURCE_ARTIFACT,Record derived from catalog metadata without packaged physical PDF/HTML artifact.,provenance.document_hash,487fb733e90ea37cb43e6a13fdae90f9b904b1eeea02f8528ba4759ed9c3b661
P0,EVT-IMCA-1436,International Marine Contractors Association (IMCA),MISSING_SOURCE_ARTIFACT,Record derived from catalog metadata without packaged physical PDF/HTML artifact.,provenance.document_hash,d01128f8341519f21153df5210973faeca21eda6f36c462a5542b83b56d1f487
P0,EVT-IMCA-1437,International Marine Contractors Association (IMCA),MISSING_SOURCE_ARTIFACT,Record derived from catalog metadata without packaged physical PDF/HTML artifact.,provenance.document_hash,80ecb0ea4ea62cb614de7c8c2aea9b92bb7089aee5a066bf0961ebac2a932669
P0,EVT-IMCA-1438,International Marine Contractors Association (IMCA),MISSING_SOURCE_ARTIFACT,Record derived from catalog metadata without packaged physical PDF/HTML artifact.,provenance.document_hash,12b0c0728613c2b82256d89745dc18a460f88909d5d66502ce75c3b01f7e181f
P0,EVT-IMCA-1439,International Marine Contractors Association (IMCA),MISSING_SOURCE_ARTIFACT,Record derived from catalog metadata without packaged physical PDF/HTML artifact.,provenance.document_hash,d18d75ef68ffe11a39dde050101461843acbdf6323180e12ef6aa96242856d7f
P0,EVT-IMCA-1440,International Marine Contractors Association (IMCA),MISSING_SOURCE_ARTIFACT,Record derived from catalog metadata without packaged physical PDF/HTML artifact.,provenance.document_hash,e31e98d27c9209ced035ad4e7eee66ccf80cfa8799c1a39d80a3d30960ff3888
P0,EVT-IMCA-1441,International Marine Contractors Association (IMCA),MISSING_SOURCE_ARTIFACT,Record derived from catalog metadata without packaged physical PDF/HTML artifact.,provenance.document_hash,f42bd66ca588172e568681c4c7a3b12c0a6464214104a74bfd6f83df639fcc1a
P0,EVT-IMCA-1442,International Marine Contractors Association (IMCA),MISSING_SOURCE_ARTIFACT,Record derived from catalog metadata without packaged physical PDF/HTML artifact.,provenance.document_hash,4d24af959577115de65418ac6cc842b17e65772a90d1800fbc54b53403c6a205
P0,EVT-IMCA-1443,International Marine Contractors Association (IMCA),MISSING_SOURCE_ARTIFACT,Record derived from catalog metadata without packaged physical PDF/HTML artifact.,provenance.document_hash,6ebfeb52897712b8a3a596ceac2bb7f129b620eae085ba365584bef20393e031
P0,EVT-IMCA-1444,International Marine Contractors Association (IMCA),MISSING_SOURCE_ARTIFACT,Record derived from catalog metadata without packaged physical PDF/HTML artifact.,provenance.document_hash,92cb2f49157c02a0e9b2d18573d136b335fa4d1220f7248298a3d70355119541
P0,EVT-IMCA-1445,International Marine Contractors Association (IMCA),MISSING_SOURCE_ARTIFACT,Record derived from catalog metadata without packaged physical PDF/HTML artifact.,provenance.document_hash,7323ff8872952b1d1f8ccc01d54094d3831c5668ac6d5d04ae1a9d2194f097a7
P0,EVT-IMCA-1446,International Marine Contractors Association (IMCA),MISSING_SOURCE_ARTIFACT,Record derived from catalog metadata without packaged physical PDF/HTML artifact.,provenance.document_hash,cf36b8e0f69c4426cf3e93878c9562a4b4e8cab1dffa620bf993a3e8b114073f
P0,EVT-IMCA-1447,International Marine Contractors Association (IMCA),MISSING_SOURCE_ARTIFACT,Record derived from catalog metadata without packaged physical PDF/HTML artifact.,provenance.document_hash,926b5e9e16ddb09a23634c40238b4ee2f3805e7f3ac1b16e61004bbce75cc222
P0,EVT-IMCA-1448,International Marine Contractors Association (IMCA),MISSING_SOURCE_ARTIFACT,Record derived from catalog metadata without packaged physical PDF/HTML artifact.,provenance.document_hash,2991946a1e3e44a8df500391e184bb994664b0c9f23e392967d5ef6c0c2545c2
P0,EVT-IMCA-1449,International Marine Contractors Association (IMCA),MISSING_SOURCE_ARTIFACT,Record derived from catalog metadata without packaged physical PDF/HTML artifact.,provenance.document_hash,35ed485841d971675aef8885b90df88d63f11926a0d1d1a262a640dcf5eb2599
P0,EVT-IMCA-1450,International Marine Contractors Association (IMCA),MISSING_SOURCE_ARTIFACT,Record derived from catalog metadata without packaged physical PDF/HTML artifact.,provenance.document_hash,a01753ee8c2aa7d4dd93ccfd0f6ac9bd94a0446a0666f675ebae63366e64ef85
P0,EVT-IMCA-1452,International Marine Contractors Association (IMCA),MISSING_SOURCE_ARTIFACT,Record derived from catalog metadata without packaged physical PDF/HTML artifact.,provenance.document_hash,e21c98cf799b145862258a5273fe90381758593a7273707593499cf68053f3a1
P0,EVT-IMCA-1453,International Marine Contractors Association (IMCA),MISSING_SOURCE_ARTIFACT,Record derived from catalog metadata without packaged physical PDF/HTML artifact.,provenance.document_hash,9f96d54e30ba2e44209beb4b180148239a6974bd28953a3db0ed5884bb82a72e
P0,EVT-IMCA-1454,International Marine Contractors Association (IMCA),MISSING_SOURCE_ARTIFACT,Record derived from catalog metadata without packaged physical PDF/HTML artifact.,provenance.document_hash,13a9ca4ea3181635f84960ba2b537e3b328ab1e359b159a5d9bf17f2f7868f1b
P0,EVT-IMCA-1455,International Marine Contractors Association (IMCA),MISSING_SOURCE_ARTIFACT,Record derived from catalog metadata without packaged physical PDF/HTML artifact.,provenance.document_hash,80bac9486c3c88258953f32a89900f9007d7dba00c9334d54db2f388ff025125
P0,EVT-IMCA-1456,International Marine Contractors Association (IMCA),MISSING_SOURCE_ARTIFACT,Record derived from catalog metadata without packaged physical PDF/HTML artifact.,provenance.document_hash,4096e9274c3d0905c56a52dd52e995f8940b3ba34c7ab6ee6d8d9e777584311c
P0,EVT-IMCA-1457,International Marine Contractors Association (IMCA),MISSING_SOURCE_ARTIFACT,Record derived from catalog metadata without packaged physical PDF/HTML artifact.,provenance.document_hash,153c9f721cc5850a689b6ae6ac2488331525a0dc1b3ab23ed6ee3adf523324d4
P0,EVT-IMCA-1458,International Marine Contractors Association (IMCA),MISSING_SOURCE_ARTIFACT,Record derived from catalog metadata without packaged physical PDF/HTML artifact.,provenance.document_hash,ea1b0769337376ae23e27081c94c6827c799adceb6ba1f05d62a45d5d523791f
P0,EVT-IMCA-1459,International Marine Contractors Association (IMCA),MISSING_SOURCE_ARTIFACT,Record derived from catalog metadata without packaged physical PDF/HTML artifact.,provenance.document_hash,99e20df2e024b2ec68dfb50b2f35e74491c1c536cae62eb0bc8009ec03217e9a
P0,EVT-IMCA-1460,International Marine Contractors Association (IMCA),MISSING_SOURCE_ARTIFACT,Record derived from catalog metadata without packaged physical PDF/HTML artifact.,provenance.document_hash,25a23981fa996f0e17bd30d0e73d3489e5ff6fc9eb5d2d6e338ba4053b66fc6b
P0,EVT-IMCA-1461,International Marine Contractors Association (IMCA),MISSING_SOURCE_ARTIFACT,Record derived from catalog metadata without packaged physical PDF/HTML artifact.,provenance.document_hash,19b689e5eeeb9bd84138c0866b72d565fa42fa4110ef937bedbf731c15266800
P0,EVT-IMCA-1462,International Marine Contractors Association (IMCA),MISSING_SOURCE_ARTIFACT,Record derived from catalog metadata without packaged physical PDF/HTML artifact.,provenance.document_hash,6bfe33fb254b1e30d7780873bf7a59c364921afb86dd869f7ef6d0890515b90e
P0,EVT-IMCA-1463,International Marine Contractors Association (IMCA),MISSING_SOURCE_ARTIFACT,Record derived from catalog metadata without packaged physical PDF/HTML artifact.,provenance.document_hash,149dba74ce472f09b2e671fa19dc3d0e9d94114d5c446ea74f2ddac1cfedf329
P0,EVT-IMCA-1464,International Marine Contractors Association (IMCA),MISSING_SOURCE_ARTIFACT,Record derived from catalog metadata without packaged physical PDF/HTML artifact.,provenance.document_hash,bdcb5601d3e488870f9a6bb073d9ebf584eb5dfabc392c44dd6a7ea6bf3a2c59
P0,EVT-IMCA-1465,International Marine Contractors Association (IMCA),MISSING_SOURCE_ARTIFACT,Record derived from catalog metadata without packaged physical PDF/HTML artifact.,provenance.document_hash,90e65f7346c7328ec56c4a20cccfb76ef8b9ec684058ba55e311977212deeaea
P0,EVT-IMCA-1466,International Marine Contractors Association (IMCA),MISSING_SOURCE_ARTIFACT,Record derived from catalog metadata without packaged physical PDF/HTML artifact.,provenance.document_hash,1f3f183f9bc12d4da8d074f84beb48cc7ff217de96928bac8185d2cb0120e0e0
P0,EVT-IMCA-1467,International Marine Contractors Association (IMCA),MISSING_SOURCE_ARTIFACT,Record derived from catalog metadata without packaged physical PDF/HTML artifact.,provenance.document_hash,4ccd1f55dc9bdbf67cd51c3f002525fd2d6f5af82ffca0693a624e26f7f3b66b
P0,EVT-IMCA-1469,International Marine Contractors Association (IMCA),MISSING_SOURCE_ARTIFACT,Record derived from catalog metadata without packaged physical PDF/HTML artifact.,provenance.document_hash,789360ca874556ea682a194dc507721912f0b7f9d53d8768111557c1c4416c85
P0,EVT-IMCA-1470,International Marine Contractors Association (IMCA),MISSING_SOURCE_ARTIFACT,Record derived from catalog metadata without packaged physical PDF/HTML artifact.,provenance.document_hash,bdef6d7ed957cada31ee6512d7155da464256a2084cc6c0147389d20f6e8aee0
P0,EVT-IMCA-1471,International Marine Contractors Association (IMCA),MISSING_SOURCE_ARTIFACT,Record derived from catalog metadata without packaged physical PDF/HTML artifact.,provenance.document_hash,3473fb28590850a0122822028abc682e5a9e5198cd1e3bf6d881e0ab8810b038
P0,EVT-IMCA-1472,International Marine Contractors Association (IMCA),MISSING_SOURCE_ARTIFACT,Record derived from catalog metadata without packaged physical PDF/HTML artifact.,provenance.document_hash,ce93aabc6e1b371e96cbc7f2586dc7948bd88ad788bc4f88fa1908b740f24fb9
P0,EVT-IMCA-1473,International Marine Contractors Association (IMCA),MISSING_SOURCE_ARTIFACT,Record derived from catalog metadata without packaged physical PDF/HTML artifact.,provenance.document_hash,b61eb3429670620104b30d4de336c38ef919e9b0cc70ce522a9cd5d7250188d8
P0,EVT-IMCA-1474,International Marine Contractors Association (IMCA),MISSING_SOURCE_ARTIFACT,Record derived from catalog metadata without packaged physical PDF/HTML artifact.,provenance.document_hash,f5d9754a6b47e95fbfc2559cf37283e10d403e122e9799966c20118220084195
P0,EVT-IMCA-1475,International Marine Contractors Association (IMCA),MISSING_SOURCE_ARTIFACT,Record derived from catalog metadata without packaged physical PDF/HTML artifact.,provenance.document_hash,380aa80b50678bd47ae7f72c6bd0db4cf7682a7d3c29f857ba4cc671ac2942cd
P0,EVT-IMCA-1476,International Marine Contractors Association (IMCA),MISSING_SOURCE_ARTIFACT,Record derived from catalog metadata without packaged physical PDF/HTML artifact.,provenance.document_hash,eb4345e10428605e649f1960c155e0a67cafef3170d71b9c8847a871da9c2eef
P0,EVT-IMCA-1477,International Marine Contractors Association (IMCA),MISSING_SOURCE_ARTIFACT,Record derived from catalog metadata without packaged physical PDF/HTML artifact.,provenance.document_hash,f49717fed60e01ce3ec51ea7d2384fc40bd7a98001f1cf81d6897cba744ec366
P0,EVT-IMCA-1478,International Marine Contractors Association (IMCA),MISSING_SOURCE_ARTIFACT,Record derived from catalog metadata without packaged physical PDF/HTML artifact.,provenance.document_hash,873b9e9e707d529e32a07e9e641aec0b8284974669a5a75eb84377c73d958238
P0,EVT-IMCA-1479,International Marine Contractors Association (IMCA),MISSING_SOURCE_ARTIFACT,Record derived from catalog metadata without packaged physical PDF/HTML artifact.,provenance.document_hash,ce74f9d4c15d4d9de21753f070f306f64c36f557e74ba31c4d3855154727edad
P0,EVT-IMCA-1480,International Marine Contractors Association (IMCA),MISSING_SOURCE_ARTIFACT,Record derived from catalog metadata without packaged physical PDF/HTML artifact.,provenance.document_hash,280004b9b97b1fc61c168ae8c8a493aeda73d4eaadd0ee88b8077ce34649acfd
P0,EVT-IMCA-1481,International Marine Contractors Association (IMCA),MISSING_SOURCE_ARTIFACT,Record derived from catalog metadata without packaged physical PDF/HTML artifact.,provenance.document_hash,64581d10e1ebf0a5b2643be2d3d805d26cafe145fbfe660b11d8153cb9f9d588
P0,EVT-IMCA-1482,International Marine Contractors Association (IMCA),MISSING_SOURCE_ARTIFACT,Record derived from catalog metadata without packaged physical PDF/HTML artifact.,provenance.document_hash,28dfa75591727445a14fa9b8dfae67c30de89e20616e08c3105550fba5ceeb99
P0,EVT-IMCA-1483,International Marine Contractors Association (IMCA),MISSING_SOURCE_ARTIFACT,Record derived from catalog metadata without packaged physical PDF/HTML artifact.,provenance.document_hash,f795ac40635505f14c876a3c017b81d1b0426b5197e1effff750f263349116c9
P0,EVT-IMCA-1484,International Marine Contractors Association (IMCA),MISSING_SOURCE_ARTIFACT,Record derived from catalog metadata without packaged physical PDF/HTML artifact.,provenance.document_hash,99d9106dc55a86a6d2a31718e788f5fa2390fcdcbaaaa2f3341919855e4be2ca
P0,EVT-IMCA-1485,International Marine Contractors Association (IMCA),MISSING_SOURCE_ARTIFACT,Record derived from catalog metadata without packaged physical PDF/HTML artifact.,provenance.document_hash,541212cf1d8f3783b10b7298802127ce653799b31db3d2989f04c1f89f0b245b
P0,EVT-IMCA-1486,International Marine Contractors Association (IMCA),MISSING_SOURCE_ARTIFACT,Record derived from catalog metadata without packaged physical PDF/HTML artifact.,provenance.document_hash,7c248a8d18d910341a28af4f8b9032ab0f516b5f9ad0d48000a576aa82a46788
P0,EVT-IMCA-1487,International Marine Contractors Association (IMCA),MISSING_SOURCE_ARTIFACT,Record derived from catalog metadata without packaged physical PDF/HTML artifact.,provenance.document_hash,41f53368a216d333135f59a3c3fd2f0ae251f818a4afa5bf45ff984abc159c3c
P0,EVT-IMCA-1488,International Marine Contractors Association (IMCA),MISSING_SOURCE_ARTIFACT,Record derived from catalog metadata without packaged physical PDF/HTML artifact.,provenance.document_hash,b31d8983ad76d6176e0d0713abca6a7252744dca7c4e3f56400084c9a1c679b0
P0,EVT-IMCA-1489,International Marine Contractors Association (IMCA),MISSING_SOURCE_ARTIFACT,Record derived from catalog metadata without packaged physical PDF/HTML artifact.,provenance.document_hash,99f0fe05c1565d3bbd709d653a171723cc493f038902fcc190f4f355deb00a1b
P0,EVT-IMCA-1490,International Marine Contractors Association (IMCA),MISSING_SOURCE_ARTIFACT,Record derived from catalog metadata without packaged physical PDF/HTML artifact.,provenance.document_hash,b164b695cf16e8a5126028763622ec607f42151645c84794bd2ad74059a85cb6
P0,EVT-IMCA-1491,International Marine Contractors Association (IMCA),MISSING_SOURCE_ARTIFACT,Record derived from catalog metadata without packaged physical PDF/HTML artifact.,provenance.document_hash,4cf6fbfbce0214af01d8f0a76a9c762361beb2db5f01c41c608d0922d3138053
P0,EVT-IMCA-1492,International Marine Contractors Association (IMCA),MISSING_SOURCE_ARTIFACT,Record derived from catalog metadata without packaged physical PDF/HTML artifact.,provenance.document_hash,17e11d02521d5ceed771be7ae7f9112bce2b9631404dc5f7947cb4d69f7cc826
P0,EVT-IMCA-1493,International Marine Contractors Association (IMCA),MISSING_SOURCE_ARTIFACT,Record derived from catalog metadata without packaged physical PDF/HTML artifact.,provenance.document_hash,890bab00b4931fdca5137d6ca2b40e345c75ef874a40d278e44f3f4649f59572
P0,EVT-IMCA-1494,International Marine Contractors Association (IMCA),MISSING_SOURCE_ARTIFACT,Record derived from catalog metadata without packaged physical PDF/HTML artifact.,provenance.document_hash,9e07cc12a5cc2b97358e10a625158f335a99ce28c3e6bc4d37f8e6f505d36e0d
P0,EVT-IMCA-1495,International Marine Contractors Association (IMCA),MISSING_SOURCE_ARTIFACT,Record derived from catalog metadata without packaged physical PDF/HTML artifact.,provenance.document_hash,f5c7d11e93656586ffd55b2ab62887fc9b506655db74160320f6cea147a9f712
P0,EVT-IMCA-1496,International Marine Contractors Association (IMCA),MISSING_SOURCE_ARTIFACT,Record derived from catalog metadata without packaged physical PDF/HTML artifact.,provenance.document_hash,1b23836fb7e5cf54e14b3a6ff8225fd4f68f405bfaebaec8c1ed02ed88e06a35
P0,EVT-IMCA-1497,International Marine Contractors Association (IMCA),MISSING_SOURCE_ARTIFACT,Record derived from catalog metadata without packaged physical PDF/HTML artifact.,provenance.document_hash,473243e797b72f926e97d684bb4cabbcb3df5282b17902b380b7842669151821
P0,EVT-IMCA-1498,International Marine Contractors Association (IMCA),MISSING_SOURCE_ARTIFACT,Record derived from catalog metadata without packaged physical PDF/HTML artifact.,provenance.document_hash,6e3ee3c81156c709ad65eb293726c285113c041bfe432db3f91dfaab95e0a151
P0,EVT-IMCA-1499,International Marine Contractors Association (IMCA),MISSING_SOURCE_ARTIFACT,Record derived from catalog metadata without packaged physical PDF/HTML artifact.,provenance.document_hash,a6c6378888eec408c5d84fd5a36f2a22294f17326bc5aafe8c903332367b8114
P0,EVT-IMCA-1500,International Marine Contractors Association (IMCA),MISSING_SOURCE_ARTIFACT,Record derived from catalog metadata without packaged physical PDF/HTML artifact.,provenance.document_hash,a56f702eaa70f386aafbe27d3f3388f4cc2348661056eedfc0c3a01b93a8e71f
P0,EVT-IMCA-1501,International Marine Contractors Association (IMCA),MISSING_SOURCE_ARTIFACT,Record derived from catalog metadata without packaged physical PDF/HTML artifact.,provenance.document_hash,76918bb829516ae0ada144db69480bf925304c001760d2d8709515bd48e00ec2
P0,EVT-IMCA-1502,International Marine Contractors Association (IMCA),MISSING_SOURCE_ARTIFACT,Record derived from catalog metadata without packaged physical PDF/HTML artifact.,provenance.document_hash,b5959e81e24e306670e50ffaf953045735bc3e909634664cc13de19604be9284
P0,EVT-IMCA-1503,International Marine Contractors Association (IMCA),MISSING_SOURCE_ARTIFACT,Record derived from catalog metadata without packaged physical PDF/HTML artifact.,provenance.document_hash,705c523c596c79a18d0786326cef9c3470cbd4aa4b11e3b8bc774022acd4c5d9
P0,EVT-IMCA-1504,International Marine Contractors Association (IMCA),MISSING_SOURCE_ARTIFACT,Record derived from catalog metadata without packaged physical PDF/HTML artifact.,provenance.document_hash,3e4b6c8e1bae85cc74a4e97196e064c73e60a99abd23c6d966b1291a0db8fb15
P0,EVT-IMCA-1505,International Marine Contractors Association (IMCA),MISSING_SOURCE_ARTIFACT,Record derived from catalog metadata without packaged physical PDF/HTML artifact.,provenance.document_hash,400c2a9c481b0b53944d740988f159314a9c33ba52b441f7c73b60ab09bb9626
P0,EVT-IMCA-1506,International Marine Contractors Association (IMCA),MISSING_SOURCE_ARTIFACT,Record derived from catalog metadata without packaged physical PDF/HTML artifact.,provenance.document_hash,7c8527ab3b48bb1ac87d5bb22c021dca98c9649b7e1a7615e6fe62fd034b4a78
P0,EVT-IMCA-1507,International Marine Contractors Association (IMCA),MISSING_SOURCE_ARTIFACT,Record derived from catalog metadata without packaged physical PDF/HTML artifact.,provenance.document_hash,60e251633c51332eaac9fdac2eef0505016709df33931e3166db17f6976288f8
P0,EVT-IMCA-1508,International Marine Contractors Association (IMCA),MISSING_SOURCE_ARTIFACT,Record derived from catalog metadata without packaged physical PDF/HTML artifact.,provenance.document_hash,0fd91dadab9d6485c636b925652e1b455c6ecacdda9009ccc224c3ecb1c037f5
P0,EVT-IMCA-1509,International Marine Contractors Association (IMCA),MISSING_SOURCE_ARTIFACT,Record derived from catalog metadata without packaged physical PDF/HTML artifact.,provenance.document_hash,b6f2aec31e7c6a08ea773241e691f370f63b6c9a985ebad58ac2a0d68b475fb7
P0,EVT-IMCA-1510,International Marine Contractors Association (IMCA),MISSING_SOURCE_ARTIFACT,Record derived from catalog metadata without packaged physical PDF/HTML artifact.,provenance.document_hash,79e9b0a7d035ff55b49c78ede6f514411ff300103b16a77d8dfeafec80796ba7
P0,EVT-IMCA-1511,International Marine Contractors Association (IMCA),MISSING_SOURCE_ARTIFACT,Record derived from catalog metadata without packaged physical PDF/HTML artifact.,provenance.document_hash,29d9455b393ecc70c4addb4acedd6a71cb699329c7f45cab595a3290ee97da4c
P0,EVT-IMCA-1512,International Marine Contractors Association (IMCA),MISSING_SOURCE_ARTIFACT,Record derived from catalog metadata without packaged physical PDF/HTML artifact.,provenance.document_hash,baee590d49f0987a600250f2590636b35558467701a638344fa9fa2df932f62c
P0,EVT-IMCA-1513,International Marine Contractors Association (IMCA),MISSING_SOURCE_ARTIFACT,Record derived from catalog metadata without packaged physical PDF/HTML artifact.,provenance.document_hash,071ba3da25cddfd6eb372cdded6a5d27b3f5f69cf7b18ab922bc1669ad93fa10
P0,EVT-IMCA-1514,International Marine Contractors Association (IMCA),MISSING_SOURCE_ARTIFACT,Record derived from catalog metadata without packaged physical PDF/HTML artifact.,provenance.document_hash,3e6a9ee2d7287ef43da2e9ef18aa29978fdb83b283d165928303250459f448a4
P0,EVT-IMCA-1515,International Marine Contractors Association (IMCA),MISSING_SOURCE_ARTIFACT,Record derived from catalog metadata without packaged physical PDF/HTML artifact.,provenance.document_hash,6aef8d8d490081034554f38178ff30b2ee5030f8138c4d18d36eb9ffd49ea06e
P0,EVT-IMCA-1516,International Marine Contractors Association (IMCA),MISSING_SOURCE_ARTIFACT,Record derived from catalog metadata without packaged physical PDF/HTML artifact.,provenance.document_hash,6b4968418f3dd5ec8ba4d8d1ea8e86a048d41081f23eb82f636c7c96f09d393b
P0,EVT-IMCA-1517,International Marine Contractors Association (IMCA),MISSING_SOURCE_ARTIFACT,Record derived from catalog metadata without packaged physical PDF/HTML artifact.,provenance.document_hash,e0332880eae1ed83d6f647a284b271dc94dc9bdf7b2eda7bb954cbb17761ca06
P0,EVT-IMCA-1518,International Marine Contractors Association (IMCA),MISSING_SOURCE_ARTIFACT,Record derived from catalog metadata without packaged physical PDF/HTML artifact.,provenance.document_hash,5f4865b4b14d0764cbf2c9534a27104a0030f92c3f9991893dd0adc0276782b6
P0,EVT-IMCA-1519,International Marine Contractors Association (IMCA),MISSING_SOURCE_ARTIFACT,Record derived from catalog metadata without packaged physical PDF/HTML artifact.,provenance.document_hash,863994a6762078acf5affe98004b119251bc64dabdda43c30f6717a488e7babd
P0,EVT-IMCA-1520,International Marine Contractors Association (IMCA),MISSING_SOURCE_ARTIFACT,Record derived from catalog metadata without packaged physical PDF/HTML artifact.,provenance.document_hash,538d536626236eac015ac3f25c7470c4829e9270d1184922f9a837fcb139a209
P0,EVT-IMCA-1521,International Marine Contractors Association (IMCA),MISSING_SOURCE_ARTIFACT,Record derived from catalog metadata without packaged physical PDF/HTML artifact.,provenance.document_hash,9da6e770418c2d824ed309f60577ca4ae88831afaef0cfdc4c26ea5e704eb09d
P0,EVT-IMCA-1522,International Marine Contractors Association (IMCA),MISSING_SOURCE_ARTIFACT,Record derived from catalog metadata without packaged physical PDF/HTML artifact.,provenance.document_hash,3f0cc1f4b8b4d1e0cb0f60f8370aad8978271c4da5a51e29e0c5d7550f2ad79c
P0,EVT-IMCA-1523,International Marine Contractors Association (IMCA),MISSING_SOURCE_ARTIFACT,Record derived from catalog metadata without packaged physical PDF/HTML artifact.,provenance.document_hash,4bfc3848f838db0d92005400df4693ebce52bd579e4f8e05dd40ce885a30d18c
P0,EVT-IMCA-1524,International Marine Contractors Association (IMCA),MISSING_SOURCE_ARTIFACT,Record derived from catalog metadata without packaged physical PDF/HTML artifact.,provenance.document_hash,0fd70f8ed197c4ca4439a1f2fe854bc5294337a0641b890f74a08a547407382b
P0,EVT-IMCA-1525,International Marine Contractors Association (IMCA),MISSING_SOURCE_ARTIFACT,Record derived from catalog metadata without packaged physical PDF/HTML artifact.,provenance.document_hash,f0b56367fbb7e4040e7aae74b666523f1b657ecd60c8e55b69f240006d03c2fb
P0,EVT-IMCA-1526,International Marine Contractors Association (IMCA),MISSING_SOURCE_ARTIFACT,Record derived from catalog metadata without packaged physical PDF/HTML artifact.,provenance.document_hash,aadd89210770d37ceb07641c04917989dc48137dd9668a3d4589cb08e712d840
P0,EVT-IMCA-1527,International Marine Contractors Association (IMCA),MISSING_SOURCE_ARTIFACT,Record derived from catalog metadata without packaged physical PDF/HTML artifact.,provenance.document_hash,5254b0f4a2944e48345411ad8a5d7d4a620b5ca07240aeef24b33050054e0b37
P0,EVT-IMCA-1528,International Marine Contractors Association (IMCA),MISSING_SOURCE_ARTIFACT,Record derived from catalog metadata without packaged physical PDF/HTML artifact.,provenance.document_hash,9f8eacfb404e057e702fc19a132fd94b75152246cac3d2998fc71f24188476bf
P0,EVT-IMCA-1529,International Marine Contractors Association (IMCA),MISSING_SOURCE_ARTIFACT,Record derived from catalog metadata without packaged physical PDF/HTML artifact.,provenance.document_hash,230d3b3c5f95d25c419af2d75539f02231d04fa5da3c5bcf84015c5a3eb7106d
P0,EVT-IMCA-1530,International Marine Contractors Association (IMCA),MISSING_SOURCE_ARTIFACT,Record derived from catalog metadata without packaged physical PDF/HTML artifact.,provenance.document_hash,2520721e0505c40dfc93a4909727248a05b4709a102fb7e069934f6e49b03567
P0,EVT-IMCA-1531,International Marine Contractors Association (IMCA),MISSING_SOURCE_ARTIFACT,Record derived from catalog metadata without packaged physical PDF/HTML artifact.,provenance.document_hash,83b3189e096de69ea81f8895af01af4ab06e959370b87f7c084316a78ee921e9
P0,EVT-IMCA-1532,International Marine Contractors Association (IMCA),MISSING_SOURCE_ARTIFACT,Record derived from catalog metadata without packaged physical PDF/HTML artifact.,provenance.document_hash,62600e5ebe651f36369545d597077512084103e6581d5eaff5cca304ee0d1641
P0,EVT-IMCA-1533,International Marine Contractors Association (IMCA),MISSING_SOURCE_ARTIFACT,Record derived from catalog metadata without packaged physical PDF/HTML artifact.,provenance.document_hash,b2e9a4bff9a211a415549692280c628a31be091038dbcd5517004f96f7f4db21
P0,EVT-IMCA-1534,International Marine Contractors Association (IMCA),MISSING_SOURCE_ARTIFACT,Record derived from catalog metadata without packaged physical PDF/HTML artifact.,provenance.document_hash,8cc04e10fc48f879338fcf84198bd9751e69eb87fff81479eca4627758ecb16a
P0,EVT-IMCA-1535,International Marine Contractors Association (IMCA),MISSING_SOURCE_ARTIFACT,Record derived from catalog metadata without packaged physical PDF/HTML artifact.,provenance.document_hash,14396705f415196f6f6e779692ff1c2c79e5a4834aca8dc0498ecc671498d822
P0,EVT-IMCA-1536,International Marine Contractors Association (IMCA),MISSING_SOURCE_ARTIFACT,Record derived from catalog metadata without packaged physical PDF/HTML artifact.,provenance.document_hash,a6fef55dc35e4d517fbcc3d14e0328487255f5991e3b15f09f742065d7e9b541
P0,EVT-IMCA-1537,International Marine Contractors Association (IMCA),MISSING_SOURCE_ARTIFACT,Record derived from catalog metadata without packaged physical PDF/HTML artifact.,provenance.document_hash,3653548122c05a8e09be941ea3904c5321a545ae8ba455676b7c500102370e8a
P0,EVT-IMCA-1538,International Marine Contractors Association (IMCA),MISSING_SOURCE_ARTIFACT,Record derived from catalog metadata without packaged physical PDF/HTML artifact.,provenance.document_hash,19b453dd3a6a56d7ea449679eedafcb9c6ad775f00641a6990343132a3e36c8b
P0,EVT-IMCA-1539,International Marine Contractors Association (IMCA),MISSING_SOURCE_ARTIFACT,Record derived from catalog metadata without packaged physical PDF/HTML artifact.,provenance.document_hash,0f7f744da5f27a027d4d3d0c33720e3300c44a47d34311a0d515d669261933d4
P0,EVT-IMCA-1540,International Marine Contractors Association (IMCA),MISSING_SOURCE_ARTIFACT,Record derived from catalog metadata without packaged physical PDF/HTML artifact.,provenance.document_hash,e6c7f9eae41337dcb7603f5e4fbd7ff237f86b4374707b0e317b1ec0cfabbae3
P0,EVT-IMCA-1541,International Marine Contractors Association (IMCA),MISSING_SOURCE_ARTIFACT,Record derived from catalog metadata without packaged physical PDF/HTML artifact.,provenance.document_hash,ac40a680bbd26c530c5f8031401d2673f4db157924155fff33991f0f09446f9a
P0,EVT-IMCA-1542,International Marine Contractors Association (IMCA),MISSING_SOURCE_ARTIFACT,Record derived from catalog metadata without packaged physical PDF/HTML artifact.,provenance.document_hash,aff79e2ca882439a9fccd09e65fd1f19835dd02e3af8c5f5857fca1fdc76d787
P0,EVT-IMCA-1543,International Marine Contractors Association (IMCA),MISSING_SOURCE_ARTIFACT,Record derived from catalog metadata without packaged physical PDF/HTML artifact.,provenance.document_hash,cc3290c6eda26e5ecfdaf7148dc21a5f97f32be8ca14e96fffea0dbf6407a1d4
P0,EVT-IMCA-1544,International Marine Contractors Association (IMCA),MISSING_SOURCE_ARTIFACT,Record derived from catalog metadata without packaged physical PDF/HTML artifact.,provenance.document_hash,11887097c3f367623f7c35915fb4685329fae587682b47d523bf5872200376ff
P0,EVT-IMCA-1545,International Marine Contractors Association (IMCA),MISSING_SOURCE_ARTIFACT,Record derived from catalog metadata without packaged physical PDF/HTML artifact.,provenance.document_hash,14995733fa9f3bada623b55ea83e3dc7036312b6ffc2e8caedaf190c6de3af98
P0,EVT-IMCA-1546,International Marine Contractors Association (IMCA),MISSING_SOURCE_ARTIFACT,Record derived from catalog metadata without packaged physical PDF/HTML artifact.,provenance.document_hash,cbbb9059f41afda1a9afe924f836e5d1f3248ef3f84d13a8a59f753adf6db98f
P0,EVT-IMCA-1547,International Marine Contractors Association (IMCA),MISSING_SOURCE_ARTIFACT,Record derived from catalog metadata without packaged physical PDF/HTML artifact.,provenance.document_hash,be6133c7c2f5bdfd0f65454b110fd91fdde7ecc7f9fc368ca3fc18d2e851e43d
P0,EVT-IMCA-1548,International Marine Contractors Association (IMCA),MISSING_SOURCE_ARTIFACT,Record derived from catalog metadata without packaged physical PDF/HTML artifact.,provenance.document_hash,6f027f24fbbef5f3799183f7f78d309bf18f72009e9950fb6c2e2fb33e6db548
P0,EVT-IMCA-1549,International Marine Contractors Association (IMCA),MISSING_SOURCE_ARTIFACT,Record derived from catalog metadata without packaged physical PDF/HTML artifact.,provenance.document_hash,057c31ca33735c990883cf7d7979df7de99f38d8dabe15e5474cdcb96dc3854d
P0,EVT-IMCA-1550,International Marine Contractors Association (IMCA),MISSING_SOURCE_ARTIFACT,Record derived from catalog metadata without packaged physical PDF/HTML artifact.,provenance.document_hash,2460bc4810f3c0b71c46cc85b61a4a13a26a16aa4136818e1c48b74f31829f7b
P0,EVT-IMCA-1551,International Marine Contractors Association (IMCA),MISSING_SOURCE_ARTIFACT,Record derived from catalog metadata without packaged physical PDF/HTML artifact.,provenance.document_hash,0a40c3f8d7cfaa31bb1457704894c65614c173e46d063ab56bf79bccd4415386
P0,EVT-IMCA-1552,International Marine Contractors Association (IMCA),MISSING_SOURCE_ARTIFACT,Record derived from catalog metadata without packaged physical PDF/HTML artifact.,provenance.document_hash,634a9e3af14fd43a4efcf596a07c19e36dcaec5f810a8382450e3ac1e9c35229
P0,EVT-IMCA-1553,International Marine Contractors Association (IMCA),MISSING_SOURCE_ARTIFACT,Record derived from catalog metadata without packaged physical PDF/HTML artifact.,provenance.document_hash,3b62e2e22e5785ad46bfb08d5a53eef67b154a2bcad6d070dcb60745ee740063
P0,EVT-IMCA-1554,International Marine Contractors Association (IMCA),MISSING_SOURCE_ARTIFACT,Record derived from catalog metadata without packaged physical PDF/HTML artifact.,provenance.document_hash,59cfd1c6fa26c96662140c905b31a36f2822c4076744cdc875f980250a82a6fb
P0,EVT-IMCA-1555,International Marine Contractors Association (IMCA),MISSING_SOURCE_ARTIFACT,Record derived from catalog metadata without packaged physical PDF/HTML artifact.,provenance.document_hash,37bcab84d9da186b610dad93744ac0fb5ab81f9ab1085d0542ab69fbf3142404
P0,EVT-IMCA-1556,International Marine Contractors Association (IMCA),MISSING_SOURCE_ARTIFACT,Record derived from catalog metadata without packaged physical PDF/HTML artifact.,provenance.document_hash,cd1639daf4305bba2973ced6831f961378cae64e4eab2e4fc4febc86da3a7792
P0,EVT-IMCA-1557,International Marine Contractors Association (IMCA),MISSING_SOURCE_ARTIFACT,Record derived from catalog metadata without packaged physical PDF/HTML artifact.,provenance.document_hash,ce6687d249ae816542c319144089e3d2165b82da21afe4036175396bde12f85c
P0,EVT-IMCA-1558,International Marine Contractors Association (IMCA),MISSING_SOURCE_ARTIFACT,Record derived from catalog metadata without packaged physical PDF/HTML artifact.,provenance.document_hash,c513cdf0916ad563841c43942db8ba51eb90ed98589220238baa3687af7adcb8
P0,EVT-IMCA-1559,International Marine Contractors Association (IMCA),MISSING_SOURCE_ARTIFACT,Record derived from catalog metadata without packaged physical PDF/HTML artifact.,provenance.document_hash,6bb2c93dc1694520e32d350c656a0ac956ae981bbf68936ae1f7911c7481b14a
P0,EVT-IMCA-1560,International Marine Contractors Association (IMCA),MISSING_SOURCE_ARTIFACT,Record derived from catalog metadata without packaged physical PDF/HTML artifact.,provenance.document_hash,b301aee69ea272f5189e9c6e3795c2b4d720ea964bd865f9aef71badddd3278f
P0,EVT-IMCA-1561,International Marine Contractors Association (IMCA),MISSING_SOURCE_ARTIFACT,Record derived from catalog metadata without packaged physical PDF/HTML artifact.,provenance.document_hash,5f759694c14918fa3b07ee70f93f82f753fe49bcd1fc3d068bc2ccfbc4dd5ecc
P0,EVT-IMCA-1562,International Marine Contractors Association (IMCA),MISSING_SOURCE_ARTIFACT,Record derived from catalog metadata without packaged physical PDF/HTML artifact.,provenance.document_hash,4e2e0b21e8cf26eb476bc37118fd8b546f1cc7dd5efb13e46a706a863821e3bc
P0,EVT-IMCA-1563,International Marine Contractors Association (IMCA),MISSING_SOURCE_ARTIFACT,Record derived from catalog metadata without packaged physical PDF/HTML artifact.,provenance.document_hash,e61b0a49238481a4d05b118f7aa7796ea7a4d863c649c9b13868364f22401ac5
P0,EVT-IMCA-1564,International Marine Contractors Association (IMCA),MISSING_SOURCE_ARTIFACT,Record derived from catalog metadata without packaged physical PDF/HTML artifact.,provenance.document_hash,b273535f53d6932f1d474ddbb08c238740c36472b728c926dd7c20987de573c4
P0,EVT-IMCA-1565,International Marine Contractors Association (IMCA),MISSING_SOURCE_ARTIFACT,Record derived from catalog metadata without packaged physical PDF/HTML artifact.,provenance.document_hash,4cfe561a8fb98727a9589b474a6595c48220164c4a35443502e2aa907d35d0bc
P0,EVT-IMCA-1566,International Marine Contractors Association (IMCA),MISSING_SOURCE_ARTIFACT,Record derived from catalog metadata without packaged physical PDF/HTML artifact.,provenance.document_hash,146edfb5c476687413eb50ccd0f36ac6137cf78ec367126e02976f169f7b6bfe
P0,EVT-IMCA-1567,International Marine Contractors Association (IMCA),MISSING_SOURCE_ARTIFACT,Record derived from catalog metadata without packaged physical PDF/HTML artifact.,provenance.document_hash,f11ee5801fd7e810bd16e74aea414b9b82421c02dfc91e2be4a721863f3102b6
P0,EVT-IMCA-1568,International Marine Contractors Association (IMCA),MISSING_SOURCE_ARTIFACT,Record derived from catalog metadata without packaged physical PDF/HTML artifact.,provenance.document_hash,2ca110ea6ad3ff1e8ecd43693eab197acdf14106190c8ad828addf040802f5a5
P0,EVT-IMCA-1569,International Marine Contractors Association (IMCA),MISSING_SOURCE_ARTIFACT,Record derived from catalog metadata without packaged physical PDF/HTML artifact.,provenance.document_hash,69df1a62f0609e1b077eafde44fdc305e93c57d4a75fc27e4f980b35987ecef8
P0,EVT-IMCA-1570,International Marine Contractors Association (IMCA),MISSING_SOURCE_ARTIFACT,Record derived from catalog metadata without packaged physical PDF/HTML artifact.,provenance.document_hash,fb257a579c8a4401c153e7873d8dc57010ccd3da2a3cd968744834338e963b5d
P0,EVT-IMCA-1572,International Marine Contractors Association (IMCA),MISSING_SOURCE_ARTIFACT,Record derived from catalog metadata without packaged physical PDF/HTML artifact.,provenance.document_hash,de12aeee2159f1001f66aa3782680d5c81f2fb763c40ff160b05c8f6a0a0bbd4
P0,EVT-IMCA-1573,International Marine Contractors Association (IMCA),MISSING_SOURCE_ARTIFACT,Record derived from catalog metadata without packaged physical PDF/HTML artifact.,provenance.document_hash,86aa91fc718bdcc18411a4e5e70d9f28aa63c351ccf2e2418d17abe0b210c567
P0,EVT-IMCA-1574,International Marine Contractors Association (IMCA),MISSING_SOURCE_ARTIFACT,Record derived from catalog metadata without packaged physical PDF/HTML artifact.,provenance.document_hash,1c6b6efbcf34c90c15d68fbec09bb852a5d2f1d334a53a6e563db8fb8f3d149e
P0,EVT-IMCA-1575,International Marine Contractors Association (IMCA),MISSING_SOURCE_ARTIFACT,Record derived from catalog metadata without packaged physical PDF/HTML artifact.,provenance.document_hash,ce4ddb53bf46e0b2b66557908a88d216f62abae05b625cbd353a5e66a3761b06
P0,EVT-IMCA-1576,International Marine Contractors Association (IMCA),MISSING_SOURCE_ARTIFACT,Record derived from catalog metadata without packaged physical PDF/HTML artifact.,provenance.document_hash,4350b5d9fc4f3af86fb394b6a537c9ea80d6339690b10d63b1bb745ddc30778a
P0,EVT-IMCA-1577,International Marine Contractors Association (IMCA),MISSING_SOURCE_ARTIFACT,Record derived from catalog metadata without packaged physical PDF/HTML artifact.,provenance.document_hash,853233a6b3e53dfe966d4a93295a6cce87a042d45a72ab5877a810ef81bcd0a0
P0,EVT-IMCA-1578,International Marine Contractors Association (IMCA),MISSING_SOURCE_ARTIFACT,Record derived from catalog metadata without packaged physical PDF/HTML artifact.,provenance.document_hash,4c471fa583e1e8d074c7f3ae078ede8fabbd707f773db6fbf724d3a3329c36ba
P0,EVT-IMCA-1579,International Marine Contractors Association (IMCA),MISSING_SOURCE_ARTIFACT,Record derived from catalog metadata without packaged physical PDF/HTML artifact.,provenance.document_hash,6fc0841b8a7756439919daa5e3bb332854c13e338d6e9c0c1cc779e5be8ffc8c
P0,EVT-IMCA-1580,International Marine Contractors Association (IMCA),MISSING_SOURCE_ARTIFACT,Record derived from catalog metadata without packaged physical PDF/HTML artifact.,provenance.document_hash,d465bd1f58da31ef7a074a289b5f7041232c9874fca00859861190545ca31fd1
P0,EVT-IMCA-1581,International Marine Contractors Association (IMCA),MISSING_SOURCE_ARTIFACT,Record derived from catalog metadata without packaged physical PDF/HTML artifact.,provenance.document_hash,0823416d0426ad265fdb86f46de0b2e29eb63d7afa06ff62ba037cb2a98d3340
P0,EVT-IMCA-1582,International Marine Contractors Association (IMCA),MISSING_SOURCE_ARTIFACT,Record derived from catalog metadata without packaged physical PDF/HTML artifact.,provenance.document_hash,f2a2ce5eada2f6b91d510289083bda7d2d7c9115567d5af1f1589578a99cab2e
P0,EVT-IMCA-1583,International Marine Contractors Association (IMCA),MISSING_SOURCE_ARTIFACT,Record derived from catalog metadata without packaged physical PDF/HTML artifact.,provenance.document_hash,8371f286ae18fdb01978adaeaffd975337890c40421b1c7ab28ad4fe3a13bc53
P0,EVT-IMCA-1584,International Marine Contractors Association (IMCA),MISSING_SOURCE_ARTIFACT,Record derived from catalog metadata without packaged physical PDF/HTML artifact.,provenance.document_hash,07b49aed28570b537acd310fbc0c74f6f5cc2ba5e877d14ee603a0a0fb29f5b5
P0,EVT-IMCA-1585,International Marine Contractors Association (IMCA),MISSING_SOURCE_ARTIFACT,Record derived from catalog metadata without packaged physical PDF/HTML artifact.,provenance.document_hash,615442d9efa394042818d2806e0d0c44c47336c2275665c22ca6e11f8ece9637
P0,EVT-IMCA-1586,International Marine Contractors Association (IMCA),MISSING_SOURCE_ARTIFACT,Record derived from catalog metadata without packaged physical PDF/HTML artifact.,provenance.document_hash,1e8f137cf4b09e118aa03fba49e386fe42a2a90d0b5f040aa95faf1318140a0a
P0,EVT-IMCA-1587,International Marine Contractors Association (IMCA),MISSING_SOURCE_ARTIFACT,Record derived from catalog metadata without packaged physical PDF/HTML artifact.,provenance.document_hash,d5a22178eb5be549131bade4844da143409459764baddc32c76b68f778af0dab
P0,EVT-IMCA-1588,International Marine Contractors Association (IMCA),MISSING_SOURCE_ARTIFACT,Record derived from catalog metadata without packaged physical PDF/HTML artifact.,provenance.document_hash,c42b9d2e1faa2548fce9f233c3c0092a9daa96905743bb5a35fd1a04c4b759bc
P0,EVT-IMCA-1589,International Marine Contractors Association (IMCA),MISSING_SOURCE_ARTIFACT,Record derived from catalog metadata without packaged physical PDF/HTML artifact.,provenance.document_hash,5818a9fc6d3e4bee6e8b41cfd0129ee32fcdb0dd119a1e5c184234b80283d20f
P0,EVT-IMCA-1590,International Marine Contractors Association (IMCA),MISSING_SOURCE_ARTIFACT,Record derived from catalog metadata without packaged physical PDF/HTML artifact.,provenance.document_hash,464b86df516551daa8b8c7ed6962aeb78fa49859aefa1c07bdb22afa26483bf5
P0,EVT-IMCA-1591,International Marine Contractors Association (IMCA),MISSING_SOURCE_ARTIFACT,Record derived from catalog metadata without packaged physical PDF/HTML artifact.,provenance.document_hash,1da2143976ef3b22f5be81f189b7b32ae019f0639b9c296a7fb1df79ddeed375
P0,EVT-IMCA-1592,International Marine Contractors Association (IMCA),MISSING_SOURCE_ARTIFACT,Record derived from catalog metadata without packaged physical PDF/HTML artifact.,provenance.document_hash,8fda32760331e3ed97b46f723ebd07fdb7fc913e97d571e2a0ca9ef64d599d02
P0,EVT-IMCA-1593,International Marine Contractors Association (IMCA),MISSING_SOURCE_ARTIFACT,Record derived from catalog metadata without packaged physical PDF/HTML artifact.,provenance.document_hash,3b2aafb9e0bd818ea0acd3ffb4ad2e7351c51b9b4b70b426fa153b9208c5a877
P0,EVT-IMCA-1594,International Marine Contractors Association (IMCA),MISSING_SOURCE_ARTIFACT,Record derived from catalog metadata without packaged physical PDF/HTML artifact.,provenance.document_hash,e255c99b11d9d3fb1af91c961073261b7ad475fefa82ee64022ca428affe17a8
P0,EVT-IMCA-1595,International Marine Contractors Association (IMCA),MISSING_SOURCE_ARTIFACT,Record derived from catalog metadata without packaged physical PDF/HTML artifact.,provenance.document_hash,2ed715928cda6d409871084606746a8eb6df4094171bc409b484dff096a57069
P0,EVT-IMCA-1596,International Marine Contractors Association (IMCA),MISSING_SOURCE_ARTIFACT,Record derived from catalog metadata without packaged physical PDF/HTML artifact.,provenance.document_hash,ac3006d2cd83fe3dba8c2fa816b2401b12f68f6b4637ca27921630c04d7b7328
P0,EVT-IMCA-1597,International Marine Contractors Association (IMCA),MISSING_SOURCE_ARTIFACT,Record derived from catalog metadata without packaged physical PDF/HTML artifact.,provenance.document_hash,5c2d095c5ff7a981f25ea3dc0869929287b8686dbcbbeb9c4e51bf378539afa0
P0,EVT-IMCA-1598,International Marine Contractors Association (IMCA),MISSING_SOURCE_ARTIFACT,Record derived from catalog metadata without packaged physical PDF/HTML artifact.,provenance.document_hash,3d82481bc4caed42a582747b20243c7f9e109e41672364b9d76e1682f935d90d
P0,EVT-IMCA-1599,International Marine Contractors Association (IMCA),MISSING_SOURCE_ARTIFACT,Record derived from catalog metadata without packaged physical PDF/HTML artifact.,provenance.document_hash,90d433b6092405f7616ea5c17d8bf157ee798423bfd8939daaaee81c261a405d
P0,EVT-IMCA-1600,International Marine Contractors Association (IMCA),MISSING_SOURCE_ARTIFACT,Record derived from catalog metadata without packaged physical PDF/HTML artifact.,provenance.document_hash,92a07ae864b4673226fd41cc765a255f8ef51e8a47fd227ac9d0e264fc61932e
P0,EVT-IMCA-1601,International Marine Contractors Association (IMCA),MISSING_SOURCE_ARTIFACT,Record derived from catalog metadata without packaged physical PDF/HTML artifact.,provenance.document_hash,e29f2695dca85438769a041a46d350dedf61a6127a5be8993abb73c8840cb169
P0,EVT-IMCA-1602,International Marine Contractors Association (IMCA),MISSING_SOURCE_ARTIFACT,Record derived from catalog metadata without packaged physical PDF/HTML artifact.,provenance.document_hash,fc444766d68a418534255154dd8e9a0d9472a3696ab73f18c9766e3932100cf7
P0,EVT-IMCA-1603,International Marine Contractors Association (IMCA),MISSING_SOURCE_ARTIFACT,Record derived from catalog metadata without packaged physical PDF/HTML artifact.,provenance.document_hash,634caafa2199f4ff3f37ff336e7a6c825ad843b00878db2239a0fc47e6b932a2
P0,EVT-IMCA-1604,International Marine Contractors Association (IMCA),MISSING_SOURCE_ARTIFACT,Record derived from catalog metadata without packaged physical PDF/HTML artifact.,provenance.document_hash,eae952e444a2fa01d2272bb6e8c458bb976acce52600f81d8c4b2b0c6f424c8d
P0,EVT-IMCA-1605,International Marine Contractors Association (IMCA),MISSING_SOURCE_ARTIFACT,Record derived from catalog metadata without packaged physical PDF/HTML artifact.,provenance.document_hash,2b6bc9b55a80f32e35a5e2f0407651bbc855585dc4f59cf3eb45cfb80589d6d1
P0,EVT-IMCA-1606,International Marine Contractors Association (IMCA),MISSING_SOURCE_ARTIFACT,Record derived from catalog metadata without packaged physical PDF/HTML artifact.,provenance.document_hash,43e260a82e1d1e763aeaab319629723b6d4d6d064f1fa2ce5d2af7f67f434a1e
P0,EVT-IMCA-1607,International Marine Contractors Association (IMCA),MISSING_SOURCE_ARTIFACT,Record derived from catalog metadata without packaged physical PDF/HTML artifact.,provenance.document_hash,80b246a6b738be33b80888e0a530300ea0e5d23b97df7d544dc2e2fd06c520c8
P0,EVT-IMCA-1608,International Marine Contractors Association (IMCA),MISSING_SOURCE_ARTIFACT,Record derived from catalog metadata without packaged physical PDF/HTML artifact.,provenance.document_hash,d1f5494babb98fdcc2fc9e4aaf060a3063b65873fab3a4955e32f05783b7d8ba
P0,EVT-IMCA-1609,International Marine Contractors Association (IMCA),MISSING_SOURCE_ARTIFACT,Record derived from catalog metadata without packaged physical PDF/HTML artifact.,provenance.document_hash,97ef438dc52dc55147d433af7f9e4348c6fa2c1c8691e5725a7ea016d8649b5a
P0,EVT-IMCA-1610,International Marine Contractors Association (IMCA),MISSING_SOURCE_ARTIFACT,Record derived from catalog metadata without packaged physical PDF/HTML artifact.,provenance.document_hash,687e0cef40af847602475462387a80d413830475382206711d8a39ccb6697a5f
P0,EVT-IMCA-1611,International Marine Contractors Association (IMCA),MISSING_SOURCE_ARTIFACT,Record derived from catalog metadata without packaged physical PDF/HTML artifact.,provenance.document_hash,5ef0d56eedd619257ffa5ce061b2425effeb9290c0d951cb795aaac095793286
P0,EVT-IMCA-1612,International Marine Contractors Association (IMCA),MISSING_SOURCE_ARTIFACT,Record derived from catalog metadata without packaged physical PDF/HTML artifact.,provenance.document_hash,6335cc67c78d0a0d08055818fc1ab6d994e4b49b31cfdb08ff8553bc262a4ebe
P0,EVT-IMCA-1613,International Marine Contractors Association (IMCA),MISSING_SOURCE_ARTIFACT,Record derived from catalog metadata without packaged physical PDF/HTML artifact.,provenance.document_hash,4065fca4598cdec9e62c4ca685f26a62a6f8aeec785f393b463011ed36c1a66c
P0,EVT-IMCA-1614,International Marine Contractors Association (IMCA),MISSING_SOURCE_ARTIFACT,Record derived from catalog metadata without packaged physical PDF/HTML artifact.,provenance.document_hash,88903128edb4fd9969ad8196f2ca73a7910342d4f91ab315cef75c7bb13c02a4
P0,EVT-IMCA-1615,International Marine Contractors Association (IMCA),MISSING_SOURCE_ARTIFACT,Record derived from catalog metadata without packaged physical PDF/HTML artifact.,provenance.document_hash,156a783ccfbfa761cb5f8146271e85b439fb06179ed39b59e8552292d2519903
P0,EVT-IMCA-1616,International Marine Contractors Association (IMCA),MISSING_SOURCE_ARTIFACT,Record derived from catalog metadata without packaged physical PDF/HTML artifact.,provenance.document_hash,c48da0ad75579c48f39b447b617978cc42596109c6d6e0120058ae20e32a671e
P0,EVT-IMCA-1617,International Marine Contractors Association (IMCA),MISSING_SOURCE_ARTIFACT,Record derived from catalog metadata without packaged physical PDF/HTML artifact.,provenance.document_hash,d869171e14b105d7e4bca021ba607e9542b2aaad6276add40f6ffe2e69d8074f
P0,EVT-IMCA-1618,International Marine Contractors Association (IMCA),MISSING_SOURCE_ARTIFACT,Record derived from catalog metadata without packaged physical PDF/HTML artifact.,provenance.document_hash,b39bf420e7d37a957159d2f1ed7401388bd35f54b9942223e179dda9b42f40e9
P0,EVT-IMCA-1619,International Marine Contractors Association (IMCA),MISSING_SOURCE_ARTIFACT,Record derived from catalog metadata without packaged physical PDF/HTML artifact.,provenance.document_hash,5cffa201878cff4dff4597c1d7df1b127eb76e6712e97a645bdd067339731c38
P0,EVT-IMCA-1620,International Marine Contractors Association (IMCA),MISSING_SOURCE_ARTIFACT,Record derived from catalog metadata without packaged physical PDF/HTML artifact.,provenance.document_hash,441a5ed9d7359f6858a13b94e9dacb5acea502f5186344440ebce0d92d7e881b
P0,EVT-IMCA-1621,International Marine Contractors Association (IMCA),MISSING_SOURCE_ARTIFACT,Record derived from catalog metadata without packaged physical PDF/HTML artifact.,provenance.document_hash,ef6fe9d0a350cef80d23caf185d79db13f0626f00d637ee32f25702d653fb80b
P0,EVT-IMCA-1622,International Marine Contractors Association (IMCA),MISSING_SOURCE_ARTIFACT,Record derived from catalog metadata without packaged physical PDF/HTML artifact.,provenance.document_hash,9469df896c4844ce92f2e878c03f31a1bb6d1571f9bc40f5898db57fb7f2f8a9
P0,EVT-IMCA-1623,International Marine Contractors Association (IMCA),MISSING_SOURCE_ARTIFACT,Record derived from catalog metadata without packaged physical PDF/HTML artifact.,provenance.document_hash,0e11c7ad67750a217db2a6ef0aa49b7ef24919e1f79a3f4dd45a7971968be0ff
P0,EVT-IMCA-1624,International Marine Contractors Association (IMCA),MISSING_SOURCE_ARTIFACT,Record derived from catalog metadata without packaged physical PDF/HTML artifact.,provenance.document_hash,02ac99c58f1634f8f8f734c7039b80e8e388cf347e328b1c12a5d9743b22341b
P0,EVT-IMCA-1625,International Marine Contractors Association (IMCA),MISSING_SOURCE_ARTIFACT,Record derived from catalog metadata without packaged physical PDF/HTML artifact.,provenance.document_hash,de3edae08b3c71abd1597be71ece8cb976599885878a4412723e6d121db4c199
P0,EVT-IMCA-1626,International Marine Contractors Association (IMCA),MISSING_SOURCE_ARTIFACT,Record derived from catalog metadata without packaged physical PDF/HTML artifact.,provenance.document_hash,4bb2c15a8388b013c064c613ec956fdc5c263730bc723ab99dc9e48886c92988
P0,EVT-IMCA-1627,International Marine Contractors Association (IMCA),MISSING_SOURCE_ARTIFACT,Record derived from catalog metadata without packaged physical PDF/HTML artifact.,provenance.document_hash,08a3c50af5cf52241b457728ee696d868e27dc990340c4240d07014494be7193
P0,EVT-IMCA-1628,International Marine Contractors Association (IMCA),MISSING_SOURCE_ARTIFACT,Record derived from catalog metadata without packaged physical PDF/HTML artifact.,provenance.document_hash,807ccb79890b77dd5112bbe209aa097a1bb78ad66497d553448900d3c21dbefd
P0,EVT-IMCA-1629,International Marine Contractors Association (IMCA),MISSING_SOURCE_ARTIFACT,Record derived from catalog metadata without packaged physical PDF/HTML artifact.,provenance.document_hash,27c1bef9636eec951e641a444e7825bfa7d420a0a93eea519d77a2ce2f3d13d5
P0,EVT-IMCA-1630,International Marine Contractors Association (IMCA),MISSING_SOURCE_ARTIFACT,Record derived from catalog metadata without packaged physical PDF/HTML artifact.,provenance.document_hash,2d4035956203621a685b35ff2886bdea6738d96215a41691382dcf728115fbd7
P0,EVT-IMCA-1631,International Marine Contractors Association (IMCA),MISSING_SOURCE_ARTIFACT,Record derived from catalog metadata without packaged physical PDF/HTML artifact.,provenance.document_hash,2d235c605922af8912fa91f47bbc7a09a435ad75ef2615672acb69be9cf2915d
P0,EVT-IMCA-1632,International Marine Contractors Association (IMCA),MISSING_SOURCE_ARTIFACT,Record derived from catalog metadata without packaged physical PDF/HTML artifact.,provenance.document_hash,7f5a113b1a389e14962abfd35b22816895fbb5a59173736dc944f545e68bea36
P0,EVT-IMCA-1633,International Marine Contractors Association (IMCA),MISSING_SOURCE_ARTIFACT,Record derived from catalog metadata without packaged physical PDF/HTML artifact.,provenance.document_hash,503e9b495b645f809e69eee25b9ae9653afcc508253d5021fd319cb383a82557
P0,EVT-IMCA-1634,International Marine Contractors Association (IMCA),MISSING_SOURCE_ARTIFACT,Record derived from catalog metadata without packaged physical PDF/HTML artifact.,provenance.document_hash,ccfbe4451469eb543acd421bc19868b62ee484e452f241197a9eb81abc098acf
P0,EVT-IMCA-1635,International Marine Contractors Association (IMCA),MISSING_SOURCE_ARTIFACT,Record derived from catalog metadata without packaged physical PDF/HTML artifact.,provenance.document_hash,dc98b1cc3737d784bc3c49d23fddf72634e428c26cb810d2a88f3c749b3d20e7
P0,EVT-IMCA-1636,International Marine Contractors Association (IMCA),MISSING_SOURCE_ARTIFACT,Record derived from catalog metadata without packaged physical PDF/HTML artifact.,provenance.document_hash,31dd5c53376412207ff38e0ebdf7bf27656d46273a7d4d5b79d442f99f82d3b3
P0,EVT-IMCA-1637,International Marine Contractors Association (IMCA),MISSING_SOURCE_ARTIFACT,Record derived from catalog metadata without packaged physical PDF/HTML artifact.,provenance.document_hash,a09cccf42a2780f60203ef5cc966c2c9c25f26622d65190054cfb89b0eaf629a
P0,EVT-IMCA-1638,International Marine Contractors Association (IMCA),MISSING_SOURCE_ARTIFACT,Record derived from catalog metadata without packaged physical PDF/HTML artifact.,provenance.document_hash,17058105fe8988134b9a169d0cffdd1696c55b6ac36cf2ea732aa0f7628e2903
P0,EVT-IMCA-1639,International Marine Contractors Association (IMCA),MISSING_SOURCE_ARTIFACT,Record derived from catalog metadata without packaged physical PDF/HTML artifact.,provenance.document_hash,229de8398faf8e63a45c89cc43a2dc658b9ae3d06c35894ea0fd3d26962e1e7c
P0,EVT-IMCA-1640,International Marine Contractors Association (IMCA),MISSING_SOURCE_ARTIFACT,Record derived from catalog metadata without packaged physical PDF/HTML artifact.,provenance.document_hash,dc230a2eaa2ae18e7a2de461f4a300a2ec091b385beba65ba2fcda1378a55c9b
P0,EVT-IMCA-1641,International Marine Contractors Association (IMCA),MISSING_SOURCE_ARTIFACT,Record derived from catalog metadata without packaged physical PDF/HTML artifact.,provenance.document_hash,f6aa4b33de3585e6e1ea31906da654290e4e9cd541e81319432efd8bc3d169d6
P0,EVT-IMCA-1642,International Marine Contractors Association (IMCA),MISSING_SOURCE_ARTIFACT,Record derived from catalog metadata without packaged physical PDF/HTML artifact.,provenance.document_hash,4b72b35e98837107feb5a72075aba4dfa54c69ba249237a6567833a8cad20aae
P0,EVT-IMCA-1643,International Marine Contractors Association (IMCA),MISSING_SOURCE_ARTIFACT,Record derived from catalog metadata without packaged physical PDF/HTML artifact.,provenance.document_hash,c0bd791e4aae905866e81511baa3b7797c456bbf9ad23c70e2b8e23d5d07ef08
P0,EVT-IMCA-1644,International Marine Contractors Association (IMCA),MISSING_SOURCE_ARTIFACT,Record derived from catalog metadata without packaged physical PDF/HTML artifact.,provenance.document_hash,13689c37d8dad5f73ece5a5795a9c43a79dfec1ec98c1bf45d609807cc095a90
P0,EVT-IMCA-1645,International Marine Contractors Association (IMCA),MISSING_SOURCE_ARTIFACT,Record derived from catalog metadata without packaged physical PDF/HTML artifact.,provenance.document_hash,f68620dfb81239a17726002847548f9e51e21bbea459a92baf7039e7f9166fea
P0,EVT-IMCA-1646,International Marine Contractors Association (IMCA),MISSING_SOURCE_ARTIFACT,Record derived from catalog metadata without packaged physical PDF/HTML artifact.,provenance.document_hash,060330a42fefb607d21b28ca39f84391d37c46922ab43b8929bd9fde56437093
P0,EVT-IMCA-1647,International Marine Contractors Association (IMCA),MISSING_SOURCE_ARTIFACT,Record derived from catalog metadata without packaged physical PDF/HTML artifact.,provenance.document_hash,371731de6670e13a96ca636b0f1892f558a3ef1d8cca9721e623695cc39e8efa
P0,EVT-IMCA-1648,International Marine Contractors Association (IMCA),MISSING_SOURCE_ARTIFACT,Record derived from catalog metadata without packaged physical PDF/HTML artifact.,provenance.document_hash,cfb903c33d2874e459bc003614bb36426061e87a87cd5f14d25396b345ffc1f5
P0,EVT-IMCA-1649,International Marine Contractors Association (IMCA),MISSING_SOURCE_ARTIFACT,Record derived from catalog metadata without packaged physical PDF/HTML artifact.,provenance.document_hash,98dd12e2f020b7f7a5be101bfc77bfedf1033f0326524768fd2cf088f25e46b5
P0,EVT-IMCA-1650,International Marine Contractors Association (IMCA),MISSING_SOURCE_ARTIFACT,Record derived from catalog metadata without packaged physical PDF/HTML artifact.,provenance.document_hash,99c8b780864437201b7e2cc781d5498df2ac51522c901b35a074059fc08cbeb9
P0,EVT-IMCA-1651,International Marine Contractors Association (IMCA),MISSING_SOURCE_ARTIFACT,Record derived from catalog metadata without packaged physical PDF/HTML artifact.,provenance.document_hash,35b7f32639e866f7bbff020502c22130936394271105739d5c2243d4b27bf80e
P0,EVT-IMCA-1652,International Marine Contractors Association (IMCA),MISSING_SOURCE_ARTIFACT,Record derived from catalog metadata without packaged physical PDF/HTML artifact.,provenance.document_hash,8ca9dc7d82dba2c1d224cccb937b1434501d34ae17ff7d85d1dabe4a1567b201
P0,EVT-IMCA-1653,International Marine Contractors Association (IMCA),MISSING_SOURCE_ARTIFACT,Record derived from catalog metadata without packaged physical PDF/HTML artifact.,provenance.document_hash,65a8e6540b5de5f3820f83269dffa7acfe82989ec0265ce46e4d521fe23cb660
P0,EVT-IMCA-1654,International Marine Contractors Association (IMCA),MISSING_SOURCE_ARTIFACT,Record derived from catalog metadata without packaged physical PDF/HTML artifact.,provenance.document_hash,b92315a46fa7bfe35e39e3e338b1dc46028be20a13be991530ddc77bf891391b
P0,EVT-IMCA-1655,International Marine Contractors Association (IMCA),MISSING_SOURCE_ARTIFACT,Record derived from catalog metadata without packaged physical PDF/HTML artifact.,provenance.document_hash,963f99f49939d22252831e4e9dae0cc255cbc53fe8d268a2edab1161abb00049
P0,EVT-IMCA-1656,International Marine Contractors Association (IMCA),MISSING_SOURCE_ARTIFACT,Record derived from catalog metadata without packaged physical PDF/HTML artifact.,provenance.document_hash,d4248e879535a01409d52f4d6f36af6e5b3945358d8668b427f6f08ff3cb2e83
P0,EVT-IMCA-1657,International Marine Contractors Association (IMCA),MISSING_SOURCE_ARTIFACT,Record derived from catalog metadata without packaged physical PDF/HTML artifact.,provenance.document_hash,8ac83813e46c4f415325396748073f5012167913c06da49a38e683ab2d667a14
P0,EVT-IMCA-1658,International Marine Contractors Association (IMCA),MISSING_SOURCE_ARTIFACT,Record derived from catalog metadata without packaged physical PDF/HTML artifact.,provenance.document_hash,91ea0faa598b6bde81460acf9719aac23a80877b9e093691bd0d7f44a7cbefef
P0,EVT-IMCA-1659,International Marine Contractors Association (IMCA),MISSING_SOURCE_ARTIFACT,Record derived from catalog metadata without packaged physical PDF/HTML artifact.,provenance.document_hash,c68e29a472da59bb5d5968178f268814d9c2d12be988fe882765b648ebec00e8
P0,EVT-IMCA-1660,International Marine Contractors Association (IMCA),MISSING_SOURCE_ARTIFACT,Record derived from catalog metadata without packaged physical PDF/HTML artifact.,provenance.document_hash,58f64b8e4e3bc747f849593351abf4fd4c312f835dba1124583120a3882e2402
P0,EVT-IMCA-1661,International Marine Contractors Association (IMCA),MISSING_SOURCE_ARTIFACT,Record derived from catalog metadata without packaged physical PDF/HTML artifact.,provenance.document_hash,9d73c954781e95f0474a394d68b489f9d40118238c479eb8a9e5852807adacff
P0,EVT-IMCA-1662,International Marine Contractors Association (IMCA),MISSING_SOURCE_ARTIFACT,Record derived from catalog metadata without packaged physical PDF/HTML artifact.,provenance.document_hash,e0698257964bcd57bb9e88d9c1fbd304409c31a108165a57d1c682c2177a9484
P0,EVT-IMCA-1663,International Marine Contractors Association (IMCA),MISSING_SOURCE_ARTIFACT,Record derived from catalog metadata without packaged physical PDF/HTML artifact.,provenance.document_hash,b769feb692b15c41981256ce261c55bff5f980553b898e5af6d0ba58de59679f
P0,EVT-IMCA-1664,International Marine Contractors Association (IMCA),MISSING_SOURCE_ARTIFACT,Record derived from catalog metadata without packaged physical PDF/HTML artifact.,provenance.document_hash,8ac24dd5897f2469166471e9afc3bc29a3958e7fc300f8a1e87ca97d41319105
P0,EVT-IMCA-1665,International Marine Contractors Association (IMCA),MISSING_SOURCE_ARTIFACT,Record derived from catalog metadata without packaged physical PDF/HTML artifact.,provenance.document_hash,16ca81504cee61ed02d6aecfc56c92cae3a9a73566d9c47292aa639843c94c53
P0,EVT-IMCA-1666,International Marine Contractors Association (IMCA),MISSING_SOURCE_ARTIFACT,Record derived from catalog metadata without packaged physical PDF/HTML artifact.,provenance.document_hash,81974cb5542f88a3764721ab94fb29784baeddc90281cf9651690abac4bc8a12
P0,EVT-IMCA-1667,International Marine Contractors Association (IMCA),MISSING_SOURCE_ARTIFACT,Record derived from catalog metadata without packaged physical PDF/HTML artifact.,provenance.document_hash,16c81d6c2b475a46ca5c51b68cb1f08674c92bc1cfc6d4cda35e637fa8cdef4c
P0,EVT-IMCA-1668,International Marine Contractors Association (IMCA),MISSING_SOURCE_ARTIFACT,Record derived from catalog metadata without packaged physical PDF/HTML artifact.,provenance.document_hash,45f4f07792de804b1ad86d946e43e039f3cb693e37066bd07f6e66567602f3c4
P0,EVT-IMCA-1669,International Marine Contractors Association (IMCA),MISSING_SOURCE_ARTIFACT,Record derived from catalog metadata without packaged physical PDF/HTML artifact.,provenance.document_hash,17d55984cf603bebc33010bd4c8346b456efeaa6966f6d7161e6f5dbf6e3f071
P0,EVT-IMCA-1670,International Marine Contractors Association (IMCA),MISSING_SOURCE_ARTIFACT,Record derived from catalog metadata without packaged physical PDF/HTML artifact.,provenance.document_hash,576960b36691c84ad12bf15790f504c88097e667911ce39270dd7813abc25ad1
P0,EVT-IMCA-1671,International Marine Contractors Association (IMCA),MISSING_SOURCE_ARTIFACT,Record derived from catalog metadata without packaged physical PDF/HTML artifact.,provenance.document_hash,c94b7df08b20f931719f096b0ca36e6099586ad359cc73f2362cf74081d12ce0
P0,EVT-IMCA-1672,International Marine Contractors Association (IMCA),MISSING_SOURCE_ARTIFACT,Record derived from catalog metadata without packaged physical PDF/HTML artifact.,provenance.document_hash,8398f30bfe6e47757d216854ba0df35cc23bfd2157489d24c9762b8c45572f17
P0,EVT-IMCA-1673,International Marine Contractors Association (IMCA),MISSING_SOURCE_ARTIFACT,Record derived from catalog metadata without packaged physical PDF/HTML artifact.,provenance.document_hash,813f7edf3f61f5694ad70beb5240127a74f7a6eaeab027182c0b389a8ce5b92d
P0,EVT-IMCA-1674,International Marine Contractors Association (IMCA),MISSING_SOURCE_ARTIFACT,Record derived from catalog metadata without packaged physical PDF/HTML artifact.,provenance.document_hash,98c34eefd29356c061d494f80bb5053e03f2c68a1926523e9c7f6ecad75c6193
P0,EVT-IMCA-1675,International Marine Contractors Association (IMCA),MISSING_SOURCE_ARTIFACT,Record derived from catalog metadata without packaged physical PDF/HTML artifact.,provenance.document_hash,12e50d17f1f6208f7aa890984bd4edb32a005b3ca2719a490f08ef594d985d58
P0,EVT-IMCA-1676,International Marine Contractors Association (IMCA),MISSING_SOURCE_ARTIFACT,Record derived from catalog metadata without packaged physical PDF/HTML artifact.,provenance.document_hash,8cd574898f473927fef4cf726a25bbbc552c277ac4302c539cb185ef3f2bd19f
P0,EVT-IMCA-1677,International Marine Contractors Association (IMCA),MISSING_SOURCE_ARTIFACT,Record derived from catalog metadata without packaged physical PDF/HTML artifact.,provenance.document_hash,85b18e7cae53b4ecc4e26e21d614fcc26171c8e54df02343520ab9101f1dadd2
P0,EVT-IMCA-1678,International Marine Contractors Association (IMCA),MISSING_SOURCE_ARTIFACT,Record derived from catalog metadata without packaged physical PDF/HTML artifact.,provenance.document_hash,3961dbaff7cb74fc2591b1f565d076b4ce09a817b35892f9dfa19e4cfe53331a
P0,EVT-IMCA-1679,International Marine Contractors Association (IMCA),MISSING_SOURCE_ARTIFACT,Record derived from catalog metadata without packaged physical PDF/HTML artifact.,provenance.document_hash,13a3e28b2163cc0e1f3229feb744925075c38326c15379fe1913842345203da8
P0,EVT-IMCA-1680,International Marine Contractors Association (IMCA),MISSING_SOURCE_ARTIFACT,Record derived from catalog metadata without packaged physical PDF/HTML artifact.,provenance.document_hash,1743bc4d0c09dac44f81e17d0e8621543799ab91698e14b8856b88fcfbe84b2f
P0,EVT-IMCA-1681,International Marine Contractors Association (IMCA),MISSING_SOURCE_ARTIFACT,Record derived from catalog metadata without packaged physical PDF/HTML artifact.,provenance.document_hash,d41c500f500438f4dbb5eb81c1e4335dfd85017ead4d1da68a4d80361c689829
P0,EVT-IMCA-1682,International Marine Contractors Association (IMCA),MISSING_SOURCE_ARTIFACT,Record derived from catalog metadata without packaged physical PDF/HTML artifact.,provenance.document_hash,7d86fab07e58a24fcbddc116ee31efafb37b7d5138dbe65ef020dfc84333ef69
P0,EVT-IMCA-1684,International Marine Contractors Association (IMCA),MISSING_SOURCE_ARTIFACT,Record derived from catalog metadata without packaged physical PDF/HTML artifact.,provenance.document_hash,1c0eeaa3bc01ff3b7d40f597ff67d9171c1951319bbce768518ef3b3cbc65b43
P0,EVT-IMCA-1685,International Marine Contractors Association (IMCA),MISSING_SOURCE_ARTIFACT,Record derived from catalog metadata without packaged physical PDF/HTML artifact.,provenance.document_hash,75118856b023132d6228c86fd453b4e4a9b1a626aefbe5690da395f22b1aed2a
P0,EVT-IMCA-1686,International Marine Contractors Association (IMCA),MISSING_SOURCE_ARTIFACT,Record derived from catalog metadata without packaged physical PDF/HTML artifact.,provenance.document_hash,2380a4f40ee3df0390a4b62a7429cb4c26048f4bc8e8543d74fbe0ef37b95acf
P0,EVT-IMCA-1687,International Marine Contractors Association (IMCA),MISSING_SOURCE_ARTIFACT,Record derived from catalog metadata without packaged physical PDF/HTML artifact.,provenance.document_hash,efac8ca8c74ecb09c0d72834bdd2409c8e6240ddaa14458adc6e760b61ae6a90
P0,EVT-IMCA-1688,International Marine Contractors Association (IMCA),MISSING_SOURCE_ARTIFACT,Record derived from catalog metadata without packaged physical PDF/HTML artifact.,provenance.document_hash,39536eeeb8af4801ea58f2236f9518ec0aea85251245d4f3508954aba994b472
P0,EVT-IMCA-1689,International Marine Contractors Association (IMCA),MISSING_SOURCE_ARTIFACT,Record derived from catalog metadata without packaged physical PDF/HTML artifact.,provenance.document_hash,f5421aac6f305c635dd187f99ae6b457463c1519cd64b74aa951373449237841
P0,EVT-IMCA-1690,International Marine Contractors Association (IMCA),MISSING_SOURCE_ARTIFACT,Record derived from catalog metadata without packaged physical PDF/HTML artifact.,provenance.document_hash,c6165ca73d8bcce630aed49f61ea12432a9f9e9bf9077a787e2ffedb98dc10c3
P0,EVT-IMCA-1691,International Marine Contractors Association (IMCA),MISSING_SOURCE_ARTIFACT,Record derived from catalog metadata without packaged physical PDF/HTML artifact.,provenance.document_hash,bc508d650691ef4f05ad1556be6e1b15faf8bf88bd3fd32b671dccbeb4d525d0
P0,EVT-IMCA-1692,International Marine Contractors Association (IMCA),MISSING_SOURCE_ARTIFACT,Record derived from catalog metadata without packaged physical PDF/HTML artifact.,provenance.document_hash,7d3f57ad253229fe47fc564c9a54bf3f79c5ee23b36e5b63c9cf62c93f182456
P0,EVT-IMCA-1693,International Marine Contractors Association (IMCA),MISSING_SOURCE_ARTIFACT,Record derived from catalog metadata without packaged physical PDF/HTML artifact.,provenance.document_hash,cd15d72e311fe53397aa5a92e717b8467fb2fbf637b5ef64092d764a38bc17fc
P0,EVT-IMCA-1694,International Marine Contractors Association (IMCA),MISSING_SOURCE_ARTIFACT,Record derived from catalog metadata without packaged physical PDF/HTML artifact.,provenance.document_hash,311e03ea3e051c54e14da2e895d60aa11047c5ef67c9f19450e070a397fd6049
P0,EVT-IMCA-1695,International Marine Contractors Association (IMCA),MISSING_SOURCE_ARTIFACT,Record derived from catalog metadata without packaged physical PDF/HTML artifact.,provenance.document_hash,b74969dc8533c4ec49a08dbd33543e841a8fc73d8e895a414a87022a84e64988
P0,EVT-IMCA-1696,International Marine Contractors Association (IMCA),MISSING_SOURCE_ARTIFACT,Record derived from catalog metadata without packaged physical PDF/HTML artifact.,provenance.document_hash,ac10d52e11c3c4dd3a04cfadec2be95b2ddbb62dab88928e5f7223d75ef5fde3
P0,EVT-IMCA-1697,International Marine Contractors Association (IMCA),MISSING_SOURCE_ARTIFACT,Record derived from catalog metadata without packaged physical PDF/HTML artifact.,provenance.document_hash,8edcc34daac8ade08921cce8b01fd15fdcedad64111d8b93ddc4aff5646626dd
P0,EVT-IMCA-1698,International Marine Contractors Association (IMCA),MISSING_SOURCE_ARTIFACT,Record derived from catalog metadata without packaged physical PDF/HTML artifact.,provenance.document_hash,0d90c9f64d56dc4d88ae3a2510dafcbcd64a4383c6585f770d1e9e03657bb307
P0,EVT-IMCA-1699,International Marine Contractors Association (IMCA),MISSING_SOURCE_ARTIFACT,Record derived from catalog metadata without packaged physical PDF/HTML artifact.,provenance.document_hash,8180c28db19483cbce992233009a7ec625e6279250586d4fdba8cefc6510989d
P0,EVT-IMCA-1700,International Marine Contractors Association (IMCA),MISSING_SOURCE_ARTIFACT,Record derived from catalog metadata without packaged physical PDF/HTML artifact.,provenance.document_hash,2b2500b09dc683788a4064ccde5b50b84086c50eadbb3c2d13d39bae44030dd7
P0,EVT-IMCA-1701,International Marine Contractors Association (IMCA),MISSING_SOURCE_ARTIFACT,Record derived from catalog metadata without packaged physical PDF/HTML artifact.,provenance.document_hash,26ac2273a909fac761ff5d8fdd8bc7879edab7a330c268b7d289cb2fb6654674
P0,EVT-IMCA-1702,International Marine Contractors Association (IMCA),MISSING_SOURCE_ARTIFACT,Record derived from catalog metadata without packaged physical PDF/HTML artifact.,provenance.document_hash,d0acbbf486c49b632200b87f2fc96f7ae02b800908b690a5c87e881a4963ca98
P0,EVT-IMCA-1703,International Marine Contractors Association (IMCA),MISSING_SOURCE_ARTIFACT,Record derived from catalog metadata without packaged physical PDF/HTML artifact.,provenance.document_hash,510554dd59dcdda7f9bd02ad3ef6a6ea6739b94d53acf201a001c32dde9b7487
P0,EVT-IMCA-1704,International Marine Contractors Association (IMCA),MISSING_SOURCE_ARTIFACT,Record derived from catalog metadata without packaged physical PDF/HTML artifact.,provenance.document_hash,f498b5967493f95cd3126b7f54fb124001815c2792b66809d4c47d90341ae693
P0,EVT-IMCA-1705,International Marine Contractors Association (IMCA),MISSING_SOURCE_ARTIFACT,Record derived from catalog metadata without packaged physical PDF/HTML artifact.,provenance.document_hash,4e62819660ecc7962f25c8ec5a34fbb193ef77d77279c6515d7abbb6d4bb259a
P0,EVT-IMCA-1706,International Marine Contractors Association (IMCA),MISSING_SOURCE_ARTIFACT,Record derived from catalog metadata without packaged physical PDF/HTML artifact.,provenance.document_hash,312ea6d3d3ef3dfc76157b6fbe984f2f55d3201b734ed3c2d1f9dce25bf344b8
P0,EVT-IMCA-1707,International Marine Contractors Association (IMCA),MISSING_SOURCE_ARTIFACT,Record derived from catalog metadata without packaged physical PDF/HTML artifact.,provenance.document_hash,a207973f449f15a81e1eec0eb66b8c912053124dc5132075bc4b53353ae14c11
P0,EVT-IMCA-1708,International Marine Contractors Association (IMCA),MISSING_SOURCE_ARTIFACT,Record derived from catalog metadata without packaged physical PDF/HTML artifact.,provenance.document_hash,d038641197265d32766147de97dd342895fdfb041b0a048b3de4035c763a6ac3
P0,EVT-IMCA-1709,International Marine Contractors Association (IMCA),MISSING_SOURCE_ARTIFACT,Record derived from catalog metadata without packaged physical PDF/HTML artifact.,provenance.document_hash,f62858cf4c6edcafc9b01b39922a8140ae012ed7af132afc96e7dcf579c407da
P0,EVT-IMCA-1710,International Marine Contractors Association (IMCA),MISSING_SOURCE_ARTIFACT,Record derived from catalog metadata without packaged physical PDF/HTML artifact.,provenance.document_hash,110e4bc3f701b3546630da6c9ee40cf09f4636f8fc9a89349b06160334e229f6
P0,EVT-IMCA-1711,International Marine Contractors Association (IMCA),MISSING_SOURCE_ARTIFACT,Record derived from catalog metadata without packaged physical PDF/HTML artifact.,provenance.document_hash,770bfe70bde284c4a6f427f0a4636b4b434773224cfd44fb14ce55202ee730d5
P0,EVT-IMCA-1712,International Marine Contractors Association (IMCA),MISSING_SOURCE_ARTIFACT,Record derived from catalog metadata without packaged physical PDF/HTML artifact.,provenance.document_hash,edee464c7888cb3ec21d6785316155ad51b8532ad578882ca5f9840578b3d3a8
P0,EVT-IMCA-1713,International Marine Contractors Association (IMCA),MISSING_SOURCE_ARTIFACT,Record derived from catalog metadata without packaged physical PDF/HTML artifact.,provenance.document_hash,4d00139015f026f6f539e8ba007f5eab0353f392c77d8c072697d1bb204ec9e2
P0,EVT-IMCA-1714,International Marine Contractors Association (IMCA),MISSING_SOURCE_ARTIFACT,Record derived from catalog metadata without packaged physical PDF/HTML artifact.,provenance.document_hash,863c5dd16e2ad5e35601eebbf8ab38b18f1ccffcf424b3b6bb0db0bff2098be8
P0,EVT-IMCA-1715,International Marine Contractors Association (IMCA),MISSING_SOURCE_ARTIFACT,Record derived from catalog metadata without packaged physical PDF/HTML artifact.,provenance.document_hash,ef76e9babc6649bd9e3dde8bddb32ca33ca1e5311fdd88699e009ab04d9ff3c6
P0,EVT-IMCA-1716,International Marine Contractors Association (IMCA),MISSING_SOURCE_ARTIFACT,Record derived from catalog metadata without packaged physical PDF/HTML artifact.,provenance.document_hash,b311f3fcf731f11d12efb0e912eb549c700b9071a5750bcb862b4f47d8d1b4e5
P0,EVT-IMCA-1717,International Marine Contractors Association (IMCA),MISSING_SOURCE_ARTIFACT,Record derived from catalog metadata without packaged physical PDF/HTML artifact.,provenance.document_hash,9c2a55f7b6f0d2e3ae57b729b921bafeb443bd4f566bdf161e68a7c3bcd45d3a
P0,EVT-IMCA-1718,International Marine Contractors Association (IMCA),MISSING_SOURCE_ARTIFACT,Record derived from catalog metadata without packaged physical PDF/HTML artifact.,provenance.document_hash,8bc22ddfa4b0d0bcd22dd60d94b5985d586f6dbc00e11758fb37edc8beef32fd
P0,EVT-IMCA-1719,International Marine Contractors Association (IMCA),MISSING_SOURCE_ARTIFACT,Record derived from catalog metadata without packaged physical PDF/HTML artifact.,provenance.document_hash,0b205db68fd6d4b654abd2975f7f2f0b114af062901b5f4a356edd3339ff273f
P0,EVT-IMCA-1720,International Marine Contractors Association (IMCA),MISSING_SOURCE_ARTIFACT,Record derived from catalog metadata without packaged physical PDF/HTML artifact.,provenance.document_hash,e0d19f7a264a93a674de86ca25ef39f17f8566dc1903e50173140159a7f7e4ac
P0,EVT-IMCA-1721,International Marine Contractors Association (IMCA),MISSING_SOURCE_ARTIFACT,Record derived from catalog metadata without packaged physical PDF/HTML artifact.,provenance.document_hash,216c7da19a1fc2f25c3029a64baa1b62e0c6615eccd4a6a870012f5c4025d318
P0,EVT-IMCA-1722,International Marine Contractors Association (IMCA),MISSING_SOURCE_ARTIFACT,Record derived from catalog metadata without packaged physical PDF/HTML artifact.,provenance.document_hash,308b5722d750b5bdd6b9c364866899215411ea36ac1e558805aa9400f9767626
P0,EVT-IMCA-1723,International Marine Contractors Association (IMCA),MISSING_SOURCE_ARTIFACT,Record derived from catalog metadata without packaged physical PDF/HTML artifact.,provenance.document_hash,1b7a8107d9ff3c862c5bd0e657cc293f6a107bb0d4d131abcc38c7cf89b0362f
P0,EVT-IMCA-1724,International Marine Contractors Association (IMCA),MISSING_SOURCE_ARTIFACT,Record derived from catalog metadata without packaged physical PDF/HTML artifact.,provenance.document_hash,d2bd1061f3ccc4ed9e9892961188b214e7a8254ddd1ecb69da2a462042f00f96
P0,EVT-IMCA-1725,International Marine Contractors Association (IMCA),MISSING_SOURCE_ARTIFACT,Record derived from catalog metadata without packaged physical PDF/HTML artifact.,provenance.document_hash,a0f1b26b8ff7719bce3bb158bc9effa3e301e407ed90ff1ed8a6fa5c7073ab37
P0,EVT-IMCA-1726,International Marine Contractors Association (IMCA),MISSING_SOURCE_ARTIFACT,Record derived from catalog metadata without packaged physical PDF/HTML artifact.,provenance.document_hash,b89d9974bdb1345fe77f6a9205c24189867e17b2217e96d2ebe39fe5b2ef8ead
P0,EVT-IMCA-1727,International Marine Contractors Association (IMCA),MISSING_SOURCE_ARTIFACT,Record derived from catalog metadata without packaged physical PDF/HTML artifact.,provenance.document_hash,0b3817d0a4b3d3c348426e96bc5fe699dbb926d394a042dd5d57f9680d393d5f
P0,EVT-IMCA-1728,International Marine Contractors Association (IMCA),MISSING_SOURCE_ARTIFACT,Record derived from catalog metadata without packaged physical PDF/HTML artifact.,provenance.document_hash,2bd015e181ca347c4ef57006ea14e3e173ae16db77b558c82a04e04da6337242
P0,EVT-IMCA-1729,International Marine Contractors Association (IMCA),MISSING_SOURCE_ARTIFACT,Record derived from catalog metadata without packaged physical PDF/HTML artifact.,provenance.document_hash,80daf250f83d432791bb8f3a6c6a89dcd9477126382877fbaa42b18e51fa16bf
P0,EVT-IMCA-1730,International Marine Contractors Association (IMCA),MISSING_SOURCE_ARTIFACT,Record derived from catalog metadata without packaged physical PDF/HTML artifact.,provenance.document_hash,adc6df9fa4b95c2482089d0e105e0268fbef94b06ba0fdb9ff1e6c7b400a434f
P0,EVT-IMCA-1731,International Marine Contractors Association (IMCA),MISSING_SOURCE_ARTIFACT,Record derived from catalog metadata without packaged physical PDF/HTML artifact.,provenance.document_hash,6ec12df5e3a05972aed343eb8c7af97cc1079752a643997572dd4e2d2e124fd2
P0,EVT-IMCA-1732,International Marine Contractors Association (IMCA),MISSING_SOURCE_ARTIFACT,Record derived from catalog metadata without packaged physical PDF/HTML artifact.,provenance.document_hash,9d68176e47fd7eebd8b66a7d9fda4d61cf5b28b56352d7fce529923947637a5d
P0,EVT-IMCA-1733,International Marine Contractors Association (IMCA),MISSING_SOURCE_ARTIFACT,Record derived from catalog metadata without packaged physical PDF/HTML artifact.,provenance.document_hash,1fe3ee0280106a0c85f0082b0cdd2127badf1670e68d014fda4e88bcbfa079a2
P0,EVT-IMCA-1734,International Marine Contractors Association (IMCA),MISSING_SOURCE_ARTIFACT,Record derived from catalog metadata without packaged physical PDF/HTML artifact.,provenance.document_hash,f12e5b58af4efda65c2062bcb4fb48a4b70dda0937f5faf8753ef425d4f8460b
P0,EVT-IMCA-1735,International Marine Contractors Association (IMCA),MISSING_SOURCE_ARTIFACT,Record derived from catalog metadata without packaged physical PDF/HTML artifact.,provenance.document_hash,0b1cec05043fa175f2f2d2faf41818aa9c0929d85ebb97a77ba9c75ff5a7cba9
P0,EVT-IMCA-1736,International Marine Contractors Association (IMCA),MISSING_SOURCE_ARTIFACT,Record derived from catalog metadata without packaged physical PDF/HTML artifact.,provenance.document_hash,ca6f35b5ceee526714a86f456aa2890a5852a71d0faa318477bf2d93bf8f4b66
P0,EVT-IMCA-1737,International Marine Contractors Association (IMCA),MISSING_SOURCE_ARTIFACT,Record derived from catalog metadata without packaged physical PDF/HTML artifact.,provenance.document_hash,e4bd2b922477ab2c0bba32c35aea0c5a343cae77d6332dd051fa2f9891fa5252
P0,EVT-IMCA-1738,International Marine Contractors Association (IMCA),MISSING_SOURCE_ARTIFACT,Record derived from catalog metadata without packaged physical PDF/HTML artifact.,provenance.document_hash,73c013ebbdb23d354e97602af1a310068c868a5dcb4da271c544d524ccbe7d42
P0,EVT-IMCA-1739,International Marine Contractors Association (IMCA),MISSING_SOURCE_ARTIFACT,Record derived from catalog metadata without packaged physical PDF/HTML artifact.,provenance.document_hash,2a92939f41f06da1c68c9ba591ee22a4cdcbc69d6cc5237e93275c85c4561f02
P0,EVT-IMCA-1740,International Marine Contractors Association (IMCA),MISSING_SOURCE_ARTIFACT,Record derived from catalog metadata without packaged physical PDF/HTML artifact.,provenance.document_hash,a19ff512376f9cc31560100c115ca90dde55d5e33709ac15a55824ddd5989ed6
P0,EVT-IMCA-1741,International Marine Contractors Association (IMCA),MISSING_SOURCE_ARTIFACT,Record derived from catalog metadata without packaged physical PDF/HTML artifact.,provenance.document_hash,7d1d6c144e850b9ba37190b9cc85e6e98e06e8560a921b90ef345e8c703d8fc1
P0,EVT-IMCA-1742,International Marine Contractors Association (IMCA),MISSING_SOURCE_ARTIFACT,Record derived from catalog metadata without packaged physical PDF/HTML artifact.,provenance.document_hash,e11267835d17b5177b2c46c8a011dad7af91fbcfd7c48cf0a9c14c002d70dc48
P0,EVT-IMCA-1743,International Marine Contractors Association (IMCA),MISSING_SOURCE_ARTIFACT,Record derived from catalog metadata without packaged physical PDF/HTML artifact.,provenance.document_hash,52f0cbed7e7a0547fb3d27d8b33c3be248287da8e4312b01fa35af1dc5fc334f
P0,EVT-IMCA-1744,International Marine Contractors Association (IMCA),MISSING_SOURCE_ARTIFACT,Record derived from catalog metadata without packaged physical PDF/HTML artifact.,provenance.document_hash,33d68933698340d0ee9b727216f2f25c0785fae00ef32475df3d2c8660b1ed6c
P0,EVT-IMCA-1745,International Marine Contractors Association (IMCA),MISSING_SOURCE_ARTIFACT,Record derived from catalog metadata without packaged physical PDF/HTML artifact.,provenance.document_hash,235883d68523f7dc7ceea2a31707b39a05a5be11c617f3230b1b1c7a9e298cef
P0,EVT-IMCA-1746,International Marine Contractors Association (IMCA),MISSING_SOURCE_ARTIFACT,Record derived from catalog metadata without packaged physical PDF/HTML artifact.,provenance.document_hash,068e1f0f9438ecb6e7b365d2659dfa512d75f16b7648eaa9abbff1d1151a3bcb
P0,EVT-IMCA-1747,International Marine Contractors Association (IMCA),MISSING_SOURCE_ARTIFACT,Record derived from catalog metadata without packaged physical PDF/HTML artifact.,provenance.document_hash,9dc8a2a976be1be58e92c7f5c1f2f82893bef35107600d806b27b6313f3c6a58
P0,EVT-IMCA-1748,International Marine Contractors Association (IMCA),MISSING_SOURCE_ARTIFACT,Record derived from catalog metadata without packaged physical PDF/HTML artifact.,provenance.document_hash,8a91a4555017057c161881f73a45fda90f10e09a0327729954e3435fa4846620
P0,EVT-IMCA-1749,International Marine Contractors Association (IMCA),MISSING_SOURCE_ARTIFACT,Record derived from catalog metadata without packaged physical PDF/HTML artifact.,provenance.document_hash,51398a2b8e8fc29392ac35d1ff606b4855b4efd7e0836a0593fc978c9dbb746b
P0,EVT-IMCA-1750,International Marine Contractors Association (IMCA),MISSING_SOURCE_ARTIFACT,Record derived from catalog metadata without packaged physical PDF/HTML artifact.,provenance.document_hash,ea3fae1084b9722676b449420e701a69891548e1b5b1a516038b8eee734649af
P0,EVT-IMCA-1751,International Marine Contractors Association (IMCA),MISSING_SOURCE_ARTIFACT,Record derived from catalog metadata without packaged physical PDF/HTML artifact.,provenance.document_hash,e55e6e333ac7a904af5495e0320ab47a37e6c8dc99ad00df52701cf4af8fe053
P0,EVT-IMCA-1752,International Marine Contractors Association (IMCA),MISSING_SOURCE_ARTIFACT,Record derived from catalog metadata without packaged physical PDF/HTML artifact.,provenance.document_hash,18595bcb9d58ca882e154a6fb490d0e4cb069e27391b63a23e359b5e184a5d35
P0,EVT-IMCA-1753,International Marine Contractors Association (IMCA),MISSING_SOURCE_ARTIFACT,Record derived from catalog metadata without packaged physical PDF/HTML artifact.,provenance.document_hash,93d9cb0fc0b3cae1b7e1c5fc7a33abc752327bb6e728771a251de518e9a700bf
P0,EVT-IMCA-1754,International Marine Contractors Association (IMCA),MISSING_SOURCE_ARTIFACT,Record derived from catalog metadata without packaged physical PDF/HTML artifact.,provenance.document_hash,ff39a53e091ea48f827241446596cb1f0a827d6f1f71798361df40df92af06e9
P0,EVT-IMCA-1755,International Marine Contractors Association (IMCA),MISSING_SOURCE_ARTIFACT,Record derived from catalog metadata without packaged physical PDF/HTML artifact.,provenance.document_hash,5ede5e3093c42d64a6145214c1da4d064e634da2cde74055acd71acdc2570a66
P0,EVT-IMCA-1756,International Marine Contractors Association (IMCA),MISSING_SOURCE_ARTIFACT,Record derived from catalog metadata without packaged physical PDF/HTML artifact.,provenance.document_hash,fb33621415850243095b1e3262bb766e1e6db520a8bf26ee77e51ab33434fe13
P0,EVT-IMCA-1757,International Marine Contractors Association (IMCA),MISSING_SOURCE_ARTIFACT,Record derived from catalog metadata without packaged physical PDF/HTML artifact.,provenance.document_hash,14e496f94051fa75b53333cc9d25e849a056249d7ae2279115ce12eeab9f882a
P0,EVT-IMCA-1758,International Marine Contractors Association (IMCA),MISSING_SOURCE_ARTIFACT,Record derived from catalog metadata without packaged physical PDF/HTML artifact.,provenance.document_hash,ef266cea3d7987031d21eff689248d6dfa37beea1a5e5ddd4f2b7136a98a35fb
P0,EVT-IMCA-1759,International Marine Contractors Association (IMCA),MISSING_SOURCE_ARTIFACT,Record derived from catalog metadata without packaged physical PDF/HTML artifact.,provenance.document_hash,58215b053746d8f809540edc903d665b97193405053ea8fe8858b83809c2338c
P0,EVT-IMCA-1760,International Marine Contractors Association (IMCA),MISSING_SOURCE_ARTIFACT,Record derived from catalog metadata without packaged physical PDF/HTML artifact.,provenance.document_hash,611dcdad62ad5346fab34d5638c977935b59395683a7616c3186e4a45da163bf
P0,EVT-IMCA-1762,International Marine Contractors Association (IMCA),MISSING_SOURCE_ARTIFACT,Record derived from catalog metadata without packaged physical PDF/HTML artifact.,provenance.document_hash,8c02137e2caa8e2d45a2306c58fbadda4341b97ede278ef80576f48b619f30c6
P0,EVT-IMCA-1763,International Marine Contractors Association (IMCA),MISSING_SOURCE_ARTIFACT,Record derived from catalog metadata without packaged physical PDF/HTML artifact.,provenance.document_hash,16bd4b884ecbb81c8d7b4e5e35766f8b251fc4e8bbe72839a73b62e8450991fa
P0,EVT-IMCA-1764,International Marine Contractors Association (IMCA),MISSING_SOURCE_ARTIFACT,Record derived from catalog metadata without packaged physical PDF/HTML artifact.,provenance.document_hash,ee3636a542168a2e62c1c6d73ff4c6c3d3815b2c992da49265c9349a69c39a8f
P0,EVT-IMCA-1765,International Marine Contractors Association (IMCA),MISSING_SOURCE_ARTIFACT,Record derived from catalog metadata without packaged physical PDF/HTML artifact.,provenance.document_hash,b1523e252403fe3598458775251d7cb6cc7a55ecc1fa244bfb586611b4b3b0a0
P0,EVT-IMCA-1766,International Marine Contractors Association (IMCA),MISSING_SOURCE_ARTIFACT,Record derived from catalog metadata without packaged physical PDF/HTML artifact.,provenance.document_hash,3b3aa67f4f122dc12e813ed00e49c96488fd7a75dfb0cc641b09a8f0d3bf5fea
P0,EVT-IMCA-1767,International Marine Contractors Association (IMCA),MISSING_SOURCE_ARTIFACT,Record derived from catalog metadata without packaged physical PDF/HTML artifact.,provenance.document_hash,0992c5050b06141a99c1a204c1e8f3bd27240778a45569bf31327bde7121b1ae
P0,EVT-IMCA-1768,International Marine Contractors Association (IMCA),MISSING_SOURCE_ARTIFACT,Record derived from catalog metadata without packaged physical PDF/HTML artifact.,provenance.document_hash,f33cae7bdf60f19505d5295a48e4b13936e837ebe6a3f2fb039cea1319264e40
P0,EVT-IMCA-1769,International Marine Contractors Association (IMCA),MISSING_SOURCE_ARTIFACT,Record derived from catalog metadata without packaged physical PDF/HTML artifact.,provenance.document_hash,945ba9350eae71733c599f14b95de6b86be46e872e816e091c94c46e9d904877
P0,EVT-IMCA-1770,International Marine Contractors Association (IMCA),MISSING_SOURCE_ARTIFACT,Record derived from catalog metadata without packaged physical PDF/HTML artifact.,provenance.document_hash,7caed00891ba95c7b6b0ed43904b66e29453af0eede728d9c91804aeb228d685
P0,EVT-IMCA-1771,International Marine Contractors Association (IMCA),MISSING_SOURCE_ARTIFACT,Record derived from catalog metadata without packaged physical PDF/HTML artifact.,provenance.document_hash,6a1909036cb4410c6cba70ae08d431fc4076bed4eb2725a9f9062c65f4b14bda
P0,EVT-IMCA-1772,International Marine Contractors Association (IMCA),MISSING_SOURCE_ARTIFACT,Record derived from catalog metadata without packaged physical PDF/HTML artifact.,provenance.document_hash,b03b2132971d55bec45777ab267b247ce40d705fce05959b417ed690f0e380f3
P0,EVT-IMCA-1773,International Marine Contractors Association (IMCA),MISSING_SOURCE_ARTIFACT,Record derived from catalog metadata without packaged physical PDF/HTML artifact.,provenance.document_hash,9901b263216cfb1bd845e9b88fd9a66b02acd01db2ceb3fb566403900e201048
P0,EVT-IMCA-1774,International Marine Contractors Association (IMCA),MISSING_SOURCE_ARTIFACT,Record derived from catalog metadata without packaged physical PDF/HTML artifact.,provenance.document_hash,4f76c05f68e047424baa9ce58a6209f78d2dadf466dc210fe68685360bfc0ff1
P0,EVT-IMCA-1775,International Marine Contractors Association (IMCA),MISSING_SOURCE_ARTIFACT,Record derived from catalog metadata without packaged physical PDF/HTML artifact.,provenance.document_hash,cc852ebd370fd124c9d55182f797c79306374f5940dd7568302e428cffebd74c
P0,EVT-IMCA-1776,International Marine Contractors Association (IMCA),MISSING_SOURCE_ARTIFACT,Record derived from catalog metadata without packaged physical PDF/HTML artifact.,provenance.document_hash,a1f0c6b285d7ad6ca72dfe89844367fb6a02d0681d20cad1ea37d4fee070a24e
P0,EVT-IMCA-1777,International Marine Contractors Association (IMCA),MISSING_SOURCE_ARTIFACT,Record derived from catalog metadata without packaged physical PDF/HTML artifact.,provenance.document_hash,558b44b83b1f2c740c3ab5e6c5dd0d4dad6e5819116d30482595be73be802f40
P0,EVT-IMCA-1778,International Marine Contractors Association (IMCA),MISSING_SOURCE_ARTIFACT,Record derived from catalog metadata without packaged physical PDF/HTML artifact.,provenance.document_hash,218fa13e5487b04b91a7123fdc58285b3fb4077ce075eec48750356ae79ab5b0
P0,EVT-IMCA-1779,International Marine Contractors Association (IMCA),MISSING_SOURCE_ARTIFACT,Record derived from catalog metadata without packaged physical PDF/HTML artifact.,provenance.document_hash,a47de7ad2b10351f0fb561f3108b8526a396bdd803fd0e00c3fd3d57a6660699
P0,EVT-IMCA-1780,International Marine Contractors Association (IMCA),MISSING_SOURCE_ARTIFACT,Record derived from catalog metadata without packaged physical PDF/HTML artifact.,provenance.document_hash,d4ddedf8ddb4b3c3badb6a8a0d74c75e723cda79ce89cd690236b4691f565b8d
P0,EVT-IMCA-1781,International Marine Contractors Association (IMCA),MISSING_SOURCE_ARTIFACT,Record derived from catalog metadata without packaged physical PDF/HTML artifact.,provenance.document_hash,c06efd64d447de9701ea2f2574fabd1e600b93dd6368adc92fe7c63cfa4cbb66
P0,EVT-IMCA-1782,International Marine Contractors Association (IMCA),MISSING_SOURCE_ARTIFACT,Record derived from catalog metadata without packaged physical PDF/HTML artifact.,provenance.document_hash,4789d80da1ca13808b3ff877db962b587002fe1817dc2006d075948c94acdda3
P0,EVT-IMCA-1783,International Marine Contractors Association (IMCA),MISSING_SOURCE_ARTIFACT,Record derived from catalog metadata without packaged physical PDF/HTML artifact.,provenance.document_hash,604bc1dd961b7929da6bf1055e3b74742bbca68e4e0269b98b14c109c59a07c1
P0,EVT-IMCA-1784,International Marine Contractors Association (IMCA),MISSING_SOURCE_ARTIFACT,Record derived from catalog metadata without packaged physical PDF/HTML artifact.,provenance.document_hash,a084f337977584a011dd2f1923d76bb1f96c24c0de7e42ec2c960c09b4ba5202
P0,EVT-IMCA-1786,International Marine Contractors Association (IMCA),MISSING_SOURCE_ARTIFACT,Record derived from catalog metadata without packaged physical PDF/HTML artifact.,provenance.document_hash,7c288f16d0a6d8f11a7e96887524b5c524cd09c82fb88d056b6f70a4c9e20e39
P0,EVT-IMCA-1787,International Marine Contractors Association (IMCA),MISSING_SOURCE_ARTIFACT,Record derived from catalog metadata without packaged physical PDF/HTML artifact.,provenance.document_hash,fcabcfce6c01a4f44a2f346dedf1283bc2f022aa4e5411cea1524d52b9044d59
P0,EVT-IMCA-1788,International Marine Contractors Association (IMCA),MISSING_SOURCE_ARTIFACT,Record derived from catalog metadata without packaged physical PDF/HTML artifact.,provenance.document_hash,dc54a7f5d7f43ccf0f9c8d318cf9c4cef64e6b852f18d96f28de5fc60f239d5f
P0,EVT-IMCA-1789,International Marine Contractors Association (IMCA),MISSING_SOURCE_ARTIFACT,Record derived from catalog metadata without packaged physical PDF/HTML artifact.,provenance.document_hash,89703edfbaea0ff82fbba772f7894f7eddaed9ee2cd19349654cc2c25560ceca
P0,EVT-IMCA-1790,International Marine Contractors Association (IMCA),MISSING_SOURCE_ARTIFACT,Record derived from catalog metadata without packaged physical PDF/HTML artifact.,provenance.document_hash,6cec8ea8aae86c998c8d7d5910db7e46fa478e7a157a3cc46463292168ea169b
P0,EVT-IMCA-1791,International Marine Contractors Association (IMCA),MISSING_SOURCE_ARTIFACT,Record derived from catalog metadata without packaged physical PDF/HTML artifact.,provenance.document_hash,262751c292af80a4cf166e8374056bed4c275cce1d69fd498eeef2e565ba00c5
P0,EVT-IMCA-1792,International Marine Contractors Association (IMCA),MISSING_SOURCE_ARTIFACT,Record derived from catalog metadata without packaged physical PDF/HTML artifact.,provenance.document_hash,57f716785986e2dc2ed0a4f6dd0ee000eb4a13143d4ef6b664c3d65dd554f174
P0,EVT-IMCA-1793,International Marine Contractors Association (IMCA),MISSING_SOURCE_ARTIFACT,Record derived from catalog metadata without packaged physical PDF/HTML artifact.,provenance.document_hash,d2e390e61bce750cf65f4181835bf47a45fc1344480fe61bdab28d1921cd6ff5
P0,EVT-IMCA-1794,International Marine Contractors Association (IMCA),MISSING_SOURCE_ARTIFACT,Record derived from catalog metadata without packaged physical PDF/HTML artifact.,provenance.document_hash,b67e1fa5266cf00e78b5b546d09247639ff910a231a764096abbd97eb930623b
P0,EVT-IMCA-1795,International Marine Contractors Association (IMCA),MISSING_SOURCE_ARTIFACT,Record derived from catalog metadata without packaged physical PDF/HTML artifact.,provenance.document_hash,f6cfe9f4b35759185a2630768d01f8ed96fed2afd759549204597b8d715040e9
P0,EVT-IMCA-1796,International Marine Contractors Association (IMCA),MISSING_SOURCE_ARTIFACT,Record derived from catalog metadata without packaged physical PDF/HTML artifact.,provenance.document_hash,bbbc51c7c49237e30f6bb5715773e202bb504c668145704f51023bef279b66f8
P0,EVT-IMCA-1797,International Marine Contractors Association (IMCA),MISSING_SOURCE_ARTIFACT,Record derived from catalog metadata without packaged physical PDF/HTML artifact.,provenance.document_hash,8b74965ce3897389a7b6b66995e270a94f349ef2a8c1f71b6a2b49c03a2004c2
P0,EVT-IMCA-1798,International Marine Contractors Association (IMCA),MISSING_SOURCE_ARTIFACT,Record derived from catalog metadata without packaged physical PDF/HTML artifact.,provenance.document_hash,9f27e813231952c7911dcfc776f3038c3514a0976074505642b9ab93712474fc
P0,EVT-IMCA-1799,International Marine Contractors Association (IMCA),MISSING_SOURCE_ARTIFACT,Record derived from catalog metadata without packaged physical PDF/HTML artifact.,provenance.document_hash,3e26367aca03f2b3adf6ab3bad88c756a1456818a77d716cee58b01b8555e76d
P0,EVT-IMCA-1800,International Marine Contractors Association (IMCA),MISSING_SOURCE_ARTIFACT,Record derived from catalog metadata without packaged physical PDF/HTML artifact.,provenance.document_hash,5b912bce58076e22bb4dabd7679e22aeca17ee34d444e15dc351515ed2c39bfb
P0,EVT-IMCA-1801,International Marine Contractors Association (IMCA),MISSING_SOURCE_ARTIFACT,Record derived from catalog metadata without packaged physical PDF/HTML artifact.,provenance.document_hash,36cce59996eec1a74b1310c2bcead3e57cdcfa87dacaa54511d9df2351edd22a
P0,EVT-IMCA-1802,International Marine Contractors Association (IMCA),MISSING_SOURCE_ARTIFACT,Record derived from catalog metadata without packaged physical PDF/HTML artifact.,provenance.document_hash,01ad64d9cd08918f6212a7a58a042f29d9c28378a5003932ee89f216d1da568e
P0,EVT-IMCA-1803,International Marine Contractors Association (IMCA),MISSING_SOURCE_ARTIFACT,Record derived from catalog metadata without packaged physical PDF/HTML artifact.,provenance.document_hash,7a3fa0aaada0974cadc727605388d0e104d03e5177031cf4d99c840f519de737
P0,EVT-IMCA-1804,International Marine Contractors Association (IMCA),MISSING_SOURCE_ARTIFACT,Record derived from catalog metadata without packaged physical PDF/HTML artifact.,provenance.document_hash,01096fff6db06396f9552564190e9f2809d5770f6f415d281e2fb8811646cc14
P0,EVT-IMCA-1805,International Marine Contractors Association (IMCA),MISSING_SOURCE_ARTIFACT,Record derived from catalog metadata without packaged physical PDF/HTML artifact.,provenance.document_hash,6e3c0cff340b30586c70ca3e0fc2042aa1a2a5a388dc0733cbcaccdd557b8b71
P0,EVT-IMCA-1806,International Marine Contractors Association (IMCA),MISSING_SOURCE_ARTIFACT,Record derived from catalog metadata without packaged physical PDF/HTML artifact.,provenance.document_hash,d8a443cc898bae447c9b3244c43a03f5b2491bc7056cf916b28a0084430bbc53
P0,EVT-IMCA-1807,International Marine Contractors Association (IMCA),MISSING_SOURCE_ARTIFACT,Record derived from catalog metadata without packaged physical PDF/HTML artifact.,provenance.document_hash,175c0b8aa8000130e308d9520a37413e0bc18e3b586587767adb340749068bc1
P0,EVT-IMCA-1808,International Marine Contractors Association (IMCA),MISSING_SOURCE_ARTIFACT,Record derived from catalog metadata without packaged physical PDF/HTML artifact.,provenance.document_hash,7c2038d73303337b1939af05c22380ad789025b127dd989626f3e2dca03f0353
P0,EVT-IMCA-1809,International Marine Contractors Association (IMCA),MISSING_SOURCE_ARTIFACT,Record derived from catalog metadata without packaged physical PDF/HTML artifact.,provenance.document_hash,05e82e50cff2b4d49197f71f4e7d54113d3755a619df06fca59a5dd6ca515e8f
P0,EVT-IMCA-1810,International Marine Contractors Association (IMCA),MISSING_SOURCE_ARTIFACT,Record derived from catalog metadata without packaged physical PDF/HTML artifact.,provenance.document_hash,36a7a0d6d6b84611a3ce56422f83642887f707333eabaf09921ac1ab1d258d1d
P0,EVT-IMCA-1811,International Marine Contractors Association (IMCA),MISSING_SOURCE_ARTIFACT,Record derived from catalog metadata without packaged physical PDF/HTML artifact.,provenance.document_hash,d9b64e373fd7a02de2d0a39ddbbb061987767b1a9c4f229fd8ec47ee17a81021
P0,EVT-IMCA-1812,International Marine Contractors Association (IMCA),MISSING_SOURCE_ARTIFACT,Record derived from catalog metadata without packaged physical PDF/HTML artifact.,provenance.document_hash,bb2b1134e92afb9ed924d0d97790d3d036e279251fdebd11068703ae52476ae6
P0,EVT-IMCA-1813,International Marine Contractors Association (IMCA),MISSING_SOURCE_ARTIFACT,Record derived from catalog metadata without packaged physical PDF/HTML artifact.,provenance.document_hash,9134bf2d8243b92d764907f2d34c6115a71c5a5a15a05d7f61b0135326ab319a
P0,EVT-IMCA-1814,International Marine Contractors Association (IMCA),MISSING_SOURCE_ARTIFACT,Record derived from catalog metadata without packaged physical PDF/HTML artifact.,provenance.document_hash,1f238d25cb4629e713ecf0100ff9f036602be5284c8838c2ac742b70d8f8ce67
P0,EVT-IMCA-1815,International Marine Contractors Association (IMCA),MISSING_SOURCE_ARTIFACT,Record derived from catalog metadata without packaged physical PDF/HTML artifact.,provenance.document_hash,f6473b38eb8a6d399ddef22579c726a26e48546f93312f7d150214ed0619fba2
P0,EVT-IMCA-1816,International Marine Contractors Association (IMCA),MISSING_SOURCE_ARTIFACT,Record derived from catalog metadata without packaged physical PDF/HTML artifact.,provenance.document_hash,3f0da34ee6a2d17acb92223f23c96e831d053097c8856410ee78c31b33fb46f2
P0,EVT-IMCA-1817,International Marine Contractors Association (IMCA),MISSING_SOURCE_ARTIFACT,Record derived from catalog metadata without packaged physical PDF/HTML artifact.,provenance.document_hash,64a437a76ffe9cebb37e060e725613be6654496f413abc140611c27da7273a7d
P0,EVT-IMCA-1818,International Marine Contractors Association (IMCA),MISSING_SOURCE_ARTIFACT,Record derived from catalog metadata without packaged physical PDF/HTML artifact.,provenance.document_hash,930efd0ac8c7017e9443d0ff43a7031b11e90cdc76ebbc0223b64ca16c9b45fd
P0,EVT-IMCA-1819,International Marine Contractors Association (IMCA),MISSING_SOURCE_ARTIFACT,Record derived from catalog metadata without packaged physical PDF/HTML artifact.,provenance.document_hash,248f841e0a812e157c3df6ff8958287eac5b4f4dce2554af9ba4d6cb9f63fa8b
P0,EVT-IMCA-1820,International Marine Contractors Association (IMCA),MISSING_SOURCE_ARTIFACT,Record derived from catalog metadata without packaged physical PDF/HTML artifact.,provenance.document_hash,a02edcd993719dc9572a3b3e0f5aee51e260a66e13ee82b0d42c7865c0db54b5
P0,EVT-IMCA-1821,International Marine Contractors Association (IMCA),MISSING_SOURCE_ARTIFACT,Record derived from catalog metadata without packaged physical PDF/HTML artifact.,provenance.document_hash,ba120f3730d607fc3e4be9c36331575c32429b0eb772dbd62661681a7194cfac
P0,EVT-IMCA-1822,International Marine Contractors Association (IMCA),MISSING_SOURCE_ARTIFACT,Record derived from catalog metadata without packaged physical PDF/HTML artifact.,provenance.document_hash,57abc0eb8b10c091438ef9e55ea7356ede8f4ffbe22b2c22855450c2cf9ec54d
P0,EVT-IMCA-1823,International Marine Contractors Association (IMCA),MISSING_SOURCE_ARTIFACT,Record derived from catalog metadata without packaged physical PDF/HTML artifact.,provenance.document_hash,39e5e2b6ce19656f707299b8ab07bb13f54629e409944bf191d1433d6c631d2b
P0,EVT-IMCA-1824,International Marine Contractors Association (IMCA),MISSING_SOURCE_ARTIFACT,Record derived from catalog metadata without packaged physical PDF/HTML artifact.,provenance.document_hash,3e6ac5ebf5efc35f7c95eef751047b373407d33a86f1c00a323ad47c2bc06a31
P0,EVT-IMCA-1825,International Marine Contractors Association (IMCA),MISSING_SOURCE_ARTIFACT,Record derived from catalog metadata without packaged physical PDF/HTML artifact.,provenance.document_hash,a14394a09d9e2e5177f3c7585400ba0018f6f08333cf08650e7c08d99c23699d
P0,EVT-IMCA-1826,International Marine Contractors Association (IMCA),MISSING_SOURCE_ARTIFACT,Record derived from catalog metadata without packaged physical PDF/HTML artifact.,provenance.document_hash,e829abd1040f0a4ba5183bde59705d30b39f1d5478821792fadf882efefa3a21
P0,EVT-IMCA-1827,International Marine Contractors Association (IMCA),MISSING_SOURCE_ARTIFACT,Record derived from catalog metadata without packaged physical PDF/HTML artifact.,provenance.document_hash,1e317f4b891022220357cb3d21d8c6096fc8506f1c60927be68c91f19c5e8562
P0,EVT-IMCA-1828,International Marine Contractors Association (IMCA),MISSING_SOURCE_ARTIFACT,Record derived from catalog metadata without packaged physical PDF/HTML artifact.,provenance.document_hash,1b2913c5ca39a40fae3de9cf6e76e986d3300a995c23b0fa0a4a2cbca06149ab
P0,EVT-IMCA-1829,International Marine Contractors Association (IMCA),MISSING_SOURCE_ARTIFACT,Record derived from catalog metadata without packaged physical PDF/HTML artifact.,provenance.document_hash,eaa781d55c962627886e550cd7575eb47cedc988569d46b1ee159df8646533bd
P0,EVT-IMCA-1830,International Marine Contractors Association (IMCA),MISSING_SOURCE_ARTIFACT,Record derived from catalog metadata without packaged physical PDF/HTML artifact.,provenance.document_hash,0e1bf5a5907780a9cf41d87de36909dc1d0a30ad34f620535706d653986d1fbd
P0,EVT-IMCA-1831,International Marine Contractors Association (IMCA),MISSING_SOURCE_ARTIFACT,Record derived from catalog metadata without packaged physical PDF/HTML artifact.,provenance.document_hash,e83b6371be05ebb3efeee97fa907cd3bdafb65c835ec66ae076dca380c80ba5a
P0,EVT-IMCA-1832,International Marine Contractors Association (IMCA),MISSING_SOURCE_ARTIFACT,Record derived from catalog metadata without packaged physical PDF/HTML artifact.,provenance.document_hash,531a02081e21c009b9aa512d7db2c6354bb861af8933c9d5683777da1dee19f9
P0,EVT-IMCA-1833,International Marine Contractors Association (IMCA),MISSING_SOURCE_ARTIFACT,Record derived from catalog metadata without packaged physical PDF/HTML artifact.,provenance.document_hash,e25a49750daec124892f6a446fda493ebf5216ba6b878bae1ae55120aea10a95
P0,EVT-IMCA-1834,International Marine Contractors Association (IMCA),MISSING_SOURCE_ARTIFACT,Record derived from catalog metadata without packaged physical PDF/HTML artifact.,provenance.document_hash,7398beae17669e5cf8528f948773b2be0d2d5aebfec1a4b12cbedcc89e951f5c
P0,EVT-IMCA-1835,International Marine Contractors Association (IMCA),MISSING_SOURCE_ARTIFACT,Record derived from catalog metadata without packaged physical PDF/HTML artifact.,provenance.document_hash,d4cddf08756b53a4ea4c83a9343bbb5cc5ea3072dcb554a80e6e5a6be26189a9
P0,EVT-IMCA-1836,International Marine Contractors Association (IMCA),MISSING_SOURCE_ARTIFACT,Record derived from catalog metadata without packaged physical PDF/HTML artifact.,provenance.document_hash,78d858f66075fa744fd0dffe3875664f0a07d908aca8bc9d8d358726ad4f5549
P0,EVT-IMCA-1837,International Marine Contractors Association (IMCA),MISSING_SOURCE_ARTIFACT,Record derived from catalog metadata without packaged physical PDF/HTML artifact.,provenance.document_hash,a72f617fc5a70074d2d153131f9ac4cf28189292d3d4d9379deaf9529534c023
P0,EVT-IMCA-1838,International Marine Contractors Association (IMCA),MISSING_SOURCE_ARTIFACT,Record derived from catalog metadata without packaged physical PDF/HTML artifact.,provenance.document_hash,d343a2fba35c6110bcc830cdc5984e20e818daee79fc9bb2b225d3c8cc411b3b
P0,EVT-IMCA-1839,International Marine Contractors Association (IMCA),MISSING_SOURCE_ARTIFACT,Record derived from catalog metadata without packaged physical PDF/HTML artifact.,provenance.document_hash,2d8aecda5862ff94d0bfaea345e52f362a57cb0d5f95b2496df95661382dd1db
P0,EVT-IMCA-1840,International Marine Contractors Association (IMCA),MISSING_SOURCE_ARTIFACT,Record derived from catalog metadata without packaged physical PDF/HTML artifact.,provenance.document_hash,8a00b75c41ffcaa269f48987d5b193790ef9015efcce581cc20bb01a33723596
P0,EVT-IMCA-1841,International Marine Contractors Association (IMCA),MISSING_SOURCE_ARTIFACT,Record derived from catalog metadata without packaged physical PDF/HTML artifact.,provenance.document_hash,3be31e5c6ed67f937667279dec9a2bf75db9a858f52e151916ae0f2e5e5de534
P0,EVT-IMCA-1842,International Marine Contractors Association (IMCA),MISSING_SOURCE_ARTIFACT,Record derived from catalog metadata without packaged physical PDF/HTML artifact.,provenance.document_hash,ccdf5d1988d132b7827dfc5006a645c9f7b2e50286067ed1fa5b5182fa9431cb
P0,EVT-IMCA-1843,International Marine Contractors Association (IMCA),MISSING_SOURCE_ARTIFACT,Record derived from catalog metadata without packaged physical PDF/HTML artifact.,provenance.document_hash,5c56a822b0f48c8f87d7612812026b4aee908efe737f2ec890bc02c6c286b70a
P0,EVT-IMCA-1844,International Marine Contractors Association (IMCA),MISSING_SOURCE_ARTIFACT,Record derived from catalog metadata without packaged physical PDF/HTML artifact.,provenance.document_hash,c31bfab290d614d4ad9c5ee006d5664387e69903f8191e628fa137d20a8a1742
P0,EVT-IMCA-1845,International Marine Contractors Association (IMCA),MISSING_SOURCE_ARTIFACT,Record derived from catalog metadata without packaged physical PDF/HTML artifact.,provenance.document_hash,ff4c1a5c04f2bcea375858576cdba485eb44201ae0fda0a3e913cd098b325752
P0,EVT-IMCA-1846,International Marine Contractors Association (IMCA),MISSING_SOURCE_ARTIFACT,Record derived from catalog metadata without packaged physical PDF/HTML artifact.,provenance.document_hash,7be4fec73ce506409ae7c06f8b4de6a00653849378911d66c42fcc2619eaf5b4
P0,EVT-IMCA-1847,International Marine Contractors Association (IMCA),MISSING_SOURCE_ARTIFACT,Record derived from catalog metadata without packaged physical PDF/HTML artifact.,provenance.document_hash,583c42e391d018885f182fc0a47dc90d87e5764478a8dfb61ca3994b31d3f50d
P0,EVT-IMCA-1848,International Marine Contractors Association (IMCA),MISSING_SOURCE_ARTIFACT,Record derived from catalog metadata without packaged physical PDF/HTML artifact.,provenance.document_hash,8ef863d83464d6a1f79b890188be7d81a4a024d4c89a4d07014d7f11d349bd64
P0,EVT-IMCA-1849,International Marine Contractors Association (IMCA),MISSING_SOURCE_ARTIFACT,Record derived from catalog metadata without packaged physical PDF/HTML artifact.,provenance.document_hash,824531121eaa654db2010744de17d29314c6435a9d9c26ad42ee394cd07cc764
P0,EVT-IMCA-1850,International Marine Contractors Association (IMCA),MISSING_SOURCE_ARTIFACT,Record derived from catalog metadata without packaged physical PDF/HTML artifact.,provenance.document_hash,c05e7596a2e8e03f0cb635bc6f99cf93474badf008bd25ea9e43ca1f82b93ef2
P0,EVT-IMCA-1851,International Marine Contractors Association (IMCA),MISSING_SOURCE_ARTIFACT,Record derived from catalog metadata without packaged physical PDF/HTML artifact.,provenance.document_hash,63d11ed19b4d1bf8e8e5dc3b5319ca164d4cb8983d329ef532a074d0d298e753
P0,EVT-IMCA-1852,International Marine Contractors Association (IMCA),MISSING_SOURCE_ARTIFACT,Record derived from catalog metadata without packaged physical PDF/HTML artifact.,provenance.document_hash,035c19072d205995a6699e3afdd0a8021b29d062232693ffa003cfa42c346060
P0,EVT-IMCA-1853,International Marine Contractors Association (IMCA),MISSING_SOURCE_ARTIFACT,Record derived from catalog metadata without packaged physical PDF/HTML artifact.,provenance.document_hash,eb96e0b9ef61549cca76b31153e5b07631759a5bc2ce2b95e34786c46de97e5a
P0,EVT-IMCA-1854,International Marine Contractors Association (IMCA),MISSING_SOURCE_ARTIFACT,Record derived from catalog metadata without packaged physical PDF/HTML artifact.,provenance.document_hash,60ca37be76b1e182f15df839148d12f234dec916e4c1ab2059f98ed942a8d327
P0,EVT-IMCA-1855,International Marine Contractors Association (IMCA),MISSING_SOURCE_ARTIFACT,Record derived from catalog metadata without packaged physical PDF/HTML artifact.,provenance.document_hash,a26281a8bee77ea0f071b8bb8cf8bb035abd97eb36c8e6a713a9674977e350d6
P0,EVT-IMCA-1856,International Marine Contractors Association (IMCA),MISSING_SOURCE_ARTIFACT,Record derived from catalog metadata without packaged physical PDF/HTML artifact.,provenance.document_hash,51a1d64d90b337484eb094808fa6415e1b04646e56b68e173fadca0aebe9b74f
P0,EVT-IMCA-1857,International Marine Contractors Association (IMCA),MISSING_SOURCE_ARTIFACT,Record derived from catalog metadata without packaged physical PDF/HTML artifact.,provenance.document_hash,93e713427d0e232674b8a9c7ac3bb97c365f254163d5381b727e802c6f9d59e1
P0,EVT-IMCA-1858,International Marine Contractors Association (IMCA),MISSING_SOURCE_ARTIFACT,Record derived from catalog metadata without packaged physical PDF/HTML artifact.,provenance.document_hash,b30edd71544a1c5cce05c1c7abd542d579f6a2a515ba2c2e3e2228cfb35ae699
P0,EVT-IMCA-1859,International Marine Contractors Association (IMCA),MISSING_SOURCE_ARTIFACT,Record derived from catalog metadata without packaged physical PDF/HTML artifact.,provenance.document_hash,ae8a6d5416eb9e2e41c77a779ffc7fb3b1ac3a99942a93536acdcd9a4305095c
P0,EVT-IMCA-1860,International Marine Contractors Association (IMCA),MISSING_SOURCE_ARTIFACT,Record derived from catalog metadata without packaged physical PDF/HTML artifact.,provenance.document_hash,a6d0c63ac36d2169d2e3108c7333a4dd470b8198341de2e381247f9c39eda36b
P0,EVT-IMCA-1861,International Marine Contractors Association (IMCA),MISSING_SOURCE_ARTIFACT,Record derived from catalog metadata without packaged physical PDF/HTML artifact.,provenance.document_hash,bc0a62a857bffca03f3cbc5dd2fcd1354e300fef9a4fec4ca3a89b5c683109c4
P0,EVT-IMCA-1862,International Marine Contractors Association (IMCA),MISSING_SOURCE_ARTIFACT,Record derived from catalog metadata without packaged physical PDF/HTML artifact.,provenance.document_hash,3019431a0614fba1ab09a7e2a34186b8555ce42448d3899c58253143f48b5082
P0,EVT-IMCA-1863,International Marine Contractors Association (IMCA),MISSING_SOURCE_ARTIFACT,Record derived from catalog metadata without packaged physical PDF/HTML artifact.,provenance.document_hash,ba2964a16e9d7c8d87c8a6abbeb77def0253893ecbd012127ed3b84b14bc67f3
P0,EVT-IMCA-1864,International Marine Contractors Association (IMCA),MISSING_SOURCE_ARTIFACT,Record derived from catalog metadata without packaged physical PDF/HTML artifact.,provenance.document_hash,bf6582bb62f99ab914a5af7995ee65d56b8db794e9fedcf7d59c0bf0ed003e8c
P0,EVT-IMCA-1865,International Marine Contractors Association (IMCA),MISSING_SOURCE_ARTIFACT,Record derived from catalog metadata without packaged physical PDF/HTML artifact.,provenance.document_hash,2e59e710f5454901445d9bd3d5336ec2128428ea9a740aad233872290474845f
P0,EVT-IMCA-1866,International Marine Contractors Association (IMCA),MISSING_SOURCE_ARTIFACT,Record derived from catalog metadata without packaged physical PDF/HTML artifact.,provenance.document_hash,0df7c977542cc26474114ca07cca3b3069e4a71e8b11b4aa2c9a96536e1b5680
P0,EVT-IMCA-1867,International Marine Contractors Association (IMCA),MISSING_SOURCE_ARTIFACT,Record derived from catalog metadata without packaged physical PDF/HTML artifact.,provenance.document_hash,bb1d8ae91ee53531c1138e126a7ab9ec5702d838558bdb4940636455d94b378c
P0,EVT-IMCA-1868,International Marine Contractors Association (IMCA),MISSING_SOURCE_ARTIFACT,Record derived from catalog metadata without packaged physical PDF/HTML artifact.,provenance.document_hash,96e8291b3976e279562a901dc260731aa99fdd6c3d13cd1a43f8cb4bc4025044
P0,EVT-IMCA-1869,International Marine Contractors Association (IMCA),MISSING_SOURCE_ARTIFACT,Record derived from catalog metadata without packaged physical PDF/HTML artifact.,provenance.document_hash,96c7b0b3efba090e14242befa9888d06e37d883848fcb42b9de963565aef3fe9
P0,EVT-IMCA-1870,International Marine Contractors Association (IMCA),MISSING_SOURCE_ARTIFACT,Record derived from catalog metadata without packaged physical PDF/HTML artifact.,provenance.document_hash,5d01977ff0daf4189256a35e56d5a096af88ecea8f3916c4933d1a7672ce3d27
P0,EVT-IMCA-1871,International Marine Contractors Association (IMCA),MISSING_SOURCE_ARTIFACT,Record derived from catalog metadata without packaged physical PDF/HTML artifact.,provenance.document_hash,aa052055598e7f552c7c27d3c7ab7c0d4d1da148199b6cb5b0fe52bd669500dd
P0,EVT-IMCA-1872,International Marine Contractors Association (IMCA),MISSING_SOURCE_ARTIFACT,Record derived from catalog metadata without packaged physical PDF/HTML artifact.,provenance.document_hash,64b3f3ecf42ac965fdbcb1a3d0cba83d98eb91286587bd2a4fc450b01b58f54b
P0,EVT-IMCA-1873,International Marine Contractors Association (IMCA),MISSING_SOURCE_ARTIFACT,Record derived from catalog metadata without packaged physical PDF/HTML artifact.,provenance.document_hash,04c3cb41a39999e62acc7231a178102652809be00fbf8e23a7243b974a75dc34
P0,EVT-IMCA-1874,International Marine Contractors Association (IMCA),MISSING_SOURCE_ARTIFACT,Record derived from catalog metadata without packaged physical PDF/HTML artifact.,provenance.document_hash,0047d5b57bb1513aade7abc0c01a8606f0b0e1405d3046de67dd17bb847f7e50
P0,EVT-IMCA-1875,International Marine Contractors Association (IMCA),MISSING_SOURCE_ARTIFACT,Record derived from catalog metadata without packaged physical PDF/HTML artifact.,provenance.document_hash,433e5ab7a8b6cba5d28733c61ca01cf95d8b3d6074b9a15f3e30784226ce82c6
P0,EVT-IMCA-1876,International Marine Contractors Association (IMCA),MISSING_SOURCE_ARTIFACT,Record derived from catalog metadata without packaged physical PDF/HTML artifact.,provenance.document_hash,40f99cefd099ccde6a8da2a2e4774fee4ebd50046a6208c4c8890bcd8f14749d
P0,EVT-IMCA-1877,International Marine Contractors Association (IMCA),MISSING_SOURCE_ARTIFACT,Record derived from catalog metadata without packaged physical PDF/HTML artifact.,provenance.document_hash,c2da10b705a37ed37bfe8635ed153f9f076962855a9a2a9930714f52da5460b8
P0,EVT-IMCA-1878,International Marine Contractors Association (IMCA),MISSING_SOURCE_ARTIFACT,Record derived from catalog metadata without packaged physical PDF/HTML artifact.,provenance.document_hash,55b00d2ddd13c2a526ace584d4045aa77962774f6df2bfe3e39c9e9eb45bede6
P0,EVT-IMCA-1879,International Marine Contractors Association (IMCA),MISSING_SOURCE_ARTIFACT,Record derived from catalog metadata without packaged physical PDF/HTML artifact.,provenance.document_hash,b2a8508e21a8bc8200bc0ad574da18bbe2d0c66da7f88d41fab936a5bfca5486
P0,EVT-IMCA-1880,International Marine Contractors Association (IMCA),MISSING_SOURCE_ARTIFACT,Record derived from catalog metadata without packaged physical PDF/HTML artifact.,provenance.document_hash,723b03122beca2d12b42049cb516a0f94e4c9c4fcb22e1ae953937202b293fd3
P0,EVT-IMCA-1881,International Marine Contractors Association (IMCA),MISSING_SOURCE_ARTIFACT,Record derived from catalog metadata without packaged physical PDF/HTML artifact.,provenance.document_hash,f25d787dad7690cc2445048e34b6e61156fd8bec3f106bce697b7d915559fb61
P0,EVT-IMCA-1882,International Marine Contractors Association (IMCA),MISSING_SOURCE_ARTIFACT,Record derived from catalog metadata without packaged physical PDF/HTML artifact.,provenance.document_hash,a94a62be6ee26621d70e9cada1637863bea0951cdb41f49696ee116424e319d8
P0,EVT-IMCA-1883,International Marine Contractors Association (IMCA),MISSING_SOURCE_ARTIFACT,Record derived from catalog metadata without packaged physical PDF/HTML artifact.,provenance.document_hash,21d9bc6ecb1fc0ad44d40003df5c19fb7171f5e1057362821214df9c1f292162
P0,EVT-IMCA-1884,International Marine Contractors Association (IMCA),MISSING_SOURCE_ARTIFACT,Record derived from catalog metadata without packaged physical PDF/HTML artifact.,provenance.document_hash,614865e3e3acf7e631b47f19b440f6df72c20d8c158ca82cfbdf9407387e24f3
P0,EVT-IMCA-1885,International Marine Contractors Association (IMCA),MISSING_SOURCE_ARTIFACT,Record derived from catalog metadata without packaged physical PDF/HTML artifact.,provenance.document_hash,fef93e59e81218cea3596677f3803c23f1b41bb5522c4701b0d2f4bb36b0d524
P0,EVT-IMCA-1886,International Marine Contractors Association (IMCA),MISSING_SOURCE_ARTIFACT,Record derived from catalog metadata without packaged physical PDF/HTML artifact.,provenance.document_hash,845ef1f8baf9a764c7bcdbacf91549512c31db4364446680e00e56f17ffc3b3f
P0,EVT-IMCA-1887,International Marine Contractors Association (IMCA),MISSING_SOURCE_ARTIFACT,Record derived from catalog metadata without packaged physical PDF/HTML artifact.,provenance.document_hash,3d3c72121ef6f2e83bcd96de8155757f3baf127557f0e432fc7249392331d7a8
P0,EVT-IMCA-1888,International Marine Contractors Association (IMCA),MISSING_SOURCE_ARTIFACT,Record derived from catalog metadata without packaged physical PDF/HTML artifact.,provenance.document_hash,4dfd9fd543870fddf1b2fce13e5fe61d6fbf408a6502c6edcbb4bbc6e339aa50
P0,EVT-IMCA-1889,International Marine Contractors Association (IMCA),MISSING_SOURCE_ARTIFACT,Record derived from catalog metadata without packaged physical PDF/HTML artifact.,provenance.document_hash,84f8365946a0f943432ffafe0a05e53e918c46f81b2f8d87ade5fb391ce020c9
P0,EVT-IMCA-1890,International Marine Contractors Association (IMCA),MISSING_SOURCE_ARTIFACT,Record derived from catalog metadata without packaged physical PDF/HTML artifact.,provenance.document_hash,24e5b1f99b1b3b965b4cd988037bc24f4d8672fb6f27d8776721ac3c4708da1d
P0,EVT-IMCA-1891,International Marine Contractors Association (IMCA),MISSING_SOURCE_ARTIFACT,Record derived from catalog metadata without packaged physical PDF/HTML artifact.,provenance.document_hash,67c281c5a02f1862fae75a71de6842b732341cc64bb9b812e85bbf75397746d3
P0,EVT-IMCA-1892,International Marine Contractors Association (IMCA),MISSING_SOURCE_ARTIFACT,Record derived from catalog metadata without packaged physical PDF/HTML artifact.,provenance.document_hash,960d87340326702b70df6ce729639eb4dbcfbed635f12b3ba54a2902f69a61d8
P0,EVT-IMCA-1893,International Marine Contractors Association (IMCA),MISSING_SOURCE_ARTIFACT,Record derived from catalog metadata without packaged physical PDF/HTML artifact.,provenance.document_hash,32dc0d237163e8bdac9dba9d9a8238a098010be79e06ca6ba984730945016f60
P0,EVT-IMCA-1894,International Marine Contractors Association (IMCA),MISSING_SOURCE_ARTIFACT,Record derived from catalog metadata without packaged physical PDF/HTML artifact.,provenance.document_hash,afeea549af14287a97c782e0a5cc00e081b02b0cd5a2e389272426cf76ee8520
P0,EVT-IMCA-1895,International Marine Contractors Association (IMCA),MISSING_SOURCE_ARTIFACT,Record derived from catalog metadata without packaged physical PDF/HTML artifact.,provenance.document_hash,b33aee5f263ff146cd0a5921886bab15667c88e28eb3959b6897789a18222ef6
P0,EVT-IMCA-1896,International Marine Contractors Association (IMCA),MISSING_SOURCE_ARTIFACT,Record derived from catalog metadata without packaged physical PDF/HTML artifact.,provenance.document_hash,b1223ec52c6049637acb67c5fe53aec0d4a3aca6ed2faf91226559ceb988ae41
P0,EVT-IMCA-1897,International Marine Contractors Association (IMCA),MISSING_SOURCE_ARTIFACT,Record derived from catalog metadata without packaged physical PDF/HTML artifact.,provenance.document_hash,ce976606399a5bc6bee4469344bacb56310848f0a2b8600af2690e18582ed85e
P0,EVT-IMCA-1898,International Marine Contractors Association (IMCA),MISSING_SOURCE_ARTIFACT,Record derived from catalog metadata without packaged physical PDF/HTML artifact.,provenance.document_hash,1779cf0b29863fad75df85ec53622a2173058b6d185674126d107cf0571ee3f0
P0,EVT-IMCA-1899,International Marine Contractors Association (IMCA),MISSING_SOURCE_ARTIFACT,Record derived from catalog metadata without packaged physical PDF/HTML artifact.,provenance.document_hash,c8fbbe40907b79c40c1efb3586664492e3d860250d436f2290563c9c42d76100
P0,EVT-IMCA-1900,International Marine Contractors Association (IMCA),MISSING_SOURCE_ARTIFACT,Record derived from catalog metadata without packaged physical PDF/HTML artifact.,provenance.document_hash,41f4b2c4a3e203bcc4744c35572d37cfe5e8c5afd620c531303aa8439f08394e
P0,EVT-IMCA-1901,International Marine Contractors Association (IMCA),MISSING_SOURCE_ARTIFACT,Record derived from catalog metadata without packaged physical PDF/HTML artifact.,provenance.document_hash,9a9337b0f14f57b2764e0caddb042d77a89a528ca9daf0182bb3c14a482e1b84
P0,EVT-IMCA-1902,International Marine Contractors Association (IMCA),MISSING_SOURCE_ARTIFACT,Record derived from catalog metadata without packaged physical PDF/HTML artifact.,provenance.document_hash,0d750b0341b877289354bcec5bc42586909920cf11da23507c7ee1dd906f55ca
P0,EVT-IMCA-1903,International Marine Contractors Association (IMCA),MISSING_SOURCE_ARTIFACT,Record derived from catalog metadata without packaged physical PDF/HTML artifact.,provenance.document_hash,eeedc419ba1b31c16d1a6bdc652ae5335b4184bfb6888bf078ada40cab2cea21
P0,EVT-IMCA-1904,International Marine Contractors Association (IMCA),MISSING_SOURCE_ARTIFACT,Record derived from catalog metadata without packaged physical PDF/HTML artifact.,provenance.document_hash,da24b5deb73fb23ea4a3fda687334a1b1a6a1f228227a04bf222f2dbee6c0e22
P0,EVT-IMCA-1905,International Marine Contractors Association (IMCA),MISSING_SOURCE_ARTIFACT,Record derived from catalog metadata without packaged physical PDF/HTML artifact.,provenance.document_hash,1773d9650c5489b868e0336f2e44198666d922e5696508d7076ef97201d0671a
P0,EVT-IMCA-1906,International Marine Contractors Association (IMCA),MISSING_SOURCE_ARTIFACT,Record derived from catalog metadata without packaged physical PDF/HTML artifact.,provenance.document_hash,98acfe4c1e2e370c24e7a6527120b17f4d3b3eeff9d0bf4824051051eae14170
P0,EVT-IMCA-1907,International Marine Contractors Association (IMCA),MISSING_SOURCE_ARTIFACT,Record derived from catalog metadata without packaged physical PDF/HTML artifact.,provenance.document_hash,2ca920468f1c7f2c386bf9ce801a66c2d624d2b5ed56ec49d87d30d35eca7df7
P0,EVT-IMCA-1908,International Marine Contractors Association (IMCA),MISSING_SOURCE_ARTIFACT,Record derived from catalog metadata without packaged physical PDF/HTML artifact.,provenance.document_hash,3e45dbb3fecfa781da73cb7d16f6c590ccf1bcb7a5f843f69900613310825c85
P0,EVT-IMCA-1909,International Marine Contractors Association (IMCA),MISSING_SOURCE_ARTIFACT,Record derived from catalog metadata without packaged physical PDF/HTML artifact.,provenance.document_hash,c12000c5ad90c53e5793c936f3dabcc541848dbf2f2d0bc0166d3660fc72385a
P0,EVT-IMCA-1910,International Marine Contractors Association (IMCA),MISSING_SOURCE_ARTIFACT,Record derived from catalog metadata without packaged physical PDF/HTML artifact.,provenance.document_hash,3b961d1118530844ff9757909e71e8658d84dd407a041b9fc58527d6d2a549d4
P0,EVT-IMCA-1911,International Marine Contractors Association (IMCA),MISSING_SOURCE_ARTIFACT,Record derived from catalog metadata without packaged physical PDF/HTML artifact.,provenance.document_hash,61297d5bf8de286e56856be6c6db655be3716bf0d847809b09108813d01e24cb
P0,EVT-IMCA-1912,International Marine Contractors Association (IMCA),MISSING_SOURCE_ARTIFACT,Record derived from catalog metadata without packaged physical PDF/HTML artifact.,provenance.document_hash,88a088b8299397a7915d4ea118907f78670201bea1839373d095a04394d1aea9
P0,EVT-IMCA-1913,International Marine Contractors Association (IMCA),MISSING_SOURCE_ARTIFACT,Record derived from catalog metadata without packaged physical PDF/HTML artifact.,provenance.document_hash,e972e2ffde41334a5cb899a840890a38de0c7958b0f1f6de112b2785653a2782
P0,EVT-IMCA-1914,International Marine Contractors Association (IMCA),MISSING_SOURCE_ARTIFACT,Record derived from catalog metadata without packaged physical PDF/HTML artifact.,provenance.document_hash,c5e6e3721b8a10c92efc4d85a008f86871b2b39f2fc4c4f043439b9824056d81
P0,EVT-IMCA-1915,International Marine Contractors Association (IMCA),MISSING_SOURCE_ARTIFACT,Record derived from catalog metadata without packaged physical PDF/HTML artifact.,provenance.document_hash,2e5b463fbf5293b2b49aab204678099758ba153139e699f7328d4871bd461afe
P0,EVT-IMCA-1916,International Marine Contractors Association (IMCA),MISSING_SOURCE_ARTIFACT,Record derived from catalog metadata without packaged physical PDF/HTML artifact.,provenance.document_hash,da38774757ef415697d2e73906a4eb5e7a3140cb2ada5636632015fde606f1f5
P0,EVT-IMCA-1917,International Marine Contractors Association (IMCA),MISSING_SOURCE_ARTIFACT,Record derived from catalog metadata without packaged physical PDF/HTML artifact.,provenance.document_hash,63cc755123910b4660c2a8f7af5ee327bbfc91c2ec0353bce2cbff81e4a3c0c0
P0,EVT-IMCA-1918,International Marine Contractors Association (IMCA),MISSING_SOURCE_ARTIFACT,Record derived from catalog metadata without packaged physical PDF/HTML artifact.,provenance.document_hash,42e9632c045a8a6d6f935f62438e4b55ae1adc22748d97c0fce4a6718f9ad249
P0,EVT-IMCA-1919,International Marine Contractors Association (IMCA),MISSING_SOURCE_ARTIFACT,Record derived from catalog metadata without packaged physical PDF/HTML artifact.,provenance.document_hash,0dac9f02987a78d40f20b047185b086ec4905b442017c9901cb07174d2f8c3f2
P0,EVT-IMCA-1920,International Marine Contractors Association (IMCA),MISSING_SOURCE_ARTIFACT,Record derived from catalog metadata without packaged physical PDF/HTML artifact.,provenance.document_hash,8050c264ddef04573bbd609b759ca32f9d13bdae634446ca7eb1317872eded1f
P0,EVT-IMCA-1921,International Marine Contractors Association (IMCA),MISSING_SOURCE_ARTIFACT,Record derived from catalog metadata without packaged physical PDF/HTML artifact.,provenance.document_hash,121a36895e5034104bfc4eaf5979f05276208de41a73b85242e5d0d7ab9972a8
P0,EVT-IMCA-1922,International Marine Contractors Association (IMCA),MISSING_SOURCE_ARTIFACT,Record derived from catalog metadata without packaged physical PDF/HTML artifact.,provenance.document_hash,83bc0b662d8565dde1cfccd0f4fb9773dab6e31ae1303c4096288aa29ee55653
P0,EVT-IMCA-1923,International Marine Contractors Association (IMCA),MISSING_SOURCE_ARTIFACT,Record derived from catalog metadata without packaged physical PDF/HTML artifact.,provenance.document_hash,8a98d9efde46495beb9e59b738f0d51ca71175a8bccc3cb0cee6d5215ec7951f
P0,EVT-IMCA-1924,International Marine Contractors Association (IMCA),MISSING_SOURCE_ARTIFACT,Record derived from catalog metadata without packaged physical PDF/HTML artifact.,provenance.document_hash,89d56eb4623f2c8b7552595dc6534fb1b07e10297976ce2b6959cc5637209a4f
P0,EVT-IMCA-1925,International Marine Contractors Association (IMCA),MISSING_SOURCE_ARTIFACT,Record derived from catalog metadata without packaged physical PDF/HTML artifact.,provenance.document_hash,957751a687a01ab9b1bb4e6d5ff9cdcf1b817b0c71a1a911e8ab97bd136b2ba5
P0,EVT-IMCA-1926,International Marine Contractors Association (IMCA),MISSING_SOURCE_ARTIFACT,Record derived from catalog metadata without packaged physical PDF/HTML artifact.,provenance.document_hash,96ffc7dacaf5fa34ae2bfdb9bf3533551aafcaf2abfda5ea36c546caa50c8501
P0,EVT-IMCA-1927,International Marine Contractors Association (IMCA),MISSING_SOURCE_ARTIFACT,Record derived from catalog metadata without packaged physical PDF/HTML artifact.,provenance.document_hash,d2baffa7aa967aaf27df661bf1d7e94fe2a44bcb1206016d38e4cacdfb471f05
P0,EVT-IMCA-1928,International Marine Contractors Association (IMCA),MISSING_SOURCE_ARTIFACT,Record derived from catalog metadata without packaged physical PDF/HTML artifact.,provenance.document_hash,a8168ca01053c605e0bfffa44194050b805da0936a5e6fb3bf9134ae99d6075d
P0,EVT-IMCA-1929,International Marine Contractors Association (IMCA),MISSING_SOURCE_ARTIFACT,Record derived from catalog metadata without packaged physical PDF/HTML artifact.,provenance.document_hash,90d7618c6d2cf470a74b492545914b128825e2100256e63ca28eb3eed74ba4e8
P0,EVT-IMCA-1930,International Marine Contractors Association (IMCA),MISSING_SOURCE_ARTIFACT,Record derived from catalog metadata without packaged physical PDF/HTML artifact.,provenance.document_hash,7f7fdf79958dcc9faee62b7e82a8d30ec70d533c6ebe994016cc66069b941257
P0,EVT-IMCA-1931,International Marine Contractors Association (IMCA),MISSING_SOURCE_ARTIFACT,Record derived from catalog metadata without packaged physical PDF/HTML artifact.,provenance.document_hash,f4e60b89df179538fe90559e883c3e1ffe950c62edc6771a98bcb69e6179343c
P0,EVT-IMCA-1932,International Marine Contractors Association (IMCA),MISSING_SOURCE_ARTIFACT,Record derived from catalog metadata without packaged physical PDF/HTML artifact.,provenance.document_hash,d81d63593d945bc6c0b3e003161b2c6a0d20945b61ee1b3e474bbc07fa5d7bc6
P0,EVT-IMCA-1933,International Marine Contractors Association (IMCA),MISSING_SOURCE_ARTIFACT,Record derived from catalog metadata without packaged physical PDF/HTML artifact.,provenance.document_hash,3ae138a5a25ec118253f577eb962379f7cf87e641705f3422c7e7ad37960c2b2
P0,EVT-IMCA-1934,International Marine Contractors Association (IMCA),MISSING_SOURCE_ARTIFACT,Record derived from catalog metadata without packaged physical PDF/HTML artifact.,provenance.document_hash,289ece08960cd3f682bee75273ee538c669f5a918ddbc0c6843a8b70985f4cdb
P0,EVT-IMCA-1935,International Marine Contractors Association (IMCA),MISSING_SOURCE_ARTIFACT,Record derived from catalog metadata without packaged physical PDF/HTML artifact.,provenance.document_hash,e66bcaba0f4e27a69543438c15f4e9ee151af92840314dc2821561314fc8750f
P0,EVT-IMCA-1936,International Marine Contractors Association (IMCA),MISSING_SOURCE_ARTIFACT,Record derived from catalog metadata without packaged physical PDF/HTML artifact.,provenance.document_hash,69d8b0c193257a26b96f408dc52143fe99ecc42259c9187bfd4d27e84ff5123a
P0,EVT-IMCA-1937,International Marine Contractors Association (IMCA),MISSING_SOURCE_ARTIFACT,Record derived from catalog metadata without packaged physical PDF/HTML artifact.,provenance.document_hash,930fd4a47fddc3392ab443650c51c52e524ae589364a54ea179ed1f8197f3f55
P0,EVT-IMCA-1938,International Marine Contractors Association (IMCA),MISSING_SOURCE_ARTIFACT,Record derived from catalog metadata without packaged physical PDF/HTML artifact.,provenance.document_hash,2797640f521c81bd4725a9f6c705e60733d33cfe360eda15c20ba0b7a0066d38
P0,EVT-IMCA-1939,International Marine Contractors Association (IMCA),MISSING_SOURCE_ARTIFACT,Record derived from catalog metadata without packaged physical PDF/HTML artifact.,provenance.document_hash,2feba477e1fdcbe629b63e1c6dcbb77eb4c10c04e22515863034d04ce156a25a
P0,EVT-IMCA-1940,International Marine Contractors Association (IMCA),MISSING_SOURCE_ARTIFACT,Record derived from catalog metadata without packaged physical PDF/HTML artifact.,provenance.document_hash,23fdcf7878db937167467f2bd20e8ad6e818c16a38e000d807ec6c0208e8d019
P0,EVT-IMCA-1941,International Marine Contractors Association (IMCA),MISSING_SOURCE_ARTIFACT,Record derived from catalog metadata without packaged physical PDF/HTML artifact.,provenance.document_hash,fd1a791c79810d719b7770c04da66d62de1c901d33c6a5b92c2b668ef676a298
P0,EVT-IMCA-1942,International Marine Contractors Association (IMCA),MISSING_SOURCE_ARTIFACT,Record derived from catalog metadata without packaged physical PDF/HTML artifact.,provenance.document_hash,b7506e60da6e5e1736f5f55fe5daa9c0359f857e795de2c265e8231a993d6e6f
P0,EVT-IMCA-1943,International Marine Contractors Association (IMCA),MISSING_SOURCE_ARTIFACT,Record derived from catalog metadata without packaged physical PDF/HTML artifact.,provenance.document_hash,b24cf9c24f6c26f358f607c931f76b8fab51f09cd93e48f20f8a4a56804284e8
P0,EVT-IMCA-1944,International Marine Contractors Association (IMCA),MISSING_SOURCE_ARTIFACT,Record derived from catalog metadata without packaged physical PDF/HTML artifact.,provenance.document_hash,7008736cf3cbaa6806d7e724f4318644bf4c8de17a278772807643514e266a63
P0,EVT-IMCA-1945,International Marine Contractors Association (IMCA),MISSING_SOURCE_ARTIFACT,Record derived from catalog metadata without packaged physical PDF/HTML artifact.,provenance.document_hash,c05a7743f6786cdb803aa39a3f328c88c513c7536c79178dbae3c9dfab256afa
P0,EVT-IMCA-1946,International Marine Contractors Association (IMCA),MISSING_SOURCE_ARTIFACT,Record derived from catalog metadata without packaged physical PDF/HTML artifact.,provenance.document_hash,4075bc5724f81e54a84902212931e04da9c63e9366c51f473b4ad5b648996d91
P0,EVT-IMCA-1947,International Marine Contractors Association (IMCA),MISSING_SOURCE_ARTIFACT,Record derived from catalog metadata without packaged physical PDF/HTML artifact.,provenance.document_hash,b0e7f3f13ae56c2bcc39df87cf272108b2f8742e199c0c63897e7997124dc029
P0,EVT-IMCA-1948,International Marine Contractors Association (IMCA),MISSING_SOURCE_ARTIFACT,Record derived from catalog metadata without packaged physical PDF/HTML artifact.,provenance.document_hash,9a88b2d648412ecd9816f22e1480460cec9318039f9f7f366457994e269fe1a5
P0,EVT-IMCA-1949,International Marine Contractors Association (IMCA),MISSING_SOURCE_ARTIFACT,Record derived from catalog metadata without packaged physical PDF/HTML artifact.,provenance.document_hash,4d4f47fb205c150254165a22098daa8d7575d1960af20cddc66e4640bc40cd3b
P0,EVT-IMCA-1950,International Marine Contractors Association (IMCA),MISSING_SOURCE_ARTIFACT,Record derived from catalog metadata without packaged physical PDF/HTML artifact.,provenance.document_hash,7bc65590ced9de59066dfcd1864ecae73b3cb0d0f3cdffef31bfd3200e119d80
P0,EVT-IMCA-1951,International Marine Contractors Association (IMCA),MISSING_SOURCE_ARTIFACT,Record derived from catalog metadata without packaged physical PDF/HTML artifact.,provenance.document_hash,022b7d5a25dc6e70250179146ca68741d6aaf77f949bf5c81d8f454da35c46b8
P0,EVT-IMCA-1952,International Marine Contractors Association (IMCA),MISSING_SOURCE_ARTIFACT,Record derived from catalog metadata without packaged physical PDF/HTML artifact.,provenance.document_hash,1c4c06decb1c0f7cca3398fcfc87ea161cad4f4fb343c95b11f9ece01df3b903
P0,EVT-IMCA-1953,International Marine Contractors Association (IMCA),MISSING_SOURCE_ARTIFACT,Record derived from catalog metadata without packaged physical PDF/HTML artifact.,provenance.document_hash,a52a77646f58f71afc560623a6a2d35e82b3ee2f08a55acd1b1aa83c818fb009
P0,EVT-IMCA-1954,International Marine Contractors Association (IMCA),MISSING_SOURCE_ARTIFACT,Record derived from catalog metadata without packaged physical PDF/HTML artifact.,provenance.document_hash,c8f2a1bac1cd7817ae5fa25b99c4995cd3930c8b6d85e2bb545a2d2bf8e3cf64
P0,EVT-IMCA-1955,International Marine Contractors Association (IMCA),MISSING_SOURCE_ARTIFACT,Record derived from catalog metadata without packaged physical PDF/HTML artifact.,provenance.document_hash,04131f6fa52571460fcbde866d53c9b62e11e83b35ca22c080e0add5a2d7ee46
P0,EVT-IMCA-1956,International Marine Contractors Association (IMCA),MISSING_SOURCE_ARTIFACT,Record derived from catalog metadata without packaged physical PDF/HTML artifact.,provenance.document_hash,a41079ff64ffb6fa7bd12070cebf9c980c980955363e939fc1c3bf8d02e26c34
P0,EVT-IMCA-1957,International Marine Contractors Association (IMCA),MISSING_SOURCE_ARTIFACT,Record derived from catalog metadata without packaged physical PDF/HTML artifact.,provenance.document_hash,7021704119b7b3c35f54d3efe10e1d521caeef772907d28055df1287ff4b4bfa
P0,EVT-IMCA-1958,International Marine Contractors Association (IMCA),MISSING_SOURCE_ARTIFACT,Record derived from catalog metadata without packaged physical PDF/HTML artifact.,provenance.document_hash,0621f870b200a7c40a5302bef7a6da777e735b3cef8f3190e29bdbce38fbcc41
P0,EVT-IMCA-1959,International Marine Contractors Association (IMCA),MISSING_SOURCE_ARTIFACT,Record derived from catalog metadata without packaged physical PDF/HTML artifact.,provenance.document_hash,3295d505df828485f74081e7176d5cc5152e32caef76ad5bd74702ae18160c51
P0,EVT-IMCA-1960,International Marine Contractors Association (IMCA),MISSING_SOURCE_ARTIFACT,Record derived from catalog metadata without packaged physical PDF/HTML artifact.,provenance.document_hash,adccb3da6c3845f5a1b8455b62cac69eef380bd3d2d700985e2bf1599347435a
P0,EVT-IMCA-1961,International Marine Contractors Association (IMCA),MISSING_SOURCE_ARTIFACT,Record derived from catalog metadata without packaged physical PDF/HTML artifact.,provenance.document_hash,bfc44a1c3c69ab83d41dec942ba52667353466d636031b3d627c9ee03e185e05
P0,EVT-IMCA-1962,International Marine Contractors Association (IMCA),MISSING_SOURCE_ARTIFACT,Record derived from catalog metadata without packaged physical PDF/HTML artifact.,provenance.document_hash,ac537df71c68afda9b5e6a78f6a8b6523f69003546d64f70829a9e1e6c1c7540
P0,EVT-IMCA-1963,International Marine Contractors Association (IMCA),MISSING_SOURCE_ARTIFACT,Record derived from catalog metadata without packaged physical PDF/HTML artifact.,provenance.document_hash,faf2b6c6196a1077169475ed709e2e9379907f889e127994585ed100f90cf27a
P0,EVT-IMCA-1964,International Marine Contractors Association (IMCA),MISSING_SOURCE_ARTIFACT,Record derived from catalog metadata without packaged physical PDF/HTML artifact.,provenance.document_hash,fb1b400838b97766f6a47b1d58e14f3d521550f07a730e862580760ab6db9129
P0,EVT-IMCA-1965,International Marine Contractors Association (IMCA),MISSING_SOURCE_ARTIFACT,Record derived from catalog metadata without packaged physical PDF/HTML artifact.,provenance.document_hash,904109f14ade856cc5c7f54ea762245aa17e83222d445fee498c15bd91b95264
P0,EVT-IMCA-1966,International Marine Contractors Association (IMCA),MISSING_SOURCE_ARTIFACT,Record derived from catalog metadata without packaged physical PDF/HTML artifact.,provenance.document_hash,cb637be9e746e91ee922e2c24e790296d8910a22ebfba7154925970a50e3c1b2
P0,EVT-IMCA-1967,International Marine Contractors Association (IMCA),MISSING_SOURCE_ARTIFACT,Record derived from catalog metadata without packaged physical PDF/HTML artifact.,provenance.document_hash,a3f869506c5c8fb142f936a79e270793fd7e2678f8e10c2df409db178ceb889a
P0,EVT-IMCA-1968,International Marine Contractors Association (IMCA),MISSING_SOURCE_ARTIFACT,Record derived from catalog metadata without packaged physical PDF/HTML artifact.,provenance.document_hash,4a2c03f00bfa77b4979fcd280e88596d1fd2bf49d9d3c206c7aed6ea758b7b22
P0,EVT-IMCA-1969,International Marine Contractors Association (IMCA),MISSING_SOURCE_ARTIFACT,Record derived from catalog metadata without packaged physical PDF/HTML artifact.,provenance.document_hash,e949a3ae769ce64e2a7ce98288ddc64d771b63b75c188cbf18f6f39672be406f
P0,EVT-IMCA-1970,International Marine Contractors Association (IMCA),MISSING_SOURCE_ARTIFACT,Record derived from catalog metadata without packaged physical PDF/HTML artifact.,provenance.document_hash,43dacd52fbf2904bdb703379ce2dd4716dcfa1d7bab364aba47023096ce21d87
P0,EVT-IMCA-1971,International Marine Contractors Association (IMCA),MISSING_SOURCE_ARTIFACT,Record derived from catalog metadata without packaged physical PDF/HTML artifact.,provenance.document_hash,80463c5b7f862e908ce2e624dc5e977d24f180dbe611ca0900565fc7d6b584c1
P0,EVT-IMCA-1972,International Marine Contractors Association (IMCA),MISSING_SOURCE_ARTIFACT,Record derived from catalog metadata without packaged physical PDF/HTML artifact.,provenance.document_hash,3eeddce6588fe2909899b11d888642f724423d9c07a5875ada1b9b7721f0c120
P0,EVT-IMCA-1973,International Marine Contractors Association (IMCA),MISSING_SOURCE_ARTIFACT,Record derived from catalog metadata without packaged physical PDF/HTML artifact.,provenance.document_hash,951a419e987ee0365e587b7dbdf49263866e598fade4a265ac6b995bc5ef8a56
P0,EVT-IMCA-1974,International Marine Contractors Association (IMCA),MISSING_SOURCE_ARTIFACT,Record derived from catalog metadata without packaged physical PDF/HTML artifact.,provenance.document_hash,34f048c4f512318ef34bdbf7b562b2a1d720c32dee2240a7dc9de2e0363650d8
P0,EVT-IMCA-1975,International Marine Contractors Association (IMCA),MISSING_SOURCE_ARTIFACT,Record derived from catalog metadata without packaged physical PDF/HTML artifact.,provenance.document_hash,e1ea06ae88f151aba6d11eb2c73d110576d35488b3f5968a5fa79c224fa01707
P0,EVT-IMCA-1976,International Marine Contractors Association (IMCA),MISSING_SOURCE_ARTIFACT,Record derived from catalog metadata without packaged physical PDF/HTML artifact.,provenance.document_hash,01c40ea99334829165be901d83379409d9909f2a9370c30531e39368cde3ad67
P0,EVT-IMCA-1977,International Marine Contractors Association (IMCA),MISSING_SOURCE_ARTIFACT,Record derived from catalog metadata without packaged physical PDF/HTML artifact.,provenance.document_hash,5dbb8318c9b37d5b7b7277c87453ba4c71f85b9e112f6df4a9b49886ec12aef1
P0,EVT-IMCA-1978,International Marine Contractors Association (IMCA),MISSING_SOURCE_ARTIFACT,Record derived from catalog metadata without packaged physical PDF/HTML artifact.,provenance.document_hash,0fcf236f1c57f5ff554340f87a3d9b9bf2b1550c1a935734de383a9391e2a9c3
P0,EVT-IMCA-1979,International Marine Contractors Association (IMCA),MISSING_SOURCE_ARTIFACT,Record derived from catalog metadata without packaged physical PDF/HTML artifact.,provenance.document_hash,6b9cfe42ea7a8fb545081013f4fdc59b95b4d33ca70fa10eebbaa2c8b15a04b7
P0,EVT-IMCA-1980,International Marine Contractors Association (IMCA),MISSING_SOURCE_ARTIFACT,Record derived from catalog metadata without packaged physical PDF/HTML artifact.,provenance.document_hash,909a4548f45c37c0516f089877e464a89b0ab20d12e08b2fa0f4c309495f3ef5
P0,EVT-IMCA-1981,International Marine Contractors Association (IMCA),MISSING_SOURCE_ARTIFACT,Record derived from catalog metadata without packaged physical PDF/HTML artifact.,provenance.document_hash,e0cfd1c8bf83e0b9620e623f15dd2d2f2d52f57165b7f1a41f2f12143b091ede
P0,EVT-IMCA-1982,International Marine Contractors Association (IMCA),MISSING_SOURCE_ARTIFACT,Record derived from catalog metadata without packaged physical PDF/HTML artifact.,provenance.document_hash,e1b8c67d38aca33df4954bcde88f090e9bbc019a865878a0ea41129d667a615a
P0,EVT-IMCA-1983,International Marine Contractors Association (IMCA),MISSING_SOURCE_ARTIFACT,Record derived from catalog metadata without packaged physical PDF/HTML artifact.,provenance.document_hash,c2b83b6e3548ff5989df0fb6135858e8f5f07deafeb57dee4611207eae2fa23e
P0,EVT-IMCA-1984,International Marine Contractors Association (IMCA),MISSING_SOURCE_ARTIFACT,Record derived from catalog metadata without packaged physical PDF/HTML artifact.,provenance.document_hash,1968c63a158cf97d28744f0773324c01be8712708f4b1864baecb54821cc2faa
P0,EVT-IMCA-1985,International Marine Contractors Association (IMCA),MISSING_SOURCE_ARTIFACT,Record derived from catalog metadata without packaged physical PDF/HTML artifact.,provenance.document_hash,4b7cb7703b59e220bed0103368c9970e320d6157bcc29f92b7b3ea497382af33
P0,EVT-IMCA-1986,International Marine Contractors Association (IMCA),MISSING_SOURCE_ARTIFACT,Record derived from catalog metadata without packaged physical PDF/HTML artifact.,provenance.document_hash,1779c329cbb534e741f707d60de827db051a1060b054d68fc37c16e5ece9ce3d
P0,EVT-IMCA-1987,International Marine Contractors Association (IMCA),MISSING_SOURCE_ARTIFACT,Record derived from catalog metadata without packaged physical PDF/HTML artifact.,provenance.document_hash,c79e17c2e9e6463f378987445fbe9bc46fd41beb7e6796cb2b39d59b41a3596f
P0,EVT-IMCA-1988,International Marine Contractors Association (IMCA),MISSING_SOURCE_ARTIFACT,Record derived from catalog metadata without packaged physical PDF/HTML artifact.,provenance.document_hash,dccefc94fa20bed1ea25de988d395ab08ce627ab7bd2042fb4bf5d68e84eda79
P0,EVT-IMCA-1989,International Marine Contractors Association (IMCA),MISSING_SOURCE_ARTIFACT,Record derived from catalog metadata without packaged physical PDF/HTML artifact.,provenance.document_hash,c2a625c6141c5fb985e35da425c4dc1ed2dd8cfa6462745776e48a53d728baca
P0,EVT-IMCA-1990,International Marine Contractors Association (IMCA),MISSING_SOURCE_ARTIFACT,Record derived from catalog metadata without packaged physical PDF/HTML artifact.,provenance.document_hash,c1b2f08392d6ce77dcf575cbfd8cef24f1b86083ec1c5543650e58e944581476
P0,EVT-IMCA-1991,International Marine Contractors Association (IMCA),MISSING_SOURCE_ARTIFACT,Record derived from catalog metadata without packaged physical PDF/HTML artifact.,provenance.document_hash,4c78c506ddcca2f404e54fb178ace87d017a25073cba694f678060ae556ebecb
P0,EVT-IMCA-1992,International Marine Contractors Association (IMCA),MISSING_SOURCE_ARTIFACT,Record derived from catalog metadata without packaged physical PDF/HTML artifact.,provenance.document_hash,f6416ef6695ad0991d6bbb49f81e91bd41a43e3c59336a72035fd4796f5d5b34
P0,EVT-IMCA-1993,International Marine Contractors Association (IMCA),MISSING_SOURCE_ARTIFACT,Record derived from catalog metadata without packaged physical PDF/HTML artifact.,provenance.document_hash,d397e7cfe52e8583929175a13126f39050c6136823e3b13e63232ccee2494d00
P0,EVT-IMCA-1994,International Marine Contractors Association (IMCA),MISSING_SOURCE_ARTIFACT,Record derived from catalog metadata without packaged physical PDF/HTML artifact.,provenance.document_hash,98cdb08a9c93b85b9a9248706c554ad979848de9b008ade679b544e10564611c
P0,EVT-IMCA-1995,International Marine Contractors Association (IMCA),MISSING_SOURCE_ARTIFACT,Record derived from catalog metadata without packaged physical PDF/HTML artifact.,provenance.document_hash,8a1152b71f223222fcab7c5579d0f898fcfb32fc35426609712fefa140b45eb3
P0,EVT-IMCA-1996,International Marine Contractors Association (IMCA),MISSING_SOURCE_ARTIFACT,Record derived from catalog metadata without packaged physical PDF/HTML artifact.,provenance.document_hash,166480f79656cb5398da196d63b5da0c9ff5085ba2b68c0d6c9b522c3bc0e91d
P0,EVT-IMCA-1997,International Marine Contractors Association (IMCA),MISSING_SOURCE_ARTIFACT,Record derived from catalog metadata without packaged physical PDF/HTML artifact.,provenance.document_hash,f5146ca90846c3f33a8cd12141a08fc552cfca9b691dc3579d6f7e3da1620046
P0,EVT-IMCA-1998,International Marine Contractors Association (IMCA),MISSING_SOURCE_ARTIFACT,Record derived from catalog metadata without packaged physical PDF/HTML artifact.,provenance.document_hash,3ca4980ccc1bb8a053ba758310e5c4649eb832533bfc80c879827f256e9453c7
P0,EVT-IMCA-1999,International Marine Contractors Association (IMCA),MISSING_SOURCE_ARTIFACT,Record derived from catalog metadata without packaged physical PDF/HTML artifact.,provenance.document_hash,3e61daf6c43e63d251fe027c6a227f5e7dafde703a4566e638da5bae138390c5
P0,EVT-IMCA-2000,International Marine Contractors Association (IMCA),MISSING_SOURCE_ARTIFACT,Record derived from catalog metadata without packaged physical PDF/HTML artifact.,provenance.document_hash,a21157476fcbf328a123aa556e732446ce940b1e085d86ae1751279d45f94c1d
P0,EVT-IMCA-2001,International Marine Contractors Association (IMCA),MISSING_SOURCE_ARTIFACT,Record derived from catalog metadata without packaged physical PDF/HTML artifact.,provenance.document_hash,8be4d26c9d7344b89288001936bb3a78d65164c2516f445c4866f772647db8ee
P0,EVT-IMCA-2002,International Marine Contractors Association (IMCA),MISSING_SOURCE_ARTIFACT,Record derived from catalog metadata without packaged physical PDF/HTML artifact.,provenance.document_hash,997048b00fe0e4772ddddb333f90f287b9ec4894944790cfea367455fe6a12b6
P0,EVT-IMCA-2003,International Marine Contractors Association (IMCA),MISSING_SOURCE_ARTIFACT,Record derived from catalog metadata without packaged physical PDF/HTML artifact.,provenance.document_hash,6db963f28f1676e48e61c5bfd2c81eb2a1ffe75f43a13e82f9cae88ed4b73fd2
P0,EVT-IMCA-2004,International Marine Contractors Association (IMCA),MISSING_SOURCE_ARTIFACT,Record derived from catalog metadata without packaged physical PDF/HTML artifact.,provenance.document_hash,a65e9928548552ded574d7eaeae67b604b3a6c75ba0d085238613467d9b8a2da
P0,EVT-IMCA-2005,International Marine Contractors Association (IMCA),MISSING_SOURCE_ARTIFACT,Record derived from catalog metadata without packaged physical PDF/HTML artifact.,provenance.document_hash,ae27f5989e688e7646722d43c97843388742e2503739fc5e2d9172bd509ce358
P0,EVT-IMCA-2006,International Marine Contractors Association (IMCA),MISSING_SOURCE_ARTIFACT,Record derived from catalog metadata without packaged physical PDF/HTML artifact.,provenance.document_hash,2999833307ac3a05f07c541fd62823d74495e32cc4300786abc93f3480e61d59
P0,EVT-IMCA-2007,International Marine Contractors Association (IMCA),MISSING_SOURCE_ARTIFACT,Record derived from catalog metadata without packaged physical PDF/HTML artifact.,provenance.document_hash,afc49a5b9e046a04afd2eb5ef61ef17794b32e391b49adf18c323c093417f63f
P0,EVT-IMCA-2008,International Marine Contractors Association (IMCA),MISSING_SOURCE_ARTIFACT,Record derived from catalog metadata without packaged physical PDF/HTML artifact.,provenance.document_hash,2f0301c6348728cc612cbd2ab7bb3a6da871d2aff4e8d86fb248d067085d8b55
P0,EVT-IMCA-2009,International Marine Contractors Association (IMCA),MISSING_SOURCE_ARTIFACT,Record derived from catalog metadata without packaged physical PDF/HTML artifact.,provenance.document_hash,e641f13a5047f5f6620eb521c3c35a63e602f0cf561b46dee1ce6cfa29c5c444
P0,EVT-IMCA-2010,International Marine Contractors Association (IMCA),MISSING_SOURCE_ARTIFACT,Record derived from catalog metadata without packaged physical PDF/HTML artifact.,provenance.document_hash,095b90f0c74cd5fcc2204db46cae93ff243d0dcda18a45da82dbfd6191dbae10
P0,EVT-IMCA-2011,International Marine Contractors Association (IMCA),MISSING_SOURCE_ARTIFACT,Record derived from catalog metadata without packaged physical PDF/HTML artifact.,provenance.document_hash,a95b5bf0d04aabb77596c7ba4b548547e0b81afbca9312c770fc52af78697a6e
P0,EVT-IMCA-2012,International Marine Contractors Association (IMCA),MISSING_SOURCE_ARTIFACT,Record derived from catalog metadata without packaged physical PDF/HTML artifact.,provenance.document_hash,321bdeec460c59769f7c62fe3292cecd16405eff27d824dc10f78a062d9215af
P0,EVT-IMCA-2013,International Marine Contractors Association (IMCA),MISSING_SOURCE_ARTIFACT,Record derived from catalog metadata without packaged physical PDF/HTML artifact.,provenance.document_hash,57e036c3a81e57a80afb81a4e73c36236179bd711059815169dc055857fa243c
P0,EVT-IMCA-2014,International Marine Contractors Association (IMCA),MISSING_SOURCE_ARTIFACT,Record derived from catalog metadata without packaged physical PDF/HTML artifact.,provenance.document_hash,4ccc7b380eed1600f333f9a6a96338bd2299efa3c00fbe1ba14ffaa16be8c8cd
P0,EVT-IMCA-2015,International Marine Contractors Association (IMCA),MISSING_SOURCE_ARTIFACT,Record derived from catalog metadata without packaged physical PDF/HTML artifact.,provenance.document_hash,7b7dc16603d068490394bddb95de12dcc90b589a6a335674f42784f5e92e1b41
P0,EVT-IMCA-2016,International Marine Contractors Association (IMCA),MISSING_SOURCE_ARTIFACT,Record derived from catalog metadata without packaged physical PDF/HTML artifact.,provenance.document_hash,8416dea841309a904ad9669631d3b487874a95aeeb765e1cfebc2b6cd03d7b44
P0,EVT-IMCA-2017,International Marine Contractors Association (IMCA),MISSING_SOURCE_ARTIFACT,Record derived from catalog metadata without packaged physical PDF/HTML artifact.,provenance.document_hash,6295f3cf966a2449350ec5869db507f27a529c36e1385de3f4ea66754d3e2c6a
P0,EVT-IMCA-2018,International Marine Contractors Association (IMCA),MISSING_SOURCE_ARTIFACT,Record derived from catalog metadata without packaged physical PDF/HTML artifact.,provenance.document_hash,adce22b2b9485d7b2b6dd90ad2613d734cf71d741f47404d66435d5cd4f84643
P0,EVT-IMCA-2019,International Marine Contractors Association (IMCA),MISSING_SOURCE_ARTIFACT,Record derived from catalog metadata without packaged physical PDF/HTML artifact.,provenance.document_hash,791ebb45a5a87a6745efad9cca1fd5466b48af1ed446ff1b9b8926b0aacf7f8e
P0,EVT-IMCA-2020,International Marine Contractors Association (IMCA),MISSING_SOURCE_ARTIFACT,Record derived from catalog metadata without packaged physical PDF/HTML artifact.,provenance.document_hash,efc81181d23b6d70740cd95077a0f3f6c5b69ab19947f33e363cfee5be9b06d1
P0,EVT-IMCA-2021,International Marine Contractors Association (IMCA),MISSING_SOURCE_ARTIFACT,Record derived from catalog metadata without packaged physical PDF/HTML artifact.,provenance.document_hash,b483ad95f93a0711ece9e3cd26e888bc238671e928d4cc98ccf1162481d2c3ac
P0,EVT-IMCA-2022,International Marine Contractors Association (IMCA),MISSING_SOURCE_ARTIFACT,Record derived from catalog metadata without packaged physical PDF/HTML artifact.,provenance.document_hash,d79c5b513fea24bafad2e7daddfc815267c9b8ccd32b59292885cef5c6a46016
P0,EVT-IMCA-2023,International Marine Contractors Association (IMCA),MISSING_SOURCE_ARTIFACT,Record derived from catalog metadata without packaged physical PDF/HTML artifact.,provenance.document_hash,34ed62436259dc18eade78c49ce23a9d204b27cb272a47049e941868ca0d2a4d
P0,EVT-IMCA-2024,International Marine Contractors Association (IMCA),MISSING_SOURCE_ARTIFACT,Record derived from catalog metadata without packaged physical PDF/HTML artifact.,provenance.document_hash,d5b951d84b0d0cc88a404ce321e33182781e70450b47fd9e0ac1e42b9b903c98
P0,EVT-IMCA-2025,International Marine Contractors Association (IMCA),MISSING_SOURCE_ARTIFACT,Record derived from catalog metadata without packaged physical PDF/HTML artifact.,provenance.document_hash,4c0102129f4b4a8fee6cb43688682942683163197eaa400176da784b62934acc
P0,EVT-IMCA-2026,International Marine Contractors Association (IMCA),MISSING_SOURCE_ARTIFACT,Record derived from catalog metadata without packaged physical PDF/HTML artifact.,provenance.document_hash,87246a523a37b4d6959311eb2bf6435005cd2864b86ff420ab2c562049732bf6
P0,EVT-IMCA-2027,International Marine Contractors Association (IMCA),MISSING_SOURCE_ARTIFACT,Record derived from catalog metadata without packaged physical PDF/HTML artifact.,provenance.document_hash,2f9add32befcb3df698c02d241c37101c2448f1d541712bad9ec8dec0b96591c
P0,EVT-IMCA-2028,International Marine Contractors Association (IMCA),MISSING_SOURCE_ARTIFACT,Record derived from catalog metadata without packaged physical PDF/HTML artifact.,provenance.document_hash,7cd9e05b2e253d98b729bff3f989f9abe91150c19519f0e96df58af1cd5d862b
P0,EVT-IMCA-2029,International Marine Contractors Association (IMCA),MISSING_SOURCE_ARTIFACT,Record derived from catalog metadata without packaged physical PDF/HTML artifact.,provenance.document_hash,fd1a0484f63fab923c6d79bda5fd77b13007760a70e94f04a10bdf02b03c9a19
P0,EVT-IMCA-2030,International Marine Contractors Association (IMCA),MISSING_SOURCE_ARTIFACT,Record derived from catalog metadata without packaged physical PDF/HTML artifact.,provenance.document_hash,6096ca8b92397a1f17443994813d5704a93336608ceff9e03fa2410c0ded9e5c
P0,EVT-IMCA-2031,International Marine Contractors Association (IMCA),MISSING_SOURCE_ARTIFACT,Record derived from catalog metadata without packaged physical PDF/HTML artifact.,provenance.document_hash,b4a2ab25b3001e50c85755d36b1d618b4b24e594f99705fa974256618ffb591f
P0,EVT-IMCA-2032,International Marine Contractors Association (IMCA),MISSING_SOURCE_ARTIFACT,Record derived from catalog metadata without packaged physical PDF/HTML artifact.,provenance.document_hash,c80e5900cd4593ed1c61fd5d3e21d91cbc620da59d5c6b8cc9a83add340228c0
P0,EVT-IMCA-2033,International Marine Contractors Association (IMCA),MISSING_SOURCE_ARTIFACT,Record derived from catalog metadata without packaged physical PDF/HTML artifact.,provenance.document_hash,3c8096911a6df16f01085ebe2dc0dedeb830a120cee5ee090948891ce9c8da2a
P0,EVT-IMCA-2034,International Marine Contractors Association (IMCA),MISSING_SOURCE_ARTIFACT,Record derived from catalog metadata without packaged physical PDF/HTML artifact.,provenance.document_hash,566ae66f405ce7544c8c41598648ec9649a0bf2cc03d3da69624ec7e559b7130
P0,EVT-IMCA-2035,International Marine Contractors Association (IMCA),MISSING_SOURCE_ARTIFACT,Record derived from catalog metadata without packaged physical PDF/HTML artifact.,provenance.document_hash,9446d5e2af65b8f329d16e9ce1e29257dd960d96e2a4ac7f453a319e20fbaf06
P0,EVT-IMCA-2036,International Marine Contractors Association (IMCA),MISSING_SOURCE_ARTIFACT,Record derived from catalog metadata without packaged physical PDF/HTML artifact.,provenance.document_hash,1a977f06e5d1a362029ae3e3cbf4b32e3ed45d7eef4929c66152089f43fbc4ad
P0,EVT-IMCA-2037,International Marine Contractors Association (IMCA),MISSING_SOURCE_ARTIFACT,Record derived from catalog metadata without packaged physical PDF/HTML artifact.,provenance.document_hash,955603ddf87714ab64ac87ef9d15593393accfe077b0e9474a44bded2d7fa366
P0,EVT-IMCA-2038,International Marine Contractors Association (IMCA),MISSING_SOURCE_ARTIFACT,Record derived from catalog metadata without packaged physical PDF/HTML artifact.,provenance.document_hash,c66eccb72c9a9d02dfa135881c8fd93454e24ec6607143d293d3a59216433c4e
P0,EVT-IMCA-2039,International Marine Contractors Association (IMCA),MISSING_SOURCE_ARTIFACT,Record derived from catalog metadata without packaged physical PDF/HTML artifact.,provenance.document_hash,6e7904219fbdd35be67fbb81456cbb1dd9201fb020a914c5b12858350b59e5b2
P0,EVT-IMCA-2040,International Marine Contractors Association (IMCA),MISSING_SOURCE_ARTIFACT,Record derived from catalog metadata without packaged physical PDF/HTML artifact.,provenance.document_hash,c6348d5509b81face64aa050ff59909d826f9e751c4119396eae01a380629448
P0,EVT-IMCA-2041,International Marine Contractors Association (IMCA),MISSING_SOURCE_ARTIFACT,Record derived from catalog metadata without packaged physical PDF/HTML artifact.,provenance.document_hash,4e492526a68971e838cf57cbe50247a0044912e9d6c712fd8a5965526f2cf021
P0,EVT-IMCA-2042,International Marine Contractors Association (IMCA),MISSING_SOURCE_ARTIFACT,Record derived from catalog metadata without packaged physical PDF/HTML artifact.,provenance.document_hash,138c6ef599cb609262bc338103ea765e65016e667b040410900fc526dfbc5a0e
P0,EVT-IMCA-2043,International Marine Contractors Association (IMCA),MISSING_SOURCE_ARTIFACT,Record derived from catalog metadata without packaged physical PDF/HTML artifact.,provenance.document_hash,efa3579c6b46b224950758ed78499701cb5f08648394494ee40fc0c0d5b133cc
P0,EVT-IMCA-2044,International Marine Contractors Association (IMCA),MISSING_SOURCE_ARTIFACT,Record derived from catalog metadata without packaged physical PDF/HTML artifact.,provenance.document_hash,6bb843c0887543994aefb37977611820fad94b19f75da6042e0c29adfdaf0b2f
P0,EVT-IMCA-2045,International Marine Contractors Association (IMCA),MISSING_SOURCE_ARTIFACT,Record derived from catalog metadata without packaged physical PDF/HTML artifact.,provenance.document_hash,ef0fb0547ca40a807f78c686d7d3e4aeeb8703de6417661c6465352be5026915
P0,EVT-IMCA-2046,International Marine Contractors Association (IMCA),MISSING_SOURCE_ARTIFACT,Record derived from catalog metadata without packaged physical PDF/HTML artifact.,provenance.document_hash,97fde2dcc880778a7c49ac83f083470dc09a634ccbc6903b6b508ede28eb79f2
P0,EVT-IMCA-2047,International Marine Contractors Association (IMCA),MISSING_SOURCE_ARTIFACT,Record derived from catalog metadata without packaged physical PDF/HTML artifact.,provenance.document_hash,f18bee7397969c037c67719b92ac0ed691a2625b9ee9355f81b4b025c6e80f66
P0,EVT-IMCA-2048,International Marine Contractors Association (IMCA),MISSING_SOURCE_ARTIFACT,Record derived from catalog metadata without packaged physical PDF/HTML artifact.,provenance.document_hash,baa2ee19f7fe2682b48d4121a1c067381c05a672639ef1949be5a47ee2c033f8
P0,EVT-IMCA-2049,International Marine Contractors Association (IMCA),MISSING_SOURCE_ARTIFACT,Record derived from catalog metadata without packaged physical PDF/HTML artifact.,provenance.document_hash,55cb992b7dfb1e2e56856f6d1401f8b68d08c2caefb8f97beb95f104ea10d0a6
P0,EVT-IMCA-2050,International Marine Contractors Association (IMCA),MISSING_SOURCE_ARTIFACT,Record derived from catalog metadata without packaged physical PDF/HTML artifact.,provenance.document_hash,8777993d4f54435168db0799b206c845da2d9e722987160d5ee31433119ec5bb
P0,EVT-IMCA-2051,International Marine Contractors Association (IMCA),MISSING_SOURCE_ARTIFACT,Record derived from catalog metadata without packaged physical PDF/HTML artifact.,provenance.document_hash,513eef9a44d5bc33ac332652a313675939549e7287d9ddc763a6ee457b81a16f
P0,EVT-IMCA-2052,International Marine Contractors Association (IMCA),MISSING_SOURCE_ARTIFACT,Record derived from catalog metadata without packaged physical PDF/HTML artifact.,provenance.document_hash,3942e66ef639f5d360a510f72c5ba5fda122f54caff057685d93de135ea574cc
P0,EVT-IMCA-2053,International Marine Contractors Association (IMCA),MISSING_SOURCE_ARTIFACT,Record derived from catalog metadata without packaged physical PDF/HTML artifact.,provenance.document_hash,a8628e25ce3bbac7a53b2a9f5ef9e657f60f339c575f9d2185432e6d3384bbfb
P0,EVT-IMCA-2054,International Marine Contractors Association (IMCA),MISSING_SOURCE_ARTIFACT,Record derived from catalog metadata without packaged physical PDF/HTML artifact.,provenance.document_hash,8b34d7956cd5a789c7a119ca8f77708f7717e5133cbd0b1ee2dc0da5171dbccc
P0,EVT-IMCA-2055,International Marine Contractors Association (IMCA),MISSING_SOURCE_ARTIFACT,Record derived from catalog metadata without packaged physical PDF/HTML artifact.,provenance.document_hash,8e28c69e7c2b59c838c7c05da77567813f127fe901c65b767b5530096afa165e
P0,EVT-IMCA-2056,International Marine Contractors Association (IMCA),MISSING_SOURCE_ARTIFACT,Record derived from catalog metadata without packaged physical PDF/HTML artifact.,provenance.document_hash,92df78c49c6c3b129519b908f2ae4067547525547e38feb5700a185a9a62633c
P0,EVT-IMCA-2057,International Marine Contractors Association (IMCA),MISSING_SOURCE_ARTIFACT,Record derived from catalog metadata without packaged physical PDF/HTML artifact.,provenance.document_hash,c746f3e6ddffaafd2339330765dce92504874137394000bbbde0a4eb2cde32d5
P0,EVT-IMCA-2058,International Marine Contractors Association (IMCA),MISSING_SOURCE_ARTIFACT,Record derived from catalog metadata without packaged physical PDF/HTML artifact.,provenance.document_hash,c1f757a31fb4bf4a6734c14a080efe0e55530388b22dcd3297251156a20cb393
P0,EVT-IMCA-2059,International Marine Contractors Association (IMCA),MISSING_SOURCE_ARTIFACT,Record derived from catalog metadata without packaged physical PDF/HTML artifact.,provenance.document_hash,cbc1bdecd527680b31298e210d44e77c4a7763b5b72462e44a4edd7f0fb5c4cf
P0,EVT-IMCA-2060,International Marine Contractors Association (IMCA),MISSING_SOURCE_ARTIFACT,Record derived from catalog metadata without packaged physical PDF/HTML artifact.,provenance.document_hash,bf579f1c474fdd26ce2496ef7d9722bb9d96df93968bf94b6bbfecb12a5fe23b
P0,EVT-IMCA-2061,International Marine Contractors Association (IMCA),MISSING_SOURCE_ARTIFACT,Record derived from catalog metadata without packaged physical PDF/HTML artifact.,provenance.document_hash,f822c91855fc55a0ad13d485cdc9b37f76c1ba19953a71fb7965e8b2e5126ac5
P0,EVT-IMCA-2062,International Marine Contractors Association (IMCA),MISSING_SOURCE_ARTIFACT,Record derived from catalog metadata without packaged physical PDF/HTML artifact.,provenance.document_hash,6bd16feba467559b7c703810d1a4a0f2a5af35b3873f20876a8e6c274ea6d276
P0,EVT-IMCA-2063,International Marine Contractors Association (IMCA),MISSING_SOURCE_ARTIFACT,Record derived from catalog metadata without packaged physical PDF/HTML artifact.,provenance.document_hash,e26a925d8241507528be85a26563b0ec9bf40e55cf0fd35bff8010869f4d6d03
P0,EVT-IMCA-2064,International Marine Contractors Association (IMCA),MISSING_SOURCE_ARTIFACT,Record derived from catalog metadata without packaged physical PDF/HTML artifact.,provenance.document_hash,6157dc393849f7424094e47bea975738a1e577475d0756e5db95388fadd83e79
P0,EVT-IMCA-2065,International Marine Contractors Association (IMCA),MISSING_SOURCE_ARTIFACT,Record derived from catalog metadata without packaged physical PDF/HTML artifact.,provenance.document_hash,9e6d917bc0a518402f600edc00f8a830170af023f0e36b4deddbc83dcebdd273
P0,EVT-IMCA-2066,International Marine Contractors Association (IMCA),MISSING_SOURCE_ARTIFACT,Record derived from catalog metadata without packaged physical PDF/HTML artifact.,provenance.document_hash,a641ea3417224801260b224279ebfee354029db56161e4459b2aaab7c18179ab
P0,EVT-IMCA-2067,International Marine Contractors Association (IMCA),MISSING_SOURCE_ARTIFACT,Record derived from catalog metadata without packaged physical PDF/HTML artifact.,provenance.document_hash,f7e26d99ca1f3ea5d7ee306e738c94d708063ce0ec5b0824a16e185f72710343
P0,EVT-IMCA-2068,International Marine Contractors Association (IMCA),MISSING_SOURCE_ARTIFACT,Record derived from catalog metadata without packaged physical PDF/HTML artifact.,provenance.document_hash,9d18efc4549f870b3b36fc9ea70439b6218bbd3053befb22f3cab2361f0a18af
P0,EVT-IMCA-2069,International Marine Contractors Association (IMCA),MISSING_SOURCE_ARTIFACT,Record derived from catalog metadata without packaged physical PDF/HTML artifact.,provenance.document_hash,90abd82ed5d7951555c0ac7520f29ca2d4996a9cda8548b75ffd40c3872d25ea
P0,EVT-IMCA-2070,International Marine Contractors Association (IMCA),MISSING_SOURCE_ARTIFACT,Record derived from catalog metadata without packaged physical PDF/HTML artifact.,provenance.document_hash,98ab2e990a4d42018b44ebe0ce128ee901ab30ad449e556cb9e3aad524ba24e7
P0,EVT-IMCA-2071,International Marine Contractors Association (IMCA),MISSING_SOURCE_ARTIFACT,Record derived from catalog metadata without packaged physical PDF/HTML artifact.,provenance.document_hash,1cf9440964a1c4260cf226c6a7642f107125c0bac624d8ef1abfbd9e1d782481
P0,EVT-IMCA-2072,International Marine Contractors Association (IMCA),MISSING_SOURCE_ARTIFACT,Record derived from catalog metadata without packaged physical PDF/HTML artifact.,provenance.document_hash,0128e371a2e786e5ba98f8e1cc3b2851e70e87c23fc88ffd9c4a0d141a551c86
P0,EVT-IMCA-2073,International Marine Contractors Association (IMCA),MISSING_SOURCE_ARTIFACT,Record derived from catalog metadata without packaged physical PDF/HTML artifact.,provenance.document_hash,868581a263a684ac763ad33cc624e9203636f8d5c1e95ca0c8165727472ad271
P0,EVT-IMCA-2074,International Marine Contractors Association (IMCA),MISSING_SOURCE_ARTIFACT,Record derived from catalog metadata without packaged physical PDF/HTML artifact.,provenance.document_hash,bba3fa0f8cd5ee1a453a4d5053a19dddd95d948bea7e0c122286899f5b3e58c3
P0,EVT-IMCA-2075,International Marine Contractors Association (IMCA),MISSING_SOURCE_ARTIFACT,Record derived from catalog metadata without packaged physical PDF/HTML artifact.,provenance.document_hash,893695795a72ddbf6f3b2dd0eef982a035f46f82270f619857710399010f3729
P0,EVT-IMCA-2076,International Marine Contractors Association (IMCA),MISSING_SOURCE_ARTIFACT,Record derived from catalog metadata without packaged physical PDF/HTML artifact.,provenance.document_hash,68d9c2b8a2fccf3320e930d9969a5ce371476145f30db19b3f0e003f7922d438
P0,EVT-IMCA-2077,International Marine Contractors Association (IMCA),MISSING_SOURCE_ARTIFACT,Record derived from catalog metadata without packaged physical PDF/HTML artifact.,provenance.document_hash,6c722f66d34d4726928003a8431e11e3015b2d13b987aaa6d65660ddadf2d20a
P0,EVT-IMCA-2078,International Marine Contractors Association (IMCA),MISSING_SOURCE_ARTIFACT,Record derived from catalog metadata without packaged physical PDF/HTML artifact.,provenance.document_hash,ed027e580e17996af203fdbdf87dcf2205749b11b58e485a2f4b14b5fc9cad26
P0,EVT-IMCA-2079,International Marine Contractors Association (IMCA),MISSING_SOURCE_ARTIFACT,Record derived from catalog metadata without packaged physical PDF/HTML artifact.,provenance.document_hash,5fc195b710f357637d9549e0ec00572db3dba9b13cc61a439e839acc7e707e2c
P0,EVT-IMCA-2080,International Marine Contractors Association (IMCA),MISSING_SOURCE_ARTIFACT,Record derived from catalog metadata without packaged physical PDF/HTML artifact.,provenance.document_hash,50be2ce6ca6bb329a918cafbeedd476ee7d9647724a2d7953ea6bf1cf4914152
P0,EVT-IMCA-2081,International Marine Contractors Association (IMCA),MISSING_SOURCE_ARTIFACT,Record derived from catalog metadata without packaged physical PDF/HTML artifact.,provenance.document_hash,086bd834c3b75adc92036cecc280156dd9e6723a5284f273841d4365b791e152
P0,EVT-IMCA-2082,International Marine Contractors Association (IMCA),MISSING_SOURCE_ARTIFACT,Record derived from catalog metadata without packaged physical PDF/HTML artifact.,provenance.document_hash,060c219290913885f894181af78e7d8558e6b1a12a67be72f89128deb1e2a56b
P0,EVT-IMCA-2083,International Marine Contractors Association (IMCA),MISSING_SOURCE_ARTIFACT,Record derived from catalog metadata without packaged physical PDF/HTML artifact.,provenance.document_hash,c41ba510b3cccc75f6bde03466d0c5a386bb464faeec43b6a4e916aaec100c8a
P0,EVT-IMCA-2084,International Marine Contractors Association (IMCA),MISSING_SOURCE_ARTIFACT,Record derived from catalog metadata without packaged physical PDF/HTML artifact.,provenance.document_hash,712018d209e527775e3825fa060959c52d9f068554854229e7cda8129fcab0ef
P0,EVT-IMCA-2085,International Marine Contractors Association (IMCA),MISSING_SOURCE_ARTIFACT,Record derived from catalog metadata without packaged physical PDF/HTML artifact.,provenance.document_hash,f46a80954e6a7e0e1008bc2bda6d3cd81ad3d117984c5ca63e8ec909f75f1bda
P0,EVT-IMCA-2086,International Marine Contractors Association (IMCA),MISSING_SOURCE_ARTIFACT,Record derived from catalog metadata without packaged physical PDF/HTML artifact.,provenance.document_hash,86d617ed8fe51b107948f32e7111c532aad7454a978af737bd5551469c0767ea
P0,EVT-IMCA-2088,International Marine Contractors Association (IMCA),MISSING_SOURCE_ARTIFACT,Record derived from catalog metadata without packaged physical PDF/HTML artifact.,provenance.document_hash,bfe34695f024f8c2347561af01b001d9abd4f52b33ab9dc1d2c344a38489a7ca
P0,EVT-IMCA-2089,International Marine Contractors Association (IMCA),MISSING_SOURCE_ARTIFACT,Record derived from catalog metadata without packaged physical PDF/HTML artifact.,provenance.document_hash,ea67351a2017ec2b4ce454f793a3f94e03900230b55150579c4534459d90bdde
P0,EVT-IMCA-2090,International Marine Contractors Association (IMCA),MISSING_SOURCE_ARTIFACT,Record derived from catalog metadata without packaged physical PDF/HTML artifact.,provenance.document_hash,02a21958da6320346161f7763df8058fd49936c95e5ca896afbaf49ce1b3b936
P0,EVT-IMCA-2091,International Marine Contractors Association (IMCA),MISSING_SOURCE_ARTIFACT,Record derived from catalog metadata without packaged physical PDF/HTML artifact.,provenance.document_hash,7640ec32367f4476e4813fbfaf6f489d06a735de0f1ee25a9ff3eaea6c7e19c5
P0,EVT-IMCA-2092,International Marine Contractors Association (IMCA),MISSING_SOURCE_ARTIFACT,Record derived from catalog metadata without packaged physical PDF/HTML artifact.,provenance.document_hash,27aaf2674953f1fb2603686eafe5f9d61a41604c45fd9ba8584e2fceb705f4a9
P0,EVT-IMCA-2093,International Marine Contractors Association (IMCA),MISSING_SOURCE_ARTIFACT,Record derived from catalog metadata without packaged physical PDF/HTML artifact.,provenance.document_hash,7b139cee3d5956555bc6b59132984fe561671ac4b3181754d77a9ffa46f8b320
P0,EVT-IMCA-2094,International Marine Contractors Association (IMCA),MISSING_SOURCE_ARTIFACT,Record derived from catalog metadata without packaged physical PDF/HTML artifact.,provenance.document_hash,24a8d94ab6f3a64e0ac97698eb9ae080f2d594846305ad572e73e26566842b20
P0,EVT-IMCA-2095,International Marine Contractors Association (IMCA),MISSING_SOURCE_ARTIFACT,Record derived from catalog metadata without packaged physical PDF/HTML artifact.,provenance.document_hash,3f6cdbe0e5b1e3f4d84219d2e3fd8327940ef86f7da459962cbff5ad7a5b63d2
P0,EVT-IMCA-2096,International Marine Contractors Association (IMCA),MISSING_SOURCE_ARTIFACT,Record derived from catalog metadata without packaged physical PDF/HTML artifact.,provenance.document_hash,25b4db223c687dbfcf1ddcabb02a4d8fe0ded3672037b8d2104580e56211bdfa
P0,EVT-IMCA-2097,International Marine Contractors Association (IMCA),MISSING_SOURCE_ARTIFACT,Record derived from catalog metadata without packaged physical PDF/HTML artifact.,provenance.document_hash,24eea3f8da091c4313b3355184d815dd19dcb7945e9dcf533fc09730ffd03b48
P0,EVT-IMCA-2098,International Marine Contractors Association (IMCA),MISSING_SOURCE_ARTIFACT,Record derived from catalog metadata without packaged physical PDF/HTML artifact.,provenance.document_hash,40b40766c7f155207cad7c72ad0c17fd1655e8a842c7b15d31b4079ee7e17864
P0,EVT-IMCA-2099,International Marine Contractors Association (IMCA),MISSING_SOURCE_ARTIFACT,Record derived from catalog metadata without packaged physical PDF/HTML artifact.,provenance.document_hash,5cfd36ad2df2b3a4d477386ef3d5a7c5c6a262e30d10163d23fcccefef364504
P0,EVT-IMCA-2100,International Marine Contractors Association (IMCA),MISSING_SOURCE_ARTIFACT,Record derived from catalog metadata without packaged physical PDF/HTML artifact.,provenance.document_hash,4ab9ac30022767bb224969d353108fa1b072500389595e9cd83f57c8d86e93d1
P0,EVT-IMCA-2101,International Marine Contractors Association (IMCA),MISSING_SOURCE_ARTIFACT,Record derived from catalog metadata without packaged physical PDF/HTML artifact.,provenance.document_hash,258ba74f4e120e7efa08fb58247a43857daaa197e85060f304b58eda5fb2fada
P0,EVT-IMCA-2102,International Marine Contractors Association (IMCA),MISSING_SOURCE_ARTIFACT,Record derived from catalog metadata without packaged physical PDF/HTML artifact.,provenance.document_hash,195607bc3f6e0d6d3d9744d65da0df27e67ff7130bcf17d3d1cad12cafcf01aa
P0,EVT-IMCA-2103,International Marine Contractors Association (IMCA),MISSING_SOURCE_ARTIFACT,Record derived from catalog metadata without packaged physical PDF/HTML artifact.,provenance.document_hash,a619095006f053cbc77c4baafe34feb2830019e849474a0237a10d47d254fa91
P0,EVT-IMCA-2104,International Marine Contractors Association (IMCA),MISSING_SOURCE_ARTIFACT,Record derived from catalog metadata without packaged physical PDF/HTML artifact.,provenance.document_hash,9fba622ad9609902ccf66a2fe03fe000463cbd244b0c6b8b6b099bab97683467
P0,EVT-IMCA-2105,International Marine Contractors Association (IMCA),MISSING_SOURCE_ARTIFACT,Record derived from catalog metadata without packaged physical PDF/HTML artifact.,provenance.document_hash,e7764535f3a11abeec743084b1d2b4bbe69e9fef0e4dc45dbff4e0936cb096a9
P0,EVT-IMCA-2106,International Marine Contractors Association (IMCA),MISSING_SOURCE_ARTIFACT,Record derived from catalog metadata without packaged physical PDF/HTML artifact.,provenance.document_hash,ee08a698abaf77cc54569a17cfa381c1bf60ed87756e73afeb980d90685ad956
P0,EVT-IMCA-2107,International Marine Contractors Association (IMCA),MISSING_SOURCE_ARTIFACT,Record derived from catalog metadata without packaged physical PDF/HTML artifact.,provenance.document_hash,5a2d3d9cc6d367a048e9bc287902e55f794f12c789094eb77dfdb230d506983b
P0,EVT-IMCA-2108,International Marine Contractors Association (IMCA),MISSING_SOURCE_ARTIFACT,Record derived from catalog metadata without packaged physical PDF/HTML artifact.,provenance.document_hash,699a7ecd761a2807ceb84a946af88985d1f5916e1fedbfff1db2ddc454072e29
P0,EVT-IMCA-2109,International Marine Contractors Association (IMCA),MISSING_SOURCE_ARTIFACT,Record derived from catalog metadata without packaged physical PDF/HTML artifact.,provenance.document_hash,508f86755cd6750fc74171a6fd3f8ae552d12f17b54d6e992066662042b87839
P0,EVT-IMCA-2110,International Marine Contractors Association (IMCA),MISSING_SOURCE_ARTIFACT,Record derived from catalog metadata without packaged physical PDF/HTML artifact.,provenance.document_hash,af8ad34ee0d0bb3655ca8414c8f9a577be1d47f86dfbb2e7bff5e9c7a928050b
P0,EVT-IMCA-2111,International Marine Contractors Association (IMCA),MISSING_SOURCE_ARTIFACT,Record derived from catalog metadata without packaged physical PDF/HTML artifact.,provenance.document_hash,eb3787fcb36a95701dfa244e3f28242e7b456f25d49e8f2b28633c6ad867ddfe
P0,EVT-IMCA-2112,International Marine Contractors Association (IMCA),MISSING_SOURCE_ARTIFACT,Record derived from catalog metadata without packaged physical PDF/HTML artifact.,provenance.document_hash,9e5722ce4136d8dab0796c3a7dc2ddd359c80588b947063c73cfa71bb05dd0c3
P0,EVT-IMCA-2113,International Marine Contractors Association (IMCA),MISSING_SOURCE_ARTIFACT,Record derived from catalog metadata without packaged physical PDF/HTML artifact.,provenance.document_hash,2a09ef89a24a4e746cfbbf3b6c87b79ef28c2a6cc2f15ab8130c3ada152351d5
P0,EVT-IMCA-2114,International Marine Contractors Association (IMCA),MISSING_SOURCE_ARTIFACT,Record derived from catalog metadata without packaged physical PDF/HTML artifact.,provenance.document_hash,a693ef21a02564f196a8fb3b2d4422867ce5c684aa7da86a6ca498d2e0ad9a2e
P0,EVT-IMCA-2115,International Marine Contractors Association (IMCA),MISSING_SOURCE_ARTIFACT,Record derived from catalog metadata without packaged physical PDF/HTML artifact.,provenance.document_hash,cb2eaf03075709654f74d5f2831a5405b9c6a96bb6403a1c76f84f10d92e91ff
P0,EVT-IMCA-2116,International Marine Contractors Association (IMCA),MISSING_SOURCE_ARTIFACT,Record derived from catalog metadata without packaged physical PDF/HTML artifact.,provenance.document_hash,940a74b65d9e4fe6675c61c643cd665bb07e4cd25ea8bc67cce737d715680f30
P0,EVT-IMCA-2117,International Marine Contractors Association (IMCA),MISSING_SOURCE_ARTIFACT,Record derived from catalog metadata without packaged physical PDF/HTML artifact.,provenance.document_hash,b0efdab9150d24bdfe9365606c09d0b5386737ce6b2c4be93e2be1e164fa34fd
P0,EVT-IMCA-2118,International Marine Contractors Association (IMCA),MISSING_SOURCE_ARTIFACT,Record derived from catalog metadata without packaged physical PDF/HTML artifact.,provenance.document_hash,c731148e6e17971c89b6809793dc3d1a073115872796d23a384b8e3b168d5dcf
P0,EVT-IMCA-2119,International Marine Contractors Association (IMCA),MISSING_SOURCE_ARTIFACT,Record derived from catalog metadata without packaged physical PDF/HTML artifact.,provenance.document_hash,416491750c61b874c94cf37341cddb6b1134dcdb2f96dac5150ed744e1597f28
P0,EVT-IMCA-2120,International Marine Contractors Association (IMCA),MISSING_SOURCE_ARTIFACT,Record derived from catalog metadata without packaged physical PDF/HTML artifact.,provenance.document_hash,5eb9f103e6f665a57fffa842c31fb408c30c6b57f2db0145f3cc1a16560614ea
P0,EVT-IMCA-2121,International Marine Contractors Association (IMCA),MISSING_SOURCE_ARTIFACT,Record derived from catalog metadata without packaged physical PDF/HTML artifact.,provenance.document_hash,b55b39d37448a8ca5831617c723076a10f212b88d1d97623f67485f97fde3519
P0,EVT-IMCA-2122,International Marine Contractors Association (IMCA),MISSING_SOURCE_ARTIFACT,Record derived from catalog metadata without packaged physical PDF/HTML artifact.,provenance.document_hash,3c5444cf095bdbca84e6ad12ddfea62e76ef73237ac17ba89b704a8c58edb358
P0,EVT-IMCA-2123,International Marine Contractors Association (IMCA),MISSING_SOURCE_ARTIFACT,Record derived from catalog metadata without packaged physical PDF/HTML artifact.,provenance.document_hash,3b1a446e7aa8fad5634f4b46a662f5e1c409492b0121e77724a396562f4a2c9f
P0,EVT-IMCA-2124,International Marine Contractors Association (IMCA),MISSING_SOURCE_ARTIFACT,Record derived from catalog metadata without packaged physical PDF/HTML artifact.,provenance.document_hash,2e5c67c85c31ba4e54622eef9c7a1b3dfb270725be02b6d844e275f0ea111910
P0,EVT-IMCA-2125,International Marine Contractors Association (IMCA),MISSING_SOURCE_ARTIFACT,Record derived from catalog metadata without packaged physical PDF/HTML artifact.,provenance.document_hash,2647672e3e598b552a94d5579aaabc4337de10417d33b11cea456fe3bf6d448e
P0,EVT-IMCA-2126,International Marine Contractors Association (IMCA),MISSING_SOURCE_ARTIFACT,Record derived from catalog metadata without packaged physical PDF/HTML artifact.,provenance.document_hash,0cd747636c14e89f384b3d2eaa1a9111462abda2a8f206e0da8a54fbb6bd3d02
P0,EVT-IMCA-2127,International Marine Contractors Association (IMCA),MISSING_SOURCE_ARTIFACT,Record derived from catalog metadata without packaged physical PDF/HTML artifact.,provenance.document_hash,f16b47db84e704505701914213682f04ffcf776caab71b0d9edc1e4378f780f3
P0,EVT-IMCA-2128,International Marine Contractors Association (IMCA),MISSING_SOURCE_ARTIFACT,Record derived from catalog metadata without packaged physical PDF/HTML artifact.,provenance.document_hash,c9c149225cf66b7772a4650794531235ae16b58aa1895cec2353a7808f6e46b9
P0,EVT-IMCA-2129,International Marine Contractors Association (IMCA),MISSING_SOURCE_ARTIFACT,Record derived from catalog metadata without packaged physical PDF/HTML artifact.,provenance.document_hash,31e6d6e4e5a5eebc496e7f1e6a15142e8c205ef47f0fca89f0631a4d86de6ba9
P0,EVT-IMCA-2130,International Marine Contractors Association (IMCA),MISSING_SOURCE_ARTIFACT,Record derived from catalog metadata without packaged physical PDF/HTML artifact.,provenance.document_hash,f85e6aa00ac75388f895d2a9b0ba1da97d59cb83fc3743af14868a0a4e3f9066
P0,EVT-IMCA-2131,International Marine Contractors Association (IMCA),MISSING_SOURCE_ARTIFACT,Record derived from catalog metadata without packaged physical PDF/HTML artifact.,provenance.document_hash,4beba5e49cc332a19cbabc58e103bf6721aa7c9a0a30e3cb6b3b43d80bca9ed7
P0,EVT-IMCA-2132,International Marine Contractors Association (IMCA),MISSING_SOURCE_ARTIFACT,Record derived from catalog metadata without packaged physical PDF/HTML artifact.,provenance.document_hash,27c73ade8d73dd03730dbe8f46b8dcae8ba5e302ed9880362502d5ad47c035ce
P0,EVT-IMCA-2133,International Marine Contractors Association (IMCA),MISSING_SOURCE_ARTIFACT,Record derived from catalog metadata without packaged physical PDF/HTML artifact.,provenance.document_hash,0f59380f05b132aeccfdc632482f62f7253ae8ca0c424a55694cebd231eb3842
P0,EVT-IMCA-2134,International Marine Contractors Association (IMCA),MISSING_SOURCE_ARTIFACT,Record derived from catalog metadata without packaged physical PDF/HTML artifact.,provenance.document_hash,dae16d9b24c6270cdcfbf5bda3fe06d969ada24c6b5c380a6593ce4da1870ae0
P0,EVT-IMCA-2135,International Marine Contractors Association (IMCA),MISSING_SOURCE_ARTIFACT,Record derived from catalog metadata without packaged physical PDF/HTML artifact.,provenance.document_hash,df2246e9d9d60e5e8de259d936d3854665329f846722e6f146017b4ead3ca41b
P0,EVT-IMCA-2136,International Marine Contractors Association (IMCA),MISSING_SOURCE_ARTIFACT,Record derived from catalog metadata without packaged physical PDF/HTML artifact.,provenance.document_hash,1c35dcc7568493c5bee2e3a027bf4307ff166e3ccda3183aa32d9bb5f606fb38
P0,EVT-IMCA-2137,International Marine Contractors Association (IMCA),MISSING_SOURCE_ARTIFACT,Record derived from catalog metadata without packaged physical PDF/HTML artifact.,provenance.document_hash,5a092f3c1ea3ebe3c895837bad74de25decf5abb90fd534cb2d00f4c07506af5
P0,EVT-IMCA-2138,International Marine Contractors Association (IMCA),MISSING_SOURCE_ARTIFACT,Record derived from catalog metadata without packaged physical PDF/HTML artifact.,provenance.document_hash,9ddb542db09445fec2e8152d98100f31124cda3229571633c3f87c35131d416d
P0,EVT-IMCA-2139,International Marine Contractors Association (IMCA),MISSING_SOURCE_ARTIFACT,Record derived from catalog metadata without packaged physical PDF/HTML artifact.,provenance.document_hash,0c8c319a4a4b77bbf8412b2041344474e1c22afb8fe9ed7f4fdcf3cdd1ec5d04
P0,EVT-IMCA-2140,International Marine Contractors Association (IMCA),MISSING_SOURCE_ARTIFACT,Record derived from catalog metadata without packaged physical PDF/HTML artifact.,provenance.document_hash,c71992f88fcf8e1caf2ffce5263df8ac6d575968a2ee7713537126ef72f6bb90
P0,EVT-IMCA-2141,International Marine Contractors Association (IMCA),MISSING_SOURCE_ARTIFACT,Record derived from catalog metadata without packaged physical PDF/HTML artifact.,provenance.document_hash,b95e0ff206a30449b68cce9f63d521caaadbb387b5c4ed4fd1fa2a6dab43be92
P0,EVT-IMCA-2142,International Marine Contractors Association (IMCA),MISSING_SOURCE_ARTIFACT,Record derived from catalog metadata without packaged physical PDF/HTML artifact.,provenance.document_hash,44b998c4e55549171ec1cc1abe0637c1132e91a01956c3623d6192fde003388f
P0,EVT-IMCA-2143,International Marine Contractors Association (IMCA),MISSING_SOURCE_ARTIFACT,Record derived from catalog metadata without packaged physical PDF/HTML artifact.,provenance.document_hash,0120263fcd106180fa1d230f5cf09a3ffa7a1edac1fd520f5fe886c2e6c1bf00
P0,EVT-IMCA-2144,International Marine Contractors Association (IMCA),MISSING_SOURCE_ARTIFACT,Record derived from catalog metadata without packaged physical PDF/HTML artifact.,provenance.document_hash,d8d37e5afe156bf09bb9a97001ddc276bde93fd54b78c5ebe0e16d744f0f14f3
P0,EVT-IMCA-2145,International Marine Contractors Association (IMCA),MISSING_SOURCE_ARTIFACT,Record derived from catalog metadata without packaged physical PDF/HTML artifact.,provenance.document_hash,c4fbe0587f90f3e1366116e91d3b66936fb8aa0cc9f1ef71983591f507b10db3
P0,EVT-IMCA-2146,International Marine Contractors Association (IMCA),MISSING_SOURCE_ARTIFACT,Record derived from catalog metadata without packaged physical PDF/HTML artifact.,provenance.document_hash,8f3b1009fe463958f5e91e99b758496a1614cbf5656f98b1ddcf08cd564218b0
P0,EVT-IMCA-2147,International Marine Contractors Association (IMCA),MISSING_SOURCE_ARTIFACT,Record derived from catalog metadata without packaged physical PDF/HTML artifact.,provenance.document_hash,d92d9121936cd69ce5e6449c95bb7148f4142185096cd60a28fbadc3fce513bf
P0,EVT-IMCA-2148,International Marine Contractors Association (IMCA),MISSING_SOURCE_ARTIFACT,Record derived from catalog metadata without packaged physical PDF/HTML artifact.,provenance.document_hash,70dfa97efd0e3ae60bdb3e45665cfb7cef5ac624fb76b9465ed271d04665bd18
P0,EVT-IMCA-2149,International Marine Contractors Association (IMCA),MISSING_SOURCE_ARTIFACT,Record derived from catalog metadata without packaged physical PDF/HTML artifact.,provenance.document_hash,6b795f4529e1c5f79244624eeb751abf3ce44f1641925d2dd946635fa18260be
P0,EVT-IMCA-2150,International Marine Contractors Association (IMCA),MISSING_SOURCE_ARTIFACT,Record derived from catalog metadata without packaged physical PDF/HTML artifact.,provenance.document_hash,513115a787eb5c2333c75e615ef90e905dd6652046e357b59eff54158c43e3a5
P0,EVT-IMCA-2151,International Marine Contractors Association (IMCA),MISSING_SOURCE_ARTIFACT,Record derived from catalog metadata without packaged physical PDF/HTML artifact.,provenance.document_hash,eaf51109603b47602115a82b1d36cc5e2c3465ae07c145e2f729c0e647dd797e
P0,EVT-IMCA-2152,International Marine Contractors Association (IMCA),MISSING_SOURCE_ARTIFACT,Record derived from catalog metadata without packaged physical PDF/HTML artifact.,provenance.document_hash,b0ffb9c0c708a64c6138c056b6d096b1fe3195a6c1e40b4a26dd5c4cb5c5886f
P0,EVT-IMCA-2153,International Marine Contractors Association (IMCA),MISSING_SOURCE_ARTIFACT,Record derived from catalog metadata without packaged physical PDF/HTML artifact.,provenance.document_hash,08f8e010c0036735572a5c5d698d3d6a0ec338fb7ea3972d066e48f2cdf57e68
P0,EVT-IMCA-2154,International Marine Contractors Association (IMCA),MISSING_SOURCE_ARTIFACT,Record derived from catalog metadata without packaged physical PDF/HTML artifact.,provenance.document_hash,3506855cf087ecb54564af131e40e081571efbb96c0905dcde13d6a95ec77543
P0,EVT-IMCA-2155,International Marine Contractors Association (IMCA),MISSING_SOURCE_ARTIFACT,Record derived from catalog metadata without packaged physical PDF/HTML artifact.,provenance.document_hash,8173eba1403d7e261e7b52e7c350267b8dae3b2c08d8a5c12aa425625518d20f
P0,EVT-IMCA-2156,International Marine Contractors Association (IMCA),MISSING_SOURCE_ARTIFACT,Record derived from catalog metadata without packaged physical PDF/HTML artifact.,provenance.document_hash,313375c3d80e52e130c0bbffb63b8a7e7748e046d5b0eadd0bffae793837d8f4
P0,EVT-IMCA-2157,International Marine Contractors Association (IMCA),MISSING_SOURCE_ARTIFACT,Record derived from catalog metadata without packaged physical PDF/HTML artifact.,provenance.document_hash,4bd07ed89bdfb5771ecd3fde17cb22479627c64b9d3ee6d43c3ba64e3e5fb209
P0,EVT-IMCA-2158,International Marine Contractors Association (IMCA),MISSING_SOURCE_ARTIFACT,Record derived from catalog metadata without packaged physical PDF/HTML artifact.,provenance.document_hash,730ae321f574a70ec686a1f3ba62d388f56115280d0873031e8cd47120c61558
P0,EVT-IMCA-2159,International Marine Contractors Association (IMCA),MISSING_SOURCE_ARTIFACT,Record derived from catalog metadata without packaged physical PDF/HTML artifact.,provenance.document_hash,c96c45ddae35bdca0ec0111fc0547e31a7a11c1a39bab15dedafb56579a79f3b
P0,EVT-IMCA-2160,International Marine Contractors Association (IMCA),MISSING_SOURCE_ARTIFACT,Record derived from catalog metadata without packaged physical PDF/HTML artifact.,provenance.document_hash,c3d56dd92da9904d5889821d23574c0a1515141fffd721f2cadca02c662a12a0
P0,EVT-IMCA-2161,International Marine Contractors Association (IMCA),MISSING_SOURCE_ARTIFACT,Record derived from catalog metadata without packaged physical PDF/HTML artifact.,provenance.document_hash,d9f151665a276c720ca4fd1608c0d1cca8a742ecc10cc8069c75571a7bd857db
P0,EVT-IMCA-2162,International Marine Contractors Association (IMCA),MISSING_SOURCE_ARTIFACT,Record derived from catalog metadata without packaged physical PDF/HTML artifact.,provenance.document_hash,aabd2fd6db984c10621b6879ff24c57d561a8626e019e79e40207b229aaadba6
P0,EVT-IMCA-2163,International Marine Contractors Association (IMCA),MISSING_SOURCE_ARTIFACT,Record derived from catalog metadata without packaged physical PDF/HTML artifact.,provenance.document_hash,11c95ed9e362f8bca265911ae508059d97cc3cb1ad917abf1fe0909a8d450911
P0,EVT-IMCA-2164,International Marine Contractors Association (IMCA),MISSING_SOURCE_ARTIFACT,Record derived from catalog metadata without packaged physical PDF/HTML artifact.,provenance.document_hash,43a25b2f8d59fa76bc6e04eabd742cfe187a6f109653fbbdc352b5dec9b0b8b4
P0,EVT-IMCA-2165,International Marine Contractors Association (IMCA),MISSING_SOURCE_ARTIFACT,Record derived from catalog metadata without packaged physical PDF/HTML artifact.,provenance.document_hash,f495f71133970f52b1b9481868a66075615221a3b3ad49c5f3a2dfb6e371bf0d
P0,EVT-IMCA-2166,International Marine Contractors Association (IMCA),MISSING_SOURCE_ARTIFACT,Record derived from catalog metadata without packaged physical PDF/HTML artifact.,provenance.document_hash,baba4c94bb8c1738a9f33fca5a16890d51c5e24a26556725f8dcf2d6a4415c9b
P0,EVT-IMCA-2167,International Marine Contractors Association (IMCA),MISSING_SOURCE_ARTIFACT,Record derived from catalog metadata without packaged physical PDF/HTML artifact.,provenance.document_hash,d8f5349452ae59a1602e7faa924ad4271981b825573ff5ab07e6358ca192fce4
P0,EVT-IMCA-2168,International Marine Contractors Association (IMCA),MISSING_SOURCE_ARTIFACT,Record derived from catalog metadata without packaged physical PDF/HTML artifact.,provenance.document_hash,8fcd30a07466e9b130926c17f6e5a3d5f8f491beaae991edc9f383cbba42e331
P0,EVT-IMCA-2169,International Marine Contractors Association (IMCA),MISSING_SOURCE_ARTIFACT,Record derived from catalog metadata without packaged physical PDF/HTML artifact.,provenance.document_hash,15adb1ff5733008c0f6ca7bbf947eac1b8ee4851cf85c68a24ccb8cb239f4439
P0,EVT-IMCA-2170,International Marine Contractors Association (IMCA),MISSING_SOURCE_ARTIFACT,Record derived from catalog metadata without packaged physical PDF/HTML artifact.,provenance.document_hash,d4c06ac71d8172e579cb19c520857c64ee9308b52997b818e87872daa268fe13
P0,EVT-IMCA-2171,International Marine Contractors Association (IMCA),MISSING_SOURCE_ARTIFACT,Record derived from catalog metadata without packaged physical PDF/HTML artifact.,provenance.document_hash,bed2b1eb40f39a8b47c0f0579fc0fcc548130c40c2e05e37b50713a81242dec6
P0,EVT-IMCA-2172,International Marine Contractors Association (IMCA),MISSING_SOURCE_ARTIFACT,Record derived from catalog metadata without packaged physical PDF/HTML artifact.,provenance.document_hash,6a992e5f2381750d4aa3ee13117477be5d0c3de3472d59991faa9de0b5dd0fe1
P0,EVT-IMCA-2173,International Marine Contractors Association (IMCA),MISSING_SOURCE_ARTIFACT,Record derived from catalog metadata without packaged physical PDF/HTML artifact.,provenance.document_hash,8195c825e9a6047bfc0acdd4c53122d39a5fed14df2e3d75418fcb804f0cd4a6
P0,EVT-IMCA-2174,International Marine Contractors Association (IMCA),MISSING_SOURCE_ARTIFACT,Record derived from catalog metadata without packaged physical PDF/HTML artifact.,provenance.document_hash,d6f18ebae035ccee800440753b7f2dcc7939fa11704ae277445680571cc76b50
P0,EVT-IMCA-2175,International Marine Contractors Association (IMCA),MISSING_SOURCE_ARTIFACT,Record derived from catalog metadata without packaged physical PDF/HTML artifact.,provenance.document_hash,7e42a6f95778dcb16e01a82fffa7804c69e1c403925eab0b7719512caf51cbe7
P0,EVT-IMCA-2176,International Marine Contractors Association (IMCA),MISSING_SOURCE_ARTIFACT,Record derived from catalog metadata without packaged physical PDF/HTML artifact.,provenance.document_hash,109e101f575c4fddbda3dcb9142b1782957e831a3990cb14530655c0cf0dc248
P0,EVT-IMCA-2177,International Marine Contractors Association (IMCA),MISSING_SOURCE_ARTIFACT,Record derived from catalog metadata without packaged physical PDF/HTML artifact.,provenance.document_hash,1d85f1042e1683ec8f52d4d2e983be206606cbdea76b89dbc96816b88d87f5b0
P0,EVT-IMCA-2178,International Marine Contractors Association (IMCA),MISSING_SOURCE_ARTIFACT,Record derived from catalog metadata without packaged physical PDF/HTML artifact.,provenance.document_hash,c213b33b3ef7576e5779fd08b362b6d1e89a877ba8a7ae221d48631b7cc78bc8
P0,EVT-IMCA-2179,International Marine Contractors Association (IMCA),MISSING_SOURCE_ARTIFACT,Record derived from catalog metadata without packaged physical PDF/HTML artifact.,provenance.document_hash,ded322db0f31f788a2c9d82fc3f1b390a1c1a21aba431713b0f616ab3f629c92
P0,EVT-IMCA-2180,International Marine Contractors Association (IMCA),MISSING_SOURCE_ARTIFACT,Record derived from catalog metadata without packaged physical PDF/HTML artifact.,provenance.document_hash,b6ca1ca2cb2cd0955ff2a1add8808d07ccdbc6837fe003942eca07bbc5579623
P0,EVT-IMCA-2181,International Marine Contractors Association (IMCA),MISSING_SOURCE_ARTIFACT,Record derived from catalog metadata without packaged physical PDF/HTML artifact.,provenance.document_hash,73b6d1f3b7d6f54c294346373c9268fd2187317977974d5a4cd837d49658342b
P0,EVT-IMCA-2182,International Marine Contractors Association (IMCA),MISSING_SOURCE_ARTIFACT,Record derived from catalog metadata without packaged physical PDF/HTML artifact.,provenance.document_hash,b4e71ee9d92187dc369bbc48d7cf9ded7010968db814414aa7723a648a392c41
P0,EVT-IMCA-2183,International Marine Contractors Association (IMCA),MISSING_SOURCE_ARTIFACT,Record derived from catalog metadata without packaged physical PDF/HTML artifact.,provenance.document_hash,efc5f0d79d3ddc0565a22fb09e830b750195a0b31d1a58f2c3a82e2e97b4fb96
P0,EVT-IMCA-2184,International Marine Contractors Association (IMCA),MISSING_SOURCE_ARTIFACT,Record derived from catalog metadata without packaged physical PDF/HTML artifact.,provenance.document_hash,552e4a83b7539c59a541796b89b242e6ea12b578e967979fecf12865f3e0d238
P0,EVT-IMCA-2185,International Marine Contractors Association (IMCA),MISSING_SOURCE_ARTIFACT,Record derived from catalog metadata without packaged physical PDF/HTML artifact.,provenance.document_hash,b65ed9e229bccfcf2b2f28d3da93bb1eef920ac5c7d40ada54e3c2b73ae26f1a
P0,EVT-IMCA-2186,International Marine Contractors Association (IMCA),MISSING_SOURCE_ARTIFACT,Record derived from catalog metadata without packaged physical PDF/HTML artifact.,provenance.document_hash,6b738400c4309794e8ca3f562053761916acdb6cb8319ce470ea84dd197e91dd
P0,EVT-IMCA-2187,International Marine Contractors Association (IMCA),MISSING_SOURCE_ARTIFACT,Record derived from catalog metadata without packaged physical PDF/HTML artifact.,provenance.document_hash,836c3a02a79d7d8c28a8aa783ad76cafd0684ae8381a7a2366cec73e5d23db21
P0,EVT-IMCA-2188,International Marine Contractors Association (IMCA),MISSING_SOURCE_ARTIFACT,Record derived from catalog metadata without packaged physical PDF/HTML artifact.,provenance.document_hash,a731c86614860b3dfd2dcd2d46369ef9ef01f7ad105ce96c3b9c88160d705be7
P0,EVT-IMCA-2189,International Marine Contractors Association (IMCA),MISSING_SOURCE_ARTIFACT,Record derived from catalog metadata without packaged physical PDF/HTML artifact.,provenance.document_hash,a45b4b2cf3c19e346815be72361b70e44ff4753e757e871e513c326b801337cb
P0,EVT-IMCA-2190,International Marine Contractors Association (IMCA),MISSING_SOURCE_ARTIFACT,Record derived from catalog metadata without packaged physical PDF/HTML artifact.,provenance.document_hash,2e9f13724bde7e33740749f70abbfcc5039248e183d8b098890509062ef5438a
P0,EVT-IMCA-2191,International Marine Contractors Association (IMCA),MISSING_SOURCE_ARTIFACT,Record derived from catalog metadata without packaged physical PDF/HTML artifact.,provenance.document_hash,26b323af523418824149f9b95c240dc5727e77f1812ec8c0249c98d865cd7cbf
P0,EVT-IMCA-2192,International Marine Contractors Association (IMCA),MISSING_SOURCE_ARTIFACT,Record derived from catalog metadata without packaged physical PDF/HTML artifact.,provenance.document_hash,524a2ce72c66573f6c004cc37c1810495cb7ce8f039ab8bf8a75262073682232
P0,EVT-IMCA-2193,International Marine Contractors Association (IMCA),MISSING_SOURCE_ARTIFACT,Record derived from catalog metadata without packaged physical PDF/HTML artifact.,provenance.document_hash,2807f59dcc6a7f3eced89d634c1da58bfc532daf7581698bee6b8c036055bfea
P0,EVT-IMCA-2194,International Marine Contractors Association (IMCA),MISSING_SOURCE_ARTIFACT,Record derived from catalog metadata without packaged physical PDF/HTML artifact.,provenance.document_hash,411483f967f1e4bad50d4f89f4b1758e516673a62624bd1641e3d83f4382d274
P0,EVT-IMCA-2195,International Marine Contractors Association (IMCA),MISSING_SOURCE_ARTIFACT,Record derived from catalog metadata without packaged physical PDF/HTML artifact.,provenance.document_hash,e78b508efec332831b2c295fd66404f0fc8651d87e9f908171379e89ff7846e8
P0,EVT-IMCA-2196,International Marine Contractors Association (IMCA),MISSING_SOURCE_ARTIFACT,Record derived from catalog metadata without packaged physical PDF/HTML artifact.,provenance.document_hash,c55e61d9eb9fe076b65b8173ef4c930697e558eff76b0ab725d4ca105126f3e4
P0,EVT-IMCA-2197,International Marine Contractors Association (IMCA),MISSING_SOURCE_ARTIFACT,Record derived from catalog metadata without packaged physical PDF/HTML artifact.,provenance.document_hash,47ada1ab03ac6b26e73e5ef8ab17a297ca89c9c99bd1d81ec43924247e6b59db
P0,EVT-IMCA-2198,International Marine Contractors Association (IMCA),MISSING_SOURCE_ARTIFACT,Record derived from catalog metadata without packaged physical PDF/HTML artifact.,provenance.document_hash,3d4f037eb244764357588ee360636543ee609044fb80c165c193cc186d6ec560
P0,EVT-IMCA-2199,International Marine Contractors Association (IMCA),MISSING_SOURCE_ARTIFACT,Record derived from catalog metadata without packaged physical PDF/HTML artifact.,provenance.document_hash,e4f455de750feb138f24c77eac55762036b97873d3053baba189e30c059b2d48
P0,EVT-IMCA-2200,International Marine Contractors Association (IMCA),MISSING_SOURCE_ARTIFACT,Record derived from catalog metadata without packaged physical PDF/HTML artifact.,provenance.document_hash,d056adc4ee6923c6612ec3717451ba0bda68b6015431ae7c46e4b8392b33de53
P0,EVT-IMCA-2201,International Marine Contractors Association (IMCA),MISSING_SOURCE_ARTIFACT,Record derived from catalog metadata without packaged physical PDF/HTML artifact.,provenance.document_hash,cd69fc350179f7e3a5f437d083f25e9cf1b374973cdef256567e37b665a1eaf0
P0,EVT-IMCA-2202,International Marine Contractors Association (IMCA),MISSING_SOURCE_ARTIFACT,Record derived from catalog metadata without packaged physical PDF/HTML artifact.,provenance.document_hash,58d4b400c9487c9008aa8c2523149fce70873a905bc7b675acfe84d7e593f0bb
P0,EVT-IMCA-2203,International Marine Contractors Association (IMCA),MISSING_SOURCE_ARTIFACT,Record derived from catalog metadata without packaged physical PDF/HTML artifact.,provenance.document_hash,c15eaaf6a184981332e6fd345d5b11abdf1922690db857b9ff318b4673b942c0
P0,EVT-IMCA-2204,International Marine Contractors Association (IMCA),MISSING_SOURCE_ARTIFACT,Record derived from catalog metadata without packaged physical PDF/HTML artifact.,provenance.document_hash,a1ba2b50fcaad43c77a463f35e51fb8a63a0947f7ab922a8e89e05c9e0041486
P0,EVT-IMCA-2205,International Marine Contractors Association (IMCA),MISSING_SOURCE_ARTIFACT,Record derived from catalog metadata without packaged physical PDF/HTML artifact.,provenance.document_hash,43dda3c54ad82adc8cd8b31bf20ab2d60f6494f45013b1a63957d39e8fe5e2e5
P0,EVT-IMCA-2206,International Marine Contractors Association (IMCA),MISSING_SOURCE_ARTIFACT,Record derived from catalog metadata without packaged physical PDF/HTML artifact.,provenance.document_hash,6f8d71363980a456329dec1114f52e9332a42295b60842b37a07a539ee9bb7e2
P0,EVT-IMCA-2207,International Marine Contractors Association (IMCA),MISSING_SOURCE_ARTIFACT,Record derived from catalog metadata without packaged physical PDF/HTML artifact.,provenance.document_hash,4b39a7be80f85b45ae1c6ae8cacfa0343475e942573cfeb1ba81303df2d6bd91
P0,EVT-IMCA-2208,International Marine Contractors Association (IMCA),MISSING_SOURCE_ARTIFACT,Record derived from catalog metadata without packaged physical PDF/HTML artifact.,provenance.document_hash,144efd79cef0ba5f716066555ccae656f07da02efabdca4b10f41c79e23ec176
P0,EVT-IMCA-2209,International Marine Contractors Association (IMCA),MISSING_SOURCE_ARTIFACT,Record derived from catalog metadata without packaged physical PDF/HTML artifact.,provenance.document_hash,f8ae7e892f6f2b85206f2c114155766a23d0b79a4734e9085bc3b50a4cf74700
P0,EVT-IMCA-2210,International Marine Contractors Association (IMCA),MISSING_SOURCE_ARTIFACT,Record derived from catalog metadata without packaged physical PDF/HTML artifact.,provenance.document_hash,7140a7e929ee3e24d684a5d4c854bf4e8873b7fc24e6be50c075aa21535ba58c
P0,EVT-IMCA-2211,International Marine Contractors Association (IMCA),MISSING_SOURCE_ARTIFACT,Record derived from catalog metadata without packaged physical PDF/HTML artifact.,provenance.document_hash,0520308a0eb07eebbc9da8c88289de2bfc419ea524c4547762ad161853aa5a57
P0,EVT-IMCA-2212,International Marine Contractors Association (IMCA),MISSING_SOURCE_ARTIFACT,Record derived from catalog metadata without packaged physical PDF/HTML artifact.,provenance.document_hash,19bda28ed4d8a0af1c67b1833439806b75143f9d32438c50962f22c38b76ef1c
P0,EVT-IMCA-2213,International Marine Contractors Association (IMCA),MISSING_SOURCE_ARTIFACT,Record derived from catalog metadata without packaged physical PDF/HTML artifact.,provenance.document_hash,c7f4052c13c633be23e28b3c712f07b61753fca97f85777299c11c1ce08c60e2
P0,EVT-IMCA-2214,International Marine Contractors Association (IMCA),MISSING_SOURCE_ARTIFACT,Record derived from catalog metadata without packaged physical PDF/HTML artifact.,provenance.document_hash,b999e66426b5d126cea16de300d03e8c9e6bcbbcbdf355df656f132d55644c6a
P0,EVT-IMCA-2215,International Marine Contractors Association (IMCA),MISSING_SOURCE_ARTIFACT,Record derived from catalog metadata without packaged physical PDF/HTML artifact.,provenance.document_hash,d4548be1150a2b041f764d6945a6c4c9d08bcda5070ffc47002106eb6faea08f
P0,EVT-IMCA-2216,International Marine Contractors Association (IMCA),MISSING_SOURCE_ARTIFACT,Record derived from catalog metadata without packaged physical PDF/HTML artifact.,provenance.document_hash,78479c56bab9eb1810d8ece2d7dc26b93a90d4bf4293f9843dbfeca7cbe67449
P0,EVT-IMCA-2217,International Marine Contractors Association (IMCA),MISSING_SOURCE_ARTIFACT,Record derived from catalog metadata without packaged physical PDF/HTML artifact.,provenance.document_hash,6fec845ba7856b4e7f624cd1a232c0ac7b16f0fdfac8e41ee42f3e5d1c500a69
P0,EVT-IMCA-2218,International Marine Contractors Association (IMCA),MISSING_SOURCE_ARTIFACT,Record derived from catalog metadata without packaged physical PDF/HTML artifact.,provenance.document_hash,aa1c1a6365d11a1a6d30ef81b58c0f205f27f61ebb1a8d6d9fdb467b087de20e
P0,EVT-IMCA-2219,International Marine Contractors Association (IMCA),MISSING_SOURCE_ARTIFACT,Record derived from catalog metadata without packaged physical PDF/HTML artifact.,provenance.document_hash,15e1b6d06300c1de0a1b73a5e4c3a19472dd7a4d9b720069410409ffb605bc99
P0,EVT-IMCA-2220,International Marine Contractors Association (IMCA),MISSING_SOURCE_ARTIFACT,Record derived from catalog metadata without packaged physical PDF/HTML artifact.,provenance.document_hash,4acb1e3c8919c1198ff152105f5876bbe3453992945b64392b80f5b905155c70
P0,EVT-IMCA-2221,International Marine Contractors Association (IMCA),MISSING_SOURCE_ARTIFACT,Record derived from catalog metadata without packaged physical PDF/HTML artifact.,provenance.document_hash,6ea0fa2c718f8d37de28aaa7cc770e7cdeb3f1eeaf0dbed7c832a50028533ee8
P0,EVT-IMCA-2222,International Marine Contractors Association (IMCA),MISSING_SOURCE_ARTIFACT,Record derived from catalog metadata without packaged physical PDF/HTML artifact.,provenance.document_hash,630ed1ddce18d8e80c8a276cb68e1b744f0f48424e2ddbcf43d218a4d6fa54d1
P0,EVT-IMCA-2223,International Marine Contractors Association (IMCA),MISSING_SOURCE_ARTIFACT,Record derived from catalog metadata without packaged physical PDF/HTML artifact.,provenance.document_hash,7012e59ffa0cf76005dd6d96428096ccaabe514e0ab42a7fe839a8f612534c50
P0,EVT-IMCA-2224,International Marine Contractors Association (IMCA),MISSING_SOURCE_ARTIFACT,Record derived from catalog metadata without packaged physical PDF/HTML artifact.,provenance.document_hash,1d15b2ef4e39d1176b58f5ab988f03a5cce6b0b954fc9254243e0391e1b3ca74
P0,EVT-IMCA-2225,International Marine Contractors Association (IMCA),MISSING_SOURCE_ARTIFACT,Record derived from catalog metadata without packaged physical PDF/HTML artifact.,provenance.document_hash,6e0b72dc200b0ba0cad2eb7063d267c2aa7804ed9c404833273070f72f2186d1
P0,EVT-IMCA-2226,International Marine Contractors Association (IMCA),MISSING_SOURCE_ARTIFACT,Record derived from catalog metadata without packaged physical PDF/HTML artifact.,provenance.document_hash,6367f7f14b6a8cf837913dd31da9f92ae5ea731ed88ebf65aa33b39a4f6c5edf
P0,EVT-IMCA-2227,International Marine Contractors Association (IMCA),MISSING_SOURCE_ARTIFACT,Record derived from catalog metadata without packaged physical PDF/HTML artifact.,provenance.document_hash,a2e294bdad9d3b273f5376e9b598f053c6f2be20d61c011ce8c6d8dc46c4a30e
P0,EVT-IMCA-2228,International Marine Contractors Association (IMCA),MISSING_SOURCE_ARTIFACT,Record derived from catalog metadata without packaged physical PDF/HTML artifact.,provenance.document_hash,b4756de8f75e5dc98ebccd425ad4915d76564714ced216c8c38e6d1358e563ea
P0,EVT-IMCA-2229,International Marine Contractors Association (IMCA),MISSING_SOURCE_ARTIFACT,Record derived from catalog metadata without packaged physical PDF/HTML artifact.,provenance.document_hash,dd806518884f6e74da68f397dee627267bc7c89ab38c7a894a998787d6cc92af
P0,EVT-IMCA-2230,International Marine Contractors Association (IMCA),MISSING_SOURCE_ARTIFACT,Record derived from catalog metadata without packaged physical PDF/HTML artifact.,provenance.document_hash,09976afa054b7b0ce2954f88bb48015d71c89fb43aaf58d530f27d1627aad1c9
P0,EVT-IMCA-2231,International Marine Contractors Association (IMCA),MISSING_SOURCE_ARTIFACT,Record derived from catalog metadata without packaged physical PDF/HTML artifact.,provenance.document_hash,77bfa54ec8712186895dd8c22eedf7e0f801a95ebe5294387c246402156ad976
P0,EVT-IMCA-2232,International Marine Contractors Association (IMCA),MISSING_SOURCE_ARTIFACT,Record derived from catalog metadata without packaged physical PDF/HTML artifact.,provenance.document_hash,f6c46f919d2caff750ea70e79dac9bb6c829ea33815b0e41aaa3f840f0319abc
P0,EVT-IMCA-2233,International Marine Contractors Association (IMCA),MISSING_SOURCE_ARTIFACT,Record derived from catalog metadata without packaged physical PDF/HTML artifact.,provenance.document_hash,48730d9d7679c7727f48f3404cb69ad863bf1e79b50628a672293015162c6e12
P0,EVT-IMCA-2234,International Marine Contractors Association (IMCA),MISSING_SOURCE_ARTIFACT,Record derived from catalog metadata without packaged physical PDF/HTML artifact.,provenance.document_hash,2a02e25127e71944e6c07eca02cf5c59f5f1c6e41ab848e7b26e53f7edf649d2
P0,EVT-IMCA-2235,International Marine Contractors Association (IMCA),MISSING_SOURCE_ARTIFACT,Record derived from catalog metadata without packaged physical PDF/HTML artifact.,provenance.document_hash,82be8f1623a7faa41611bf7cb9333d3878dd3029f58851149df0bb5fe319a28f
P0,EVT-IMCA-2236,International Marine Contractors Association (IMCA),MISSING_SOURCE_ARTIFACT,Record derived from catalog metadata without packaged physical PDF/HTML artifact.,provenance.document_hash,cb370e1eac3d3267cb0b39eccf8e8454edf24a086c361c6f7e69a87c2a3bf6a4
P0,EVT-IMCA-2237,International Marine Contractors Association (IMCA),MISSING_SOURCE_ARTIFACT,Record derived from catalog metadata without packaged physical PDF/HTML artifact.,provenance.document_hash,3a39d9c2aa6f0feaeb71686a4ca37abe6fda6dec9f75f63a00b962f263eb6e8c
P0,EVT-IMCA-2238,International Marine Contractors Association (IMCA),MISSING_SOURCE_ARTIFACT,Record derived from catalog metadata without packaged physical PDF/HTML artifact.,provenance.document_hash,59f6e0983d8e68274e48bcb11a1dec9831cb59e68d71a1e156444ce44c3ff84c
P0,EVT-IMCA-2239,International Marine Contractors Association (IMCA),MISSING_SOURCE_ARTIFACT,Record derived from catalog metadata without packaged physical PDF/HTML artifact.,provenance.document_hash,f8a505cb56c9121ea3dd5ba6a74fb42d56fd56c6e11637590bfd3ebc1ff7a90b
P0,EVT-IMCA-2240,International Marine Contractors Association (IMCA),MISSING_SOURCE_ARTIFACT,Record derived from catalog metadata without packaged physical PDF/HTML artifact.,provenance.document_hash,a2cafa2a4a4b32b9a0a509ac9850bc81047e9f053467fd072be67c31b2ace7f0
P0,EVT-IMCA-2242,International Marine Contractors Association (IMCA),MISSING_SOURCE_ARTIFACT,Record derived from catalog metadata without packaged physical PDF/HTML artifact.,provenance.document_hash,e6076c5c299bfa66cf25654162fb939946293ddb900620ec601bcbecd09efc5c
P0,EVT-IMCA-2243,International Marine Contractors Association (IMCA),MISSING_SOURCE_ARTIFACT,Record derived from catalog metadata without packaged physical PDF/HTML artifact.,provenance.document_hash,3396adb5ac629aa5f8eb0aa72538294c62e58523b6d34cb68dd35cbb39c0f2ec
P0,EVT-IMCA-2245,International Marine Contractors Association (IMCA),MISSING_SOURCE_ARTIFACT,Record derived from catalog metadata without packaged physical PDF/HTML artifact.,provenance.document_hash,f209b8eaf201660f98d697d09375e5b6ffdc13e0a797010750a649aaa6ced22c
P0,EVT-IMCA-2246,International Marine Contractors Association (IMCA),MISSING_SOURCE_ARTIFACT,Record derived from catalog metadata without packaged physical PDF/HTML artifact.,provenance.document_hash,d8f051edbae40e13a8119661622a9bb81aa3a954527fb32ac2322104ac0b6113
P0,EVT-IMCA-2247,International Marine Contractors Association (IMCA),MISSING_SOURCE_ARTIFACT,Record derived from catalog metadata without packaged physical PDF/HTML artifact.,provenance.document_hash,a7fbac3c7a6b6ec8046187d5a96cc58ebefbb08be6ce180a30713b0a9d4437ac
P0,EVT-IMCA-2248,International Marine Contractors Association (IMCA),MISSING_SOURCE_ARTIFACT,Record derived from catalog metadata without packaged physical PDF/HTML artifact.,provenance.document_hash,2ecd6c5e5cd0707374fea75adc10ec89fb09cefb8ae61cb622941e6b8e494acf
P0,EVT-IMCA-2249,International Marine Contractors Association (IMCA),MISSING_SOURCE_ARTIFACT,Record derived from catalog metadata without packaged physical PDF/HTML artifact.,provenance.document_hash,05a216d4b58b135a08545814c0ec93e9f913e5c7a6bdc274b7ba5d615c8c2f7d
P0,EVT-IMCA-2250,International Marine Contractors Association (IMCA),MISSING_SOURCE_ARTIFACT,Record derived from catalog metadata without packaged physical PDF/HTML artifact.,provenance.document_hash,894b04a1e435a550bae943974f729d75ee34c7230ee87b1da1db73fd8dafe369
P0,EVT-IMCA-2251,International Marine Contractors Association (IMCA),MISSING_SOURCE_ARTIFACT,Record derived from catalog metadata without packaged physical PDF/HTML artifact.,provenance.document_hash,c7cfbc43446e8ff5637a53a808b16dc13adc920071bb9b285811e0e4bc17bf91
P0,EVT-IMCA-2252,International Marine Contractors Association (IMCA),MISSING_SOURCE_ARTIFACT,Record derived from catalog metadata without packaged physical PDF/HTML artifact.,provenance.document_hash,8691171b2efc9e9aa332bb992ff60d3d264499afe250d8a7badc3d16cc768ba6
P0,EVT-IMCA-2253,International Marine Contractors Association (IMCA),MISSING_SOURCE_ARTIFACT,Record derived from catalog metadata without packaged physical PDF/HTML artifact.,provenance.document_hash,bddffb4b8f0de3e2a317f7db3de0292a74d065cb1bfb99c8bf23140e187d3f52
P0,EVT-IMCA-2254,International Marine Contractors Association (IMCA),MISSING_SOURCE_ARTIFACT,Record derived from catalog metadata without packaged physical PDF/HTML artifact.,provenance.document_hash,0479f13914062da1b8cf569cff8afb2f9253c6578792e9614c98f832201283e3
P0,EVT-IMCA-2255,International Marine Contractors Association (IMCA),MISSING_SOURCE_ARTIFACT,Record derived from catalog metadata without packaged physical PDF/HTML artifact.,provenance.document_hash,27db5c288d6c82bb216a65dd2f54582cbc9608522a118a3236161dd4b1bdcca0
P0,EVT-IMCA-2256,International Marine Contractors Association (IMCA),MISSING_SOURCE_ARTIFACT,Record derived from catalog metadata without packaged physical PDF/HTML artifact.,provenance.document_hash,bdadb733ae14c3235a4e0c550e53d2af557be3ce0c1557577cd92c16c8e3b1af
P0,EVT-IMCA-2257,International Marine Contractors Association (IMCA),MISSING_SOURCE_ARTIFACT,Record derived from catalog metadata without packaged physical PDF/HTML artifact.,provenance.document_hash,454cf73388b31a4f7cf48828cac14972c737cb817678598bc6a3f546a43607cf
P0,EVT-IMCA-2258,International Marine Contractors Association (IMCA),MISSING_SOURCE_ARTIFACT,Record derived from catalog metadata without packaged physical PDF/HTML artifact.,provenance.document_hash,77e9be2d47d04a62cba59d3918e47445ec88130c887a351d1a920b1768f47371
P0,EVT-IMCA-2259,International Marine Contractors Association (IMCA),MISSING_SOURCE_ARTIFACT,Record derived from catalog metadata without packaged physical PDF/HTML artifact.,provenance.document_hash,66da7a1e284ffdaf2ab2d32e8e8af9e6a034a2452d37c6e90260f11765cd39ea
P0,EVT-IMCA-2260,International Marine Contractors Association (IMCA),MISSING_SOURCE_ARTIFACT,Record derived from catalog metadata without packaged physical PDF/HTML artifact.,provenance.document_hash,d7e2277a41f03909bcfebd525f9d77149b8418b99c6d6fc45ecf6095390ec578
P0,EVT-IMCA-2261,International Marine Contractors Association (IMCA),MISSING_SOURCE_ARTIFACT,Record derived from catalog metadata without packaged physical PDF/HTML artifact.,provenance.document_hash,2fb4e4b4eb31d6fffc15186a7157059b670f1a57b88ef1548797c9b3c0e47aa4
P0,EVT-IMCA-2262,International Marine Contractors Association (IMCA),MISSING_SOURCE_ARTIFACT,Record derived from catalog metadata without packaged physical PDF/HTML artifact.,provenance.document_hash,b602c84ea14b95207009928feab1138088dcb92d39a61556b404d133aa2b91c1
P0,EVT-IMCA-2263,International Marine Contractors Association (IMCA),MISSING_SOURCE_ARTIFACT,Record derived from catalog metadata without packaged physical PDF/HTML artifact.,provenance.document_hash,37be49381a9a1a78a2b450a4c5865b58061fb4341664fba33a54a08e8ef75e5c
P0,EVT-IMCA-2264,International Marine Contractors Association (IMCA),MISSING_SOURCE_ARTIFACT,Record derived from catalog metadata without packaged physical PDF/HTML artifact.,provenance.document_hash,ced9e5ef15c8b1a7395d25beaf421944490b31ceb56da28028b3237dd1e07c58
P0,EVT-IMCA-2265,International Marine Contractors Association (IMCA),MISSING_SOURCE_ARTIFACT,Record derived from catalog metadata without packaged physical PDF/HTML artifact.,provenance.document_hash,d3946182d5d6623ee32cea70f1f9a309c7a59f1b8ac33766ab4b79b6fb5bdd6e
P0,EVT-IMCA-2266,International Marine Contractors Association (IMCA),MISSING_SOURCE_ARTIFACT,Record derived from catalog metadata without packaged physical PDF/HTML artifact.,provenance.document_hash,81311e7ddd3b3dc6e0f2b12c64bf3834af9f5715b6516b34992ffa78cd383ef6
P0,EVT-IMCA-2267,International Marine Contractors Association (IMCA),MISSING_SOURCE_ARTIFACT,Record derived from catalog metadata without packaged physical PDF/HTML artifact.,provenance.document_hash,b61b002788506b6464f825476bbb50408e0b23587bbe3e6934c57dfe7365b67f
P0,EVT-IMCA-2268,International Marine Contractors Association (IMCA),MISSING_SOURCE_ARTIFACT,Record derived from catalog metadata without packaged physical PDF/HTML artifact.,provenance.document_hash,33eefcb883d9b2fa615f318ac9d3294be37f3958b438f50dfec4f75312ae8d43
P0,EVT-IMCA-2269,International Marine Contractors Association (IMCA),MISSING_SOURCE_ARTIFACT,Record derived from catalog metadata without packaged physical PDF/HTML artifact.,provenance.document_hash,3534d12e1df0b6ead421ca4cec24e83aee2f8235096520b4064f6bb9247a4833
P0,EVT-IMCA-2270,International Marine Contractors Association (IMCA),MISSING_SOURCE_ARTIFACT,Record derived from catalog metadata without packaged physical PDF/HTML artifact.,provenance.document_hash,68f30a724ba079a70199c78c3345a2b4413b44c21506c7e7d7306ff11bd64bbc
P0,EVT-IMCA-2271,International Marine Contractors Association (IMCA),MISSING_SOURCE_ARTIFACT,Record derived from catalog metadata without packaged physical PDF/HTML artifact.,provenance.document_hash,2979fd40b2676154e3742804328c309b832af1a1ba9fa56b92f05bc18f71e5e1
P0,EVT-IMCA-2272,International Marine Contractors Association (IMCA),MISSING_SOURCE_ARTIFACT,Record derived from catalog metadata without packaged physical PDF/HTML artifact.,provenance.document_hash,cc4f4aa8b77238dcdca71a7a258dafe4896edaa28abee8d033af18e332e98f63
P0,EVT-IMCA-2273,International Marine Contractors Association (IMCA),MISSING_SOURCE_ARTIFACT,Record derived from catalog metadata without packaged physical PDF/HTML artifact.,provenance.document_hash,faf7a1fe81d3bdeab454077b5291090ef300f6a194e6ba86a23d5c408f873841
P0,EVT-IMCA-2274,International Marine Contractors Association (IMCA),MISSING_SOURCE_ARTIFACT,Record derived from catalog metadata without packaged physical PDF/HTML artifact.,provenance.document_hash,c4e1006962b310ef59c6a991cdd85096875b6e3f8915367af62200c9877837e7
P0,EVT-IMCA-2275,International Marine Contractors Association (IMCA),MISSING_SOURCE_ARTIFACT,Record derived from catalog metadata without packaged physical PDF/HTML artifact.,provenance.document_hash,2b46f4d2893f368c1bc749e7c5284a28bfa9b4f32dd406617bc016ca6fc58a1f
P0,EVT-IMCA-2276,International Marine Contractors Association (IMCA),MISSING_SOURCE_ARTIFACT,Record derived from catalog metadata without packaged physical PDF/HTML artifact.,provenance.document_hash,910b963127f7013fe69279dd469314bda0d8db404c9684bada34c26c309d097a
P0,EVT-IMCA-2277,International Marine Contractors Association (IMCA),MISSING_SOURCE_ARTIFACT,Record derived from catalog metadata without packaged physical PDF/HTML artifact.,provenance.document_hash,f1e81f78ff70acebfc73c64edaffa00d869480d564c34e1cc3012c9f48ff3d2d
P0,EVT-IMCA-2278,International Marine Contractors Association (IMCA),MISSING_SOURCE_ARTIFACT,Record derived from catalog metadata without packaged physical PDF/HTML artifact.,provenance.document_hash,3326f751143c2c0a96719d0280726f9004137e4e829d7998c434a3603581b5be
P0,EVT-IMCA-2279,International Marine Contractors Association (IMCA),MISSING_SOURCE_ARTIFACT,Record derived from catalog metadata without packaged physical PDF/HTML artifact.,provenance.document_hash,b3199836c7a1cd539682ddb492e8852d12de4a82a333159a0d7f5f8a94d32fbd
P0,EVT-IMCA-2280,International Marine Contractors Association (IMCA),MISSING_SOURCE_ARTIFACT,Record derived from catalog metadata without packaged physical PDF/HTML artifact.,provenance.document_hash,2a5d145badb5755d63ef5db743ce5f4bc38c80ce1748ebb90d2bc5b8d224a21e
P0,EVT-IMCA-2281,International Marine Contractors Association (IMCA),MISSING_SOURCE_ARTIFACT,Record derived from catalog metadata without packaged physical PDF/HTML artifact.,provenance.document_hash,faf3c71a11eb79e312ad6012263407a04f700fd61007d876675d163797534f37
P0,EVT-IMCA-2282,International Marine Contractors Association (IMCA),MISSING_SOURCE_ARTIFACT,Record derived from catalog metadata without packaged physical PDF/HTML artifact.,provenance.document_hash,9552ee6fc538738bdd2fc81c6af36abb31f609fb7646d813a5d3335afa0764aa
P0,EVT-IMCA-2283,International Marine Contractors Association (IMCA),MISSING_SOURCE_ARTIFACT,Record derived from catalog metadata without packaged physical PDF/HTML artifact.,provenance.document_hash,14a90f2705295a8a43779358073b0796dd9778a70fa9c473d5b94ac598321db2
P0,EVT-IMCA-2284,International Marine Contractors Association (IMCA),MISSING_SOURCE_ARTIFACT,Record derived from catalog metadata without packaged physical PDF/HTML artifact.,provenance.document_hash,38851dc17b62c5329231ab93d9fb3c5295c5a428ff3b3fccfba0f4c1ea1f3b4f
P0,EVT-IMCA-2285,International Marine Contractors Association (IMCA),MISSING_SOURCE_ARTIFACT,Record derived from catalog metadata without packaged physical PDF/HTML artifact.,provenance.document_hash,20ed650b8f42bc4f59a61d6992d5d68b1bf2afc675a7b82c9c834edf638e66d5
P0,EVT-IMCA-2286,International Marine Contractors Association (IMCA),MISSING_SOURCE_ARTIFACT,Record derived from catalog metadata without packaged physical PDF/HTML artifact.,provenance.document_hash,4afc18211fe95cff265b438910138816615d982b71222a3b13afb0ba199226a0
P0,EVT-IMCA-2287,International Marine Contractors Association (IMCA),MISSING_SOURCE_ARTIFACT,Record derived from catalog metadata without packaged physical PDF/HTML artifact.,provenance.document_hash,30eeeae840b12269cafbf2ea2d2c419ec182d7a41a3317484555fdf4b7c09e76
P0,EVT-IMCA-2288,International Marine Contractors Association (IMCA),MISSING_SOURCE_ARTIFACT,Record derived from catalog metadata without packaged physical PDF/HTML artifact.,provenance.document_hash,fd1a3d60ece3114e4cb32c69749e6d54a04dfea1f67421576af8a2880a569fae
P0,EVT-IMCA-2289,International Marine Contractors Association (IMCA),MISSING_SOURCE_ARTIFACT,Record derived from catalog metadata without packaged physical PDF/HTML artifact.,provenance.document_hash,fb51ec1bf2a0a4bd145596d3d2c42ba5e2d0ce8341eca87c903dfba247d99ea0
P0,EVT-IMCA-2290,International Marine Contractors Association (IMCA),MISSING_SOURCE_ARTIFACT,Record derived from catalog metadata without packaged physical PDF/HTML artifact.,provenance.document_hash,1e57add2a6199f9fd857ebe37c81336ab606611204ee152b9fad669a173e1a6e
P0,EVT-IMCA-2291,International Marine Contractors Association (IMCA),MISSING_SOURCE_ARTIFACT,Record derived from catalog metadata without packaged physical PDF/HTML artifact.,provenance.document_hash,2a2fdde7129e33f33675e3346633887c93f37d276024528829e4d510fc9aee77
P0,EVT-IMCA-2292,International Marine Contractors Association (IMCA),MISSING_SOURCE_ARTIFACT,Record derived from catalog metadata without packaged physical PDF/HTML artifact.,provenance.document_hash,9ea8bb1f37859b6d2a89573a8e4c372bf49682f119616ddb286726bea68aa297
P0,EVT-IMCA-2293,International Marine Contractors Association (IMCA),MISSING_SOURCE_ARTIFACT,Record derived from catalog metadata without packaged physical PDF/HTML artifact.,provenance.document_hash,72ff6f1901caa2403ac710ee92ed6bed8937fd6d89996ba2d7618e2f1185bca6
P0,EVT-IMCA-2294,International Marine Contractors Association (IMCA),MISSING_SOURCE_ARTIFACT,Record derived from catalog metadata without packaged physical PDF/HTML artifact.,provenance.document_hash,399abf520b7cc08f995dbae6fea54a3c8f65b41cad9daa8913b4c50f351042ec
P0,EVT-IMCA-2295,International Marine Contractors Association (IMCA),MISSING_SOURCE_ARTIFACT,Record derived from catalog metadata without packaged physical PDF/HTML artifact.,provenance.document_hash,cb6a960d9ed4138c985354a441c7e8ba8c2e35223226f5806929299491a82272
P0,EVT-IMCA-2296,International Marine Contractors Association (IMCA),MISSING_SOURCE_ARTIFACT,Record derived from catalog metadata without packaged physical PDF/HTML artifact.,provenance.document_hash,29ca8c29e783b63251b260e47481f796cdfb712a97a5f5335d97b7ba3295f162
P0,EVT-IMCA-2297,International Marine Contractors Association (IMCA),MISSING_SOURCE_ARTIFACT,Record derived from catalog metadata without packaged physical PDF/HTML artifact.,provenance.document_hash,1f8fd9aa2fcc97005e2904ea5f609a7f061dff03aab2f51185b58f72e2c24d69
P0,EVT-IMCA-2298,International Marine Contractors Association (IMCA),MISSING_SOURCE_ARTIFACT,Record derived from catalog metadata without packaged physical PDF/HTML artifact.,provenance.document_hash,f1e388c6dc62b1f2e23b673d9156496e3b5a89927bb13dbf51a9071b0cad077c
P0,EVT-IMCA-2299,International Marine Contractors Association (IMCA),MISSING_SOURCE_ARTIFACT,Record derived from catalog metadata without packaged physical PDF/HTML artifact.,provenance.document_hash,4abec5075238b92880cf130ae8a8f2eea79faf4a2efd3a28a9d7a36c34825f63
P0,EVT-IMCA-2300,International Marine Contractors Association (IMCA),MISSING_SOURCE_ARTIFACT,Record derived from catalog metadata without packaged physical PDF/HTML artifact.,provenance.document_hash,a8d7031a7d6fdb7277598c25fef9df86a2336637190bfaea740a514542ce7255
P0,EVT-IMCA-2301,International Marine Contractors Association (IMCA),MISSING_SOURCE_ARTIFACT,Record derived from catalog metadata without packaged physical PDF/HTML artifact.,provenance.document_hash,dc1b1a67a54ec6205ef1810774a54380b61ed16576317afd006d045d99594d01
P0,EVT-IMCA-2302,International Marine Contractors Association (IMCA),MISSING_SOURCE_ARTIFACT,Record derived from catalog metadata without packaged physical PDF/HTML artifact.,provenance.document_hash,45fc0d3c8b5d1a24b2e283b52de6d89d12a0f3edd678ca863faeb953a3cdc73c
P0,EVT-IMCA-2303,International Marine Contractors Association (IMCA),MISSING_SOURCE_ARTIFACT,Record derived from catalog metadata without packaged physical PDF/HTML artifact.,provenance.document_hash,4940c1dcee79f076fac0966097b396ffbd9a360a670bbd3325964ec230ce7650
P0,EVT-IMCA-2304,International Marine Contractors Association (IMCA),MISSING_SOURCE_ARTIFACT,Record derived from catalog metadata without packaged physical PDF/HTML artifact.,provenance.document_hash,f4f6564c33321210b6dc4a088a9e780f09486fc1f776c485ad1cdcae743009dc
P0,EVT-IMCA-2305,International Marine Contractors Association (IMCA),MISSING_SOURCE_ARTIFACT,Record derived from catalog metadata without packaged physical PDF/HTML artifact.,provenance.document_hash,6806b7e5e170b7d8c69517cd7055f123db3b4c308e2b7341bcf797f52ea1248b
P0,EVT-IMCA-2306,International Marine Contractors Association (IMCA),MISSING_SOURCE_ARTIFACT,Record derived from catalog metadata without packaged physical PDF/HTML artifact.,provenance.document_hash,8f6d1e8e5c5ccfa38b17a1c99b61dad04b0f0388091350e67d019e384255ef1a
P0,EVT-IMCA-2307,International Marine Contractors Association (IMCA),MISSING_SOURCE_ARTIFACT,Record derived from catalog metadata without packaged physical PDF/HTML artifact.,provenance.document_hash,6aa50dbcbeb4154257e19c2faca27a1cd5532083eb8341ab8e3dd0d2f156197a
P0,EVT-IMCA-2309,International Marine Contractors Association (IMCA),MISSING_SOURCE_ARTIFACT,Record derived from catalog metadata without packaged physical PDF/HTML artifact.,provenance.document_hash,d347e42743ea059bb406c47e7ca3e869fc53261737e884f61d2d0dbd660b2f22
P0,EVT-IMCA-2310,International Marine Contractors Association (IMCA),MISSING_SOURCE_ARTIFACT,Record derived from catalog metadata without packaged physical PDF/HTML artifact.,provenance.document_hash,071335f77488cf115f39ff341b2c8695acb8c4eee4b8fce1b2bb6070f4429a45
P0,EVT-IMCA-2311,International Marine Contractors Association (IMCA),MISSING_SOURCE_ARTIFACT,Record derived from catalog metadata without packaged physical PDF/HTML artifact.,provenance.document_hash,ec97921d58aea2da1e22e8f5641f211f89033fb7e21454a40fe8596aee2eb5e7
P0,EVT-IMCA-2312,International Marine Contractors Association (IMCA),MISSING_SOURCE_ARTIFACT,Record derived from catalog metadata without packaged physical PDF/HTML artifact.,provenance.document_hash,1414d8d5b6498a8bced4b0874576da0a0cf8aeddf204ecb5fca2525556d039d8
P0,EVT-IMCA-2313,International Marine Contractors Association (IMCA),MISSING_SOURCE_ARTIFACT,Record derived from catalog metadata without packaged physical PDF/HTML artifact.,provenance.document_hash,c3406c6f74acfe2cb3d20f15f8ad11a88f83ce3b8ad3b9fa490d5253922e463f
P0,EVT-IMCA-2314,International Marine Contractors Association (IMCA),MISSING_SOURCE_ARTIFACT,Record derived from catalog metadata without packaged physical PDF/HTML artifact.,provenance.document_hash,ffcd8ff61b5285f32e10542f3f2253a019952fe2d4909e37dc000f47d8b47291
P0,EVT-IMCA-2315,International Marine Contractors Association (IMCA),MISSING_SOURCE_ARTIFACT,Record derived from catalog metadata without packaged physical PDF/HTML artifact.,provenance.document_hash,16f31391176ea24086a024b743754154d5b2ee771bd21261026d9a6c462908ba
P0,EVT-IMCA-2316,International Marine Contractors Association (IMCA),MISSING_SOURCE_ARTIFACT,Record derived from catalog metadata without packaged physical PDF/HTML artifact.,provenance.document_hash,93f7da87c9a11a65fc2109738fca436319f3b5b4a693b9e8e2795c241a50739f
P0,EVT-IMCA-2317,International Marine Contractors Association (IMCA),MISSING_SOURCE_ARTIFACT,Record derived from catalog metadata without packaged physical PDF/HTML artifact.,provenance.document_hash,dcc8c6c984edf02620eac1be5a354f5c93cb8d28054740ce4dc7a3ad89728992
P0,EVT-IMCA-2318,International Marine Contractors Association (IMCA),MISSING_SOURCE_ARTIFACT,Record derived from catalog metadata without packaged physical PDF/HTML artifact.,provenance.document_hash,8e1986afc77450cd59332cf1fd8742f3c595dfbcb7d741cfae9cfbe16d7147b1
P0,EVT-IMCA-2319,International Marine Contractors Association (IMCA),MISSING_SOURCE_ARTIFACT,Record derived from catalog metadata without packaged physical PDF/HTML artifact.,provenance.document_hash,1b3911ed6b9a585ab31fbdca7f6fcdd7aba372e2c90a01da4f0b2e19987f363a
P0,EVT-IMCA-2320,International Marine Contractors Association (IMCA),MISSING_SOURCE_ARTIFACT,Record derived from catalog metadata without packaged physical PDF/HTML artifact.,provenance.document_hash,b42ade4b084e4dbd67bc2ba680e9719672676c259a32b7869ccfaecbcdcf6958
P0,EVT-IMCA-2321,International Marine Contractors Association (IMCA),MISSING_SOURCE_ARTIFACT,Record derived from catalog metadata without packaged physical PDF/HTML artifact.,provenance.document_hash,f38b168041203df1e9f766e95c89205a093e926e224769764c06514e96b53aab
P0,EVT-IMCA-2322,International Marine Contractors Association (IMCA),MISSING_SOURCE_ARTIFACT,Record derived from catalog metadata without packaged physical PDF/HTML artifact.,provenance.document_hash,ce86f0c07e1e30dad080f2233a00a8609d2685deea40fa5c271471654e51a02b
P0,EVT-IMCA-2323,International Marine Contractors Association (IMCA),MISSING_SOURCE_ARTIFACT,Record derived from catalog metadata without packaged physical PDF/HTML artifact.,provenance.document_hash,34eab981d74cf3538e375a801b4d346f2c9bcfb7af49e7540151285cf2e4f74e
P0,EVT-IMCA-2324,International Marine Contractors Association (IMCA),MISSING_SOURCE_ARTIFACT,Record derived from catalog metadata without packaged physical PDF/HTML artifact.,provenance.document_hash,c3956d4d496aef9970fdbdae9420adb0753c9246ae091520ef19f58316ff2a88
P0,EVT-IMCA-2325,International Marine Contractors Association (IMCA),MISSING_SOURCE_ARTIFACT,Record derived from catalog metadata without packaged physical PDF/HTML artifact.,provenance.document_hash,9f80a094850c206c9a30c85172f1f85996a0c9b84f1aeec60444ba55c226195f
P0,EVT-IMCA-2327,International Marine Contractors Association (IMCA),MISSING_SOURCE_ARTIFACT,Record derived from catalog metadata without packaged physical PDF/HTML artifact.,provenance.document_hash,ea26618198ca098a639959037df35e0b24c2e96d91578a6a7e0309aae1fa8b04
P0,EVT-IMCA-2328,International Marine Contractors Association (IMCA),MISSING_SOURCE_ARTIFACT,Record derived from catalog metadata without packaged physical PDF/HTML artifact.,provenance.document_hash,0bcb0f04de3c9a93e996ca7bd179f37c15a0e7e37de2456689798b30e81f339d
P0,EVT-IMCA-2329,International Marine Contractors Association (IMCA),MISSING_SOURCE_ARTIFACT,Record derived from catalog metadata without packaged physical PDF/HTML artifact.,provenance.document_hash,3c3a65dd453d94fa92a3dd66a2b45a332a4f6f24dfc5ef0125e73ef10ca8b953
P0,EVT-IMCA-2330,International Marine Contractors Association (IMCA),MISSING_SOURCE_ARTIFACT,Record derived from catalog metadata without packaged physical PDF/HTML artifact.,provenance.document_hash,fded37166b2bb57079e7aacf9162c0005bd91be3399cdbcfb9ce852693138b9f
P0,EVT-IMCA-2331,International Marine Contractors Association (IMCA),MISSING_SOURCE_ARTIFACT,Record derived from catalog metadata without packaged physical PDF/HTML artifact.,provenance.document_hash,49bd5021aad59ac59f94e8acc994d43ef4050725e37c1abef34a0f656a82817b
P0,EVT-IMCA-2332,International Marine Contractors Association (IMCA),MISSING_SOURCE_ARTIFACT,Record derived from catalog metadata without packaged physical PDF/HTML artifact.,provenance.document_hash,26a87ab467c8df8c68d427e131697aeba7788d5ffb445410d51885b417708cd3
P0,EVT-IMCA-2333,International Marine Contractors Association (IMCA),MISSING_SOURCE_ARTIFACT,Record derived from catalog metadata without packaged physical PDF/HTML artifact.,provenance.document_hash,b0013f22f12f3cde9c972207bd158671c18bacf635a7ef4b9a6fcd5469707c60
P0,EVT-IMCA-2334,International Marine Contractors Association (IMCA),MISSING_SOURCE_ARTIFACT,Record derived from catalog metadata without packaged physical PDF/HTML artifact.,provenance.document_hash,e61f0cc914ce52a1c14facc752a18e5dabd4f9bcfc6182347fca85cec4772735
P0,EVT-IMCA-2335,International Marine Contractors Association (IMCA),MISSING_SOURCE_ARTIFACT,Record derived from catalog metadata without packaged physical PDF/HTML artifact.,provenance.document_hash,63a8c10a6a0fc43db310fab13bc860dd5b638054b262fef9c9dffad318f67ff3
P0,EVT-IMCA-2336,International Marine Contractors Association (IMCA),MISSING_SOURCE_ARTIFACT,Record derived from catalog metadata without packaged physical PDF/HTML artifact.,provenance.document_hash,6b839aa904f14612febc1e73864351df3cfed0c7970dcc7c27f2467690baf7f8
P0,EVT-IMCA-2337,International Marine Contractors Association (IMCA),MISSING_SOURCE_ARTIFACT,Record derived from catalog metadata without packaged physical PDF/HTML artifact.,provenance.document_hash,ca38abae6474cd8802ea7d887ad3dc026d3ecd984a333ae181c555fdc9b5d42d
P0,EVT-IMCA-2338,International Marine Contractors Association (IMCA),MISSING_SOURCE_ARTIFACT,Record derived from catalog metadata without packaged physical PDF/HTML artifact.,provenance.document_hash,859143456c13549ff2a0596846d82d0f8df4f57dbcb94be9979c1475eecbe4cb
P0,EVT-IMCA-2339,International Marine Contractors Association (IMCA),MISSING_SOURCE_ARTIFACT,Record derived from catalog metadata without packaged physical PDF/HTML artifact.,provenance.document_hash,d16e6b8cfe6c7bcb32f1ac57b1fea4b94b831a88d18fd39c9058d898ddb20a13
P0,EVT-IMCA-2340,International Marine Contractors Association (IMCA),MISSING_SOURCE_ARTIFACT,Record derived from catalog metadata without packaged physical PDF/HTML artifact.,provenance.document_hash,9fad25d38a84e947cc6acaeaba01177795da9b7741ae83eb2403c75ed7bd73b5
P0,EVT-IMCA-2341,International Marine Contractors Association (IMCA),MISSING_SOURCE_ARTIFACT,Record derived from catalog metadata without packaged physical PDF/HTML artifact.,provenance.document_hash,b625f77750bd475003f813ae2d64eea8623297e2656307c5d306f3e62aad6674
P0,EVT-IMCA-2342,International Marine Contractors Association (IMCA),MISSING_SOURCE_ARTIFACT,Record derived from catalog metadata without packaged physical PDF/HTML artifact.,provenance.document_hash,713b9727fe6de2d33ae7e2d16d98566a7952105b10aa154ec606dd57d6d0fbad
P0,EVT-IMCA-2343,International Marine Contractors Association (IMCA),MISSING_SOURCE_ARTIFACT,Record derived from catalog metadata without packaged physical PDF/HTML artifact.,provenance.document_hash,d6043da93b977dd11b0ea0355afb3afd272132401a2602dbcad5ba615ecc810b
P0,EVT-IMCA-2344,International Marine Contractors Association (IMCA),MISSING_SOURCE_ARTIFACT,Record derived from catalog metadata without packaged physical PDF/HTML artifact.,provenance.document_hash,1d1b2f3f61efeecfa375574368594490d6c8c25e94598f1f3487c9fe137730cf
P0,EVT-IMCA-2345,International Marine Contractors Association (IMCA),MISSING_SOURCE_ARTIFACT,Record derived from catalog metadata without packaged physical PDF/HTML artifact.,provenance.document_hash,58304f86595a51c64d42c8a842dbd582181983b1ffb1264fdaa0f0871a60bf97
P0,EVT-IMCA-2346,International Marine Contractors Association (IMCA),MISSING_SOURCE_ARTIFACT,Record derived from catalog metadata without packaged physical PDF/HTML artifact.,provenance.document_hash,39428433d34a2bb7e6285a6d99f5725a3f36c4190eec0a001ed464085a77a8d2
P0,EVT-IMCA-2347,International Marine Contractors Association (IMCA),MISSING_SOURCE_ARTIFACT,Record derived from catalog metadata without packaged physical PDF/HTML artifact.,provenance.document_hash,54aa0f978e6e34d232eb313c4ad87b43006d825898dcc86cfdcc8c79bc821548
P0,EVT-IMCA-2348,International Marine Contractors Association (IMCA),MISSING_SOURCE_ARTIFACT,Record derived from catalog metadata without packaged physical PDF/HTML artifact.,provenance.document_hash,898ae4658c4e2bd3e5db1fff64dec8f8743b1b7c70e51bbd4c35bc2a0f0c10b8
P0,EVT-IMCA-2349,International Marine Contractors Association (IMCA),MISSING_SOURCE_ARTIFACT,Record derived from catalog metadata without packaged physical PDF/HTML artifact.,provenance.document_hash,0c8ab781a75e37c8fbd8b113f2b91cc633e16acc1cb5f3e51e8726e8c1943201
P0,EVT-IMCA-2350,International Marine Contractors Association (IMCA),MISSING_SOURCE_ARTIFACT,Record derived from catalog metadata without packaged physical PDF/HTML artifact.,provenance.document_hash,0cb4fe15f6f12c2ed3bd2416a5a520d915cddd12fabd3e455b4af144695343f6
P0,EVT-IMCA-2351,International Marine Contractors Association (IMCA),MISSING_SOURCE_ARTIFACT,Record derived from catalog metadata without packaged physical PDF/HTML artifact.,provenance.document_hash,af0b88a10217a1a1e6513e5e36df05a791fdd8af2ebce0fd410b9b95913f7f6f
P0,EVT-IMCA-2352,International Marine Contractors Association (IMCA),MISSING_SOURCE_ARTIFACT,Record derived from catalog metadata without packaged physical PDF/HTML artifact.,provenance.document_hash,1ed9b20a2a4a104fd727f8f5087e9ed29435b89a7964fdcdb1190d88923ad914
P0,EVT-IMCA-2353,International Marine Contractors Association (IMCA),MISSING_SOURCE_ARTIFACT,Record derived from catalog metadata without packaged physical PDF/HTML artifact.,provenance.document_hash,6a2c6a5da2d09734b877457a010554aa9523a7b23801c35d7646da21847348ed
P0,EVT-IMCA-2354,International Marine Contractors Association (IMCA),MISSING_SOURCE_ARTIFACT,Record derived from catalog metadata without packaged physical PDF/HTML artifact.,provenance.document_hash,1e0b141a2f094ed111bab72880d97b9fe4f42c8d56b2445b753cc4ac8704631c
P0,EVT-IMCA-2355,International Marine Contractors Association (IMCA),MISSING_SOURCE_ARTIFACT,Record derived from catalog metadata without packaged physical PDF/HTML artifact.,provenance.document_hash,def78e082395a986f977de7c8c93a8344899518f3a8ef87f5ade32fb3db4fb99
P0,EVT-IMCA-2356,International Marine Contractors Association (IMCA),MISSING_SOURCE_ARTIFACT,Record derived from catalog metadata without packaged physical PDF/HTML artifact.,provenance.document_hash,d3d0516c550c8ff0fa89293f707e08bee9ff6439183426e890dd9e00051575f7
P0,EVT-IMCA-2357,International Marine Contractors Association (IMCA),MISSING_SOURCE_ARTIFACT,Record derived from catalog metadata without packaged physical PDF/HTML artifact.,provenance.document_hash,6690a03bfbb546e7415fbdaf091221c13a41454b987af3c4f02569aa9fd917dd
P0,EVT-IMCA-2358,International Marine Contractors Association (IMCA),MISSING_SOURCE_ARTIFACT,Record derived from catalog metadata without packaged physical PDF/HTML artifact.,provenance.document_hash,d5553faa3256034f8e52027eb80c9ffa802abfb2a15418ca83827ae8120dede1
P0,EVT-IMCA-2359,International Marine Contractors Association (IMCA),MISSING_SOURCE_ARTIFACT,Record derived from catalog metadata without packaged physical PDF/HTML artifact.,provenance.document_hash,1100fd77073846f46775ba4dc174c220db399816e4f78b97a266bd23c3138e2c
P0,EVT-IMCA-2360,International Marine Contractors Association (IMCA),MISSING_SOURCE_ARTIFACT,Record derived from catalog metadata without packaged physical PDF/HTML artifact.,provenance.document_hash,8a513dcb7ddadbbe47c2389359b59af77c6cc954d4f0da6799611b65ff4bd98b
P0,EVT-IMCA-2361,International Marine Contractors Association (IMCA),MISSING_SOURCE_ARTIFACT,Record derived from catalog metadata without packaged physical PDF/HTML artifact.,provenance.document_hash,78c11a10543d15ad3d40f44fb1fb1d72c146768000f228befe342581938bad47
P0,EVT-IMCA-2362,International Marine Contractors Association (IMCA),MISSING_SOURCE_ARTIFACT,Record derived from catalog metadata without packaged physical PDF/HTML artifact.,provenance.document_hash,7e9849b9a66141b76b2e2939625ee3671a79e0ebcfb347d69c7bb05540ce3f03
P0,EVT-IMCA-2363,International Marine Contractors Association (IMCA),MISSING_SOURCE_ARTIFACT,Record derived from catalog metadata without packaged physical PDF/HTML artifact.,provenance.document_hash,f98b7b185d70da94c62c27210d038106255b3a4c6494427040bb9ce869543623
P0,EVT-IMCA-2364,International Marine Contractors Association (IMCA),MISSING_SOURCE_ARTIFACT,Record derived from catalog metadata without packaged physical PDF/HTML artifact.,provenance.document_hash,ee3c20b34d30983399335114a474182f12dffbd2b6e4cd56503174b4415ed75a
P0,EVT-IMCA-2365,International Marine Contractors Association (IMCA),MISSING_SOURCE_ARTIFACT,Record derived from catalog metadata without packaged physical PDF/HTML artifact.,provenance.document_hash,f374f06eba734a9a181e027ecce39067f2983e539e435655a53750940ed0b64c
P0,EVT-IMCA-2366,International Marine Contractors Association (IMCA),MISSING_SOURCE_ARTIFACT,Record derived from catalog metadata without packaged physical PDF/HTML artifact.,provenance.document_hash,454253a123ac8761ccd6f0de74d91a826c0c01ddc018936a48d9c837558f194c
P0,EVT-IMCA-2367,International Marine Contractors Association (IMCA),MISSING_SOURCE_ARTIFACT,Record derived from catalog metadata without packaged physical PDF/HTML artifact.,provenance.document_hash,9eb3c30c2a4dbb8d14218b30a5149d552192287d23e5d735724d323236b2e105
P0,EVT-IMCA-2368,International Marine Contractors Association (IMCA),MISSING_SOURCE_ARTIFACT,Record derived from catalog metadata without packaged physical PDF/HTML artifact.,provenance.document_hash,18a662ddedb488ec7302f8eaf262908ea33bd325b03eb9e022afaceb903e1009
P0,EVT-IMCA-2369,International Marine Contractors Association (IMCA),MISSING_SOURCE_ARTIFACT,Record derived from catalog metadata without packaged physical PDF/HTML artifact.,provenance.document_hash,af2f3193231b0be955a28c8339af31c6c3b4a3a8f7a6fe18f7c31977fd3f763d
P0,EVT-IMCA-2370,International Marine Contractors Association (IMCA),MISSING_SOURCE_ARTIFACT,Record derived from catalog metadata without packaged physical PDF/HTML artifact.,provenance.document_hash,9d8345a1abc10ceac47d64244d0f148fb0bfa72735fb51e41d026f9617c573fe
P0,EVT-IMCA-2371,International Marine Contractors Association (IMCA),MISSING_SOURCE_ARTIFACT,Record derived from catalog metadata without packaged physical PDF/HTML artifact.,provenance.document_hash,b827bb2292fa7e268ba498936fa29cedc6cd39d7b095914b24d994e73ae022f2
P0,EVT-IMCA-2372,International Marine Contractors Association (IMCA),MISSING_SOURCE_ARTIFACT,Record derived from catalog metadata without packaged physical PDF/HTML artifact.,provenance.document_hash,d6f8ebb3349d0866c55d2928d02a416629ae7fce360a4550e1b5b1e881049e52
P0,EVT-IMCA-2373,International Marine Contractors Association (IMCA),MISSING_SOURCE_ARTIFACT,Record derived from catalog metadata without packaged physical PDF/HTML artifact.,provenance.document_hash,27eab22d81407c6a0bdcfba868cd0a1c257fe79c90b9c6a55a21473de6b49ce7
P0,EVT-IMCA-2374,International Marine Contractors Association (IMCA),MISSING_SOURCE_ARTIFACT,Record derived from catalog metadata without packaged physical PDF/HTML artifact.,provenance.document_hash,42f5e4ea17afc94994a0226014f58d772827d1fdeb485f8641a9c75278d2fab2
P0,EVT-IMCA-2375,International Marine Contractors Association (IMCA),MISSING_SOURCE_ARTIFACT,Record derived from catalog metadata without packaged physical PDF/HTML artifact.,provenance.document_hash,68b56560daab1bfa0fb3dc15aeccc58a2dde6ae4246dd4a0e807e22fdf2fe0b2
P0,EVT-IMCA-2376,International Marine Contractors Association (IMCA),MISSING_SOURCE_ARTIFACT,Record derived from catalog metadata without packaged physical PDF/HTML artifact.,provenance.document_hash,d51fd8e2568dc1ee9a11fb01051d0fa323f7234917c6c9dbc8132bd51c842a57
P0,EVT-IMCA-2377,International Marine Contractors Association (IMCA),MISSING_SOURCE_ARTIFACT,Record derived from catalog metadata without packaged physical PDF/HTML artifact.,provenance.document_hash,e0e1d3d4454751841612d96ffbe5154fd2f4a5cd295b636736fb12a5fdd03955
P0,EVT-IMCA-2378,International Marine Contractors Association (IMCA),MISSING_SOURCE_ARTIFACT,Record derived from catalog metadata without packaged physical PDF/HTML artifact.,provenance.document_hash,9d245a472ea52f29c97e51835727a184db1b69037cf868d3b0568d7a625bc0ef
P0,EVT-IMCA-2379,International Marine Contractors Association (IMCA),MISSING_SOURCE_ARTIFACT,Record derived from catalog metadata without packaged physical PDF/HTML artifact.,provenance.document_hash,e8f66f4c8e658fe5950c9ffe2fc2451a0fb9a4dad5b4ac77dde1a9c1ff6acd48
P0,EVT-IMCA-2380,International Marine Contractors Association (IMCA),MISSING_SOURCE_ARTIFACT,Record derived from catalog metadata without packaged physical PDF/HTML artifact.,provenance.document_hash,4057e06cfca472e67fa310b82f4d5bdbe0560d951d0266def0e49d7ff147428c
P0,EVT-IMCA-2381,International Marine Contractors Association (IMCA),MISSING_SOURCE_ARTIFACT,Record derived from catalog metadata without packaged physical PDF/HTML artifact.,provenance.document_hash,51548bd4b9579625698eae38e1085214112530fb8b50bc7f9dd9643be97696f7
P0,EVT-IMCA-2382,International Marine Contractors Association (IMCA),MISSING_SOURCE_ARTIFACT,Record derived from catalog metadata without packaged physical PDF/HTML artifact.,provenance.document_hash,fc0d0384412a5d902dcdd9a5e387c527be22d80a177baf4d27cb5cac02412c69
P0,EVT-IMCA-2383,International Marine Contractors Association (IMCA),MISSING_SOURCE_ARTIFACT,Record derived from catalog metadata without packaged physical PDF/HTML artifact.,provenance.document_hash,40d1bec90e567a150a0cf4c1b5f00dbd902f7148102cd746755bb7a904e559a9
P0,EVT-IMCA-2384,International Marine Contractors Association (IMCA),MISSING_SOURCE_ARTIFACT,Record derived from catalog metadata without packaged physical PDF/HTML artifact.,provenance.document_hash,7c8bda7005bfcd543fa806952b5a7cee160b08e6ac801d41054bb0c3a39df5c8
P0,EVT-IMCA-2385,International Marine Contractors Association (IMCA),MISSING_SOURCE_ARTIFACT,Record derived from catalog metadata without packaged physical PDF/HTML artifact.,provenance.document_hash,f4e5d1f707e41aadf9adb780e082871f73dc38944a32a9020b324f697fb8e75a
P0,EVT-IMCA-2386,International Marine Contractors Association (IMCA),MISSING_SOURCE_ARTIFACT,Record derived from catalog metadata without packaged physical PDF/HTML artifact.,provenance.document_hash,cb9e1dd4fc11ee9d97a0b5f08b1f5c05d2acf8c368b10c4ed4a6e7caf5409ec6
P0,EVT-IMCA-2387,International Marine Contractors Association (IMCA),MISSING_SOURCE_ARTIFACT,Record derived from catalog metadata without packaged physical PDF/HTML artifact.,provenance.document_hash,8425c886f76a293465b78590fa2adfcc1e6cfffae8d2fc23e8010355729d464b
P0,EVT-IMCA-2388,International Marine Contractors Association (IMCA),MISSING_SOURCE_ARTIFACT,Record derived from catalog metadata without packaged physical PDF/HTML artifact.,provenance.document_hash,e4122afdf81c2884c9ff24f29c54bde31538cdea27d709ea7bf9c43a2bc1a7c1
P0,EVT-IMCA-2389,International Marine Contractors Association (IMCA),MISSING_SOURCE_ARTIFACT,Record derived from catalog metadata without packaged physical PDF/HTML artifact.,provenance.document_hash,6b340b40a0f6f2ee57cacdb524f3f30db7b9debcadf2ab87ddae50d17083c57a
P0,EVT-IMCA-2390,International Marine Contractors Association (IMCA),MISSING_SOURCE_ARTIFACT,Record derived from catalog metadata without packaged physical PDF/HTML artifact.,provenance.document_hash,b609be4d7f2f0c008ad842a7a748946be93ce940397ac73429bfeb5619b77b82
P0,EVT-IMCA-2391,International Marine Contractors Association (IMCA),MISSING_SOURCE_ARTIFACT,Record derived from catalog metadata without packaged physical PDF/HTML artifact.,provenance.document_hash,8a2d6141008414ac8f3835161fb445e763cc6bb1d9593fb07d61beebd3bc8e0b
P0,EVT-IMCA-2392,International Marine Contractors Association (IMCA),MISSING_SOURCE_ARTIFACT,Record derived from catalog metadata without packaged physical PDF/HTML artifact.,provenance.document_hash,aaa65e5629ee925543a720a660e6325e2746208d5424ed3bbb8d7130ee77749f
P0,EVT-IMCA-2393,International Marine Contractors Association (IMCA),MISSING_SOURCE_ARTIFACT,Record derived from catalog metadata without packaged physical PDF/HTML artifact.,provenance.document_hash,0658f460168c9f832390886a17102b3702b9ef90e4683d6f3dd5c17c5175bccb
P0,EVT-IMCA-2394,International Marine Contractors Association (IMCA),MISSING_SOURCE_ARTIFACT,Record derived from catalog metadata without packaged physical PDF/HTML artifact.,provenance.document_hash,8945e3faf6b9302ea1ebc8308d963b7bff274272b1a80b80932418dece3d93c1
P0,EVT-IMCA-2395,International Marine Contractors Association (IMCA),MISSING_SOURCE_ARTIFACT,Record derived from catalog metadata without packaged physical PDF/HTML artifact.,provenance.document_hash,dfa1574f00921315ef91050c7507669bd510c1b2df794aefee4d93fd0c4ae5a1
P0,EVT-IMCA-2396,International Marine Contractors Association (IMCA),MISSING_SOURCE_ARTIFACT,Record derived from catalog metadata without packaged physical PDF/HTML artifact.,provenance.document_hash,2fd70ddbb1bd40630ab12136aa34c4a6ba4b074b4e8fcbcda99a960d5dfffb46
P0,EVT-IMCA-2397,International Marine Contractors Association (IMCA),MISSING_SOURCE_ARTIFACT,Record derived from catalog metadata without packaged physical PDF/HTML artifact.,provenance.document_hash,ac7f14423e0007afed3caef10b1e7f9dda9cd411974ac9332d030318a460abeb
P0,EVT-IMCA-2398,International Marine Contractors Association (IMCA),MISSING_SOURCE_ARTIFACT,Record derived from catalog metadata without packaged physical PDF/HTML artifact.,provenance.document_hash,89c13282b8ca5723b47f38bb714ab6eb05fbf467d0110f39bc028f366c3a4e21
P0,EVT-IMCA-2399,International Marine Contractors Association (IMCA),MISSING_SOURCE_ARTIFACT,Record derived from catalog metadata without packaged physical PDF/HTML artifact.,provenance.document_hash,d18beb7799e0eed115f72576ef1365a1936c56df846b576f311a0da16070fa33
P0,EVT-IMCA-2400,International Marine Contractors Association (IMCA),MISSING_SOURCE_ARTIFACT,Record derived from catalog metadata without packaged physical PDF/HTML artifact.,provenance.document_hash,c9784546c6e693a8a6c96859aaa76ad634dd441a44faecd90bc7f5aa8450a52c
P0,EVT-IMCA-2401,International Marine Contractors Association (IMCA),MISSING_SOURCE_ARTIFACT,Record derived from catalog metadata without packaged physical PDF/HTML artifact.,provenance.document_hash,7d3b0f7a88dbd8e1a9ae7676d409f647f09e41d4c8742eda96b958cb5c53cdee
P1,EVT-HSE-0001,Health and Safety Executive (UK HSE),SIF_LABEL_AMBIGUITY,Insufficient text evidence to determine SIF potential; marked UNKNOWN.,sif.sif_potential,UNKNOWN
P0,EVT-HSE-0002,Health and Safety Executive (UK HSE),MISSING_SOURCE_ARTIFACT,Record derived from catalog metadata without packaged physical PDF/HTML artifact.,provenance.document_hash,ed7121e6263cb4ed961a5b6e936487a53469fda91b2938f95a344a499c31b779
P1,EVT-HSE-0003,Health and Safety Executive (UK HSE),SIF_LABEL_AMBIGUITY,Insufficient text evidence to determine SIF potential; marked UNKNOWN.,sif.sif_potential,UNKNOWN
P2,EVT-HSE-0004,Health and Safety Executive (UK HSE),BARRIER_ABSENT_IN_TEXT,Narrative lacks explicit mention of physical or engineered barrier status.,barriers,EMPTY
P2,EVT-HSE-0005,Health and Safety Executive (UK HSE),BARRIER_ABSENT_IN_TEXT,Narrative lacks explicit mention of physical or engineered barrier status.,barriers,EMPTY
P1,EVT-HSE-0006,Health and Safety Executive (UK HSE),SIF_LABEL_AMBIGUITY,Insufficient text evidence to determine SIF potential; marked UNKNOWN.,sif.sif_potential,UNKNOWN
P1,EVT-HSE-0007,Health and Safety Executive (UK HSE),SIF_LABEL_AMBIGUITY,Insufficient text evidence to determine SIF potential; marked UNKNOWN.,sif.sif_potential,UNKNOWN
