event_id,source_tier,dataset_tier,source_quality,extraction_quality,label_quality,overall_quality,has_document_sha256,has_energy,has_barriers,sif_label_type
"EVT-BSEE-0001","TIER_A_AUTHORITATIVE","GOLD","HIGH","HIGH","MEDIUM","HIGH","true","true","true","UNKNOWN"
"EVT-BSEE-0002","TIER_A_AUTHORITATIVE","GOLD","HIGH","HIGH","MEDIUM","HIGH","true","true","true","DERIVED"
"EVT-BSEE-0003","TIER_A_AUTHORITATIVE","GOLD","HIGH","HIGH","HIGH","HIGH","true","true","true","EXPLICIT"
"EVT-BSEE-0004","TIER_A_AUTHORITATIVE","GOLD","HIGH","HIGH","MEDIUM","HIGH","true","true","true","DERIVED"
"EVT-BSEE-0005","TIER_A_AUTHORITATIVE","GOLD","HIGH","HIGH","HIGH","HIGH","true","true","true","EXPLICIT"
"EVT-BSEE-0006","TIER_A_AUTHORITATIVE","GOLD","HIGH","HIGH","MEDIUM","HIGH","true","true","true","DERIVED"
"EVT-BSEE-0007","TIER_A_AUTHORITATIVE","GOLD","HIGH","HIGH","MEDIUM","HIGH","true","true","true","DERIVED"
"EVT-BSEE-0008","TIER_A_AUTHORITATIVE","GOLD","HIGH","HIGH","MEDIUM","HIGH","true","true","true","DERIVED"
"EVT-BSEE-0009","TIER_A_AUTHORITATIVE","GOLD","HIGH","HIGH","MEDIUM","HIGH","true","true","true","DERIVED"
"EVT-BSEE-0010","TIER_A_AUTHORITATIVE","GOLD","HIGH","HIGH","MEDIUM","HIGH","true","true","true","DERIVED"
"EVT-BSEE-0011","TIER_A_AUTHORITATIVE","GOLD","HIGH","HIGH","MEDIUM","HIGH","true","true","true","DERIVED"
"EVT-BSEE-0012","TIER_A_AUTHORITATIVE","GOLD","HIGH","HIGH","MEDIUM","HIGH","true","true","true","DERIVED"
"EVT-BSEE-0013","TIER_A_AUTHORITATIVE","GOLD","HIGH","HIGH","MEDIUM","HIGH","true","true","true","DERIVED"
"EVT-BSEE-0014","TIER_A_AUTHORITATIVE","GOLD","HIGH","HIGH","HIGH","HIGH","true","true","true","EXPLICIT"
"EVT-BSEE-0015","TIER_A_AUTHORITATIVE","GOLD","HIGH","HIGH","MEDIUM","HIGH","true","true","true","DERIVED"
"EVT-BSEE-0016","TIER_A_AUTHORITATIVE","GOLD","HIGH","HIGH","MEDIUM","HIGH","true","true","true","DERIVED"
"EVT-BSEE-0017","TIER_A_AUTHORITATIVE","GOLD","HIGH","HIGH","MEDIUM","HIGH","true","true","true","DERIVED"
"EVT-BSEE-0018","TIER_A_AUTHORITATIVE","GOLD","HIGH","HIGH","MEDIUM","HIGH","true","true","true","DERIVED"
"EVT-BSEE-0019","TIER_A_AUTHORITATIVE","GOLD","HIGH","HIGH","MEDIUM","HIGH","true","true","true","UNKNOWN"
"EVT-BSEE-0020","TIER_A_AUTHORITATIVE","GOLD","HIGH","HIGH","MEDIUM","HIGH","true","true","true","DERIVED"
"EVT-BSEE-0021","TIER_A_AUTHORITATIVE","GOLD","HIGH","HIGH","MEDIUM","HIGH","true","true","true","DERIVED"
"EVT-BSEE-0022","TIER_A_AUTHORITATIVE","GOLD","HIGH","HIGH","MEDIUM","HIGH","true","true","true","DERIVED"
"EVT-BSEE-0023","TIER_A_AUTHORITATIVE","GOLD","HIGH","HIGH","MEDIUM","HIGH","true","true","true","DERIVED"
"EVT-BSEE-0024","TIER_A_AUTHORITATIVE","GOLD","HIGH","HIGH","HIGH","HIGH","true","true","true","EXPLICIT"
"EVT-BSEE-0025","TIER_A_AUTHORITATIVE","GOLD","HIGH","HIGH","MEDIUM","HIGH","true","true","true","DERIVED"
"EVT-BSEE-0026","TIER_A_AUTHORITATIVE","GOLD","HIGH","HIGH","MEDIUM","HIGH","true","true","true","DERIVED"
"EVT-BSEE-0027","TIER_A_AUTHORITATIVE","GOLD","HIGH","HIGH","MEDIUM","HIGH","true","true","true","DERIVED"
"EVT-BSEE-0028","TIER_A_AUTHORITATIVE","GOLD","HIGH","HIGH","MEDIUM","HIGH","true","true","true","DERIVED"
"EVT-BSEE-0029","TIER_A_AUTHORITATIVE","BRONZE","HIGH","HIGH","MEDIUM","MEDIUM","true","false","true","UNKNOWN"
"EVT-BSEE-0030","TIER_A_AUTHORITATIVE","GOLD","HIGH","HIGH","MEDIUM","HIGH","true","true","true","DERIVED"
"EVT-BSEE-0031","TIER_A_AUTHORITATIVE","GOLD","HIGH","HIGH","MEDIUM","HIGH","true","true","true","DERIVED"
"EVT-BSEE-0032","TIER_A_AUTHORITATIVE","BRONZE","HIGH","HIGH","MEDIUM","MEDIUM","true","false","true","UNKNOWN"
"EVT-BSEE-0033","TIER_A_AUTHORITATIVE","BRONZE","HIGH","HIGH","MEDIUM","MEDIUM","true","false","true","UNKNOWN"
"EVT-BSEE-0034","TIER_A_AUTHORITATIVE","BRONZE","HIGH","HIGH","MEDIUM","MEDIUM","true","false","true","UNKNOWN"
"EVT-BSEE-0035","TIER_A_AUTHORITATIVE","GOLD","HIGH","HIGH","MEDIUM","HIGH","true","true","true","DERIVED"
"EVT-BSEE-0036","TIER_A_AUTHORITATIVE","BRONZE","HIGH","HIGH","MEDIUM","MEDIUM","true","false","true","UNKNOWN"
"EVT-BSEE-0037","TIER_A_AUTHORITATIVE","GOLD","HIGH","HIGH","HIGH","HIGH","true","true","true","EXPLICIT"
"EVT-BSEE-0038","TIER_A_AUTHORITATIVE","BRONZE","HIGH","HIGH","MEDIUM","MEDIUM","true","false","true","UNKNOWN"
"EVT-BSEE-0039","TIER_A_AUTHORITATIVE","GOLD","HIGH","HIGH","HIGH","HIGH","true","true","true","EXPLICIT"
"EVT-BSEE-0040","TIER_A_AUTHORITATIVE","GOLD","HIGH","HIGH","MEDIUM","HIGH","true","true","true","DERIVED"
"EVT-BSEE-0041","TIER_A_AUTHORITATIVE","GOLD","HIGH","HIGH","MEDIUM","HIGH","true","true","true","DERIVED"
"EVT-BSEE-0042","TIER_A_AUTHORITATIVE","GOLD","HIGH","HIGH","MEDIUM","HIGH","true","true","true","DERIVED"
"EVT-BSEE-0043","TIER_A_AUTHORITATIVE","GOLD","HIGH","HIGH","MEDIUM","HIGH","true","true","true","DERIVED"
"EVT-BSEE-0044","TIER_A_AUTHORITATIVE","GOLD","HIGH","HIGH","MEDIUM","HIGH","true","true","true","DERIVED"
"EVT-BSEE-0045","TIER_A_AUTHORITATIVE","GOLD","HIGH","HIGH","MEDIUM","HIGH","true","true","true","DERIVED"
"EVT-BSEE-0046","TIER_A_AUTHORITATIVE","GOLD","HIGH","HIGH","MEDIUM","HIGH","true","true","true","DERIVED"
"EVT-BSEE-0047","TIER_A_AUTHORITATIVE","GOLD","HIGH","HIGH","MEDIUM","HIGH","true","true","true","DERIVED"
"EVT-BSEE-0048","TIER_A_AUTHORITATIVE","GOLD","HIGH","HIGH","MEDIUM","HIGH","true","true","true","DERIVED"
"EVT-BSEE-0049","TIER_A_AUTHORITATIVE","GOLD","HIGH","HIGH","MEDIUM","HIGH","true","true","true","DERIVED"
"EVT-BSEE-0050","TIER_A_AUTHORITATIVE","GOLD","HIGH","HIGH","MEDIUM","HIGH","true","true","true","DERIVED"
"EVT-BSEE-0051","TIER_A_AUTHORITATIVE","GOLD","HIGH","HIGH","MEDIUM","HIGH","true","true","true","DERIVED"
"EVT-BSEE-0052","TIER_A_AUTHORITATIVE","BRONZE","HIGH","HIGH","MEDIUM","MEDIUM","true","false","true","UNKNOWN"
"EVT-BSEE-0053","TIER_A_AUTHORITATIVE","GOLD","HIGH","HIGH","MEDIUM","HIGH","true","true","true","DERIVED"
"EVT-BSEE-0054","TIER_A_AUTHORITATIVE","GOLD","HIGH","HIGH","MEDIUM","HIGH","true","true","true","DERIVED"
"EVT-BSEE-0055","TIER_A_AUTHORITATIVE","GOLD","HIGH","HIGH","MEDIUM","HIGH","true","true","true","DERIVED"
"EVT-BSEE-0056","TIER_A_AUTHORITATIVE","GOLD","HIGH","HIGH","MEDIUM","HIGH","true","true","true","DERIVED"
"EVT-BSEE-0057","TIER_A_AUTHORITATIVE","GOLD","HIGH","HIGH","HIGH","HIGH","true","true","true","EXPLICIT"
"EVT-BSEE-0058","TIER_A_AUTHORITATIVE","GOLD","HIGH","HIGH","HIGH","HIGH","true","true","true","EXPLICIT"
"EVT-BSEE-0059","TIER_A_AUTHORITATIVE","GOLD","HIGH","HIGH","HIGH","HIGH","true","true","true","EXPLICIT"
"EVT-BSEE-0060","TIER_A_AUTHORITATIVE","GOLD","HIGH","HIGH","MEDIUM","HIGH","true","true","true","DERIVED"
"EVT-BSEE-0061","TIER_A_AUTHORITATIVE","GOLD","HIGH","HIGH","MEDIUM","HIGH","true","true","true","DERIVED"
"EVT-BSEE-0062","TIER_A_AUTHORITATIVE","GOLD","HIGH","HIGH","MEDIUM","HIGH","true","true","true","DERIVED"
"EVT-BSEE-0063","TIER_A_AUTHORITATIVE","GOLD","HIGH","HIGH","MEDIUM","HIGH","true","true","true","DERIVED"
"EVT-BSEE-0064","TIER_A_AUTHORITATIVE","GOLD","HIGH","HIGH","MEDIUM","HIGH","true","true","true","DERIVED"
"EVT-BSEE-0065","TIER_A_AUTHORITATIVE","GOLD","HIGH","HIGH","MEDIUM","HIGH","true","true","true","DERIVED"
"EVT-BSEE-0066","TIER_A_AUTHORITATIVE","GOLD","HIGH","HIGH","MEDIUM","HIGH","true","true","true","DERIVED"
"EVT-BSEE-0067","TIER_A_AUTHORITATIVE","GOLD","HIGH","HIGH","HIGH","HIGH","true","true","true","EXPLICIT"
"EVT-BSEE-0068","TIER_A_AUTHORITATIVE","GOLD","HIGH","HIGH","MEDIUM","HIGH","true","true","true","DERIVED"
"EVT-BSEE-0069","TIER_A_AUTHORITATIVE","GOLD","HIGH","HIGH","MEDIUM","HIGH","true","true","true","DERIVED"
"EVT-BSEE-0070","TIER_A_AUTHORITATIVE","GOLD","HIGH","HIGH","HIGH","HIGH","true","true","true","EXPLICIT"
"EVT-BSEE-0071","TIER_A_AUTHORITATIVE","GOLD","HIGH","HIGH","MEDIUM","HIGH","true","true","true","DERIVED"
"EVT-BSEE-0072","TIER_A_AUTHORITATIVE","GOLD","HIGH","HIGH","MEDIUM","HIGH","true","true","true","DERIVED"
"EVT-BSEE-0073","TIER_A_AUTHORITATIVE","GOLD","HIGH","HIGH","MEDIUM","HIGH","true","true","true","DERIVED"
"EVT-BSEE-0074","TIER_A_AUTHORITATIVE","GOLD","HIGH","HIGH","MEDIUM","HIGH","true","true","true","DERIVED"
"EVT-BSEE-0075","TIER_A_AUTHORITATIVE","GOLD","HIGH","HIGH","MEDIUM","HIGH","true","true","true","DERIVED"
"EVT-BSEE-0076","TIER_A_AUTHORITATIVE","GOLD","HIGH","HIGH","MEDIUM","HIGH","true","true","true","DERIVED"
"EVT-BSEE-0077","TIER_A_AUTHORITATIVE","GOLD","HIGH","HIGH","MEDIUM","HIGH","true","true","true","DERIVED"
"EVT-BSEE-0078","TIER_A_AUTHORITATIVE","GOLD","HIGH","HIGH","HIGH","HIGH","true","true","true","EXPLICIT"
"EVT-BSEE-0079","TIER_A_AUTHORITATIVE","GOLD","HIGH","HIGH","MEDIUM","HIGH","true","true","true","DERIVED"
"EVT-BSEE-0080","TIER_A_AUTHORITATIVE","GOLD","HIGH","HIGH","HIGH","HIGH","true","true","true","EXPLICIT"
"EVT-BSEE-0081","TIER_A_AUTHORITATIVE","GOLD","HIGH","HIGH","MEDIUM","HIGH","true","true","true","DERIVED"
"EVT-BSEE-0082","TIER_A_AUTHORITATIVE","GOLD","HIGH","HIGH","MEDIUM","HIGH","true","true","true","DERIVED"
"EVT-BSEE-0083","TIER_A_AUTHORITATIVE","BRONZE","HIGH","HIGH","MEDIUM","MEDIUM","true","false","true","UNKNOWN"
"EVT-BSEE-0084","TIER_A_AUTHORITATIVE","GOLD","HIGH","HIGH","MEDIUM","HIGH","true","true","true","DERIVED"
"EVT-BSEE-0085","TIER_A_AUTHORITATIVE","GOLD","HIGH","HIGH","HIGH","HIGH","true","true","true","EXPLICIT"
"EVT-BSEE-0086","TIER_A_AUTHORITATIVE","SILVER","HIGH","HIGH","MEDIUM","HIGH","true","true","false","DERIVED"
"EVT-BSEE-0087","TIER_A_AUTHORITATIVE","GOLD","HIGH","HIGH","MEDIUM","HIGH","true","true","true","DERIVED"
"EVT-BSEE-0088","TIER_A_AUTHORITATIVE","GOLD","HIGH","HIGH","MEDIUM","HIGH","true","true","true","DERIVED"
"EVT-BSEE-0089","TIER_A_AUTHORITATIVE","GOLD","HIGH","HIGH","MEDIUM","HIGH","true","true","true","DERIVED"
"EVT-BSEE-0090","TIER_A_AUTHORITATIVE","GOLD","HIGH","HIGH","MEDIUM","HIGH","true","true","true","DERIVED"
"EVT-BSEE-0091","TIER_A_AUTHORITATIVE","GOLD","HIGH","HIGH","HIGH","HIGH","true","true","true","EXPLICIT"
"EVT-BSEE-0092","TIER_A_AUTHORITATIVE","GOLD","HIGH","HIGH","MEDIUM","HIGH","true","true","true","DERIVED"
"EVT-BSEE-0093","TIER_A_AUTHORITATIVE","GOLD","HIGH","HIGH","HIGH","HIGH","true","true","true","EXPLICIT"
"EVT-BSEE-0094","TIER_A_AUTHORITATIVE","GOLD","HIGH","HIGH","MEDIUM","HIGH","true","true","true","DERIVED"
"EVT-BSEE-0095","TIER_A_AUTHORITATIVE","GOLD","HIGH","HIGH","HIGH","HIGH","true","true","true","EXPLICIT"
"EVT-BSEE-0096","TIER_A_AUTHORITATIVE","BRONZE","HIGH","HIGH","MEDIUM","MEDIUM","true","false","true","UNKNOWN"
"EVT-BSEE-0097","TIER_A_AUTHORITATIVE","GOLD","HIGH","HIGH","MEDIUM","HIGH","true","true","true","DERIVED"
"EVT-BSEE-0098","TIER_A_AUTHORITATIVE","GOLD","HIGH","HIGH","MEDIUM","HIGH","true","true","true","DERIVED"
"EVT-BSEE-0099","TIER_A_AUTHORITATIVE","GOLD","HIGH","HIGH","MEDIUM","HIGH","true","true","true","DERIVED"
"EVT-BSEE-0100","TIER_A_AUTHORITATIVE","GOLD","HIGH","HIGH","MEDIUM","HIGH","true","true","true","DERIVED"
"EVT-BSEE-0101","TIER_A_AUTHORITATIVE","GOLD","HIGH","HIGH","MEDIUM","HIGH","true","true","true","DERIVED"
"EVT-BSEE-0102","TIER_A_AUTHORITATIVE","GOLD","HIGH","HIGH","MEDIUM","HIGH","true","true","true","DERIVED"
"EVT-BSEE-0103","TIER_A_AUTHORITATIVE","SILVER","HIGH","HIGH","MEDIUM","HIGH","true","true","false","DERIVED"
"EVT-BSEE-0104","TIER_A_AUTHORITATIVE","GOLD","HIGH","HIGH","MEDIUM","HIGH","true","true","true","UNKNOWN"
"EVT-BSEE-0105","TIER_A_AUTHORITATIVE","GOLD","HIGH","HIGH","MEDIUM","HIGH","true","true","true","DERIVED"
"EVT-BSEE-0106","TIER_A_AUTHORITATIVE","GOLD","HIGH","HIGH","MEDIUM","HIGH","true","true","true","DERIVED"
"EVT-BSEE-0107","TIER_A_AUTHORITATIVE","GOLD","HIGH","HIGH","MEDIUM","HIGH","true","true","true","DERIVED"
"EVT-BSEE-0108","TIER_A_AUTHORITATIVE","GOLD","HIGH","HIGH","MEDIUM","HIGH","true","true","true","DERIVED"
"EVT-BSEE-0109","TIER_A_AUTHORITATIVE","GOLD","HIGH","HIGH","MEDIUM","HIGH","true","true","true","DERIVED"
"EVT-BSEE-0110","TIER_A_AUTHORITATIVE","BRONZE","HIGH","HIGH","MEDIUM","MEDIUM","true","false","true","UNKNOWN"
"EVT-BSEE-0111","TIER_A_AUTHORITATIVE","GOLD","HIGH","HIGH","MEDIUM","HIGH","true","true","true","DERIVED"
"EVT-BSEE-0112","TIER_A_AUTHORITATIVE","GOLD","HIGH","HIGH","MEDIUM","HIGH","true","true","true","DERIVED"
"EVT-BSEE-0113","TIER_A_AUTHORITATIVE","GOLD","HIGH","HIGH","HIGH","HIGH","true","true","true","EXPLICIT"
"EVT-BSEE-0114","TIER_A_AUTHORITATIVE","GOLD","HIGH","HIGH","MEDIUM","HIGH","true","true","true","DERIVED"
"EVT-BSEE-0115","TIER_A_AUTHORITATIVE","GOLD","HIGH","HIGH","MEDIUM","HIGH","true","true","true","DERIVED"
"EVT-BSEE-0116","TIER_A_AUTHORITATIVE","BRONZE","HIGH","HIGH","MEDIUM","MEDIUM","true","false","true","UNKNOWN"
"EVT-BSEE-0117","TIER_A_AUTHORITATIVE","BRONZE","HIGH","HIGH","MEDIUM","MEDIUM","true","false","true","UNKNOWN"
"EVT-BSEE-0118","TIER_A_AUTHORITATIVE","GOLD","HIGH","HIGH","MEDIUM","HIGH","true","true","true","DERIVED"
"EVT-BSEE-0119","TIER_A_AUTHORITATIVE","BRONZE","HIGH","HIGH","MEDIUM","MEDIUM","true","false","true","UNKNOWN"
"EVT-BSEE-0120","TIER_A_AUTHORITATIVE","GOLD","HIGH","HIGH","MEDIUM","HIGH","true","true","true","DERIVED"
"EVT-BSEE-0121","TIER_A_AUTHORITATIVE","GOLD","HIGH","HIGH","HIGH","HIGH","true","true","true","EXPLICIT"
"EVT-BSEE-0122","TIER_A_AUTHORITATIVE","BRONZE","HIGH","HIGH","MEDIUM","MEDIUM","true","true","false","DERIVED"
"EVT-BSEE-0123","TIER_A_AUTHORITATIVE","GOLD","HIGH","HIGH","MEDIUM","HIGH","true","true","true","DERIVED"
"EVT-BSEE-0124","TIER_A_AUTHORITATIVE","GOLD","HIGH","HIGH","HIGH","HIGH","true","true","true","EXPLICIT"
"EVT-BSEE-0125","TIER_A_AUTHORITATIVE","BRONZE","HIGH","HIGH","MEDIUM","MEDIUM","true","false","true","UNKNOWN"
"EVT-BSEE-0126","TIER_A_AUTHORITATIVE","GOLD","HIGH","HIGH","MEDIUM","HIGH","true","true","true","DERIVED"
"EVT-BSEE-0127","TIER_A_AUTHORITATIVE","GOLD","HIGH","HIGH","MEDIUM","HIGH","true","true","true","DERIVED"
"EVT-BSEE-0128","TIER_A_AUTHORITATIVE","GOLD","HIGH","HIGH","HIGH","HIGH","true","true","true","EXPLICIT"
"EVT-BSEE-0129","TIER_A_AUTHORITATIVE","GOLD","HIGH","HIGH","MEDIUM","HIGH","true","true","true","DERIVED"
"EVT-BSEE-0130","TIER_A_AUTHORITATIVE","GOLD","HIGH","HIGH","MEDIUM","HIGH","true","true","true","DERIVED"
"EVT-BSEE-0131","TIER_A_AUTHORITATIVE","GOLD","HIGH","HIGH","MEDIUM","HIGH","true","true","true","DERIVED"
"EVT-BSEE-0132","TIER_A_AUTHORITATIVE","GOLD","HIGH","HIGH","MEDIUM","HIGH","true","true","true","DERIVED"
"EVT-BSEE-0133","TIER_A_AUTHORITATIVE","GOLD","HIGH","HIGH","MEDIUM","HIGH","true","true","true","DERIVED"
"EVT-BSEE-0134","TIER_A_AUTHORITATIVE","GOLD","HIGH","HIGH","MEDIUM","HIGH","true","true","true","DERIVED"
"EVT-BSEE-0135","TIER_A_AUTHORITATIVE","BRONZE","HIGH","HIGH","MEDIUM","MEDIUM","true","false","false","UNKNOWN"
"EVT-BSEE-0136","TIER_A_AUTHORITATIVE","GOLD","HIGH","HIGH","MEDIUM","HIGH","true","true","true","DERIVED"
"EVT-BSEE-0137","TIER_A_AUTHORITATIVE","GOLD","HIGH","HIGH","MEDIUM","HIGH","true","true","true","UNKNOWN"
"EVT-BSEE-0138","TIER_A_AUTHORITATIVE","GOLD","HIGH","HIGH","HIGH","HIGH","true","true","true","EXPLICIT"
"EVT-BSEE-0139","TIER_A_AUTHORITATIVE","GOLD","HIGH","HIGH","MEDIUM","HIGH","true","true","true","DERIVED"
"EVT-BSEE-0140","TIER_A_AUTHORITATIVE","BRONZE","HIGH","HIGH","MEDIUM","MEDIUM","true","false","true","UNKNOWN"
"EVT-BSEE-0141","TIER_A_AUTHORITATIVE","GOLD","HIGH","HIGH","MEDIUM","HIGH","true","true","true","DERIVED"
"EVT-BSEE-0142","TIER_A_AUTHORITATIVE","SILVER","HIGH","HIGH","MEDIUM","HIGH","true","true","false","UNKNOWN"
"EVT-BSEE-0143","TIER_A_AUTHORITATIVE","GOLD","HIGH","HIGH","MEDIUM","HIGH","true","true","true","DERIVED"
"EVT-BSEE-0144","TIER_A_AUTHORITATIVE","BRONZE","HIGH","HIGH","MEDIUM","MEDIUM","true","false","true","UNKNOWN"
"EVT-BSEE-0145","TIER_A_AUTHORITATIVE","GOLD","HIGH","HIGH","MEDIUM","HIGH","true","true","true","DERIVED"
"EVT-BSEE-0146","TIER_A_AUTHORITATIVE","GOLD","HIGH","HIGH","MEDIUM","HIGH","true","true","true","DERIVED"
"EVT-BSEE-0147","TIER_A_AUTHORITATIVE","SILVER","HIGH","HIGH","HIGH","HIGH","true","true","false","EXPLICIT"
"EVT-BSEE-0148","TIER_A_AUTHORITATIVE","GOLD","HIGH","HIGH","MEDIUM","HIGH","true","true","true","DERIVED"
"EVT-BSEE-0149","TIER_A_AUTHORITATIVE","GOLD","HIGH","HIGH","MEDIUM","HIGH","true","true","true","DERIVED"
"EVT-BSEE-0150","TIER_A_AUTHORITATIVE","GOLD","HIGH","HIGH","MEDIUM","HIGH","true","true","true","DERIVED"
"EVT-BSEE-0151","TIER_A_AUTHORITATIVE","GOLD","HIGH","HIGH","MEDIUM","HIGH","true","true","true","DERIVED"
"EVT-BSEE-0152","TIER_A_AUTHORITATIVE","GOLD","HIGH","HIGH","MEDIUM","HIGH","true","true","true","DERIVED"
"EVT-BSEE-0153","TIER_A_AUTHORITATIVE","GOLD","HIGH","HIGH","MEDIUM","HIGH","true","true","true","DERIVED"
"EVT-BSEE-0154","TIER_A_AUTHORITATIVE","GOLD","HIGH","HIGH","MEDIUM","HIGH","true","true","true","DERIVED"
"EVT-BSEE-0155","TIER_A_AUTHORITATIVE","GOLD","HIGH","HIGH","HIGH","HIGH","true","true","true","EXPLICIT"
"EVT-BSEE-0156","TIER_A_AUTHORITATIVE","GOLD","HIGH","HIGH","MEDIUM","HIGH","true","true","true","DERIVED"
"EVT-BSEE-0157","TIER_A_AUTHORITATIVE","GOLD","HIGH","HIGH","MEDIUM","HIGH","true","true","true","DERIVED"
"EVT-BSEE-0158","TIER_A_AUTHORITATIVE","GOLD","HIGH","HIGH","MEDIUM","HIGH","true","true","true","DERIVED"
"EVT-BSEE-0159","TIER_A_AUTHORITATIVE","BRONZE","HIGH","HIGH","MEDIUM","MEDIUM","true","false","true","UNKNOWN"
"EVT-BSEE-0160","TIER_A_AUTHORITATIVE","BRONZE","HIGH","HIGH","MEDIUM","MEDIUM","true","false","true","UNKNOWN"
"EVT-BSEE-0161","TIER_A_AUTHORITATIVE","GOLD","HIGH","HIGH","MEDIUM","HIGH","true","true","true","UNKNOWN"
"EVT-BSEE-0162","TIER_A_AUTHORITATIVE","GOLD","HIGH","HIGH","MEDIUM","HIGH","true","true","true","DERIVED"
"EVT-BSEE-0163","TIER_A_AUTHORITATIVE","GOLD","HIGH","HIGH","MEDIUM","HIGH","true","true","true","DERIVED"
"EVT-BSEE-0164","TIER_A_AUTHORITATIVE","GOLD","HIGH","HIGH","MEDIUM","HIGH","true","true","true","DERIVED"
"EVT-BSEE-0165","TIER_A_AUTHORITATIVE","GOLD","HIGH","HIGH","MEDIUM","HIGH","true","true","true","DERIVED"
"EVT-BSEE-0166","TIER_A_AUTHORITATIVE","GOLD","HIGH","HIGH","MEDIUM","HIGH","true","true","true","DERIVED"
"EVT-BSEE-0167","TIER_A_AUTHORITATIVE","SILVER","HIGH","HIGH","MEDIUM","HIGH","true","true","false","DERIVED"
"EVT-BSEE-0168","TIER_A_AUTHORITATIVE","GOLD","HIGH","HIGH","MEDIUM","HIGH","true","true","true","DERIVED"
"EVT-BSEE-0169","TIER_A_AUTHORITATIVE","GOLD","HIGH","HIGH","MEDIUM","HIGH","true","true","true","DERIVED"
"EVT-BSEE-0170","TIER_A_AUTHORITATIVE","BRONZE","HIGH","HIGH","MEDIUM","MEDIUM","true","false","false","UNKNOWN"
"EVT-BSEE-0171","TIER_A_AUTHORITATIVE","SILVER","HIGH","HIGH","MEDIUM","HIGH","true","true","false","DERIVED"
"EVT-BSEE-0172","TIER_A_AUTHORITATIVE","GOLD","HIGH","HIGH","MEDIUM","HIGH","true","true","true","DERIVED"
"EVT-BSEE-0173","TIER_A_AUTHORITATIVE","BRONZE","HIGH","HIGH","MEDIUM","MEDIUM","true","false","false","UNKNOWN"
"EVT-BSEE-0174","TIER_A_AUTHORITATIVE","BRONZE","HIGH","HIGH","MEDIUM","MEDIUM","true","true","false","DERIVED"
"EVT-BSEE-0175","TIER_A_AUTHORITATIVE","GOLD","HIGH","HIGH","MEDIUM","HIGH","true","true","true","DERIVED"
"EVT-BSEE-0176","TIER_A_AUTHORITATIVE","GOLD","HIGH","HIGH","MEDIUM","HIGH","true","true","true","DERIVED"
"EVT-BSEE-0177","TIER_A_AUTHORITATIVE","GOLD","HIGH","HIGH","MEDIUM","HIGH","true","true","true","DERIVED"
"EVT-BSEE-0178","TIER_A_AUTHORITATIVE","SILVER","HIGH","HIGH","MEDIUM","HIGH","true","true","false","DERIVED"
"EVT-BSEE-0179","TIER_A_AUTHORITATIVE","GOLD","HIGH","HIGH","HIGH","HIGH","true","true","true","EXPLICIT"
"EVT-BSEE-0180","TIER_A_AUTHORITATIVE","GOLD","HIGH","HIGH","MEDIUM","HIGH","true","true","true","DERIVED"
"EVT-BSEE-0181","TIER_A_AUTHORITATIVE","GOLD","HIGH","HIGH","MEDIUM","HIGH","true","true","true","DERIVED"
"EVT-BSEE-0182","TIER_A_AUTHORITATIVE","BRONZE","HIGH","HIGH","MEDIUM","MEDIUM","true","false","true","UNKNOWN"
"EVT-BSEE-0183","TIER_A_AUTHORITATIVE","GOLD","HIGH","HIGH","MEDIUM","HIGH","true","true","true","DERIVED"
"EVT-BSEE-0184","TIER_A_AUTHORITATIVE","GOLD","HIGH","HIGH","MEDIUM","HIGH","true","true","true","DERIVED"
"EVT-BSEE-0185","TIER_A_AUTHORITATIVE","GOLD","HIGH","HIGH","MEDIUM","HIGH","true","true","true","DERIVED"
"EVT-BSEE-0186","TIER_A_AUTHORITATIVE","SILVER","HIGH","HIGH","MEDIUM","HIGH","true","true","false","DERIVED"
"EVT-BSEE-0187","TIER_A_AUTHORITATIVE","GOLD","HIGH","HIGH","MEDIUM","HIGH","true","true","true","DERIVED"
"EVT-BSEE-0188","TIER_A_AUTHORITATIVE","GOLD","HIGH","HIGH","HIGH","HIGH","true","true","true","EXPLICIT"
"EVT-BSEE-0189","TIER_A_AUTHORITATIVE","GOLD","HIGH","HIGH","MEDIUM","HIGH","true","true","true","DERIVED"
"EVT-BSEE-0190","TIER_A_AUTHORITATIVE","BRONZE","HIGH","HIGH","MEDIUM","MEDIUM","true","false","true","UNKNOWN"
"EVT-BSEE-0191","TIER_A_AUTHORITATIVE","GOLD","HIGH","HIGH","MEDIUM","HIGH","true","true","true","DERIVED"
"EVT-BSEE-0192","TIER_A_AUTHORITATIVE","GOLD","HIGH","HIGH","MEDIUM","HIGH","true","true","true","DERIVED"
"EVT-BSEE-0193","TIER_A_AUTHORITATIVE","BRONZE","HIGH","HIGH","MEDIUM","MEDIUM","true","false","true","UNKNOWN"
"EVT-BSEE-0194","TIER_A_AUTHORITATIVE","SILVER","HIGH","HIGH","MEDIUM","HIGH","true","true","false","DERIVED"
"EVT-BSEE-0195","TIER_A_AUTHORITATIVE","GOLD","HIGH","HIGH","MEDIUM","HIGH","true","true","true","DERIVED"
"EVT-BSEE-0196","TIER_A_AUTHORITATIVE","GOLD","HIGH","HIGH","MEDIUM","HIGH","true","true","true","DERIVED"
"EVT-BSEE-0197","TIER_A_AUTHORITATIVE","SILVER","HIGH","HIGH","HIGH","HIGH","true","true","false","EXPLICIT"
"EVT-BSEE-0198","TIER_A_AUTHORITATIVE","GOLD","HIGH","HIGH","MEDIUM","HIGH","true","true","true","DERIVED"
"EVT-BSEE-0199","TIER_A_AUTHORITATIVE","GOLD","HIGH","HIGH","MEDIUM","HIGH","true","true","true","DERIVED"
"EVT-BSEE-0200","TIER_A_AUTHORITATIVE","GOLD","HIGH","HIGH","MEDIUM","HIGH","true","true","true","DERIVED"
"EVT-BSEE-0201","TIER_A_AUTHORITATIVE","GOLD","HIGH","HIGH","MEDIUM","HIGH","true","true","true","DERIVED"
"EVT-BSEE-0202","TIER_A_AUTHORITATIVE","GOLD","HIGH","HIGH","MEDIUM","HIGH","true","true","true","DERIVED"
"EVT-BSEE-0203","TIER_A_AUTHORITATIVE","GOLD","HIGH","HIGH","MEDIUM","HIGH","true","true","true","DERIVED"
"EVT-BSEE-0204","TIER_A_AUTHORITATIVE","GOLD","HIGH","HIGH","MEDIUM","HIGH","true","true","true","DERIVED"
"EVT-BSEE-0205","TIER_A_AUTHORITATIVE","SILVER","HIGH","HIGH","MEDIUM","HIGH","true","true","false","DERIVED"
"EVT-BSEE-0206","TIER_A_AUTHORITATIVE","SILVER","HIGH","HIGH","MEDIUM","HIGH","true","true","false","DERIVED"
"EVT-BSEE-0207","TIER_A_AUTHORITATIVE","GOLD","HIGH","HIGH","MEDIUM","HIGH","true","true","true","DERIVED"
"EVT-BSEE-0208","TIER_A_AUTHORITATIVE","GOLD","HIGH","HIGH","MEDIUM","HIGH","true","true","true","DERIVED"
"EVT-BSEE-0209","TIER_A_AUTHORITATIVE","GOLD","HIGH","HIGH","MEDIUM","HIGH","true","true","true","DERIVED"
"EVT-BSEE-0210","TIER_A_AUTHORITATIVE","GOLD","HIGH","HIGH","MEDIUM","HIGH","true","true","true","DERIVED"
"EVT-BSEE-0211","TIER_A_AUTHORITATIVE","GOLD","HIGH","HIGH","MEDIUM","HIGH","true","true","true","DERIVED"
"EVT-BSEE-0212","TIER_A_AUTHORITATIVE","GOLD","HIGH","HIGH","MEDIUM","HIGH","true","true","true","DERIVED"
"EVT-BSEE-0213","TIER_A_AUTHORITATIVE","GOLD","HIGH","HIGH","MEDIUM","HIGH","true","true","true","DERIVED"
"EVT-BSEE-0214","TIER_A_AUTHORITATIVE","GOLD","HIGH","HIGH","MEDIUM","HIGH","true","true","true","DERIVED"
"EVT-BSEE-0215","TIER_A_AUTHORITATIVE","GOLD","HIGH","HIGH","MEDIUM","HIGH","true","true","true","DERIVED"
"EVT-BSEE-0216","TIER_A_AUTHORITATIVE","GOLD","HIGH","HIGH","MEDIUM","HIGH","true","true","true","DERIVED"
"EVT-BSEE-0217","TIER_A_AUTHORITATIVE","GOLD","HIGH","HIGH","MEDIUM","HIGH","true","true","true","DERIVED"
"EVT-BSEE-0218","TIER_A_AUTHORITATIVE","GOLD","HIGH","HIGH","MEDIUM","HIGH","true","true","true","DERIVED"
"EVT-BSEE-0219","TIER_A_AUTHORITATIVE","GOLD","HIGH","HIGH","HIGH","HIGH","true","true","true","EXPLICIT"
"EVT-BSEE-0220","TIER_A_AUTHORITATIVE","GOLD","HIGH","HIGH","MEDIUM","HIGH","true","true","true","DERIVED"
"EVT-BSEE-0221","TIER_A_AUTHORITATIVE","GOLD","HIGH","HIGH","MEDIUM","HIGH","true","true","true","DERIVED"
"EVT-BSEE-0222","TIER_A_AUTHORITATIVE","GOLD","HIGH","HIGH","MEDIUM","HIGH","true","true","true","DERIVED"
"EVT-BSEE-0223","TIER_A_AUTHORITATIVE","GOLD","HIGH","HIGH","MEDIUM","HIGH","true","true","true","DERIVED"
"EVT-BSEE-0224","TIER_A_AUTHORITATIVE","BRONZE","HIGH","HIGH","MEDIUM","MEDIUM","true","false","true","UNKNOWN"
"EVT-BSEE-0225","TIER_A_AUTHORITATIVE","GOLD","HIGH","HIGH","MEDIUM","HIGH","true","true","true","DERIVED"
"EVT-BSEE-0226","TIER_A_AUTHORITATIVE","SILVER","HIGH","HIGH","MEDIUM","HIGH","true","true","false","DERIVED"
"EVT-BSEE-0227","TIER_A_AUTHORITATIVE","GOLD","HIGH","HIGH","MEDIUM","HIGH","true","true","true","DERIVED"
"EVT-BSEE-0228","TIER_A_AUTHORITATIVE","GOLD","HIGH","HIGH","MEDIUM","HIGH","true","true","true","DERIVED"
"EVT-BSEE-0229","TIER_A_AUTHORITATIVE","GOLD","HIGH","HIGH","MEDIUM","HIGH","true","true","true","DERIVED"
"EVT-BSEE-0230","TIER_A_AUTHORITATIVE","GOLD","HIGH","HIGH","HIGH","HIGH","true","true","true","EXPLICIT"
"EVT-BSEE-0231","TIER_A_AUTHORITATIVE","GOLD","HIGH","HIGH","MEDIUM","HIGH","true","true","true","DERIVED"
"EVT-BSEE-0232","TIER_A_AUTHORITATIVE","GOLD","HIGH","HIGH","MEDIUM","HIGH","true","true","true","DERIVED"
"EVT-BSEE-0233","TIER_A_AUTHORITATIVE","GOLD","HIGH","HIGH","MEDIUM","HIGH","true","true","true","DERIVED"
"EVT-BSEE-0234","TIER_A_AUTHORITATIVE","GOLD","HIGH","HIGH","MEDIUM","HIGH","true","true","true","DERIVED"
"EVT-BSEE-0235","TIER_A_AUTHORITATIVE","GOLD","HIGH","HIGH","MEDIUM","HIGH","true","true","true","DERIVED"
"EVT-BSEE-0236","TIER_A_AUTHORITATIVE","GOLD","HIGH","HIGH","MEDIUM","HIGH","true","true","true","DERIVED"
"EVT-BSEE-0237","TIER_A_AUTHORITATIVE","SILVER","HIGH","HIGH","MEDIUM","HIGH","true","true","false","DERIVED"
"EVT-BSEE-0238","TIER_A_AUTHORITATIVE","GOLD","HIGH","HIGH","MEDIUM","HIGH","true","true","true","DERIVED"
"EVT-BSEE-0239","TIER_A_AUTHORITATIVE","GOLD","HIGH","HIGH","MEDIUM","HIGH","true","true","true","DERIVED"
"EVT-BSEE-0240","TIER_A_AUTHORITATIVE","SILVER","HIGH","HIGH","MEDIUM","HIGH","true","true","false","DERIVED"
"EVT-BSEE-0241","TIER_A_AUTHORITATIVE","GOLD","HIGH","HIGH","MEDIUM","HIGH","true","true","true","UNKNOWN"
"EVT-BSEE-0242","TIER_A_AUTHORITATIVE","GOLD","HIGH","HIGH","MEDIUM","HIGH","true","true","true","DERIVED"
"EVT-BSEE-0243","TIER_A_AUTHORITATIVE","BRONZE","HIGH","HIGH","MEDIUM","MEDIUM","true","false","true","UNKNOWN"
"EVT-BSEE-0244","TIER_A_AUTHORITATIVE","GOLD","HIGH","HIGH","MEDIUM","HIGH","true","true","true","DERIVED"
"EVT-BSEE-0245","TIER_A_AUTHORITATIVE","BRONZE","HIGH","HIGH","MEDIUM","MEDIUM","true","false","true","UNKNOWN"
"EVT-BSEE-0246","TIER_A_AUTHORITATIVE","SILVER","HIGH","HIGH","MEDIUM","HIGH","true","true","false","DERIVED"
"EVT-BSEE-0247","TIER_A_AUTHORITATIVE","GOLD","HIGH","HIGH","MEDIUM","HIGH","true","true","true","DERIVED"
"EVT-BSEE-0248","TIER_A_AUTHORITATIVE","GOLD","HIGH","HIGH","MEDIUM","HIGH","true","true","true","DERIVED"
"EVT-BSEE-0249","TIER_A_AUTHORITATIVE","SILVER","HIGH","HIGH","MEDIUM","HIGH","true","true","false","DERIVED"
"EVT-BSEE-0250","TIER_A_AUTHORITATIVE","GOLD","HIGH","HIGH","MEDIUM","HIGH","true","true","true","DERIVED"
"EVT-BSEE-0251","TIER_A_AUTHORITATIVE","BRONZE","HIGH","HIGH","MEDIUM","MEDIUM","true","false","false","UNKNOWN"
"EVT-BSEE-0252","TIER_A_AUTHORITATIVE","SILVER","HIGH","HIGH","MEDIUM","HIGH","true","true","false","DERIVED"
"EVT-BSEE-0253","TIER_A_AUTHORITATIVE","SILVER","HIGH","HIGH","MEDIUM","HIGH","true","true","false","DERIVED"
"EVT-BSEE-0254","TIER_A_AUTHORITATIVE","SILVER","HIGH","HIGH","MEDIUM","HIGH","true","true","false","UNKNOWN"
"EVT-BSEE-0255","TIER_A_AUTHORITATIVE","GOLD","HIGH","HIGH","MEDIUM","HIGH","true","true","true","DERIVED"
"EVT-BSEE-0256","TIER_A_AUTHORITATIVE","GOLD","HIGH","HIGH","MEDIUM","HIGH","true","true","true","DERIVED"
"EVT-BSEE-0257","TIER_A_AUTHORITATIVE","BRONZE","HIGH","HIGH","MEDIUM","MEDIUM","true","false","true","UNKNOWN"
"EVT-BSEE-0258","TIER_A_AUTHORITATIVE","GOLD","HIGH","HIGH","MEDIUM","HIGH","true","true","true","DERIVED"
"EVT-BSEE-0259","TIER_A_AUTHORITATIVE","GOLD","HIGH","HIGH","MEDIUM","HIGH","true","true","true","DERIVED"
"EVT-BSEE-0260","TIER_A_AUTHORITATIVE","GOLD","HIGH","HIGH","MEDIUM","HIGH","true","true","true","DERIVED"
"EVT-BSEE-0261","TIER_A_AUTHORITATIVE","GOLD","HIGH","HIGH","MEDIUM","HIGH","true","true","true","DERIVED"
"EVT-BSEE-0262","TIER_A_AUTHORITATIVE","BRONZE","HIGH","HIGH","MEDIUM","MEDIUM","true","false","false","UNKNOWN"
"EVT-BSEE-0263","TIER_A_AUTHORITATIVE","SILVER","HIGH","HIGH","MEDIUM","HIGH","true","true","false","DERIVED"
"EVT-BSEE-0264","TIER_A_AUTHORITATIVE","GOLD","HIGH","HIGH","MEDIUM","HIGH","true","true","true","DERIVED"
"EVT-BSEE-0265","TIER_A_AUTHORITATIVE","GOLD","HIGH","HIGH","MEDIUM","HIGH","true","true","true","DERIVED"
"EVT-BSEE-0266","TIER_A_AUTHORITATIVE","GOLD","HIGH","HIGH","MEDIUM","HIGH","true","true","true","UNKNOWN"
"EVT-BSEE-0267","TIER_A_AUTHORITATIVE","GOLD","HIGH","HIGH","MEDIUM","HIGH","true","true","true","DERIVED"
"EVT-BSEE-0268","TIER_A_AUTHORITATIVE","GOLD","HIGH","HIGH","MEDIUM","HIGH","true","true","true","DERIVED"
"EVT-BSEE-0269","TIER_A_AUTHORITATIVE","GOLD","HIGH","HIGH","MEDIUM","HIGH","true","true","true","DERIVED"
"EVT-BSEE-0270","TIER_A_AUTHORITATIVE","GOLD","HIGH","HIGH","MEDIUM","HIGH","true","true","true","DERIVED"
"EVT-BSEE-0271","TIER_A_AUTHORITATIVE","GOLD","HIGH","HIGH","MEDIUM","HIGH","true","true","true","DERIVED"
"EVT-BSEE-0272","TIER_A_AUTHORITATIVE","SILVER","HIGH","HIGH","MEDIUM","HIGH","true","true","false","DERIVED"
"EVT-BSEE-0273","TIER_A_AUTHORITATIVE","GOLD","HIGH","HIGH","MEDIUM","HIGH","true","true","true","DERIVED"
"EVT-BSEE-0274","TIER_A_AUTHORITATIVE","SILVER","HIGH","HIGH","MEDIUM","HIGH","true","true","false","DERIVED"
"EVT-BSEE-0275","TIER_A_AUTHORITATIVE","BRONZE","HIGH","HIGH","MEDIUM","MEDIUM","true","false","false","UNKNOWN"
"EVT-BSEE-0276","TIER_A_AUTHORITATIVE","BRONZE","HIGH","HIGH","MEDIUM","MEDIUM","true","true","false","DERIVED"
"EVT-BSEE-0277","TIER_A_AUTHORITATIVE","BRONZE","HIGH","HIGH","MEDIUM","MEDIUM","true","true","false","DERIVED"
"EVT-BSEE-0278","TIER_A_AUTHORITATIVE","GOLD","HIGH","HIGH","MEDIUM","HIGH","true","true","true","DERIVED"
"EVT-BSEE-0279","TIER_A_AUTHORITATIVE","GOLD","HIGH","HIGH","MEDIUM","HIGH","true","true","true","DERIVED"
"EVT-BSEE-0280","TIER_A_AUTHORITATIVE","GOLD","HIGH","HIGH","MEDIUM","HIGH","true","true","true","DERIVED"
"EVT-BSEE-0281","TIER_A_AUTHORITATIVE","SILVER","HIGH","HIGH","MEDIUM","HIGH","true","true","false","DERIVED"
"EVT-BSEE-0283","TIER_A_AUTHORITATIVE","SILVER","HIGH","HIGH","MEDIUM","HIGH","true","true","false","DERIVED"
"EVT-BSEE-0285","TIER_A_AUTHORITATIVE","BRONZE","HIGH","HIGH","MEDIUM","MEDIUM","true","false","false","UNKNOWN"
"EVT-BSEE-0286","TIER_A_AUTHORITATIVE","BRONZE","HIGH","HIGH","MEDIUM","MEDIUM","true","false","false","UNKNOWN"
"EVT-BSEE-0287","TIER_A_AUTHORITATIVE","GOLD","HIGH","HIGH","MEDIUM","HIGH","true","true","true","DERIVED"
"EVT-BSEE-0289","TIER_A_AUTHORITATIVE","BRONZE","HIGH","HIGH","MEDIUM","MEDIUM","true","false","false","UNKNOWN"
"EVT-BSEE-0290","TIER_A_AUTHORITATIVE","GOLD","HIGH","HIGH","MEDIUM","HIGH","true","true","true","DERIVED"
"EVT-BSEE-0291","TIER_A_AUTHORITATIVE","GOLD","HIGH","HIGH","MEDIUM","HIGH","true","true","true","DERIVED"
"EVT-BSEE-0292","TIER_A_AUTHORITATIVE","GOLD","HIGH","HIGH","MEDIUM","HIGH","true","true","true","DERIVED"
"EVT-BSEE-0293","TIER_A_AUTHORITATIVE","SILVER","HIGH","HIGH","MEDIUM","HIGH","true","true","false","DERIVED"
"EVT-BSEE-0294","TIER_A_AUTHORITATIVE","GOLD","HIGH","HIGH","MEDIUM","HIGH","true","true","true","DERIVED"
"EVT-BSEE-0295","TIER_A_AUTHORITATIVE","SILVER","HIGH","HIGH","MEDIUM","HIGH","true","true","false","DERIVED"
"EVT-BSEE-0296","TIER_A_AUTHORITATIVE","BRONZE","HIGH","HIGH","MEDIUM","MEDIUM","true","false","true","UNKNOWN"
"EVT-BSEE-0297","TIER_A_AUTHORITATIVE","BRONZE","HIGH","HIGH","MEDIUM","MEDIUM","true","false","true","UNKNOWN"
"EVT-BSEE-0298","TIER_A_AUTHORITATIVE","BRONZE","HIGH","HIGH","MEDIUM","MEDIUM","true","false","false","UNKNOWN"
"EVT-BSEE-0299","TIER_A_AUTHORITATIVE","GOLD","HIGH","HIGH","MEDIUM","HIGH","true","true","true","DERIVED"
"EVT-BSEE-0300","TIER_A_AUTHORITATIVE","BRONZE","HIGH","HIGH","MEDIUM","MEDIUM","true","false","false","UNKNOWN"
"EVT-BSEE-0301","TIER_A_AUTHORITATIVE","BRONZE","HIGH","HIGH","MEDIUM","MEDIUM","true","false","true","UNKNOWN"
"EVT-BSEE-0302","TIER_A_AUTHORITATIVE","GOLD","HIGH","HIGH","MEDIUM","HIGH","true","true","true","DERIVED"
"EVT-BSEE-0303","TIER_A_AUTHORITATIVE","GOLD","HIGH","HIGH","MEDIUM","HIGH","true","true","true","DERIVED"
"EVT-BSEE-0304","TIER_A_AUTHORITATIVE","BRONZE","HIGH","HIGH","MEDIUM","MEDIUM","true","false","false","UNKNOWN"
"EVT-BSEE-0305","TIER_A_AUTHORITATIVE","BRONZE","HIGH","HIGH","MEDIUM","MEDIUM","true","true","false","DERIVED"
"EVT-BSEE-0306","TIER_A_AUTHORITATIVE","BRONZE","HIGH","HIGH","MEDIUM","MEDIUM","true","false","false","UNKNOWN"
"EVT-BSEE-0307","TIER_A_AUTHORITATIVE","BRONZE","HIGH","HIGH","MEDIUM","MEDIUM","true","true","false","DERIVED"
"EVT-BSEE-0308","TIER_A_AUTHORITATIVE","BRONZE","HIGH","HIGH","MEDIUM","MEDIUM","true","false","false","UNKNOWN"
"EVT-BSEE-0309","TIER_A_AUTHORITATIVE","BRONZE","HIGH","HIGH","MEDIUM","MEDIUM","true","true","false","DERIVED"
"EVT-BSEE-0310","TIER_A_AUTHORITATIVE","BRONZE","HIGH","HIGH","MEDIUM","MEDIUM","true","true","false","DERIVED"
"EVT-BSEE-0311","TIER_A_AUTHORITATIVE","BRONZE","HIGH","HIGH","MEDIUM","MEDIUM","true","false","false","UNKNOWN"
"EVT-BSEE-0312","TIER_A_AUTHORITATIVE","BRONZE","HIGH","HIGH","MEDIUM","MEDIUM","true","true","false","DERIVED"
"EVT-BSEE-0313","TIER_A_AUTHORITATIVE","BRONZE","HIGH","HIGH","MEDIUM","MEDIUM","true","false","false","UNKNOWN"
"EVT-BSEE-0314","TIER_A_AUTHORITATIVE","BRONZE","HIGH","HIGH","MEDIUM","MEDIUM","true","true","false","DERIVED"
"EVT-BSEE-0315","TIER_A_AUTHORITATIVE","BRONZE","HIGH","HIGH","MEDIUM","MEDIUM","true","false","false","UNKNOWN"
"EVT-BSEE-0316","TIER_A_AUTHORITATIVE","BRONZE","HIGH","HIGH","MEDIUM","MEDIUM","true","false","true","UNKNOWN"
"EVT-BSEE-0317","TIER_A_AUTHORITATIVE","BRONZE","HIGH","HIGH","MEDIUM","MEDIUM","true","true","false","DERIVED"
"EVT-BSEE-0318","TIER_A_AUTHORITATIVE","BRONZE","HIGH","HIGH","MEDIUM","MEDIUM","true","false","false","UNKNOWN"
"EVT-BSEE-0319","TIER_A_AUTHORITATIVE","BRONZE","HIGH","HIGH","MEDIUM","MEDIUM","true","false","false","UNKNOWN"
"EVT-BSEE-0320","TIER_A_AUTHORITATIVE","BRONZE","HIGH","HIGH","MEDIUM","MEDIUM","true","true","false","DERIVED"
"EVT-BSEE-0321","TIER_A_AUTHORITATIVE","BRONZE","HIGH","HIGH","MEDIUM","MEDIUM","true","false","false","UNKNOWN"
"EVT-BSEE-0322","TIER_A_AUTHORITATIVE","BRONZE","HIGH","HIGH","MEDIUM","MEDIUM","true","false","false","UNKNOWN"
"EVT-BSEE-0323","TIER_A_AUTHORITATIVE","BRONZE","HIGH","HIGH","MEDIUM","MEDIUM","true","true","false","DERIVED"
"EVT-BSEE-0324","TIER_A_AUTHORITATIVE","BRONZE","HIGH","HIGH","MEDIUM","MEDIUM","true","false","false","UNKNOWN"
"EVT-BSEE-0325","TIER_A_AUTHORITATIVE","BRONZE","HIGH","HIGH","MEDIUM","MEDIUM","true","false","true","UNKNOWN"
"EVT-BSEE-0326","TIER_A_AUTHORITATIVE","BRONZE","HIGH","HIGH","MEDIUM","MEDIUM","true","false","false","UNKNOWN"
"EVT-BSEE-0327","TIER_A_AUTHORITATIVE","BRONZE","HIGH","HIGH","MEDIUM","MEDIUM","true","false","false","UNKNOWN"
"EVT-BSEE-0328","TIER_A_AUTHORITATIVE","BRONZE","HIGH","HIGH","MEDIUM","MEDIUM","true","false","false","UNKNOWN"
"EVT-BSEE-0329","TIER_A_AUTHORITATIVE","BRONZE","HIGH","HIGH","MEDIUM","MEDIUM","true","false","false","UNKNOWN"
"EVT-BSEE-0330","TIER_A_AUTHORITATIVE","BRONZE","HIGH","HIGH","MEDIUM","MEDIUM","true","false","true","UNKNOWN"
"EVT-BSEE-0331","TIER_A_AUTHORITATIVE","BRONZE","HIGH","HIGH","MEDIUM","MEDIUM","true","true","false","DERIVED"
"EVT-BSEE-0332","TIER_A_AUTHORITATIVE","BRONZE","HIGH","HIGH","MEDIUM","MEDIUM","true","false","false","UNKNOWN"
"EVT-BSEE-0333","TIER_A_AUTHORITATIVE","BRONZE","HIGH","HIGH","MEDIUM","MEDIUM","true","false","false","UNKNOWN"
"EVT-BSEE-0334","TIER_A_AUTHORITATIVE","BRONZE","HIGH","HIGH","MEDIUM","MEDIUM","true","false","false","UNKNOWN"
"EVT-BSEE-0335","TIER_A_AUTHORITATIVE","BRONZE","HIGH","HIGH","MEDIUM","MEDIUM","true","true","false","DERIVED"
"EVT-BSEE-0336","TIER_A_AUTHORITATIVE","BRONZE","HIGH","HIGH","MEDIUM","MEDIUM","true","true","false","DERIVED"
"EVT-BSEE-0337","TIER_A_AUTHORITATIVE","BRONZE","HIGH","HIGH","MEDIUM","MEDIUM","true","false","false","UNKNOWN"
"EVT-BSEE-0338","TIER_A_AUTHORITATIVE","BRONZE","HIGH","HIGH","MEDIUM","MEDIUM","true","false","false","UNKNOWN"
"EVT-BSEE-0339","TIER_A_AUTHORITATIVE","BRONZE","HIGH","HIGH","MEDIUM","MEDIUM","true","false","false","UNKNOWN"
"EVT-BSEE-0340","TIER_A_AUTHORITATIVE","BRONZE","HIGH","HIGH","MEDIUM","MEDIUM","true","false","false","UNKNOWN"
"EVT-BSEE-0341","TIER_A_AUTHORITATIVE","BRONZE","HIGH","HIGH","MEDIUM","MEDIUM","true","false","true","UNKNOWN"
"EVT-BSEE-0342","TIER_A_AUTHORITATIVE","BRONZE","HIGH","HIGH","MEDIUM","MEDIUM","true","false","false","UNKNOWN"
"EVT-BSEE-0343","TIER_A_AUTHORITATIVE","BRONZE","HIGH","HIGH","MEDIUM","MEDIUM","true","true","false","DERIVED"
"EVT-BSEE-0344","TIER_A_AUTHORITATIVE","BRONZE","HIGH","HIGH","MEDIUM","MEDIUM","true","true","false","DERIVED"
"EVT-BSEE-0345","TIER_A_AUTHORITATIVE","BRONZE","HIGH","HIGH","MEDIUM","MEDIUM","true","true","false","DERIVED"
"EVT-BSEE-0346","TIER_A_AUTHORITATIVE","BRONZE","HIGH","HIGH","MEDIUM","MEDIUM","true","true","false","DERIVED"
"EVT-BSEE-0347","TIER_A_AUTHORITATIVE","BRONZE","HIGH","HIGH","MEDIUM","MEDIUM","true","false","false","UNKNOWN"
"EVT-BSEE-0348","TIER_A_AUTHORITATIVE","SILVER","HIGH","HIGH","MEDIUM","HIGH","true","true","false","DERIVED"
"EVT-BSEE-0349","TIER_A_AUTHORITATIVE","BRONZE","HIGH","HIGH","MEDIUM","MEDIUM","true","false","false","UNKNOWN"
"EVT-BSEE-0350","TIER_A_AUTHORITATIVE","BRONZE","HIGH","HIGH","MEDIUM","MEDIUM","true","false","false","UNKNOWN"
"EVT-BSEE-0351","TIER_A_AUTHORITATIVE","BRONZE","HIGH","HIGH","MEDIUM","MEDIUM","true","false","false","UNKNOWN"
"EVT-BSEE-0352","TIER_A_AUTHORITATIVE","BRONZE","HIGH","HIGH","MEDIUM","MEDIUM","true","false","false","UNKNOWN"
"EVT-BSEE-0353","TIER_A_AUTHORITATIVE","BRONZE","HIGH","HIGH","MEDIUM","MEDIUM","true","true","false","DERIVED"
"EVT-BSEE-0354","TIER_A_AUTHORITATIVE","BRONZE","HIGH","HIGH","MEDIUM","MEDIUM","true","false","false","UNKNOWN"
"EVT-BSEE-0355","TIER_A_AUTHORITATIVE","BRONZE","HIGH","HIGH","MEDIUM","MEDIUM","true","false","false","UNKNOWN"
"EVT-BSEE-0356","TIER_A_AUTHORITATIVE","SILVER","HIGH","HIGH","MEDIUM","HIGH","true","true","false","DERIVED"
"EVT-BSEE-0357","TIER_A_AUTHORITATIVE","SILVER","HIGH","HIGH","MEDIUM","HIGH","true","true","false","DERIVED"
"EVT-BSEE-0358","TIER_A_AUTHORITATIVE","BRONZE","HIGH","HIGH","MEDIUM","MEDIUM","true","false","false","UNKNOWN"
"EVT-BSEE-0359","TIER_A_AUTHORITATIVE","BRONZE","HIGH","HIGH","MEDIUM","MEDIUM","true","false","false","UNKNOWN"
"EVT-BSEE-0360","TIER_A_AUTHORITATIVE","BRONZE","HIGH","HIGH","MEDIUM","MEDIUM","true","true","false","DERIVED"
"EVT-BSEE-0361","TIER_A_AUTHORITATIVE","BRONZE","HIGH","HIGH","MEDIUM","MEDIUM","true","true","false","DERIVED"
"EVT-BSEE-0362","TIER_A_AUTHORITATIVE","BRONZE","HIGH","HIGH","MEDIUM","MEDIUM","true","false","false","UNKNOWN"
"EVT-BSEE-0363","TIER_A_AUTHORITATIVE","BRONZE","HIGH","HIGH","MEDIUM","MEDIUM","true","true","false","DERIVED"
"EVT-BSEE-0364","TIER_A_AUTHORITATIVE","BRONZE","HIGH","HIGH","MEDIUM","MEDIUM","true","true","false","DERIVED"
"EVT-BSEE-0365","TIER_A_AUTHORITATIVE","BRONZE","HIGH","HIGH","MEDIUM","MEDIUM","true","true","false","DERIVED"
"EVT-BSEE-0366","TIER_A_AUTHORITATIVE","BRONZE","HIGH","HIGH","MEDIUM","MEDIUM","true","true","false","DERIVED"
"EVT-BSEE-0367","TIER_A_AUTHORITATIVE","BRONZE","HIGH","HIGH","MEDIUM","MEDIUM","true","false","false","UNKNOWN"
"EVT-BSEE-0368","TIER_A_AUTHORITATIVE","SILVER","HIGH","HIGH","MEDIUM","HIGH","true","true","false","DERIVED"
"EVT-BSEE-0369","TIER_A_AUTHORITATIVE","BRONZE","HIGH","HIGH","MEDIUM","MEDIUM","true","true","false","DERIVED"
"EVT-BSEE-0370","TIER_A_AUTHORITATIVE","BRONZE","HIGH","HIGH","MEDIUM","MEDIUM","true","true","false","DERIVED"
"EVT-BSEE-0371","TIER_A_AUTHORITATIVE","BRONZE","HIGH","HIGH","MEDIUM","MEDIUM","true","true","false","DERIVED"
"EVT-BSEE-0372","TIER_A_AUTHORITATIVE","BRONZE","HIGH","HIGH","MEDIUM","MEDIUM","true","true","false","DERIVED"
"EVT-BSEE-0373","TIER_A_AUTHORITATIVE","BRONZE","HIGH","HIGH","MEDIUM","MEDIUM","true","true","false","DERIVED"
"EVT-BSEE-0374","TIER_A_AUTHORITATIVE","BRONZE","HIGH","HIGH","MEDIUM","MEDIUM","true","false","false","UNKNOWN"
"EVT-BSEE-0375","TIER_A_AUTHORITATIVE","BRONZE","HIGH","HIGH","MEDIUM","MEDIUM","true","false","false","UNKNOWN"
"EVT-BSEE-0376","TIER_A_AUTHORITATIVE","BRONZE","HIGH","HIGH","MEDIUM","MEDIUM","true","true","false","DERIVED"
"EVT-BSEE-0377","TIER_A_AUTHORITATIVE","BRONZE","HIGH","HIGH","MEDIUM","MEDIUM","true","false","false","UNKNOWN"
"EVT-BSEE-0378","TIER_A_AUTHORITATIVE","BRONZE","HIGH","HIGH","MEDIUM","MEDIUM","true","true","false","DERIVED"
"EVT-BSEE-0379","TIER_A_AUTHORITATIVE","BRONZE","HIGH","HIGH","MEDIUM","MEDIUM","true","false","false","UNKNOWN"
"EVT-BSEE-0380","TIER_A_AUTHORITATIVE","BRONZE","HIGH","HIGH","MEDIUM","MEDIUM","true","false","false","UNKNOWN"
"EVT-BSEE-0381","TIER_A_AUTHORITATIVE","BRONZE","HIGH","HIGH","MEDIUM","MEDIUM","true","true","false","DERIVED"
"EVT-BSEE-0382","TIER_A_AUTHORITATIVE","BRONZE","HIGH","HIGH","MEDIUM","MEDIUM","true","false","false","UNKNOWN"
"EVT-BSEE-0383","TIER_A_AUTHORITATIVE","BRONZE","HIGH","HIGH","MEDIUM","MEDIUM","true","true","false","DERIVED"
"EVT-BSEE-0384","TIER_A_AUTHORITATIVE","BRONZE","HIGH","HIGH","MEDIUM","MEDIUM","true","false","true","UNKNOWN"
"EVT-BSEE-0385","TIER_A_AUTHORITATIVE","BRONZE","HIGH","HIGH","MEDIUM","MEDIUM","true","true","false","DERIVED"
"EVT-BSEE-0386","TIER_A_AUTHORITATIVE","BRONZE","HIGH","HIGH","MEDIUM","MEDIUM","true","true","false","DERIVED"
"EVT-BSEE-0387","TIER_A_AUTHORITATIVE","BRONZE","HIGH","HIGH","MEDIUM","MEDIUM","true","true","false","DERIVED"
"EVT-BSEE-0388","TIER_A_AUTHORITATIVE","BRONZE","HIGH","HIGH","MEDIUM","MEDIUM","true","false","false","UNKNOWN"
"EVT-BSEE-0389","TIER_A_AUTHORITATIVE","BRONZE","HIGH","HIGH","MEDIUM","MEDIUM","true","true","false","DERIVED"
"EVT-BSEE-0390","TIER_A_AUTHORITATIVE","BRONZE","HIGH","HIGH","MEDIUM","MEDIUM","true","true","false","DERIVED"
"EVT-BSEE-0391","TIER_A_AUTHORITATIVE","BRONZE","HIGH","HIGH","MEDIUM","MEDIUM","true","true","false","DERIVED"
"EVT-BSEE-0392","TIER_A_AUTHORITATIVE","BRONZE","HIGH","HIGH","MEDIUM","MEDIUM","true","true","false","DERIVED"
"EVT-BSEE-0393","TIER_A_AUTHORITATIVE","BRONZE","HIGH","HIGH","MEDIUM","MEDIUM","true","true","false","DERIVED"
"EVT-BSEE-0394","TIER_A_AUTHORITATIVE","BRONZE","HIGH","HIGH","MEDIUM","MEDIUM","true","true","false","DERIVED"
"EVT-BSEE-0395","TIER_A_AUTHORITATIVE","BRONZE","HIGH","HIGH","MEDIUM","MEDIUM","true","true","false","DERIVED"
"EVT-BSEE-0396","TIER_A_AUTHORITATIVE","BRONZE","HIGH","HIGH","MEDIUM","MEDIUM","true","true","false","DERIVED"
"EVT-BSEE-0397","TIER_A_AUTHORITATIVE","BRONZE","HIGH","HIGH","MEDIUM","MEDIUM","true","false","false","UNKNOWN"
"EVT-BSEE-0398","TIER_A_AUTHORITATIVE","BRONZE","HIGH","HIGH","MEDIUM","MEDIUM","true","false","false","UNKNOWN"
"EVT-BSEE-0399","TIER_A_AUTHORITATIVE","BRONZE","HIGH","HIGH","MEDIUM","MEDIUM","true","true","false","DERIVED"
"EVT-BSEE-0400","TIER_A_AUTHORITATIVE","BRONZE","HIGH","HIGH","MEDIUM","MEDIUM","true","false","false","UNKNOWN"
"EVT-BSEE-0401","TIER_A_AUTHORITATIVE","BRONZE","HIGH","HIGH","MEDIUM","MEDIUM","true","false","false","UNKNOWN"
"EVT-BSEE-0402","TIER_A_AUTHORITATIVE","BRONZE","HIGH","HIGH","MEDIUM","MEDIUM","true","false","false","UNKNOWN"
"EVT-BSEE-0403","TIER_A_AUTHORITATIVE","BRONZE","HIGH","HIGH","MEDIUM","MEDIUM","true","true","false","DERIVED"
"EVT-BSEE-0404","TIER_A_AUTHORITATIVE","BRONZE","HIGH","HIGH","MEDIUM","MEDIUM","true","true","false","DERIVED"
"EVT-BSEE-0405","TIER_A_AUTHORITATIVE","BRONZE","HIGH","HIGH","MEDIUM","MEDIUM","true","true","false","DERIVED"
"EVT-BSEE-0406","TIER_A_AUTHORITATIVE","BRONZE","HIGH","HIGH","MEDIUM","MEDIUM","true","true","false","DERIVED"
"EVT-BSEE-0407","TIER_A_AUTHORITATIVE","BRONZE","HIGH","HIGH","MEDIUM","MEDIUM","true","true","false","DERIVED"
"EVT-BSEE-0408","TIER_A_AUTHORITATIVE","BRONZE","HIGH","HIGH","MEDIUM","MEDIUM","true","true","false","DERIVED"
"EVT-BSEE-0409","TIER_A_AUTHORITATIVE","BRONZE","HIGH","HIGH","MEDIUM","MEDIUM","true","true","false","DERIVED"
"EVT-BSEE-0410","TIER_A_AUTHORITATIVE","BRONZE","HIGH","HIGH","MEDIUM","MEDIUM","true","true","false","DERIVED"
"EVT-BSEE-0411","TIER_A_AUTHORITATIVE","BRONZE","HIGH","HIGH","MEDIUM","MEDIUM","true","true","false","DERIVED"
"EVT-BSEE-0412","TIER_A_AUTHORITATIVE","BRONZE","HIGH","HIGH","MEDIUM","MEDIUM","true","true","false","DERIVED"
"EVT-BSEE-0413","TIER_A_AUTHORITATIVE","BRONZE","HIGH","HIGH","MEDIUM","MEDIUM","true","true","false","DERIVED"
"EVT-BSEE-0414","TIER_A_AUTHORITATIVE","BRONZE","HIGH","HIGH","MEDIUM","MEDIUM","true","true","false","DERIVED"
"EVT-BSEE-0415","TIER_A_AUTHORITATIVE","BRONZE","HIGH","HIGH","MEDIUM","MEDIUM","true","true","false","DERIVED"
"EVT-BSEE-0416","TIER_A_AUTHORITATIVE","BRONZE","HIGH","HIGH","MEDIUM","MEDIUM","true","true","false","DERIVED"
"EVT-BSEE-0417","TIER_A_AUTHORITATIVE","BRONZE","HIGH","HIGH","MEDIUM","MEDIUM","true","true","false","DERIVED"
"EVT-BSEE-0418","TIER_A_AUTHORITATIVE","BRONZE","HIGH","HIGH","MEDIUM","MEDIUM","true","true","false","DERIVED"
"EVT-BSEE-0419","TIER_A_AUTHORITATIVE","BRONZE","HIGH","HIGH","MEDIUM","MEDIUM","true","true","false","DERIVED"
"EVT-BSEE-0420","TIER_A_AUTHORITATIVE","BRONZE","HIGH","HIGH","MEDIUM","MEDIUM","true","false","false","UNKNOWN"
"EVT-BSEE-0421","TIER_A_AUTHORITATIVE","BRONZE","HIGH","HIGH","MEDIUM","MEDIUM","true","true","false","DERIVED"
"EVT-BSEE-0422","TIER_A_AUTHORITATIVE","BRONZE","HIGH","HIGH","MEDIUM","MEDIUM","true","true","false","DERIVED"
"EVT-BSEE-0423","TIER_A_AUTHORITATIVE","BRONZE","HIGH","HIGH","MEDIUM","MEDIUM","true","true","false","DERIVED"
"EVT-BSEE-0424","TIER_A_AUTHORITATIVE","BRONZE","HIGH","HIGH","MEDIUM","MEDIUM","true","true","false","DERIVED"
"EVT-BSEE-0425","TIER_A_AUTHORITATIVE","BRONZE","HIGH","HIGH","MEDIUM","MEDIUM","true","false","true","UNKNOWN"
"EVT-BSEE-0426","TIER_A_AUTHORITATIVE","BRONZE","HIGH","HIGH","MEDIUM","MEDIUM","true","false","false","UNKNOWN"
"EVT-BSEE-0427","TIER_A_AUTHORITATIVE","BRONZE","HIGH","HIGH","MEDIUM","MEDIUM","true","false","false","UNKNOWN"
"EVT-BSEE-0428","TIER_A_AUTHORITATIVE","BRONZE","HIGH","HIGH","MEDIUM","MEDIUM","true","false","false","UNKNOWN"
"EVT-BSEE-0429","TIER_A_AUTHORITATIVE","BRONZE","HIGH","HIGH","MEDIUM","MEDIUM","true","false","false","UNKNOWN"
"EVT-BSEE-0430","TIER_A_AUTHORITATIVE","BRONZE","HIGH","HIGH","MEDIUM","MEDIUM","true","true","false","DERIVED"
"EVT-BSEE-0431","TIER_A_AUTHORITATIVE","BRONZE","HIGH","HIGH","MEDIUM","MEDIUM","true","true","false","DERIVED"
"EVT-BSEE-0432","TIER_A_AUTHORITATIVE","BRONZE","HIGH","HIGH","MEDIUM","MEDIUM","true","false","false","UNKNOWN"
"EVT-BSEE-0433","TIER_A_AUTHORITATIVE","BRONZE","HIGH","HIGH","MEDIUM","MEDIUM","true","false","false","UNKNOWN"
"EVT-BSEE-0434","TIER_A_AUTHORITATIVE","BRONZE","HIGH","HIGH","MEDIUM","MEDIUM","true","false","true","UNKNOWN"
"EVT-BSEE-0435","TIER_A_AUTHORITATIVE","BRONZE","HIGH","HIGH","MEDIUM","MEDIUM","true","true","false","DERIVED"
"EVT-BSEE-0436","TIER_A_AUTHORITATIVE","BRONZE","HIGH","HIGH","MEDIUM","MEDIUM","true","false","false","UNKNOWN"
"EVT-BSEE-0437","TIER_A_AUTHORITATIVE","BRONZE","HIGH","HIGH","MEDIUM","MEDIUM","true","true","false","DERIVED"
"EVT-BSEE-0438","TIER_A_AUTHORITATIVE","BRONZE","HIGH","HIGH","MEDIUM","MEDIUM","true","true","false","DERIVED"
"EVT-BSEE-0439","TIER_A_AUTHORITATIVE","BRONZE","HIGH","HIGH","MEDIUM","MEDIUM","true","true","false","DERIVED"
"EVT-BSEE-0440","TIER_A_AUTHORITATIVE","BRONZE","HIGH","HIGH","MEDIUM","MEDIUM","true","true","false","DERIVED"
"EVT-BSEE-0441","TIER_A_AUTHORITATIVE","BRONZE","HIGH","HIGH","MEDIUM","MEDIUM","true","true","false","DERIVED"
"EVT-BSEE-0442","TIER_A_AUTHORITATIVE","BRONZE","HIGH","HIGH","MEDIUM","MEDIUM","true","true","false","DERIVED"
"EVT-BSEE-0443","TIER_A_AUTHORITATIVE","BRONZE","HIGH","HIGH","MEDIUM","MEDIUM","true","true","false","DERIVED"
"EVT-BSEE-0444","TIER_A_AUTHORITATIVE","BRONZE","HIGH","HIGH","MEDIUM","MEDIUM","true","false","false","UNKNOWN"
"EVT-BSEE-0445","TIER_A_AUTHORITATIVE","BRONZE","HIGH","HIGH","MEDIUM","MEDIUM","true","false","false","UNKNOWN"
"EVT-BSEE-0446","TIER_A_AUTHORITATIVE","BRONZE","HIGH","HIGH","MEDIUM","MEDIUM","true","false","true","UNKNOWN"
"EVT-BSEE-0447","TIER_A_AUTHORITATIVE","BRONZE","HIGH","HIGH","MEDIUM","MEDIUM","true","false","false","UNKNOWN"
"EVT-BSEE-0448","TIER_A_AUTHORITATIVE","BRONZE","HIGH","HIGH","MEDIUM","MEDIUM","true","true","false","DERIVED"
"EVT-BSEE-0449","TIER_A_AUTHORITATIVE","BRONZE","HIGH","HIGH","MEDIUM","MEDIUM","true","true","false","DERIVED"
"EVT-BSEE-0450","TIER_A_AUTHORITATIVE","BRONZE","HIGH","HIGH","MEDIUM","MEDIUM","true","true","false","DERIVED"
"EVT-BSEE-0451","TIER_A_AUTHORITATIVE","BRONZE","HIGH","HIGH","MEDIUM","MEDIUM","true","true","false","DERIVED"
"EVT-BSEE-0452","TIER_A_AUTHORITATIVE","BRONZE","HIGH","HIGH","MEDIUM","MEDIUM","true","true","false","DERIVED"
"EVT-BSEE-0453","TIER_A_AUTHORITATIVE","BRONZE","HIGH","HIGH","MEDIUM","MEDIUM","true","false","false","UNKNOWN"
"EVT-BSEE-0454","TIER_A_AUTHORITATIVE","BRONZE","HIGH","HIGH","MEDIUM","MEDIUM","true","true","false","DERIVED"
"EVT-BSEE-0455","TIER_A_AUTHORITATIVE","BRONZE","HIGH","HIGH","MEDIUM","MEDIUM","true","true","false","DERIVED"
"EVT-BSEE-0456","TIER_A_AUTHORITATIVE","BRONZE","HIGH","HIGH","MEDIUM","MEDIUM","true","false","false","UNKNOWN"
"EVT-BSEE-0457","TIER_A_AUTHORITATIVE","BRONZE","HIGH","HIGH","MEDIUM","MEDIUM","true","false","true","UNKNOWN"
"EVT-BSEE-0458","TIER_A_AUTHORITATIVE","BRONZE","HIGH","HIGH","MEDIUM","MEDIUM","true","true","false","DERIVED"
"EVT-BSEE-0459","TIER_A_AUTHORITATIVE","BRONZE","HIGH","HIGH","MEDIUM","MEDIUM","true","true","false","DERIVED"
"EVT-BSEE-0460","TIER_A_AUTHORITATIVE","BRONZE","HIGH","HIGH","MEDIUM","MEDIUM","true","true","false","DERIVED"
"EVT-BSEE-0461","TIER_A_AUTHORITATIVE","BRONZE","HIGH","HIGH","MEDIUM","MEDIUM","true","true","false","DERIVED"
"EVT-BSEE-0462","TIER_A_AUTHORITATIVE","BRONZE","HIGH","HIGH","MEDIUM","MEDIUM","true","false","false","UNKNOWN"
"EVT-BSEE-0464","TIER_A_AUTHORITATIVE","BRONZE","HIGH","HIGH","MEDIUM","MEDIUM","true","true","false","DERIVED"
"EVT-BSEE-0465","TIER_A_AUTHORITATIVE","BRONZE","HIGH","HIGH","MEDIUM","MEDIUM","true","true","false","DERIVED"
"EVT-BSEE-0466","TIER_A_AUTHORITATIVE","BRONZE","HIGH","HIGH","MEDIUM","MEDIUM","true","false","false","UNKNOWN"
"EVT-BSEE-0467","TIER_A_AUTHORITATIVE","BRONZE","HIGH","HIGH","MEDIUM","MEDIUM","true","true","false","DERIVED"
"EVT-BSEE-0468","TIER_A_AUTHORITATIVE","BRONZE","HIGH","HIGH","MEDIUM","MEDIUM","true","false","false","UNKNOWN"
"EVT-BSEE-0469","TIER_A_AUTHORITATIVE","BRONZE","HIGH","HIGH","MEDIUM","MEDIUM","true","true","false","DERIVED"
"EVT-BSEE-0470","TIER_A_AUTHORITATIVE","BRONZE","HIGH","HIGH","MEDIUM","MEDIUM","true","true","false","DERIVED"
"EVT-BSEE-0471","TIER_A_AUTHORITATIVE","BRONZE","HIGH","HIGH","MEDIUM","MEDIUM","true","false","false","UNKNOWN"
"EVT-BSEE-0472","TIER_A_AUTHORITATIVE","BRONZE","HIGH","HIGH","MEDIUM","MEDIUM","true","false","true","UNKNOWN"
"EVT-BSEE-0473","TIER_A_AUTHORITATIVE","BRONZE","HIGH","HIGH","MEDIUM","MEDIUM","true","true","false","DERIVED"
"EVT-BSEE-0474","TIER_A_AUTHORITATIVE","BRONZE","HIGH","HIGH","MEDIUM","MEDIUM","true","false","false","UNKNOWN"
"EVT-BSEE-0475","TIER_A_AUTHORITATIVE","BRONZE","HIGH","HIGH","MEDIUM","MEDIUM","true","false","false","UNKNOWN"
"EVT-BSEE-0476","TIER_A_AUTHORITATIVE","BRONZE","HIGH","HIGH","MEDIUM","MEDIUM","true","false","false","UNKNOWN"
"EVT-BSEE-0477","TIER_A_AUTHORITATIVE","BRONZE","HIGH","HIGH","MEDIUM","MEDIUM","true","true","false","DERIVED"
"EVT-BSEE-0478","TIER_A_AUTHORITATIVE","BRONZE","HIGH","HIGH","MEDIUM","MEDIUM","true","false","true","UNKNOWN"
"EVT-BSEE-0479","TIER_A_AUTHORITATIVE","BRONZE","HIGH","HIGH","MEDIUM","MEDIUM","true","false","false","UNKNOWN"
"EVT-BSEE-0480","TIER_A_AUTHORITATIVE","BRONZE","HIGH","HIGH","MEDIUM","MEDIUM","true","false","false","UNKNOWN"
"EVT-BSEE-0481","TIER_A_AUTHORITATIVE","BRONZE","HIGH","HIGH","MEDIUM","MEDIUM","true","true","false","DERIVED"
"EVT-BSEE-0482","TIER_A_AUTHORITATIVE","BRONZE","HIGH","HIGH","MEDIUM","MEDIUM","true","false","true","UNKNOWN"
"EVT-BSEE-0483","TIER_A_AUTHORITATIVE","BRONZE","HIGH","HIGH","MEDIUM","MEDIUM","true","false","false","UNKNOWN"
"EVT-BSEE-0484","TIER_A_AUTHORITATIVE","BRONZE","HIGH","HIGH","MEDIUM","MEDIUM","true","false","false","UNKNOWN"
"EVT-BSEE-0485","TIER_A_AUTHORITATIVE","BRONZE","HIGH","HIGH","MEDIUM","MEDIUM","true","false","false","UNKNOWN"
"EVT-BSEE-0486","TIER_A_AUTHORITATIVE","BRONZE","HIGH","HIGH","MEDIUM","MEDIUM","true","false","false","UNKNOWN"
"EVT-BSEE-0487","TIER_A_AUTHORITATIVE","BRONZE","HIGH","HIGH","MEDIUM","MEDIUM","true","true","false","DERIVED"
"EVT-BSEE-0488","TIER_A_AUTHORITATIVE","SILVER","HIGH","HIGH","MEDIUM","HIGH","true","true","true","DERIVED"
"EVT-BSEE-0489","TIER_A_AUTHORITATIVE","BRONZE","HIGH","HIGH","MEDIUM","MEDIUM","true","true","false","DERIVED"
"EVT-BSEE-0490","TIER_A_AUTHORITATIVE","BRONZE","HIGH","HIGH","MEDIUM","MEDIUM","true","false","false","UNKNOWN"
"EVT-BSEE-0491","TIER_A_AUTHORITATIVE","BRONZE","HIGH","HIGH","MEDIUM","MEDIUM","true","true","false","DERIVED"
"EVT-BSEE-0492","TIER_A_AUTHORITATIVE","BRONZE","HIGH","HIGH","MEDIUM","MEDIUM","true","false","false","UNKNOWN"
"EVT-BSEE-0493","TIER_A_AUTHORITATIVE","BRONZE","HIGH","HIGH","MEDIUM","MEDIUM","true","false","true","UNKNOWN"
"EVT-BSEE-0494","TIER_A_AUTHORITATIVE","BRONZE","HIGH","HIGH","MEDIUM","MEDIUM","true","false","false","UNKNOWN"
"EVT-BSEE-0495","TIER_A_AUTHORITATIVE","BRONZE","HIGH","HIGH","MEDIUM","MEDIUM","true","false","false","UNKNOWN"
"EVT-BSEE-0496","TIER_A_AUTHORITATIVE","BRONZE","HIGH","HIGH","MEDIUM","MEDIUM","true","true","false","DERIVED"
"EVT-BSEE-0497","TIER_A_AUTHORITATIVE","BRONZE","HIGH","HIGH","MEDIUM","MEDIUM","true","false","true","UNKNOWN"
"EVT-BSEE-0498","TIER_A_AUTHORITATIVE","BRONZE","HIGH","HIGH","MEDIUM","MEDIUM","true","false","false","UNKNOWN"
"EVT-BSEE-0499","TIER_A_AUTHORITATIVE","BRONZE","HIGH","HIGH","MEDIUM","MEDIUM","true","false","true","UNKNOWN"
"EVT-BSEE-0500","TIER_A_AUTHORITATIVE","BRONZE","HIGH","HIGH","MEDIUM","MEDIUM","true","false","false","UNKNOWN"
"EVT-BSEE-0501","TIER_A_AUTHORITATIVE","SILVER","HIGH","HIGH","MEDIUM","HIGH","true","true","true","DERIVED"
"EVT-BSEE-0502","TIER_A_AUTHORITATIVE","BRONZE","HIGH","HIGH","MEDIUM","MEDIUM","true","false","false","UNKNOWN"
"EVT-BSEE-0503","TIER_A_AUTHORITATIVE","BRONZE","HIGH","HIGH","MEDIUM","MEDIUM","true","true","false","DERIVED"
"EVT-BSEE-0504","TIER_A_AUTHORITATIVE","BRONZE","HIGH","HIGH","MEDIUM","MEDIUM","true","true","false","DERIVED"
"EVT-BSEE-0505","TIER_A_AUTHORITATIVE","BRONZE","HIGH","HIGH","MEDIUM","MEDIUM","true","false","true","UNKNOWN"
"EVT-BSEE-0506","TIER_A_AUTHORITATIVE","BRONZE","HIGH","HIGH","MEDIUM","MEDIUM","true","true","false","DERIVED"
"EVT-BSEE-0507","TIER_A_AUTHORITATIVE","BRONZE","HIGH","HIGH","MEDIUM","MEDIUM","true","false","false","UNKNOWN"
"EVT-BSEE-0508","TIER_A_AUTHORITATIVE","BRONZE","HIGH","HIGH","MEDIUM","MEDIUM","true","true","false","DERIVED"
"EVT-BSEE-0509","TIER_A_AUTHORITATIVE","BRONZE","HIGH","HIGH","MEDIUM","MEDIUM","true","false","false","UNKNOWN"
"EVT-BSEE-0510","TIER_A_AUTHORITATIVE","BRONZE","HIGH","HIGH","MEDIUM","MEDIUM","true","false","false","UNKNOWN"
"EVT-BSEE-0511","TIER_A_AUTHORITATIVE","BRONZE","HIGH","HIGH","MEDIUM","MEDIUM","true","false","false","UNKNOWN"
"EVT-BSEE-0512","TIER_A_AUTHORITATIVE","BRONZE","HIGH","HIGH","MEDIUM","MEDIUM","true","false","false","UNKNOWN"
"EVT-BSEE-0513","TIER_A_AUTHORITATIVE","BRONZE","HIGH","HIGH","MEDIUM","MEDIUM","true","true","false","DERIVED"
"EVT-BSEE-0514","TIER_A_AUTHORITATIVE","BRONZE","HIGH","HIGH","MEDIUM","MEDIUM","true","false","false","UNKNOWN"
"EVT-BSEE-0515","TIER_A_AUTHORITATIVE","BRONZE","HIGH","HIGH","MEDIUM","MEDIUM","true","false","false","UNKNOWN"
"EVT-BSEE-0516","TIER_A_AUTHORITATIVE","BRONZE","HIGH","HIGH","MEDIUM","MEDIUM","true","false","false","UNKNOWN"
"EVT-BSEE-0517","TIER_A_AUTHORITATIVE","BRONZE","HIGH","HIGH","MEDIUM","MEDIUM","true","false","false","UNKNOWN"
"EVT-BSEE-0518","TIER_A_AUTHORITATIVE","BRONZE","HIGH","HIGH","MEDIUM","MEDIUM","true","false","false","UNKNOWN"
"EVT-BSEE-0519","TIER_A_AUTHORITATIVE","BRONZE","HIGH","HIGH","MEDIUM","MEDIUM","true","true","false","DERIVED"
"EVT-BSEE-0520","TIER_A_AUTHORITATIVE","BRONZE","HIGH","HIGH","MEDIUM","MEDIUM","true","false","false","UNKNOWN"
"EVT-BSEE-0521","TIER_A_AUTHORITATIVE","BRONZE","HIGH","HIGH","MEDIUM","MEDIUM","true","false","false","UNKNOWN"
"EVT-BSEE-0522","TIER_A_AUTHORITATIVE","BRONZE","HIGH","HIGH","MEDIUM","MEDIUM","true","false","false","UNKNOWN"
"EVT-BSEE-0523","TIER_A_AUTHORITATIVE","BRONZE","HIGH","HIGH","MEDIUM","MEDIUM","true","true","false","DERIVED"
"EVT-BSEE-0524","TIER_A_AUTHORITATIVE","BRONZE","HIGH","HIGH","MEDIUM","MEDIUM","true","false","false","UNKNOWN"
"EVT-BSEE-0525","TIER_A_AUTHORITATIVE","BRONZE","HIGH","HIGH","MEDIUM","MEDIUM","true","true","false","DERIVED"
"EVT-BSEE-0526","TIER_A_AUTHORITATIVE","BRONZE","HIGH","HIGH","MEDIUM","MEDIUM","true","false","false","UNKNOWN"
"EVT-BSEE-0527","TIER_A_AUTHORITATIVE","BRONZE","HIGH","HIGH","MEDIUM","MEDIUM","true","true","false","DERIVED"
"EVT-BSEE-0528","TIER_A_AUTHORITATIVE","BRONZE","HIGH","HIGH","MEDIUM","MEDIUM","true","false","false","UNKNOWN"
"EVT-BSEE-0529","TIER_A_AUTHORITATIVE","BRONZE","HIGH","HIGH","MEDIUM","MEDIUM","true","true","false","DERIVED"
"EVT-BSEE-0530","TIER_A_AUTHORITATIVE","BRONZE","HIGH","HIGH","MEDIUM","MEDIUM","true","true","false","UNKNOWN"
"EVT-BSEE-0532","TIER_A_AUTHORITATIVE","BRONZE","HIGH","HIGH","MEDIUM","MEDIUM","true","true","false","DERIVED"
"EVT-BSEE-0533","TIER_A_AUTHORITATIVE","BRONZE","HIGH","HIGH","MEDIUM","MEDIUM","true","false","false","UNKNOWN"
"EVT-BSEE-0534","TIER_A_AUTHORITATIVE","BRONZE","HIGH","HIGH","MEDIUM","MEDIUM","true","false","true","UNKNOWN"
"EVT-BSEE-0535","TIER_A_AUTHORITATIVE","BRONZE","HIGH","HIGH","MEDIUM","MEDIUM","true","false","false","UNKNOWN"
"EVT-BSEE-0536","TIER_A_AUTHORITATIVE","BRONZE","HIGH","HIGH","MEDIUM","MEDIUM","true","true","false","DERIVED"
"EVT-BSEE-0537","TIER_A_AUTHORITATIVE","BRONZE","HIGH","HIGH","MEDIUM","MEDIUM","true","false","false","UNKNOWN"
"EVT-BSEE-0538","TIER_A_AUTHORITATIVE","BRONZE","HIGH","HIGH","MEDIUM","MEDIUM","true","false","false","UNKNOWN"
"EVT-BSEE-0540","TIER_A_AUTHORITATIVE","BRONZE","HIGH","HIGH","MEDIUM","MEDIUM","true","false","false","UNKNOWN"
"EVT-BSEE-0541","TIER_A_AUTHORITATIVE","BRONZE","HIGH","HIGH","MEDIUM","MEDIUM","true","false","false","UNKNOWN"
"EVT-BSEE-0542","TIER_A_AUTHORITATIVE","BRONZE","HIGH","HIGH","MEDIUM","MEDIUM","true","false","false","UNKNOWN"
"EVT-BSEE-0543","TIER_A_AUTHORITATIVE","BRONZE","HIGH","HIGH","MEDIUM","MEDIUM","true","false","false","UNKNOWN"
"EVT-BSEE-0544","TIER_A_AUTHORITATIVE","BRONZE","HIGH","HIGH","MEDIUM","MEDIUM","true","true","false","DERIVED"
"EVT-BSEE-0545","TIER_A_AUTHORITATIVE","BRONZE","HIGH","HIGH","MEDIUM","MEDIUM","true","true","false","DERIVED"
"EVT-BSEE-0546","TIER_A_AUTHORITATIVE","BRONZE","HIGH","HIGH","MEDIUM","MEDIUM","true","false","false","UNKNOWN"
"EVT-BSEE-0547","TIER_A_AUTHORITATIVE","BRONZE","HIGH","HIGH","MEDIUM","MEDIUM","true","true","false","DERIVED"
"EVT-BSEE-0549","TIER_A_AUTHORITATIVE","BRONZE","HIGH","HIGH","MEDIUM","MEDIUM","true","false","false","UNKNOWN"
"EVT-BSEE-0550","TIER_A_AUTHORITATIVE","BRONZE","HIGH","HIGH","MEDIUM","MEDIUM","true","false","false","UNKNOWN"
"EVT-BSEE-0551","TIER_A_AUTHORITATIVE","BRONZE","HIGH","HIGH","MEDIUM","MEDIUM","true","true","false","DERIVED"
"EVT-BSEE-0552","TIER_A_AUTHORITATIVE","BRONZE","HIGH","HIGH","MEDIUM","MEDIUM","true","false","false","UNKNOWN"
"EVT-BSEE-0553","TIER_A_AUTHORITATIVE","BRONZE","HIGH","HIGH","MEDIUM","MEDIUM","true","false","false","UNKNOWN"
"EVT-BSEE-0554","TIER_A_AUTHORITATIVE","BRONZE","HIGH","HIGH","MEDIUM","MEDIUM","true","false","false","UNKNOWN"
"EVT-BSEE-0555","TIER_A_AUTHORITATIVE","BRONZE","HIGH","HIGH","MEDIUM","MEDIUM","true","true","false","DERIVED"
"EVT-BSEE-0556","TIER_A_AUTHORITATIVE","BRONZE","HIGH","HIGH","MEDIUM","MEDIUM","true","false","false","UNKNOWN"
"EVT-BSEE-0557","TIER_A_AUTHORITATIVE","BRONZE","HIGH","HIGH","MEDIUM","MEDIUM","true","true","false","DERIVED"
"EVT-BSEE-0558","TIER_A_AUTHORITATIVE","BRONZE","HIGH","HIGH","MEDIUM","MEDIUM","true","true","false","DERIVED"
"EVT-BSEE-0559","TIER_A_AUTHORITATIVE","BRONZE","HIGH","HIGH","MEDIUM","MEDIUM","true","false","false","UNKNOWN"
"EVT-BSEE-0560","TIER_A_AUTHORITATIVE","BRONZE","HIGH","HIGH","MEDIUM","MEDIUM","true","false","false","UNKNOWN"
"EVT-BSEE-0561","TIER_A_AUTHORITATIVE","BRONZE","HIGH","HIGH","MEDIUM","MEDIUM","true","false","false","UNKNOWN"
"EVT-BSEE-0562","TIER_A_AUTHORITATIVE","BRONZE","HIGH","HIGH","MEDIUM","MEDIUM","true","true","false","DERIVED"
"EVT-BSEE-0563","TIER_A_AUTHORITATIVE","BRONZE","HIGH","HIGH","MEDIUM","MEDIUM","true","true","false","DERIVED"
"EVT-BSEE-0564","TIER_A_AUTHORITATIVE","BRONZE","HIGH","HIGH","MEDIUM","MEDIUM","true","true","false","DERIVED"
"EVT-BSEE-0565","TIER_A_AUTHORITATIVE","BRONZE","HIGH","HIGH","MEDIUM","MEDIUM","true","false","false","UNKNOWN"
"EVT-BSEE-0566","TIER_A_AUTHORITATIVE","BRONZE","HIGH","HIGH","MEDIUM","MEDIUM","true","false","false","UNKNOWN"
"EVT-BSEE-0567","TIER_A_AUTHORITATIVE","BRONZE","HIGH","HIGH","MEDIUM","MEDIUM","true","false","false","UNKNOWN"
"EVT-BSEE-0568","TIER_A_AUTHORITATIVE","BRONZE","HIGH","HIGH","MEDIUM","MEDIUM","true","true","false","DERIVED"
"EVT-BSEE-0569","TIER_A_AUTHORITATIVE","BRONZE","HIGH","HIGH","MEDIUM","MEDIUM","true","false","false","UNKNOWN"
"EVT-BSEE-0570","TIER_A_AUTHORITATIVE","BRONZE","HIGH","HIGH","MEDIUM","MEDIUM","true","false","false","UNKNOWN"
"EVT-BSEE-0571","TIER_A_AUTHORITATIVE","BRONZE","HIGH","HIGH","MEDIUM","MEDIUM","true","false","true","UNKNOWN"
"EVT-BSEE-0572","TIER_A_AUTHORITATIVE","BRONZE","HIGH","HIGH","MEDIUM","MEDIUM","true","true","false","DERIVED"
"EVT-BSEE-0573","TIER_A_AUTHORITATIVE","BRONZE","HIGH","HIGH","MEDIUM","MEDIUM","true","false","false","UNKNOWN"
"EVT-BSEE-0574","TIER_A_AUTHORITATIVE","BRONZE","HIGH","HIGH","MEDIUM","MEDIUM","true","true","false","DERIVED"
"EVT-BSEE-0575","TIER_A_AUTHORITATIVE","BRONZE","HIGH","HIGH","MEDIUM","MEDIUM","true","true","false","DERIVED"
"EVT-BSEE-0576","TIER_A_AUTHORITATIVE","BRONZE","HIGH","HIGH","MEDIUM","MEDIUM","true","true","false","DERIVED"
"EVT-BSEE-0577","TIER_A_AUTHORITATIVE","BRONZE","HIGH","HIGH","MEDIUM","MEDIUM","true","false","false","UNKNOWN"
"EVT-BSEE-0578","TIER_A_AUTHORITATIVE","BRONZE","HIGH","HIGH","MEDIUM","MEDIUM","true","false","false","UNKNOWN"
"EVT-BSEE-0579","TIER_A_AUTHORITATIVE","SILVER","HIGH","HIGH","MEDIUM","HIGH","true","true","false","DERIVED"
"EVT-BSEE-0580","TIER_A_AUTHORITATIVE","BRONZE","HIGH","HIGH","MEDIUM","MEDIUM","true","true","true","DERIVED"
"EVT-BSEE-0581","TIER_A_AUTHORITATIVE","BRONZE","HIGH","HIGH","MEDIUM","MEDIUM","true","false","false","UNKNOWN"
"EVT-IMCA-0001","TIER_B_INDUSTRY","GOLD","HIGH","HIGH","HIGH","HIGH","true","true","true","EXPLICIT"
"EVT-IMCA-0002","TIER_B_INDUSTRY","BRONZE","HIGH","HIGH","MEDIUM","MEDIUM","true","true","false","DERIVED"
"EVT-IMCA-0003","TIER_B_INDUSTRY","GOLD","HIGH","HIGH","HIGH","HIGH","true","true","true","EXPLICIT"
"EVT-IMCA-0004","TIER_B_INDUSTRY","BRONZE","HIGH","HIGH","MEDIUM","MEDIUM","true","false","false","UNKNOWN"
"EVT-IMCA-0005","TIER_B_INDUSTRY","SILVER","HIGH","HIGH","MEDIUM","HIGH","true","true","false","DERIVED"
"EVT-IMCA-0006","TIER_B_INDUSTRY","BRONZE","HIGH","HIGH","MEDIUM","MEDIUM","true","false","false","UNKNOWN"
"EVT-IMCA-0007","TIER_B_INDUSTRY","BRONZE","HIGH","HIGH","MEDIUM","MEDIUM","true","false","false","UNKNOWN"
"EVT-IMCA-0008","TIER_B_INDUSTRY","BRONZE","HIGH","HIGH","MEDIUM","MEDIUM","true","false","true","UNKNOWN"
"EVT-IMCA-0009","TIER_B_INDUSTRY","BRONZE","HIGH","HIGH","MEDIUM","MEDIUM","true","false","false","UNKNOWN"
"EVT-IMCA-0010","TIER_B_INDUSTRY","SILVER","HIGH","HIGH","MEDIUM","HIGH","true","true","false","DERIVED"
"EVT-IMCA-0011","TIER_B_INDUSTRY","GOLD","HIGH","HIGH","HIGH","HIGH","true","true","true","EXPLICIT"
"EVT-IMCA-0012","TIER_B_INDUSTRY","GOLD","HIGH","HIGH","HIGH","HIGH","true","true","true","EXPLICIT"
"EVT-IMCA-0013","TIER_B_INDUSTRY","GOLD","HIGH","HIGH","HIGH","HIGH","true","true","true","EXPLICIT"
"EVT-IMCA-0014","TIER_B_INDUSTRY","GOLD","HIGH","HIGH","HIGH","HIGH","true","true","true","EXPLICIT"
"EVT-IMCA-0015","TIER_B_INDUSTRY","GOLD","HIGH","HIGH","HIGH","HIGH","true","true","true","EXPLICIT"
"EVT-IMCA-0016","TIER_B_INDUSTRY","GOLD","HIGH","HIGH","HIGH","HIGH","true","true","true","EXPLICIT"
"EVT-IMCA-0017","TIER_B_INDUSTRY","GOLD","HIGH","HIGH","HIGH","HIGH","true","true","true","EXPLICIT"
"EVT-IMCA-0018","TIER_B_INDUSTRY","GOLD","HIGH","HIGH","HIGH","HIGH","true","true","true","EXPLICIT"
"EVT-IMCA-0019","TIER_B_INDUSTRY","GOLD","HIGH","HIGH","HIGH","HIGH","true","true","true","EXPLICIT"
"EVT-IMCA-0020","TIER_B_INDUSTRY","GOLD","HIGH","HIGH","HIGH","HIGH","true","true","true","EXPLICIT"
"EVT-IMCA-0021","TIER_B_INDUSTRY","GOLD","HIGH","HIGH","HIGH","HIGH","true","true","true","EXPLICIT"
"EVT-IMCA-0022","TIER_B_INDUSTRY","GOLD","HIGH","HIGH","HIGH","HIGH","true","true","true","EXPLICIT"
"EVT-IMCA-0023","TIER_B_INDUSTRY","GOLD","HIGH","HIGH","HIGH","HIGH","true","true","true","EXPLICIT"
"EVT-IMCA-0024","TIER_B_INDUSTRY","GOLD","HIGH","HIGH","HIGH","HIGH","true","true","true","EXPLICIT"
"EVT-IMCA-0025","TIER_B_INDUSTRY","GOLD","HIGH","HIGH","HIGH","HIGH","true","true","true","EXPLICIT"
"EVT-IMCA-0026","TIER_B_INDUSTRY","GOLD","HIGH","HIGH","HIGH","HIGH","true","true","true","EXPLICIT"
"EVT-IMCA-0027","TIER_B_INDUSTRY","GOLD","HIGH","HIGH","HIGH","HIGH","true","true","true","EXPLICIT"
"EVT-IMCA-0028","TIER_B_INDUSTRY","GOLD","HIGH","HIGH","HIGH","HIGH","true","true","true","EXPLICIT"
"EVT-IMCA-0029","TIER_B_INDUSTRY","GOLD","HIGH","HIGH","HIGH","HIGH","true","true","true","EXPLICIT"
"EVT-IMCA-0030","TIER_B_INDUSTRY","GOLD","HIGH","HIGH","HIGH","HIGH","true","true","true","EXPLICIT"
"EVT-IMCA-0031","TIER_B_INDUSTRY","GOLD","HIGH","HIGH","HIGH","HIGH","true","true","true","EXPLICIT"
"EVT-IMCA-0032","TIER_B_INDUSTRY","GOLD","HIGH","HIGH","HIGH","HIGH","true","true","true","EXPLICIT"
"EVT-IMCA-0033","TIER_B_INDUSTRY","GOLD","HIGH","HIGH","HIGH","HIGH","true","true","true","EXPLICIT"
"EVT-IMCA-0034","TIER_B_INDUSTRY","GOLD","HIGH","HIGH","HIGH","HIGH","true","true","true","EXPLICIT"
"EVT-IMCA-0036","TIER_B_INDUSTRY","GOLD","HIGH","HIGH","HIGH","HIGH","true","true","true","EXPLICIT"
"EVT-IMCA-0037","TIER_B_INDUSTRY","GOLD","HIGH","HIGH","HIGH","HIGH","true","true","true","EXPLICIT"
"EVT-IMCA-0038","TIER_B_INDUSTRY","GOLD","HIGH","HIGH","HIGH","HIGH","true","true","true","EXPLICIT"
"EVT-IMCA-0039","TIER_B_INDUSTRY","GOLD","HIGH","HIGH","HIGH","HIGH","true","true","true","EXPLICIT"
"EVT-IMCA-0040","TIER_B_INDUSTRY","GOLD","HIGH","HIGH","HIGH","HIGH","true","true","true","EXPLICIT"
"EVT-IMCA-0041","TIER_B_INDUSTRY","GOLD","HIGH","HIGH","HIGH","HIGH","true","true","true","EXPLICIT"
"EVT-IMCA-0042","TIER_B_INDUSTRY","GOLD","HIGH","HIGH","HIGH","HIGH","true","true","true","EXPLICIT"
"EVT-IMCA-0043","TIER_B_INDUSTRY","GOLD","HIGH","HIGH","HIGH","HIGH","true","true","true","EXPLICIT"
"EVT-IMCA-0044","TIER_B_INDUSTRY","GOLD","HIGH","HIGH","HIGH","HIGH","true","true","true","EXPLICIT"
"EVT-IMCA-0045","TIER_B_INDUSTRY","GOLD","HIGH","HIGH","HIGH","HIGH","true","true","true","EXPLICIT"
"EVT-IMCA-0046","TIER_B_INDUSTRY","GOLD","HIGH","HIGH","HIGH","HIGH","true","true","true","EXPLICIT"
"EVT-IMCA-0047","TIER_B_INDUSTRY","GOLD","HIGH","HIGH","HIGH","HIGH","true","true","true","EXPLICIT"
"EVT-IMCA-0048","TIER_B_INDUSTRY","GOLD","HIGH","HIGH","HIGH","HIGH","true","true","true","EXPLICIT"
"EVT-IMCA-0049","TIER_B_INDUSTRY","GOLD","HIGH","HIGH","HIGH","HIGH","true","true","true","EXPLICIT"
"EVT-IMCA-0050","TIER_B_INDUSTRY","GOLD","HIGH","HIGH","HIGH","HIGH","true","true","true","EXPLICIT"
"EVT-IMCA-0051","TIER_B_INDUSTRY","GOLD","HIGH","HIGH","HIGH","HIGH","true","true","true","EXPLICIT"
"EVT-IMCA-0052","TIER_B_INDUSTRY","GOLD","HIGH","HIGH","HIGH","HIGH","true","true","true","EXPLICIT"
"EVT-IMCA-0053","TIER_B_INDUSTRY","GOLD","HIGH","HIGH","HIGH","HIGH","true","true","true","EXPLICIT"
"EVT-IMCA-0054","TIER_B_INDUSTRY","GOLD","HIGH","HIGH","HIGH","HIGH","true","true","true","EXPLICIT"
"EVT-IMCA-0055","TIER_B_INDUSTRY","BRONZE","HIGH","HIGH","MEDIUM","MEDIUM","true","false","true","UNKNOWN"
"EVT-IMCA-0056","TIER_B_INDUSTRY","BRONZE","HIGH","HIGH","MEDIUM","MEDIUM","true","false","false","UNKNOWN"
"EVT-IMCA-0057","TIER_B_INDUSTRY","BRONZE","HIGH","HIGH","MEDIUM","MEDIUM","true","false","false","UNKNOWN"
"EVT-IMCA-0058","TIER_B_INDUSTRY","GOLD","HIGH","HIGH","HIGH","HIGH","true","true","true","EXPLICIT"
"EVT-IMCA-0059","TIER_B_INDUSTRY","BRONZE","HIGH","HIGH","MEDIUM","MEDIUM","true","false","true","UNKNOWN"
"EVT-IMCA-0060","TIER_B_INDUSTRY","BRONZE","HIGH","HIGH","MEDIUM","MEDIUM","true","true","false","DERIVED"
"EVT-IMCA-0061","TIER_B_INDUSTRY","GOLD","HIGH","HIGH","HIGH","HIGH","true","true","true","EXPLICIT"
"EVT-IMCA-0062","TIER_B_INDUSTRY","GOLD","HIGH","HIGH","HIGH","HIGH","true","true","true","EXPLICIT"
"EVT-IMCA-0063","TIER_B_INDUSTRY","GOLD","HIGH","HIGH","HIGH","HIGH","true","true","true","EXPLICIT"
"EVT-IMCA-0064","TIER_B_INDUSTRY","SILVER","HIGH","HIGH","MEDIUM","HIGH","true","true","false","DERIVED"
"EVT-IMCA-0065","TIER_B_INDUSTRY","GOLD","HIGH","HIGH","HIGH","HIGH","true","true","true","EXPLICIT"
"EVT-IMCA-0066","TIER_B_INDUSTRY","GOLD","HIGH","HIGH","HIGH","HIGH","true","true","true","EXPLICIT"
"EVT-IMCA-0067","TIER_B_INDUSTRY","GOLD","HIGH","HIGH","HIGH","HIGH","true","true","true","EXPLICIT"
"EVT-IMCA-0068","TIER_B_INDUSTRY","GOLD","HIGH","HIGH","HIGH","HIGH","true","true","true","EXPLICIT"
"EVT-IMCA-0069","TIER_B_INDUSTRY","GOLD","HIGH","HIGH","HIGH","HIGH","true","true","true","EXPLICIT"
"EVT-IMCA-0070","TIER_B_INDUSTRY","GOLD","HIGH","HIGH","HIGH","HIGH","true","true","true","EXPLICIT"
"EVT-IMCA-0071","TIER_B_INDUSTRY","GOLD","HIGH","HIGH","HIGH","HIGH","true","true","true","EXPLICIT"
"EVT-IMCA-0072","TIER_B_INDUSTRY","GOLD","HIGH","HIGH","HIGH","HIGH","true","true","true","EXPLICIT"
"EVT-IMCA-0073","TIER_B_INDUSTRY","GOLD","HIGH","HIGH","HIGH","HIGH","true","true","true","EXPLICIT"
"EVT-IMCA-0074","TIER_B_INDUSTRY","GOLD","HIGH","HIGH","HIGH","HIGH","true","true","true","EXPLICIT"
"EVT-IMCA-0075","TIER_B_INDUSTRY","GOLD","HIGH","HIGH","HIGH","HIGH","true","true","true","EXPLICIT"
"EVT-IMCA-0076","TIER_B_INDUSTRY","GOLD","HIGH","HIGH","HIGH","HIGH","true","true","true","EXPLICIT"
"EVT-IMCA-0077","TIER_B_INDUSTRY","GOLD","HIGH","HIGH","HIGH","HIGH","true","true","true","EXPLICIT"
"EVT-IMCA-0078","TIER_B_INDUSTRY","GOLD","HIGH","HIGH","HIGH","HIGH","true","true","true","EXPLICIT"
"EVT-IMCA-0079","TIER_B_INDUSTRY","GOLD","HIGH","HIGH","HIGH","HIGH","true","true","true","EXPLICIT"
"EVT-IMCA-0080","TIER_B_INDUSTRY","GOLD","HIGH","HIGH","HIGH","HIGH","true","true","true","EXPLICIT"
"EVT-IMCA-0081","TIER_B_INDUSTRY","GOLD","HIGH","HIGH","HIGH","HIGH","true","true","true","EXPLICIT"
"EVT-IMCA-0082","TIER_B_INDUSTRY","GOLD","HIGH","HIGH","HIGH","HIGH","true","true","true","EXPLICIT"
"EVT-IMCA-0083","TIER_B_INDUSTRY","GOLD","HIGH","HIGH","HIGH","HIGH","true","true","true","EXPLICIT"
"EVT-IMCA-0084","TIER_B_INDUSTRY","GOLD","HIGH","HIGH","HIGH","HIGH","true","true","true","EXPLICIT"
"EVT-IMCA-0085","TIER_B_INDUSTRY","GOLD","HIGH","HIGH","HIGH","HIGH","true","true","true","EXPLICIT"
"EVT-IMCA-0086","TIER_B_INDUSTRY","GOLD","HIGH","HIGH","HIGH","HIGH","true","true","true","EXPLICIT"
"EVT-IMCA-0087","TIER_B_INDUSTRY","GOLD","HIGH","HIGH","HIGH","HIGH","true","true","true","EXPLICIT"
"EVT-IMCA-0088","TIER_B_INDUSTRY","GOLD","HIGH","HIGH","HIGH","HIGH","true","true","true","EXPLICIT"
"EVT-IMCA-0089","TIER_B_INDUSTRY","GOLD","HIGH","HIGH","HIGH","HIGH","true","true","true","EXPLICIT"
"EVT-IMCA-0090","TIER_B_INDUSTRY","GOLD","HIGH","HIGH","HIGH","HIGH","true","true","true","EXPLICIT"
"EVT-IMCA-0091","TIER_B_INDUSTRY","GOLD","HIGH","HIGH","HIGH","HIGH","true","true","true","EXPLICIT"
"EVT-IMCA-0092","TIER_B_INDUSTRY","GOLD","HIGH","HIGH","HIGH","HIGH","true","true","true","EXPLICIT"
"EVT-IMCA-0093","TIER_B_INDUSTRY","GOLD","HIGH","HIGH","HIGH","HIGH","true","true","true","EXPLICIT"
"EVT-IMCA-0094","TIER_B_INDUSTRY","GOLD","HIGH","HIGH","HIGH","HIGH","true","true","true","EXPLICIT"
"EVT-IMCA-0095","TIER_B_INDUSTRY","GOLD","HIGH","HIGH","HIGH","HIGH","true","true","true","EXPLICIT"
"EVT-IMCA-0096","TIER_B_INDUSTRY","GOLD","HIGH","HIGH","HIGH","HIGH","true","true","true","EXPLICIT"
"EVT-IMCA-0097","TIER_B_INDUSTRY","GOLD","HIGH","HIGH","HIGH","HIGH","true","true","true","EXPLICIT"
"EVT-IMCA-0098","TIER_B_INDUSTRY","GOLD","HIGH","HIGH","HIGH","HIGH","true","true","true","EXPLICIT"
"EVT-IMCA-0099","TIER_B_INDUSTRY","GOLD","HIGH","HIGH","HIGH","HIGH","true","true","true","EXPLICIT"
"EVT-IMCA-0100","TIER_B_INDUSTRY","GOLD","HIGH","HIGH","HIGH","HIGH","true","true","true","EXPLICIT"
"EVT-IMCA-0101","TIER_B_INDUSTRY","GOLD","HIGH","HIGH","HIGH","HIGH","true","true","true","EXPLICIT"
"EVT-IMCA-0102","TIER_B_INDUSTRY","GOLD","HIGH","HIGH","HIGH","HIGH","true","true","true","EXPLICIT"
"EVT-IMCA-0103","TIER_B_INDUSTRY","GOLD","HIGH","HIGH","HIGH","HIGH","true","true","true","EXPLICIT"
"EVT-IMCA-0104","TIER_B_INDUSTRY","GOLD","HIGH","HIGH","HIGH","HIGH","true","true","true","EXPLICIT"
"EVT-IMCA-0105","TIER_B_INDUSTRY","GOLD","HIGH","HIGH","HIGH","HIGH","true","true","true","EXPLICIT"
"EVT-IMCA-0106","TIER_B_INDUSTRY","GOLD","HIGH","HIGH","HIGH","HIGH","true","true","true","EXPLICIT"
"EVT-IMCA-0107","TIER_B_INDUSTRY","GOLD","HIGH","HIGH","HIGH","HIGH","true","true","true","EXPLICIT"
"EVT-IMCA-0108","TIER_B_INDUSTRY","GOLD","HIGH","HIGH","HIGH","HIGH","true","true","true","EXPLICIT"
"EVT-IMCA-0109","TIER_B_INDUSTRY","GOLD","HIGH","HIGH","HIGH","HIGH","true","true","true","EXPLICIT"
"EVT-IMCA-0110","TIER_B_INDUSTRY","GOLD","HIGH","HIGH","HIGH","HIGH","true","true","true","EXPLICIT"
"EVT-IMCA-0111","TIER_B_INDUSTRY","GOLD","HIGH","HIGH","HIGH","HIGH","true","true","true","EXPLICIT"
"EVT-IMCA-0112","TIER_B_INDUSTRY","GOLD","HIGH","HIGH","HIGH","HIGH","true","true","true","EXPLICIT"
"EVT-IMCA-0113","TIER_B_INDUSTRY","GOLD","HIGH","HIGH","HIGH","HIGH","true","true","true","EXPLICIT"
"EVT-IMCA-0114","TIER_B_INDUSTRY","GOLD","HIGH","HIGH","HIGH","HIGH","true","true","true","EXPLICIT"
"EVT-IMCA-0115","TIER_B_INDUSTRY","GOLD","HIGH","HIGH","HIGH","HIGH","true","true","true","EXPLICIT"
"EVT-IMCA-0116","TIER_B_INDUSTRY","GOLD","HIGH","HIGH","HIGH","HIGH","true","true","true","EXPLICIT"
"EVT-IMCA-0117","TIER_B_INDUSTRY","GOLD","HIGH","HIGH","HIGH","HIGH","true","true","true","EXPLICIT"
"EVT-IMCA-0118","TIER_B_INDUSTRY","GOLD","HIGH","HIGH","HIGH","HIGH","true","true","true","EXPLICIT"
"EVT-IMCA-0119","TIER_B_INDUSTRY","GOLD","HIGH","HIGH","HIGH","HIGH","true","true","true","EXPLICIT"
"EVT-IMCA-0120","TIER_B_INDUSTRY","GOLD","HIGH","HIGH","HIGH","HIGH","true","true","true","EXPLICIT"
"EVT-IMCA-0121","TIER_B_INDUSTRY","GOLD","HIGH","HIGH","HIGH","HIGH","true","true","true","EXPLICIT"
"EVT-IMCA-0122","TIER_B_INDUSTRY","GOLD","HIGH","HIGH","HIGH","HIGH","true","true","true","EXPLICIT"
"EVT-IMCA-0123","TIER_B_INDUSTRY","GOLD","HIGH","HIGH","HIGH","HIGH","true","true","true","EXPLICIT"
"EVT-IMCA-0124","TIER_B_INDUSTRY","GOLD","HIGH","HIGH","HIGH","HIGH","true","true","true","EXPLICIT"
"EVT-IMCA-0125","TIER_B_INDUSTRY","GOLD","HIGH","HIGH","HIGH","HIGH","true","true","true","EXPLICIT"
"EVT-IMCA-0126","TIER_B_INDUSTRY","BRONZE","HIGH","HIGH","MEDIUM","MEDIUM","true","true","false","DERIVED"
"EVT-IMCA-0127","TIER_B_INDUSTRY","GOLD","HIGH","HIGH","HIGH","HIGH","true","true","true","EXPLICIT"
"EVT-IMCA-0128","TIER_B_INDUSTRY","GOLD","HIGH","HIGH","HIGH","HIGH","true","true","true","EXPLICIT"
"EVT-IMCA-0129","TIER_B_INDUSTRY","GOLD","HIGH","HIGH","HIGH","HIGH","true","true","true","EXPLICIT"
"EVT-IMCA-0130","TIER_B_INDUSTRY","GOLD","HIGH","HIGH","HIGH","HIGH","true","true","true","EXPLICIT"
"EVT-IMCA-0131","TIER_B_INDUSTRY","GOLD","HIGH","HIGH","HIGH","HIGH","true","true","true","EXPLICIT"
"EVT-IMCA-0132","TIER_B_INDUSTRY","GOLD","HIGH","HIGH","HIGH","HIGH","true","true","true","EXPLICIT"
"EVT-IMCA-0133","TIER_B_INDUSTRY","GOLD","HIGH","HIGH","HIGH","HIGH","true","true","true","EXPLICIT"
"EVT-IMCA-0134","TIER_B_INDUSTRY","GOLD","HIGH","HIGH","HIGH","HIGH","true","true","true","EXPLICIT"
"EVT-IMCA-0135","TIER_B_INDUSTRY","GOLD","HIGH","HIGH","HIGH","HIGH","true","true","true","EXPLICIT"
"EVT-IMCA-0136","TIER_B_INDUSTRY","GOLD","HIGH","HIGH","HIGH","HIGH","true","true","true","EXPLICIT"
"EVT-IMCA-0137","TIER_B_INDUSTRY","GOLD","HIGH","HIGH","HIGH","HIGH","true","true","true","EXPLICIT"
"EVT-IMCA-0138","TIER_B_INDUSTRY","GOLD","HIGH","HIGH","HIGH","HIGH","true","true","true","EXPLICIT"
"EVT-IMCA-0139","TIER_B_INDUSTRY","GOLD","HIGH","HIGH","HIGH","HIGH","true","true","true","EXPLICIT"
"EVT-IMCA-0140","TIER_B_INDUSTRY","GOLD","HIGH","HIGH","HIGH","HIGH","true","true","true","EXPLICIT"
"EVT-IMCA-0141","TIER_B_INDUSTRY","GOLD","HIGH","HIGH","HIGH","HIGH","true","true","true","EXPLICIT"
"EVT-IMCA-0142","TIER_B_INDUSTRY","GOLD","HIGH","HIGH","HIGH","HIGH","true","true","true","EXPLICIT"
"EVT-IMCA-0143","TIER_B_INDUSTRY","GOLD","HIGH","HIGH","HIGH","HIGH","true","true","true","EXPLICIT"
"EVT-IMCA-0144","TIER_B_INDUSTRY","GOLD","HIGH","HIGH","HIGH","HIGH","true","true","true","EXPLICIT"
"EVT-IMCA-0145","TIER_B_INDUSTRY","GOLD","HIGH","HIGH","HIGH","HIGH","true","true","true","EXPLICIT"
"EVT-IMCA-0146","TIER_B_INDUSTRY","GOLD","HIGH","HIGH","HIGH","HIGH","true","true","true","EXPLICIT"
"EVT-IMCA-0147","TIER_B_INDUSTRY","GOLD","HIGH","HIGH","HIGH","HIGH","true","true","true","EXPLICIT"
"EVT-IMCA-0148","TIER_B_INDUSTRY","GOLD","HIGH","HIGH","HIGH","HIGH","true","true","true","EXPLICIT"
"EVT-IMCA-0149","TIER_B_INDUSTRY","GOLD","HIGH","HIGH","HIGH","HIGH","true","true","true","EXPLICIT"
"EVT-IMCA-0150","TIER_B_INDUSTRY","GOLD","HIGH","HIGH","HIGH","HIGH","true","true","true","EXPLICIT"
"EVT-IMCA-0151","TIER_B_INDUSTRY","GOLD","HIGH","HIGH","HIGH","HIGH","true","true","true","EXPLICIT"
"EVT-IMCA-0152","TIER_B_INDUSTRY","GOLD","HIGH","HIGH","HIGH","HIGH","true","true","true","EXPLICIT"
"EVT-IMCA-0153","TIER_B_INDUSTRY","GOLD","HIGH","HIGH","HIGH","HIGH","true","true","true","EXPLICIT"
"EVT-IMCA-0154","TIER_B_INDUSTRY","GOLD","HIGH","HIGH","HIGH","HIGH","true","true","true","EXPLICIT"
"EVT-IMCA-0155","TIER_B_INDUSTRY","GOLD","HIGH","HIGH","HIGH","HIGH","true","true","true","EXPLICIT"
"EVT-IMCA-0156","TIER_B_INDUSTRY","GOLD","HIGH","HIGH","HIGH","HIGH","true","true","true","EXPLICIT"
"EVT-IMCA-0157","TIER_B_INDUSTRY","GOLD","HIGH","HIGH","HIGH","HIGH","true","true","true","EXPLICIT"
"EVT-IMCA-0158","TIER_B_INDUSTRY","GOLD","HIGH","HIGH","HIGH","HIGH","true","true","true","EXPLICIT"
"EVT-IMCA-0159","TIER_B_INDUSTRY","GOLD","HIGH","HIGH","HIGH","HIGH","true","true","true","EXPLICIT"
"EVT-IMCA-0160","TIER_B_INDUSTRY","GOLD","HIGH","HIGH","HIGH","HIGH","true","true","true","EXPLICIT"
"EVT-IMCA-0161","TIER_B_INDUSTRY","GOLD","HIGH","HIGH","HIGH","HIGH","true","true","true","EXPLICIT"
"EVT-IMCA-0162","TIER_B_INDUSTRY","GOLD","HIGH","HIGH","HIGH","HIGH","true","true","true","EXPLICIT"
"EVT-IMCA-0163","TIER_B_INDUSTRY","GOLD","HIGH","HIGH","HIGH","HIGH","true","true","true","EXPLICIT"
"EVT-IMCA-0164","TIER_B_INDUSTRY","GOLD","HIGH","HIGH","HIGH","HIGH","true","true","true","EXPLICIT"
"EVT-IMCA-0165","TIER_B_INDUSTRY","GOLD","HIGH","HIGH","HIGH","HIGH","true","true","true","EXPLICIT"
"EVT-IMCA-0166","TIER_B_INDUSTRY","GOLD","HIGH","HIGH","HIGH","HIGH","true","true","true","EXPLICIT"
"EVT-IMCA-0167","TIER_B_INDUSTRY","GOLD","HIGH","HIGH","HIGH","HIGH","true","true","true","EXPLICIT"
"EVT-IMCA-0168","TIER_B_INDUSTRY","GOLD","HIGH","HIGH","HIGH","HIGH","true","true","true","EXPLICIT"
"EVT-IMCA-0169","TIER_B_INDUSTRY","GOLD","HIGH","HIGH","HIGH","HIGH","true","true","true","EXPLICIT"
"EVT-IMCA-0170","TIER_B_INDUSTRY","GOLD","HIGH","HIGH","HIGH","HIGH","true","true","true","EXPLICIT"
"EVT-IMCA-0171","TIER_B_INDUSTRY","GOLD","HIGH","HIGH","HIGH","HIGH","true","true","true","EXPLICIT"
"EVT-IMCA-0172","TIER_B_INDUSTRY","GOLD","HIGH","HIGH","HIGH","HIGH","true","true","true","EXPLICIT"
"EVT-IMCA-0173","TIER_B_INDUSTRY","GOLD","HIGH","HIGH","HIGH","HIGH","true","true","true","EXPLICIT"
"EVT-IMCA-0174","TIER_B_INDUSTRY","GOLD","HIGH","HIGH","HIGH","HIGH","true","true","true","EXPLICIT"
"EVT-IMCA-0175","TIER_B_INDUSTRY","GOLD","HIGH","HIGH","HIGH","HIGH","true","true","true","EXPLICIT"
"EVT-IMCA-0176","TIER_B_INDUSTRY","GOLD","HIGH","HIGH","HIGH","HIGH","true","true","true","EXPLICIT"
"EVT-IMCA-0177","TIER_B_INDUSTRY","GOLD","HIGH","HIGH","HIGH","HIGH","true","true","true","EXPLICIT"
"EVT-IMCA-0178","TIER_B_INDUSTRY","GOLD","HIGH","HIGH","HIGH","HIGH","true","true","true","EXPLICIT"
"EVT-IMCA-0179","TIER_B_INDUSTRY","GOLD","HIGH","HIGH","HIGH","HIGH","true","true","true","EXPLICIT"
"EVT-IMCA-0180","TIER_B_INDUSTRY","GOLD","HIGH","HIGH","HIGH","HIGH","true","true","true","EXPLICIT"
"EVT-IMCA-0181","TIER_B_INDUSTRY","GOLD","HIGH","HIGH","HIGH","HIGH","true","true","true","EXPLICIT"
"EVT-IMCA-0182","TIER_B_INDUSTRY","GOLD","HIGH","HIGH","HIGH","HIGH","true","true","true","EXPLICIT"
"EVT-IMCA-0183","TIER_B_INDUSTRY","GOLD","HIGH","HIGH","HIGH","HIGH","true","true","true","EXPLICIT"
"EVT-IMCA-0184","TIER_B_INDUSTRY","GOLD","HIGH","HIGH","HIGH","HIGH","true","true","true","EXPLICIT"
"EVT-IMCA-0185","TIER_B_INDUSTRY","GOLD","HIGH","HIGH","HIGH","HIGH","true","true","true","EXPLICIT"
"EVT-IMCA-0186","TIER_B_INDUSTRY","GOLD","HIGH","HIGH","HIGH","HIGH","true","true","true","EXPLICIT"
"EVT-IMCA-0187","TIER_B_INDUSTRY","GOLD","HIGH","HIGH","HIGH","HIGH","true","true","true","EXPLICIT"
"EVT-IMCA-0188","TIER_B_INDUSTRY","GOLD","HIGH","HIGH","HIGH","HIGH","true","true","true","EXPLICIT"
"EVT-IMCA-0189","TIER_B_INDUSTRY","GOLD","HIGH","HIGH","HIGH","HIGH","true","true","true","EXPLICIT"
"EVT-IMCA-0190","TIER_B_INDUSTRY","GOLD","HIGH","HIGH","HIGH","HIGH","true","true","true","EXPLICIT"
"EVT-IMCA-0191","TIER_B_INDUSTRY","GOLD","HIGH","HIGH","HIGH","HIGH","true","true","true","EXPLICIT"
"EVT-IMCA-0192","TIER_B_INDUSTRY","GOLD","HIGH","HIGH","HIGH","HIGH","true","true","true","EXPLICIT"
"EVT-IMCA-0193","TIER_B_INDUSTRY","GOLD","HIGH","HIGH","HIGH","HIGH","true","true","true","EXPLICIT"
"EVT-IMCA-0194","TIER_B_INDUSTRY","GOLD","HIGH","HIGH","HIGH","HIGH","true","true","true","EXPLICIT"
"EVT-IMCA-0195","TIER_B_INDUSTRY","GOLD","HIGH","HIGH","HIGH","HIGH","true","true","true","EXPLICIT"
"EVT-IMCA-0196","TIER_B_INDUSTRY","GOLD","HIGH","HIGH","HIGH","HIGH","true","true","true","EXPLICIT"
"EVT-IMCA-0197","TIER_B_INDUSTRY","GOLD","HIGH","HIGH","HIGH","HIGH","true","true","true","EXPLICIT"
"EVT-IMCA-0198","TIER_B_INDUSTRY","GOLD","HIGH","HIGH","HIGH","HIGH","true","true","true","EXPLICIT"
"EVT-IMCA-0199","TIER_B_INDUSTRY","GOLD","HIGH","HIGH","HIGH","HIGH","true","true","true","EXPLICIT"
"EVT-IMCA-0200","TIER_B_INDUSTRY","GOLD","HIGH","HIGH","HIGH","HIGH","true","true","true","EXPLICIT"
"EVT-IMCA-0201","TIER_B_INDUSTRY","GOLD","HIGH","HIGH","HIGH","HIGH","true","true","true","EXPLICIT"
"EVT-IMCA-0202","TIER_B_INDUSTRY","GOLD","HIGH","HIGH","HIGH","HIGH","true","true","true","EXPLICIT"
"EVT-IMCA-0203","TIER_B_INDUSTRY","GOLD","HIGH","HIGH","HIGH","HIGH","true","true","true","EXPLICIT"
"EVT-IMCA-0204","TIER_B_INDUSTRY","GOLD","HIGH","HIGH","HIGH","HIGH","true","true","true","EXPLICIT"
"EVT-IMCA-0205","TIER_B_INDUSTRY","BRONZE","HIGH","HIGH","HIGH","MEDIUM","true","true","true","EXPLICIT"
"EVT-IMCA-0207","TIER_B_INDUSTRY","GOLD","HIGH","HIGH","HIGH","HIGH","true","true","true","EXPLICIT"
"EVT-IMCA-0208","TIER_B_INDUSTRY","GOLD","HIGH","HIGH","HIGH","HIGH","true","true","true","EXPLICIT"
"EVT-IMCA-0209","TIER_B_INDUSTRY","GOLD","HIGH","HIGH","HIGH","HIGH","true","true","true","EXPLICIT"
"EVT-IMCA-0210","TIER_B_INDUSTRY","GOLD","HIGH","HIGH","HIGH","HIGH","true","true","true","EXPLICIT"
"EVT-IMCA-0211","TIER_B_INDUSTRY","GOLD","HIGH","HIGH","HIGH","HIGH","true","true","true","EXPLICIT"
"EVT-IMCA-0212","TIER_B_INDUSTRY","GOLD","HIGH","HIGH","HIGH","HIGH","true","true","true","EXPLICIT"
"EVT-IMCA-0213","TIER_B_INDUSTRY","GOLD","HIGH","HIGH","HIGH","HIGH","true","true","true","EXPLICIT"
"EVT-IMCA-0214","TIER_B_INDUSTRY","GOLD","HIGH","HIGH","HIGH","HIGH","true","true","true","EXPLICIT"
"EVT-IMCA-0215","TIER_B_INDUSTRY","GOLD","HIGH","HIGH","HIGH","HIGH","true","true","true","EXPLICIT"
"EVT-IMCA-0216","TIER_B_INDUSTRY","GOLD","HIGH","HIGH","HIGH","HIGH","true","true","true","EXPLICIT"
"EVT-IMCA-0217","TIER_B_INDUSTRY","GOLD","HIGH","HIGH","HIGH","HIGH","true","true","true","EXPLICIT"
"EVT-IMCA-0218","TIER_B_INDUSTRY","GOLD","HIGH","HIGH","HIGH","HIGH","true","true","true","EXPLICIT"
"EVT-IMCA-0219","TIER_B_INDUSTRY","GOLD","HIGH","HIGH","HIGH","HIGH","true","true","true","EXPLICIT"
"EVT-IMCA-0220","TIER_B_INDUSTRY","GOLD","HIGH","HIGH","HIGH","HIGH","true","true","true","EXPLICIT"
"EVT-IMCA-0221","TIER_B_INDUSTRY","GOLD","HIGH","HIGH","HIGH","HIGH","true","true","true","EXPLICIT"
"EVT-IMCA-0222","TIER_B_INDUSTRY","GOLD","HIGH","HIGH","HIGH","HIGH","true","true","true","EXPLICIT"
"EVT-IMCA-0223","TIER_B_INDUSTRY","GOLD","HIGH","HIGH","HIGH","HIGH","true","true","true","EXPLICIT"
"EVT-IMCA-0224","TIER_B_INDUSTRY","GOLD","HIGH","HIGH","HIGH","HIGH","true","true","true","EXPLICIT"
"EVT-IMCA-0225","TIER_B_INDUSTRY","GOLD","HIGH","HIGH","HIGH","HIGH","true","true","true","EXPLICIT"
"EVT-IMCA-0226","TIER_B_INDUSTRY","GOLD","HIGH","HIGH","HIGH","HIGH","true","true","true","EXPLICIT"
"EVT-IMCA-0227","TIER_B_INDUSTRY","GOLD","HIGH","HIGH","HIGH","HIGH","true","true","true","EXPLICIT"
"EVT-IMCA-0228","TIER_B_INDUSTRY","GOLD","HIGH","HIGH","HIGH","HIGH","true","true","true","EXPLICIT"
"EVT-IMCA-0229","TIER_B_INDUSTRY","GOLD","HIGH","HIGH","HIGH","HIGH","true","true","true","EXPLICIT"
"EVT-IMCA-0230","TIER_B_INDUSTRY","GOLD","HIGH","HIGH","HIGH","HIGH","true","true","true","EXPLICIT"
"EVT-IMCA-0231","TIER_B_INDUSTRY","GOLD","HIGH","HIGH","HIGH","HIGH","true","true","true","EXPLICIT"
"EVT-IMCA-0232","TIER_B_INDUSTRY","GOLD","HIGH","HIGH","HIGH","HIGH","true","true","true","EXPLICIT"
"EVT-IMCA-0233","TIER_B_INDUSTRY","GOLD","HIGH","HIGH","HIGH","HIGH","true","true","true","EXPLICIT"
"EVT-IMCA-0234","TIER_B_INDUSTRY","GOLD","HIGH","HIGH","HIGH","HIGH","true","true","true","EXPLICIT"
"EVT-IMCA-0235","TIER_B_INDUSTRY","GOLD","HIGH","HIGH","HIGH","HIGH","true","true","true","EXPLICIT"
"EVT-IMCA-0236","TIER_B_INDUSTRY","GOLD","HIGH","HIGH","HIGH","HIGH","true","true","true","EXPLICIT"
"EVT-IMCA-0237","TIER_B_INDUSTRY","GOLD","HIGH","HIGH","HIGH","HIGH","true","true","true","EXPLICIT"
"EVT-IMCA-0238","TIER_B_INDUSTRY","GOLD","HIGH","HIGH","HIGH","HIGH","true","true","true","EXPLICIT"
"EVT-IMCA-0239","TIER_B_INDUSTRY","GOLD","HIGH","HIGH","HIGH","HIGH","true","true","true","EXPLICIT"
"EVT-IMCA-0240","TIER_B_INDUSTRY","GOLD","HIGH","HIGH","HIGH","HIGH","true","true","true","EXPLICIT"
"EVT-IMCA-0241","TIER_B_INDUSTRY","GOLD","HIGH","HIGH","HIGH","HIGH","true","true","true","EXPLICIT"
"EVT-IMCA-0242","TIER_B_INDUSTRY","GOLD","HIGH","HIGH","HIGH","HIGH","true","true","true","EXPLICIT"
"EVT-IMCA-0243","TIER_B_INDUSTRY","GOLD","HIGH","HIGH","HIGH","HIGH","true","true","true","EXPLICIT"
"EVT-IMCA-0244","TIER_B_INDUSTRY","GOLD","HIGH","HIGH","HIGH","HIGH","true","true","true","EXPLICIT"
"EVT-IMCA-0245","TIER_B_INDUSTRY","GOLD","HIGH","HIGH","HIGH","HIGH","true","true","true","EXPLICIT"
"EVT-IMCA-0246","TIER_B_INDUSTRY","GOLD","HIGH","HIGH","HIGH","HIGH","true","true","true","EXPLICIT"
"EVT-IMCA-0247","TIER_B_INDUSTRY","GOLD","HIGH","HIGH","HIGH","HIGH","true","true","true","EXPLICIT"
"EVT-IMCA-0248","TIER_B_INDUSTRY","GOLD","HIGH","HIGH","HIGH","HIGH","true","true","true","EXPLICIT"
"EVT-IMCA-0249","TIER_B_INDUSTRY","GOLD","HIGH","HIGH","HIGH","HIGH","true","true","true","EXPLICIT"
"EVT-IMCA-0250","TIER_B_INDUSTRY","GOLD","HIGH","HIGH","HIGH","HIGH","true","true","true","EXPLICIT"
"EVT-IMCA-0251","TIER_B_INDUSTRY","GOLD","HIGH","HIGH","HIGH","HIGH","true","true","true","EXPLICIT"
"EVT-IMCA-0252","TIER_B_INDUSTRY","GOLD","HIGH","HIGH","HIGH","HIGH","true","true","true","EXPLICIT"
"EVT-IMCA-0253","TIER_B_INDUSTRY","GOLD","HIGH","HIGH","HIGH","HIGH","true","true","true","EXPLICIT"
"EVT-IMCA-0254","TIER_B_INDUSTRY","GOLD","HIGH","HIGH","HIGH","HIGH","true","true","true","EXPLICIT"
"EVT-IMCA-0255","TIER_B_INDUSTRY","GOLD","HIGH","HIGH","HIGH","HIGH","true","true","true","EXPLICIT"
"EVT-IMCA-0256","TIER_B_INDUSTRY","SILVER","HIGH","HIGH","MEDIUM","HIGH","true","true","false","DERIVED"
"EVT-IMCA-0257","TIER_B_INDUSTRY","GOLD","HIGH","HIGH","HIGH","HIGH","true","true","true","EXPLICIT"
"EVT-IMCA-0258","TIER_B_INDUSTRY","GOLD","HIGH","HIGH","HIGH","HIGH","true","true","true","EXPLICIT"
"EVT-IMCA-0259","TIER_B_INDUSTRY","GOLD","HIGH","HIGH","HIGH","HIGH","true","true","true","EXPLICIT"
"EVT-IMCA-0260","TIER_B_INDUSTRY","GOLD","HIGH","HIGH","HIGH","HIGH","true","true","true","EXPLICIT"
"EVT-IMCA-0261","TIER_B_INDUSTRY","GOLD","HIGH","HIGH","HIGH","HIGH","true","true","true","EXPLICIT"
"EVT-IMCA-0262","TIER_B_INDUSTRY","GOLD","HIGH","HIGH","HIGH","HIGH","true","true","true","EXPLICIT"
"EVT-IMCA-0263","TIER_B_INDUSTRY","GOLD","HIGH","HIGH","HIGH","HIGH","true","true","true","EXPLICIT"
"EVT-IMCA-0264","TIER_B_INDUSTRY","GOLD","HIGH","HIGH","HIGH","HIGH","true","true","true","EXPLICIT"
"EVT-IMCA-0265","TIER_B_INDUSTRY","GOLD","HIGH","HIGH","HIGH","HIGH","true","true","true","EXPLICIT"
"EVT-IMCA-0266","TIER_B_INDUSTRY","GOLD","HIGH","HIGH","HIGH","HIGH","true","true","true","EXPLICIT"
"EVT-IMCA-0267","TIER_B_INDUSTRY","GOLD","HIGH","HIGH","HIGH","HIGH","true","true","true","EXPLICIT"
"EVT-IMCA-0268","TIER_B_INDUSTRY","GOLD","HIGH","HIGH","HIGH","HIGH","true","true","true","EXPLICIT"
"EVT-IMCA-0269","TIER_B_INDUSTRY","GOLD","HIGH","HIGH","HIGH","HIGH","true","true","true","EXPLICIT"
"EVT-IMCA-0270","TIER_B_INDUSTRY","BRONZE","HIGH","HIGH","MEDIUM","MEDIUM","true","false","false","UNKNOWN"
"EVT-IMCA-0271","TIER_B_INDUSTRY","GOLD","HIGH","HIGH","HIGH","HIGH","true","true","true","EXPLICIT"
"EVT-IMCA-0272","TIER_B_INDUSTRY","GOLD","HIGH","HIGH","HIGH","HIGH","true","true","true","EXPLICIT"
"EVT-IMCA-0273","TIER_B_INDUSTRY","GOLD","HIGH","HIGH","HIGH","HIGH","true","true","true","EXPLICIT"
"EVT-IMCA-0274","TIER_B_INDUSTRY","GOLD","HIGH","HIGH","HIGH","HIGH","true","true","true","EXPLICIT"
"EVT-IMCA-0275","TIER_B_INDUSTRY","GOLD","HIGH","HIGH","HIGH","HIGH","true","true","true","EXPLICIT"
"EVT-IMCA-0276","TIER_B_INDUSTRY","GOLD","HIGH","HIGH","HIGH","HIGH","true","true","true","EXPLICIT"
"EVT-IMCA-0277","TIER_B_INDUSTRY","GOLD","HIGH","HIGH","HIGH","HIGH","true","true","true","EXPLICIT"
"EVT-IMCA-0278","TIER_B_INDUSTRY","GOLD","HIGH","HIGH","HIGH","HIGH","true","true","true","EXPLICIT"
"EVT-IMCA-0279","TIER_B_INDUSTRY","GOLD","HIGH","HIGH","HIGH","HIGH","true","true","true","EXPLICIT"
"EVT-IMCA-0280","TIER_B_INDUSTRY","GOLD","HIGH","HIGH","HIGH","HIGH","true","true","true","EXPLICIT"
"EVT-IMCA-0281","TIER_B_INDUSTRY","GOLD","HIGH","HIGH","HIGH","HIGH","true","true","true","EXPLICIT"
"EVT-IMCA-0282","TIER_B_INDUSTRY","GOLD","HIGH","HIGH","HIGH","HIGH","true","true","true","EXPLICIT"
"EVT-IMCA-0283","TIER_B_INDUSTRY","SILVER","HIGH","HIGH","MEDIUM","HIGH","true","true","false","DERIVED"
"EVT-IMCA-0284","TIER_B_INDUSTRY","BRONZE","HIGH","HIGH","MEDIUM","MEDIUM","true","true","false","UNKNOWN"
"EVT-IMCA-0285","TIER_B_INDUSTRY","GOLD","HIGH","HIGH","HIGH","HIGH","true","true","true","EXPLICIT"
"EVT-IMCA-0286","TIER_B_INDUSTRY","GOLD","HIGH","HIGH","HIGH","HIGH","true","true","true","EXPLICIT"
"EVT-IMCA-0287","TIER_B_INDUSTRY","BRONZE","HIGH","HIGH","MEDIUM","MEDIUM","true","false","false","UNKNOWN"
"EVT-IMCA-0288","TIER_B_INDUSTRY","GOLD","HIGH","HIGH","HIGH","HIGH","true","true","true","EXPLICIT"
"EVT-IMCA-0289","TIER_B_INDUSTRY","GOLD","HIGH","HIGH","HIGH","HIGH","true","true","true","EXPLICIT"
"EVT-IMCA-0290","TIER_B_INDUSTRY","GOLD","HIGH","HIGH","HIGH","HIGH","true","true","true","EXPLICIT"
"EVT-IMCA-0291","TIER_B_INDUSTRY","GOLD","HIGH","HIGH","HIGH","HIGH","true","true","true","EXPLICIT"
"EVT-IMCA-0292","TIER_B_INDUSTRY","GOLD","HIGH","HIGH","HIGH","HIGH","true","true","true","EXPLICIT"
"EVT-IMCA-0293","TIER_B_INDUSTRY","GOLD","HIGH","HIGH","HIGH","HIGH","true","true","true","EXPLICIT"
"EVT-IMCA-0294","TIER_B_INDUSTRY","GOLD","HIGH","HIGH","HIGH","HIGH","true","true","true","EXPLICIT"
"EVT-IMCA-0295","TIER_B_INDUSTRY","GOLD","HIGH","HIGH","HIGH","HIGH","true","true","true","EXPLICIT"
"EVT-IMCA-0296","TIER_B_INDUSTRY","GOLD","HIGH","HIGH","HIGH","HIGH","true","true","true","EXPLICIT"
"EVT-IMCA-0297","TIER_B_INDUSTRY","GOLD","HIGH","HIGH","HIGH","HIGH","true","true","true","EXPLICIT"
"EVT-IMCA-0298","TIER_B_INDUSTRY","GOLD","HIGH","HIGH","HIGH","HIGH","true","true","true","EXPLICIT"
"EVT-IMCA-0299","TIER_B_INDUSTRY","GOLD","HIGH","HIGH","HIGH","HIGH","true","true","true","EXPLICIT"
"EVT-IMCA-0300","TIER_B_INDUSTRY","GOLD","HIGH","HIGH","HIGH","HIGH","true","true","true","EXPLICIT"
"EVT-IMCA-0301","TIER_B_INDUSTRY","BRONZE","HIGH","HIGH","MEDIUM","MEDIUM","true","false","false","UNKNOWN"
"EVT-IMCA-0302","TIER_B_INDUSTRY","SILVER","HIGH","HIGH","MEDIUM","HIGH","true","true","false","DERIVED"
"EVT-IMCA-0303","TIER_B_INDUSTRY","SILVER","HIGH","HIGH","MEDIUM","HIGH","true","true","false","DERIVED"
"EVT-IMCA-0304","TIER_B_INDUSTRY","SILVER","HIGH","HIGH","MEDIUM","HIGH","true","true","false","DERIVED"
"EVT-IMCA-0305","TIER_B_INDUSTRY","BRONZE","HIGH","HIGH","MEDIUM","MEDIUM","true","false","false","UNKNOWN"
"EVT-IMCA-0306","TIER_B_INDUSTRY","SILVER","HIGH","HIGH","MEDIUM","HIGH","true","true","true","DERIVED"
"EVT-IMCA-0307","TIER_B_INDUSTRY","SILVER","HIGH","HIGH","MEDIUM","HIGH","true","true","true","DERIVED"
"EVT-IMCA-0308","TIER_B_INDUSTRY","SILVER","HIGH","HIGH","MEDIUM","HIGH","true","true","false","DERIVED"
"EVT-IMCA-0309","TIER_B_INDUSTRY","SILVER","HIGH","HIGH","MEDIUM","HIGH","true","true","true","DERIVED"
"EVT-IMCA-0310","TIER_B_INDUSTRY","BRONZE","HIGH","HIGH","MEDIUM","MEDIUM","true","false","false","UNKNOWN"
"EVT-IMCA-0311","TIER_B_INDUSTRY","SILVER","HIGH","HIGH","MEDIUM","HIGH","true","true","false","DERIVED"
"EVT-IMCA-0312","TIER_B_INDUSTRY","BRONZE","HIGH","HIGH","MEDIUM","MEDIUM","true","true","false","DERIVED"
"EVT-IMCA-0313","TIER_B_INDUSTRY","BRONZE","HIGH","HIGH","MEDIUM","MEDIUM","true","false","false","UNKNOWN"
"EVT-IMCA-0314","TIER_B_INDUSTRY","SILVER","HIGH","HIGH","MEDIUM","HIGH","true","true","false","DERIVED"
"EVT-IMCA-0315","TIER_B_INDUSTRY","BRONZE","HIGH","HIGH","MEDIUM","MEDIUM","true","false","false","UNKNOWN"
"EVT-IMCA-0316","TIER_B_INDUSTRY","BRONZE","HIGH","HIGH","MEDIUM","MEDIUM","true","false","false","UNKNOWN"
"EVT-IMCA-0317","TIER_B_INDUSTRY","BRONZE","HIGH","HIGH","MEDIUM","MEDIUM","true","false","false","UNKNOWN"
"EVT-IMCA-0318","TIER_B_INDUSTRY","BRONZE","HIGH","HIGH","MEDIUM","MEDIUM","true","true","true","DERIVED"
"EVT-IMCA-0319","TIER_B_INDUSTRY","BRONZE","HIGH","HIGH","MEDIUM","MEDIUM","true","false","false","UNKNOWN"
"EVT-IMCA-0320","TIER_B_INDUSTRY","BRONZE","HIGH","HIGH","MEDIUM","MEDIUM","true","false","false","UNKNOWN"
"EVT-IMCA-0321","TIER_B_INDUSTRY","SILVER","HIGH","HIGH","HIGH","HIGH","true","true","false","EXPLICIT"
"EVT-IMCA-0322","TIER_B_INDUSTRY","SILVER","HIGH","HIGH","HIGH","HIGH","true","true","true","EXPLICIT"
"EVT-IMCA-0323","TIER_B_INDUSTRY","BRONZE","HIGH","HIGH","MEDIUM","MEDIUM","true","true","false","DERIVED"
"EVT-IMCA-0324","TIER_B_INDUSTRY","SILVER","HIGH","HIGH","MEDIUM","HIGH","true","true","false","DERIVED"
"EVT-IMCA-0325","TIER_B_INDUSTRY","BRONZE","HIGH","HIGH","MEDIUM","MEDIUM","true","true","false","DERIVED"
"EVT-IMCA-0326","TIER_B_INDUSTRY","SILVER","HIGH","HIGH","MEDIUM","HIGH","true","true","false","DERIVED"
"EVT-IMCA-0327","TIER_B_INDUSTRY","BRONZE","HIGH","HIGH","MEDIUM","MEDIUM","true","true","false","DERIVED"
"EVT-IMCA-0328","TIER_B_INDUSTRY","BRONZE","HIGH","HIGH","MEDIUM","MEDIUM","true","false","true","UNKNOWN"
"EVT-IMCA-0329","TIER_B_INDUSTRY","SILVER","HIGH","HIGH","MEDIUM","HIGH","true","true","false","DERIVED"
"EVT-IMCA-0330","TIER_B_INDUSTRY","BRONZE","HIGH","HIGH","MEDIUM","MEDIUM","true","false","false","UNKNOWN"
"EVT-IMCA-0331","TIER_B_INDUSTRY","BRONZE","HIGH","HIGH","MEDIUM","MEDIUM","true","true","false","DERIVED"
"EVT-IMCA-0332","TIER_B_INDUSTRY","BRONZE","HIGH","HIGH","MEDIUM","MEDIUM","true","false","false","UNKNOWN"
"EVT-IMCA-0333","TIER_B_INDUSTRY","BRONZE","HIGH","HIGH","MEDIUM","MEDIUM","true","true","false","DERIVED"
"EVT-IMCA-0334","TIER_B_INDUSTRY","BRONZE","HIGH","HIGH","MEDIUM","MEDIUM","true","false","true","UNKNOWN"
"EVT-IMCA-0335","TIER_B_INDUSTRY","BRONZE","HIGH","HIGH","MEDIUM","MEDIUM","true","false","false","UNKNOWN"
"EVT-IMCA-0336","TIER_B_INDUSTRY","BRONZE","HIGH","HIGH","MEDIUM","MEDIUM","true","false","false","UNKNOWN"
"EVT-IMCA-0337","TIER_B_INDUSTRY","BRONZE","HIGH","HIGH","MEDIUM","MEDIUM","true","false","false","UNKNOWN"
"EVT-IMCA-0338","TIER_B_INDUSTRY","SILVER","HIGH","HIGH","MEDIUM","HIGH","true","true","false","DERIVED"
"EVT-IMCA-0339","TIER_B_INDUSTRY","BRONZE","HIGH","HIGH","MEDIUM","MEDIUM","true","true","false","DERIVED"
"EVT-IMCA-0340","TIER_B_INDUSTRY","SILVER","HIGH","HIGH","MEDIUM","HIGH","true","true","false","DERIVED"
"EVT-IMCA-0341","TIER_B_INDUSTRY","SILVER","HIGH","HIGH","MEDIUM","HIGH","true","true","false","DERIVED"
"EVT-IMCA-0342","TIER_B_INDUSTRY","SILVER","HIGH","HIGH","MEDIUM","HIGH","true","true","false","DERIVED"
"EVT-IMCA-0343","TIER_B_INDUSTRY","SILVER","HIGH","HIGH","MEDIUM","HIGH","true","true","true","DERIVED"
"EVT-IMCA-0344","TIER_B_INDUSTRY","SILVER","HIGH","HIGH","MEDIUM","HIGH","true","true","true","DERIVED"
"EVT-IMCA-0345","TIER_B_INDUSTRY","SILVER","HIGH","HIGH","MEDIUM","HIGH","true","true","false","DERIVED"
"EVT-IMCA-0346","TIER_B_INDUSTRY","SILVER","HIGH","HIGH","MEDIUM","HIGH","true","true","false","DERIVED"
"EVT-IMCA-0347","TIER_B_INDUSTRY","BRONZE","HIGH","HIGH","MEDIUM","MEDIUM","true","false","false","UNKNOWN"
"EVT-IMCA-0348","TIER_B_INDUSTRY","SILVER","HIGH","HIGH","MEDIUM","HIGH","true","true","false","DERIVED"
"EVT-IMCA-0349","TIER_B_INDUSTRY","SILVER","HIGH","HIGH","MEDIUM","HIGH","true","true","false","DERIVED"
"EVT-IMCA-0350","TIER_B_INDUSTRY","BRONZE","HIGH","HIGH","MEDIUM","MEDIUM","true","false","false","UNKNOWN"
"EVT-IMCA-0351","TIER_B_INDUSTRY","BRONZE","HIGH","HIGH","MEDIUM","MEDIUM","true","false","false","UNKNOWN"
"EVT-IMCA-0352","TIER_B_INDUSTRY","SILVER","HIGH","HIGH","MEDIUM","HIGH","true","true","false","DERIVED"
"EVT-IMCA-0353","TIER_B_INDUSTRY","SILVER","HIGH","HIGH","MEDIUM","HIGH","true","true","false","DERIVED"
"EVT-IMCA-0354","TIER_B_INDUSTRY","SILVER","HIGH","HIGH","HIGH","HIGH","true","false","false","EXPLICIT"
"EVT-IMCA-0355","TIER_B_INDUSTRY","SILVER","HIGH","HIGH","MEDIUM","HIGH","true","true","false","DERIVED"
"EVT-IMCA-0356","TIER_B_INDUSTRY","SILVER","HIGH","HIGH","MEDIUM","HIGH","true","true","false","DERIVED"
"EVT-IMCA-0357","TIER_B_INDUSTRY","BRONZE","HIGH","HIGH","MEDIUM","MEDIUM","true","false","false","UNKNOWN"
"EVT-IMCA-0358","TIER_B_INDUSTRY","BRONZE","HIGH","HIGH","MEDIUM","MEDIUM","true","false","true","UNKNOWN"
"EVT-IMCA-0359","TIER_B_INDUSTRY","BRONZE","HIGH","HIGH","MEDIUM","MEDIUM","true","false","false","UNKNOWN"
"EVT-IMCA-0360","TIER_B_INDUSTRY","SILVER","HIGH","HIGH","MEDIUM","HIGH","true","true","false","DERIVED"
"EVT-IMCA-0361","TIER_B_INDUSTRY","SILVER","HIGH","HIGH","MEDIUM","HIGH","true","true","false","DERIVED"
"EVT-IMCA-0362","TIER_B_INDUSTRY","SILVER","HIGH","HIGH","HIGH","HIGH","true","true","false","EXPLICIT"
"EVT-IMCA-0363","TIER_B_INDUSTRY","BRONZE","HIGH","HIGH","MEDIUM","MEDIUM","true","false","false","UNKNOWN"
"EVT-IMCA-0364","TIER_B_INDUSTRY","BRONZE","HIGH","HIGH","MEDIUM","MEDIUM","true","false","false","UNKNOWN"
"EVT-IMCA-0365","TIER_B_INDUSTRY","SILVER","HIGH","HIGH","MEDIUM","HIGH","true","true","true","DERIVED"
"EVT-IMCA-0366","TIER_B_INDUSTRY","SILVER","HIGH","HIGH","MEDIUM","HIGH","true","true","false","DERIVED"
"EVT-IMCA-0367","TIER_B_INDUSTRY","BRONZE","HIGH","HIGH","MEDIUM","MEDIUM","true","false","false","UNKNOWN"
"EVT-IMCA-0368","TIER_B_INDUSTRY","BRONZE","HIGH","HIGH","MEDIUM","MEDIUM","true","false","false","UNKNOWN"
"EVT-IMCA-0369","TIER_B_INDUSTRY","BRONZE","HIGH","HIGH","MEDIUM","MEDIUM","true","false","false","UNKNOWN"
"EVT-IMCA-0370","TIER_B_INDUSTRY","BRONZE","HIGH","HIGH","MEDIUM","MEDIUM","true","false","false","UNKNOWN"
"EVT-IMCA-0371","TIER_B_INDUSTRY","BRONZE","HIGH","HIGH","MEDIUM","MEDIUM","true","false","true","UNKNOWN"
"EVT-IMCA-0372","TIER_B_INDUSTRY","SILVER","HIGH","HIGH","MEDIUM","HIGH","true","true","true","DERIVED"
"EVT-IMCA-0373","TIER_B_INDUSTRY","SILVER","HIGH","HIGH","MEDIUM","HIGH","true","true","false","DERIVED"
"EVT-IMCA-0374","TIER_B_INDUSTRY","BRONZE","HIGH","HIGH","MEDIUM","MEDIUM","true","false","false","UNKNOWN"
"EVT-IMCA-0375","TIER_B_INDUSTRY","SILVER","HIGH","HIGH","MEDIUM","HIGH","true","true","false","DERIVED"
"EVT-IMCA-0376","TIER_B_INDUSTRY","SILVER","HIGH","HIGH","MEDIUM","HIGH","true","true","true","DERIVED"
"EVT-IMCA-0377","TIER_B_INDUSTRY","SILVER","HIGH","HIGH","HIGH","HIGH","true","false","false","EXPLICIT"
"EVT-IMCA-0378","TIER_B_INDUSTRY","SILVER","HIGH","HIGH","MEDIUM","HIGH","true","true","false","DERIVED"
"EVT-IMCA-0379","TIER_B_INDUSTRY","BRONZE","HIGH","HIGH","MEDIUM","MEDIUM","true","true","false","DERIVED"
"EVT-IMCA-0380","TIER_B_INDUSTRY","BRONZE","HIGH","HIGH","MEDIUM","MEDIUM","true","true","false","DERIVED"
"EVT-IMCA-0381","TIER_B_INDUSTRY","BRONZE","HIGH","HIGH","MEDIUM","MEDIUM","true","false","false","UNKNOWN"
"EVT-IMCA-0382","TIER_B_INDUSTRY","BRONZE","HIGH","HIGH","MEDIUM","MEDIUM","true","true","false","DERIVED"
"EVT-IMCA-0383","TIER_B_INDUSTRY","BRONZE","HIGH","HIGH","MEDIUM","MEDIUM","true","false","true","UNKNOWN"
"EVT-IMCA-0384","TIER_B_INDUSTRY","BRONZE","HIGH","HIGH","MEDIUM","MEDIUM","true","false","false","UNKNOWN"
"EVT-IMCA-0385","TIER_B_INDUSTRY","BRONZE","HIGH","HIGH","MEDIUM","MEDIUM","true","false","false","UNKNOWN"
"EVT-IMCA-0386","TIER_B_INDUSTRY","SILVER","HIGH","HIGH","MEDIUM","HIGH","true","true","false","DERIVED"
"EVT-IMCA-0387","TIER_B_INDUSTRY","BRONZE","HIGH","HIGH","MEDIUM","MEDIUM","true","false","false","UNKNOWN"
"EVT-IMCA-0388","TIER_B_INDUSTRY","SILVER","HIGH","HIGH","MEDIUM","HIGH","true","true","false","DERIVED"
"EVT-IMCA-0389","TIER_B_INDUSTRY","SILVER","HIGH","HIGH","HIGH","HIGH","true","true","false","EXPLICIT"
"EVT-IMCA-0390","TIER_B_INDUSTRY","SILVER","HIGH","HIGH","MEDIUM","HIGH","true","true","false","DERIVED"
"EVT-IMCA-0391","TIER_B_INDUSTRY","BRONZE","HIGH","HIGH","MEDIUM","MEDIUM","true","false","true","UNKNOWN"
"EVT-IMCA-0392","TIER_B_INDUSTRY","BRONZE","HIGH","HIGH","MEDIUM","MEDIUM","true","false","false","UNKNOWN"
"EVT-IMCA-0393","TIER_B_INDUSTRY","SILVER","HIGH","HIGH","MEDIUM","HIGH","true","true","false","DERIVED"
"EVT-IMCA-0394","TIER_B_INDUSTRY","BRONZE","HIGH","HIGH","MEDIUM","MEDIUM","true","false","false","UNKNOWN"
"EVT-IMCA-0395","TIER_B_INDUSTRY","BRONZE","HIGH","HIGH","MEDIUM","MEDIUM","true","false","false","UNKNOWN"
"EVT-IMCA-0396","TIER_B_INDUSTRY","SILVER","HIGH","HIGH","MEDIUM","HIGH","true","true","true","DERIVED"
"EVT-IMCA-0397","TIER_B_INDUSTRY","SILVER","HIGH","HIGH","MEDIUM","HIGH","true","true","false","DERIVED"
"EVT-IMCA-0398","TIER_B_INDUSTRY","BRONZE","HIGH","HIGH","MEDIUM","MEDIUM","true","false","true","UNKNOWN"
"EVT-IMCA-0399","TIER_B_INDUSTRY","BRONZE","HIGH","HIGH","MEDIUM","MEDIUM","true","false","false","UNKNOWN"
"EVT-IMCA-0400","TIER_B_INDUSTRY","SILVER","HIGH","HIGH","MEDIUM","HIGH","true","true","true","DERIVED"
"EVT-IMCA-0401","TIER_B_INDUSTRY","GOLD","HIGH","HIGH","MEDIUM","HIGH","true","true","true","DERIVED"
"EVT-IMCA-0402","TIER_B_INDUSTRY","BRONZE","HIGH","HIGH","MEDIUM","MEDIUM","true","false","true","UNKNOWN"
"EVT-IMCA-0403","TIER_B_INDUSTRY","BRONZE","HIGH","HIGH","MEDIUM","MEDIUM","true","false","true","UNKNOWN"
"EVT-IMCA-0404","TIER_B_INDUSTRY","BRONZE","HIGH","HIGH","MEDIUM","MEDIUM","true","false","true","UNKNOWN"
"EVT-IMCA-0405","TIER_B_INDUSTRY","BRONZE","HIGH","HIGH","MEDIUM","MEDIUM","true","false","true","UNKNOWN"
"EVT-IMCA-0406","TIER_B_INDUSTRY","SILVER","HIGH","HIGH","MEDIUM","HIGH","true","true","false","DERIVED"
"EVT-IMCA-0407","TIER_B_INDUSTRY","BRONZE","HIGH","HIGH","MEDIUM","MEDIUM","true","false","false","UNKNOWN"
"EVT-IMCA-0408","TIER_B_INDUSTRY","BRONZE","HIGH","HIGH","MEDIUM","MEDIUM","true","false","false","UNKNOWN"
"EVT-IMCA-0409","TIER_B_INDUSTRY","BRONZE","HIGH","HIGH","MEDIUM","MEDIUM","true","false","false","UNKNOWN"
"EVT-IMCA-0410","TIER_B_INDUSTRY","BRONZE","HIGH","HIGH","MEDIUM","MEDIUM","true","false","false","UNKNOWN"
"EVT-IMCA-0411","TIER_B_INDUSTRY","BRONZE","HIGH","HIGH","MEDIUM","MEDIUM","true","false","true","UNKNOWN"
"EVT-IMCA-0412","TIER_B_INDUSTRY","BRONZE","HIGH","HIGH","MEDIUM","MEDIUM","true","false","false","UNKNOWN"
"EVT-IMCA-0413","TIER_B_INDUSTRY","SILVER","HIGH","HIGH","MEDIUM","HIGH","true","true","false","DERIVED"
"EVT-IMCA-0414","TIER_B_INDUSTRY","SILVER","HIGH","HIGH","MEDIUM","HIGH","true","true","false","DERIVED"
"EVT-IMCA-0415","TIER_B_INDUSTRY","SILVER","HIGH","HIGH","MEDIUM","HIGH","true","true","false","DERIVED"
"EVT-IMCA-0416","TIER_B_INDUSTRY","SILVER","HIGH","HIGH","MEDIUM","HIGH","true","true","false","DERIVED"
"EVT-IMCA-0417","TIER_B_INDUSTRY","SILVER","HIGH","HIGH","MEDIUM","HIGH","true","true","true","DERIVED"
"EVT-IMCA-0418","TIER_B_INDUSTRY","SILVER","HIGH","HIGH","MEDIUM","HIGH","true","true","false","DERIVED"
"EVT-IMCA-0419","TIER_B_INDUSTRY","BRONZE","HIGH","HIGH","MEDIUM","MEDIUM","true","false","false","UNKNOWN"
"EVT-IMCA-0420","TIER_B_INDUSTRY","SILVER","HIGH","HIGH","MEDIUM","HIGH","true","true","false","DERIVED"
"EVT-IMCA-0421","TIER_B_INDUSTRY","BRONZE","HIGH","HIGH","MEDIUM","MEDIUM","true","true","false","DERIVED"
"EVT-IMCA-0422","TIER_B_INDUSTRY","BRONZE","HIGH","HIGH","MEDIUM","MEDIUM","true","true","false","DERIVED"
"EVT-IMCA-0423","TIER_B_INDUSTRY","SILVER","HIGH","HIGH","MEDIUM","HIGH","true","true","false","DERIVED"
"EVT-IMCA-0424","TIER_B_INDUSTRY","SILVER","HIGH","HIGH","HIGH","HIGH","true","true","false","EXPLICIT"
"EVT-IMCA-0425","TIER_B_INDUSTRY","BRONZE","HIGH","HIGH","MEDIUM","MEDIUM","true","false","false","UNKNOWN"
"EVT-IMCA-0426","TIER_B_INDUSTRY","SILVER","HIGH","HIGH","MEDIUM","HIGH","true","true","false","DERIVED"
"EVT-IMCA-0427","TIER_B_INDUSTRY","SILVER","HIGH","HIGH","MEDIUM","HIGH","true","true","false","DERIVED"
"EVT-IMCA-0428","TIER_B_INDUSTRY","SILVER","HIGH","HIGH","MEDIUM","HIGH","true","true","false","DERIVED"
"EVT-IMCA-0429","TIER_B_INDUSTRY","BRONZE","HIGH","HIGH","MEDIUM","MEDIUM","true","false","false","UNKNOWN"
"EVT-IMCA-0430","TIER_B_INDUSTRY","BRONZE","HIGH","HIGH","MEDIUM","MEDIUM","true","true","false","DERIVED"
"EVT-IMCA-0431","TIER_B_INDUSTRY","BRONZE","HIGH","HIGH","MEDIUM","MEDIUM","true","false","false","UNKNOWN"
"EVT-IMCA-0432","TIER_B_INDUSTRY","SILVER","HIGH","HIGH","MEDIUM","HIGH","true","true","false","DERIVED"
"EVT-IMCA-0433","TIER_B_INDUSTRY","BRONZE","HIGH","HIGH","MEDIUM","MEDIUM","true","false","false","UNKNOWN"
"EVT-IMCA-0434","TIER_B_INDUSTRY","SILVER","HIGH","HIGH","MEDIUM","HIGH","true","true","true","DERIVED"
"EVT-IMCA-0435","TIER_B_INDUSTRY","SILVER","HIGH","HIGH","MEDIUM","HIGH","true","true","false","DERIVED"
"EVT-IMCA-0436","TIER_B_INDUSTRY","BRONZE","HIGH","HIGH","MEDIUM","MEDIUM","true","false","true","UNKNOWN"
"EVT-IMCA-0437","TIER_B_INDUSTRY","BRONZE","HIGH","HIGH","MEDIUM","MEDIUM","true","false","false","UNKNOWN"
"EVT-IMCA-0438","TIER_B_INDUSTRY","BRONZE","HIGH","HIGH","MEDIUM","MEDIUM","true","false","false","UNKNOWN"
"EVT-IMCA-0439","TIER_B_INDUSTRY","BRONZE","HIGH","HIGH","MEDIUM","MEDIUM","true","false","false","UNKNOWN"
"EVT-IMCA-0440","TIER_B_INDUSTRY","BRONZE","HIGH","HIGH","MEDIUM","MEDIUM","true","true","false","DERIVED"
"EVT-IMCA-0441","TIER_B_INDUSTRY","BRONZE","HIGH","HIGH","MEDIUM","MEDIUM","true","true","false","DERIVED"
"EVT-IMCA-0442","TIER_B_INDUSTRY","BRONZE","HIGH","HIGH","MEDIUM","MEDIUM","true","true","false","DERIVED"
"EVT-IMCA-0443","TIER_B_INDUSTRY","BRONZE","HIGH","HIGH","MEDIUM","MEDIUM","true","false","false","UNKNOWN"
"EVT-IMCA-0444","TIER_B_INDUSTRY","BRONZE","HIGH","HIGH","MEDIUM","MEDIUM","true","true","false","DERIVED"
"EVT-IMCA-0445","TIER_B_INDUSTRY","BRONZE","HIGH","HIGH","MEDIUM","MEDIUM","true","false","false","UNKNOWN"
"EVT-IMCA-0446","TIER_B_INDUSTRY","BRONZE","HIGH","HIGH","MEDIUM","MEDIUM","true","false","false","UNKNOWN"
"EVT-IMCA-0447","TIER_B_INDUSTRY","BRONZE","HIGH","HIGH","MEDIUM","MEDIUM","true","false","false","UNKNOWN"
"EVT-IMCA-0448","TIER_B_INDUSTRY","BRONZE","HIGH","HIGH","MEDIUM","MEDIUM","true","false","false","UNKNOWN"
"EVT-IMCA-0449","TIER_B_INDUSTRY","BRONZE","HIGH","HIGH","MEDIUM","MEDIUM","true","false","false","UNKNOWN"
"EVT-IMCA-0450","TIER_B_INDUSTRY","BRONZE","HIGH","HIGH","MEDIUM","MEDIUM","true","false","false","UNKNOWN"
"EVT-IMCA-0451","TIER_B_INDUSTRY","BRONZE","HIGH","HIGH","MEDIUM","MEDIUM","true","false","false","UNKNOWN"
"EVT-IMCA-0452","TIER_B_INDUSTRY","BRONZE","HIGH","HIGH","MEDIUM","MEDIUM","true","false","false","UNKNOWN"
"EVT-IMCA-0453","TIER_B_INDUSTRY","BRONZE","HIGH","HIGH","MEDIUM","MEDIUM","true","true","false","DERIVED"
"EVT-IMCA-0454","TIER_B_INDUSTRY","BRONZE","HIGH","HIGH","MEDIUM","MEDIUM","true","false","true","UNKNOWN"
"EVT-IMCA-0455","TIER_B_INDUSTRY","BRONZE","HIGH","HIGH","MEDIUM","MEDIUM","true","false","false","UNKNOWN"
"EVT-IMCA-0456","TIER_B_INDUSTRY","BRONZE","HIGH","HIGH","MEDIUM","MEDIUM","true","false","false","UNKNOWN"
"EVT-IMCA-0457","TIER_B_INDUSTRY","BRONZE","HIGH","HIGH","MEDIUM","MEDIUM","true","true","false","DERIVED"
"EVT-IMCA-0458","TIER_B_INDUSTRY","BRONZE","HIGH","HIGH","MEDIUM","MEDIUM","true","true","false","DERIVED"
"EVT-IMCA-0459","TIER_B_INDUSTRY","BRONZE","HIGH","HIGH","MEDIUM","MEDIUM","true","false","true","UNKNOWN"
"EVT-IMCA-0460","TIER_B_INDUSTRY","BRONZE","HIGH","HIGH","MEDIUM","MEDIUM","true","true","false","DERIVED"
"EVT-IMCA-0461","TIER_B_INDUSTRY","BRONZE","HIGH","HIGH","MEDIUM","MEDIUM","true","true","false","DERIVED"
"EVT-IMCA-0462","TIER_B_INDUSTRY","BRONZE","HIGH","HIGH","MEDIUM","MEDIUM","true","true","false","DERIVED"
"EVT-IMCA-0463","TIER_B_INDUSTRY","BRONZE","HIGH","HIGH","MEDIUM","MEDIUM","true","false","false","UNKNOWN"
"EVT-IMCA-0464","TIER_B_INDUSTRY","BRONZE","HIGH","HIGH","MEDIUM","MEDIUM","true","false","false","UNKNOWN"
"EVT-IMCA-0465","TIER_B_INDUSTRY","BRONZE","HIGH","HIGH","MEDIUM","MEDIUM","true","false","false","UNKNOWN"
"EVT-IMCA-0466","TIER_B_INDUSTRY","BRONZE","HIGH","HIGH","MEDIUM","MEDIUM","true","true","false","DERIVED"
"EVT-IMCA-0467","TIER_B_INDUSTRY","BRONZE","HIGH","HIGH","MEDIUM","MEDIUM","true","true","false","DERIVED"
"EVT-IMCA-0468","TIER_B_INDUSTRY","BRONZE","HIGH","HIGH","MEDIUM","MEDIUM","true","true","false","DERIVED"
"EVT-IMCA-0469","TIER_B_INDUSTRY","BRONZE","HIGH","HIGH","MEDIUM","MEDIUM","true","true","false","DERIVED"
"EVT-IMCA-0470","TIER_B_INDUSTRY","BRONZE","HIGH","HIGH","MEDIUM","MEDIUM","true","false","false","UNKNOWN"
"EVT-IMCA-0471","TIER_B_INDUSTRY","BRONZE","HIGH","HIGH","MEDIUM","MEDIUM","true","false","false","UNKNOWN"
"EVT-IMCA-0472","TIER_B_INDUSTRY","BRONZE","HIGH","HIGH","MEDIUM","MEDIUM","true","false","false","UNKNOWN"
"EVT-IMCA-0473","TIER_B_INDUSTRY","BRONZE","HIGH","HIGH","MEDIUM","MEDIUM","true","true","false","DERIVED"
"EVT-IMCA-0474","TIER_B_INDUSTRY","BRONZE","HIGH","HIGH","MEDIUM","MEDIUM","true","true","false","DERIVED"
"EVT-IMCA-0475","TIER_B_INDUSTRY","BRONZE","HIGH","HIGH","MEDIUM","MEDIUM","true","true","false","DERIVED"
"EVT-IMCA-0476","TIER_B_INDUSTRY","BRONZE","HIGH","HIGH","MEDIUM","MEDIUM","true","false","true","UNKNOWN"
"EVT-IMCA-0477","TIER_B_INDUSTRY","BRONZE","HIGH","HIGH","MEDIUM","MEDIUM","true","false","false","UNKNOWN"
"EVT-IMCA-0478","TIER_B_INDUSTRY","SILVER","HIGH","HIGH","MEDIUM","HIGH","true","true","false","DERIVED"
"EVT-IMCA-0479","TIER_B_INDUSTRY","SILVER","HIGH","HIGH","MEDIUM","HIGH","true","true","true","DERIVED"
"EVT-IMCA-0480","TIER_B_INDUSTRY","BRONZE","HIGH","HIGH","MEDIUM","MEDIUM","true","false","true","UNKNOWN"
"EVT-IMCA-0481","TIER_B_INDUSTRY","BRONZE","HIGH","HIGH","MEDIUM","MEDIUM","true","false","false","UNKNOWN"
"EVT-IMCA-0482","TIER_B_INDUSTRY","BRONZE","HIGH","HIGH","MEDIUM","MEDIUM","true","false","true","UNKNOWN"
"EVT-IMCA-0483","TIER_B_INDUSTRY","BRONZE","HIGH","HIGH","MEDIUM","MEDIUM","true","false","false","UNKNOWN"
"EVT-IMCA-0484","TIER_B_INDUSTRY","SILVER","HIGH","HIGH","MEDIUM","HIGH","true","true","false","DERIVED"
"EVT-IMCA-0485","TIER_B_INDUSTRY","BRONZE","HIGH","HIGH","MEDIUM","MEDIUM","true","false","false","UNKNOWN"
"EVT-IMCA-0486","TIER_B_INDUSTRY","BRONZE","HIGH","HIGH","HIGH","MEDIUM","true","true","true","EXPLICIT"
"EVT-IMCA-0487","TIER_B_INDUSTRY","BRONZE","HIGH","HIGH","MEDIUM","MEDIUM","true","false","false","UNKNOWN"
"EVT-IMCA-0488","TIER_B_INDUSTRY","SILVER","HIGH","HIGH","MEDIUM","HIGH","true","true","false","DERIVED"
"EVT-IMCA-0489","TIER_B_INDUSTRY","SILVER","HIGH","HIGH","MEDIUM","HIGH","true","true","false","DERIVED"
"EVT-IMCA-0490","TIER_B_INDUSTRY","BRONZE","HIGH","HIGH","MEDIUM","MEDIUM","true","false","false","UNKNOWN"
"EVT-IMCA-0491","TIER_B_INDUSTRY","SILVER","HIGH","HIGH","MEDIUM","HIGH","true","true","false","DERIVED"
"EVT-IMCA-0492","TIER_B_INDUSTRY","BRONZE","HIGH","HIGH","MEDIUM","MEDIUM","true","false","false","UNKNOWN"
"EVT-IMCA-0493","TIER_B_INDUSTRY","BRONZE","HIGH","HIGH","MEDIUM","MEDIUM","true","false","false","UNKNOWN"
"EVT-IMCA-0494","TIER_B_INDUSTRY","BRONZE","HIGH","HIGH","MEDIUM","MEDIUM","true","false","true","UNKNOWN"
"EVT-IMCA-0495","TIER_B_INDUSTRY","BRONZE","HIGH","HIGH","MEDIUM","MEDIUM","true","true","false","DERIVED"
"EVT-IMCA-0496","TIER_B_INDUSTRY","SILVER","HIGH","HIGH","MEDIUM","HIGH","true","true","false","DERIVED"
"EVT-IMCA-0497","TIER_B_INDUSTRY","BRONZE","HIGH","HIGH","MEDIUM","MEDIUM","true","false","false","UNKNOWN"
"EVT-IMCA-0498","TIER_B_INDUSTRY","BRONZE","HIGH","HIGH","MEDIUM","MEDIUM","true","false","false","UNKNOWN"
"EVT-IMCA-0499","TIER_B_INDUSTRY","BRONZE","HIGH","HIGH","MEDIUM","MEDIUM","true","false","false","UNKNOWN"
"EVT-IMCA-0500","TIER_B_INDUSTRY","BRONZE","HIGH","HIGH","MEDIUM","MEDIUM","true","false","false","UNKNOWN"
"EVT-IMCA-0501","TIER_B_INDUSTRY","BRONZE","HIGH","HIGH","MEDIUM","MEDIUM","true","true","false","DERIVED"
"EVT-IMCA-0502","TIER_B_INDUSTRY","BRONZE","HIGH","HIGH","MEDIUM","MEDIUM","true","true","false","DERIVED"
"EVT-IMCA-0503","TIER_B_INDUSTRY","BRONZE","HIGH","HIGH","MEDIUM","MEDIUM","true","false","false","UNKNOWN"
"EVT-IMCA-0504","TIER_B_INDUSTRY","BRONZE","HIGH","HIGH","MEDIUM","MEDIUM","true","false","false","UNKNOWN"
"EVT-IMCA-0505","TIER_B_INDUSTRY","BRONZE","HIGH","HIGH","MEDIUM","MEDIUM","true","false","false","UNKNOWN"
"EVT-IMCA-0506","TIER_B_INDUSTRY","BRONZE","HIGH","HIGH","MEDIUM","MEDIUM","true","false","false","UNKNOWN"
"EVT-IMCA-0507","TIER_B_INDUSTRY","BRONZE","HIGH","HIGH","MEDIUM","MEDIUM","true","false","false","UNKNOWN"
"EVT-IMCA-0508","TIER_B_INDUSTRY","BRONZE","HIGH","HIGH","MEDIUM","MEDIUM","true","false","false","UNKNOWN"
"EVT-IMCA-0509","TIER_B_INDUSTRY","BRONZE","HIGH","HIGH","MEDIUM","MEDIUM","true","false","false","UNKNOWN"
"EVT-IMCA-0510","TIER_B_INDUSTRY","BRONZE","HIGH","HIGH","MEDIUM","MEDIUM","true","true","false","DERIVED"
"EVT-IMCA-0511","TIER_B_INDUSTRY","BRONZE","HIGH","HIGH","MEDIUM","MEDIUM","true","false","false","UNKNOWN"
"EVT-IMCA-0512","TIER_B_INDUSTRY","BRONZE","HIGH","HIGH","HIGH","MEDIUM","true","true","false","EXPLICIT"
"EVT-IMCA-0513","TIER_B_INDUSTRY","SILVER","HIGH","HIGH","MEDIUM","HIGH","true","true","false","DERIVED"
"EVT-IMCA-0514","TIER_B_INDUSTRY","BRONZE","HIGH","HIGH","MEDIUM","MEDIUM","true","false","true","UNKNOWN"
"EVT-IMCA-0515","TIER_B_INDUSTRY","BRONZE","HIGH","HIGH","MEDIUM","MEDIUM","true","false","false","UNKNOWN"
"EVT-IMCA-0516","TIER_B_INDUSTRY","BRONZE","HIGH","HIGH","MEDIUM","MEDIUM","true","true","false","DERIVED"
"EVT-IMCA-0517","TIER_B_INDUSTRY","BRONZE","HIGH","HIGH","MEDIUM","MEDIUM","true","false","false","UNKNOWN"
"EVT-IMCA-0518","TIER_B_INDUSTRY","SILVER","HIGH","HIGH","MEDIUM","HIGH","true","true","false","DERIVED"
"EVT-IMCA-0519","TIER_B_INDUSTRY","SILVER","HIGH","HIGH","MEDIUM","HIGH","true","true","false","DERIVED"
"EVT-IMCA-0520","TIER_B_INDUSTRY","BRONZE","HIGH","HIGH","MEDIUM","MEDIUM","true","false","false","UNKNOWN"
"EVT-IMCA-0521","TIER_B_INDUSTRY","SILVER","HIGH","HIGH","MEDIUM","HIGH","true","true","false","DERIVED"
"EVT-IMCA-0522","TIER_B_INDUSTRY","BRONZE","HIGH","HIGH","MEDIUM","MEDIUM","true","true","true","DERIVED"
"EVT-IMCA-0523","TIER_B_INDUSTRY","BRONZE","HIGH","HIGH","MEDIUM","MEDIUM","true","false","false","UNKNOWN"
"EVT-IMCA-0524","TIER_B_INDUSTRY","SILVER","HIGH","HIGH","MEDIUM","HIGH","true","true","false","DERIVED"
"EVT-IMCA-0525","TIER_B_INDUSTRY","SILVER","HIGH","HIGH","MEDIUM","HIGH","true","true","false","DERIVED"
"EVT-IMCA-0526","TIER_B_INDUSTRY","BRONZE","HIGH","HIGH","MEDIUM","MEDIUM","true","false","false","UNKNOWN"
"EVT-IMCA-0527","TIER_B_INDUSTRY","BRONZE","HIGH","HIGH","MEDIUM","MEDIUM","true","true","false","DERIVED"
"EVT-IMCA-0528","TIER_B_INDUSTRY","BRONZE","HIGH","HIGH","MEDIUM","MEDIUM","true","false","false","UNKNOWN"
"EVT-IMCA-0529","TIER_B_INDUSTRY","BRONZE","HIGH","HIGH","MEDIUM","MEDIUM","true","false","false","UNKNOWN"
"EVT-IMCA-0530","TIER_B_INDUSTRY","BRONZE","HIGH","HIGH","MEDIUM","MEDIUM","true","false","false","UNKNOWN"
"EVT-IMCA-0531","TIER_B_INDUSTRY","BRONZE","HIGH","HIGH","MEDIUM","MEDIUM","true","false","false","UNKNOWN"
"EVT-IMCA-0532","TIER_B_INDUSTRY","SILVER","HIGH","HIGH","MEDIUM","HIGH","true","true","false","DERIVED"
"EVT-IMCA-0533","TIER_B_INDUSTRY","BRONZE","HIGH","HIGH","MEDIUM","MEDIUM","true","false","false","UNKNOWN"
"EVT-IMCA-0534","TIER_B_INDUSTRY","BRONZE","HIGH","HIGH","MEDIUM","MEDIUM","true","false","false","UNKNOWN"
"EVT-IMCA-0535","TIER_B_INDUSTRY","BRONZE","HIGH","HIGH","MEDIUM","MEDIUM","true","false","true","UNKNOWN"
"EVT-IMCA-0536","TIER_B_INDUSTRY","SILVER","HIGH","HIGH","MEDIUM","HIGH","true","true","false","DERIVED"
"EVT-IMCA-0537","TIER_B_INDUSTRY","BRONZE","HIGH","HIGH","MEDIUM","MEDIUM","true","false","false","UNKNOWN"
"EVT-IMCA-0538","TIER_B_INDUSTRY","SILVER","HIGH","HIGH","MEDIUM","HIGH","true","true","false","DERIVED"
"EVT-IMCA-0539","TIER_B_INDUSTRY","SILVER","HIGH","HIGH","MEDIUM","HIGH","true","true","true","DERIVED"
"EVT-IMCA-0540","TIER_B_INDUSTRY","SILVER","HIGH","HIGH","MEDIUM","HIGH","true","true","false","DERIVED"
"EVT-IMCA-0541","TIER_B_INDUSTRY","BRONZE","HIGH","HIGH","MEDIUM","MEDIUM","true","false","true","UNKNOWN"
"EVT-IMCA-0542","TIER_B_INDUSTRY","BRONZE","HIGH","HIGH","MEDIUM","MEDIUM","true","false","false","UNKNOWN"
"EVT-IMCA-0543","TIER_B_INDUSTRY","SILVER","HIGH","HIGH","MEDIUM","HIGH","true","true","false","DERIVED"
"EVT-IMCA-0544","TIER_B_INDUSTRY","SILVER","HIGH","HIGH","MEDIUM","HIGH","true","true","true","DERIVED"
"EVT-IMCA-0545","TIER_B_INDUSTRY","BRONZE","HIGH","HIGH","MEDIUM","MEDIUM","true","false","true","UNKNOWN"
"EVT-IMCA-0546","TIER_B_INDUSTRY","BRONZE","HIGH","HIGH","MEDIUM","MEDIUM","true","false","false","UNKNOWN"
"EVT-IMCA-0547","TIER_B_INDUSTRY","SILVER","HIGH","HIGH","MEDIUM","HIGH","true","true","false","DERIVED"
"EVT-IMCA-0548","TIER_B_INDUSTRY","SILVER","HIGH","HIGH","MEDIUM","HIGH","true","true","false","DERIVED"
"EVT-IMCA-0549","TIER_B_INDUSTRY","BRONZE","HIGH","HIGH","MEDIUM","MEDIUM","true","true","false","DERIVED"
"EVT-IMCA-0550","TIER_B_INDUSTRY","SILVER","HIGH","HIGH","MEDIUM","HIGH","true","true","false","DERIVED"
"EVT-IMCA-0551","TIER_B_INDUSTRY","BRONZE","HIGH","HIGH","MEDIUM","MEDIUM","true","false","false","UNKNOWN"
"EVT-IMCA-0552","TIER_B_INDUSTRY","BRONZE","HIGH","HIGH","MEDIUM","MEDIUM","true","true","false","DERIVED"
"EVT-IMCA-0553","TIER_B_INDUSTRY","SILVER","HIGH","HIGH","MEDIUM","HIGH","true","true","true","DERIVED"
"EVT-IMCA-0554","TIER_B_INDUSTRY","BRONZE","HIGH","HIGH","MEDIUM","MEDIUM","true","true","false","DERIVED"
"EVT-IMCA-0555","TIER_B_INDUSTRY","BRONZE","HIGH","HIGH","MEDIUM","MEDIUM","true","false","false","UNKNOWN"
"EVT-IMCA-0556","TIER_B_INDUSTRY","BRONZE","HIGH","HIGH","MEDIUM","MEDIUM","true","false","false","UNKNOWN"
"EVT-IMCA-0557","TIER_B_INDUSTRY","BRONZE","HIGH","HIGH","MEDIUM","MEDIUM","true","true","true","DERIVED"
"EVT-IMCA-0558","TIER_B_INDUSTRY","SILVER","HIGH","HIGH","MEDIUM","HIGH","true","true","false","DERIVED"
"EVT-IMCA-0559","TIER_B_INDUSTRY","BRONZE","HIGH","HIGH","MEDIUM","MEDIUM","true","false","false","UNKNOWN"
"EVT-IMCA-0560","TIER_B_INDUSTRY","BRONZE","HIGH","HIGH","MEDIUM","MEDIUM","true","false","false","UNKNOWN"
"EVT-IMCA-0561","TIER_B_INDUSTRY","BRONZE","HIGH","HIGH","MEDIUM","MEDIUM","true","false","false","UNKNOWN"
"EVT-IMCA-0562","TIER_B_INDUSTRY","BRONZE","HIGH","HIGH","MEDIUM","MEDIUM","true","false","false","UNKNOWN"
"EVT-IMCA-0563","TIER_B_INDUSTRY","SILVER","HIGH","HIGH","MEDIUM","HIGH","true","true","false","DERIVED"
"EVT-IMCA-0564","TIER_B_INDUSTRY","BRONZE","HIGH","HIGH","MEDIUM","MEDIUM","true","false","true","UNKNOWN"
"EVT-IMCA-0565","TIER_B_INDUSTRY","SILVER","HIGH","HIGH","MEDIUM","HIGH","true","true","true","DERIVED"
"EVT-IMCA-0566","TIER_B_INDUSTRY","SILVER","HIGH","HIGH","MEDIUM","HIGH","true","true","true","DERIVED"
"EVT-IMCA-0567","TIER_B_INDUSTRY","SILVER","HIGH","HIGH","MEDIUM","HIGH","true","true","false","DERIVED"
"EVT-IMCA-0568","TIER_B_INDUSTRY","BRONZE","HIGH","HIGH","MEDIUM","MEDIUM","true","false","false","UNKNOWN"
"EVT-IMCA-0569","TIER_B_INDUSTRY","SILVER","HIGH","HIGH","MEDIUM","HIGH","true","true","false","DERIVED"
"EVT-IMCA-0570","TIER_B_INDUSTRY","BRONZE","HIGH","HIGH","MEDIUM","MEDIUM","true","false","false","UNKNOWN"
"EVT-IMCA-0571","TIER_B_INDUSTRY","BRONZE","HIGH","HIGH","MEDIUM","MEDIUM","true","false","true","UNKNOWN"
"EVT-IMCA-0572","TIER_B_INDUSTRY","BRONZE","HIGH","HIGH","MEDIUM","MEDIUM","true","false","false","UNKNOWN"
"EVT-IMCA-0573","TIER_B_INDUSTRY","BRONZE","HIGH","HIGH","MEDIUM","MEDIUM","true","true","false","DERIVED"
"EVT-IMCA-0574","TIER_B_INDUSTRY","BRONZE","HIGH","HIGH","MEDIUM","MEDIUM","true","false","false","UNKNOWN"
"EVT-IMCA-0575","TIER_B_INDUSTRY","BRONZE","HIGH","HIGH","MEDIUM","MEDIUM","true","true","false","DERIVED"
"EVT-IMCA-0576","TIER_B_INDUSTRY","SILVER","HIGH","HIGH","MEDIUM","HIGH","true","true","false","DERIVED"
"EVT-IMCA-0577","TIER_B_INDUSTRY","SILVER","HIGH","HIGH","MEDIUM","HIGH","true","true","false","DERIVED"
"EVT-IMCA-0578","TIER_B_INDUSTRY","BRONZE","HIGH","HIGH","MEDIUM","MEDIUM","true","true","false","DERIVED"
"EVT-IMCA-0579","TIER_B_INDUSTRY","SILVER","HIGH","HIGH","MEDIUM","HIGH","true","true","false","DERIVED"
"EVT-IMCA-0580","TIER_B_INDUSTRY","BRONZE","HIGH","HIGH","MEDIUM","MEDIUM","true","true","false","DERIVED"
"EVT-IMCA-0581","TIER_B_INDUSTRY","BRONZE","HIGH","HIGH","MEDIUM","MEDIUM","true","false","false","UNKNOWN"
"EVT-IMCA-0582","TIER_B_INDUSTRY","BRONZE","HIGH","HIGH","MEDIUM","MEDIUM","true","false","false","UNKNOWN"
"EVT-IMCA-0583","TIER_B_INDUSTRY","BRONZE","HIGH","HIGH","MEDIUM","MEDIUM","true","false","false","UNKNOWN"
"EVT-IMCA-0584","TIER_B_INDUSTRY","BRONZE","HIGH","HIGH","MEDIUM","MEDIUM","true","false","false","UNKNOWN"
"EVT-IMCA-0585","TIER_B_INDUSTRY","BRONZE","HIGH","HIGH","MEDIUM","MEDIUM","true","false","false","UNKNOWN"
"EVT-IMCA-0586","TIER_B_INDUSTRY","BRONZE","HIGH","HIGH","MEDIUM","MEDIUM","true","false","false","UNKNOWN"
"EVT-IMCA-0587","TIER_B_INDUSTRY","BRONZE","HIGH","HIGH","MEDIUM","MEDIUM","true","false","false","UNKNOWN"
"EVT-IMCA-0588","TIER_B_INDUSTRY","BRONZE","HIGH","HIGH","MEDIUM","MEDIUM","true","false","false","UNKNOWN"
"EVT-IMCA-0589","TIER_B_INDUSTRY","BRONZE","HIGH","HIGH","MEDIUM","MEDIUM","true","false","false","UNKNOWN"
"EVT-IMCA-0590","TIER_B_INDUSTRY","BRONZE","HIGH","HIGH","MEDIUM","MEDIUM","true","false","false","UNKNOWN"
"EVT-IMCA-0591","TIER_B_INDUSTRY","BRONZE","HIGH","HIGH","MEDIUM","MEDIUM","true","false","false","UNKNOWN"
"EVT-IMCA-0592","TIER_B_INDUSTRY","BRONZE","HIGH","HIGH","MEDIUM","MEDIUM","true","true","false","DERIVED"
"EVT-IMCA-0593","TIER_B_INDUSTRY","BRONZE","HIGH","HIGH","MEDIUM","MEDIUM","true","false","false","UNKNOWN"
"EVT-IMCA-0594","TIER_B_INDUSTRY","BRONZE","HIGH","HIGH","MEDIUM","MEDIUM","true","true","false","DERIVED"
"EVT-IMCA-0595","TIER_B_INDUSTRY","BRONZE","HIGH","HIGH","MEDIUM","MEDIUM","true","false","false","UNKNOWN"
"EVT-IMCA-0596","TIER_B_INDUSTRY","BRONZE","HIGH","HIGH","MEDIUM","MEDIUM","true","false","false","UNKNOWN"
"EVT-IMCA-0597","TIER_B_INDUSTRY","BRONZE","HIGH","HIGH","MEDIUM","MEDIUM","true","false","false","UNKNOWN"
"EVT-IMCA-0598","TIER_B_INDUSTRY","BRONZE","HIGH","HIGH","MEDIUM","MEDIUM","true","true","false","DERIVED"
"EVT-IMCA-0599","TIER_B_INDUSTRY","SILVER","HIGH","HIGH","MEDIUM","HIGH","true","true","false","DERIVED"
"EVT-IMCA-0600","TIER_B_INDUSTRY","SILVER","HIGH","HIGH","MEDIUM","HIGH","true","true","false","DERIVED"
"EVT-IMCA-0601","TIER_B_INDUSTRY","BRONZE","HIGH","HIGH","MEDIUM","MEDIUM","true","false","false","UNKNOWN"
"EVT-IMCA-0602","TIER_B_INDUSTRY","BRONZE","HIGH","HIGH","MEDIUM","MEDIUM","true","false","false","UNKNOWN"
"EVT-IMCA-0603","TIER_B_INDUSTRY","BRONZE","HIGH","HIGH","MEDIUM","MEDIUM","true","false","true","UNKNOWN"
"EVT-IMCA-0604","TIER_B_INDUSTRY","BRONZE","HIGH","HIGH","MEDIUM","MEDIUM","true","false","true","UNKNOWN"
"EVT-IMCA-0605","TIER_B_INDUSTRY","SILVER","HIGH","HIGH","MEDIUM","HIGH","true","true","false","DERIVED"
"EVT-IMCA-0606","TIER_B_INDUSTRY","BRONZE","HIGH","HIGH","MEDIUM","MEDIUM","true","false","true","UNKNOWN"
"EVT-IMCA-0607","TIER_B_INDUSTRY","BRONZE","HIGH","HIGH","MEDIUM","MEDIUM","true","false","true","UNKNOWN"
"EVT-IMCA-0608","TIER_B_INDUSTRY","SILVER","HIGH","HIGH","MEDIUM","HIGH","true","true","false","UNKNOWN"
"EVT-IMCA-0609","TIER_B_INDUSTRY","SILVER","HIGH","HIGH","MEDIUM","HIGH","true","true","false","UNKNOWN"
"EVT-IMCA-0610","TIER_B_INDUSTRY","SILVER","HIGH","HIGH","MEDIUM","HIGH","true","true","false","DERIVED"
"EVT-IMCA-0611","TIER_B_INDUSTRY","SILVER","HIGH","HIGH","MEDIUM","HIGH","true","true","false","DERIVED"
"EVT-IMCA-0612","TIER_B_INDUSTRY","BRONZE","HIGH","HIGH","MEDIUM","MEDIUM","true","false","false","UNKNOWN"
"EVT-IMCA-0613","TIER_B_INDUSTRY","BRONZE","HIGH","HIGH","MEDIUM","MEDIUM","true","true","true","DERIVED"
"EVT-IMCA-0614","TIER_B_INDUSTRY","SILVER","HIGH","HIGH","MEDIUM","HIGH","true","true","true","DERIVED"
"EVT-IMCA-0615","TIER_B_INDUSTRY","SILVER","HIGH","HIGH","MEDIUM","HIGH","true","true","false","DERIVED"
"EVT-IMCA-0616","TIER_B_INDUSTRY","SILVER","HIGH","HIGH","MEDIUM","HIGH","true","true","false","DERIVED"
"EVT-IMCA-0617","TIER_B_INDUSTRY","SILVER","HIGH","HIGH","MEDIUM","HIGH","true","true","false","DERIVED"
"EVT-IMCA-0618","TIER_B_INDUSTRY","SILVER","HIGH","HIGH","MEDIUM","HIGH","true","true","false","DERIVED"
"EVT-IMCA-0619","TIER_B_INDUSTRY","SILVER","HIGH","HIGH","MEDIUM","HIGH","true","true","false","DERIVED"
"EVT-IMCA-0620","TIER_B_INDUSTRY","GOLD","HIGH","HIGH","MEDIUM","HIGH","true","true","true","DERIVED"
"EVT-IMCA-0621","TIER_B_INDUSTRY","BRONZE","HIGH","HIGH","MEDIUM","MEDIUM","true","false","false","UNKNOWN"
"EVT-IMCA-0622","TIER_B_INDUSTRY","SILVER","HIGH","HIGH","MEDIUM","HIGH","true","true","false","DERIVED"
"EVT-IMCA-0623","TIER_B_INDUSTRY","BRONZE","HIGH","HIGH","MEDIUM","MEDIUM","true","false","false","UNKNOWN"
"EVT-IMCA-0624","TIER_B_INDUSTRY","BRONZE","HIGH","HIGH","MEDIUM","MEDIUM","true","false","false","UNKNOWN"
"EVT-IMCA-0625","TIER_B_INDUSTRY","BRONZE","HIGH","HIGH","MEDIUM","MEDIUM","true","false","true","UNKNOWN"
"EVT-IMCA-0626","TIER_B_INDUSTRY","BRONZE","HIGH","HIGH","MEDIUM","MEDIUM","true","false","true","UNKNOWN"
"EVT-IMCA-0627","TIER_B_INDUSTRY","BRONZE","HIGH","HIGH","MEDIUM","MEDIUM","true","true","false","DERIVED"
"EVT-IMCA-0628","TIER_B_INDUSTRY","SILVER","HIGH","HIGH","MEDIUM","HIGH","true","true","false","DERIVED"
"EVT-IMCA-0629","TIER_B_INDUSTRY","BRONZE","HIGH","HIGH","MEDIUM","MEDIUM","true","false","false","UNKNOWN"
"EVT-IMCA-0630","TIER_B_INDUSTRY","SILVER","HIGH","HIGH","MEDIUM","HIGH","true","true","false","DERIVED"
"EVT-IMCA-0631","TIER_B_INDUSTRY","SILVER","HIGH","HIGH","MEDIUM","HIGH","true","true","false","DERIVED"
"EVT-IMCA-0632","TIER_B_INDUSTRY","SILVER","HIGH","HIGH","MEDIUM","HIGH","true","true","false","DERIVED"
"EVT-IMCA-0633","TIER_B_INDUSTRY","BRONZE","HIGH","HIGH","MEDIUM","MEDIUM","true","false","true","UNKNOWN"
"EVT-IMCA-0634","TIER_B_INDUSTRY","BRONZE","HIGH","HIGH","MEDIUM","MEDIUM","true","false","true","UNKNOWN"
"EVT-IMCA-0635","TIER_B_INDUSTRY","BRONZE","HIGH","HIGH","MEDIUM","MEDIUM","true","true","false","DERIVED"
"EVT-IMCA-0636","TIER_B_INDUSTRY","BRONZE","HIGH","HIGH","MEDIUM","MEDIUM","true","true","false","DERIVED"
"EVT-IMCA-0637","TIER_B_INDUSTRY","SILVER","HIGH","HIGH","MEDIUM","HIGH","true","true","false","DERIVED"
"EVT-IMCA-0638","TIER_B_INDUSTRY","SILVER","HIGH","HIGH","MEDIUM","HIGH","true","true","false","DERIVED"
"EVT-IMCA-0639","TIER_B_INDUSTRY","GOLD","HIGH","HIGH","MEDIUM","HIGH","true","true","true","DERIVED"
"EVT-IMCA-0640","TIER_B_INDUSTRY","SILVER","HIGH","HIGH","MEDIUM","HIGH","true","true","true","DERIVED"
"EVT-IMCA-0641","TIER_B_INDUSTRY","BRONZE","HIGH","HIGH","MEDIUM","MEDIUM","true","true","false","DERIVED"
"EVT-IMCA-0642","TIER_B_INDUSTRY","SILVER","HIGH","HIGH","MEDIUM","HIGH","true","true","false","DERIVED"
"EVT-IMCA-0643","TIER_B_INDUSTRY","SILVER","HIGH","HIGH","MEDIUM","HIGH","true","true","false","DERIVED"
"EVT-IMCA-0644","TIER_B_INDUSTRY","SILVER","HIGH","HIGH","MEDIUM","HIGH","true","true","false","DERIVED"
"EVT-IMCA-0645","TIER_B_INDUSTRY","SILVER","HIGH","HIGH","MEDIUM","HIGH","true","true","true","DERIVED"
"EVT-IMCA-0646","TIER_B_INDUSTRY","BRONZE","HIGH","HIGH","MEDIUM","MEDIUM","true","false","false","UNKNOWN"
"EVT-IMCA-0647","TIER_B_INDUSTRY","BRONZE","HIGH","HIGH","MEDIUM","MEDIUM","true","false","true","UNKNOWN"
"EVT-IMCA-0648","TIER_B_INDUSTRY","SILVER","HIGH","HIGH","MEDIUM","HIGH","true","true","false","DERIVED"
"EVT-IMCA-0649","TIER_B_INDUSTRY","BRONZE","HIGH","HIGH","MEDIUM","MEDIUM","true","false","false","UNKNOWN"
"EVT-IMCA-0650","TIER_B_INDUSTRY","BRONZE","HIGH","HIGH","MEDIUM","MEDIUM","true","false","false","UNKNOWN"
"EVT-IMCA-0651","TIER_B_INDUSTRY","SILVER","HIGH","HIGH","MEDIUM","HIGH","true","true","false","DERIVED"
"EVT-IMCA-0652","TIER_B_INDUSTRY","BRONZE","HIGH","HIGH","MEDIUM","MEDIUM","true","false","false","UNKNOWN"
"EVT-IMCA-0653","TIER_B_INDUSTRY","BRONZE","HIGH","HIGH","MEDIUM","MEDIUM","true","false","true","UNKNOWN"
"EVT-IMCA-0654","TIER_B_INDUSTRY","BRONZE","HIGH","HIGH","MEDIUM","MEDIUM","true","false","false","UNKNOWN"
"EVT-IMCA-0655","TIER_B_INDUSTRY","SILVER","HIGH","HIGH","MEDIUM","HIGH","true","true","true","DERIVED"
"EVT-IMCA-0656","TIER_B_INDUSTRY","BRONZE","HIGH","HIGH","MEDIUM","MEDIUM","true","false","false","UNKNOWN"
"EVT-IMCA-0657","TIER_B_INDUSTRY","SILVER","HIGH","HIGH","MEDIUM","HIGH","true","true","true","DERIVED"
"EVT-IMCA-0658","TIER_B_INDUSTRY","BRONZE","HIGH","HIGH","MEDIUM","MEDIUM","true","false","false","UNKNOWN"
"EVT-IMCA-0659","TIER_B_INDUSTRY","SILVER","HIGH","HIGH","MEDIUM","HIGH","true","true","false","DERIVED"
"EVT-IMCA-0660","TIER_B_INDUSTRY","BRONZE","HIGH","HIGH","MEDIUM","MEDIUM","true","false","false","UNKNOWN"
"EVT-IMCA-0661","TIER_B_INDUSTRY","BRONZE","HIGH","HIGH","MEDIUM","MEDIUM","true","false","false","UNKNOWN"
"EVT-IMCA-0662","TIER_B_INDUSTRY","SILVER","HIGH","HIGH","MEDIUM","HIGH","true","true","false","DERIVED"
"EVT-IMCA-0663","TIER_B_INDUSTRY","BRONZE","HIGH","HIGH","MEDIUM","MEDIUM","true","false","false","UNKNOWN"
"EVT-IMCA-0664","TIER_B_INDUSTRY","BRONZE","HIGH","HIGH","MEDIUM","MEDIUM","true","true","false","DERIVED"
"EVT-IMCA-0665","TIER_B_INDUSTRY","SILVER","HIGH","HIGH","MEDIUM","HIGH","true","true","false","DERIVED"
"EVT-IMCA-0666","TIER_B_INDUSTRY","SILVER","HIGH","HIGH","MEDIUM","HIGH","true","true","false","DERIVED"
"EVT-IMCA-0667","TIER_B_INDUSTRY","BRONZE","HIGH","HIGH","MEDIUM","MEDIUM","true","true","false","DERIVED"
"EVT-IMCA-0668","TIER_B_INDUSTRY","BRONZE","HIGH","HIGH","MEDIUM","MEDIUM","true","false","false","UNKNOWN"
"EVT-IMCA-0669","TIER_B_INDUSTRY","SILVER","HIGH","HIGH","MEDIUM","HIGH","true","true","true","DERIVED"
"EVT-IMCA-0670","TIER_B_INDUSTRY","BRONZE","HIGH","HIGH","MEDIUM","MEDIUM","true","false","false","UNKNOWN"
"EVT-IMCA-0671","TIER_B_INDUSTRY","BRONZE","HIGH","HIGH","MEDIUM","MEDIUM","true","false","false","UNKNOWN"
"EVT-IMCA-0672","TIER_B_INDUSTRY","BRONZE","HIGH","HIGH","MEDIUM","MEDIUM","true","false","false","UNKNOWN"
"EVT-IMCA-0673","TIER_B_INDUSTRY","BRONZE","HIGH","HIGH","MEDIUM","MEDIUM","true","false","false","UNKNOWN"
"EVT-IMCA-0674","TIER_B_INDUSTRY","SILVER","HIGH","HIGH","MEDIUM","HIGH","true","true","false","DERIVED"
"EVT-IMCA-0675","TIER_B_INDUSTRY","SILVER","HIGH","HIGH","MEDIUM","HIGH","true","true","false","DERIVED"
"EVT-IMCA-0676","TIER_B_INDUSTRY","SILVER","HIGH","HIGH","MEDIUM","HIGH","true","true","false","DERIVED"
"EVT-IMCA-0677","TIER_B_INDUSTRY","SILVER","HIGH","HIGH","MEDIUM","HIGH","true","true","false","UNKNOWN"
"EVT-IMCA-0678","TIER_B_INDUSTRY","BRONZE","HIGH","HIGH","MEDIUM","MEDIUM","true","false","false","UNKNOWN"
"EVT-IMCA-0679","TIER_B_INDUSTRY","BRONZE","HIGH","HIGH","MEDIUM","MEDIUM","true","false","true","UNKNOWN"
"EVT-IMCA-0680","TIER_B_INDUSTRY","BRONZE","HIGH","HIGH","MEDIUM","MEDIUM","true","false","false","UNKNOWN"
"EVT-IMCA-0681","TIER_B_INDUSTRY","BRONZE","HIGH","HIGH","MEDIUM","MEDIUM","true","false","false","UNKNOWN"
"EVT-IMCA-0682","TIER_B_INDUSTRY","BRONZE","HIGH","HIGH","MEDIUM","MEDIUM","true","false","false","UNKNOWN"
"EVT-IMCA-0683","TIER_B_INDUSTRY","BRONZE","HIGH","HIGH","MEDIUM","MEDIUM","true","false","false","UNKNOWN"
"EVT-IMCA-0684","TIER_B_INDUSTRY","BRONZE","HIGH","HIGH","MEDIUM","MEDIUM","true","false","false","UNKNOWN"
"EVT-IMCA-0685","TIER_B_INDUSTRY","BRONZE","HIGH","HIGH","MEDIUM","MEDIUM","true","false","false","UNKNOWN"
"EVT-IMCA-0686","TIER_B_INDUSTRY","BRONZE","HIGH","HIGH","MEDIUM","MEDIUM","true","false","false","UNKNOWN"
"EVT-IMCA-0687","TIER_B_INDUSTRY","SILVER","HIGH","HIGH","MEDIUM","HIGH","true","true","false","DERIVED"
"EVT-IMCA-0688","TIER_B_INDUSTRY","BRONZE","HIGH","HIGH","MEDIUM","MEDIUM","true","false","false","UNKNOWN"
"EVT-IMCA-0689","TIER_B_INDUSTRY","SILVER","HIGH","HIGH","MEDIUM","HIGH","true","true","false","DERIVED"
"EVT-IMCA-0690","TIER_B_INDUSTRY","BRONZE","HIGH","HIGH","MEDIUM","MEDIUM","true","false","false","UNKNOWN"
"EVT-IMCA-0691","TIER_B_INDUSTRY","BRONZE","HIGH","HIGH","MEDIUM","MEDIUM","true","false","false","UNKNOWN"
"EVT-IMCA-0692","TIER_B_INDUSTRY","SILVER","HIGH","HIGH","MEDIUM","HIGH","true","true","false","DERIVED"
"EVT-IMCA-0693","TIER_B_INDUSTRY","SILVER","HIGH","HIGH","MEDIUM","HIGH","true","true","false","DERIVED"
"EVT-IMCA-0694","TIER_B_INDUSTRY","BRONZE","HIGH","HIGH","MEDIUM","MEDIUM","true","false","false","UNKNOWN"
"EVT-IMCA-0695","TIER_B_INDUSTRY","SILVER","HIGH","HIGH","MEDIUM","HIGH","true","true","false","DERIVED"
"EVT-IMCA-0696","TIER_B_INDUSTRY","BRONZE","HIGH","HIGH","MEDIUM","MEDIUM","true","false","false","UNKNOWN"
"EVT-IMCA-0697","TIER_B_INDUSTRY","BRONZE","HIGH","HIGH","MEDIUM","MEDIUM","true","false","false","UNKNOWN"
"EVT-IMCA-0698","TIER_B_INDUSTRY","SILVER","HIGH","HIGH","MEDIUM","HIGH","true","true","true","DERIVED"
"EVT-IMCA-0699","TIER_B_INDUSTRY","SILVER","HIGH","HIGH","MEDIUM","HIGH","true","true","false","DERIVED"
"EVT-IMCA-0700","TIER_B_INDUSTRY","SILVER","HIGH","HIGH","MEDIUM","HIGH","true","true","false","DERIVED"
"EVT-IMCA-0701","TIER_B_INDUSTRY","SILVER","HIGH","HIGH","MEDIUM","HIGH","true","true","false","DERIVED"
"EVT-IMCA-0702","TIER_B_INDUSTRY","SILVER","HIGH","HIGH","MEDIUM","HIGH","true","true","false","DERIVED"
"EVT-IMCA-0703","TIER_B_INDUSTRY","SILVER","HIGH","HIGH","MEDIUM","HIGH","true","true","false","DERIVED"
"EVT-IMCA-0704","TIER_B_INDUSTRY","BRONZE","HIGH","HIGH","MEDIUM","MEDIUM","true","false","true","UNKNOWN"
"EVT-IMCA-0705","TIER_B_INDUSTRY","BRONZE","HIGH","HIGH","MEDIUM","MEDIUM","true","false","false","UNKNOWN"
"EVT-IMCA-0706","TIER_B_INDUSTRY","SILVER","HIGH","HIGH","MEDIUM","HIGH","true","true","false","DERIVED"
"EVT-IMCA-0707","TIER_B_INDUSTRY","SILVER","HIGH","HIGH","MEDIUM","HIGH","true","true","false","DERIVED"
"EVT-IMCA-0708","TIER_B_INDUSTRY","SILVER","HIGH","HIGH","MEDIUM","HIGH","true","true","false","DERIVED"
"EVT-IMCA-0709","TIER_B_INDUSTRY","SILVER","HIGH","HIGH","MEDIUM","HIGH","true","true","true","DERIVED"
"EVT-IMCA-0710","TIER_B_INDUSTRY","SILVER","HIGH","HIGH","MEDIUM","HIGH","true","true","false","DERIVED"
"EVT-IMCA-0711","TIER_B_INDUSTRY","BRONZE","HIGH","HIGH","MEDIUM","MEDIUM","true","false","false","UNKNOWN"
"EVT-IMCA-0712","TIER_B_INDUSTRY","BRONZE","HIGH","HIGH","MEDIUM","MEDIUM","true","false","true","UNKNOWN"
"EVT-IMCA-0713","TIER_B_INDUSTRY","SILVER","HIGH","HIGH","MEDIUM","HIGH","true","true","true","DERIVED"
"EVT-IMCA-0714","TIER_B_INDUSTRY","SILVER","HIGH","HIGH","MEDIUM","HIGH","true","true","false","DERIVED"
"EVT-IMCA-0715","TIER_B_INDUSTRY","SILVER","HIGH","HIGH","MEDIUM","HIGH","true","true","false","DERIVED"
"EVT-IMCA-0716","TIER_B_INDUSTRY","BRONZE","HIGH","HIGH","MEDIUM","MEDIUM","true","false","false","UNKNOWN"
"EVT-IMCA-0717","TIER_B_INDUSTRY","SILVER","HIGH","HIGH","MEDIUM","HIGH","true","true","false","DERIVED"
"EVT-IMCA-0718","TIER_B_INDUSTRY","SILVER","HIGH","HIGH","MEDIUM","HIGH","true","true","false","DERIVED"
"EVT-IMCA-0719","TIER_B_INDUSTRY","BRONZE","HIGH","HIGH","MEDIUM","MEDIUM","true","false","false","UNKNOWN"
"EVT-IMCA-0720","TIER_B_INDUSTRY","BRONZE","HIGH","HIGH","MEDIUM","MEDIUM","true","true","false","DERIVED"
"EVT-IMCA-0721","TIER_B_INDUSTRY","BRONZE","HIGH","HIGH","MEDIUM","MEDIUM","true","false","false","UNKNOWN"
"EVT-IMCA-0722","TIER_B_INDUSTRY","SILVER","HIGH","HIGH","MEDIUM","HIGH","true","true","false","DERIVED"
"EVT-IMCA-0723","TIER_B_INDUSTRY","BRONZE","HIGH","HIGH","MEDIUM","MEDIUM","true","false","false","UNKNOWN"
"EVT-IMCA-0724","TIER_B_INDUSTRY","SILVER","HIGH","HIGH","MEDIUM","HIGH","true","true","false","DERIVED"
"EVT-IMCA-0725","TIER_B_INDUSTRY","BRONZE","HIGH","HIGH","MEDIUM","MEDIUM","true","false","false","UNKNOWN"
"EVT-IMCA-0726","TIER_B_INDUSTRY","SILVER","HIGH","HIGH","MEDIUM","HIGH","true","true","false","DERIVED"
"EVT-IMCA-0727","TIER_B_INDUSTRY","SILVER","HIGH","HIGH","MEDIUM","HIGH","true","true","false","DERIVED"
"EVT-IMCA-0728","TIER_B_INDUSTRY","BRONZE","HIGH","HIGH","MEDIUM","MEDIUM","true","false","true","UNKNOWN"
"EVT-IMCA-0729","TIER_B_INDUSTRY","BRONZE","HIGH","HIGH","MEDIUM","MEDIUM","true","false","false","UNKNOWN"
"EVT-IMCA-0730","TIER_B_INDUSTRY","SILVER","HIGH","HIGH","MEDIUM","HIGH","true","true","false","DERIVED"
"EVT-IMCA-0731","TIER_B_INDUSTRY","BRONZE","HIGH","HIGH","MEDIUM","MEDIUM","true","false","true","UNKNOWN"
"EVT-IMCA-0732","TIER_B_INDUSTRY","BRONZE","HIGH","HIGH","MEDIUM","MEDIUM","true","false","false","UNKNOWN"
"EVT-IMCA-0733","TIER_B_INDUSTRY","BRONZE","HIGH","HIGH","MEDIUM","MEDIUM","true","false","false","UNKNOWN"
"EVT-IMCA-0734","TIER_B_INDUSTRY","BRONZE","HIGH","HIGH","MEDIUM","MEDIUM","true","false","false","UNKNOWN"
"EVT-IMCA-0735","TIER_B_INDUSTRY","SILVER","HIGH","HIGH","MEDIUM","HIGH","true","true","false","DERIVED"
"EVT-IMCA-0736","TIER_B_INDUSTRY","BRONZE","HIGH","HIGH","MEDIUM","MEDIUM","true","false","false","UNKNOWN"
"EVT-IMCA-0737","TIER_B_INDUSTRY","BRONZE","HIGH","HIGH","MEDIUM","MEDIUM","true","false","false","UNKNOWN"
"EVT-IMCA-0738","TIER_B_INDUSTRY","BRONZE","HIGH","HIGH","MEDIUM","MEDIUM","true","false","false","UNKNOWN"
"EVT-IMCA-0739","TIER_B_INDUSTRY","BRONZE","HIGH","HIGH","MEDIUM","MEDIUM","true","true","false","UNKNOWN"
"EVT-IMCA-0740","TIER_B_INDUSTRY","BRONZE","HIGH","HIGH","MEDIUM","MEDIUM","true","false","false","UNKNOWN"
"EVT-IMCA-0741","TIER_B_INDUSTRY","BRONZE","HIGH","HIGH","MEDIUM","MEDIUM","true","false","false","UNKNOWN"
"EVT-IMCA-0742","TIER_B_INDUSTRY","BRONZE","HIGH","HIGH","MEDIUM","MEDIUM","true","false","false","UNKNOWN"
"EVT-IMCA-0743","TIER_B_INDUSTRY","BRONZE","HIGH","HIGH","MEDIUM","MEDIUM","true","true","false","DERIVED"
"EVT-IMCA-0744","TIER_B_INDUSTRY","BRONZE","HIGH","HIGH","MEDIUM","MEDIUM","true","false","false","UNKNOWN"
"EVT-IMCA-0745","TIER_B_INDUSTRY","BRONZE","HIGH","HIGH","MEDIUM","MEDIUM","true","true","false","DERIVED"
"EVT-IMCA-0746","TIER_B_INDUSTRY","BRONZE","HIGH","HIGH","MEDIUM","MEDIUM","true","true","false","DERIVED"
"EVT-IMCA-0747","TIER_B_INDUSTRY","BRONZE","HIGH","HIGH","MEDIUM","MEDIUM","true","false","false","UNKNOWN"
"EVT-IMCA-0748","TIER_B_INDUSTRY","BRONZE","HIGH","HIGH","MEDIUM","MEDIUM","true","false","false","UNKNOWN"
"EVT-IMCA-0749","TIER_B_INDUSTRY","BRONZE","HIGH","HIGH","HIGH","MEDIUM","true","true","false","EXPLICIT"
"EVT-IMCA-0750","TIER_B_INDUSTRY","BRONZE","HIGH","HIGH","MEDIUM","MEDIUM","true","false","false","UNKNOWN"
"EVT-IMCA-0751","TIER_B_INDUSTRY","BRONZE","HIGH","HIGH","MEDIUM","MEDIUM","true","false","false","UNKNOWN"
"EVT-IMCA-0752","TIER_B_INDUSTRY","BRONZE","HIGH","HIGH","MEDIUM","MEDIUM","true","true","false","DERIVED"
"EVT-IMCA-0753","TIER_B_INDUSTRY","SILVER","HIGH","HIGH","MEDIUM","HIGH","true","true","false","DERIVED"
"EVT-IMCA-0754","TIER_B_INDUSTRY","BRONZE","HIGH","HIGH","MEDIUM","MEDIUM","true","true","false","DERIVED"
"EVT-IMCA-0755","TIER_B_INDUSTRY","BRONZE","HIGH","HIGH","MEDIUM","MEDIUM","true","true","false","DERIVED"
"EVT-IMCA-0756","TIER_B_INDUSTRY","BRONZE","HIGH","HIGH","MEDIUM","MEDIUM","true","true","false","DERIVED"
"EVT-IMCA-0757","TIER_B_INDUSTRY","BRONZE","HIGH","HIGH","MEDIUM","MEDIUM","true","true","false","DERIVED"
"EVT-IMCA-0758","TIER_B_INDUSTRY","BRONZE","HIGH","HIGH","MEDIUM","MEDIUM","true","true","false","DERIVED"
"EVT-IMCA-0759","TIER_B_INDUSTRY","BRONZE","HIGH","HIGH","MEDIUM","MEDIUM","true","true","false","DERIVED"
"EVT-IMCA-0760","TIER_B_INDUSTRY","BRONZE","HIGH","HIGH","MEDIUM","MEDIUM","true","false","false","UNKNOWN"
"EVT-IMCA-0761","TIER_B_INDUSTRY","BRONZE","HIGH","HIGH","MEDIUM","MEDIUM","true","false","false","UNKNOWN"
"EVT-IMCA-0762","TIER_B_INDUSTRY","BRONZE","HIGH","HIGH","MEDIUM","MEDIUM","true","true","false","DERIVED"
"EVT-IMCA-0763","TIER_B_INDUSTRY","SILVER","HIGH","HIGH","MEDIUM","HIGH","true","true","false","DERIVED"
"EVT-IMCA-0764","TIER_B_INDUSTRY","SILVER","HIGH","HIGH","MEDIUM","HIGH","true","true","false","DERIVED"
"EVT-IMCA-0765","TIER_B_INDUSTRY","BRONZE","HIGH","HIGH","MEDIUM","MEDIUM","true","false","true","UNKNOWN"
"EVT-IMCA-0766","TIER_B_INDUSTRY","BRONZE","HIGH","HIGH","MEDIUM","MEDIUM","true","false","true","UNKNOWN"
"EVT-IMCA-0767","TIER_B_INDUSTRY","BRONZE","HIGH","HIGH","MEDIUM","MEDIUM","true","true","false","DERIVED"
"EVT-IMCA-0768","TIER_B_INDUSTRY","BRONZE","HIGH","HIGH","MEDIUM","MEDIUM","true","false","true","UNKNOWN"
"EVT-IMCA-0769","TIER_B_INDUSTRY","SILVER","HIGH","HIGH","MEDIUM","HIGH","true","true","true","DERIVED"
"EVT-IMCA-0770","TIER_B_INDUSTRY","GOLD","HIGH","HIGH","MEDIUM","HIGH","true","true","true","DERIVED"
"EVT-IMCA-0771","TIER_B_INDUSTRY","SILVER","HIGH","HIGH","MEDIUM","HIGH","true","true","false","DERIVED"
"EVT-IMCA-0772","TIER_B_INDUSTRY","BRONZE","HIGH","HIGH","MEDIUM","MEDIUM","true","true","false","DERIVED"
"EVT-IMCA-0773","TIER_B_INDUSTRY","BRONZE","HIGH","HIGH","MEDIUM","MEDIUM","true","false","false","UNKNOWN"
"EVT-IMCA-0774","TIER_B_INDUSTRY","BRONZE","HIGH","HIGH","MEDIUM","MEDIUM","true","true","false","DERIVED"
"EVT-IMCA-0775","TIER_B_INDUSTRY","BRONZE","HIGH","HIGH","MEDIUM","MEDIUM","true","false","false","UNKNOWN"
"EVT-IMCA-0776","TIER_B_INDUSTRY","BRONZE","HIGH","HIGH","MEDIUM","MEDIUM","true","false","false","UNKNOWN"
"EVT-IMCA-0777","TIER_B_INDUSTRY","BRONZE","HIGH","HIGH","MEDIUM","MEDIUM","true","false","false","UNKNOWN"
"EVT-IMCA-0778","TIER_B_INDUSTRY","SILVER","HIGH","HIGH","MEDIUM","HIGH","true","true","false","DERIVED"
"EVT-IMCA-0779","TIER_B_INDUSTRY","SILVER","HIGH","HIGH","MEDIUM","HIGH","true","true","false","DERIVED"
"EVT-IMCA-0780","TIER_B_INDUSTRY","SILVER","HIGH","HIGH","MEDIUM","HIGH","true","true","false","DERIVED"
"EVT-IMCA-0781","TIER_B_INDUSTRY","BRONZE","HIGH","HIGH","MEDIUM","MEDIUM","true","false","false","UNKNOWN"
"EVT-IMCA-0782","TIER_B_INDUSTRY","BRONZE","HIGH","HIGH","MEDIUM","MEDIUM","true","false","false","UNKNOWN"
"EVT-IMCA-0783","TIER_B_INDUSTRY","SILVER","HIGH","HIGH","MEDIUM","HIGH","true","true","false","DERIVED"
"EVT-IMCA-0784","TIER_B_INDUSTRY","BRONZE","HIGH","HIGH","HIGH","MEDIUM","true","true","false","EXPLICIT"
"EVT-IMCA-0785","TIER_B_INDUSTRY","SILVER","HIGH","HIGH","MEDIUM","HIGH","true","true","false","DERIVED"
"EVT-IMCA-0786","TIER_B_INDUSTRY","SILVER","HIGH","HIGH","MEDIUM","HIGH","true","true","false","DERIVED"
"EVT-IMCA-0787","TIER_B_INDUSTRY","SILVER","HIGH","HIGH","MEDIUM","HIGH","true","true","false","DERIVED"
"EVT-IMCA-0788","TIER_B_INDUSTRY","SILVER","HIGH","HIGH","MEDIUM","HIGH","true","true","false","DERIVED"
"EVT-IMCA-0789","TIER_B_INDUSTRY","BRONZE","HIGH","HIGH","MEDIUM","MEDIUM","true","false","false","UNKNOWN"
"EVT-IMCA-0790","TIER_B_INDUSTRY","BRONZE","HIGH","HIGH","MEDIUM","MEDIUM","true","true","true","DERIVED"
"EVT-IMCA-0791","TIER_B_INDUSTRY","SILVER","HIGH","HIGH","HIGH","HIGH","true","false","true","EXPLICIT"
"EVT-IMCA-0792","TIER_B_INDUSTRY","SILVER","HIGH","HIGH","MEDIUM","HIGH","true","true","false","DERIVED"
"EVT-IMCA-0793","TIER_B_INDUSTRY","BRONZE","HIGH","HIGH","MEDIUM","MEDIUM","true","false","false","UNKNOWN"
"EVT-IMCA-0794","TIER_B_INDUSTRY","BRONZE","HIGH","HIGH","MEDIUM","MEDIUM","true","false","false","UNKNOWN"
"EVT-IMCA-0795","TIER_B_INDUSTRY","SILVER","HIGH","HIGH","MEDIUM","HIGH","true","true","false","DERIVED"
"EVT-IMCA-0796","TIER_B_INDUSTRY","BRONZE","HIGH","HIGH","MEDIUM","MEDIUM","true","false","false","UNKNOWN"
"EVT-IMCA-0797","TIER_B_INDUSTRY","BRONZE","HIGH","HIGH","MEDIUM","MEDIUM","true","false","false","UNKNOWN"
"EVT-IMCA-0798","TIER_B_INDUSTRY","BRONZE","HIGH","HIGH","MEDIUM","MEDIUM","true","false","false","UNKNOWN"
"EVT-IMCA-0799","TIER_B_INDUSTRY","BRONZE","HIGH","HIGH","MEDIUM","MEDIUM","true","false","true","UNKNOWN"
"EVT-IMCA-0800","TIER_B_INDUSTRY","BRONZE","HIGH","HIGH","MEDIUM","MEDIUM","true","false","false","UNKNOWN"
"EVT-IMCA-0801","TIER_B_INDUSTRY","BRONZE","HIGH","HIGH","MEDIUM","MEDIUM","true","false","true","UNKNOWN"
"EVT-IMCA-0802","TIER_B_INDUSTRY","SILVER","HIGH","HIGH","MEDIUM","HIGH","true","true","false","DERIVED"
"EVT-IMCA-0803","TIER_B_INDUSTRY","SILVER","HIGH","HIGH","MEDIUM","HIGH","true","true","false","DERIVED"
"EVT-IMCA-0804","TIER_B_INDUSTRY","BRONZE","HIGH","HIGH","MEDIUM","MEDIUM","true","false","false","UNKNOWN"
"EVT-IMCA-0805","TIER_B_INDUSTRY","BRONZE","HIGH","HIGH","MEDIUM","MEDIUM","true","false","true","UNKNOWN"
"EVT-IMCA-0806","TIER_B_INDUSTRY","GOLD","HIGH","HIGH","MEDIUM","HIGH","true","true","true","DERIVED"
"EVT-IMCA-0807","TIER_B_INDUSTRY","SILVER","HIGH","HIGH","MEDIUM","HIGH","true","true","false","DERIVED"
"EVT-IMCA-0808","TIER_B_INDUSTRY","BRONZE","HIGH","HIGH","MEDIUM","MEDIUM","true","false","false","UNKNOWN"
"EVT-IMCA-0809","TIER_B_INDUSTRY","SILVER","HIGH","HIGH","MEDIUM","HIGH","true","true","false","DERIVED"
"EVT-IMCA-0810","TIER_B_INDUSTRY","BRONZE","HIGH","HIGH","MEDIUM","MEDIUM","true","false","false","UNKNOWN"
"EVT-IMCA-0811","TIER_B_INDUSTRY","SILVER","HIGH","HIGH","MEDIUM","HIGH","true","true","false","DERIVED"
"EVT-IMCA-0812","TIER_B_INDUSTRY","SILVER","HIGH","HIGH","HIGH","HIGH","true","true","false","EXPLICIT"
"EVT-IMCA-0813","TIER_B_INDUSTRY","BRONZE","HIGH","HIGH","MEDIUM","MEDIUM","true","false","false","UNKNOWN"
"EVT-IMCA-0814","TIER_B_INDUSTRY","SILVER","HIGH","HIGH","MEDIUM","HIGH","true","true","false","DERIVED"
"EVT-IMCA-0815","TIER_B_INDUSTRY","BRONZE","HIGH","HIGH","MEDIUM","MEDIUM","true","false","false","UNKNOWN"
"EVT-IMCA-0816","TIER_B_INDUSTRY","BRONZE","HIGH","HIGH","MEDIUM","MEDIUM","true","false","false","UNKNOWN"
"EVT-IMCA-0817","TIER_B_INDUSTRY","BRONZE","HIGH","HIGH","MEDIUM","MEDIUM","true","false","true","UNKNOWN"
"EVT-IMCA-0818","TIER_B_INDUSTRY","BRONZE","HIGH","HIGH","MEDIUM","MEDIUM","true","false","false","UNKNOWN"
"EVT-IMCA-0819","TIER_B_INDUSTRY","BRONZE","HIGH","HIGH","MEDIUM","MEDIUM","true","false","false","UNKNOWN"
"EVT-IMCA-0820","TIER_B_INDUSTRY","BRONZE","HIGH","HIGH","MEDIUM","MEDIUM","true","false","true","UNKNOWN"
"EVT-IMCA-0821","TIER_B_INDUSTRY","BRONZE","HIGH","HIGH","MEDIUM","MEDIUM","true","false","false","UNKNOWN"
"EVT-IMCA-0822","TIER_B_INDUSTRY","BRONZE","HIGH","HIGH","MEDIUM","MEDIUM","true","false","true","UNKNOWN"
"EVT-IMCA-0823","TIER_B_INDUSTRY","SILVER","HIGH","HIGH","MEDIUM","HIGH","true","true","false","DERIVED"
"EVT-IMCA-0824","TIER_B_INDUSTRY","BRONZE","HIGH","HIGH","MEDIUM","MEDIUM","true","false","false","UNKNOWN"
"EVT-IMCA-0825","TIER_B_INDUSTRY","BRONZE","HIGH","HIGH","MEDIUM","MEDIUM","true","false","false","UNKNOWN"
"EVT-IMCA-0826","TIER_B_INDUSTRY","SILVER","HIGH","HIGH","MEDIUM","HIGH","true","true","false","DERIVED"
"EVT-IMCA-0827","TIER_B_INDUSTRY","BRONZE","HIGH","HIGH","MEDIUM","MEDIUM","true","true","false","DERIVED"
"EVT-IMCA-0828","TIER_B_INDUSTRY","BRONZE","HIGH","HIGH","MEDIUM","MEDIUM","true","true","false","DERIVED"
"EVT-IMCA-0829","TIER_B_INDUSTRY","BRONZE","HIGH","HIGH","MEDIUM","MEDIUM","true","false","true","UNKNOWN"
"EVT-IMCA-0830","TIER_B_INDUSTRY","SILVER","HIGH","HIGH","MEDIUM","HIGH","true","true","false","DERIVED"
"EVT-IMCA-0831","TIER_B_INDUSTRY","BRONZE","HIGH","HIGH","MEDIUM","MEDIUM","true","false","true","UNKNOWN"
"EVT-IMCA-0832","TIER_B_INDUSTRY","BRONZE","HIGH","HIGH","MEDIUM","MEDIUM","true","false","true","UNKNOWN"
"EVT-IMCA-0833","TIER_B_INDUSTRY","BRONZE","HIGH","HIGH","MEDIUM","MEDIUM","true","false","true","UNKNOWN"
"EVT-IMCA-0834","TIER_B_INDUSTRY","SILVER","HIGH","HIGH","MEDIUM","HIGH","true","true","false","DERIVED"
"EVT-IMCA-0835","TIER_B_INDUSTRY","BRONZE","HIGH","HIGH","MEDIUM","MEDIUM","true","false","false","UNKNOWN"
"EVT-IMCA-0836","TIER_B_INDUSTRY","BRONZE","HIGH","HIGH","MEDIUM","MEDIUM","true","false","false","UNKNOWN"
"EVT-IMCA-0837","TIER_B_INDUSTRY","BRONZE","HIGH","HIGH","MEDIUM","MEDIUM","true","false","true","UNKNOWN"
"EVT-IMCA-0838","TIER_B_INDUSTRY","BRONZE","HIGH","HIGH","MEDIUM","MEDIUM","true","true","false","DERIVED"
"EVT-IMCA-0839","TIER_B_INDUSTRY","BRONZE","HIGH","HIGH","MEDIUM","MEDIUM","true","true","false","DERIVED"
"EVT-IMCA-0840","TIER_B_INDUSTRY","SILVER","HIGH","HIGH","MEDIUM","HIGH","true","true","true","DERIVED"
"EVT-IMCA-0841","TIER_B_INDUSTRY","BRONZE","HIGH","HIGH","MEDIUM","MEDIUM","true","false","false","UNKNOWN"
"EVT-IMCA-0842","TIER_B_INDUSTRY","BRONZE","HIGH","HIGH","MEDIUM","MEDIUM","true","false","false","UNKNOWN"
"EVT-IMCA-0843","TIER_B_INDUSTRY","SILVER","HIGH","HIGH","HIGH","HIGH","true","false","false","EXPLICIT"
"EVT-IMCA-0844","TIER_B_INDUSTRY","BRONZE","HIGH","HIGH","MEDIUM","MEDIUM","true","false","true","UNKNOWN"
"EVT-IMCA-0845","TIER_B_INDUSTRY","BRONZE","HIGH","HIGH","MEDIUM","MEDIUM","true","false","false","UNKNOWN"
"EVT-IMCA-0846","TIER_B_INDUSTRY","BRONZE","HIGH","HIGH","MEDIUM","MEDIUM","true","false","false","UNKNOWN"
"EVT-IMCA-0847","TIER_B_INDUSTRY","BRONZE","HIGH","HIGH","MEDIUM","MEDIUM","true","false","false","UNKNOWN"
"EVT-IMCA-0848","TIER_B_INDUSTRY","BRONZE","HIGH","HIGH","MEDIUM","MEDIUM","true","false","false","UNKNOWN"
"EVT-IMCA-0849","TIER_B_INDUSTRY","SILVER","HIGH","HIGH","MEDIUM","HIGH","true","true","true","DERIVED"
"EVT-IMCA-0850","TIER_B_INDUSTRY","BRONZE","HIGH","HIGH","MEDIUM","MEDIUM","true","false","false","UNKNOWN"
"EVT-IMCA-0851","TIER_B_INDUSTRY","SILVER","HIGH","HIGH","HIGH","HIGH","true","true","true","EXPLICIT"
"EVT-IMCA-0852","TIER_B_INDUSTRY","BRONZE","HIGH","HIGH","MEDIUM","MEDIUM","true","false","true","UNKNOWN"
"EVT-IMCA-0853","TIER_B_INDUSTRY","BRONZE","HIGH","HIGH","MEDIUM","MEDIUM","true","false","false","UNKNOWN"
"EVT-IMCA-0854","TIER_B_INDUSTRY","BRONZE","HIGH","HIGH","MEDIUM","MEDIUM","true","false","false","UNKNOWN"
"EVT-IMCA-0855","TIER_B_INDUSTRY","SILVER","HIGH","HIGH","MEDIUM","HIGH","true","true","false","DERIVED"
"EVT-IMCA-0856","TIER_B_INDUSTRY","SILVER","HIGH","HIGH","MEDIUM","HIGH","true","true","false","DERIVED"
"EVT-IMCA-0857","TIER_B_INDUSTRY","BRONZE","HIGH","HIGH","MEDIUM","MEDIUM","true","false","false","UNKNOWN"
"EVT-IMCA-0858","TIER_B_INDUSTRY","BRONZE","HIGH","HIGH","MEDIUM","MEDIUM","true","false","false","UNKNOWN"
"EVT-IMCA-0859","TIER_B_INDUSTRY","BRONZE","HIGH","HIGH","MEDIUM","MEDIUM","true","false","false","UNKNOWN"
"EVT-IMCA-0860","TIER_B_INDUSTRY","SILVER","HIGH","HIGH","HIGH","HIGH","true","true","false","EXPLICIT"
"EVT-IMCA-0861","TIER_B_INDUSTRY","SILVER","HIGH","HIGH","MEDIUM","HIGH","true","true","false","DERIVED"
"EVT-IMCA-0862","TIER_B_INDUSTRY","BRONZE","HIGH","HIGH","MEDIUM","MEDIUM","true","false","true","UNKNOWN"
"EVT-IMCA-0863","TIER_B_INDUSTRY","BRONZE","HIGH","HIGH","MEDIUM","MEDIUM","true","false","false","UNKNOWN"
"EVT-IMCA-0864","TIER_B_INDUSTRY","BRONZE","HIGH","HIGH","MEDIUM","MEDIUM","true","false","true","UNKNOWN"
"EVT-IMCA-0865","TIER_B_INDUSTRY","BRONZE","HIGH","HIGH","HIGH","MEDIUM","true","true","false","EXPLICIT"
"EVT-IMCA-0866","TIER_B_INDUSTRY","SILVER","HIGH","HIGH","HIGH","HIGH","true","true","true","EXPLICIT"
"EVT-IMCA-0867","TIER_B_INDUSTRY","BRONZE","HIGH","HIGH","HIGH","MEDIUM","true","true","false","EXPLICIT"
"EVT-IMCA-0868","TIER_B_INDUSTRY","SILVER","HIGH","HIGH","MEDIUM","HIGH","true","true","false","DERIVED"
"EVT-IMCA-0869","TIER_B_INDUSTRY","SILVER","HIGH","HIGH","MEDIUM","HIGH","true","true","false","DERIVED"
"EVT-IMCA-0870","TIER_B_INDUSTRY","SILVER","HIGH","HIGH","MEDIUM","HIGH","true","true","false","DERIVED"
"EVT-IMCA-0871","TIER_B_INDUSTRY","BRONZE","HIGH","HIGH","HIGH","MEDIUM","true","false","false","EXPLICIT"
"EVT-IMCA-0872","TIER_B_INDUSTRY","BRONZE","HIGH","HIGH","MEDIUM","MEDIUM","true","false","false","UNKNOWN"
"EVT-IMCA-0873","TIER_B_INDUSTRY","SILVER","HIGH","HIGH","HIGH","HIGH","true","true","false","EXPLICIT"
"EVT-IMCA-0874","TIER_B_INDUSTRY","SILVER","HIGH","HIGH","HIGH","HIGH","true","true","false","EXPLICIT"
"EVT-IMCA-0875","TIER_B_INDUSTRY","SILVER","HIGH","HIGH","HIGH","HIGH","true","true","false","EXPLICIT"
"EVT-IMCA-0876","TIER_B_INDUSTRY","SILVER","HIGH","HIGH","HIGH","HIGH","true","true","false","EXPLICIT"
"EVT-IMCA-0877","TIER_B_INDUSTRY","SILVER","HIGH","HIGH","MEDIUM","HIGH","true","true","false","DERIVED"
"EVT-IMCA-0878","TIER_B_INDUSTRY","BRONZE","HIGH","HIGH","MEDIUM","MEDIUM","true","false","false","UNKNOWN"
"EVT-IMCA-0879","TIER_B_INDUSTRY","BRONZE","HIGH","HIGH","MEDIUM","MEDIUM","true","false","false","UNKNOWN"
"EVT-IMCA-0880","TIER_B_INDUSTRY","SILVER","HIGH","HIGH","MEDIUM","HIGH","true","true","false","DERIVED"
"EVT-IMCA-0881","TIER_B_INDUSTRY","SILVER","HIGH","HIGH","MEDIUM","HIGH","true","true","false","DERIVED"
"EVT-IMCA-0882","TIER_B_INDUSTRY","BRONZE","HIGH","HIGH","MEDIUM","MEDIUM","true","false","false","UNKNOWN"
"EVT-IMCA-0883","TIER_B_INDUSTRY","BRONZE","HIGH","HIGH","MEDIUM","MEDIUM","true","false","false","UNKNOWN"
"EVT-IMCA-0884","TIER_B_INDUSTRY","BRONZE","HIGH","HIGH","MEDIUM","MEDIUM","true","false","false","UNKNOWN"
"EVT-IMCA-0885","TIER_B_INDUSTRY","BRONZE","HIGH","HIGH","MEDIUM","MEDIUM","true","false","false","UNKNOWN"
"EVT-IMCA-0886","TIER_B_INDUSTRY","BRONZE","HIGH","HIGH","MEDIUM","MEDIUM","true","false","true","UNKNOWN"
"EVT-IMCA-0887","TIER_B_INDUSTRY","BRONZE","HIGH","HIGH","MEDIUM","MEDIUM","true","false","true","UNKNOWN"
"EVT-IMCA-0888","TIER_B_INDUSTRY","BRONZE","HIGH","HIGH","MEDIUM","MEDIUM","true","false","false","UNKNOWN"
"EVT-IMCA-0889","TIER_B_INDUSTRY","BRONZE","HIGH","HIGH","MEDIUM","MEDIUM","true","false","false","UNKNOWN"
"EVT-IMCA-0890","TIER_B_INDUSTRY","BRONZE","HIGH","HIGH","MEDIUM","MEDIUM","true","false","true","UNKNOWN"
"EVT-IMCA-0891","TIER_B_INDUSTRY","SILVER","HIGH","HIGH","MEDIUM","HIGH","true","true","false","DERIVED"
"EVT-IMCA-0892","TIER_B_INDUSTRY","SILVER","HIGH","HIGH","MEDIUM","HIGH","true","true","true","DERIVED"
"EVT-IMCA-0893","TIER_B_INDUSTRY","BRONZE","HIGH","HIGH","MEDIUM","MEDIUM","true","false","false","UNKNOWN"
"EVT-IMCA-0894","TIER_B_INDUSTRY","BRONZE","HIGH","HIGH","MEDIUM","MEDIUM","true","false","false","UNKNOWN"
"EVT-IMCA-0895","TIER_B_INDUSTRY","BRONZE","HIGH","HIGH","MEDIUM","MEDIUM","true","false","false","UNKNOWN"
"EVT-IMCA-0896","TIER_B_INDUSTRY","SILVER","HIGH","HIGH","MEDIUM","HIGH","true","true","false","DERIVED"
"EVT-IMCA-0897","TIER_B_INDUSTRY","SILVER","HIGH","HIGH","MEDIUM","HIGH","true","true","false","DERIVED"
"EVT-IMCA-0898","TIER_B_INDUSTRY","SILVER","HIGH","HIGH","HIGH","HIGH","true","false","true","EXPLICIT"
"EVT-IMCA-0899","TIER_B_INDUSTRY","BRONZE","HIGH","HIGH","MEDIUM","MEDIUM","true","false","false","UNKNOWN"
"EVT-IMCA-0900","TIER_B_INDUSTRY","SILVER","HIGH","HIGH","MEDIUM","HIGH","true","true","true","DERIVED"
"EVT-IMCA-0901","TIER_B_INDUSTRY","BRONZE","HIGH","HIGH","MEDIUM","MEDIUM","true","false","false","UNKNOWN"
"EVT-IMCA-0902","TIER_B_INDUSTRY","BRONZE","HIGH","HIGH","MEDIUM","MEDIUM","true","true","false","DERIVED"
"EVT-IMCA-0903","TIER_B_INDUSTRY","SILVER","HIGH","HIGH","HIGH","HIGH","true","false","false","EXPLICIT"
"EVT-IMCA-0904","TIER_B_INDUSTRY","BRONZE","HIGH","HIGH","MEDIUM","MEDIUM","true","false","false","UNKNOWN"
"EVT-IMCA-0905","TIER_B_INDUSTRY","BRONZE","HIGH","HIGH","MEDIUM","MEDIUM","true","false","false","UNKNOWN"
"EVT-IMCA-0906","TIER_B_INDUSTRY","SILVER","HIGH","HIGH","MEDIUM","HIGH","true","true","true","DERIVED"
"EVT-IMCA-0907","TIER_B_INDUSTRY","SILVER","HIGH","HIGH","MEDIUM","HIGH","true","true","false","DERIVED"
"EVT-IMCA-0908","TIER_B_INDUSTRY","BRONZE","HIGH","HIGH","MEDIUM","MEDIUM","true","false","true","UNKNOWN"
"EVT-IMCA-0909","TIER_B_INDUSTRY","BRONZE","HIGH","HIGH","MEDIUM","MEDIUM","true","false","false","UNKNOWN"
"EVT-IMCA-0910","TIER_B_INDUSTRY","BRONZE","HIGH","HIGH","MEDIUM","MEDIUM","true","true","false","DERIVED"
"EVT-IMCA-0911","TIER_B_INDUSTRY","SILVER","HIGH","HIGH","MEDIUM","HIGH","true","true","false","DERIVED"
"EVT-IMCA-0912","TIER_B_INDUSTRY","BRONZE","HIGH","HIGH","MEDIUM","MEDIUM","true","false","false","UNKNOWN"
"EVT-IMCA-0913","TIER_B_INDUSTRY","BRONZE","HIGH","HIGH","MEDIUM","MEDIUM","true","false","false","UNKNOWN"
"EVT-IMCA-0914","TIER_B_INDUSTRY","SILVER","HIGH","HIGH","MEDIUM","HIGH","true","true","false","DERIVED"
"EVT-IMCA-0915","TIER_B_INDUSTRY","SILVER","HIGH","HIGH","MEDIUM","HIGH","true","true","false","DERIVED"
"EVT-IMCA-0916","TIER_B_INDUSTRY","SILVER","HIGH","HIGH","MEDIUM","HIGH","true","true","false","DERIVED"
"EVT-IMCA-0917","TIER_B_INDUSTRY","SILVER","HIGH","HIGH","MEDIUM","HIGH","true","true","false","DERIVED"
"EVT-IMCA-0918","TIER_B_INDUSTRY","SILVER","HIGH","HIGH","MEDIUM","HIGH","true","true","true","DERIVED"
"EVT-IMCA-0919","TIER_B_INDUSTRY","SILVER","HIGH","HIGH","MEDIUM","HIGH","true","true","false","DERIVED"
"EVT-IMCA-0920","TIER_B_INDUSTRY","SILVER","HIGH","HIGH","MEDIUM","HIGH","true","true","false","DERIVED"
"EVT-IMCA-0921","TIER_B_INDUSTRY","SILVER","HIGH","HIGH","MEDIUM","HIGH","true","true","false","DERIVED"
"EVT-IMCA-0922","TIER_B_INDUSTRY","SILVER","HIGH","HIGH","MEDIUM","HIGH","true","true","false","DERIVED"
"EVT-IMCA-0923","TIER_B_INDUSTRY","BRONZE","HIGH","HIGH","MEDIUM","MEDIUM","true","false","false","UNKNOWN"
"EVT-IMCA-0924","TIER_B_INDUSTRY","BRONZE","HIGH","HIGH","MEDIUM","MEDIUM","true","false","true","UNKNOWN"
"EVT-IMCA-0925","TIER_B_INDUSTRY","SILVER","HIGH","HIGH","MEDIUM","HIGH","true","true","false","DERIVED"
"EVT-IMCA-0926","TIER_B_INDUSTRY","BRONZE","HIGH","HIGH","MEDIUM","MEDIUM","true","false","false","UNKNOWN"
"EVT-IMCA-0927","TIER_B_INDUSTRY","SILVER","HIGH","HIGH","MEDIUM","HIGH","true","true","true","DERIVED"
"EVT-IMCA-0928","TIER_B_INDUSTRY","SILVER","HIGH","HIGH","MEDIUM","HIGH","true","true","false","DERIVED"
"EVT-IMCA-0929","TIER_B_INDUSTRY","SILVER","HIGH","HIGH","MEDIUM","HIGH","true","true","false","DERIVED"
"EVT-IMCA-0930","TIER_B_INDUSTRY","SILVER","HIGH","HIGH","HIGH","HIGH","true","false","false","EXPLICIT"
"EVT-IMCA-0931","TIER_B_INDUSTRY","BRONZE","HIGH","HIGH","MEDIUM","MEDIUM","true","false","false","UNKNOWN"
"EVT-IMCA-0932","TIER_B_INDUSTRY","BRONZE","HIGH","HIGH","MEDIUM","MEDIUM","true","false","false","UNKNOWN"
"EVT-IMCA-0933","TIER_B_INDUSTRY","BRONZE","HIGH","HIGH","MEDIUM","MEDIUM","true","false","false","UNKNOWN"
"EVT-IMCA-0934","TIER_B_INDUSTRY","BRONZE","HIGH","HIGH","MEDIUM","MEDIUM","true","false","false","UNKNOWN"
"EVT-IMCA-0935","TIER_B_INDUSTRY","BRONZE","HIGH","HIGH","MEDIUM","MEDIUM","true","true","false","DERIVED"
"EVT-IMCA-0936","TIER_B_INDUSTRY","BRONZE","HIGH","HIGH","MEDIUM","MEDIUM","true","false","false","UNKNOWN"
"EVT-IMCA-0937","TIER_B_INDUSTRY","BRONZE","HIGH","HIGH","MEDIUM","MEDIUM","true","false","true","UNKNOWN"
"EVT-IMCA-0938","TIER_B_INDUSTRY","BRONZE","HIGH","HIGH","MEDIUM","MEDIUM","true","false","false","UNKNOWN"
"EVT-IMCA-0939","TIER_B_INDUSTRY","BRONZE","HIGH","HIGH","MEDIUM","MEDIUM","true","true","false","DERIVED"
"EVT-IMCA-0940","TIER_B_INDUSTRY","BRONZE","HIGH","HIGH","MEDIUM","MEDIUM","true","true","false","DERIVED"
"EVT-IMCA-0941","TIER_B_INDUSTRY","BRONZE","HIGH","HIGH","MEDIUM","MEDIUM","true","true","false","DERIVED"
"EVT-IMCA-0942","TIER_B_INDUSTRY","BRONZE","HIGH","HIGH","MEDIUM","MEDIUM","true","true","false","DERIVED"
"EVT-IMCA-0943","TIER_B_INDUSTRY","BRONZE","HIGH","HIGH","MEDIUM","MEDIUM","true","true","false","DERIVED"
"EVT-IMCA-0944","TIER_B_INDUSTRY","BRONZE","HIGH","HIGH","MEDIUM","MEDIUM","true","false","false","UNKNOWN"
"EVT-IMCA-0945","TIER_B_INDUSTRY","BRONZE","HIGH","HIGH","MEDIUM","MEDIUM","true","false","false","UNKNOWN"
"EVT-IMCA-0946","TIER_B_INDUSTRY","BRONZE","HIGH","HIGH","MEDIUM","MEDIUM","true","true","false","DERIVED"
"EVT-IMCA-0947","TIER_B_INDUSTRY","BRONZE","HIGH","HIGH","MEDIUM","MEDIUM","true","false","false","UNKNOWN"
"EVT-IMCA-0948","TIER_B_INDUSTRY","BRONZE","HIGH","HIGH","MEDIUM","MEDIUM","true","true","false","DERIVED"
"EVT-IMCA-0949","TIER_B_INDUSTRY","BRONZE","HIGH","HIGH","HIGH","MEDIUM","true","false","false","EXPLICIT"
"EVT-IMCA-0950","TIER_B_INDUSTRY","BRONZE","HIGH","HIGH","MEDIUM","MEDIUM","true","true","false","DERIVED"
"EVT-IMCA-0951","TIER_B_INDUSTRY","BRONZE","HIGH","HIGH","MEDIUM","MEDIUM","true","true","false","DERIVED"
"EVT-IMCA-0952","TIER_B_INDUSTRY","BRONZE","HIGH","HIGH","HIGH","MEDIUM","true","true","false","EXPLICIT"
"EVT-IMCA-0953","TIER_B_INDUSTRY","BRONZE","HIGH","HIGH","MEDIUM","MEDIUM","true","true","false","DERIVED"
"EVT-IMCA-0954","TIER_B_INDUSTRY","BRONZE","HIGH","HIGH","MEDIUM","MEDIUM","true","false","false","UNKNOWN"
"EVT-IMCA-0955","TIER_B_INDUSTRY","BRONZE","HIGH","HIGH","MEDIUM","MEDIUM","true","false","false","UNKNOWN"
"EVT-IMCA-0956","TIER_B_INDUSTRY","BRONZE","HIGH","HIGH","MEDIUM","MEDIUM","true","false","false","UNKNOWN"
"EVT-IMCA-0957","TIER_B_INDUSTRY","BRONZE","HIGH","HIGH","MEDIUM","MEDIUM","true","true","false","DERIVED"
"EVT-IMCA-0958","TIER_B_INDUSTRY","BRONZE","HIGH","HIGH","MEDIUM","MEDIUM","true","false","false","UNKNOWN"
"EVT-IMCA-0959","TIER_B_INDUSTRY","BRONZE","HIGH","HIGH","MEDIUM","MEDIUM","true","false","false","UNKNOWN"
"EVT-IMCA-0960","TIER_B_INDUSTRY","BRONZE","HIGH","HIGH","MEDIUM","MEDIUM","true","false","false","UNKNOWN"
"EVT-IMCA-0961","TIER_B_INDUSTRY","BRONZE","HIGH","HIGH","MEDIUM","MEDIUM","true","true","false","DERIVED"
"EVT-IMCA-0962","TIER_B_INDUSTRY","BRONZE","HIGH","HIGH","MEDIUM","MEDIUM","true","true","false","DERIVED"
"EVT-IMCA-0963","TIER_B_INDUSTRY","BRONZE","HIGH","HIGH","MEDIUM","MEDIUM","true","false","false","UNKNOWN"
"EVT-IMCA-0964","TIER_B_INDUSTRY","BRONZE","HIGH","HIGH","MEDIUM","MEDIUM","true","false","false","UNKNOWN"
"EVT-IMCA-0965","TIER_B_INDUSTRY","BRONZE","HIGH","HIGH","HIGH","MEDIUM","true","false","false","EXPLICIT"
"EVT-IMCA-0966","TIER_B_INDUSTRY","BRONZE","HIGH","HIGH","MEDIUM","MEDIUM","true","false","false","UNKNOWN"
"EVT-IMCA-0967","TIER_B_INDUSTRY","BRONZE","HIGH","HIGH","MEDIUM","MEDIUM","true","false","false","UNKNOWN"
"EVT-IMCA-0968","TIER_B_INDUSTRY","BRONZE","HIGH","HIGH","MEDIUM","MEDIUM","true","false","true","UNKNOWN"
"EVT-IMCA-0969","TIER_B_INDUSTRY","BRONZE","HIGH","HIGH","MEDIUM","MEDIUM","true","true","false","DERIVED"
"EVT-IMCA-0970","TIER_B_INDUSTRY","BRONZE","HIGH","HIGH","MEDIUM","MEDIUM","true","false","false","UNKNOWN"
"EVT-IMCA-0971","TIER_B_INDUSTRY","BRONZE","HIGH","HIGH","MEDIUM","MEDIUM","true","false","false","UNKNOWN"
"EVT-IMCA-0972","TIER_B_INDUSTRY","BRONZE","HIGH","HIGH","MEDIUM","MEDIUM","true","false","false","UNKNOWN"
"EVT-IMCA-0973","TIER_B_INDUSTRY","BRONZE","HIGH","HIGH","MEDIUM","MEDIUM","true","false","false","UNKNOWN"
"EVT-IMCA-0974","TIER_B_INDUSTRY","BRONZE","HIGH","HIGH","MEDIUM","MEDIUM","true","false","false","UNKNOWN"
"EVT-IMCA-0975","TIER_B_INDUSTRY","BRONZE","HIGH","HIGH","MEDIUM","MEDIUM","true","false","false","UNKNOWN"
"EVT-IMCA-0976","TIER_B_INDUSTRY","BRONZE","HIGH","HIGH","MEDIUM","MEDIUM","true","false","false","UNKNOWN"
"EVT-IMCA-0977","TIER_B_INDUSTRY","BRONZE","HIGH","HIGH","HIGH","MEDIUM","true","true","false","EXPLICIT"
"EVT-IMCA-0978","TIER_B_INDUSTRY","BRONZE","HIGH","HIGH","MEDIUM","MEDIUM","true","false","false","UNKNOWN"
"EVT-IMCA-0979","TIER_B_INDUSTRY","BRONZE","HIGH","HIGH","MEDIUM","MEDIUM","true","true","false","DERIVED"
"EVT-IMCA-0980","TIER_B_INDUSTRY","BRONZE","HIGH","HIGH","MEDIUM","MEDIUM","true","true","false","DERIVED"
"EVT-IMCA-0981","TIER_B_INDUSTRY","BRONZE","HIGH","HIGH","MEDIUM","MEDIUM","true","false","false","UNKNOWN"
"EVT-IMCA-0982","TIER_B_INDUSTRY","BRONZE","HIGH","HIGH","MEDIUM","MEDIUM","true","false","false","UNKNOWN"
"EVT-IMCA-0983","TIER_B_INDUSTRY","BRONZE","HIGH","HIGH","MEDIUM","MEDIUM","true","true","false","DERIVED"
"EVT-IMCA-0984","TIER_B_INDUSTRY","BRONZE","HIGH","HIGH","MEDIUM","MEDIUM","true","true","false","DERIVED"
"EVT-IMCA-0985","TIER_B_INDUSTRY","BRONZE","HIGH","HIGH","MEDIUM","MEDIUM","true","false","false","UNKNOWN"
"EVT-IMCA-0986","TIER_B_INDUSTRY","BRONZE","HIGH","HIGH","MEDIUM","MEDIUM","true","false","false","UNKNOWN"
"EVT-IMCA-0987","TIER_B_INDUSTRY","BRONZE","HIGH","HIGH","MEDIUM","MEDIUM","true","false","false","UNKNOWN"
"EVT-IMCA-0988","TIER_B_INDUSTRY","BRONZE","HIGH","HIGH","MEDIUM","MEDIUM","true","true","false","DERIVED"
"EVT-IMCA-0989","TIER_B_INDUSTRY","BRONZE","HIGH","HIGH","MEDIUM","MEDIUM","true","false","false","UNKNOWN"
"EVT-IMCA-0990","TIER_B_INDUSTRY","BRONZE","HIGH","HIGH","MEDIUM","MEDIUM","true","true","false","DERIVED"
"EVT-IMCA-0991","TIER_B_INDUSTRY","BRONZE","HIGH","HIGH","MEDIUM","MEDIUM","true","true","false","DERIVED"
"EVT-IMCA-0992","TIER_B_INDUSTRY","BRONZE","HIGH","HIGH","MEDIUM","MEDIUM","true","false","false","UNKNOWN"
"EVT-IMCA-0993","TIER_B_INDUSTRY","BRONZE","HIGH","HIGH","MEDIUM","MEDIUM","true","false","false","UNKNOWN"
"EVT-IMCA-0994","TIER_B_INDUSTRY","BRONZE","HIGH","HIGH","MEDIUM","MEDIUM","true","false","true","UNKNOWN"
"EVT-IMCA-0995","TIER_B_INDUSTRY","BRONZE","HIGH","HIGH","MEDIUM","MEDIUM","true","false","false","UNKNOWN"
"EVT-IMCA-0996","TIER_B_INDUSTRY","BRONZE","HIGH","HIGH","MEDIUM","MEDIUM","true","false","false","UNKNOWN"
"EVT-IMCA-0997","TIER_B_INDUSTRY","BRONZE","HIGH","HIGH","MEDIUM","MEDIUM","true","true","false","DERIVED"
"EVT-IMCA-0998","TIER_B_INDUSTRY","BRONZE","HIGH","HIGH","MEDIUM","MEDIUM","true","false","false","UNKNOWN"
"EVT-IMCA-0999","TIER_B_INDUSTRY","BRONZE","HIGH","HIGH","MEDIUM","MEDIUM","true","true","false","DERIVED"
"EVT-IMCA-1000","TIER_B_INDUSTRY","BRONZE","HIGH","HIGH","MEDIUM","MEDIUM","true","false","false","UNKNOWN"
"EVT-IMCA-1001","TIER_B_INDUSTRY","BRONZE","HIGH","HIGH","MEDIUM","MEDIUM","true","false","false","UNKNOWN"
"EVT-IMCA-1002","TIER_B_INDUSTRY","BRONZE","HIGH","HIGH","MEDIUM","MEDIUM","true","false","false","UNKNOWN"
"EVT-IMCA-1003","TIER_B_INDUSTRY","BRONZE","HIGH","HIGH","HIGH","MEDIUM","true","true","false","EXPLICIT"
"EVT-IMCA-1004","TIER_B_INDUSTRY","BRONZE","HIGH","HIGH","MEDIUM","MEDIUM","true","false","false","UNKNOWN"
"EVT-IMCA-1005","TIER_B_INDUSTRY","BRONZE","HIGH","HIGH","MEDIUM","MEDIUM","true","false","false","UNKNOWN"
"EVT-IMCA-1006","TIER_B_INDUSTRY","BRONZE","HIGH","HIGH","MEDIUM","MEDIUM","true","false","false","UNKNOWN"
"EVT-IMCA-1007","TIER_B_INDUSTRY","BRONZE","HIGH","HIGH","MEDIUM","MEDIUM","true","false","false","UNKNOWN"
"EVT-IMCA-1008","TIER_B_INDUSTRY","BRONZE","HIGH","HIGH","MEDIUM","MEDIUM","true","true","false","DERIVED"
"EVT-IMCA-1009","TIER_B_INDUSTRY","BRONZE","HIGH","HIGH","MEDIUM","MEDIUM","true","true","false","DERIVED"
"EVT-IMCA-1010","TIER_B_INDUSTRY","BRONZE","HIGH","HIGH","MEDIUM","MEDIUM","true","true","false","DERIVED"
"EVT-IMCA-1011","TIER_B_INDUSTRY","BRONZE","HIGH","HIGH","MEDIUM","MEDIUM","true","false","false","UNKNOWN"
"EVT-IMCA-1012","TIER_B_INDUSTRY","BRONZE","HIGH","HIGH","MEDIUM","MEDIUM","true","true","false","UNKNOWN"
"EVT-IMCA-1013","TIER_B_INDUSTRY","BRONZE","HIGH","HIGH","MEDIUM","MEDIUM","true","false","false","UNKNOWN"
"EVT-IMCA-1014","TIER_B_INDUSTRY","BRONZE","HIGH","HIGH","MEDIUM","MEDIUM","true","true","true","DERIVED"
"EVT-IMCA-1015","TIER_B_INDUSTRY","BRONZE","HIGH","HIGH","MEDIUM","MEDIUM","true","false","false","UNKNOWN"
"EVT-IMCA-1016","TIER_B_INDUSTRY","BRONZE","HIGH","HIGH","MEDIUM","MEDIUM","true","true","false","DERIVED"
"EVT-IMCA-1017","TIER_B_INDUSTRY","BRONZE","HIGH","HIGH","MEDIUM","MEDIUM","true","true","false","DERIVED"
"EVT-IMCA-1018","TIER_B_INDUSTRY","BRONZE","HIGH","HIGH","HIGH","MEDIUM","true","false","false","EXPLICIT"
"EVT-IMCA-1019","TIER_B_INDUSTRY","BRONZE","HIGH","HIGH","HIGH","MEDIUM","true","true","false","EXPLICIT"
"EVT-IMCA-1020","TIER_B_INDUSTRY","BRONZE","HIGH","HIGH","MEDIUM","MEDIUM","true","false","false","UNKNOWN"
"EVT-IMCA-1021","TIER_B_INDUSTRY","BRONZE","HIGH","HIGH","MEDIUM","MEDIUM","true","false","false","UNKNOWN"
"EVT-IMCA-1022","TIER_B_INDUSTRY","BRONZE","HIGH","HIGH","MEDIUM","MEDIUM","true","false","false","UNKNOWN"
"EVT-IMCA-1023","TIER_B_INDUSTRY","BRONZE","HIGH","HIGH","MEDIUM","MEDIUM","true","false","false","UNKNOWN"
"EVT-IMCA-1024","TIER_B_INDUSTRY","BRONZE","HIGH","HIGH","MEDIUM","MEDIUM","true","false","false","UNKNOWN"
"EVT-IMCA-1025","TIER_B_INDUSTRY","BRONZE","HIGH","HIGH","MEDIUM","MEDIUM","true","true","false","DERIVED"
"EVT-IMCA-1026","TIER_B_INDUSTRY","BRONZE","HIGH","HIGH","HIGH","MEDIUM","true","false","false","EXPLICIT"
"EVT-IMCA-1027","TIER_B_INDUSTRY","BRONZE","HIGH","HIGH","MEDIUM","MEDIUM","true","false","false","UNKNOWN"
"EVT-IMCA-1028","TIER_B_INDUSTRY","BRONZE","HIGH","HIGH","HIGH","MEDIUM","true","true","false","EXPLICIT"
"EVT-IMCA-1029","TIER_B_INDUSTRY","BRONZE","HIGH","HIGH","MEDIUM","MEDIUM","true","true","false","DERIVED"
"EVT-IMCA-1030","TIER_B_INDUSTRY","BRONZE","HIGH","HIGH","MEDIUM","MEDIUM","true","true","false","DERIVED"
"EVT-IMCA-1031","TIER_B_INDUSTRY","BRONZE","HIGH","HIGH","MEDIUM","MEDIUM","true","false","false","UNKNOWN"
"EVT-IMCA-1032","TIER_B_INDUSTRY","BRONZE","HIGH","HIGH","MEDIUM","MEDIUM","true","false","true","UNKNOWN"
"EVT-IMCA-1033","TIER_B_INDUSTRY","BRONZE","HIGH","HIGH","MEDIUM","MEDIUM","true","false","false","UNKNOWN"
"EVT-IMCA-1034","TIER_B_INDUSTRY","BRONZE","HIGH","HIGH","MEDIUM","MEDIUM","true","false","false","UNKNOWN"
"EVT-IMCA-1035","TIER_B_INDUSTRY","BRONZE","HIGH","HIGH","HIGH","MEDIUM","true","false","false","EXPLICIT"
"EVT-IMCA-1036","TIER_B_INDUSTRY","BRONZE","HIGH","HIGH","MEDIUM","MEDIUM","true","false","false","UNKNOWN"
"EVT-IMCA-1037","TIER_B_INDUSTRY","BRONZE","HIGH","HIGH","HIGH","MEDIUM","true","false","false","EXPLICIT"
"EVT-IMCA-1038","TIER_B_INDUSTRY","BRONZE","HIGH","HIGH","MEDIUM","MEDIUM","true","true","false","DERIVED"
"EVT-IMCA-1039","TIER_B_INDUSTRY","BRONZE","HIGH","HIGH","MEDIUM","MEDIUM","true","false","false","UNKNOWN"
"EVT-IMCA-1040","TIER_B_INDUSTRY","BRONZE","HIGH","HIGH","MEDIUM","MEDIUM","true","false","false","UNKNOWN"
"EVT-IMCA-1041","TIER_B_INDUSTRY","BRONZE","HIGH","HIGH","MEDIUM","MEDIUM","true","false","false","UNKNOWN"
"EVT-IMCA-1042","TIER_B_INDUSTRY","BRONZE","HIGH","HIGH","HIGH","MEDIUM","true","true","false","EXPLICIT"
"EVT-IMCA-1043","TIER_B_INDUSTRY","BRONZE","HIGH","HIGH","HIGH","MEDIUM","true","false","false","EXPLICIT"
"EVT-IMCA-1044","TIER_B_INDUSTRY","BRONZE","HIGH","HIGH","MEDIUM","MEDIUM","true","false","false","UNKNOWN"
"EVT-IMCA-1045","TIER_B_INDUSTRY","BRONZE","HIGH","HIGH","MEDIUM","MEDIUM","true","false","false","UNKNOWN"
"EVT-IMCA-1046","TIER_B_INDUSTRY","BRONZE","HIGH","HIGH","MEDIUM","MEDIUM","true","true","false","DERIVED"
"EVT-IMCA-1047","TIER_B_INDUSTRY","BRONZE","HIGH","HIGH","MEDIUM","MEDIUM","true","false","false","UNKNOWN"
"EVT-IMCA-1048","TIER_B_INDUSTRY","BRONZE","HIGH","HIGH","MEDIUM","MEDIUM","true","true","false","DERIVED"
"EVT-IMCA-1049","TIER_B_INDUSTRY","BRONZE","HIGH","HIGH","MEDIUM","MEDIUM","true","true","true","DERIVED"
"EVT-IMCA-1050","TIER_B_INDUSTRY","BRONZE","HIGH","HIGH","HIGH","MEDIUM","true","true","false","EXPLICIT"
"EVT-IMCA-1051","TIER_B_INDUSTRY","BRONZE","HIGH","HIGH","MEDIUM","MEDIUM","true","false","false","UNKNOWN"
"EVT-IMCA-1052","TIER_B_INDUSTRY","BRONZE","HIGH","HIGH","MEDIUM","MEDIUM","true","false","false","UNKNOWN"
"EVT-IMCA-1053","TIER_B_INDUSTRY","BRONZE","HIGH","HIGH","MEDIUM","MEDIUM","true","false","false","UNKNOWN"
"EVT-IMCA-1054","TIER_B_INDUSTRY","BRONZE","HIGH","HIGH","MEDIUM","MEDIUM","true","false","false","UNKNOWN"
"EVT-IMCA-1055","TIER_B_INDUSTRY","BRONZE","HIGH","HIGH","MEDIUM","MEDIUM","true","false","false","UNKNOWN"
"EVT-IMCA-1056","TIER_B_INDUSTRY","BRONZE","HIGH","HIGH","MEDIUM","MEDIUM","true","false","false","UNKNOWN"
"EVT-IMCA-1057","TIER_B_INDUSTRY","BRONZE","HIGH","HIGH","MEDIUM","MEDIUM","true","false","false","UNKNOWN"
"EVT-IMCA-1058","TIER_B_INDUSTRY","BRONZE","HIGH","HIGH","MEDIUM","MEDIUM","true","true","false","DERIVED"
"EVT-IMCA-1059","TIER_B_INDUSTRY","BRONZE","HIGH","HIGH","HIGH","MEDIUM","true","true","false","EXPLICIT"
"EVT-IMCA-1060","TIER_B_INDUSTRY","BRONZE","HIGH","HIGH","MEDIUM","MEDIUM","true","false","false","UNKNOWN"
"EVT-IMCA-1061","TIER_B_INDUSTRY","BRONZE","HIGH","HIGH","MEDIUM","MEDIUM","true","false","false","UNKNOWN"
"EVT-IMCA-1062","TIER_B_INDUSTRY","BRONZE","HIGH","HIGH","MEDIUM","MEDIUM","true","false","true","UNKNOWN"
"EVT-IMCA-1063","TIER_B_INDUSTRY","BRONZE","HIGH","HIGH","MEDIUM","MEDIUM","true","false","false","UNKNOWN"
"EVT-IMCA-1064","TIER_B_INDUSTRY","BRONZE","HIGH","HIGH","MEDIUM","MEDIUM","true","false","false","UNKNOWN"
"EVT-IMCA-1065","TIER_B_INDUSTRY","BRONZE","HIGH","HIGH","MEDIUM","MEDIUM","true","false","false","UNKNOWN"
"EVT-IMCA-1066","TIER_B_INDUSTRY","BRONZE","HIGH","HIGH","MEDIUM","MEDIUM","true","false","false","UNKNOWN"
"EVT-IMCA-1067","TIER_B_INDUSTRY","BRONZE","HIGH","HIGH","MEDIUM","MEDIUM","true","false","false","UNKNOWN"
"EVT-IMCA-1068","TIER_B_INDUSTRY","BRONZE","HIGH","HIGH","MEDIUM","MEDIUM","true","false","false","UNKNOWN"
"EVT-IMCA-1069","TIER_B_INDUSTRY","BRONZE","HIGH","HIGH","HIGH","MEDIUM","true","true","false","EXPLICIT"
"EVT-IMCA-1070","TIER_B_INDUSTRY","BRONZE","HIGH","HIGH","MEDIUM","MEDIUM","true","false","false","UNKNOWN"
"EVT-IMCA-1071","TIER_B_INDUSTRY","BRONZE","HIGH","HIGH","MEDIUM","MEDIUM","true","true","false","DERIVED"
"EVT-IMCA-1072","TIER_B_INDUSTRY","BRONZE","HIGH","HIGH","MEDIUM","MEDIUM","true","true","false","DERIVED"
"EVT-IMCA-1073","TIER_B_INDUSTRY","BRONZE","HIGH","HIGH","MEDIUM","MEDIUM","true","true","false","DERIVED"
"EVT-IMCA-1074","TIER_B_INDUSTRY","BRONZE","HIGH","HIGH","MEDIUM","MEDIUM","true","true","false","DERIVED"
"EVT-IMCA-1075","TIER_B_INDUSTRY","BRONZE","HIGH","HIGH","MEDIUM","MEDIUM","true","true","false","DERIVED"
"EVT-IMCA-1076","TIER_B_INDUSTRY","BRONZE","HIGH","HIGH","MEDIUM","MEDIUM","true","false","false","UNKNOWN"
"EVT-IMCA-1077","TIER_B_INDUSTRY","BRONZE","HIGH","HIGH","MEDIUM","MEDIUM","true","true","false","DERIVED"
"EVT-IMCA-1078","TIER_B_INDUSTRY","BRONZE","HIGH","HIGH","MEDIUM","MEDIUM","true","true","false","DERIVED"
"EVT-IMCA-1079","TIER_B_INDUSTRY","BRONZE","HIGH","HIGH","HIGH","MEDIUM","true","true","false","EXPLICIT"
"EVT-IMCA-1080","TIER_B_INDUSTRY","BRONZE","HIGH","HIGH","MEDIUM","MEDIUM","true","false","false","UNKNOWN"
"EVT-IMCA-1081","TIER_B_INDUSTRY","BRONZE","HIGH","HIGH","MEDIUM","MEDIUM","true","false","false","UNKNOWN"
"EVT-IMCA-1082","TIER_B_INDUSTRY","BRONZE","HIGH","HIGH","MEDIUM","MEDIUM","true","false","false","UNKNOWN"
"EVT-IMCA-1083","TIER_B_INDUSTRY","BRONZE","HIGH","HIGH","MEDIUM","MEDIUM","true","false","false","UNKNOWN"
"EVT-IMCA-1084","TIER_B_INDUSTRY","BRONZE","HIGH","HIGH","MEDIUM","MEDIUM","true","true","false","DERIVED"
"EVT-IMCA-1085","TIER_B_INDUSTRY","BRONZE","HIGH","HIGH","MEDIUM","MEDIUM","true","false","false","UNKNOWN"
"EVT-IMCA-1086","TIER_B_INDUSTRY","BRONZE","HIGH","HIGH","HIGH","MEDIUM","true","false","false","EXPLICIT"
"EVT-IMCA-1087","TIER_B_INDUSTRY","BRONZE","HIGH","HIGH","MEDIUM","MEDIUM","true","false","false","UNKNOWN"
"EVT-IMCA-1088","TIER_B_INDUSTRY","BRONZE","HIGH","HIGH","MEDIUM","MEDIUM","true","false","false","UNKNOWN"
"EVT-IMCA-1089","TIER_B_INDUSTRY","BRONZE","HIGH","HIGH","MEDIUM","MEDIUM","true","false","false","UNKNOWN"
"EVT-IMCA-1090","TIER_B_INDUSTRY","BRONZE","HIGH","HIGH","MEDIUM","MEDIUM","true","false","false","UNKNOWN"
"EVT-IMCA-1091","TIER_B_INDUSTRY","BRONZE","HIGH","HIGH","MEDIUM","MEDIUM","true","false","false","UNKNOWN"
"EVT-IMCA-1092","TIER_B_INDUSTRY","BRONZE","HIGH","HIGH","MEDIUM","MEDIUM","true","true","false","DERIVED"
"EVT-IMCA-1093","TIER_B_INDUSTRY","BRONZE","HIGH","HIGH","MEDIUM","MEDIUM","true","true","false","DERIVED"
"EVT-IMCA-1094","TIER_B_INDUSTRY","BRONZE","HIGH","HIGH","MEDIUM","MEDIUM","true","false","false","UNKNOWN"
"EVT-IMCA-1095","TIER_B_INDUSTRY","BRONZE","HIGH","HIGH","MEDIUM","MEDIUM","true","true","false","DERIVED"
"EVT-IMCA-1096","TIER_B_INDUSTRY","BRONZE","HIGH","HIGH","MEDIUM","MEDIUM","true","false","false","UNKNOWN"
"EVT-IMCA-1097","TIER_B_INDUSTRY","BRONZE","HIGH","HIGH","MEDIUM","MEDIUM","true","false","false","UNKNOWN"
"EVT-IMCA-1098","TIER_B_INDUSTRY","BRONZE","HIGH","HIGH","MEDIUM","MEDIUM","true","false","true","UNKNOWN"
"EVT-IMCA-1099","TIER_B_INDUSTRY","BRONZE","HIGH","HIGH","MEDIUM","MEDIUM","true","true","false","DERIVED"
"EVT-IMCA-1100","TIER_B_INDUSTRY","BRONZE","HIGH","HIGH","MEDIUM","MEDIUM","true","true","false","DERIVED"
"EVT-IMCA-1101","TIER_B_INDUSTRY","BRONZE","HIGH","HIGH","MEDIUM","MEDIUM","true","false","false","UNKNOWN"
"EVT-IMCA-1102","TIER_B_INDUSTRY","BRONZE","HIGH","HIGH","MEDIUM","MEDIUM","true","true","false","DERIVED"
"EVT-IMCA-1103","TIER_B_INDUSTRY","BRONZE","HIGH","HIGH","MEDIUM","MEDIUM","true","false","false","UNKNOWN"
"EVT-IMCA-1104","TIER_B_INDUSTRY","BRONZE","HIGH","HIGH","MEDIUM","MEDIUM","true","false","false","UNKNOWN"
"EVT-IMCA-1105","TIER_B_INDUSTRY","BRONZE","HIGH","HIGH","MEDIUM","MEDIUM","true","false","false","UNKNOWN"
"EVT-IMCA-1106","TIER_B_INDUSTRY","BRONZE","HIGH","HIGH","MEDIUM","MEDIUM","true","true","false","DERIVED"
"EVT-IMCA-1107","TIER_B_INDUSTRY","BRONZE","HIGH","HIGH","MEDIUM","MEDIUM","true","false","false","UNKNOWN"
"EVT-IMCA-1108","TIER_B_INDUSTRY","BRONZE","HIGH","HIGH","MEDIUM","MEDIUM","true","false","false","UNKNOWN"
"EVT-IMCA-1109","TIER_B_INDUSTRY","BRONZE","HIGH","HIGH","MEDIUM","MEDIUM","true","false","false","UNKNOWN"
"EVT-IMCA-1110","TIER_B_INDUSTRY","BRONZE","HIGH","HIGH","MEDIUM","MEDIUM","true","false","false","UNKNOWN"
"EVT-IMCA-1111","TIER_B_INDUSTRY","BRONZE","HIGH","HIGH","MEDIUM","MEDIUM","true","false","false","UNKNOWN"
"EVT-IMCA-1112","TIER_B_INDUSTRY","BRONZE","HIGH","HIGH","MEDIUM","MEDIUM","true","true","false","DERIVED"
"EVT-IMCA-1113","TIER_B_INDUSTRY","BRONZE","HIGH","HIGH","MEDIUM","MEDIUM","true","false","false","UNKNOWN"
"EVT-IMCA-1114","TIER_B_INDUSTRY","BRONZE","HIGH","HIGH","MEDIUM","MEDIUM","true","false","false","UNKNOWN"
"EVT-IMCA-1115","TIER_B_INDUSTRY","BRONZE","HIGH","HIGH","HIGH","MEDIUM","true","true","false","EXPLICIT"
"EVT-IMCA-1116","TIER_B_INDUSTRY","BRONZE","HIGH","HIGH","MEDIUM","MEDIUM","true","true","false","DERIVED"
"EVT-IMCA-1117","TIER_B_INDUSTRY","BRONZE","HIGH","HIGH","MEDIUM","MEDIUM","true","true","false","DERIVED"
"EVT-IMCA-1118","TIER_B_INDUSTRY","BRONZE","HIGH","HIGH","MEDIUM","MEDIUM","true","true","false","DERIVED"
"EVT-IMCA-1119","TIER_B_INDUSTRY","BRONZE","HIGH","HIGH","MEDIUM","MEDIUM","true","false","false","UNKNOWN"
"EVT-IMCA-1120","TIER_B_INDUSTRY","BRONZE","HIGH","HIGH","MEDIUM","MEDIUM","true","false","false","UNKNOWN"
"EVT-IMCA-1121","TIER_B_INDUSTRY","BRONZE","HIGH","HIGH","MEDIUM","MEDIUM","true","false","false","UNKNOWN"
"EVT-IMCA-1122","TIER_B_INDUSTRY","BRONZE","HIGH","HIGH","MEDIUM","MEDIUM","true","false","true","UNKNOWN"
"EVT-IMCA-1123","TIER_B_INDUSTRY","BRONZE","HIGH","HIGH","MEDIUM","MEDIUM","true","true","false","DERIVED"
"EVT-IMCA-1124","TIER_B_INDUSTRY","BRONZE","HIGH","HIGH","MEDIUM","MEDIUM","true","true","false","DERIVED"
"EVT-IMCA-1125","TIER_B_INDUSTRY","BRONZE","HIGH","HIGH","MEDIUM","MEDIUM","true","true","false","DERIVED"
"EVT-IMCA-1126","TIER_B_INDUSTRY","BRONZE","HIGH","HIGH","MEDIUM","MEDIUM","true","true","false","DERIVED"
"EVT-IMCA-1127","TIER_B_INDUSTRY","BRONZE","HIGH","HIGH","MEDIUM","MEDIUM","true","false","true","UNKNOWN"
"EVT-IMCA-1128","TIER_B_INDUSTRY","BRONZE","HIGH","HIGH","MEDIUM","MEDIUM","true","false","false","UNKNOWN"
"EVT-IMCA-1129","TIER_B_INDUSTRY","BRONZE","HIGH","HIGH","MEDIUM","MEDIUM","true","true","false","DERIVED"
"EVT-IMCA-1130","TIER_B_INDUSTRY","BRONZE","HIGH","HIGH","MEDIUM","MEDIUM","true","false","true","UNKNOWN"
"EVT-IMCA-1131","TIER_B_INDUSTRY","BRONZE","HIGH","HIGH","MEDIUM","MEDIUM","true","false","false","UNKNOWN"
"EVT-IMCA-1132","TIER_B_INDUSTRY","BRONZE","HIGH","HIGH","MEDIUM","MEDIUM","true","true","false","DERIVED"
"EVT-IMCA-1133","TIER_B_INDUSTRY","BRONZE","HIGH","HIGH","MEDIUM","MEDIUM","true","false","false","UNKNOWN"
"EVT-IMCA-1134","TIER_B_INDUSTRY","BRONZE","HIGH","HIGH","MEDIUM","MEDIUM","true","true","false","DERIVED"
"EVT-IMCA-1135","TIER_B_INDUSTRY","BRONZE","HIGH","HIGH","MEDIUM","MEDIUM","true","true","true","DERIVED"
"EVT-IMCA-1136","TIER_B_INDUSTRY","BRONZE","HIGH","HIGH","MEDIUM","MEDIUM","true","false","false","UNKNOWN"
"EVT-IMCA-1137","TIER_B_INDUSTRY","BRONZE","HIGH","HIGH","MEDIUM","MEDIUM","true","false","true","UNKNOWN"
"EVT-IMCA-1138","TIER_B_INDUSTRY","BRONZE","HIGH","HIGH","MEDIUM","MEDIUM","true","true","false","DERIVED"
"EVT-IMCA-1139","TIER_B_INDUSTRY","BRONZE","HIGH","HIGH","MEDIUM","MEDIUM","true","false","false","UNKNOWN"
"EVT-IMCA-1140","TIER_B_INDUSTRY","BRONZE","HIGH","HIGH","MEDIUM","MEDIUM","true","true","false","DERIVED"
"EVT-IMCA-1141","TIER_B_INDUSTRY","BRONZE","HIGH","HIGH","MEDIUM","MEDIUM","true","true","false","DERIVED"
"EVT-IMCA-1142","TIER_B_INDUSTRY","BRONZE","HIGH","HIGH","MEDIUM","MEDIUM","true","true","false","DERIVED"
"EVT-IMCA-1143","TIER_B_INDUSTRY","BRONZE","HIGH","HIGH","MEDIUM","MEDIUM","true","false","false","UNKNOWN"
"EVT-IMCA-1144","TIER_B_INDUSTRY","BRONZE","HIGH","HIGH","MEDIUM","MEDIUM","true","false","false","UNKNOWN"
"EVT-IMCA-1145","TIER_B_INDUSTRY","BRONZE","HIGH","HIGH","MEDIUM","MEDIUM","true","true","false","DERIVED"
"EVT-IMCA-1146","TIER_B_INDUSTRY","BRONZE","HIGH","HIGH","MEDIUM","MEDIUM","true","true","false","DERIVED"
"EVT-IMCA-1147","TIER_B_INDUSTRY","BRONZE","HIGH","HIGH","HIGH","MEDIUM","true","true","false","EXPLICIT"
"EVT-IMCA-1148","TIER_B_INDUSTRY","BRONZE","HIGH","HIGH","HIGH","MEDIUM","true","true","false","EXPLICIT"
"EVT-IMCA-1149","TIER_B_INDUSTRY","BRONZE","HIGH","HIGH","MEDIUM","MEDIUM","true","true","false","DERIVED"
"EVT-IMCA-1150","TIER_B_INDUSTRY","BRONZE","HIGH","HIGH","MEDIUM","MEDIUM","true","false","false","UNKNOWN"
"EVT-IMCA-1151","TIER_B_INDUSTRY","SILVER","HIGH","HIGH","MEDIUM","HIGH","true","true","false","DERIVED"
"EVT-IMCA-1152","TIER_B_INDUSTRY","BRONZE","HIGH","HIGH","MEDIUM","MEDIUM","true","false","false","UNKNOWN"
"EVT-IMCA-1153","TIER_B_INDUSTRY","BRONZE","HIGH","HIGH","MEDIUM","MEDIUM","true","false","false","UNKNOWN"
"EVT-IMCA-1154","TIER_B_INDUSTRY","BRONZE","HIGH","HIGH","MEDIUM","MEDIUM","true","true","false","DERIVED"
"EVT-IMCA-1155","TIER_B_INDUSTRY","BRONZE","HIGH","HIGH","MEDIUM","MEDIUM","true","true","false","DERIVED"
"EVT-IMCA-1156","TIER_B_INDUSTRY","BRONZE","HIGH","HIGH","MEDIUM","MEDIUM","true","false","true","UNKNOWN"
"EVT-IMCA-1157","TIER_B_INDUSTRY","BRONZE","HIGH","HIGH","MEDIUM","MEDIUM","true","false","false","UNKNOWN"
"EVT-IMCA-1158","TIER_B_INDUSTRY","SILVER","HIGH","HIGH","HIGH","HIGH","true","false","false","EXPLICIT"
"EVT-IMCA-1159","TIER_B_INDUSTRY","BRONZE","HIGH","HIGH","MEDIUM","MEDIUM","true","false","false","UNKNOWN"
"EVT-IMCA-1160","TIER_B_INDUSTRY","SILVER","HIGH","HIGH","MEDIUM","HIGH","true","true","false","DERIVED"
"EVT-IMCA-1161","TIER_B_INDUSTRY","BRONZE","HIGH","HIGH","MEDIUM","MEDIUM","true","true","false","DERIVED"
"EVT-IMCA-1162","TIER_B_INDUSTRY","BRONZE","HIGH","HIGH","MEDIUM","MEDIUM","true","false","false","UNKNOWN"
"EVT-IMCA-1163","TIER_B_INDUSTRY","BRONZE","HIGH","HIGH","MEDIUM","MEDIUM","true","false","false","UNKNOWN"
"EVT-IMCA-1164","TIER_B_INDUSTRY","SILVER","HIGH","HIGH","MEDIUM","HIGH","true","true","false","DERIVED"
"EVT-IMCA-1165","TIER_B_INDUSTRY","BRONZE","HIGH","HIGH","MEDIUM","MEDIUM","true","false","false","UNKNOWN"
"EVT-IMCA-1166","TIER_B_INDUSTRY","BRONZE","HIGH","HIGH","MEDIUM","MEDIUM","true","false","true","UNKNOWN"
"EVT-IMCA-1167","TIER_B_INDUSTRY","BRONZE","HIGH","HIGH","MEDIUM","MEDIUM","true","false","false","UNKNOWN"
"EVT-IMCA-1168","TIER_B_INDUSTRY","BRONZE","HIGH","HIGH","MEDIUM","MEDIUM","true","false","true","UNKNOWN"
"EVT-IMCA-1169","TIER_B_INDUSTRY","BRONZE","HIGH","HIGH","MEDIUM","MEDIUM","true","false","false","UNKNOWN"
"EVT-IMCA-1170","TIER_B_INDUSTRY","SILVER","HIGH","HIGH","MEDIUM","HIGH","true","true","false","DERIVED"
"EVT-IMCA-1171","TIER_B_INDUSTRY","BRONZE","HIGH","HIGH","MEDIUM","MEDIUM","true","false","false","UNKNOWN"
"EVT-IMCA-1172","TIER_B_INDUSTRY","SILVER","HIGH","HIGH","HIGH","HIGH","true","false","false","EXPLICIT"
"EVT-IMCA-1173","TIER_B_INDUSTRY","BRONZE","HIGH","HIGH","MEDIUM","MEDIUM","true","false","false","UNKNOWN"
"EVT-IMCA-1174","TIER_B_INDUSTRY","BRONZE","HIGH","HIGH","MEDIUM","MEDIUM","true","false","false","UNKNOWN"
"EVT-IMCA-1175","TIER_B_INDUSTRY","BRONZE","HIGH","HIGH","MEDIUM","MEDIUM","true","false","true","UNKNOWN"
"EVT-IMCA-1176","TIER_B_INDUSTRY","BRONZE","HIGH","HIGH","MEDIUM","MEDIUM","true","false","false","UNKNOWN"
"EVT-IMCA-1177","TIER_B_INDUSTRY","SILVER","HIGH","HIGH","MEDIUM","HIGH","true","true","false","DERIVED"
"EVT-IMCA-1178","TIER_B_INDUSTRY","BRONZE","HIGH","HIGH","MEDIUM","MEDIUM","true","false","false","UNKNOWN"
"EVT-IMCA-1179","TIER_B_INDUSTRY","BRONZE","HIGH","HIGH","MEDIUM","MEDIUM","true","false","false","UNKNOWN"
"EVT-IMCA-1180","TIER_B_INDUSTRY","BRONZE","HIGH","HIGH","MEDIUM","MEDIUM","true","false","false","UNKNOWN"
"EVT-IMCA-1181","TIER_B_INDUSTRY","SILVER","HIGH","HIGH","MEDIUM","HIGH","true","true","false","DERIVED"
"EVT-IMCA-1182","TIER_B_INDUSTRY","BRONZE","HIGH","HIGH","MEDIUM","MEDIUM","true","false","false","UNKNOWN"
"EVT-IMCA-1183","TIER_B_INDUSTRY","SILVER","HIGH","HIGH","MEDIUM","HIGH","true","true","false","DERIVED"
"EVT-IMCA-1184","TIER_B_INDUSTRY","SILVER","HIGH","HIGH","MEDIUM","HIGH","true","true","false","DERIVED"
"EVT-IMCA-1185","TIER_B_INDUSTRY","SILVER","HIGH","HIGH","MEDIUM","HIGH","true","true","true","DERIVED"
"EVT-IMCA-1186","TIER_B_INDUSTRY","BRONZE","HIGH","HIGH","MEDIUM","MEDIUM","true","false","false","UNKNOWN"
"EVT-IMCA-1187","TIER_B_INDUSTRY","BRONZE","HIGH","HIGH","MEDIUM","MEDIUM","true","true","false","DERIVED"
"EVT-IMCA-1188","TIER_B_INDUSTRY","BRONZE","HIGH","HIGH","MEDIUM","MEDIUM","true","false","false","UNKNOWN"
"EVT-IMCA-1189","TIER_B_INDUSTRY","SILVER","HIGH","HIGH","HIGH","HIGH","true","true","false","EXPLICIT"
"EVT-IMCA-1190","TIER_B_INDUSTRY","BRONZE","HIGH","HIGH","MEDIUM","MEDIUM","true","false","false","UNKNOWN"
"EVT-IMCA-1191","TIER_B_INDUSTRY","BRONZE","HIGH","HIGH","MEDIUM","MEDIUM","true","false","false","UNKNOWN"
"EVT-IMCA-1192","TIER_B_INDUSTRY","BRONZE","HIGH","HIGH","MEDIUM","MEDIUM","true","false","false","UNKNOWN"
"EVT-IMCA-1193","TIER_B_INDUSTRY","SILVER","HIGH","HIGH","MEDIUM","HIGH","true","true","false","DERIVED"
"EVT-IMCA-1194","TIER_B_INDUSTRY","BRONZE","HIGH","HIGH","MEDIUM","MEDIUM","true","false","false","UNKNOWN"
"EVT-IMCA-1195","TIER_B_INDUSTRY","SILVER","HIGH","HIGH","HIGH","HIGH","true","true","false","EXPLICIT"
"EVT-IMCA-1196","TIER_B_INDUSTRY","SILVER","HIGH","HIGH","MEDIUM","HIGH","true","true","false","DERIVED"
"EVT-IMCA-1197","TIER_B_INDUSTRY","BRONZE","HIGH","HIGH","MEDIUM","MEDIUM","true","false","false","UNKNOWN"
"EVT-IMCA-1198","TIER_B_INDUSTRY","SILVER","HIGH","HIGH","MEDIUM","HIGH","true","true","false","DERIVED"
"EVT-IMCA-1199","TIER_B_INDUSTRY","BRONZE","HIGH","HIGH","MEDIUM","MEDIUM","true","false","false","UNKNOWN"
"EVT-IMCA-1200","TIER_B_INDUSTRY","SILVER","HIGH","HIGH","MEDIUM","HIGH","true","true","true","DERIVED"
"EVT-IMCA-1201","TIER_B_INDUSTRY","SILVER","HIGH","HIGH","MEDIUM","HIGH","true","true","false","DERIVED"
"EVT-IMCA-1202","TIER_B_INDUSTRY","SILVER","HIGH","HIGH","MEDIUM","HIGH","true","true","false","DERIVED"
"EVT-IMCA-1203","TIER_B_INDUSTRY","SILVER","HIGH","HIGH","MEDIUM","HIGH","true","true","false","DERIVED"
"EVT-IMCA-1204","TIER_B_INDUSTRY","BRONZE","HIGH","HIGH","MEDIUM","MEDIUM","true","false","false","UNKNOWN"
"EVT-IMCA-1205","TIER_B_INDUSTRY","SILVER","HIGH","HIGH","MEDIUM","HIGH","true","true","false","DERIVED"
"EVT-IMCA-1206","TIER_B_INDUSTRY","BRONZE","HIGH","HIGH","MEDIUM","MEDIUM","true","false","true","UNKNOWN"
"EVT-IMCA-1207","TIER_B_INDUSTRY","BRONZE","HIGH","HIGH","MEDIUM","MEDIUM","true","true","false","DERIVED"
"EVT-IMCA-1208","TIER_B_INDUSTRY","BRONZE","HIGH","HIGH","MEDIUM","MEDIUM","true","false","false","UNKNOWN"
"EVT-IMCA-1209","TIER_B_INDUSTRY","BRONZE","HIGH","HIGH","MEDIUM","MEDIUM","true","false","false","UNKNOWN"
"EVT-IMCA-1210","TIER_B_INDUSTRY","BRONZE","HIGH","HIGH","MEDIUM","MEDIUM","true","false","false","UNKNOWN"
"EVT-IMCA-1211","TIER_B_INDUSTRY","SILVER","HIGH","HIGH","MEDIUM","HIGH","true","true","true","DERIVED"
"EVT-IMCA-1212","TIER_B_INDUSTRY","BRONZE","HIGH","HIGH","MEDIUM","MEDIUM","true","false","true","UNKNOWN"
"EVT-IMCA-1213","TIER_B_INDUSTRY","BRONZE","HIGH","HIGH","MEDIUM","MEDIUM","true","false","true","UNKNOWN"
"EVT-IMCA-1214","TIER_B_INDUSTRY","BRONZE","HIGH","HIGH","MEDIUM","MEDIUM","true","false","false","UNKNOWN"
"EVT-IMCA-1215","TIER_B_INDUSTRY","BRONZE","HIGH","HIGH","MEDIUM","MEDIUM","true","true","false","DERIVED"
"EVT-IMCA-1216","TIER_B_INDUSTRY","BRONZE","HIGH","HIGH","MEDIUM","MEDIUM","true","true","false","DERIVED"
"EVT-IMCA-1217","TIER_B_INDUSTRY","BRONZE","HIGH","HIGH","HIGH","MEDIUM","true","true","false","EXPLICIT"
"EVT-IMCA-1218","TIER_B_INDUSTRY","BRONZE","HIGH","HIGH","MEDIUM","MEDIUM","true","true","false","DERIVED"
"EVT-IMCA-1219","TIER_B_INDUSTRY","SILVER","HIGH","HIGH","MEDIUM","HIGH","true","true","false","DERIVED"
"EVT-IMCA-1220","TIER_B_INDUSTRY","SILVER","HIGH","HIGH","HIGH","HIGH","true","true","false","EXPLICIT"
"EVT-IMCA-1221","TIER_B_INDUSTRY","SILVER","HIGH","HIGH","HIGH","HIGH","true","true","false","EXPLICIT"
"EVT-IMCA-1222","TIER_B_INDUSTRY","BRONZE","HIGH","HIGH","MEDIUM","MEDIUM","true","false","false","UNKNOWN"
"EVT-IMCA-1223","TIER_B_INDUSTRY","SILVER","HIGH","HIGH","MEDIUM","HIGH","true","true","false","DERIVED"
"EVT-IMCA-1224","TIER_B_INDUSTRY","SILVER","HIGH","HIGH","MEDIUM","HIGH","true","true","false","DERIVED"
"EVT-IMCA-1225","TIER_B_INDUSTRY","BRONZE","HIGH","HIGH","HIGH","MEDIUM","true","false","false","EXPLICIT"
"EVT-IMCA-1226","TIER_B_INDUSTRY","BRONZE","HIGH","HIGH","MEDIUM","MEDIUM","true","false","false","UNKNOWN"
"EVT-IMCA-1227","TIER_B_INDUSTRY","BRONZE","HIGH","HIGH","MEDIUM","MEDIUM","true","false","false","UNKNOWN"
"EVT-IMCA-1228","TIER_B_INDUSTRY","BRONZE","HIGH","HIGH","MEDIUM","MEDIUM","true","false","false","UNKNOWN"
"EVT-IMCA-1229","TIER_B_INDUSTRY","BRONZE","HIGH","HIGH","MEDIUM","MEDIUM","true","false","false","UNKNOWN"
"EVT-IMCA-1230","TIER_B_INDUSTRY","SILVER","HIGH","HIGH","HIGH","HIGH","true","true","false","EXPLICIT"
"EVT-IMCA-1231","TIER_B_INDUSTRY","BRONZE","HIGH","HIGH","MEDIUM","MEDIUM","true","false","false","UNKNOWN"
"EVT-IMCA-1232","TIER_B_INDUSTRY","BRONZE","HIGH","HIGH","MEDIUM","MEDIUM","true","true","false","DERIVED"
"EVT-IMCA-1233","TIER_B_INDUSTRY","BRONZE","HIGH","HIGH","MEDIUM","MEDIUM","true","false","true","UNKNOWN"
"EVT-IMCA-1234","TIER_B_INDUSTRY","BRONZE","HIGH","HIGH","MEDIUM","MEDIUM","true","false","false","UNKNOWN"
"EVT-IMCA-1235","TIER_B_INDUSTRY","BRONZE","HIGH","HIGH","MEDIUM","MEDIUM","true","false","false","UNKNOWN"
"EVT-IMCA-1236","TIER_B_INDUSTRY","SILVER","HIGH","HIGH","MEDIUM","HIGH","true","true","false","DERIVED"
"EVT-IMCA-1237","TIER_B_INDUSTRY","SILVER","HIGH","HIGH","MEDIUM","HIGH","true","true","false","DERIVED"
"EVT-IMCA-1238","TIER_B_INDUSTRY","BRONZE","HIGH","HIGH","MEDIUM","MEDIUM","true","false","true","UNKNOWN"
"EVT-IMCA-1239","TIER_B_INDUSTRY","BRONZE","HIGH","HIGH","MEDIUM","MEDIUM","true","false","false","UNKNOWN"
"EVT-IMCA-1240","TIER_B_INDUSTRY","BRONZE","HIGH","HIGH","MEDIUM","MEDIUM","true","false","false","UNKNOWN"
"EVT-IMCA-1241","TIER_B_INDUSTRY","SILVER","HIGH","HIGH","MEDIUM","HIGH","true","true","false","DERIVED"
"EVT-IMCA-1242","TIER_B_INDUSTRY","BRONZE","HIGH","HIGH","MEDIUM","MEDIUM","true","false","false","UNKNOWN"
"EVT-IMCA-1243","TIER_B_INDUSTRY","BRONZE","HIGH","HIGH","MEDIUM","MEDIUM","true","false","false","UNKNOWN"
"EVT-IMCA-1244","TIER_B_INDUSTRY","BRONZE","HIGH","HIGH","MEDIUM","MEDIUM","true","true","false","DERIVED"
"EVT-IMCA-1245","TIER_B_INDUSTRY","SILVER","HIGH","HIGH","MEDIUM","HIGH","true","true","true","DERIVED"
"EVT-IMCA-1246","TIER_B_INDUSTRY","SILVER","HIGH","HIGH","MEDIUM","HIGH","true","true","false","DERIVED"
"EVT-IMCA-1247","TIER_B_INDUSTRY","BRONZE","HIGH","HIGH","MEDIUM","MEDIUM","true","false","false","UNKNOWN"
"EVT-IMCA-1248","TIER_B_INDUSTRY","BRONZE","HIGH","HIGH","MEDIUM","MEDIUM","true","true","false","DERIVED"
"EVT-IMCA-1249","TIER_B_INDUSTRY","SILVER","HIGH","HIGH","MEDIUM","HIGH","true","true","false","DERIVED"
"EVT-IMCA-1250","TIER_B_INDUSTRY","SILVER","HIGH","HIGH","MEDIUM","HIGH","true","true","false","DERIVED"
"EVT-IMCA-1251","TIER_B_INDUSTRY","BRONZE","HIGH","HIGH","HIGH","MEDIUM","true","false","false","EXPLICIT"
"EVT-IMCA-1252","TIER_B_INDUSTRY","BRONZE","HIGH","HIGH","MEDIUM","MEDIUM","true","true","false","DERIVED"
"EVT-IMCA-1253","TIER_B_INDUSTRY","SILVER","HIGH","HIGH","MEDIUM","HIGH","true","true","false","DERIVED"
"EVT-IMCA-1254","TIER_B_INDUSTRY","BRONZE","HIGH","HIGH","MEDIUM","MEDIUM","true","false","false","UNKNOWN"
"EVT-IMCA-1255","TIER_B_INDUSTRY","BRONZE","HIGH","HIGH","MEDIUM","MEDIUM","true","true","false","DERIVED"
"EVT-IMCA-1256","TIER_B_INDUSTRY","BRONZE","HIGH","HIGH","MEDIUM","MEDIUM","true","false","false","UNKNOWN"
"EVT-IMCA-1257","TIER_B_INDUSTRY","SILVER","HIGH","HIGH","MEDIUM","HIGH","true","true","false","DERIVED"
"EVT-IMCA-1258","TIER_B_INDUSTRY","SILVER","HIGH","HIGH","MEDIUM","HIGH","true","true","false","DERIVED"
"EVT-IMCA-1259","TIER_B_INDUSTRY","BRONZE","HIGH","HIGH","MEDIUM","MEDIUM","true","false","false","UNKNOWN"
"EVT-IMCA-1260","TIER_B_INDUSTRY","SILVER","HIGH","HIGH","MEDIUM","HIGH","true","true","false","DERIVED"
"EVT-IMCA-1261","TIER_B_INDUSTRY","BRONZE","HIGH","HIGH","MEDIUM","MEDIUM","true","false","false","UNKNOWN"
"EVT-IMCA-1262","TIER_B_INDUSTRY","BRONZE","HIGH","HIGH","MEDIUM","MEDIUM","true","false","true","UNKNOWN"
"EVT-IMCA-1263","TIER_B_INDUSTRY","SILVER","HIGH","HIGH","MEDIUM","HIGH","true","true","false","DERIVED"
"EVT-IMCA-1264","TIER_B_INDUSTRY","BRONZE","HIGH","HIGH","MEDIUM","MEDIUM","true","false","false","UNKNOWN"
"EVT-IMCA-1265","TIER_B_INDUSTRY","SILVER","HIGH","HIGH","MEDIUM","HIGH","true","true","false","DERIVED"
"EVT-IMCA-1266","TIER_B_INDUSTRY","SILVER","HIGH","HIGH","MEDIUM","HIGH","true","true","false","DERIVED"
"EVT-IMCA-1267","TIER_B_INDUSTRY","BRONZE","HIGH","HIGH","MEDIUM","MEDIUM","true","false","false","UNKNOWN"
"EVT-IMCA-1268","TIER_B_INDUSTRY","SILVER","HIGH","HIGH","MEDIUM","HIGH","true","true","false","DERIVED"
"EVT-IMCA-1269","TIER_B_INDUSTRY","SILVER","HIGH","HIGH","MEDIUM","HIGH","true","true","true","DERIVED"
"EVT-IMCA-1270","TIER_B_INDUSTRY","SILVER","HIGH","HIGH","MEDIUM","HIGH","true","true","false","DERIVED"
"EVT-IMCA-1271","TIER_B_INDUSTRY","SILVER","HIGH","HIGH","MEDIUM","HIGH","true","true","false","DERIVED"
"EVT-IMCA-1272","TIER_B_INDUSTRY","BRONZE","HIGH","HIGH","MEDIUM","MEDIUM","true","true","false","DERIVED"
"EVT-IMCA-1273","TIER_B_INDUSTRY","BRONZE","HIGH","HIGH","MEDIUM","MEDIUM","true","true","false","DERIVED"
"EVT-IMCA-1274","TIER_B_INDUSTRY","SILVER","HIGH","HIGH","MEDIUM","HIGH","true","true","false","DERIVED"
"EVT-IMCA-1275","TIER_B_INDUSTRY","SILVER","HIGH","HIGH","HIGH","HIGH","true","true","true","EXPLICIT"
"EVT-IMCA-1276","TIER_B_INDUSTRY","SILVER","HIGH","HIGH","MEDIUM","HIGH","true","true","true","DERIVED"
"EVT-IMCA-1277","TIER_B_INDUSTRY","BRONZE","HIGH","HIGH","MEDIUM","MEDIUM","true","false","true","UNKNOWN"
"EVT-IMCA-1278","TIER_B_INDUSTRY","BRONZE","HIGH","HIGH","MEDIUM","MEDIUM","true","false","false","UNKNOWN"
"EVT-IMCA-1279","TIER_B_INDUSTRY","SILVER","HIGH","HIGH","MEDIUM","HIGH","true","true","false","DERIVED"
"EVT-IMCA-1280","TIER_B_INDUSTRY","BRONZE","HIGH","HIGH","MEDIUM","MEDIUM","true","false","false","UNKNOWN"
"EVT-IMCA-1281","TIER_B_INDUSTRY","SILVER","HIGH","HIGH","MEDIUM","HIGH","true","true","true","DERIVED"
"EVT-IMCA-1282","TIER_B_INDUSTRY","BRONZE","HIGH","HIGH","MEDIUM","MEDIUM","true","false","true","UNKNOWN"
"EVT-IMCA-1283","TIER_B_INDUSTRY","BRONZE","HIGH","HIGH","MEDIUM","MEDIUM","true","false","false","UNKNOWN"
"EVT-IMCA-1284","TIER_B_INDUSTRY","BRONZE","HIGH","HIGH","MEDIUM","MEDIUM","true","false","false","UNKNOWN"
"EVT-IMCA-1285","TIER_B_INDUSTRY","SILVER","HIGH","HIGH","MEDIUM","HIGH","true","true","false","DERIVED"
"EVT-IMCA-1286","TIER_B_INDUSTRY","BRONZE","HIGH","HIGH","MEDIUM","MEDIUM","true","false","false","UNKNOWN"
"EVT-IMCA-1287","TIER_B_INDUSTRY","BRONZE","HIGH","HIGH","MEDIUM","MEDIUM","true","false","false","UNKNOWN"
"EVT-IMCA-1288","TIER_B_INDUSTRY","BRONZE","HIGH","HIGH","MEDIUM","MEDIUM","true","false","false","UNKNOWN"
"EVT-IMCA-1289","TIER_B_INDUSTRY","BRONZE","HIGH","HIGH","MEDIUM","MEDIUM","true","false","false","UNKNOWN"
"EVT-IMCA-1290","TIER_B_INDUSTRY","SILVER","HIGH","HIGH","MEDIUM","HIGH","true","true","false","DERIVED"
"EVT-IMCA-1291","TIER_B_INDUSTRY","BRONZE","HIGH","HIGH","MEDIUM","MEDIUM","true","false","false","UNKNOWN"
"EVT-IMCA-1292","TIER_B_INDUSTRY","BRONZE","HIGH","HIGH","MEDIUM","MEDIUM","true","false","false","UNKNOWN"
"EVT-IMCA-1293","TIER_B_INDUSTRY","SILVER","HIGH","HIGH","MEDIUM","HIGH","true","true","false","DERIVED"
"EVT-IMCA-1294","TIER_B_INDUSTRY","SILVER","HIGH","HIGH","MEDIUM","HIGH","true","true","false","DERIVED"
"EVT-IMCA-1295","TIER_B_INDUSTRY","BRONZE","HIGH","HIGH","MEDIUM","MEDIUM","true","true","false","DERIVED"
"EVT-IMCA-1296","TIER_B_INDUSTRY","BRONZE","HIGH","HIGH","MEDIUM","MEDIUM","true","true","false","DERIVED"
"EVT-IMCA-1297","TIER_B_INDUSTRY","BRONZE","HIGH","HIGH","MEDIUM","MEDIUM","true","true","false","DERIVED"
"EVT-IMCA-1298","TIER_B_INDUSTRY","SILVER","HIGH","HIGH","MEDIUM","HIGH","true","true","false","DERIVED"
"EVT-IMCA-1299","TIER_B_INDUSTRY","BRONZE","HIGH","HIGH","MEDIUM","MEDIUM","true","false","true","UNKNOWN"
"EVT-IMCA-1300","TIER_B_INDUSTRY","BRONZE","HIGH","HIGH","MEDIUM","MEDIUM","true","false","false","UNKNOWN"
"EVT-IMCA-1301","TIER_B_INDUSTRY","BRONZE","HIGH","HIGH","MEDIUM","MEDIUM","true","false","false","UNKNOWN"
"EVT-IMCA-1302","TIER_B_INDUSTRY","BRONZE","HIGH","HIGH","MEDIUM","MEDIUM","true","false","false","UNKNOWN"
"EVT-IMCA-1303","TIER_B_INDUSTRY","BRONZE","HIGH","HIGH","MEDIUM","MEDIUM","true","false","false","UNKNOWN"
"EVT-IMCA-1304","TIER_B_INDUSTRY","BRONZE","HIGH","HIGH","MEDIUM","MEDIUM","true","false","true","UNKNOWN"
"EVT-IMCA-1305","TIER_B_INDUSTRY","SILVER","HIGH","HIGH","MEDIUM","HIGH","true","true","false","DERIVED"
"EVT-IMCA-1306","TIER_B_INDUSTRY","SILVER","HIGH","HIGH","MEDIUM","HIGH","true","true","true","DERIVED"
"EVT-IMCA-1307","TIER_B_INDUSTRY","BRONZE","HIGH","HIGH","MEDIUM","MEDIUM","true","true","false","DERIVED"
"EVT-IMCA-1308","TIER_B_INDUSTRY","BRONZE","HIGH","HIGH","MEDIUM","MEDIUM","true","false","false","UNKNOWN"
"EVT-IMCA-1309","TIER_B_INDUSTRY","BRONZE","HIGH","HIGH","MEDIUM","MEDIUM","true","true","false","DERIVED"
"EVT-IMCA-1310","TIER_B_INDUSTRY","BRONZE","HIGH","HIGH","MEDIUM","MEDIUM","true","false","false","UNKNOWN"
"EVT-IMCA-1311","TIER_B_INDUSTRY","BRONZE","HIGH","HIGH","MEDIUM","MEDIUM","true","false","false","UNKNOWN"
"EVT-IMCA-1312","TIER_B_INDUSTRY","BRONZE","HIGH","HIGH","MEDIUM","MEDIUM","true","true","false","DERIVED"
"EVT-IMCA-1313","TIER_B_INDUSTRY","BRONZE","HIGH","HIGH","MEDIUM","MEDIUM","true","true","false","DERIVED"
"EVT-IMCA-1314","TIER_B_INDUSTRY","BRONZE","HIGH","HIGH","MEDIUM","MEDIUM","true","false","false","UNKNOWN"
"EVT-IMCA-1315","TIER_B_INDUSTRY","BRONZE","HIGH","HIGH","MEDIUM","MEDIUM","true","true","false","DERIVED"
"EVT-IMCA-1316","TIER_B_INDUSTRY","BRONZE","HIGH","HIGH","MEDIUM","MEDIUM","true","false","false","UNKNOWN"
"EVT-IMCA-1317","TIER_B_INDUSTRY","BRONZE","HIGH","HIGH","MEDIUM","MEDIUM","true","true","false","DERIVED"
"EVT-IMCA-1318","TIER_B_INDUSTRY","BRONZE","HIGH","HIGH","MEDIUM","MEDIUM","true","false","false","UNKNOWN"
"EVT-IMCA-1319","TIER_B_INDUSTRY","BRONZE","HIGH","HIGH","MEDIUM","MEDIUM","true","false","false","UNKNOWN"
"EVT-IMCA-1320","TIER_B_INDUSTRY","BRONZE","HIGH","HIGH","MEDIUM","MEDIUM","true","true","false","DERIVED"
"EVT-IMCA-1321","TIER_B_INDUSTRY","BRONZE","HIGH","HIGH","MEDIUM","MEDIUM","true","false","false","UNKNOWN"
"EVT-IMCA-1322","TIER_B_INDUSTRY","BRONZE","HIGH","HIGH","MEDIUM","MEDIUM","true","false","false","UNKNOWN"
"EVT-IMCA-1323","TIER_B_INDUSTRY","BRONZE","HIGH","HIGH","MEDIUM","MEDIUM","true","false","false","UNKNOWN"
"EVT-IMCA-1324","TIER_B_INDUSTRY","BRONZE","HIGH","HIGH","MEDIUM","MEDIUM","true","false","false","UNKNOWN"
"EVT-IMCA-1325","TIER_B_INDUSTRY","BRONZE","HIGH","HIGH","MEDIUM","MEDIUM","true","false","false","UNKNOWN"
"EVT-IMCA-1326","TIER_B_INDUSTRY","BRONZE","HIGH","HIGH","MEDIUM","MEDIUM","true","true","false","DERIVED"
"EVT-IMCA-1327","TIER_B_INDUSTRY","BRONZE","HIGH","HIGH","MEDIUM","MEDIUM","true","false","false","UNKNOWN"
"EVT-IMCA-1328","TIER_B_INDUSTRY","BRONZE","HIGH","HIGH","MEDIUM","MEDIUM","true","true","false","DERIVED"
"EVT-IMCA-1329","TIER_B_INDUSTRY","BRONZE","HIGH","HIGH","HIGH","MEDIUM","true","false","false","EXPLICIT"
"EVT-IMCA-1330","TIER_B_INDUSTRY","BRONZE","HIGH","HIGH","MEDIUM","MEDIUM","true","true","false","DERIVED"
"EVT-IMCA-1331","TIER_B_INDUSTRY","BRONZE","HIGH","HIGH","MEDIUM","MEDIUM","true","false","false","UNKNOWN"
"EVT-IMCA-1332","TIER_B_INDUSTRY","BRONZE","HIGH","HIGH","MEDIUM","MEDIUM","true","false","false","UNKNOWN"
"EVT-IMCA-1333","TIER_B_INDUSTRY","BRONZE","HIGH","HIGH","MEDIUM","MEDIUM","true","false","false","UNKNOWN"
"EVT-IMCA-1334","TIER_B_INDUSTRY","BRONZE","HIGH","HIGH","MEDIUM","MEDIUM","true","false","false","UNKNOWN"
"EVT-IMCA-1335","TIER_B_INDUSTRY","BRONZE","HIGH","HIGH","MEDIUM","MEDIUM","true","false","false","UNKNOWN"
"EVT-IMCA-1336","TIER_B_INDUSTRY","BRONZE","HIGH","HIGH","MEDIUM","MEDIUM","true","false","false","UNKNOWN"
"EVT-IMCA-1337","TIER_B_INDUSTRY","BRONZE","HIGH","HIGH","MEDIUM","MEDIUM","true","false","false","UNKNOWN"
"EVT-IMCA-1338","TIER_B_INDUSTRY","BRONZE","HIGH","HIGH","MEDIUM","MEDIUM","true","false","false","UNKNOWN"
"EVT-IMCA-1339","TIER_B_INDUSTRY","BRONZE","HIGH","HIGH","MEDIUM","MEDIUM","true","false","false","UNKNOWN"
"EVT-IMCA-1340","TIER_B_INDUSTRY","BRONZE","HIGH","HIGH","MEDIUM","MEDIUM","true","false","false","UNKNOWN"
"EVT-IMCA-1341","TIER_B_INDUSTRY","BRONZE","HIGH","HIGH","MEDIUM","MEDIUM","true","true","false","DERIVED"
"EVT-IMCA-1342","TIER_B_INDUSTRY","BRONZE","HIGH","HIGH","MEDIUM","MEDIUM","true","true","false","DERIVED"
"EVT-IMCA-1343","TIER_B_INDUSTRY","BRONZE","HIGH","HIGH","MEDIUM","MEDIUM","true","false","true","UNKNOWN"
"EVT-IMCA-1344","TIER_B_INDUSTRY","BRONZE","HIGH","HIGH","MEDIUM","MEDIUM","true","false","false","UNKNOWN"
"EVT-IMCA-1345","TIER_B_INDUSTRY","BRONZE","HIGH","HIGH","MEDIUM","MEDIUM","true","true","false","DERIVED"
"EVT-IMCA-1346","TIER_B_INDUSTRY","BRONZE","HIGH","HIGH","MEDIUM","MEDIUM","true","false","false","UNKNOWN"
"EVT-IMCA-1347","TIER_B_INDUSTRY","BRONZE","HIGH","HIGH","MEDIUM","MEDIUM","true","true","false","DERIVED"
"EVT-IMCA-1348","TIER_B_INDUSTRY","BRONZE","HIGH","HIGH","MEDIUM","MEDIUM","true","false","false","UNKNOWN"
"EVT-IMCA-1349","TIER_B_INDUSTRY","BRONZE","HIGH","HIGH","MEDIUM","MEDIUM","true","false","false","UNKNOWN"
"EVT-IMCA-1350","TIER_B_INDUSTRY","BRONZE","HIGH","HIGH","MEDIUM","MEDIUM","true","false","false","UNKNOWN"
"EVT-IMCA-1351","TIER_B_INDUSTRY","BRONZE","HIGH","HIGH","MEDIUM","MEDIUM","true","false","false","UNKNOWN"
"EVT-IMCA-1352","TIER_B_INDUSTRY","BRONZE","HIGH","HIGH","MEDIUM","MEDIUM","true","true","false","DERIVED"
"EVT-IMCA-1353","TIER_B_INDUSTRY","BRONZE","HIGH","HIGH","MEDIUM","MEDIUM","true","false","false","UNKNOWN"
"EVT-IMCA-1354","TIER_B_INDUSTRY","BRONZE","HIGH","HIGH","MEDIUM","MEDIUM","true","false","false","UNKNOWN"
"EVT-IMCA-1355","TIER_B_INDUSTRY","BRONZE","HIGH","HIGH","MEDIUM","MEDIUM","true","false","false","UNKNOWN"
"EVT-IMCA-1356","TIER_B_INDUSTRY","BRONZE","HIGH","HIGH","MEDIUM","MEDIUM","true","false","true","UNKNOWN"
"EVT-IMCA-1357","TIER_B_INDUSTRY","BRONZE","HIGH","HIGH","MEDIUM","MEDIUM","true","true","false","UNKNOWN"
"EVT-IMCA-1358","TIER_B_INDUSTRY","BRONZE","HIGH","HIGH","MEDIUM","MEDIUM","true","true","false","DERIVED"
"EVT-IMCA-1359","TIER_B_INDUSTRY","BRONZE","HIGH","HIGH","MEDIUM","MEDIUM","true","true","false","DERIVED"
"EVT-IMCA-1360","TIER_B_INDUSTRY","BRONZE","HIGH","HIGH","MEDIUM","MEDIUM","true","true","false","DERIVED"
"EVT-IMCA-1361","TIER_B_INDUSTRY","BRONZE","HIGH","HIGH","HIGH","MEDIUM","true","true","false","EXPLICIT"
"EVT-IMCA-1362","TIER_B_INDUSTRY","BRONZE","HIGH","HIGH","MEDIUM","MEDIUM","true","false","false","UNKNOWN"
"EVT-IMCA-1363","TIER_B_INDUSTRY","BRONZE","HIGH","HIGH","MEDIUM","MEDIUM","true","true","false","DERIVED"
"EVT-IMCA-1364","TIER_B_INDUSTRY","BRONZE","HIGH","HIGH","MEDIUM","MEDIUM","true","true","false","DERIVED"
"EVT-IMCA-1365","TIER_B_INDUSTRY","BRONZE","HIGH","HIGH","MEDIUM","MEDIUM","true","true","false","DERIVED"
"EVT-IMCA-1366","TIER_B_INDUSTRY","BRONZE","HIGH","HIGH","MEDIUM","MEDIUM","true","false","false","UNKNOWN"
"EVT-IMCA-1367","TIER_B_INDUSTRY","BRONZE","HIGH","HIGH","MEDIUM","MEDIUM","true","true","false","DERIVED"
"EVT-IMCA-1368","TIER_B_INDUSTRY","BRONZE","HIGH","HIGH","MEDIUM","MEDIUM","true","true","false","DERIVED"
"EVT-IMCA-1369","TIER_B_INDUSTRY","BRONZE","HIGH","HIGH","MEDIUM","MEDIUM","true","false","false","UNKNOWN"
"EVT-IMCA-1370","TIER_B_INDUSTRY","BRONZE","HIGH","HIGH","HIGH","MEDIUM","true","true","false","EXPLICIT"
"EVT-IMCA-1371","TIER_B_INDUSTRY","BRONZE","HIGH","HIGH","MEDIUM","MEDIUM","true","false","false","UNKNOWN"
"EVT-IMCA-1372","TIER_B_INDUSTRY","BRONZE","HIGH","HIGH","MEDIUM","MEDIUM","true","false","false","UNKNOWN"
"EVT-IMCA-1373","TIER_B_INDUSTRY","BRONZE","HIGH","HIGH","MEDIUM","MEDIUM","true","true","false","DERIVED"
"EVT-IMCA-1374","TIER_B_INDUSTRY","BRONZE","HIGH","HIGH","MEDIUM","MEDIUM","true","true","false","DERIVED"
"EVT-IMCA-1375","TIER_B_INDUSTRY","BRONZE","HIGH","HIGH","MEDIUM","MEDIUM","true","false","false","UNKNOWN"
"EVT-IMCA-1376","TIER_B_INDUSTRY","BRONZE","HIGH","HIGH","MEDIUM","MEDIUM","true","true","false","DERIVED"
"EVT-IMCA-1377","TIER_B_INDUSTRY","BRONZE","HIGH","HIGH","MEDIUM","MEDIUM","true","false","false","UNKNOWN"
"EVT-IMCA-1378","TIER_B_INDUSTRY","BRONZE","HIGH","HIGH","MEDIUM","MEDIUM","true","true","false","DERIVED"
"EVT-IMCA-1379","TIER_B_INDUSTRY","BRONZE","HIGH","HIGH","MEDIUM","MEDIUM","true","true","false","DERIVED"
"EVT-IMCA-1380","TIER_B_INDUSTRY","BRONZE","HIGH","HIGH","MEDIUM","MEDIUM","true","false","false","UNKNOWN"
"EVT-IMCA-1381","TIER_B_INDUSTRY","BRONZE","HIGH","HIGH","MEDIUM","MEDIUM","true","false","false","UNKNOWN"
"EVT-IMCA-1382","TIER_B_INDUSTRY","BRONZE","HIGH","HIGH","MEDIUM","MEDIUM","true","false","false","UNKNOWN"
"EVT-IMCA-1383","TIER_B_INDUSTRY","BRONZE","HIGH","HIGH","MEDIUM","MEDIUM","true","false","false","UNKNOWN"
"EVT-IMCA-1384","TIER_B_INDUSTRY","BRONZE","HIGH","HIGH","MEDIUM","MEDIUM","true","false","false","UNKNOWN"
"EVT-IMCA-1385","TIER_B_INDUSTRY","BRONZE","HIGH","HIGH","MEDIUM","MEDIUM","true","false","false","UNKNOWN"
"EVT-IMCA-1386","TIER_B_INDUSTRY","BRONZE","HIGH","HIGH","MEDIUM","MEDIUM","true","false","false","UNKNOWN"
"EVT-IMCA-1387","TIER_B_INDUSTRY","BRONZE","HIGH","HIGH","MEDIUM","MEDIUM","true","true","false","DERIVED"
"EVT-IMCA-1388","TIER_B_INDUSTRY","BRONZE","HIGH","HIGH","MEDIUM","MEDIUM","true","false","false","UNKNOWN"
"EVT-IMCA-1389","TIER_B_INDUSTRY","BRONZE","HIGH","HIGH","MEDIUM","MEDIUM","true","false","false","UNKNOWN"
"EVT-IMCA-1390","TIER_B_INDUSTRY","BRONZE","HIGH","HIGH","MEDIUM","MEDIUM","true","false","false","UNKNOWN"
"EVT-IMCA-1391","TIER_B_INDUSTRY","BRONZE","HIGH","HIGH","MEDIUM","MEDIUM","true","true","false","DERIVED"
"EVT-IMCA-1392","TIER_B_INDUSTRY","BRONZE","HIGH","HIGH","MEDIUM","MEDIUM","true","true","false","UNKNOWN"
"EVT-IMCA-1393","TIER_B_INDUSTRY","BRONZE","HIGH","HIGH","MEDIUM","MEDIUM","true","false","true","UNKNOWN"
"EVT-IMCA-1394","TIER_B_INDUSTRY","BRONZE","HIGH","HIGH","MEDIUM","MEDIUM","true","false","false","UNKNOWN"
"EVT-IMCA-1395","TIER_B_INDUSTRY","BRONZE","HIGH","HIGH","MEDIUM","MEDIUM","true","false","false","UNKNOWN"
"EVT-IMCA-1396","TIER_B_INDUSTRY","BRONZE","HIGH","HIGH","MEDIUM","MEDIUM","true","true","false","DERIVED"
"EVT-IMCA-1397","TIER_B_INDUSTRY","BRONZE","HIGH","HIGH","MEDIUM","MEDIUM","true","true","false","DERIVED"
"EVT-IMCA-1398","TIER_B_INDUSTRY","BRONZE","HIGH","HIGH","MEDIUM","MEDIUM","true","false","false","UNKNOWN"
"EVT-IMCA-1399","TIER_B_INDUSTRY","BRONZE","HIGH","HIGH","MEDIUM","MEDIUM","true","false","false","UNKNOWN"
"EVT-IMCA-1400","TIER_B_INDUSTRY","BRONZE","HIGH","HIGH","MEDIUM","MEDIUM","true","false","false","UNKNOWN"
"EVT-IMCA-1401","TIER_B_INDUSTRY","BRONZE","HIGH","HIGH","MEDIUM","MEDIUM","true","true","false","DERIVED"
"EVT-IMCA-1402","TIER_B_INDUSTRY","BRONZE","HIGH","HIGH","HIGH","MEDIUM","true","false","false","EXPLICIT"
"EVT-IMCA-1403","TIER_B_INDUSTRY","BRONZE","HIGH","HIGH","MEDIUM","MEDIUM","true","false","false","UNKNOWN"
"EVT-IMCA-1404","TIER_B_INDUSTRY","BRONZE","HIGH","HIGH","MEDIUM","MEDIUM","true","true","false","DERIVED"
"EVT-IMCA-1405","TIER_B_INDUSTRY","BRONZE","HIGH","HIGH","MEDIUM","MEDIUM","true","false","false","UNKNOWN"
"EVT-IMCA-1406","TIER_B_INDUSTRY","BRONZE","HIGH","HIGH","MEDIUM","MEDIUM","true","false","false","UNKNOWN"
"EVT-IMCA-1407","TIER_B_INDUSTRY","BRONZE","HIGH","HIGH","MEDIUM","MEDIUM","true","true","false","DERIVED"
"EVT-IMCA-1408","TIER_B_INDUSTRY","BRONZE","HIGH","HIGH","MEDIUM","MEDIUM","true","true","false","DERIVED"
"EVT-IMCA-1409","TIER_B_INDUSTRY","BRONZE","HIGH","HIGH","MEDIUM","MEDIUM","true","true","false","DERIVED"
"EVT-IMCA-1410","TIER_B_INDUSTRY","BRONZE","HIGH","HIGH","MEDIUM","MEDIUM","true","false","false","UNKNOWN"
"EVT-IMCA-1411","TIER_B_INDUSTRY","BRONZE","HIGH","HIGH","MEDIUM","MEDIUM","true","false","false","UNKNOWN"
"EVT-IMCA-1412","TIER_B_INDUSTRY","BRONZE","HIGH","HIGH","MEDIUM","MEDIUM","true","true","false","DERIVED"
"EVT-IMCA-1413","TIER_B_INDUSTRY","BRONZE","HIGH","HIGH","MEDIUM","MEDIUM","true","false","false","UNKNOWN"
"EVT-IMCA-1414","TIER_B_INDUSTRY","BRONZE","HIGH","HIGH","MEDIUM","MEDIUM","true","true","false","DERIVED"
"EVT-IMCA-1415","TIER_B_INDUSTRY","BRONZE","HIGH","HIGH","MEDIUM","MEDIUM","true","true","false","DERIVED"
"EVT-IMCA-1416","TIER_B_INDUSTRY","BRONZE","HIGH","HIGH","MEDIUM","MEDIUM","true","false","false","UNKNOWN"
"EVT-IMCA-1417","TIER_B_INDUSTRY","BRONZE","HIGH","HIGH","MEDIUM","MEDIUM","true","true","false","DERIVED"
"EVT-IMCA-1418","TIER_B_INDUSTRY","BRONZE","HIGH","HIGH","MEDIUM","MEDIUM","true","false","false","UNKNOWN"
"EVT-IMCA-1419","TIER_B_INDUSTRY","BRONZE","HIGH","HIGH","MEDIUM","MEDIUM","true","true","false","DERIVED"
"EVT-IMCA-1420","TIER_B_INDUSTRY","BRONZE","HIGH","HIGH","MEDIUM","MEDIUM","true","false","false","UNKNOWN"
"EVT-IMCA-1421","TIER_B_INDUSTRY","BRONZE","HIGH","HIGH","MEDIUM","MEDIUM","true","false","false","UNKNOWN"
"EVT-IMCA-1422","TIER_B_INDUSTRY","BRONZE","HIGH","HIGH","MEDIUM","MEDIUM","true","false","false","UNKNOWN"
"EVT-IMCA-1423","TIER_B_INDUSTRY","BRONZE","HIGH","HIGH","MEDIUM","MEDIUM","true","false","false","UNKNOWN"
"EVT-IMCA-1424","TIER_B_INDUSTRY","BRONZE","HIGH","HIGH","MEDIUM","MEDIUM","true","false","false","UNKNOWN"
"EVT-IMCA-1425","TIER_B_INDUSTRY","BRONZE","HIGH","HIGH","MEDIUM","MEDIUM","true","false","false","UNKNOWN"
"EVT-IMCA-1426","TIER_B_INDUSTRY","BRONZE","HIGH","HIGH","MEDIUM","MEDIUM","true","false","false","UNKNOWN"
"EVT-IMCA-1427","TIER_B_INDUSTRY","BRONZE","HIGH","HIGH","MEDIUM","MEDIUM","true","true","false","DERIVED"
"EVT-IMCA-1428","TIER_B_INDUSTRY","BRONZE","HIGH","HIGH","MEDIUM","MEDIUM","true","false","false","UNKNOWN"
"EVT-IMCA-1429","TIER_B_INDUSTRY","BRONZE","HIGH","HIGH","MEDIUM","MEDIUM","true","true","false","DERIVED"
"EVT-IMCA-1430","TIER_B_INDUSTRY","BRONZE","HIGH","HIGH","MEDIUM","MEDIUM","true","false","false","UNKNOWN"
"EVT-IMCA-1431","TIER_B_INDUSTRY","BRONZE","HIGH","HIGH","MEDIUM","MEDIUM","true","false","false","UNKNOWN"
"EVT-IMCA-1432","TIER_B_INDUSTRY","BRONZE","HIGH","HIGH","MEDIUM","MEDIUM","true","false","false","UNKNOWN"
"EVT-IMCA-1433","TIER_B_INDUSTRY","BRONZE","HIGH","HIGH","MEDIUM","MEDIUM","true","false","false","UNKNOWN"
"EVT-IMCA-1434","TIER_B_INDUSTRY","BRONZE","HIGH","HIGH","MEDIUM","MEDIUM","true","false","false","UNKNOWN"
"EVT-IMCA-1435","TIER_B_INDUSTRY","BRONZE","HIGH","HIGH","MEDIUM","MEDIUM","true","false","false","UNKNOWN"
"EVT-IMCA-1436","TIER_B_INDUSTRY","BRONZE","HIGH","HIGH","MEDIUM","MEDIUM","true","false","false","UNKNOWN"
"EVT-IMCA-1437","TIER_B_INDUSTRY","BRONZE","HIGH","HIGH","MEDIUM","MEDIUM","true","false","false","UNKNOWN"
"EVT-IMCA-1438","TIER_B_INDUSTRY","BRONZE","HIGH","HIGH","MEDIUM","MEDIUM","true","false","false","UNKNOWN"
"EVT-IMCA-1439","TIER_B_INDUSTRY","BRONZE","HIGH","HIGH","MEDIUM","MEDIUM","true","false","false","UNKNOWN"
"EVT-IMCA-1440","TIER_B_INDUSTRY","BRONZE","HIGH","HIGH","MEDIUM","MEDIUM","true","true","false","DERIVED"
"EVT-IMCA-1441","TIER_B_INDUSTRY","BRONZE","HIGH","HIGH","MEDIUM","MEDIUM","true","false","false","UNKNOWN"
"EVT-IMCA-1442","TIER_B_INDUSTRY","BRONZE","HIGH","HIGH","MEDIUM","MEDIUM","true","false","false","UNKNOWN"
"EVT-IMCA-1443","TIER_B_INDUSTRY","BRONZE","HIGH","HIGH","MEDIUM","MEDIUM","true","true","false","DERIVED"
"EVT-IMCA-1444","TIER_B_INDUSTRY","BRONZE","HIGH","HIGH","MEDIUM","MEDIUM","true","false","false","UNKNOWN"
"EVT-IMCA-1445","TIER_B_INDUSTRY","BRONZE","HIGH","HIGH","MEDIUM","MEDIUM","true","false","true","UNKNOWN"
"EVT-IMCA-1446","TIER_B_INDUSTRY","BRONZE","HIGH","HIGH","MEDIUM","MEDIUM","true","true","false","DERIVED"
"EVT-IMCA-1447","TIER_B_INDUSTRY","BRONZE","HIGH","HIGH","MEDIUM","MEDIUM","true","false","false","UNKNOWN"
"EVT-IMCA-1448","TIER_B_INDUSTRY","BRONZE","HIGH","HIGH","MEDIUM","MEDIUM","true","true","false","DERIVED"
"EVT-IMCA-1449","TIER_B_INDUSTRY","BRONZE","HIGH","HIGH","MEDIUM","MEDIUM","true","false","false","UNKNOWN"
"EVT-IMCA-1450","TIER_B_INDUSTRY","BRONZE","HIGH","HIGH","MEDIUM","MEDIUM","true","false","false","UNKNOWN"
"EVT-IMCA-1452","TIER_B_INDUSTRY","SILVER","HIGH","HIGH","HIGH","HIGH","true","false","false","EXPLICIT"
"EVT-IMCA-1453","TIER_B_INDUSTRY","SILVER","HIGH","HIGH","MEDIUM","HIGH","true","true","false","DERIVED"
"EVT-IMCA-1454","TIER_B_INDUSTRY","BRONZE","HIGH","HIGH","HIGH","MEDIUM","true","false","false","EXPLICIT"
"EVT-IMCA-1455","TIER_B_INDUSTRY","BRONZE","HIGH","HIGH","MEDIUM","MEDIUM","true","false","false","UNKNOWN"
"EVT-IMCA-1456","TIER_B_INDUSTRY","BRONZE","HIGH","HIGH","MEDIUM","MEDIUM","true","false","false","UNKNOWN"
"EVT-IMCA-1457","TIER_B_INDUSTRY","BRONZE","HIGH","HIGH","MEDIUM","MEDIUM","true","true","false","DERIVED"
"EVT-IMCA-1458","TIER_B_INDUSTRY","BRONZE","HIGH","HIGH","MEDIUM","MEDIUM","true","false","false","UNKNOWN"
"EVT-IMCA-1459","TIER_B_INDUSTRY","BRONZE","HIGH","HIGH","MEDIUM","MEDIUM","true","true","false","DERIVED"
"EVT-IMCA-1460","TIER_B_INDUSTRY","BRONZE","HIGH","HIGH","MEDIUM","MEDIUM","true","true","false","DERIVED"
"EVT-IMCA-1461","TIER_B_INDUSTRY","SILVER","HIGH","HIGH","HIGH","HIGH","true","true","false","EXPLICIT"
"EVT-IMCA-1462","TIER_B_INDUSTRY","SILVER","HIGH","HIGH","MEDIUM","HIGH","true","true","false","DERIVED"
"EVT-IMCA-1463","TIER_B_INDUSTRY","BRONZE","HIGH","HIGH","MEDIUM","MEDIUM","true","false","false","UNKNOWN"
"EVT-IMCA-1464","TIER_B_INDUSTRY","BRONZE","HIGH","HIGH","MEDIUM","MEDIUM","true","true","false","DERIVED"
"EVT-IMCA-1465","TIER_B_INDUSTRY","BRONZE","HIGH","HIGH","MEDIUM","MEDIUM","true","false","false","UNKNOWN"
"EVT-IMCA-1466","TIER_B_INDUSTRY","BRONZE","HIGH","HIGH","MEDIUM","MEDIUM","true","false","false","UNKNOWN"
"EVT-IMCA-1467","TIER_B_INDUSTRY","BRONZE","HIGH","HIGH","MEDIUM","MEDIUM","true","false","false","UNKNOWN"
"EVT-IMCA-1469","TIER_B_INDUSTRY","BRONZE","HIGH","HIGH","MEDIUM","MEDIUM","true","false","true","UNKNOWN"
"EVT-IMCA-1470","TIER_B_INDUSTRY","SILVER","HIGH","HIGH","MEDIUM","HIGH","true","true","true","DERIVED"
"EVT-IMCA-1471","TIER_B_INDUSTRY","SILVER","HIGH","HIGH","MEDIUM","HIGH","true","true","true","DERIVED"
"EVT-IMCA-1472","TIER_B_INDUSTRY","BRONZE","HIGH","HIGH","MEDIUM","MEDIUM","true","false","false","UNKNOWN"
"EVT-IMCA-1473","TIER_B_INDUSTRY","BRONZE","HIGH","HIGH","MEDIUM","MEDIUM","true","false","false","UNKNOWN"
"EVT-IMCA-1474","TIER_B_INDUSTRY","BRONZE","HIGH","HIGH","MEDIUM","MEDIUM","true","false","false","UNKNOWN"
"EVT-IMCA-1475","TIER_B_INDUSTRY","BRONZE","HIGH","HIGH","MEDIUM","MEDIUM","true","false","false","UNKNOWN"
"EVT-IMCA-1476","TIER_B_INDUSTRY","BRONZE","HIGH","HIGH","MEDIUM","MEDIUM","true","false","false","UNKNOWN"
"EVT-IMCA-1477","TIER_B_INDUSTRY","BRONZE","HIGH","HIGH","MEDIUM","MEDIUM","true","false","true","UNKNOWN"
"EVT-IMCA-1478","TIER_B_INDUSTRY","SILVER","HIGH","HIGH","HIGH","HIGH","true","false","false","EXPLICIT"
"EVT-IMCA-1479","TIER_B_INDUSTRY","BRONZE","HIGH","HIGH","MEDIUM","MEDIUM","true","false","false","UNKNOWN"
"EVT-IMCA-1480","TIER_B_INDUSTRY","BRONZE","HIGH","HIGH","MEDIUM","MEDIUM","true","false","false","UNKNOWN"
"EVT-IMCA-1481","TIER_B_INDUSTRY","BRONZE","HIGH","HIGH","MEDIUM","MEDIUM","true","true","false","DERIVED"
"EVT-IMCA-1482","TIER_B_INDUSTRY","BRONZE","HIGH","HIGH","MEDIUM","MEDIUM","true","true","false","DERIVED"
"EVT-IMCA-1483","TIER_B_INDUSTRY","BRONZE","HIGH","HIGH","MEDIUM","MEDIUM","true","false","true","UNKNOWN"
"EVT-IMCA-1484","TIER_B_INDUSTRY","SILVER","HIGH","HIGH","HIGH","HIGH","true","true","false","EXPLICIT"
"EVT-IMCA-1485","TIER_B_INDUSTRY","BRONZE","HIGH","HIGH","MEDIUM","MEDIUM","true","false","false","UNKNOWN"
"EVT-IMCA-1486","TIER_B_INDUSTRY","SILVER","HIGH","HIGH","MEDIUM","HIGH","true","true","false","DERIVED"
"EVT-IMCA-1487","TIER_B_INDUSTRY","SILVER","HIGH","HIGH","HIGH","HIGH","true","false","false","EXPLICIT"
"EVT-IMCA-1488","TIER_B_INDUSTRY","BRONZE","HIGH","HIGH","MEDIUM","MEDIUM","true","true","false","DERIVED"
"EVT-IMCA-1489","TIER_B_INDUSTRY","BRONZE","HIGH","HIGH","MEDIUM","MEDIUM","true","true","false","DERIVED"
"EVT-IMCA-1490","TIER_B_INDUSTRY","BRONZE","HIGH","HIGH","MEDIUM","MEDIUM","true","false","false","UNKNOWN"
"EVT-IMCA-1491","TIER_B_INDUSTRY","BRONZE","HIGH","HIGH","MEDIUM","MEDIUM","true","true","false","DERIVED"
"EVT-IMCA-1492","TIER_B_INDUSTRY","BRONZE","HIGH","HIGH","MEDIUM","MEDIUM","true","true","false","DERIVED"
"EVT-IMCA-1493","TIER_B_INDUSTRY","BRONZE","HIGH","HIGH","MEDIUM","MEDIUM","true","false","false","UNKNOWN"
"EVT-IMCA-1494","TIER_B_INDUSTRY","BRONZE","HIGH","HIGH","MEDIUM","MEDIUM","true","false","false","UNKNOWN"
"EVT-IMCA-1495","TIER_B_INDUSTRY","BRONZE","HIGH","HIGH","MEDIUM","MEDIUM","true","false","false","UNKNOWN"
"EVT-IMCA-1496","TIER_B_INDUSTRY","SILVER","HIGH","HIGH","MEDIUM","HIGH","true","true","false","DERIVED"
"EVT-IMCA-1497","TIER_B_INDUSTRY","SILVER","HIGH","HIGH","MEDIUM","HIGH","true","true","false","DERIVED"
"EVT-IMCA-1498","TIER_B_INDUSTRY","BRONZE","HIGH","HIGH","HIGH","MEDIUM","true","true","false","EXPLICIT"
"EVT-IMCA-1499","TIER_B_INDUSTRY","BRONZE","HIGH","HIGH","MEDIUM","MEDIUM","true","false","false","UNKNOWN"
"EVT-IMCA-1500","TIER_B_INDUSTRY","BRONZE","HIGH","HIGH","MEDIUM","MEDIUM","true","true","false","DERIVED"
"EVT-IMCA-1501","TIER_B_INDUSTRY","BRONZE","HIGH","HIGH","MEDIUM","MEDIUM","true","false","false","UNKNOWN"
"EVT-IMCA-1502","TIER_B_INDUSTRY","BRONZE","HIGH","HIGH","MEDIUM","MEDIUM","true","false","false","UNKNOWN"
"EVT-IMCA-1503","TIER_B_INDUSTRY","BRONZE","HIGH","HIGH","MEDIUM","MEDIUM","true","false","false","UNKNOWN"
"EVT-IMCA-1504","TIER_B_INDUSTRY","BRONZE","HIGH","HIGH","MEDIUM","MEDIUM","true","true","false","DERIVED"
"EVT-IMCA-1505","TIER_B_INDUSTRY","BRONZE","HIGH","HIGH","MEDIUM","MEDIUM","true","false","true","UNKNOWN"
"EVT-IMCA-1506","TIER_B_INDUSTRY","BRONZE","HIGH","HIGH","MEDIUM","MEDIUM","true","false","false","UNKNOWN"
"EVT-IMCA-1507","TIER_B_INDUSTRY","SILVER","HIGH","HIGH","MEDIUM","HIGH","true","true","false","DERIVED"
"EVT-IMCA-1508","TIER_B_INDUSTRY","BRONZE","HIGH","HIGH","MEDIUM","MEDIUM","true","true","false","DERIVED"
"EVT-IMCA-1509","TIER_B_INDUSTRY","BRONZE","HIGH","HIGH","MEDIUM","MEDIUM","true","true","false","DERIVED"
"EVT-IMCA-1510","TIER_B_INDUSTRY","BRONZE","HIGH","HIGH","MEDIUM","MEDIUM","true","true","true","DERIVED"
"EVT-IMCA-1511","TIER_B_INDUSTRY","BRONZE","HIGH","HIGH","MEDIUM","MEDIUM","true","false","false","UNKNOWN"
"EVT-IMCA-1512","TIER_B_INDUSTRY","BRONZE","HIGH","HIGH","MEDIUM","MEDIUM","true","false","false","UNKNOWN"
"EVT-IMCA-1513","TIER_B_INDUSTRY","BRONZE","HIGH","HIGH","MEDIUM","MEDIUM","true","false","false","UNKNOWN"
"EVT-IMCA-1514","TIER_B_INDUSTRY","BRONZE","HIGH","HIGH","MEDIUM","MEDIUM","true","false","false","UNKNOWN"
"EVT-IMCA-1515","TIER_B_INDUSTRY","BRONZE","HIGH","HIGH","MEDIUM","MEDIUM","true","true","false","DERIVED"
"EVT-IMCA-1516","TIER_B_INDUSTRY","BRONZE","HIGH","HIGH","MEDIUM","MEDIUM","true","false","true","UNKNOWN"
"EVT-IMCA-1517","TIER_B_INDUSTRY","SILVER","HIGH","HIGH","MEDIUM","HIGH","true","true","false","DERIVED"
"EVT-IMCA-1518","TIER_B_INDUSTRY","SILVER","HIGH","HIGH","MEDIUM","HIGH","true","true","true","DERIVED"
"EVT-IMCA-1519","TIER_B_INDUSTRY","BRONZE","HIGH","HIGH","MEDIUM","MEDIUM","true","false","false","UNKNOWN"
"EVT-IMCA-1520","TIER_B_INDUSTRY","BRONZE","HIGH","HIGH","MEDIUM","MEDIUM","true","false","false","UNKNOWN"
"EVT-IMCA-1521","TIER_B_INDUSTRY","BRONZE","HIGH","HIGH","MEDIUM","MEDIUM","true","true","false","DERIVED"
"EVT-IMCA-1522","TIER_B_INDUSTRY","BRONZE","HIGH","HIGH","MEDIUM","MEDIUM","true","true","false","DERIVED"
"EVT-IMCA-1523","TIER_B_INDUSTRY","BRONZE","HIGH","HIGH","MEDIUM","MEDIUM","true","true","false","DERIVED"
"EVT-IMCA-1524","TIER_B_INDUSTRY","BRONZE","HIGH","HIGH","MEDIUM","MEDIUM","true","false","false","UNKNOWN"
"EVT-IMCA-1525","TIER_B_INDUSTRY","BRONZE","HIGH","HIGH","MEDIUM","MEDIUM","true","false","true","UNKNOWN"
"EVT-IMCA-1526","TIER_B_INDUSTRY","BRONZE","HIGH","HIGH","MEDIUM","MEDIUM","true","false","false","UNKNOWN"
"EVT-IMCA-1527","TIER_B_INDUSTRY","BRONZE","HIGH","HIGH","MEDIUM","MEDIUM","true","false","false","UNKNOWN"
"EVT-IMCA-1528","TIER_B_INDUSTRY","BRONZE","HIGH","HIGH","MEDIUM","MEDIUM","true","false","true","UNKNOWN"
"EVT-IMCA-1529","TIER_B_INDUSTRY","BRONZE","HIGH","HIGH","MEDIUM","MEDIUM","true","false","false","UNKNOWN"
"EVT-IMCA-1530","TIER_B_INDUSTRY","BRONZE","HIGH","HIGH","MEDIUM","MEDIUM","true","false","false","UNKNOWN"
"EVT-IMCA-1531","TIER_B_INDUSTRY","BRONZE","HIGH","HIGH","MEDIUM","MEDIUM","true","false","false","UNKNOWN"
"EVT-IMCA-1532","TIER_B_INDUSTRY","BRONZE","HIGH","HIGH","MEDIUM","MEDIUM","true","false","true","UNKNOWN"
"EVT-IMCA-1533","TIER_B_INDUSTRY","BRONZE","HIGH","HIGH","MEDIUM","MEDIUM","true","false","false","UNKNOWN"
"EVT-IMCA-1534","TIER_B_INDUSTRY","SILVER","HIGH","HIGH","HIGH","HIGH","true","false","true","EXPLICIT"
"EVT-IMCA-1535","TIER_B_INDUSTRY","SILVER","HIGH","HIGH","MEDIUM","HIGH","true","true","false","DERIVED"
"EVT-IMCA-1536","TIER_B_INDUSTRY","BRONZE","HIGH","HIGH","MEDIUM","MEDIUM","true","false","false","UNKNOWN"
"EVT-IMCA-1537","TIER_B_INDUSTRY","BRONZE","HIGH","HIGH","MEDIUM","MEDIUM","true","false","false","UNKNOWN"
"EVT-IMCA-1538","TIER_B_INDUSTRY","BRONZE","HIGH","HIGH","MEDIUM","MEDIUM","true","false","false","UNKNOWN"
"EVT-IMCA-1539","TIER_B_INDUSTRY","SILVER","HIGH","HIGH","MEDIUM","HIGH","true","true","false","DERIVED"
"EVT-IMCA-1540","TIER_B_INDUSTRY","BRONZE","HIGH","HIGH","MEDIUM","MEDIUM","true","true","false","DERIVED"
"EVT-IMCA-1541","TIER_B_INDUSTRY","BRONZE","HIGH","HIGH","MEDIUM","MEDIUM","true","true","false","DERIVED"
"EVT-IMCA-1542","TIER_B_INDUSTRY","BRONZE","HIGH","HIGH","MEDIUM","MEDIUM","true","true","false","DERIVED"
"EVT-IMCA-1543","TIER_B_INDUSTRY","BRONZE","HIGH","HIGH","MEDIUM","MEDIUM","true","false","false","UNKNOWN"
"EVT-IMCA-1544","TIER_B_INDUSTRY","BRONZE","HIGH","HIGH","MEDIUM","MEDIUM","true","true","true","DERIVED"
"EVT-IMCA-1545","TIER_B_INDUSTRY","BRONZE","HIGH","HIGH","MEDIUM","MEDIUM","true","true","false","DERIVED"
"EVT-IMCA-1546","TIER_B_INDUSTRY","BRONZE","HIGH","HIGH","MEDIUM","MEDIUM","true","true","false","DERIVED"
"EVT-IMCA-1547","TIER_B_INDUSTRY","BRONZE","HIGH","HIGH","MEDIUM","MEDIUM","true","false","false","UNKNOWN"
"EVT-IMCA-1548","TIER_B_INDUSTRY","BRONZE","HIGH","HIGH","MEDIUM","MEDIUM","true","false","false","UNKNOWN"
"EVT-IMCA-1549","TIER_B_INDUSTRY","BRONZE","HIGH","HIGH","MEDIUM","MEDIUM","true","false","false","UNKNOWN"
"EVT-IMCA-1550","TIER_B_INDUSTRY","BRONZE","HIGH","HIGH","MEDIUM","MEDIUM","true","false","false","UNKNOWN"
"EVT-IMCA-1551","TIER_B_INDUSTRY","SILVER","HIGH","HIGH","MEDIUM","HIGH","true","true","false","DERIVED"
"EVT-IMCA-1552","TIER_B_INDUSTRY","BRONZE","HIGH","HIGH","MEDIUM","MEDIUM","true","true","false","DERIVED"
"EVT-IMCA-1553","TIER_B_INDUSTRY","BRONZE","HIGH","HIGH","MEDIUM","MEDIUM","true","true","false","DERIVED"
"EVT-IMCA-1554","TIER_B_INDUSTRY","BRONZE","HIGH","HIGH","MEDIUM","MEDIUM","true","true","false","DERIVED"
"EVT-IMCA-1555","TIER_B_INDUSTRY","BRONZE","HIGH","HIGH","MEDIUM","MEDIUM","true","true","false","DERIVED"
"EVT-IMCA-1556","TIER_B_INDUSTRY","BRONZE","HIGH","HIGH","MEDIUM","MEDIUM","true","true","false","DERIVED"
"EVT-IMCA-1557","TIER_B_INDUSTRY","BRONZE","HIGH","HIGH","MEDIUM","MEDIUM","true","false","false","UNKNOWN"
"EVT-IMCA-1558","TIER_B_INDUSTRY","BRONZE","HIGH","HIGH","MEDIUM","MEDIUM","true","true","false","DERIVED"
"EVT-IMCA-1559","TIER_B_INDUSTRY","BRONZE","HIGH","HIGH","MEDIUM","MEDIUM","true","false","false","UNKNOWN"
"EVT-IMCA-1560","TIER_B_INDUSTRY","SILVER","HIGH","HIGH","HIGH","HIGH","true","true","false","EXPLICIT"
"EVT-IMCA-1561","TIER_B_INDUSTRY","BRONZE","HIGH","HIGH","MEDIUM","MEDIUM","true","true","false","DERIVED"
"EVT-IMCA-1562","TIER_B_INDUSTRY","BRONZE","HIGH","HIGH","MEDIUM","MEDIUM","true","false","false","UNKNOWN"
"EVT-IMCA-1563","TIER_B_INDUSTRY","SILVER","HIGH","HIGH","MEDIUM","HIGH","true","true","false","DERIVED"
"EVT-IMCA-1564","TIER_B_INDUSTRY","SILVER","HIGH","HIGH","MEDIUM","HIGH","true","true","false","DERIVED"
"EVT-IMCA-1565","TIER_B_INDUSTRY","BRONZE","HIGH","HIGH","HIGH","MEDIUM","true","true","false","EXPLICIT"
"EVT-IMCA-1566","TIER_B_INDUSTRY","BRONZE","HIGH","HIGH","MEDIUM","MEDIUM","true","false","false","UNKNOWN"
"EVT-IMCA-1567","TIER_B_INDUSTRY","BRONZE","HIGH","HIGH","MEDIUM","MEDIUM","true","true","false","DERIVED"
"EVT-IMCA-1568","TIER_B_INDUSTRY","BRONZE","HIGH","HIGH","MEDIUM","MEDIUM","true","true","false","DERIVED"
"EVT-IMCA-1569","TIER_B_INDUSTRY","BRONZE","HIGH","HIGH","MEDIUM","MEDIUM","true","true","false","DERIVED"
"EVT-IMCA-1570","TIER_B_INDUSTRY","BRONZE","HIGH","HIGH","MEDIUM","MEDIUM","true","true","true","DERIVED"
"EVT-IMCA-1572","TIER_B_INDUSTRY","BRONZE","HIGH","HIGH","MEDIUM","MEDIUM","true","false","false","UNKNOWN"
"EVT-IMCA-1573","TIER_B_INDUSTRY","BRONZE","HIGH","HIGH","MEDIUM","MEDIUM","true","false","false","UNKNOWN"
"EVT-IMCA-1574","TIER_B_INDUSTRY","BRONZE","HIGH","HIGH","MEDIUM","MEDIUM","true","true","true","DERIVED"
"EVT-IMCA-1575","TIER_B_INDUSTRY","BRONZE","HIGH","HIGH","MEDIUM","MEDIUM","true","false","false","UNKNOWN"
"EVT-IMCA-1576","TIER_B_INDUSTRY","BRONZE","HIGH","HIGH","MEDIUM","MEDIUM","true","true","false","DERIVED"
"EVT-IMCA-1577","TIER_B_INDUSTRY","BRONZE","HIGH","HIGH","MEDIUM","MEDIUM","true","true","false","DERIVED"
"EVT-IMCA-1578","TIER_B_INDUSTRY","BRONZE","HIGH","HIGH","MEDIUM","MEDIUM","true","true","false","DERIVED"
"EVT-IMCA-1579","TIER_B_INDUSTRY","BRONZE","HIGH","HIGH","MEDIUM","MEDIUM","true","true","false","DERIVED"
"EVT-IMCA-1580","TIER_B_INDUSTRY","BRONZE","HIGH","HIGH","MEDIUM","MEDIUM","true","true","false","DERIVED"
"EVT-IMCA-1581","TIER_B_INDUSTRY","BRONZE","HIGH","HIGH","MEDIUM","MEDIUM","true","false","false","UNKNOWN"
"EVT-IMCA-1582","TIER_B_INDUSTRY","BRONZE","HIGH","HIGH","MEDIUM","MEDIUM","true","false","false","UNKNOWN"
"EVT-IMCA-1583","TIER_B_INDUSTRY","BRONZE","HIGH","HIGH","MEDIUM","MEDIUM","true","false","false","UNKNOWN"
"EVT-IMCA-1584","TIER_B_INDUSTRY","BRONZE","HIGH","HIGH","MEDIUM","MEDIUM","true","true","false","DERIVED"
"EVT-IMCA-1585","TIER_B_INDUSTRY","BRONZE","HIGH","HIGH","MEDIUM","MEDIUM","true","false","false","UNKNOWN"
"EVT-IMCA-1586","TIER_B_INDUSTRY","BRONZE","HIGH","HIGH","MEDIUM","MEDIUM","true","false","false","UNKNOWN"
"EVT-IMCA-1587","TIER_B_INDUSTRY","BRONZE","HIGH","HIGH","MEDIUM","MEDIUM","true","true","false","DERIVED"
"EVT-IMCA-1588","TIER_B_INDUSTRY","BRONZE","HIGH","HIGH","MEDIUM","MEDIUM","true","false","false","UNKNOWN"
"EVT-IMCA-1589","TIER_B_INDUSTRY","BRONZE","HIGH","HIGH","MEDIUM","MEDIUM","true","true","false","DERIVED"
"EVT-IMCA-1590","TIER_B_INDUSTRY","BRONZE","HIGH","HIGH","MEDIUM","MEDIUM","true","true","false","DERIVED"
"EVT-IMCA-1591","TIER_B_INDUSTRY","BRONZE","HIGH","HIGH","MEDIUM","MEDIUM","true","false","true","UNKNOWN"
"EVT-IMCA-1592","TIER_B_INDUSTRY","BRONZE","HIGH","HIGH","MEDIUM","MEDIUM","true","true","false","DERIVED"
"EVT-IMCA-1593","TIER_B_INDUSTRY","BRONZE","HIGH","HIGH","MEDIUM","MEDIUM","true","false","false","UNKNOWN"
"EVT-IMCA-1594","TIER_B_INDUSTRY","BRONZE","HIGH","HIGH","MEDIUM","MEDIUM","true","false","true","UNKNOWN"
"EVT-IMCA-1595","TIER_B_INDUSTRY","BRONZE","HIGH","HIGH","HIGH","MEDIUM","true","false","false","EXPLICIT"
"EVT-IMCA-1596","TIER_B_INDUSTRY","BRONZE","HIGH","HIGH","MEDIUM","MEDIUM","true","false","false","UNKNOWN"
"EVT-IMCA-1597","TIER_B_INDUSTRY","BRONZE","HIGH","HIGH","MEDIUM","MEDIUM","true","false","false","UNKNOWN"
"EVT-IMCA-1598","TIER_B_INDUSTRY","BRONZE","HIGH","HIGH","MEDIUM","MEDIUM","true","false","false","UNKNOWN"
"EVT-IMCA-1599","TIER_B_INDUSTRY","BRONZE","HIGH","HIGH","HIGH","MEDIUM","true","true","false","EXPLICIT"
"EVT-IMCA-1600","TIER_B_INDUSTRY","BRONZE","HIGH","HIGH","MEDIUM","MEDIUM","true","false","false","UNKNOWN"
"EVT-IMCA-1601","TIER_B_INDUSTRY","BRONZE","HIGH","HIGH","MEDIUM","MEDIUM","true","true","false","DERIVED"
"EVT-IMCA-1602","TIER_B_INDUSTRY","BRONZE","HIGH","HIGH","MEDIUM","MEDIUM","true","false","false","UNKNOWN"
"EVT-IMCA-1603","TIER_B_INDUSTRY","BRONZE","HIGH","HIGH","MEDIUM","MEDIUM","true","false","false","UNKNOWN"
"EVT-IMCA-1604","TIER_B_INDUSTRY","BRONZE","HIGH","HIGH","MEDIUM","MEDIUM","true","false","false","UNKNOWN"
"EVT-IMCA-1605","TIER_B_INDUSTRY","BRONZE","HIGH","HIGH","MEDIUM","MEDIUM","true","false","false","UNKNOWN"
"EVT-IMCA-1606","TIER_B_INDUSTRY","BRONZE","HIGH","HIGH","MEDIUM","MEDIUM","true","true","false","DERIVED"
"EVT-IMCA-1607","TIER_B_INDUSTRY","BRONZE","HIGH","HIGH","MEDIUM","MEDIUM","true","true","false","DERIVED"
"EVT-IMCA-1608","TIER_B_INDUSTRY","BRONZE","HIGH","HIGH","MEDIUM","MEDIUM","true","true","false","DERIVED"
"EVT-IMCA-1609","TIER_B_INDUSTRY","BRONZE","HIGH","HIGH","MEDIUM","MEDIUM","true","true","false","DERIVED"
"EVT-IMCA-1610","TIER_B_INDUSTRY","BRONZE","HIGH","HIGH","MEDIUM","MEDIUM","true","false","false","UNKNOWN"
"EVT-IMCA-1611","TIER_B_INDUSTRY","BRONZE","HIGH","HIGH","MEDIUM","MEDIUM","true","false","false","UNKNOWN"
"EVT-IMCA-1612","TIER_B_INDUSTRY","BRONZE","HIGH","HIGH","MEDIUM","MEDIUM","true","false","false","UNKNOWN"
"EVT-IMCA-1613","TIER_B_INDUSTRY","BRONZE","HIGH","HIGH","MEDIUM","MEDIUM","true","false","true","UNKNOWN"
"EVT-IMCA-1614","TIER_B_INDUSTRY","BRONZE","HIGH","HIGH","MEDIUM","MEDIUM","true","false","false","UNKNOWN"
"EVT-IMCA-1615","TIER_B_INDUSTRY","BRONZE","HIGH","HIGH","MEDIUM","MEDIUM","true","true","false","DERIVED"
"EVT-IMCA-1616","TIER_B_INDUSTRY","BRONZE","HIGH","HIGH","MEDIUM","MEDIUM","true","false","false","UNKNOWN"
"EVT-IMCA-1617","TIER_B_INDUSTRY","BRONZE","HIGH","HIGH","MEDIUM","MEDIUM","true","false","false","UNKNOWN"
"EVT-IMCA-1618","TIER_B_INDUSTRY","BRONZE","HIGH","HIGH","MEDIUM","MEDIUM","true","false","false","UNKNOWN"
"EVT-IMCA-1619","TIER_B_INDUSTRY","BRONZE","HIGH","HIGH","MEDIUM","MEDIUM","true","true","true","DERIVED"
"EVT-IMCA-1620","TIER_B_INDUSTRY","BRONZE","HIGH","HIGH","MEDIUM","MEDIUM","true","false","false","UNKNOWN"
"EVT-IMCA-1621","TIER_B_INDUSTRY","BRONZE","HIGH","HIGH","MEDIUM","MEDIUM","true","true","false","DERIVED"
"EVT-IMCA-1622","TIER_B_INDUSTRY","BRONZE","HIGH","HIGH","MEDIUM","MEDIUM","true","true","false","DERIVED"
"EVT-IMCA-1623","TIER_B_INDUSTRY","BRONZE","HIGH","HIGH","MEDIUM","MEDIUM","true","true","false","DERIVED"
"EVT-IMCA-1624","TIER_B_INDUSTRY","BRONZE","HIGH","HIGH","MEDIUM","MEDIUM","true","true","true","DERIVED"
"EVT-IMCA-1625","TIER_B_INDUSTRY","BRONZE","HIGH","HIGH","MEDIUM","MEDIUM","true","true","false","DERIVED"
"EVT-IMCA-1626","TIER_B_INDUSTRY","BRONZE","HIGH","HIGH","MEDIUM","MEDIUM","true","false","false","UNKNOWN"
"EVT-IMCA-1627","TIER_B_INDUSTRY","BRONZE","HIGH","HIGH","MEDIUM","MEDIUM","true","true","false","DERIVED"
"EVT-IMCA-1628","TIER_B_INDUSTRY","BRONZE","HIGH","HIGH","MEDIUM","MEDIUM","true","false","false","UNKNOWN"
"EVT-IMCA-1629","TIER_B_INDUSTRY","BRONZE","HIGH","HIGH","MEDIUM","MEDIUM","true","false","true","UNKNOWN"
"EVT-IMCA-1630","TIER_B_INDUSTRY","BRONZE","HIGH","HIGH","MEDIUM","MEDIUM","true","false","false","UNKNOWN"
"EVT-IMCA-1631","TIER_B_INDUSTRY","BRONZE","HIGH","HIGH","MEDIUM","MEDIUM","true","true","false","DERIVED"
"EVT-IMCA-1632","TIER_B_INDUSTRY","BRONZE","HIGH","HIGH","MEDIUM","MEDIUM","true","false","false","UNKNOWN"
"EVT-IMCA-1633","TIER_B_INDUSTRY","BRONZE","HIGH","HIGH","MEDIUM","MEDIUM","true","false","false","UNKNOWN"
"EVT-IMCA-1634","TIER_B_INDUSTRY","BRONZE","HIGH","HIGH","MEDIUM","MEDIUM","true","true","false","DERIVED"
"EVT-IMCA-1635","TIER_B_INDUSTRY","BRONZE","HIGH","HIGH","MEDIUM","MEDIUM","true","true","false","DERIVED"
"EVT-IMCA-1636","TIER_B_INDUSTRY","BRONZE","HIGH","HIGH","MEDIUM","MEDIUM","true","true","false","DERIVED"
"EVT-IMCA-1637","TIER_B_INDUSTRY","BRONZE","HIGH","HIGH","MEDIUM","MEDIUM","true","false","false","UNKNOWN"
"EVT-IMCA-1638","TIER_B_INDUSTRY","BRONZE","HIGH","HIGH","MEDIUM","MEDIUM","true","true","false","DERIVED"
"EVT-IMCA-1639","TIER_B_INDUSTRY","BRONZE","HIGH","HIGH","MEDIUM","MEDIUM","true","true","true","DERIVED"
"EVT-IMCA-1640","TIER_B_INDUSTRY","BRONZE","HIGH","HIGH","MEDIUM","MEDIUM","true","false","false","UNKNOWN"
"EVT-IMCA-1641","TIER_B_INDUSTRY","BRONZE","HIGH","HIGH","MEDIUM","MEDIUM","true","true","false","DERIVED"
"EVT-IMCA-1642","TIER_B_INDUSTRY","BRONZE","HIGH","HIGH","MEDIUM","MEDIUM","true","false","false","UNKNOWN"
"EVT-IMCA-1643","TIER_B_INDUSTRY","BRONZE","HIGH","HIGH","MEDIUM","MEDIUM","true","false","false","UNKNOWN"
"EVT-IMCA-1644","TIER_B_INDUSTRY","BRONZE","HIGH","HIGH","MEDIUM","MEDIUM","true","false","true","UNKNOWN"
"EVT-IMCA-1645","TIER_B_INDUSTRY","BRONZE","HIGH","HIGH","MEDIUM","MEDIUM","true","false","false","UNKNOWN"
"EVT-IMCA-1646","TIER_B_INDUSTRY","BRONZE","HIGH","HIGH","MEDIUM","MEDIUM","true","false","false","UNKNOWN"
"EVT-IMCA-1647","TIER_B_INDUSTRY","BRONZE","HIGH","HIGH","MEDIUM","MEDIUM","true","false","false","UNKNOWN"
"EVT-IMCA-1648","TIER_B_INDUSTRY","BRONZE","HIGH","HIGH","MEDIUM","MEDIUM","true","true","false","DERIVED"
"EVT-IMCA-1649","TIER_B_INDUSTRY","BRONZE","HIGH","HIGH","MEDIUM","MEDIUM","true","false","false","UNKNOWN"
"EVT-IMCA-1650","TIER_B_INDUSTRY","BRONZE","HIGH","HIGH","MEDIUM","MEDIUM","true","false","false","UNKNOWN"
"EVT-IMCA-1651","TIER_B_INDUSTRY","BRONZE","HIGH","HIGH","MEDIUM","MEDIUM","true","false","false","UNKNOWN"
"EVT-IMCA-1652","TIER_B_INDUSTRY","BRONZE","HIGH","HIGH","MEDIUM","MEDIUM","true","false","false","UNKNOWN"
"EVT-IMCA-1653","TIER_B_INDUSTRY","BRONZE","HIGH","HIGH","MEDIUM","MEDIUM","true","true","false","DERIVED"
"EVT-IMCA-1654","TIER_B_INDUSTRY","BRONZE","HIGH","HIGH","MEDIUM","MEDIUM","true","false","false","UNKNOWN"
"EVT-IMCA-1655","TIER_B_INDUSTRY","BRONZE","HIGH","HIGH","MEDIUM","MEDIUM","true","true","false","DERIVED"
"EVT-IMCA-1656","TIER_B_INDUSTRY","BRONZE","HIGH","HIGH","MEDIUM","MEDIUM","true","false","false","UNKNOWN"
"EVT-IMCA-1657","TIER_B_INDUSTRY","BRONZE","HIGH","HIGH","MEDIUM","MEDIUM","true","true","false","DERIVED"
"EVT-IMCA-1658","TIER_B_INDUSTRY","BRONZE","HIGH","HIGH","MEDIUM","MEDIUM","true","false","false","UNKNOWN"
"EVT-IMCA-1659","TIER_B_INDUSTRY","BRONZE","HIGH","HIGH","MEDIUM","MEDIUM","true","false","false","UNKNOWN"
"EVT-IMCA-1660","TIER_B_INDUSTRY","BRONZE","HIGH","HIGH","MEDIUM","MEDIUM","true","false","false","UNKNOWN"
"EVT-IMCA-1661","TIER_B_INDUSTRY","BRONZE","HIGH","HIGH","MEDIUM","MEDIUM","true","false","false","UNKNOWN"
"EVT-IMCA-1662","TIER_B_INDUSTRY","BRONZE","HIGH","HIGH","MEDIUM","MEDIUM","true","true","false","DERIVED"
"EVT-IMCA-1663","TIER_B_INDUSTRY","BRONZE","HIGH","HIGH","MEDIUM","MEDIUM","true","false","false","UNKNOWN"
"EVT-IMCA-1664","TIER_B_INDUSTRY","BRONZE","HIGH","HIGH","MEDIUM","MEDIUM","true","true","false","DERIVED"
"EVT-IMCA-1665","TIER_B_INDUSTRY","BRONZE","HIGH","HIGH","MEDIUM","MEDIUM","true","false","false","UNKNOWN"
"EVT-IMCA-1666","TIER_B_INDUSTRY","BRONZE","HIGH","HIGH","MEDIUM","MEDIUM","true","true","false","DERIVED"
"EVT-IMCA-1667","TIER_B_INDUSTRY","BRONZE","HIGH","HIGH","MEDIUM","MEDIUM","true","false","false","UNKNOWN"
"EVT-IMCA-1668","TIER_B_INDUSTRY","BRONZE","HIGH","HIGH","MEDIUM","MEDIUM","true","false","false","UNKNOWN"
"EVT-IMCA-1669","TIER_B_INDUSTRY","BRONZE","HIGH","HIGH","HIGH","MEDIUM","true","true","false","EXPLICIT"
"EVT-IMCA-1670","TIER_B_INDUSTRY","BRONZE","HIGH","HIGH","MEDIUM","MEDIUM","true","false","false","UNKNOWN"
"EVT-IMCA-1671","TIER_B_INDUSTRY","BRONZE","HIGH","HIGH","MEDIUM","MEDIUM","true","false","false","UNKNOWN"
"EVT-IMCA-1672","TIER_B_INDUSTRY","BRONZE","HIGH","HIGH","MEDIUM","MEDIUM","true","false","false","UNKNOWN"
"EVT-IMCA-1673","TIER_B_INDUSTRY","SILVER","HIGH","HIGH","MEDIUM","HIGH","true","true","false","DERIVED"
"EVT-IMCA-1674","TIER_B_INDUSTRY","SILVER","HIGH","HIGH","HIGH","HIGH","true","false","false","EXPLICIT"
"EVT-IMCA-1675","TIER_B_INDUSTRY","SILVER","HIGH","HIGH","MEDIUM","HIGH","true","true","false","DERIVED"
"EVT-IMCA-1676","TIER_B_INDUSTRY","SILVER","HIGH","HIGH","MEDIUM","HIGH","true","true","false","DERIVED"
"EVT-IMCA-1677","TIER_B_INDUSTRY","BRONZE","HIGH","HIGH","MEDIUM","MEDIUM","true","false","true","UNKNOWN"
"EVT-IMCA-1678","TIER_B_INDUSTRY","BRONZE","HIGH","HIGH","HIGH","MEDIUM","true","true","false","EXPLICIT"
"EVT-IMCA-1679","TIER_B_INDUSTRY","BRONZE","HIGH","HIGH","MEDIUM","MEDIUM","true","false","false","UNKNOWN"
"EVT-IMCA-1680","TIER_B_INDUSTRY","BRONZE","HIGH","HIGH","MEDIUM","MEDIUM","true","false","false","UNKNOWN"
"EVT-IMCA-1681","TIER_B_INDUSTRY","SILVER","HIGH","HIGH","MEDIUM","HIGH","true","true","false","DERIVED"
"EVT-IMCA-1682","TIER_B_INDUSTRY","BRONZE","HIGH","HIGH","MEDIUM","MEDIUM","true","false","true","UNKNOWN"
"EVT-IMCA-1684","TIER_B_INDUSTRY","BRONZE","HIGH","HIGH","MEDIUM","MEDIUM","true","false","false","UNKNOWN"
"EVT-IMCA-1685","TIER_B_INDUSTRY","BRONZE","HIGH","HIGH","MEDIUM","MEDIUM","true","false","true","UNKNOWN"
"EVT-IMCA-1686","TIER_B_INDUSTRY","BRONZE","HIGH","HIGH","MEDIUM","MEDIUM","true","false","false","UNKNOWN"
"EVT-IMCA-1687","TIER_B_INDUSTRY","SILVER","HIGH","HIGH","MEDIUM","HIGH","true","true","false","DERIVED"
"EVT-IMCA-1688","TIER_B_INDUSTRY","BRONZE","HIGH","HIGH","MEDIUM","MEDIUM","true","true","false","DERIVED"
"EVT-IMCA-1689","TIER_B_INDUSTRY","SILVER","HIGH","HIGH","MEDIUM","HIGH","true","true","true","DERIVED"
"EVT-IMCA-1690","TIER_B_INDUSTRY","BRONZE","HIGH","HIGH","MEDIUM","MEDIUM","true","false","false","UNKNOWN"
"EVT-IMCA-1691","TIER_B_INDUSTRY","BRONZE","HIGH","HIGH","MEDIUM","MEDIUM","true","false","false","UNKNOWN"
"EVT-IMCA-1692","TIER_B_INDUSTRY","BRONZE","HIGH","HIGH","MEDIUM","MEDIUM","true","false","false","UNKNOWN"
"EVT-IMCA-1693","TIER_B_INDUSTRY","SILVER","HIGH","HIGH","HIGH","HIGH","true","false","false","EXPLICIT"
"EVT-IMCA-1694","TIER_B_INDUSTRY","BRONZE","HIGH","HIGH","MEDIUM","MEDIUM","true","false","false","UNKNOWN"
"EVT-IMCA-1695","TIER_B_INDUSTRY","BRONZE","HIGH","HIGH","MEDIUM","MEDIUM","true","false","false","UNKNOWN"
"EVT-IMCA-1696","TIER_B_INDUSTRY","BRONZE","HIGH","HIGH","MEDIUM","MEDIUM","true","false","false","UNKNOWN"
"EVT-IMCA-1697","TIER_B_INDUSTRY","BRONZE","HIGH","HIGH","MEDIUM","MEDIUM","true","false","false","UNKNOWN"
"EVT-IMCA-1698","TIER_B_INDUSTRY","SILVER","HIGH","HIGH","MEDIUM","HIGH","true","true","false","DERIVED"
"EVT-IMCA-1699","TIER_B_INDUSTRY","SILVER","HIGH","HIGH","MEDIUM","HIGH","true","true","false","DERIVED"
"EVT-IMCA-1700","TIER_B_INDUSTRY","BRONZE","HIGH","HIGH","MEDIUM","MEDIUM","true","false","true","UNKNOWN"
"EVT-IMCA-1701","TIER_B_INDUSTRY","SILVER","HIGH","HIGH","MEDIUM","HIGH","true","true","false","DERIVED"
"EVT-IMCA-1702","TIER_B_INDUSTRY","BRONZE","HIGH","HIGH","MEDIUM","MEDIUM","true","false","false","UNKNOWN"
"EVT-IMCA-1703","TIER_B_INDUSTRY","BRONZE","HIGH","HIGH","MEDIUM","MEDIUM","true","false","false","UNKNOWN"
"EVT-IMCA-1704","TIER_B_INDUSTRY","SILVER","HIGH","HIGH","MEDIUM","HIGH","true","true","false","DERIVED"
"EVT-IMCA-1705","TIER_B_INDUSTRY","SILVER","HIGH","HIGH","MEDIUM","HIGH","true","true","true","DERIVED"
"EVT-IMCA-1706","TIER_B_INDUSTRY","BRONZE","HIGH","HIGH","MEDIUM","MEDIUM","true","false","false","UNKNOWN"
"EVT-IMCA-1707","TIER_B_INDUSTRY","BRONZE","HIGH","HIGH","MEDIUM","MEDIUM","true","false","true","UNKNOWN"
"EVT-IMCA-1708","TIER_B_INDUSTRY","SILVER","HIGH","HIGH","HIGH","HIGH","true","true","false","EXPLICIT"
"EVT-IMCA-1709","TIER_B_INDUSTRY","BRONZE","HIGH","HIGH","MEDIUM","MEDIUM","true","false","true","UNKNOWN"
"EVT-IMCA-1710","TIER_B_INDUSTRY","SILVER","HIGH","HIGH","MEDIUM","HIGH","true","true","false","DERIVED"
"EVT-IMCA-1711","TIER_B_INDUSTRY","BRONZE","HIGH","HIGH","MEDIUM","MEDIUM","true","false","false","UNKNOWN"
"EVT-IMCA-1712","TIER_B_INDUSTRY","SILVER","HIGH","HIGH","HIGH","HIGH","true","false","false","EXPLICIT"
"EVT-IMCA-1713","TIER_B_INDUSTRY","SILVER","HIGH","HIGH","MEDIUM","HIGH","true","true","false","DERIVED"
"EVT-IMCA-1714","TIER_B_INDUSTRY","BRONZE","HIGH","HIGH","MEDIUM","MEDIUM","true","false","false","UNKNOWN"
"EVT-IMCA-1715","TIER_B_INDUSTRY","BRONZE","HIGH","HIGH","MEDIUM","MEDIUM","true","true","false","DERIVED"
"EVT-IMCA-1716","TIER_B_INDUSTRY","SILVER","HIGH","HIGH","MEDIUM","HIGH","true","true","true","DERIVED"
"EVT-IMCA-1717","TIER_B_INDUSTRY","BRONZE","HIGH","HIGH","MEDIUM","MEDIUM","true","false","false","UNKNOWN"
"EVT-IMCA-1718","TIER_B_INDUSTRY","BRONZE","HIGH","HIGH","MEDIUM","MEDIUM","true","false","false","UNKNOWN"
"EVT-IMCA-1719","TIER_B_INDUSTRY","SILVER","HIGH","HIGH","MEDIUM","HIGH","true","true","false","DERIVED"
"EVT-IMCA-1720","TIER_B_INDUSTRY","BRONZE","HIGH","HIGH","MEDIUM","MEDIUM","true","false","false","UNKNOWN"
"EVT-IMCA-1721","TIER_B_INDUSTRY","SILVER","HIGH","HIGH","MEDIUM","HIGH","true","true","false","DERIVED"
"EVT-IMCA-1722","TIER_B_INDUSTRY","SILVER","HIGH","HIGH","MEDIUM","HIGH","true","true","false","DERIVED"
"EVT-IMCA-1723","TIER_B_INDUSTRY","SILVER","HIGH","HIGH","MEDIUM","HIGH","true","true","false","DERIVED"
"EVT-IMCA-1724","TIER_B_INDUSTRY","BRONZE","HIGH","HIGH","MEDIUM","MEDIUM","true","false","false","UNKNOWN"
"EVT-IMCA-1725","TIER_B_INDUSTRY","BRONZE","HIGH","HIGH","MEDIUM","MEDIUM","true","false","false","UNKNOWN"
"EVT-IMCA-1726","TIER_B_INDUSTRY","SILVER","HIGH","HIGH","MEDIUM","HIGH","true","true","false","DERIVED"
"EVT-IMCA-1727","TIER_B_INDUSTRY","BRONZE","HIGH","HIGH","MEDIUM","MEDIUM","true","true","false","DERIVED"
"EVT-IMCA-1728","TIER_B_INDUSTRY","SILVER","HIGH","HIGH","MEDIUM","HIGH","true","true","true","DERIVED"
"EVT-IMCA-1729","TIER_B_INDUSTRY","BRONZE","HIGH","HIGH","MEDIUM","MEDIUM","true","false","true","UNKNOWN"
"EVT-IMCA-1730","TIER_B_INDUSTRY","BRONZE","HIGH","HIGH","MEDIUM","MEDIUM","true","false","false","UNKNOWN"
"EVT-IMCA-1731","TIER_B_INDUSTRY","SILVER","HIGH","HIGH","MEDIUM","HIGH","true","true","false","DERIVED"
"EVT-IMCA-1732","TIER_B_INDUSTRY","SILVER","HIGH","HIGH","MEDIUM","HIGH","true","true","false","DERIVED"
"EVT-IMCA-1733","TIER_B_INDUSTRY","SILVER","HIGH","HIGH","MEDIUM","HIGH","true","true","false","DERIVED"
"EVT-IMCA-1734","TIER_B_INDUSTRY","SILVER","HIGH","HIGH","HIGH","HIGH","true","true","false","EXPLICIT"
"EVT-IMCA-1735","TIER_B_INDUSTRY","BRONZE","HIGH","HIGH","MEDIUM","MEDIUM","true","false","false","UNKNOWN"
"EVT-IMCA-1736","TIER_B_INDUSTRY","BRONZE","HIGH","HIGH","MEDIUM","MEDIUM","true","true","false","DERIVED"
"EVT-IMCA-1737","TIER_B_INDUSTRY","BRONZE","HIGH","HIGH","MEDIUM","MEDIUM","true","false","false","UNKNOWN"
"EVT-IMCA-1738","TIER_B_INDUSTRY","SILVER","HIGH","HIGH","HIGH","HIGH","true","false","false","EXPLICIT"
"EVT-IMCA-1739","TIER_B_INDUSTRY","BRONZE","HIGH","HIGH","MEDIUM","MEDIUM","true","true","false","DERIVED"
"EVT-IMCA-1740","TIER_B_INDUSTRY","BRONZE","HIGH","HIGH","MEDIUM","MEDIUM","true","false","true","UNKNOWN"
"EVT-IMCA-1741","TIER_B_INDUSTRY","BRONZE","HIGH","HIGH","MEDIUM","MEDIUM","true","true","false","DERIVED"
"EVT-IMCA-1742","TIER_B_INDUSTRY","SILVER","HIGH","HIGH","MEDIUM","HIGH","true","true","true","DERIVED"
"EVT-IMCA-1743","TIER_B_INDUSTRY","BRONZE","HIGH","HIGH","MEDIUM","MEDIUM","true","false","true","UNKNOWN"
"EVT-IMCA-1744","TIER_B_INDUSTRY","BRONZE","HIGH","HIGH","MEDIUM","MEDIUM","true","false","false","UNKNOWN"
"EVT-IMCA-1745","TIER_B_INDUSTRY","SILVER","HIGH","HIGH","MEDIUM","HIGH","true","true","true","DERIVED"
"EVT-IMCA-1746","TIER_B_INDUSTRY","SILVER","HIGH","HIGH","MEDIUM","HIGH","true","true","false","DERIVED"
"EVT-IMCA-1747","TIER_B_INDUSTRY","BRONZE","HIGH","HIGH","MEDIUM","MEDIUM","true","false","false","UNKNOWN"
"EVT-IMCA-1748","TIER_B_INDUSTRY","SILVER","HIGH","HIGH","MEDIUM","HIGH","true","true","false","DERIVED"
"EVT-IMCA-1749","TIER_B_INDUSTRY","BRONZE","HIGH","HIGH","MEDIUM","MEDIUM","true","false","false","UNKNOWN"
"EVT-IMCA-1750","TIER_B_INDUSTRY","BRONZE","HIGH","HIGH","MEDIUM","MEDIUM","true","true","false","DERIVED"
"EVT-IMCA-1751","TIER_B_INDUSTRY","SILVER","HIGH","HIGH","MEDIUM","HIGH","true","true","false","DERIVED"
"EVT-IMCA-1752","TIER_B_INDUSTRY","SILVER","HIGH","HIGH","MEDIUM","HIGH","true","true","false","DERIVED"
"EVT-IMCA-1753","TIER_B_INDUSTRY","BRONZE","HIGH","HIGH","MEDIUM","MEDIUM","true","false","false","UNKNOWN"
"EVT-IMCA-1754","TIER_B_INDUSTRY","BRONZE","HIGH","HIGH","MEDIUM","MEDIUM","true","false","false","UNKNOWN"
"EVT-IMCA-1755","TIER_B_INDUSTRY","BRONZE","HIGH","HIGH","MEDIUM","MEDIUM","true","true","false","DERIVED"
"EVT-IMCA-1756","TIER_B_INDUSTRY","BRONZE","HIGH","HIGH","MEDIUM","MEDIUM","true","false","false","UNKNOWN"
"EVT-IMCA-1757","TIER_B_INDUSTRY","BRONZE","HIGH","HIGH","MEDIUM","MEDIUM","true","true","false","DERIVED"
"EVT-IMCA-1758","TIER_B_INDUSTRY","BRONZE","HIGH","HIGH","MEDIUM","MEDIUM","true","false","false","UNKNOWN"
"EVT-IMCA-1759","TIER_B_INDUSTRY","BRONZE","HIGH","HIGH","MEDIUM","MEDIUM","true","true","false","DERIVED"
"EVT-IMCA-1760","TIER_B_INDUSTRY","BRONZE","HIGH","HIGH","MEDIUM","MEDIUM","true","false","false","UNKNOWN"
"EVT-IMCA-1762","TIER_B_INDUSTRY","BRONZE","HIGH","HIGH","MEDIUM","MEDIUM","true","false","false","UNKNOWN"
"EVT-IMCA-1763","TIER_B_INDUSTRY","BRONZE","HIGH","HIGH","MEDIUM","MEDIUM","true","true","false","DERIVED"
"EVT-IMCA-1764","TIER_B_INDUSTRY","BRONZE","HIGH","HIGH","MEDIUM","MEDIUM","true","false","false","UNKNOWN"
"EVT-IMCA-1765","TIER_B_INDUSTRY","BRONZE","HIGH","HIGH","MEDIUM","MEDIUM","true","true","false","DERIVED"
"EVT-IMCA-1766","TIER_B_INDUSTRY","BRONZE","HIGH","HIGH","MEDIUM","MEDIUM","true","true","true","DERIVED"
"EVT-IMCA-1767","TIER_B_INDUSTRY","BRONZE","HIGH","HIGH","MEDIUM","MEDIUM","true","false","false","UNKNOWN"
"EVT-IMCA-1768","TIER_B_INDUSTRY","BRONZE","HIGH","HIGH","MEDIUM","MEDIUM","true","false","false","UNKNOWN"
"EVT-IMCA-1769","TIER_B_INDUSTRY","BRONZE","HIGH","HIGH","MEDIUM","MEDIUM","true","true","false","DERIVED"
"EVT-IMCA-1770","TIER_B_INDUSTRY","BRONZE","HIGH","HIGH","MEDIUM","MEDIUM","true","true","false","DERIVED"
"EVT-IMCA-1771","TIER_B_INDUSTRY","BRONZE","HIGH","HIGH","MEDIUM","MEDIUM","true","false","false","UNKNOWN"
"EVT-IMCA-1772","TIER_B_INDUSTRY","BRONZE","HIGH","HIGH","MEDIUM","MEDIUM","true","false","false","UNKNOWN"
"EVT-IMCA-1773","TIER_B_INDUSTRY","BRONZE","HIGH","HIGH","MEDIUM","MEDIUM","true","false","false","UNKNOWN"
"EVT-IMCA-1774","TIER_B_INDUSTRY","BRONZE","HIGH","HIGH","MEDIUM","MEDIUM","true","false","false","UNKNOWN"
"EVT-IMCA-1775","TIER_B_INDUSTRY","BRONZE","HIGH","HIGH","MEDIUM","MEDIUM","true","false","false","UNKNOWN"
"EVT-IMCA-1776","TIER_B_INDUSTRY","BRONZE","HIGH","HIGH","MEDIUM","MEDIUM","true","false","false","UNKNOWN"
"EVT-IMCA-1777","TIER_B_INDUSTRY","BRONZE","HIGH","HIGH","MEDIUM","MEDIUM","true","false","false","UNKNOWN"
"EVT-IMCA-1778","TIER_B_INDUSTRY","BRONZE","HIGH","HIGH","MEDIUM","MEDIUM","true","false","false","UNKNOWN"
"EVT-IMCA-1779","TIER_B_INDUSTRY","BRONZE","HIGH","HIGH","MEDIUM","MEDIUM","true","true","false","DERIVED"
"EVT-IMCA-1780","TIER_B_INDUSTRY","BRONZE","HIGH","HIGH","MEDIUM","MEDIUM","true","false","false","UNKNOWN"
"EVT-IMCA-1781","TIER_B_INDUSTRY","BRONZE","HIGH","HIGH","MEDIUM","MEDIUM","true","true","false","DERIVED"
"EVT-IMCA-1782","TIER_B_INDUSTRY","BRONZE","HIGH","HIGH","MEDIUM","MEDIUM","true","false","false","UNKNOWN"
"EVT-IMCA-1783","TIER_B_INDUSTRY","BRONZE","HIGH","HIGH","MEDIUM","MEDIUM","true","true","false","DERIVED"
"EVT-IMCA-1784","TIER_B_INDUSTRY","BRONZE","HIGH","HIGH","MEDIUM","MEDIUM","true","false","false","UNKNOWN"
"EVT-IMCA-1786","TIER_B_INDUSTRY","BRONZE","HIGH","HIGH","MEDIUM","MEDIUM","true","false","false","UNKNOWN"
"EVT-IMCA-1787","TIER_B_INDUSTRY","BRONZE","HIGH","HIGH","MEDIUM","MEDIUM","true","true","false","DERIVED"
"EVT-IMCA-1788","TIER_B_INDUSTRY","BRONZE","HIGH","HIGH","MEDIUM","MEDIUM","true","false","false","UNKNOWN"
"EVT-IMCA-1789","TIER_B_INDUSTRY","BRONZE","HIGH","HIGH","MEDIUM","MEDIUM","true","false","false","UNKNOWN"
"EVT-IMCA-1790","TIER_B_INDUSTRY","BRONZE","HIGH","HIGH","MEDIUM","MEDIUM","true","false","false","UNKNOWN"
"EVT-IMCA-1791","TIER_B_INDUSTRY","BRONZE","HIGH","HIGH","MEDIUM","MEDIUM","true","false","false","UNKNOWN"
"EVT-IMCA-1792","TIER_B_INDUSTRY","BRONZE","HIGH","HIGH","MEDIUM","MEDIUM","true","false","false","UNKNOWN"
"EVT-IMCA-1793","TIER_B_INDUSTRY","BRONZE","HIGH","HIGH","MEDIUM","MEDIUM","true","true","false","DERIVED"
"EVT-IMCA-1794","TIER_B_INDUSTRY","BRONZE","HIGH","HIGH","MEDIUM","MEDIUM","true","false","false","UNKNOWN"
"EVT-IMCA-1795","TIER_B_INDUSTRY","BRONZE","HIGH","HIGH","MEDIUM","MEDIUM","true","true","false","DERIVED"
"EVT-IMCA-1796","TIER_B_INDUSTRY","BRONZE","HIGH","HIGH","MEDIUM","MEDIUM","true","true","false","DERIVED"
"EVT-IMCA-1797","TIER_B_INDUSTRY","BRONZE","HIGH","HIGH","MEDIUM","MEDIUM","true","true","false","DERIVED"
"EVT-IMCA-1798","TIER_B_INDUSTRY","BRONZE","HIGH","HIGH","MEDIUM","MEDIUM","true","false","false","UNKNOWN"
"EVT-IMCA-1799","TIER_B_INDUSTRY","BRONZE","HIGH","HIGH","MEDIUM","MEDIUM","true","false","false","UNKNOWN"
"EVT-IMCA-1800","TIER_B_INDUSTRY","BRONZE","HIGH","HIGH","MEDIUM","MEDIUM","true","true","false","DERIVED"
"EVT-IMCA-1801","TIER_B_INDUSTRY","BRONZE","HIGH","HIGH","MEDIUM","MEDIUM","true","true","false","DERIVED"
"EVT-IMCA-1802","TIER_B_INDUSTRY","BRONZE","HIGH","HIGH","MEDIUM","MEDIUM","true","false","false","UNKNOWN"
"EVT-IMCA-1803","TIER_B_INDUSTRY","BRONZE","HIGH","HIGH","MEDIUM","MEDIUM","true","true","false","DERIVED"
"EVT-IMCA-1804","TIER_B_INDUSTRY","BRONZE","HIGH","HIGH","MEDIUM","MEDIUM","true","true","false","DERIVED"
"EVT-IMCA-1805","TIER_B_INDUSTRY","BRONZE","HIGH","HIGH","MEDIUM","MEDIUM","true","false","false","UNKNOWN"
"EVT-IMCA-1806","TIER_B_INDUSTRY","BRONZE","HIGH","HIGH","MEDIUM","MEDIUM","true","false","false","UNKNOWN"
"EVT-IMCA-1807","TIER_B_INDUSTRY","BRONZE","HIGH","HIGH","MEDIUM","MEDIUM","true","false","false","UNKNOWN"
"EVT-IMCA-1808","TIER_B_INDUSTRY","BRONZE","HIGH","HIGH","MEDIUM","MEDIUM","true","true","false","DERIVED"
"EVT-IMCA-1809","TIER_B_INDUSTRY","BRONZE","HIGH","HIGH","MEDIUM","MEDIUM","true","false","false","UNKNOWN"
"EVT-IMCA-1810","TIER_B_INDUSTRY","BRONZE","HIGH","HIGH","MEDIUM","MEDIUM","true","true","false","DERIVED"
"EVT-IMCA-1811","TIER_B_INDUSTRY","BRONZE","HIGH","HIGH","MEDIUM","MEDIUM","true","false","false","UNKNOWN"
"EVT-IMCA-1812","TIER_B_INDUSTRY","BRONZE","HIGH","HIGH","MEDIUM","MEDIUM","true","true","false","DERIVED"
"EVT-IMCA-1813","TIER_B_INDUSTRY","BRONZE","HIGH","HIGH","MEDIUM","MEDIUM","true","false","false","UNKNOWN"
"EVT-IMCA-1814","TIER_B_INDUSTRY","BRONZE","HIGH","HIGH","MEDIUM","MEDIUM","true","false","false","UNKNOWN"
"EVT-IMCA-1815","TIER_B_INDUSTRY","BRONZE","HIGH","HIGH","MEDIUM","MEDIUM","true","false","false","UNKNOWN"
"EVT-IMCA-1816","TIER_B_INDUSTRY","BRONZE","HIGH","HIGH","MEDIUM","MEDIUM","true","true","false","DERIVED"
"EVT-IMCA-1817","TIER_B_INDUSTRY","BRONZE","HIGH","HIGH","MEDIUM","MEDIUM","true","false","false","UNKNOWN"
"EVT-IMCA-1818","TIER_B_INDUSTRY","BRONZE","HIGH","HIGH","MEDIUM","MEDIUM","true","false","false","UNKNOWN"
"EVT-IMCA-1819","TIER_B_INDUSTRY","BRONZE","HIGH","HIGH","MEDIUM","MEDIUM","true","false","false","UNKNOWN"
"EVT-IMCA-1820","TIER_B_INDUSTRY","BRONZE","HIGH","HIGH","MEDIUM","MEDIUM","true","false","false","UNKNOWN"
"EVT-IMCA-1821","TIER_B_INDUSTRY","SILVER","HIGH","HIGH","MEDIUM","HIGH","true","true","false","DERIVED"
"EVT-IMCA-1822","TIER_B_INDUSTRY","BRONZE","HIGH","HIGH","MEDIUM","MEDIUM","true","false","false","UNKNOWN"
"EVT-IMCA-1823","TIER_B_INDUSTRY","BRONZE","HIGH","HIGH","MEDIUM","MEDIUM","true","false","false","UNKNOWN"
"EVT-IMCA-1824","TIER_B_INDUSTRY","SILVER","HIGH","HIGH","MEDIUM","HIGH","true","true","false","DERIVED"
"EVT-IMCA-1825","TIER_B_INDUSTRY","BRONZE","HIGH","HIGH","MEDIUM","MEDIUM","true","false","false","UNKNOWN"
"EVT-IMCA-1826","TIER_B_INDUSTRY","BRONZE","HIGH","HIGH","MEDIUM","MEDIUM","true","false","false","UNKNOWN"
"EVT-IMCA-1827","TIER_B_INDUSTRY","BRONZE","HIGH","HIGH","MEDIUM","MEDIUM","true","false","false","UNKNOWN"
"EVT-IMCA-1828","TIER_B_INDUSTRY","BRONZE","HIGH","HIGH","MEDIUM","MEDIUM","true","false","false","UNKNOWN"
"EVT-IMCA-1829","TIER_B_INDUSTRY","SILVER","HIGH","HIGH","MEDIUM","HIGH","true","true","false","DERIVED"
"EVT-IMCA-1830","TIER_B_INDUSTRY","BRONZE","HIGH","HIGH","MEDIUM","MEDIUM","true","false","false","UNKNOWN"
"EVT-IMCA-1831","TIER_B_INDUSTRY","BRONZE","HIGH","HIGH","MEDIUM","MEDIUM","true","false","false","UNKNOWN"
"EVT-IMCA-1832","TIER_B_INDUSTRY","SILVER","HIGH","HIGH","MEDIUM","HIGH","true","true","false","DERIVED"
"EVT-IMCA-1833","TIER_B_INDUSTRY","BRONZE","HIGH","HIGH","MEDIUM","MEDIUM","true","false","false","UNKNOWN"
"EVT-IMCA-1834","TIER_B_INDUSTRY","SILVER","HIGH","HIGH","MEDIUM","HIGH","true","true","false","DERIVED"
"EVT-IMCA-1835","TIER_B_INDUSTRY","BRONZE","HIGH","HIGH","MEDIUM","MEDIUM","true","true","false","DERIVED"
"EVT-IMCA-1836","TIER_B_INDUSTRY","SILVER","HIGH","HIGH","MEDIUM","HIGH","true","true","false","DERIVED"
"EVT-IMCA-1837","TIER_B_INDUSTRY","BRONZE","HIGH","HIGH","MEDIUM","MEDIUM","true","true","false","DERIVED"
"EVT-IMCA-1838","TIER_B_INDUSTRY","BRONZE","HIGH","HIGH","MEDIUM","MEDIUM","true","false","true","UNKNOWN"
"EVT-IMCA-1839","TIER_B_INDUSTRY","BRONZE","HIGH","HIGH","MEDIUM","MEDIUM","true","false","false","UNKNOWN"
"EVT-IMCA-1840","TIER_B_INDUSTRY","SILVER","HIGH","HIGH","MEDIUM","HIGH","true","true","false","DERIVED"
"EVT-IMCA-1841","TIER_B_INDUSTRY","SILVER","HIGH","HIGH","MEDIUM","HIGH","true","true","false","DERIVED"
"EVT-IMCA-1842","TIER_B_INDUSTRY","BRONZE","HIGH","HIGH","MEDIUM","MEDIUM","true","false","false","UNKNOWN"
"EVT-IMCA-1843","TIER_B_INDUSTRY","BRONZE","HIGH","HIGH","MEDIUM","MEDIUM","true","false","false","UNKNOWN"
"EVT-IMCA-1844","TIER_B_INDUSTRY","BRONZE","HIGH","HIGH","MEDIUM","MEDIUM","true","false","false","UNKNOWN"
"EVT-IMCA-1845","TIER_B_INDUSTRY","BRONZE","HIGH","HIGH","MEDIUM","MEDIUM","true","false","false","UNKNOWN"
"EVT-IMCA-1846","TIER_B_INDUSTRY","SILVER","HIGH","HIGH","MEDIUM","HIGH","true","true","true","DERIVED"
"EVT-IMCA-1847","TIER_B_INDUSTRY","BRONZE","HIGH","HIGH","MEDIUM","MEDIUM","true","false","false","UNKNOWN"
"EVT-IMCA-1848","TIER_B_INDUSTRY","SILVER","HIGH","HIGH","MEDIUM","HIGH","true","true","false","DERIVED"
"EVT-IMCA-1849","TIER_B_INDUSTRY","SILVER","HIGH","HIGH","MEDIUM","HIGH","true","true","false","DERIVED"
"EVT-IMCA-1850","TIER_B_INDUSTRY","SILVER","HIGH","HIGH","MEDIUM","HIGH","true","true","false","DERIVED"
"EVT-IMCA-1851","TIER_B_INDUSTRY","BRONZE","HIGH","HIGH","MEDIUM","MEDIUM","true","false","false","UNKNOWN"
"EVT-IMCA-1852","TIER_B_INDUSTRY","BRONZE","HIGH","HIGH","MEDIUM","MEDIUM","true","false","false","UNKNOWN"
"EVT-IMCA-1853","TIER_B_INDUSTRY","SILVER","HIGH","HIGH","MEDIUM","HIGH","true","true","false","DERIVED"
"EVT-IMCA-1854","TIER_B_INDUSTRY","SILVER","HIGH","HIGH","MEDIUM","HIGH","true","true","false","DERIVED"
"EVT-IMCA-1855","TIER_B_INDUSTRY","SILVER","HIGH","HIGH","MEDIUM","HIGH","true","true","false","DERIVED"
"EVT-IMCA-1856","TIER_B_INDUSTRY","SILVER","HIGH","HIGH","MEDIUM","HIGH","true","true","false","DERIVED"
"EVT-IMCA-1857","TIER_B_INDUSTRY","BRONZE","HIGH","HIGH","MEDIUM","MEDIUM","true","false","false","UNKNOWN"
"EVT-IMCA-1858","TIER_B_INDUSTRY","SILVER","HIGH","HIGH","MEDIUM","HIGH","true","true","false","DERIVED"
"EVT-IMCA-1859","TIER_B_INDUSTRY","SILVER","HIGH","HIGH","MEDIUM","HIGH","true","true","false","DERIVED"
"EVT-IMCA-1860","TIER_B_INDUSTRY","SILVER","HIGH","HIGH","MEDIUM","HIGH","true","true","false","DERIVED"
"EVT-IMCA-1861","TIER_B_INDUSTRY","SILVER","HIGH","HIGH","MEDIUM","HIGH","true","true","true","DERIVED"
"EVT-IMCA-1862","TIER_B_INDUSTRY","SILVER","HIGH","HIGH","MEDIUM","HIGH","true","true","false","DERIVED"
"EVT-IMCA-1863","TIER_B_INDUSTRY","SILVER","HIGH","HIGH","MEDIUM","HIGH","true","true","false","DERIVED"
"EVT-IMCA-1864","TIER_B_INDUSTRY","SILVER","HIGH","HIGH","MEDIUM","HIGH","true","true","false","DERIVED"
"EVT-IMCA-1865","TIER_B_INDUSTRY","SILVER","HIGH","HIGH","MEDIUM","HIGH","true","true","false","DERIVED"
"EVT-IMCA-1866","TIER_B_INDUSTRY","SILVER","HIGH","HIGH","MEDIUM","HIGH","true","true","false","DERIVED"
"EVT-IMCA-1867","TIER_B_INDUSTRY","SILVER","HIGH","HIGH","MEDIUM","HIGH","true","true","false","DERIVED"
"EVT-IMCA-1868","TIER_B_INDUSTRY","BRONZE","HIGH","HIGH","MEDIUM","MEDIUM","true","false","false","UNKNOWN"
"EVT-IMCA-1869","TIER_B_INDUSTRY","BRONZE","HIGH","HIGH","MEDIUM","MEDIUM","true","false","false","UNKNOWN"
"EVT-IMCA-1870","TIER_B_INDUSTRY","BRONZE","HIGH","HIGH","MEDIUM","MEDIUM","true","false","false","UNKNOWN"
"EVT-IMCA-1871","TIER_B_INDUSTRY","BRONZE","HIGH","HIGH","MEDIUM","MEDIUM","true","false","false","UNKNOWN"
"EVT-IMCA-1872","TIER_B_INDUSTRY","BRONZE","HIGH","HIGH","MEDIUM","MEDIUM","true","false","false","UNKNOWN"
"EVT-IMCA-1873","TIER_B_INDUSTRY","BRONZE","HIGH","HIGH","MEDIUM","MEDIUM","true","false","false","UNKNOWN"
"EVT-IMCA-1874","TIER_B_INDUSTRY","SILVER","HIGH","HIGH","MEDIUM","HIGH","true","true","false","DERIVED"
"EVT-IMCA-1875","TIER_B_INDUSTRY","SILVER","HIGH","HIGH","MEDIUM","HIGH","true","true","false","DERIVED"
"EVT-IMCA-1876","TIER_B_INDUSTRY","BRONZE","HIGH","HIGH","MEDIUM","MEDIUM","true","false","false","UNKNOWN"
"EVT-IMCA-1877","TIER_B_INDUSTRY","BRONZE","HIGH","HIGH","MEDIUM","MEDIUM","true","false","false","UNKNOWN"
"EVT-IMCA-1878","TIER_B_INDUSTRY","SILVER","HIGH","HIGH","MEDIUM","HIGH","true","true","false","DERIVED"
"EVT-IMCA-1879","TIER_B_INDUSTRY","BRONZE","HIGH","HIGH","MEDIUM","MEDIUM","true","false","false","UNKNOWN"
"EVT-IMCA-1880","TIER_B_INDUSTRY","SILVER","HIGH","HIGH","MEDIUM","HIGH","true","true","false","DERIVED"
"EVT-IMCA-1881","TIER_B_INDUSTRY","BRONZE","HIGH","HIGH","MEDIUM","MEDIUM","true","true","false","DERIVED"
"EVT-IMCA-1882","TIER_B_INDUSTRY","SILVER","HIGH","HIGH","MEDIUM","HIGH","true","true","false","DERIVED"
"EVT-IMCA-1883","TIER_B_INDUSTRY","BRONZE","HIGH","HIGH","MEDIUM","MEDIUM","true","false","false","UNKNOWN"
"EVT-IMCA-1884","TIER_B_INDUSTRY","BRONZE","HIGH","HIGH","MEDIUM","MEDIUM","true","false","true","UNKNOWN"
"EVT-IMCA-1885","TIER_B_INDUSTRY","BRONZE","HIGH","HIGH","MEDIUM","MEDIUM","true","false","false","UNKNOWN"
"EVT-IMCA-1886","TIER_B_INDUSTRY","BRONZE","HIGH","HIGH","MEDIUM","MEDIUM","true","true","false","DERIVED"
"EVT-IMCA-1887","TIER_B_INDUSTRY","BRONZE","HIGH","HIGH","MEDIUM","MEDIUM","true","false","false","UNKNOWN"
"EVT-IMCA-1888","TIER_B_INDUSTRY","BRONZE","HIGH","HIGH","MEDIUM","MEDIUM","true","false","false","UNKNOWN"
"EVT-IMCA-1889","TIER_B_INDUSTRY","BRONZE","HIGH","HIGH","MEDIUM","MEDIUM","true","false","true","UNKNOWN"
"EVT-IMCA-1890","TIER_B_INDUSTRY","SILVER","HIGH","HIGH","MEDIUM","HIGH","true","true","false","DERIVED"
"EVT-IMCA-1891","TIER_B_INDUSTRY","SILVER","HIGH","HIGH","MEDIUM","HIGH","true","true","false","DERIVED"
"EVT-IMCA-1892","TIER_B_INDUSTRY","SILVER","HIGH","HIGH","MEDIUM","HIGH","true","true","false","DERIVED"
"EVT-IMCA-1893","TIER_B_INDUSTRY","BRONZE","HIGH","HIGH","MEDIUM","MEDIUM","true","true","false","DERIVED"
"EVT-IMCA-1894","TIER_B_INDUSTRY","BRONZE","HIGH","HIGH","MEDIUM","MEDIUM","true","false","false","UNKNOWN"
"EVT-IMCA-1895","TIER_B_INDUSTRY","BRONZE","HIGH","HIGH","MEDIUM","MEDIUM","true","false","false","UNKNOWN"
"EVT-IMCA-1896","TIER_B_INDUSTRY","BRONZE","HIGH","HIGH","MEDIUM","MEDIUM","true","true","false","DERIVED"
"EVT-IMCA-1897","TIER_B_INDUSTRY","BRONZE","HIGH","HIGH","MEDIUM","MEDIUM","true","false","false","UNKNOWN"
"EVT-IMCA-1898","TIER_B_INDUSTRY","BRONZE","HIGH","HIGH","MEDIUM","MEDIUM","true","true","false","DERIVED"
"EVT-IMCA-1899","TIER_B_INDUSTRY","BRONZE","HIGH","HIGH","MEDIUM","MEDIUM","true","false","false","UNKNOWN"
"EVT-IMCA-1900","TIER_B_INDUSTRY","BRONZE","HIGH","HIGH","MEDIUM","MEDIUM","true","false","false","UNKNOWN"
"EVT-IMCA-1901","TIER_B_INDUSTRY","BRONZE","HIGH","HIGH","MEDIUM","MEDIUM","true","false","false","UNKNOWN"
"EVT-IMCA-1902","TIER_B_INDUSTRY","BRONZE","HIGH","HIGH","MEDIUM","MEDIUM","true","true","false","DERIVED"
"EVT-IMCA-1903","TIER_B_INDUSTRY","BRONZE","HIGH","HIGH","MEDIUM","MEDIUM","true","false","false","UNKNOWN"
"EVT-IMCA-1904","TIER_B_INDUSTRY","BRONZE","HIGH","HIGH","MEDIUM","MEDIUM","true","true","false","DERIVED"
"EVT-IMCA-1905","TIER_B_INDUSTRY","BRONZE","HIGH","HIGH","MEDIUM","MEDIUM","true","true","false","DERIVED"
"EVT-IMCA-1906","TIER_B_INDUSTRY","BRONZE","HIGH","HIGH","MEDIUM","MEDIUM","true","true","false","DERIVED"
"EVT-IMCA-1907","TIER_B_INDUSTRY","BRONZE","HIGH","HIGH","MEDIUM","MEDIUM","true","true","false","DERIVED"
"EVT-IMCA-1908","TIER_B_INDUSTRY","BRONZE","HIGH","HIGH","MEDIUM","MEDIUM","true","true","false","DERIVED"
"EVT-IMCA-1909","TIER_B_INDUSTRY","BRONZE","HIGH","HIGH","MEDIUM","MEDIUM","true","false","false","UNKNOWN"
"EVT-IMCA-1910","TIER_B_INDUSTRY","BRONZE","HIGH","HIGH","MEDIUM","MEDIUM","true","false","false","UNKNOWN"
"EVT-IMCA-1911","TIER_B_INDUSTRY","BRONZE","HIGH","HIGH","MEDIUM","MEDIUM","true","true","false","DERIVED"
"EVT-IMCA-1912","TIER_B_INDUSTRY","BRONZE","HIGH","HIGH","MEDIUM","MEDIUM","true","true","false","DERIVED"
"EVT-IMCA-1913","TIER_B_INDUSTRY","BRONZE","HIGH","HIGH","MEDIUM","MEDIUM","true","true","false","DERIVED"
"EVT-IMCA-1914","TIER_B_INDUSTRY","BRONZE","HIGH","HIGH","MEDIUM","MEDIUM","true","false","false","UNKNOWN"
"EVT-IMCA-1915","TIER_B_INDUSTRY","BRONZE","HIGH","HIGH","HIGH","MEDIUM","true","true","false","EXPLICIT"
"EVT-IMCA-1916","TIER_B_INDUSTRY","BRONZE","HIGH","HIGH","MEDIUM","MEDIUM","true","false","false","UNKNOWN"
"EVT-IMCA-1917","TIER_B_INDUSTRY","BRONZE","HIGH","HIGH","MEDIUM","MEDIUM","true","false","false","UNKNOWN"
"EVT-IMCA-1918","TIER_B_INDUSTRY","BRONZE","HIGH","HIGH","MEDIUM","MEDIUM","true","false","true","UNKNOWN"
"EVT-IMCA-1919","TIER_B_INDUSTRY","BRONZE","HIGH","HIGH","MEDIUM","MEDIUM","true","false","false","UNKNOWN"
"EVT-IMCA-1920","TIER_B_INDUSTRY","BRONZE","HIGH","HIGH","MEDIUM","MEDIUM","true","false","false","UNKNOWN"
"EVT-IMCA-1921","TIER_B_INDUSTRY","BRONZE","HIGH","HIGH","MEDIUM","MEDIUM","true","false","false","UNKNOWN"
"EVT-IMCA-1922","TIER_B_INDUSTRY","BRONZE","HIGH","HIGH","MEDIUM","MEDIUM","true","false","false","UNKNOWN"
"EVT-IMCA-1923","TIER_B_INDUSTRY","BRONZE","HIGH","HIGH","MEDIUM","MEDIUM","true","false","false","UNKNOWN"
"EVT-IMCA-1924","TIER_B_INDUSTRY","BRONZE","HIGH","HIGH","MEDIUM","MEDIUM","true","true","false","DERIVED"
"EVT-IMCA-1925","TIER_B_INDUSTRY","BRONZE","HIGH","HIGH","MEDIUM","MEDIUM","true","false","false","UNKNOWN"
"EVT-IMCA-1926","TIER_B_INDUSTRY","BRONZE","HIGH","HIGH","MEDIUM","MEDIUM","true","false","false","UNKNOWN"
"EVT-IMCA-1927","TIER_B_INDUSTRY","BRONZE","HIGH","HIGH","MEDIUM","MEDIUM","true","true","false","DERIVED"
"EVT-IMCA-1928","TIER_B_INDUSTRY","BRONZE","HIGH","HIGH","MEDIUM","MEDIUM","true","true","false","DERIVED"
"EVT-IMCA-1929","TIER_B_INDUSTRY","BRONZE","HIGH","HIGH","MEDIUM","MEDIUM","true","false","false","UNKNOWN"
"EVT-IMCA-1930","TIER_B_INDUSTRY","BRONZE","HIGH","HIGH","MEDIUM","MEDIUM","true","false","false","UNKNOWN"
"EVT-IMCA-1931","TIER_B_INDUSTRY","BRONZE","HIGH","HIGH","MEDIUM","MEDIUM","true","false","false","UNKNOWN"
"EVT-IMCA-1932","TIER_B_INDUSTRY","BRONZE","HIGH","HIGH","MEDIUM","MEDIUM","true","false","false","UNKNOWN"
"EVT-IMCA-1933","TIER_B_INDUSTRY","BRONZE","HIGH","HIGH","MEDIUM","MEDIUM","true","false","false","UNKNOWN"
"EVT-IMCA-1934","TIER_B_INDUSTRY","SILVER","HIGH","HIGH","HIGH","HIGH","true","false","false","EXPLICIT"
"EVT-IMCA-1935","TIER_B_INDUSTRY","SILVER","HIGH","HIGH","HIGH","HIGH","true","false","false","EXPLICIT"
"EVT-IMCA-1936","TIER_B_INDUSTRY","BRONZE","HIGH","HIGH","MEDIUM","MEDIUM","true","false","true","UNKNOWN"
"EVT-IMCA-1937","TIER_B_INDUSTRY","SILVER","HIGH","HIGH","MEDIUM","HIGH","true","true","false","DERIVED"
"EVT-IMCA-1938","TIER_B_INDUSTRY","BRONZE","HIGH","HIGH","MEDIUM","MEDIUM","true","false","true","UNKNOWN"
"EVT-IMCA-1939","TIER_B_INDUSTRY","BRONZE","HIGH","HIGH","MEDIUM","MEDIUM","true","false","true","UNKNOWN"
"EVT-IMCA-1940","TIER_B_INDUSTRY","SILVER","HIGH","HIGH","MEDIUM","HIGH","true","true","false","DERIVED"
"EVT-IMCA-1941","TIER_B_INDUSTRY","SILVER","HIGH","HIGH","MEDIUM","HIGH","true","true","false","DERIVED"
"EVT-IMCA-1942","TIER_B_INDUSTRY","SILVER","HIGH","HIGH","MEDIUM","HIGH","true","true","false","DERIVED"
"EVT-IMCA-1943","TIER_B_INDUSTRY","SILVER","HIGH","HIGH","MEDIUM","HIGH","true","true","false","DERIVED"
"EVT-IMCA-1944","TIER_B_INDUSTRY","BRONZE","HIGH","HIGH","MEDIUM","MEDIUM","true","true","false","DERIVED"
"EVT-IMCA-1945","TIER_B_INDUSTRY","BRONZE","HIGH","HIGH","MEDIUM","MEDIUM","true","false","false","UNKNOWN"
"EVT-IMCA-1946","TIER_B_INDUSTRY","BRONZE","HIGH","HIGH","MEDIUM","MEDIUM","true","false","true","UNKNOWN"
"EVT-IMCA-1947","TIER_B_INDUSTRY","BRONZE","HIGH","HIGH","MEDIUM","MEDIUM","true","false","false","UNKNOWN"
"EVT-IMCA-1948","TIER_B_INDUSTRY","BRONZE","HIGH","HIGH","MEDIUM","MEDIUM","true","false","false","UNKNOWN"
"EVT-IMCA-1949","TIER_B_INDUSTRY","BRONZE","HIGH","HIGH","MEDIUM","MEDIUM","true","false","false","UNKNOWN"
"EVT-IMCA-1950","TIER_B_INDUSTRY","BRONZE","HIGH","HIGH","MEDIUM","MEDIUM","true","false","false","UNKNOWN"
"EVT-IMCA-1951","TIER_B_INDUSTRY","BRONZE","HIGH","HIGH","MEDIUM","MEDIUM","true","false","false","UNKNOWN"
"EVT-IMCA-1952","TIER_B_INDUSTRY","BRONZE","HIGH","HIGH","MEDIUM","MEDIUM","true","false","false","UNKNOWN"
"EVT-IMCA-1953","TIER_B_INDUSTRY","BRONZE","HIGH","HIGH","MEDIUM","MEDIUM","true","false","false","UNKNOWN"
"EVT-IMCA-1954","TIER_B_INDUSTRY","BRONZE","HIGH","HIGH","MEDIUM","MEDIUM","true","false","false","UNKNOWN"
"EVT-IMCA-1955","TIER_B_INDUSTRY","SILVER","HIGH","HIGH","MEDIUM","HIGH","true","true","false","DERIVED"
"EVT-IMCA-1956","TIER_B_INDUSTRY","SILVER","HIGH","HIGH","MEDIUM","HIGH","true","true","false","DERIVED"
"EVT-IMCA-1957","TIER_B_INDUSTRY","SILVER","HIGH","HIGH","MEDIUM","HIGH","true","true","false","DERIVED"
"EVT-IMCA-1958","TIER_B_INDUSTRY","BRONZE","HIGH","HIGH","MEDIUM","MEDIUM","true","false","false","UNKNOWN"
"EVT-IMCA-1959","TIER_B_INDUSTRY","SILVER","HIGH","HIGH","HIGH","HIGH","true","false","false","EXPLICIT"
"EVT-IMCA-1960","TIER_B_INDUSTRY","BRONZE","HIGH","HIGH","MEDIUM","MEDIUM","true","false","false","UNKNOWN"
"EVT-IMCA-1961","TIER_B_INDUSTRY","BRONZE","HIGH","HIGH","MEDIUM","MEDIUM","true","false","false","UNKNOWN"
"EVT-IMCA-1962","TIER_B_INDUSTRY","BRONZE","HIGH","HIGH","MEDIUM","MEDIUM","true","false","false","UNKNOWN"
"EVT-IMCA-1963","TIER_B_INDUSTRY","BRONZE","HIGH","HIGH","MEDIUM","MEDIUM","true","false","false","UNKNOWN"
"EVT-IMCA-1964","TIER_B_INDUSTRY","BRONZE","HIGH","HIGH","MEDIUM","MEDIUM","true","true","false","DERIVED"
"EVT-IMCA-1965","TIER_B_INDUSTRY","BRONZE","HIGH","HIGH","MEDIUM","MEDIUM","true","true","false","DERIVED"
"EVT-IMCA-1966","TIER_B_INDUSTRY","SILVER","HIGH","HIGH","MEDIUM","HIGH","true","true","true","DERIVED"
"EVT-IMCA-1967","TIER_B_INDUSTRY","BRONZE","HIGH","HIGH","HIGH","MEDIUM","true","true","false","EXPLICIT"
"EVT-IMCA-1968","TIER_B_INDUSTRY","SILVER","HIGH","HIGH","MEDIUM","HIGH","true","true","false","DERIVED"
"EVT-IMCA-1969","TIER_B_INDUSTRY","SILVER","HIGH","HIGH","MEDIUM","HIGH","true","true","false","DERIVED"
"EVT-IMCA-1970","TIER_B_INDUSTRY","SILVER","HIGH","HIGH","HIGH","HIGH","true","false","false","EXPLICIT"
"EVT-IMCA-1971","TIER_B_INDUSTRY","BRONZE","HIGH","HIGH","MEDIUM","MEDIUM","true","false","false","UNKNOWN"
"EVT-IMCA-1972","TIER_B_INDUSTRY","BRONZE","HIGH","HIGH","MEDIUM","MEDIUM","true","false","false","UNKNOWN"
"EVT-IMCA-1973","TIER_B_INDUSTRY","BRONZE","HIGH","HIGH","MEDIUM","MEDIUM","true","true","false","DERIVED"
"EVT-IMCA-1974","TIER_B_INDUSTRY","SILVER","HIGH","HIGH","MEDIUM","HIGH","true","true","false","DERIVED"
"EVT-IMCA-1975","TIER_B_INDUSTRY","SILVER","HIGH","HIGH","MEDIUM","HIGH","true","true","false","DERIVED"
"EVT-IMCA-1976","TIER_B_INDUSTRY","SILVER","HIGH","HIGH","MEDIUM","HIGH","true","true","false","DERIVED"
"EVT-IMCA-1977","TIER_B_INDUSTRY","BRONZE","HIGH","HIGH","MEDIUM","MEDIUM","true","false","false","UNKNOWN"
"EVT-IMCA-1978","TIER_B_INDUSTRY","BRONZE","HIGH","HIGH","MEDIUM","MEDIUM","true","false","true","UNKNOWN"
"EVT-IMCA-1979","TIER_B_INDUSTRY","BRONZE","HIGH","HIGH","MEDIUM","MEDIUM","true","false","false","UNKNOWN"
"EVT-IMCA-1980","TIER_B_INDUSTRY","SILVER","HIGH","HIGH","MEDIUM","HIGH","true","true","true","DERIVED"
"EVT-IMCA-1981","TIER_B_INDUSTRY","BRONZE","HIGH","HIGH","MEDIUM","MEDIUM","true","false","false","UNKNOWN"
"EVT-IMCA-1982","TIER_B_INDUSTRY","BRONZE","HIGH","HIGH","MEDIUM","MEDIUM","true","false","false","UNKNOWN"
"EVT-IMCA-1983","TIER_B_INDUSTRY","SILVER","HIGH","HIGH","MEDIUM","HIGH","true","true","false","DERIVED"
"EVT-IMCA-1984","TIER_B_INDUSTRY","BRONZE","HIGH","HIGH","MEDIUM","MEDIUM","true","false","false","UNKNOWN"
"EVT-IMCA-1985","TIER_B_INDUSTRY","SILVER","HIGH","HIGH","MEDIUM","HIGH","true","true","false","DERIVED"
"EVT-IMCA-1986","TIER_B_INDUSTRY","BRONZE","HIGH","HIGH","MEDIUM","MEDIUM","true","false","false","UNKNOWN"
"EVT-IMCA-1987","TIER_B_INDUSTRY","BRONZE","HIGH","HIGH","MEDIUM","MEDIUM","true","false","false","UNKNOWN"
"EVT-IMCA-1988","TIER_B_INDUSTRY","BRONZE","HIGH","HIGH","MEDIUM","MEDIUM","true","true","true","DERIVED"
"EVT-IMCA-1989","TIER_B_INDUSTRY","BRONZE","HIGH","HIGH","MEDIUM","MEDIUM","true","false","false","UNKNOWN"
"EVT-IMCA-1990","TIER_B_INDUSTRY","BRONZE","HIGH","HIGH","MEDIUM","MEDIUM","true","false","false","UNKNOWN"
"EVT-IMCA-1991","TIER_B_INDUSTRY","BRONZE","HIGH","HIGH","MEDIUM","MEDIUM","true","true","false","DERIVED"
"EVT-IMCA-1992","TIER_B_INDUSTRY","BRONZE","HIGH","HIGH","MEDIUM","MEDIUM","true","false","true","UNKNOWN"
"EVT-IMCA-1993","TIER_B_INDUSTRY","BRONZE","HIGH","HIGH","MEDIUM","MEDIUM","true","true","false","DERIVED"
"EVT-IMCA-1994","TIER_B_INDUSTRY","BRONZE","HIGH","HIGH","MEDIUM","MEDIUM","true","true","false","DERIVED"
"EVT-IMCA-1995","TIER_B_INDUSTRY","BRONZE","HIGH","HIGH","MEDIUM","MEDIUM","true","true","false","DERIVED"
"EVT-IMCA-1996","TIER_B_INDUSTRY","BRONZE","HIGH","HIGH","MEDIUM","MEDIUM","true","true","false","DERIVED"
"EVT-IMCA-1997","TIER_B_INDUSTRY","BRONZE","HIGH","HIGH","MEDIUM","MEDIUM","true","false","false","UNKNOWN"
"EVT-IMCA-1998","TIER_B_INDUSTRY","BRONZE","HIGH","HIGH","MEDIUM","MEDIUM","true","true","false","DERIVED"
"EVT-IMCA-1999","TIER_B_INDUSTRY","BRONZE","HIGH","HIGH","MEDIUM","MEDIUM","true","false","false","UNKNOWN"
"EVT-IMCA-2000","TIER_B_INDUSTRY","BRONZE","HIGH","HIGH","MEDIUM","MEDIUM","true","true","false","DERIVED"
"EVT-IMCA-2001","TIER_B_INDUSTRY","BRONZE","HIGH","HIGH","MEDIUM","MEDIUM","true","true","false","DERIVED"
"EVT-IMCA-2002","TIER_B_INDUSTRY","BRONZE","HIGH","HIGH","MEDIUM","MEDIUM","true","false","false","UNKNOWN"
"EVT-IMCA-2003","TIER_B_INDUSTRY","BRONZE","HIGH","HIGH","MEDIUM","MEDIUM","true","true","false","DERIVED"
"EVT-IMCA-2004","TIER_B_INDUSTRY","BRONZE","HIGH","HIGH","MEDIUM","MEDIUM","true","true","true","DERIVED"
"EVT-IMCA-2005","TIER_B_INDUSTRY","BRONZE","HIGH","HIGH","MEDIUM","MEDIUM","true","false","false","UNKNOWN"
"EVT-IMCA-2006","TIER_B_INDUSTRY","BRONZE","HIGH","HIGH","MEDIUM","MEDIUM","true","false","false","UNKNOWN"
"EVT-IMCA-2007","TIER_B_INDUSTRY","BRONZE","HIGH","HIGH","MEDIUM","MEDIUM","true","false","false","UNKNOWN"
"EVT-IMCA-2008","TIER_B_INDUSTRY","BRONZE","HIGH","HIGH","MEDIUM","MEDIUM","true","false","false","UNKNOWN"
"EVT-IMCA-2009","TIER_B_INDUSTRY","BRONZE","HIGH","HIGH","MEDIUM","MEDIUM","true","true","false","DERIVED"
"EVT-IMCA-2010","TIER_B_INDUSTRY","BRONZE","HIGH","HIGH","MEDIUM","MEDIUM","true","true","false","DERIVED"
"EVT-IMCA-2011","TIER_B_INDUSTRY","BRONZE","HIGH","HIGH","MEDIUM","MEDIUM","true","false","false","UNKNOWN"
"EVT-IMCA-2012","TIER_B_INDUSTRY","BRONZE","HIGH","HIGH","MEDIUM","MEDIUM","true","false","false","UNKNOWN"
"EVT-IMCA-2013","TIER_B_INDUSTRY","BRONZE","HIGH","HIGH","MEDIUM","MEDIUM","true","false","false","UNKNOWN"
"EVT-IMCA-2014","TIER_B_INDUSTRY","BRONZE","HIGH","HIGH","MEDIUM","MEDIUM","true","true","false","DERIVED"
"EVT-IMCA-2015","TIER_B_INDUSTRY","BRONZE","HIGH","HIGH","MEDIUM","MEDIUM","true","false","false","UNKNOWN"
"EVT-IMCA-2016","TIER_B_INDUSTRY","BRONZE","HIGH","HIGH","MEDIUM","MEDIUM","true","false","false","UNKNOWN"
"EVT-IMCA-2017","TIER_B_INDUSTRY","BRONZE","HIGH","HIGH","MEDIUM","MEDIUM","true","false","false","UNKNOWN"
"EVT-IMCA-2018","TIER_B_INDUSTRY","BRONZE","HIGH","HIGH","MEDIUM","MEDIUM","true","true","false","DERIVED"
"EVT-IMCA-2019","TIER_B_INDUSTRY","BRONZE","HIGH","HIGH","MEDIUM","MEDIUM","true","false","false","UNKNOWN"
"EVT-IMCA-2020","TIER_B_INDUSTRY","BRONZE","HIGH","HIGH","MEDIUM","MEDIUM","true","false","false","UNKNOWN"
"EVT-IMCA-2021","TIER_B_INDUSTRY","BRONZE","HIGH","HIGH","MEDIUM","MEDIUM","true","false","false","UNKNOWN"
"EVT-IMCA-2022","TIER_B_INDUSTRY","BRONZE","HIGH","HIGH","MEDIUM","MEDIUM","true","true","false","DERIVED"
"EVT-IMCA-2023","TIER_B_INDUSTRY","BRONZE","HIGH","HIGH","MEDIUM","MEDIUM","true","false","false","UNKNOWN"
"EVT-IMCA-2024","TIER_B_INDUSTRY","BRONZE","HIGH","HIGH","MEDIUM","MEDIUM","true","true","false","UNKNOWN"
"EVT-IMCA-2025","TIER_B_INDUSTRY","BRONZE","HIGH","HIGH","MEDIUM","MEDIUM","true","false","false","UNKNOWN"
"EVT-IMCA-2026","TIER_B_INDUSTRY","BRONZE","HIGH","HIGH","MEDIUM","MEDIUM","true","false","false","UNKNOWN"
"EVT-IMCA-2027","TIER_B_INDUSTRY","BRONZE","HIGH","HIGH","MEDIUM","MEDIUM","true","true","false","DERIVED"
"EVT-IMCA-2028","TIER_B_INDUSTRY","BRONZE","HIGH","HIGH","MEDIUM","MEDIUM","true","false","false","UNKNOWN"
"EVT-IMCA-2029","TIER_B_INDUSTRY","BRONZE","HIGH","HIGH","MEDIUM","MEDIUM","true","false","false","UNKNOWN"
"EVT-IMCA-2030","TIER_B_INDUSTRY","BRONZE","HIGH","HIGH","MEDIUM","MEDIUM","true","false","false","UNKNOWN"
"EVT-IMCA-2031","TIER_B_INDUSTRY","BRONZE","HIGH","HIGH","MEDIUM","MEDIUM","true","false","false","UNKNOWN"
"EVT-IMCA-2032","TIER_B_INDUSTRY","BRONZE","HIGH","HIGH","MEDIUM","MEDIUM","true","false","false","UNKNOWN"
"EVT-IMCA-2033","TIER_B_INDUSTRY","BRONZE","HIGH","HIGH","MEDIUM","MEDIUM","true","true","false","DERIVED"
"EVT-IMCA-2034","TIER_B_INDUSTRY","BRONZE","HIGH","HIGH","MEDIUM","MEDIUM","true","false","false","UNKNOWN"
"EVT-IMCA-2035","TIER_B_INDUSTRY","SILVER","HIGH","HIGH","MEDIUM","HIGH","true","true","false","DERIVED"
"EVT-IMCA-2036","TIER_B_INDUSTRY","BRONZE","HIGH","HIGH","MEDIUM","MEDIUM","true","false","false","UNKNOWN"
"EVT-IMCA-2037","TIER_B_INDUSTRY","BRONZE","HIGH","HIGH","MEDIUM","MEDIUM","true","false","false","UNKNOWN"
"EVT-IMCA-2038","TIER_B_INDUSTRY","SILVER","HIGH","HIGH","MEDIUM","HIGH","true","true","false","DERIVED"
"EVT-IMCA-2039","TIER_B_INDUSTRY","BRONZE","HIGH","HIGH","MEDIUM","MEDIUM","true","false","false","UNKNOWN"
"EVT-IMCA-2040","TIER_B_INDUSTRY","SILVER","HIGH","HIGH","MEDIUM","HIGH","true","true","true","DERIVED"
"EVT-IMCA-2041","TIER_B_INDUSTRY","SILVER","HIGH","HIGH","MEDIUM","HIGH","true","true","false","DERIVED"
"EVT-IMCA-2042","TIER_B_INDUSTRY","SILVER","HIGH","HIGH","MEDIUM","HIGH","true","true","false","DERIVED"
"EVT-IMCA-2043","TIER_B_INDUSTRY","BRONZE","HIGH","HIGH","MEDIUM","MEDIUM","true","false","false","UNKNOWN"
"EVT-IMCA-2044","TIER_B_INDUSTRY","BRONZE","HIGH","HIGH","MEDIUM","MEDIUM","true","true","true","DERIVED"
"EVT-IMCA-2045","TIER_B_INDUSTRY","BRONZE","HIGH","HIGH","MEDIUM","MEDIUM","true","false","false","UNKNOWN"
"EVT-IMCA-2046","TIER_B_INDUSTRY","BRONZE","HIGH","HIGH","MEDIUM","MEDIUM","true","false","false","UNKNOWN"
"EVT-IMCA-2047","TIER_B_INDUSTRY","BRONZE","HIGH","HIGH","MEDIUM","MEDIUM","true","false","false","UNKNOWN"
"EVT-IMCA-2048","TIER_B_INDUSTRY","SILVER","HIGH","HIGH","MEDIUM","HIGH","true","true","false","DERIVED"
"EVT-IMCA-2049","TIER_B_INDUSTRY","BRONZE","HIGH","HIGH","MEDIUM","MEDIUM","true","false","false","UNKNOWN"
"EVT-IMCA-2050","TIER_B_INDUSTRY","BRONZE","HIGH","HIGH","MEDIUM","MEDIUM","true","false","false","UNKNOWN"
"EVT-IMCA-2051","TIER_B_INDUSTRY","BRONZE","HIGH","HIGH","MEDIUM","MEDIUM","true","false","false","UNKNOWN"
"EVT-IMCA-2052","TIER_B_INDUSTRY","SILVER","HIGH","HIGH","MEDIUM","HIGH","true","true","false","DERIVED"
"EVT-IMCA-2053","TIER_B_INDUSTRY","BRONZE","HIGH","HIGH","MEDIUM","MEDIUM","true","false","false","UNKNOWN"
"EVT-IMCA-2054","TIER_B_INDUSTRY","BRONZE","HIGH","HIGH","MEDIUM","MEDIUM","true","false","false","UNKNOWN"
"EVT-IMCA-2055","TIER_B_INDUSTRY","BRONZE","HIGH","HIGH","MEDIUM","MEDIUM","true","false","false","UNKNOWN"
"EVT-IMCA-2056","TIER_B_INDUSTRY","SILVER","HIGH","HIGH","MEDIUM","HIGH","true","true","false","DERIVED"
"EVT-IMCA-2057","TIER_B_INDUSTRY","SILVER","HIGH","HIGH","MEDIUM","HIGH","true","true","false","DERIVED"
"EVT-IMCA-2058","TIER_B_INDUSTRY","BRONZE","HIGH","HIGH","MEDIUM","MEDIUM","true","false","false","UNKNOWN"
"EVT-IMCA-2059","TIER_B_INDUSTRY","BRONZE","HIGH","HIGH","MEDIUM","MEDIUM","true","false","false","UNKNOWN"
"EVT-IMCA-2060","TIER_B_INDUSTRY","BRONZE","HIGH","HIGH","MEDIUM","MEDIUM","true","true","false","DERIVED"
"EVT-IMCA-2061","TIER_B_INDUSTRY","BRONZE","HIGH","HIGH","MEDIUM","MEDIUM","true","false","false","UNKNOWN"
"EVT-IMCA-2062","TIER_B_INDUSTRY","BRONZE","HIGH","HIGH","MEDIUM","MEDIUM","true","false","false","UNKNOWN"
"EVT-IMCA-2063","TIER_B_INDUSTRY","BRONZE","HIGH","HIGH","MEDIUM","MEDIUM","true","true","false","DERIVED"
"EVT-IMCA-2064","TIER_B_INDUSTRY","BRONZE","HIGH","HIGH","MEDIUM","MEDIUM","true","false","false","UNKNOWN"
"EVT-IMCA-2065","TIER_B_INDUSTRY","BRONZE","HIGH","HIGH","MEDIUM","MEDIUM","true","true","false","DERIVED"
"EVT-IMCA-2066","TIER_B_INDUSTRY","BRONZE","HIGH","HIGH","MEDIUM","MEDIUM","true","true","false","DERIVED"
"EVT-IMCA-2067","TIER_B_INDUSTRY","BRONZE","HIGH","HIGH","MEDIUM","MEDIUM","true","true","false","DERIVED"
"EVT-IMCA-2068","TIER_B_INDUSTRY","BRONZE","HIGH","HIGH","MEDIUM","MEDIUM","true","true","false","DERIVED"
"EVT-IMCA-2069","TIER_B_INDUSTRY","BRONZE","HIGH","HIGH","MEDIUM","MEDIUM","true","false","true","UNKNOWN"
"EVT-IMCA-2070","TIER_B_INDUSTRY","BRONZE","HIGH","HIGH","MEDIUM","MEDIUM","true","false","false","UNKNOWN"
"EVT-IMCA-2071","TIER_B_INDUSTRY","BRONZE","HIGH","HIGH","MEDIUM","MEDIUM","true","false","false","UNKNOWN"
"EVT-IMCA-2072","TIER_B_INDUSTRY","BRONZE","HIGH","HIGH","MEDIUM","MEDIUM","true","false","false","UNKNOWN"
"EVT-IMCA-2073","TIER_B_INDUSTRY","BRONZE","HIGH","HIGH","MEDIUM","MEDIUM","true","false","false","UNKNOWN"
"EVT-IMCA-2074","TIER_B_INDUSTRY","BRONZE","HIGH","HIGH","MEDIUM","MEDIUM","true","true","false","DERIVED"
"EVT-IMCA-2075","TIER_B_INDUSTRY","BRONZE","HIGH","HIGH","MEDIUM","MEDIUM","true","true","false","DERIVED"
"EVT-IMCA-2076","TIER_B_INDUSTRY","BRONZE","HIGH","HIGH","MEDIUM","MEDIUM","true","true","false","DERIVED"
"EVT-IMCA-2077","TIER_B_INDUSTRY","BRONZE","HIGH","HIGH","MEDIUM","MEDIUM","true","true","false","DERIVED"
"EVT-IMCA-2078","TIER_B_INDUSTRY","BRONZE","HIGH","HIGH","MEDIUM","MEDIUM","true","true","false","DERIVED"
"EVT-IMCA-2079","TIER_B_INDUSTRY","BRONZE","HIGH","HIGH","MEDIUM","MEDIUM","true","false","false","UNKNOWN"
"EVT-IMCA-2080","TIER_B_INDUSTRY","BRONZE","HIGH","HIGH","MEDIUM","MEDIUM","true","false","false","UNKNOWN"
"EVT-IMCA-2081","TIER_B_INDUSTRY","BRONZE","HIGH","HIGH","MEDIUM","MEDIUM","true","false","false","UNKNOWN"
"EVT-IMCA-2082","TIER_B_INDUSTRY","BRONZE","HIGH","HIGH","MEDIUM","MEDIUM","true","false","false","UNKNOWN"
"EVT-IMCA-2083","TIER_B_INDUSTRY","BRONZE","HIGH","HIGH","MEDIUM","MEDIUM","true","false","false","UNKNOWN"
"EVT-IMCA-2084","TIER_B_INDUSTRY","BRONZE","HIGH","HIGH","MEDIUM","MEDIUM","true","true","false","DERIVED"
"EVT-IMCA-2085","TIER_B_INDUSTRY","BRONZE","HIGH","HIGH","MEDIUM","MEDIUM","true","false","false","UNKNOWN"
"EVT-IMCA-2086","TIER_B_INDUSTRY","BRONZE","HIGH","HIGH","MEDIUM","MEDIUM","true","false","false","UNKNOWN"
"EVT-IMCA-2088","TIER_B_INDUSTRY","BRONZE","HIGH","HIGH","MEDIUM","MEDIUM","true","false","false","UNKNOWN"
"EVT-IMCA-2089","TIER_B_INDUSTRY","BRONZE","HIGH","HIGH","MEDIUM","MEDIUM","true","true","false","DERIVED"
"EVT-IMCA-2090","TIER_B_INDUSTRY","BRONZE","HIGH","HIGH","MEDIUM","MEDIUM","true","true","false","DERIVED"
"EVT-IMCA-2091","TIER_B_INDUSTRY","BRONZE","HIGH","HIGH","MEDIUM","MEDIUM","true","false","false","UNKNOWN"
"EVT-IMCA-2092","TIER_B_INDUSTRY","BRONZE","HIGH","HIGH","MEDIUM","MEDIUM","true","true","false","DERIVED"
"EVT-IMCA-2093","TIER_B_INDUSTRY","BRONZE","HIGH","HIGH","MEDIUM","MEDIUM","true","false","false","UNKNOWN"
"EVT-IMCA-2094","TIER_B_INDUSTRY","BRONZE","HIGH","HIGH","MEDIUM","MEDIUM","true","true","false","DERIVED"
"EVT-IMCA-2095","TIER_B_INDUSTRY","BRONZE","HIGH","HIGH","MEDIUM","MEDIUM","true","true","false","DERIVED"
"EVT-IMCA-2096","TIER_B_INDUSTRY","SILVER","HIGH","HIGH","MEDIUM","HIGH","true","true","false","DERIVED"
"EVT-IMCA-2097","TIER_B_INDUSTRY","BRONZE","HIGH","HIGH","MEDIUM","MEDIUM","true","false","false","UNKNOWN"
"EVT-IMCA-2098","TIER_B_INDUSTRY","BRONZE","HIGH","HIGH","MEDIUM","MEDIUM","true","false","false","UNKNOWN"
"EVT-IMCA-2099","TIER_B_INDUSTRY","BRONZE","HIGH","HIGH","MEDIUM","MEDIUM","true","false","false","UNKNOWN"
"EVT-IMCA-2100","TIER_B_INDUSTRY","SILVER","HIGH","HIGH","MEDIUM","HIGH","true","true","false","DERIVED"
"EVT-IMCA-2101","TIER_B_INDUSTRY","SILVER","HIGH","HIGH","MEDIUM","HIGH","true","true","false","DERIVED"
"EVT-IMCA-2102","TIER_B_INDUSTRY","BRONZE","HIGH","HIGH","MEDIUM","MEDIUM","true","true","false","DERIVED"
"EVT-IMCA-2103","TIER_B_INDUSTRY","BRONZE","HIGH","HIGH","MEDIUM","MEDIUM","true","true","false","DERIVED"
"EVT-IMCA-2104","TIER_B_INDUSTRY","BRONZE","HIGH","HIGH","MEDIUM","MEDIUM","true","true","false","DERIVED"
"EVT-IMCA-2105","TIER_B_INDUSTRY","SILVER","HIGH","HIGH","MEDIUM","HIGH","true","true","false","DERIVED"
"EVT-IMCA-2106","TIER_B_INDUSTRY","SILVER","HIGH","HIGH","MEDIUM","HIGH","true","true","false","DERIVED"
"EVT-IMCA-2107","TIER_B_INDUSTRY","SILVER","HIGH","HIGH","MEDIUM","HIGH","true","true","true","DERIVED"
"EVT-IMCA-2108","TIER_B_INDUSTRY","BRONZE","HIGH","HIGH","MEDIUM","MEDIUM","true","false","false","UNKNOWN"
"EVT-IMCA-2109","TIER_B_INDUSTRY","BRONZE","HIGH","HIGH","MEDIUM","MEDIUM","true","false","false","UNKNOWN"
"EVT-IMCA-2110","TIER_B_INDUSTRY","BRONZE","HIGH","HIGH","MEDIUM","MEDIUM","true","false","false","UNKNOWN"
"EVT-IMCA-2111","TIER_B_INDUSTRY","SILVER","HIGH","HIGH","MEDIUM","HIGH","true","true","false","DERIVED"
"EVT-IMCA-2112","TIER_B_INDUSTRY","BRONZE","HIGH","HIGH","MEDIUM","MEDIUM","true","false","false","UNKNOWN"
"EVT-IMCA-2113","TIER_B_INDUSTRY","SILVER","HIGH","HIGH","MEDIUM","HIGH","true","true","false","DERIVED"
"EVT-IMCA-2114","TIER_B_INDUSTRY","BRONZE","HIGH","HIGH","MEDIUM","MEDIUM","true","false","false","UNKNOWN"
"EVT-IMCA-2115","TIER_B_INDUSTRY","BRONZE","HIGH","HIGH","MEDIUM","MEDIUM","true","false","false","UNKNOWN"
"EVT-IMCA-2116","TIER_B_INDUSTRY","BRONZE","HIGH","HIGH","MEDIUM","MEDIUM","true","false","true","UNKNOWN"
"EVT-IMCA-2117","TIER_B_INDUSTRY","BRONZE","HIGH","HIGH","MEDIUM","MEDIUM","true","false","false","UNKNOWN"
"EVT-IMCA-2118","TIER_B_INDUSTRY","BRONZE","HIGH","HIGH","MEDIUM","MEDIUM","true","true","false","DERIVED"
"EVT-IMCA-2119","TIER_B_INDUSTRY","BRONZE","HIGH","HIGH","MEDIUM","MEDIUM","true","false","false","UNKNOWN"
"EVT-IMCA-2120","TIER_B_INDUSTRY","SILVER","HIGH","HIGH","MEDIUM","HIGH","true","true","true","DERIVED"
"EVT-IMCA-2121","TIER_B_INDUSTRY","BRONZE","HIGH","HIGH","MEDIUM","MEDIUM","true","true","false","DERIVED"
"EVT-IMCA-2122","TIER_B_INDUSTRY","BRONZE","HIGH","HIGH","MEDIUM","MEDIUM","true","false","false","UNKNOWN"
"EVT-IMCA-2123","TIER_B_INDUSTRY","BRONZE","HIGH","HIGH","MEDIUM","MEDIUM","true","false","false","UNKNOWN"
"EVT-IMCA-2124","TIER_B_INDUSTRY","BRONZE","HIGH","HIGH","MEDIUM","MEDIUM","true","false","false","UNKNOWN"
"EVT-IMCA-2125","TIER_B_INDUSTRY","SILVER","HIGH","HIGH","MEDIUM","HIGH","true","true","false","DERIVED"
"EVT-IMCA-2126","TIER_B_INDUSTRY","SILVER","HIGH","HIGH","MEDIUM","HIGH","true","true","false","DERIVED"
"EVT-IMCA-2127","TIER_B_INDUSTRY","SILVER","HIGH","HIGH","MEDIUM","HIGH","true","true","false","DERIVED"
"EVT-IMCA-2128","TIER_B_INDUSTRY","BRONZE","HIGH","HIGH","MEDIUM","MEDIUM","true","false","false","UNKNOWN"
"EVT-IMCA-2129","TIER_B_INDUSTRY","SILVER","HIGH","HIGH","MEDIUM","HIGH","true","true","false","DERIVED"
"EVT-IMCA-2130","TIER_B_INDUSTRY","BRONZE","HIGH","HIGH","MEDIUM","MEDIUM","true","false","false","UNKNOWN"
"EVT-IMCA-2131","TIER_B_INDUSTRY","BRONZE","HIGH","HIGH","MEDIUM","MEDIUM","true","true","false","DERIVED"
"EVT-IMCA-2132","TIER_B_INDUSTRY","BRONZE","HIGH","HIGH","MEDIUM","MEDIUM","true","true","false","DERIVED"
"EVT-IMCA-2133","TIER_B_INDUSTRY","BRONZE","HIGH","HIGH","MEDIUM","MEDIUM","true","false","false","UNKNOWN"
"EVT-IMCA-2134","TIER_B_INDUSTRY","BRONZE","HIGH","HIGH","MEDIUM","MEDIUM","true","false","true","UNKNOWN"
"EVT-IMCA-2135","TIER_B_INDUSTRY","SILVER","HIGH","HIGH","MEDIUM","HIGH","true","true","false","DERIVED"
"EVT-IMCA-2136","TIER_B_INDUSTRY","SILVER","HIGH","HIGH","HIGH","HIGH","true","false","false","EXPLICIT"
"EVT-IMCA-2137","TIER_B_INDUSTRY","SILVER","HIGH","HIGH","MEDIUM","HIGH","true","true","false","DERIVED"
"EVT-IMCA-2138","TIER_B_INDUSTRY","BRONZE","HIGH","HIGH","MEDIUM","MEDIUM","true","false","false","UNKNOWN"
"EVT-IMCA-2139","TIER_B_INDUSTRY","SILVER","HIGH","HIGH","MEDIUM","HIGH","true","true","false","DERIVED"
"EVT-IMCA-2140","TIER_B_INDUSTRY","SILVER","HIGH","HIGH","MEDIUM","HIGH","true","true","false","DERIVED"
"EVT-IMCA-2141","TIER_B_INDUSTRY","SILVER","HIGH","HIGH","MEDIUM","HIGH","true","true","false","DERIVED"
"EVT-IMCA-2142","TIER_B_INDUSTRY","SILVER","HIGH","HIGH","MEDIUM","HIGH","true","true","false","DERIVED"
"EVT-IMCA-2143","TIER_B_INDUSTRY","SILVER","HIGH","HIGH","MEDIUM","HIGH","true","true","false","DERIVED"
"EVT-IMCA-2144","TIER_B_INDUSTRY","SILVER","HIGH","HIGH","MEDIUM","HIGH","true","true","false","DERIVED"
"EVT-IMCA-2145","TIER_B_INDUSTRY","BRONZE","HIGH","HIGH","MEDIUM","MEDIUM","true","true","false","DERIVED"
"EVT-IMCA-2146","TIER_B_INDUSTRY","BRONZE","HIGH","HIGH","MEDIUM","MEDIUM","true","false","false","UNKNOWN"
"EVT-IMCA-2147","TIER_B_INDUSTRY","BRONZE","HIGH","HIGH","MEDIUM","MEDIUM","true","true","false","DERIVED"
"EVT-IMCA-2148","TIER_B_INDUSTRY","BRONZE","HIGH","HIGH","MEDIUM","MEDIUM","true","false","false","UNKNOWN"
"EVT-IMCA-2149","TIER_B_INDUSTRY","BRONZE","HIGH","HIGH","MEDIUM","MEDIUM","true","false","false","UNKNOWN"
"EVT-IMCA-2150","TIER_B_INDUSTRY","BRONZE","HIGH","HIGH","MEDIUM","MEDIUM","true","false","false","UNKNOWN"
"EVT-IMCA-2151","TIER_B_INDUSTRY","BRONZE","HIGH","HIGH","MEDIUM","MEDIUM","true","false","false","UNKNOWN"
"EVT-IMCA-2152","TIER_B_INDUSTRY","BRONZE","HIGH","HIGH","MEDIUM","MEDIUM","true","false","false","UNKNOWN"
"EVT-IMCA-2153","TIER_B_INDUSTRY","BRONZE","HIGH","HIGH","MEDIUM","MEDIUM","true","false","false","UNKNOWN"
"EVT-IMCA-2154","TIER_B_INDUSTRY","BRONZE","HIGH","HIGH","MEDIUM","MEDIUM","true","false","false","UNKNOWN"
"EVT-IMCA-2155","TIER_B_INDUSTRY","BRONZE","HIGH","HIGH","MEDIUM","MEDIUM","true","false","true","UNKNOWN"
"EVT-IMCA-2156","TIER_B_INDUSTRY","BRONZE","HIGH","HIGH","MEDIUM","MEDIUM","true","false","false","UNKNOWN"
"EVT-IMCA-2157","TIER_B_INDUSTRY","BRONZE","HIGH","HIGH","MEDIUM","MEDIUM","true","false","false","UNKNOWN"
"EVT-IMCA-2158","TIER_B_INDUSTRY","BRONZE","HIGH","HIGH","MEDIUM","MEDIUM","true","false","false","UNKNOWN"
"EVT-IMCA-2159","TIER_B_INDUSTRY","BRONZE","HIGH","HIGH","MEDIUM","MEDIUM","true","true","false","DERIVED"
"EVT-IMCA-2160","TIER_B_INDUSTRY","BRONZE","HIGH","HIGH","MEDIUM","MEDIUM","true","false","false","UNKNOWN"
"EVT-IMCA-2161","TIER_B_INDUSTRY","BRONZE","HIGH","HIGH","MEDIUM","MEDIUM","true","false","false","UNKNOWN"
"EVT-IMCA-2162","TIER_B_INDUSTRY","BRONZE","HIGH","HIGH","MEDIUM","MEDIUM","true","false","false","UNKNOWN"
"EVT-IMCA-2163","TIER_B_INDUSTRY","BRONZE","HIGH","HIGH","MEDIUM","MEDIUM","true","false","false","UNKNOWN"
"EVT-IMCA-2164","TIER_B_INDUSTRY","BRONZE","HIGH","HIGH","MEDIUM","MEDIUM","true","true","false","DERIVED"
"EVT-IMCA-2165","TIER_B_INDUSTRY","BRONZE","HIGH","HIGH","MEDIUM","MEDIUM","true","false","false","UNKNOWN"
"EVT-IMCA-2166","TIER_B_INDUSTRY","BRONZE","HIGH","HIGH","MEDIUM","MEDIUM","true","true","false","DERIVED"
"EVT-IMCA-2167","TIER_B_INDUSTRY","BRONZE","HIGH","HIGH","MEDIUM","MEDIUM","true","false","false","UNKNOWN"
"EVT-IMCA-2168","TIER_B_INDUSTRY","BRONZE","HIGH","HIGH","MEDIUM","MEDIUM","true","false","false","UNKNOWN"
"EVT-IMCA-2169","TIER_B_INDUSTRY","BRONZE","HIGH","HIGH","MEDIUM","MEDIUM","true","false","false","UNKNOWN"
"EVT-IMCA-2170","TIER_B_INDUSTRY","BRONZE","HIGH","HIGH","MEDIUM","MEDIUM","true","false","false","UNKNOWN"
"EVT-IMCA-2171","TIER_B_INDUSTRY","BRONZE","HIGH","HIGH","MEDIUM","MEDIUM","true","false","false","UNKNOWN"
"EVT-IMCA-2172","TIER_B_INDUSTRY","BRONZE","HIGH","HIGH","MEDIUM","MEDIUM","true","false","false","UNKNOWN"
"EVT-IMCA-2173","TIER_B_INDUSTRY","BRONZE","HIGH","HIGH","MEDIUM","MEDIUM","true","false","false","UNKNOWN"
"EVT-IMCA-2174","TIER_B_INDUSTRY","BRONZE","HIGH","HIGH","MEDIUM","MEDIUM","true","false","false","UNKNOWN"
"EVT-IMCA-2175","TIER_B_INDUSTRY","BRONZE","HIGH","HIGH","MEDIUM","MEDIUM","true","true","false","DERIVED"
"EVT-IMCA-2176","TIER_B_INDUSTRY","BRONZE","HIGH","HIGH","MEDIUM","MEDIUM","true","false","false","UNKNOWN"
"EVT-IMCA-2177","TIER_B_INDUSTRY","BRONZE","HIGH","HIGH","MEDIUM","MEDIUM","true","false","false","UNKNOWN"
"EVT-IMCA-2178","TIER_B_INDUSTRY","BRONZE","HIGH","HIGH","MEDIUM","MEDIUM","true","false","false","UNKNOWN"
"EVT-IMCA-2179","TIER_B_INDUSTRY","BRONZE","HIGH","HIGH","MEDIUM","MEDIUM","true","false","false","UNKNOWN"
"EVT-IMCA-2180","TIER_B_INDUSTRY","BRONZE","HIGH","HIGH","MEDIUM","MEDIUM","true","false","false","UNKNOWN"
"EVT-IMCA-2181","TIER_B_INDUSTRY","BRONZE","HIGH","HIGH","MEDIUM","MEDIUM","true","false","false","UNKNOWN"
"EVT-IMCA-2182","TIER_B_INDUSTRY","BRONZE","HIGH","HIGH","MEDIUM","MEDIUM","true","true","false","DERIVED"
"EVT-IMCA-2183","TIER_B_INDUSTRY","BRONZE","HIGH","HIGH","MEDIUM","MEDIUM","true","false","false","UNKNOWN"
"EVT-IMCA-2184","TIER_B_INDUSTRY","BRONZE","HIGH","HIGH","MEDIUM","MEDIUM","true","false","false","UNKNOWN"
"EVT-IMCA-2185","TIER_B_INDUSTRY","BRONZE","HIGH","HIGH","MEDIUM","MEDIUM","true","true","false","DERIVED"
"EVT-IMCA-2186","TIER_B_INDUSTRY","BRONZE","HIGH","HIGH","MEDIUM","MEDIUM","true","true","false","DERIVED"
"EVT-IMCA-2187","TIER_B_INDUSTRY","BRONZE","HIGH","HIGH","MEDIUM","MEDIUM","true","false","false","UNKNOWN"
"EVT-IMCA-2188","TIER_B_INDUSTRY","BRONZE","HIGH","HIGH","MEDIUM","MEDIUM","true","false","true","UNKNOWN"
"EVT-IMCA-2189","TIER_B_INDUSTRY","BRONZE","HIGH","HIGH","MEDIUM","MEDIUM","true","true","true","DERIVED"
"EVT-IMCA-2190","TIER_B_INDUSTRY","BRONZE","HIGH","HIGH","MEDIUM","MEDIUM","true","false","false","UNKNOWN"
"EVT-IMCA-2191","TIER_B_INDUSTRY","BRONZE","HIGH","HIGH","MEDIUM","MEDIUM","true","true","false","DERIVED"
"EVT-IMCA-2192","TIER_B_INDUSTRY","BRONZE","HIGH","HIGH","MEDIUM","MEDIUM","true","true","false","DERIVED"
"EVT-IMCA-2193","TIER_B_INDUSTRY","BRONZE","HIGH","HIGH","MEDIUM","MEDIUM","true","true","false","DERIVED"
"EVT-IMCA-2194","TIER_B_INDUSTRY","BRONZE","HIGH","HIGH","MEDIUM","MEDIUM","true","false","false","UNKNOWN"
"EVT-IMCA-2195","TIER_B_INDUSTRY","BRONZE","HIGH","HIGH","MEDIUM","MEDIUM","true","false","false","UNKNOWN"
"EVT-IMCA-2196","TIER_B_INDUSTRY","BRONZE","HIGH","HIGH","MEDIUM","MEDIUM","true","false","false","UNKNOWN"
"EVT-IMCA-2197","TIER_B_INDUSTRY","BRONZE","HIGH","HIGH","MEDIUM","MEDIUM","true","false","false","UNKNOWN"
"EVT-IMCA-2198","TIER_B_INDUSTRY","BRONZE","HIGH","HIGH","MEDIUM","MEDIUM","true","false","false","UNKNOWN"
"EVT-IMCA-2199","TIER_B_INDUSTRY","BRONZE","HIGH","HIGH","MEDIUM","MEDIUM","true","false","false","UNKNOWN"
"EVT-IMCA-2200","TIER_B_INDUSTRY","BRONZE","HIGH","HIGH","MEDIUM","MEDIUM","true","true","false","DERIVED"
"EVT-IMCA-2201","TIER_B_INDUSTRY","BRONZE","HIGH","HIGH","MEDIUM","MEDIUM","true","false","false","UNKNOWN"
"EVT-IMCA-2202","TIER_B_INDUSTRY","BRONZE","HIGH","HIGH","MEDIUM","MEDIUM","true","false","false","UNKNOWN"
"EVT-IMCA-2203","TIER_B_INDUSTRY","BRONZE","HIGH","HIGH","MEDIUM","MEDIUM","true","false","false","UNKNOWN"
"EVT-IMCA-2204","TIER_B_INDUSTRY","BRONZE","HIGH","HIGH","MEDIUM","MEDIUM","true","true","false","DERIVED"
"EVT-IMCA-2205","TIER_B_INDUSTRY","BRONZE","HIGH","HIGH","MEDIUM","MEDIUM","true","true","false","DERIVED"
"EVT-IMCA-2206","TIER_B_INDUSTRY","BRONZE","HIGH","HIGH","MEDIUM","MEDIUM","true","false","false","UNKNOWN"
"EVT-IMCA-2207","TIER_B_INDUSTRY","BRONZE","HIGH","HIGH","MEDIUM","MEDIUM","true","true","false","DERIVED"
"EVT-IMCA-2208","TIER_B_INDUSTRY","BRONZE","HIGH","HIGH","MEDIUM","MEDIUM","true","false","true","UNKNOWN"
"EVT-IMCA-2209","TIER_B_INDUSTRY","BRONZE","HIGH","HIGH","MEDIUM","MEDIUM","true","false","false","UNKNOWN"
"EVT-IMCA-2210","TIER_B_INDUSTRY","BRONZE","HIGH","HIGH","MEDIUM","MEDIUM","true","false","false","UNKNOWN"
"EVT-IMCA-2211","TIER_B_INDUSTRY","BRONZE","HIGH","HIGH","MEDIUM","MEDIUM","true","true","false","DERIVED"
"EVT-IMCA-2212","TIER_B_INDUSTRY","BRONZE","HIGH","HIGH","MEDIUM","MEDIUM","true","false","false","UNKNOWN"
"EVT-IMCA-2213","TIER_B_INDUSTRY","BRONZE","HIGH","HIGH","MEDIUM","MEDIUM","true","false","false","UNKNOWN"
"EVT-IMCA-2214","TIER_B_INDUSTRY","BRONZE","HIGH","HIGH","MEDIUM","MEDIUM","true","false","false","UNKNOWN"
"EVT-IMCA-2215","TIER_B_INDUSTRY","BRONZE","HIGH","HIGH","MEDIUM","MEDIUM","true","false","false","UNKNOWN"
"EVT-IMCA-2216","TIER_B_INDUSTRY","BRONZE","HIGH","HIGH","MEDIUM","MEDIUM","true","false","false","UNKNOWN"
"EVT-IMCA-2217","TIER_B_INDUSTRY","BRONZE","HIGH","HIGH","MEDIUM","MEDIUM","true","false","false","UNKNOWN"
"EVT-IMCA-2218","TIER_B_INDUSTRY","BRONZE","HIGH","HIGH","MEDIUM","MEDIUM","true","false","false","UNKNOWN"
"EVT-IMCA-2219","TIER_B_INDUSTRY","BRONZE","HIGH","HIGH","MEDIUM","MEDIUM","true","false","false","UNKNOWN"
"EVT-IMCA-2220","TIER_B_INDUSTRY","BRONZE","HIGH","HIGH","MEDIUM","MEDIUM","true","false","false","UNKNOWN"
"EVT-IMCA-2221","TIER_B_INDUSTRY","BRONZE","HIGH","HIGH","MEDIUM","MEDIUM","true","false","false","UNKNOWN"
"EVT-IMCA-2222","TIER_B_INDUSTRY","BRONZE","HIGH","HIGH","MEDIUM","MEDIUM","true","false","true","UNKNOWN"
"EVT-IMCA-2223","TIER_B_INDUSTRY","BRONZE","HIGH","HIGH","MEDIUM","MEDIUM","true","true","false","DERIVED"
"EVT-IMCA-2224","TIER_B_INDUSTRY","BRONZE","HIGH","HIGH","MEDIUM","MEDIUM","true","false","false","UNKNOWN"
"EVT-IMCA-2225","TIER_B_INDUSTRY","BRONZE","HIGH","HIGH","MEDIUM","MEDIUM","true","false","true","UNKNOWN"
"EVT-IMCA-2226","TIER_B_INDUSTRY","BRONZE","HIGH","HIGH","MEDIUM","MEDIUM","true","false","false","UNKNOWN"
"EVT-IMCA-2227","TIER_B_INDUSTRY","BRONZE","HIGH","HIGH","MEDIUM","MEDIUM","true","false","false","UNKNOWN"
"EVT-IMCA-2228","TIER_B_INDUSTRY","BRONZE","HIGH","HIGH","MEDIUM","MEDIUM","true","false","false","UNKNOWN"
"EVT-IMCA-2229","TIER_B_INDUSTRY","BRONZE","HIGH","HIGH","MEDIUM","MEDIUM","true","false","false","UNKNOWN"
"EVT-IMCA-2230","TIER_B_INDUSTRY","BRONZE","HIGH","HIGH","MEDIUM","MEDIUM","true","false","false","UNKNOWN"
"EVT-IMCA-2231","TIER_B_INDUSTRY","BRONZE","HIGH","HIGH","MEDIUM","MEDIUM","true","false","false","UNKNOWN"
"EVT-IMCA-2232","TIER_B_INDUSTRY","BRONZE","HIGH","HIGH","MEDIUM","MEDIUM","true","false","false","UNKNOWN"
"EVT-IMCA-2233","TIER_B_INDUSTRY","BRONZE","HIGH","HIGH","MEDIUM","MEDIUM","true","true","false","DERIVED"
"EVT-IMCA-2234","TIER_B_INDUSTRY","BRONZE","HIGH","HIGH","MEDIUM","MEDIUM","true","false","true","UNKNOWN"
"EVT-IMCA-2235","TIER_B_INDUSTRY","BRONZE","HIGH","HIGH","MEDIUM","MEDIUM","true","false","false","UNKNOWN"
"EVT-IMCA-2236","TIER_B_INDUSTRY","BRONZE","HIGH","HIGH","MEDIUM","MEDIUM","true","false","false","UNKNOWN"
"EVT-IMCA-2237","TIER_B_INDUSTRY","BRONZE","HIGH","HIGH","MEDIUM","MEDIUM","true","true","false","DERIVED"
"EVT-IMCA-2238","TIER_B_INDUSTRY","BRONZE","HIGH","HIGH","MEDIUM","MEDIUM","true","false","false","UNKNOWN"
"EVT-IMCA-2239","TIER_B_INDUSTRY","BRONZE","HIGH","HIGH","MEDIUM","MEDIUM","true","false","false","UNKNOWN"
"EVT-IMCA-2240","TIER_B_INDUSTRY","BRONZE","HIGH","HIGH","MEDIUM","MEDIUM","true","false","false","UNKNOWN"
"EVT-IMCA-2242","TIER_B_INDUSTRY","BRONZE","HIGH","HIGH","MEDIUM","MEDIUM","true","false","true","UNKNOWN"
"EVT-IMCA-2243","TIER_B_INDUSTRY","BRONZE","HIGH","HIGH","MEDIUM","MEDIUM","true","false","false","UNKNOWN"
"EVT-IMCA-2245","TIER_B_INDUSTRY","BRONZE","HIGH","HIGH","MEDIUM","MEDIUM","true","false","false","UNKNOWN"
"EVT-IMCA-2246","TIER_B_INDUSTRY","BRONZE","HIGH","HIGH","MEDIUM","MEDIUM","true","true","false","DERIVED"
"EVT-IMCA-2247","TIER_B_INDUSTRY","BRONZE","HIGH","HIGH","MEDIUM","MEDIUM","true","false","true","UNKNOWN"
"EVT-IMCA-2248","TIER_B_INDUSTRY","BRONZE","HIGH","HIGH","MEDIUM","MEDIUM","true","false","false","UNKNOWN"
"EVT-IMCA-2249","TIER_B_INDUSTRY","BRONZE","HIGH","HIGH","MEDIUM","MEDIUM","true","false","false","UNKNOWN"
"EVT-IMCA-2250","TIER_B_INDUSTRY","BRONZE","HIGH","HIGH","MEDIUM","MEDIUM","true","false","false","UNKNOWN"
"EVT-IMCA-2251","TIER_B_INDUSTRY","SILVER","HIGH","HIGH","MEDIUM","HIGH","true","true","false","DERIVED"
"EVT-IMCA-2252","TIER_B_INDUSTRY","BRONZE","HIGH","HIGH","MEDIUM","MEDIUM","true","false","false","UNKNOWN"
"EVT-IMCA-2253","TIER_B_INDUSTRY","BRONZE","HIGH","HIGH","MEDIUM","MEDIUM","true","true","false","DERIVED"
"EVT-IMCA-2254","TIER_B_INDUSTRY","BRONZE","HIGH","HIGH","MEDIUM","MEDIUM","true","false","false","UNKNOWN"
"EVT-IMCA-2255","TIER_B_INDUSTRY","BRONZE","HIGH","HIGH","MEDIUM","MEDIUM","true","false","false","UNKNOWN"
"EVT-IMCA-2256","TIER_B_INDUSTRY","BRONZE","HIGH","HIGH","MEDIUM","MEDIUM","true","false","false","UNKNOWN"
"EVT-IMCA-2257","TIER_B_INDUSTRY","BRONZE","HIGH","HIGH","MEDIUM","MEDIUM","true","false","false","UNKNOWN"
"EVT-IMCA-2258","TIER_B_INDUSTRY","BRONZE","HIGH","HIGH","MEDIUM","MEDIUM","true","true","false","DERIVED"
"EVT-IMCA-2259","TIER_B_INDUSTRY","BRONZE","HIGH","HIGH","MEDIUM","MEDIUM","true","false","false","UNKNOWN"
"EVT-IMCA-2260","TIER_B_INDUSTRY","BRONZE","HIGH","HIGH","MEDIUM","MEDIUM","true","true","false","DERIVED"
"EVT-IMCA-2261","TIER_B_INDUSTRY","BRONZE","HIGH","HIGH","MEDIUM","MEDIUM","true","false","false","UNKNOWN"
"EVT-IMCA-2262","TIER_B_INDUSTRY","BRONZE","HIGH","HIGH","MEDIUM","MEDIUM","true","false","false","UNKNOWN"
"EVT-IMCA-2263","TIER_B_INDUSTRY","BRONZE","HIGH","HIGH","MEDIUM","MEDIUM","true","false","false","UNKNOWN"
"EVT-IMCA-2264","TIER_B_INDUSTRY","BRONZE","HIGH","HIGH","MEDIUM","MEDIUM","true","false","false","UNKNOWN"
"EVT-IMCA-2265","TIER_B_INDUSTRY","BRONZE","HIGH","HIGH","MEDIUM","MEDIUM","true","false","false","UNKNOWN"
"EVT-IMCA-2266","TIER_B_INDUSTRY","BRONZE","HIGH","HIGH","MEDIUM","MEDIUM","true","false","false","UNKNOWN"
"EVT-IMCA-2267","TIER_B_INDUSTRY","BRONZE","HIGH","HIGH","MEDIUM","MEDIUM","true","false","false","UNKNOWN"
"EVT-IMCA-2268","TIER_B_INDUSTRY","BRONZE","HIGH","HIGH","MEDIUM","MEDIUM","true","false","false","UNKNOWN"
"EVT-IMCA-2269","TIER_B_INDUSTRY","BRONZE","HIGH","HIGH","MEDIUM","MEDIUM","true","true","false","DERIVED"
"EVT-IMCA-2270","TIER_B_INDUSTRY","BRONZE","HIGH","HIGH","MEDIUM","MEDIUM","true","false","false","UNKNOWN"
"EVT-IMCA-2271","TIER_B_INDUSTRY","BRONZE","HIGH","HIGH","MEDIUM","MEDIUM","true","true","true","DERIVED"
"EVT-IMCA-2272","TIER_B_INDUSTRY","BRONZE","HIGH","HIGH","MEDIUM","MEDIUM","true","false","false","UNKNOWN"
"EVT-IMCA-2273","TIER_B_INDUSTRY","BRONZE","HIGH","HIGH","MEDIUM","MEDIUM","true","false","false","UNKNOWN"
"EVT-IMCA-2274","TIER_B_INDUSTRY","BRONZE","HIGH","HIGH","MEDIUM","MEDIUM","true","true","false","DERIVED"
"EVT-IMCA-2275","TIER_B_INDUSTRY","BRONZE","HIGH","HIGH","MEDIUM","MEDIUM","true","true","false","DERIVED"
"EVT-IMCA-2276","TIER_B_INDUSTRY","BRONZE","HIGH","HIGH","MEDIUM","MEDIUM","true","true","false","DERIVED"
"EVT-IMCA-2277","TIER_B_INDUSTRY","BRONZE","HIGH","HIGH","MEDIUM","MEDIUM","true","false","false","UNKNOWN"
"EVT-IMCA-2278","TIER_B_INDUSTRY","BRONZE","HIGH","HIGH","MEDIUM","MEDIUM","true","false","false","UNKNOWN"
"EVT-IMCA-2279","TIER_B_INDUSTRY","BRONZE","HIGH","HIGH","MEDIUM","MEDIUM","true","false","false","UNKNOWN"
"EVT-IMCA-2280","TIER_B_INDUSTRY","BRONZE","HIGH","HIGH","MEDIUM","MEDIUM","true","false","false","UNKNOWN"
"EVT-IMCA-2281","TIER_B_INDUSTRY","BRONZE","HIGH","HIGH","MEDIUM","MEDIUM","true","false","false","UNKNOWN"
"EVT-IMCA-2282","TIER_B_INDUSTRY","BRONZE","HIGH","HIGH","MEDIUM","MEDIUM","true","false","false","UNKNOWN"
"EVT-IMCA-2283","TIER_B_INDUSTRY","BRONZE","HIGH","HIGH","MEDIUM","MEDIUM","true","false","false","UNKNOWN"
"EVT-IMCA-2284","TIER_B_INDUSTRY","BRONZE","HIGH","HIGH","MEDIUM","MEDIUM","true","false","false","UNKNOWN"
"EVT-IMCA-2285","TIER_B_INDUSTRY","BRONZE","HIGH","HIGH","MEDIUM","MEDIUM","true","false","false","UNKNOWN"
"EVT-IMCA-2286","TIER_B_INDUSTRY","BRONZE","HIGH","HIGH","MEDIUM","MEDIUM","true","true","false","DERIVED"
"EVT-IMCA-2287","TIER_B_INDUSTRY","BRONZE","HIGH","HIGH","MEDIUM","MEDIUM","true","false","false","UNKNOWN"
"EVT-IMCA-2288","TIER_B_INDUSTRY","BRONZE","HIGH","HIGH","MEDIUM","MEDIUM","true","false","false","UNKNOWN"
"EVT-IMCA-2289","TIER_B_INDUSTRY","BRONZE","HIGH","HIGH","MEDIUM","MEDIUM","true","false","false","UNKNOWN"
"EVT-IMCA-2290","TIER_B_INDUSTRY","BRONZE","HIGH","HIGH","MEDIUM","MEDIUM","true","false","false","UNKNOWN"
"EVT-IMCA-2291","TIER_B_INDUSTRY","BRONZE","HIGH","HIGH","MEDIUM","MEDIUM","true","false","false","UNKNOWN"
"EVT-IMCA-2292","TIER_B_INDUSTRY","BRONZE","HIGH","HIGH","MEDIUM","MEDIUM","true","false","false","UNKNOWN"
"EVT-IMCA-2293","TIER_B_INDUSTRY","BRONZE","HIGH","HIGH","MEDIUM","MEDIUM","true","false","false","UNKNOWN"
"EVT-IMCA-2294","TIER_B_INDUSTRY","BRONZE","HIGH","HIGH","MEDIUM","MEDIUM","true","true","false","DERIVED"
"EVT-IMCA-2295","TIER_B_INDUSTRY","BRONZE","HIGH","HIGH","MEDIUM","MEDIUM","true","true","false","DERIVED"
"EVT-IMCA-2296","TIER_B_INDUSTRY","BRONZE","HIGH","HIGH","MEDIUM","MEDIUM","true","false","false","UNKNOWN"
"EVT-IMCA-2297","TIER_B_INDUSTRY","BRONZE","HIGH","HIGH","MEDIUM","MEDIUM","true","false","false","UNKNOWN"
"EVT-IMCA-2298","TIER_B_INDUSTRY","BRONZE","HIGH","HIGH","MEDIUM","MEDIUM","true","false","false","UNKNOWN"
"EVT-IMCA-2299","TIER_B_INDUSTRY","BRONZE","HIGH","HIGH","MEDIUM","MEDIUM","true","true","false","DERIVED"
"EVT-IMCA-2300","TIER_B_INDUSTRY","BRONZE","HIGH","HIGH","MEDIUM","MEDIUM","true","false","false","UNKNOWN"
"EVT-IMCA-2301","TIER_B_INDUSTRY","BRONZE","HIGH","HIGH","MEDIUM","MEDIUM","true","false","false","UNKNOWN"
"EVT-IMCA-2302","TIER_B_INDUSTRY","BRONZE","HIGH","HIGH","MEDIUM","MEDIUM","true","false","false","UNKNOWN"
"EVT-IMCA-2303","TIER_B_INDUSTRY","BRONZE","HIGH","HIGH","MEDIUM","MEDIUM","true","false","false","UNKNOWN"
"EVT-IMCA-2304","TIER_B_INDUSTRY","BRONZE","HIGH","HIGH","MEDIUM","MEDIUM","true","true","false","DERIVED"
"EVT-IMCA-2305","TIER_B_INDUSTRY","BRONZE","HIGH","HIGH","MEDIUM","MEDIUM","true","false","false","UNKNOWN"
"EVT-IMCA-2306","TIER_B_INDUSTRY","BRONZE","HIGH","HIGH","MEDIUM","MEDIUM","true","false","false","UNKNOWN"
"EVT-IMCA-2307","TIER_B_INDUSTRY","BRONZE","HIGH","HIGH","MEDIUM","MEDIUM","true","true","false","DERIVED"
"EVT-IMCA-2309","TIER_B_INDUSTRY","BRONZE","HIGH","HIGH","MEDIUM","MEDIUM","true","false","false","UNKNOWN"
"EVT-IMCA-2310","TIER_B_INDUSTRY","BRONZE","HIGH","HIGH","MEDIUM","MEDIUM","true","false","false","UNKNOWN"
"EVT-IMCA-2311","TIER_B_INDUSTRY","BRONZE","HIGH","HIGH","MEDIUM","MEDIUM","true","false","false","UNKNOWN"
"EVT-IMCA-2312","TIER_B_INDUSTRY","BRONZE","HIGH","HIGH","MEDIUM","MEDIUM","true","false","false","UNKNOWN"
"EVT-IMCA-2313","TIER_B_INDUSTRY","BRONZE","HIGH","HIGH","MEDIUM","MEDIUM","true","false","false","UNKNOWN"
"EVT-IMCA-2314","TIER_B_INDUSTRY","BRONZE","HIGH","HIGH","MEDIUM","MEDIUM","true","false","false","UNKNOWN"
"EVT-IMCA-2315","TIER_B_INDUSTRY","BRONZE","HIGH","HIGH","MEDIUM","MEDIUM","true","true","false","DERIVED"
"EVT-IMCA-2316","TIER_B_INDUSTRY","BRONZE","HIGH","HIGH","MEDIUM","MEDIUM","true","true","false","DERIVED"
"EVT-IMCA-2317","TIER_B_INDUSTRY","BRONZE","HIGH","HIGH","MEDIUM","MEDIUM","true","true","false","DERIVED"
"EVT-IMCA-2318","TIER_B_INDUSTRY","BRONZE","HIGH","HIGH","MEDIUM","MEDIUM","true","false","false","UNKNOWN"
"EVT-IMCA-2319","TIER_B_INDUSTRY","BRONZE","HIGH","HIGH","MEDIUM","MEDIUM","true","false","false","UNKNOWN"
"EVT-IMCA-2320","TIER_B_INDUSTRY","BRONZE","HIGH","HIGH","MEDIUM","MEDIUM","true","false","false","UNKNOWN"
"EVT-IMCA-2321","TIER_B_INDUSTRY","BRONZE","HIGH","HIGH","MEDIUM","MEDIUM","true","false","false","UNKNOWN"
"EVT-IMCA-2322","TIER_B_INDUSTRY","BRONZE","HIGH","HIGH","MEDIUM","MEDIUM","true","false","false","UNKNOWN"
"EVT-IMCA-2323","TIER_B_INDUSTRY","BRONZE","HIGH","HIGH","MEDIUM","MEDIUM","true","false","false","UNKNOWN"
"EVT-IMCA-2324","TIER_B_INDUSTRY","BRONZE","HIGH","HIGH","MEDIUM","MEDIUM","true","false","false","UNKNOWN"
"EVT-IMCA-2325","TIER_B_INDUSTRY","BRONZE","HIGH","HIGH","MEDIUM","MEDIUM","true","false","false","UNKNOWN"
"EVT-IMCA-2327","TIER_B_INDUSTRY","BRONZE","HIGH","HIGH","MEDIUM","MEDIUM","true","false","false","UNKNOWN"
"EVT-IMCA-2328","TIER_B_INDUSTRY","BRONZE","HIGH","HIGH","MEDIUM","MEDIUM","true","true","false","DERIVED"
"EVT-IMCA-2329","TIER_B_INDUSTRY","BRONZE","HIGH","HIGH","MEDIUM","MEDIUM","true","false","false","UNKNOWN"
"EVT-IMCA-2330","TIER_B_INDUSTRY","BRONZE","HIGH","HIGH","MEDIUM","MEDIUM","true","false","false","UNKNOWN"
"EVT-IMCA-2331","TIER_B_INDUSTRY","BRONZE","HIGH","HIGH","MEDIUM","MEDIUM","true","false","false","UNKNOWN"
"EVT-IMCA-2332","TIER_B_INDUSTRY","BRONZE","HIGH","HIGH","MEDIUM","MEDIUM","true","false","false","UNKNOWN"
"EVT-IMCA-2333","TIER_B_INDUSTRY","BRONZE","HIGH","HIGH","MEDIUM","MEDIUM","true","false","false","UNKNOWN"
"EVT-IMCA-2334","TIER_B_INDUSTRY","SILVER","HIGH","HIGH","MEDIUM","HIGH","true","true","false","DERIVED"
"EVT-IMCA-2335","TIER_B_INDUSTRY","BRONZE","HIGH","HIGH","MEDIUM","MEDIUM","true","false","false","UNKNOWN"
"EVT-IMCA-2336","TIER_B_INDUSTRY","BRONZE","HIGH","HIGH","MEDIUM","MEDIUM","true","false","false","UNKNOWN"
"EVT-IMCA-2337","TIER_B_INDUSTRY","BRONZE","HIGH","HIGH","MEDIUM","MEDIUM","true","false","false","UNKNOWN"
"EVT-IMCA-2338","TIER_B_INDUSTRY","BRONZE","HIGH","HIGH","MEDIUM","MEDIUM","true","false","false","UNKNOWN"
"EVT-IMCA-2339","TIER_B_INDUSTRY","BRONZE","HIGH","HIGH","MEDIUM","MEDIUM","true","false","false","UNKNOWN"
"EVT-IMCA-2340","TIER_B_INDUSTRY","BRONZE","HIGH","HIGH","MEDIUM","MEDIUM","true","true","true","DERIVED"
"EVT-IMCA-2341","TIER_B_INDUSTRY","BRONZE","HIGH","HIGH","MEDIUM","MEDIUM","true","false","false","UNKNOWN"
"EVT-IMCA-2342","TIER_B_INDUSTRY","BRONZE","HIGH","HIGH","MEDIUM","MEDIUM","true","false","false","UNKNOWN"
"EVT-IMCA-2343","TIER_B_INDUSTRY","BRONZE","HIGH","HIGH","MEDIUM","MEDIUM","true","true","false","DERIVED"
"EVT-IMCA-2344","TIER_B_INDUSTRY","BRONZE","HIGH","HIGH","MEDIUM","MEDIUM","true","false","false","UNKNOWN"
"EVT-IMCA-2345","TIER_B_INDUSTRY","BRONZE","HIGH","HIGH","MEDIUM","MEDIUM","true","true","true","DERIVED"
"EVT-IMCA-2346","TIER_B_INDUSTRY","BRONZE","HIGH","HIGH","MEDIUM","MEDIUM","true","true","false","DERIVED"
"EVT-IMCA-2347","TIER_B_INDUSTRY","BRONZE","HIGH","HIGH","MEDIUM","MEDIUM","true","true","false","DERIVED"
"EVT-IMCA-2348","TIER_B_INDUSTRY","BRONZE","HIGH","HIGH","MEDIUM","MEDIUM","true","true","false","DERIVED"
"EVT-IMCA-2349","TIER_B_INDUSTRY","BRONZE","HIGH","HIGH","MEDIUM","MEDIUM","true","false","false","UNKNOWN"
"EVT-IMCA-2350","TIER_B_INDUSTRY","BRONZE","HIGH","HIGH","MEDIUM","MEDIUM","true","true","false","DERIVED"
"EVT-IMCA-2351","TIER_B_INDUSTRY","BRONZE","HIGH","HIGH","MEDIUM","MEDIUM","true","false","false","UNKNOWN"
"EVT-IMCA-2352","TIER_B_INDUSTRY","BRONZE","HIGH","HIGH","MEDIUM","MEDIUM","true","false","false","UNKNOWN"
"EVT-IMCA-2353","TIER_B_INDUSTRY","BRONZE","HIGH","HIGH","MEDIUM","MEDIUM","true","false","true","UNKNOWN"
"EVT-IMCA-2354","TIER_B_INDUSTRY","BRONZE","HIGH","HIGH","MEDIUM","MEDIUM","true","false","false","UNKNOWN"
"EVT-IMCA-2355","TIER_B_INDUSTRY","BRONZE","HIGH","HIGH","MEDIUM","MEDIUM","true","false","true","UNKNOWN"
"EVT-IMCA-2356","TIER_B_INDUSTRY","BRONZE","HIGH","HIGH","MEDIUM","MEDIUM","true","false","false","UNKNOWN"
"EVT-IMCA-2357","TIER_B_INDUSTRY","BRONZE","HIGH","HIGH","MEDIUM","MEDIUM","true","true","true","DERIVED"
"EVT-IMCA-2358","TIER_B_INDUSTRY","BRONZE","HIGH","HIGH","MEDIUM","MEDIUM","true","true","false","DERIVED"
"EVT-IMCA-2359","TIER_B_INDUSTRY","BRONZE","HIGH","HIGH","MEDIUM","MEDIUM","true","false","false","UNKNOWN"
"EVT-IMCA-2360","TIER_B_INDUSTRY","BRONZE","HIGH","HIGH","MEDIUM","MEDIUM","true","false","false","UNKNOWN"
"EVT-IMCA-2361","TIER_B_INDUSTRY","BRONZE","HIGH","HIGH","MEDIUM","MEDIUM","true","false","false","UNKNOWN"
"EVT-IMCA-2362","TIER_B_INDUSTRY","BRONZE","HIGH","HIGH","MEDIUM","MEDIUM","true","true","false","DERIVED"
"EVT-IMCA-2363","TIER_B_INDUSTRY","BRONZE","HIGH","HIGH","MEDIUM","MEDIUM","true","false","true","UNKNOWN"
"EVT-IMCA-2364","TIER_B_INDUSTRY","BRONZE","HIGH","HIGH","MEDIUM","MEDIUM","true","false","false","UNKNOWN"
"EVT-IMCA-2365","TIER_B_INDUSTRY","BRONZE","HIGH","HIGH","MEDIUM","MEDIUM","true","false","false","UNKNOWN"
"EVT-IMCA-2366","TIER_B_INDUSTRY","BRONZE","HIGH","HIGH","MEDIUM","MEDIUM","true","true","false","DERIVED"
"EVT-IMCA-2367","TIER_B_INDUSTRY","BRONZE","HIGH","HIGH","MEDIUM","MEDIUM","true","true","false","DERIVED"
"EVT-IMCA-2368","TIER_B_INDUSTRY","BRONZE","HIGH","HIGH","MEDIUM","MEDIUM","true","false","false","UNKNOWN"
"EVT-IMCA-2369","TIER_B_INDUSTRY","BRONZE","HIGH","HIGH","MEDIUM","MEDIUM","true","false","false","UNKNOWN"
"EVT-IMCA-2370","TIER_B_INDUSTRY","BRONZE","HIGH","HIGH","MEDIUM","MEDIUM","true","false","false","UNKNOWN"
"EVT-IMCA-2371","TIER_B_INDUSTRY","BRONZE","HIGH","HIGH","MEDIUM","MEDIUM","true","false","false","UNKNOWN"
"EVT-IMCA-2372","TIER_B_INDUSTRY","BRONZE","HIGH","HIGH","MEDIUM","MEDIUM","true","false","false","UNKNOWN"
"EVT-IMCA-2373","TIER_B_INDUSTRY","BRONZE","HIGH","HIGH","MEDIUM","MEDIUM","true","false","false","UNKNOWN"
"EVT-IMCA-2374","TIER_B_INDUSTRY","BRONZE","HIGH","HIGH","MEDIUM","MEDIUM","true","false","false","UNKNOWN"
"EVT-IMCA-2375","TIER_B_INDUSTRY","BRONZE","HIGH","HIGH","MEDIUM","MEDIUM","true","false","false","UNKNOWN"
"EVT-IMCA-2376","TIER_B_INDUSTRY","BRONZE","HIGH","HIGH","MEDIUM","MEDIUM","true","true","false","DERIVED"
"EVT-IMCA-2377","TIER_B_INDUSTRY","BRONZE","HIGH","HIGH","MEDIUM","MEDIUM","true","false","false","UNKNOWN"
"EVT-IMCA-2378","TIER_B_INDUSTRY","BRONZE","HIGH","HIGH","MEDIUM","MEDIUM","true","true","false","DERIVED"
"EVT-IMCA-2379","TIER_B_INDUSTRY","BRONZE","HIGH","HIGH","MEDIUM","MEDIUM","true","true","false","DERIVED"
"EVT-IMCA-2380","TIER_B_INDUSTRY","BRONZE","HIGH","HIGH","MEDIUM","MEDIUM","true","false","false","UNKNOWN"
"EVT-IMCA-2381","TIER_B_INDUSTRY","BRONZE","HIGH","HIGH","MEDIUM","MEDIUM","true","false","false","UNKNOWN"
"EVT-IMCA-2382","TIER_B_INDUSTRY","BRONZE","HIGH","HIGH","MEDIUM","MEDIUM","true","false","false","UNKNOWN"
"EVT-IMCA-2383","TIER_B_INDUSTRY","BRONZE","HIGH","HIGH","MEDIUM","MEDIUM","true","false","false","UNKNOWN"
"EVT-IMCA-2384","TIER_B_INDUSTRY","BRONZE","HIGH","HIGH","MEDIUM","MEDIUM","true","true","true","DERIVED"
"EVT-IMCA-2385","TIER_B_INDUSTRY","BRONZE","HIGH","HIGH","MEDIUM","MEDIUM","true","false","false","UNKNOWN"
"EVT-IMCA-2386","TIER_B_INDUSTRY","BRONZE","HIGH","HIGH","MEDIUM","MEDIUM","true","false","false","UNKNOWN"
"EVT-IMCA-2387","TIER_B_INDUSTRY","BRONZE","HIGH","HIGH","MEDIUM","MEDIUM","true","false","false","UNKNOWN"
"EVT-IMCA-2388","TIER_B_INDUSTRY","BRONZE","HIGH","HIGH","MEDIUM","MEDIUM","true","false","false","UNKNOWN"
"EVT-IMCA-2389","TIER_B_INDUSTRY","BRONZE","HIGH","HIGH","MEDIUM","MEDIUM","true","false","false","UNKNOWN"
"EVT-IMCA-2390","TIER_B_INDUSTRY","BRONZE","HIGH","HIGH","MEDIUM","MEDIUM","true","false","false","UNKNOWN"
"EVT-IMCA-2391","TIER_B_INDUSTRY","BRONZE","HIGH","HIGH","MEDIUM","MEDIUM","true","false","false","UNKNOWN"
"EVT-IMCA-2392","TIER_B_INDUSTRY","BRONZE","HIGH","HIGH","MEDIUM","MEDIUM","true","false","false","UNKNOWN"
"EVT-IMCA-2393","TIER_B_INDUSTRY","BRONZE","HIGH","HIGH","MEDIUM","MEDIUM","true","true","false","DERIVED"
"EVT-IMCA-2394","TIER_B_INDUSTRY","BRONZE","HIGH","HIGH","MEDIUM","MEDIUM","true","false","true","UNKNOWN"
"EVT-IMCA-2395","TIER_B_INDUSTRY","BRONZE","HIGH","HIGH","MEDIUM","MEDIUM","true","true","false","DERIVED"
"EVT-IMCA-2396","TIER_B_INDUSTRY","BRONZE","HIGH","HIGH","MEDIUM","MEDIUM","true","false","false","UNKNOWN"
"EVT-IMCA-2397","TIER_B_INDUSTRY","BRONZE","HIGH","HIGH","MEDIUM","MEDIUM","true","false","false","UNKNOWN"
"EVT-IMCA-2398","TIER_B_INDUSTRY","BRONZE","HIGH","HIGH","MEDIUM","MEDIUM","true","false","false","UNKNOWN"
"EVT-IMCA-2399","TIER_B_INDUSTRY","BRONZE","HIGH","HIGH","MEDIUM","MEDIUM","true","false","false","UNKNOWN"
"EVT-IMCA-2400","TIER_B_INDUSTRY","BRONZE","HIGH","HIGH","MEDIUM","MEDIUM","true","true","false","DERIVED"
"EVT-IMCA-2401","TIER_B_INDUSTRY","BRONZE","HIGH","HIGH","MEDIUM","MEDIUM","true","false","false","UNKNOWN"
"EVT-HSE-0001","TIER_A_AUTHORITATIVE","GOLD","HIGH","HIGH","HIGH","HIGH","true","true","true","UNKNOWN"
"EVT-HSE-0002","TIER_A_AUTHORITATIVE","BRONZE","HIGH","HIGH","HIGH","MEDIUM","true","true","false","DERIVED"
"EVT-HSE-0003","TIER_A_AUTHORITATIVE","GOLD","HIGH","HIGH","HIGH","HIGH","true","true","true","DERIVED"
"EVT-HSE-0004","TIER_A_AUTHORITATIVE","GOLD","HIGH","HIGH","HIGH","HIGH","true","true","true","EXPLICIT"
"EVT-HSE-0005","TIER_A_AUTHORITATIVE","GOLD","HIGH","HIGH","HIGH","HIGH","true","true","true","DERIVED"
"EVT-HSE-0006","TIER_A_AUTHORITATIVE","GOLD","HIGH","HIGH","HIGH","HIGH","true","true","true","DERIVED"
"EVT-HSE-0007","TIER_A_AUTHORITATIVE","GOLD","HIGH","HIGH","HIGH","HIGH","true","true","true","DERIVED"
"EVT-HSE-0008","TIER_A_AUTHORITATIVE","GOLD","HIGH","HIGH","HIGH","HIGH","true","true","true","DERIVED"
