event_id,duplicate_status,canonical_event_id,match_reason,source_organization,url
"EVT-BSEE-0001","UNIQUE","EVT-BSEE-0001","Unique event fingerprint","Bureau of Safety and Environmental Enforcement (BSEE)","https://www.bsee.gov/safety-alerts/segregate-pyrotechnics-and-verify-flare-type-before-emergency-drills"
"EVT-BSEE-0002","UNIQUE","EVT-BSEE-0002","Unique event fingerprint","Bureau of Safety and Environmental Enforcement (BSEE)","https://www.bsee.gov/safety-alerts/improvements-needed-in-production-safety-system-training"
"EVT-BSEE-0003","UNIQUE","EVT-BSEE-0003","Unique event fingerprint","Bureau of Safety and Environmental Enforcement (BSEE)","https://www.bsee.gov/safety-alerts/control-portable-electronic-device-use-to-prevent-ignition-hazards-offshore"
"EVT-BSEE-0004","UNIQUE","EVT-BSEE-0004","Unique event fingerprint","Bureau of Safety and Environmental Enforcement (BSEE)","https://www.bsee.gov/safety-alerts/inspect-a2b-systems-and-wire-rope-terminations-to-prevent-crane-hazards"
"EVT-BSEE-0005","UNIQUE","EVT-BSEE-0005","Unique event fingerprint","Bureau of Safety and Environmental Enforcement (BSEE)","https://www.bsee.gov/safety-alerts/verify-riser-fin-retention-systems-before-prompts-riser-handling-operations"
"EVT-BSEE-0006","UNIQUE","EVT-BSEE-0006","Unique event fingerprint","Bureau of Safety and Environmental Enforcement (BSEE)","https://www.bsee.gov/safety-alerts/mechanical-failure-of-lact-pump-caused-fire"
"EVT-BSEE-0007","UNIQUE","EVT-BSEE-0007","Unique event fingerprint","Bureau of Safety and Environmental Enforcement (BSEE)","https://www.bsee.gov/safety-alerts/poorly-maintained-crane-components-result-in-multiple-personnel-injured-during"
"EVT-BSEE-0008","UNIQUE","EVT-BSEE-0008","Unique event fingerprint","Bureau of Safety and Environmental Enforcement (BSEE)","https://www.bsee.gov/safety-alerts/bsee-identifies-compressed-gas-cylinder-hazards-during-risk-based-inspections"
"EVT-BSEE-0009","UNIQUE","EVT-BSEE-0009","Unique event fingerprint","Bureau of Safety and Environmental Enforcement (BSEE)","https://www.bsee.gov/safety-alerts/verify-megge-testing-and-termination-prep-to-prevent-seawater-pump-motor-fires"
"EVT-BSEE-0010","UNIQUE","EVT-BSEE-0010","Unique event fingerprint","Bureau of Safety and Environmental Enforcement (BSEE)","https://www.bsee.gov/safety-alerts/exterior-walkway-separates-from-temporary-living-quarters-putting-workers-at-risk"
"EVT-BSEE-0011","UNIQUE","EVT-BSEE-0011","Unique event fingerprint","Bureau of Safety and Environmental Enforcement (BSEE)","https://www.bsee.gov/safety-alerts/crane-incident-during-well-abandonment-operations-injures-worker-reveals-safety-gaps"
"EVT-BSEE-0012","UNIQUE","EVT-BSEE-0012","Unique event fingerprint","Bureau of Safety and Environmental Enforcement (BSEE)","https://www.bsee.gov/safety-alerts/miscommunication-and-trapped-pressure-causes-injury"
"EVT-BSEE-0013","UNIQUE","EVT-BSEE-0013","Unique event fingerprint","Bureau of Safety and Environmental Enforcement (BSEE)","https://www.bsee.gov/safety-alerts/review-anchor-handling-plans-now-incident-damages-subsea-equipment-triggers-gas"
"EVT-BSEE-0014","UNIQUE","EVT-BSEE-0014","Unique event fingerprint","Bureau of Safety and Environmental Enforcement (BSEE)","https://www.bsee.gov/safety-alerts/improper-use-of-equipment-and-tools-increases-risk-of-fires-and-explosions-offshore"
"EVT-BSEE-0015","UNIQUE","EVT-BSEE-0015","Unique event fingerprint","Bureau of Safety and Environmental Enforcement (BSEE)","https://www.bsee.gov/safety-alerts/arc-flash-incident-highlights-critical-need-for-voltage-verification-during-offshore"
"EVT-BSEE-0016","UNIQUE","EVT-BSEE-0016","Unique event fingerprint","Bureau of Safety and Environmental Enforcement (BSEE)","https://www.bsee.gov/safety-alerts/bsee-risk-based-inspections-reveal-increase-in-slip-trip-fall-hazards-on-offshore"
"EVT-BSEE-0017","UNIQUE","EVT-BSEE-0017","Unique event fingerprint","Bureau of Safety and Environmental Enforcement (BSEE)","https://www.bsee.gov/safety-alerts/malfunction-of-rental-generators-engine-air-shutoff-system-led-to-fire"
"EVT-BSEE-0018","UNIQUE","EVT-BSEE-0018","Unique event fingerprint","Bureau of Safety and Environmental Enforcement (BSEE)","https://www.bsee.gov/safety-alerts/fatigue-cracking-of-34-inch-pipe-nipple-results-in-gas-release"
"EVT-BSEE-0019","UNIQUE","EVT-BSEE-0019","Unique event fingerprint","Bureau of Safety and Environmental Enforcement (BSEE)","https://www.bsee.gov/safety-alerts/bsee-identifies-bypassed-safety-device-deficiencies-during-risk-based-inspections"
"EVT-BSEE-0020","UNIQUE","EVT-BSEE-0020","Unique event fingerprint","Bureau of Safety and Environmental Enforcement (BSEE)","https://www.bsee.gov/safety-alerts/dropped-steel-plate-due-to-defective-lifting-device-and-inadequate-hazard-analysis"
"EVT-BSEE-0021","UNIQUE","EVT-BSEE-0021","Unique event fingerprint","Bureau of Safety and Environmental Enforcement (BSEE)","https://www.bsee.gov/safety-alerts/failed-umbilical-termination-results-in-dropped-remotely-operated-vehicle-rov"
"EVT-BSEE-0022","UNIQUE","EVT-BSEE-0022","Unique event fingerprint","Bureau of Safety and Environmental Enforcement (BSEE)","https://www.bsee.gov/safety-alerts/explosion-and-fire-on-liftboat-injure-workers-bsee-calls-for-enhanced-safety-measures"
"EVT-BSEE-0023","UNIQUE","EVT-BSEE-0023","Unique event fingerprint","Bureau of Safety and Environmental Enforcement (BSEE)","https://www.bsee.gov/safety-alerts/weather-creates-sudden-and-unpredictable-risks"
"EVT-BSEE-0024","UNIQUE","EVT-BSEE-0024","Unique event fingerprint","Bureau of Safety and Environmental Enforcement (BSEE)","https://www.bsee.gov/safety-alerts/misidentification-of-corrosion-hazard-results-in-high-potential-event"
"EVT-BSEE-0025","UNIQUE","EVT-BSEE-0025","Unique event fingerprint","Bureau of Safety and Environmental Enforcement (BSEE)","https://www.bsee.gov/safety-alerts/turbine-generator-exhaust-silencer-failure-1-27-25"
"EVT-BSEE-0026","UNIQUE","EVT-BSEE-0026","Unique event fingerprint","Bureau of Safety and Environmental Enforcement (BSEE)","https://www.bsee.gov/safety-alerts/ruptured-nitrogen-cylinders"
"EVT-BSEE-0027","UNIQUE","EVT-BSEE-0027","Unique event fingerprint","Bureau of Safety and Environmental Enforcement (BSEE)","https://www.bsee.gov/safety-alerts/bsee-alerts-offshore-workers-to-series-of-incidents-involving-self-retracting"
"EVT-BSEE-0028","UNIQUE","EVT-BSEE-0028","Unique event fingerprint","Bureau of Safety and Environmental Enforcement (BSEE)","https://www.bsee.gov/safety-alerts/vigilance-required-in-offshore-helideck-operations"
"EVT-BSEE-0029","UNIQUE","EVT-BSEE-0029","Unique event fingerprint","Bureau of Safety and Environmental Enforcement (BSEE)","https://www.bsee.gov/safety-alerts/helideck-condition-notifications-and-verification"
"EVT-BSEE-0030","UNIQUE","EVT-BSEE-0030","Unique event fingerprint","Bureau of Safety and Environmental Enforcement (BSEE)","https://www.bsee.gov/safety-alerts/bsee-reminds-offshore-workers-conduct-pre-job-assessment-for-potential-hazards-stay"
"EVT-BSEE-0031","UNIQUE","EVT-BSEE-0031","Unique event fingerprint","Bureau of Safety and Environmental Enforcement (BSEE)","https://www.bsee.gov/safety-alerts/flash-fires-during-welding-operations"
"EVT-BSEE-0032","UNIQUE","EVT-BSEE-0032","Unique event fingerprint","Bureau of Safety and Environmental Enforcement (BSEE)","https://www.bsee.gov/safety-alerts/recurring-hand-injuries-while-using-alternative-cutting-devices"
"EVT-BSEE-0033","UNIQUE","EVT-BSEE-0033","Unique event fingerprint","Bureau of Safety and Environmental Enforcement (BSEE)","https://www.bsee.gov/safety-alerts/heat-advisory"
"EVT-BSEE-0034","UNIQUE","EVT-BSEE-0034","Unique event fingerprint","Bureau of Safety and Environmental Enforcement (BSEE)","https://www.bsee.gov/safety-alerts/hand-tools-pose-risk-to-offshore-personnel"
"EVT-BSEE-0035","UNIQUE","EVT-BSEE-0035","Unique event fingerprint","Bureau of Safety and Environmental Enforcement (BSEE)","https://www.bsee.gov/safety-alerts/improperly-depressurizing-piping-to-remove-a-hydrate-causes-injury"
"EVT-BSEE-0036","UNIQUE","EVT-BSEE-0036","Unique event fingerprint","Bureau of Safety and Environmental Enforcement (BSEE)","https://www.bsee.gov/safety-alerts/scam-alert-suspicious-requests-for-payment"
"EVT-BSEE-0037","UNIQUE","EVT-BSEE-0037","Unique event fingerprint","Bureau of Safety and Environmental Enforcement (BSEE)","https://www.bsee.gov/safety-alerts/bsee-risk-based-inspection-identifies-welding-and-burning-hazards"
"EVT-BSEE-0038","UNIQUE","EVT-BSEE-0038","Unique event fingerprint","Bureau of Safety and Environmental Enforcement (BSEE)","https://www.bsee.gov/safety-alerts/hazardous-helideck-conditions-results-in-near-miss-incident"
"EVT-BSEE-0039","UNIQUE","EVT-BSEE-0039","Unique event fingerprint","Bureau of Safety and Environmental Enforcement (BSEE)","https://www.bsee.gov/safety-alerts/bsee-safety-alert-480-fingerboard-locking-bolt-failure-leads-to-near-miss-incident"
"EVT-BSEE-0040","UNIQUE","EVT-BSEE-0040","Unique event fingerprint","Bureau of Safety and Environmental Enforcement (BSEE)","https://www.bsee.gov/safety-alerts/bsee-safety-alert-479-lack-of-adherence-to-helideck-safety-procedures-results-in"
"EVT-BSEE-0041","UNIQUE","EVT-BSEE-0041","Unique event fingerprint","Bureau of Safety and Environmental Enforcement (BSEE)","https://www.bsee.gov/safety-alerts/bsee-safety-alert-478-inadequately-maintained-electrical-connections-and-compromised"
"EVT-BSEE-0042","UNIQUE","EVT-BSEE-0042","Unique event fingerprint","Bureau of Safety and Environmental Enforcement (BSEE)","https://www.bsee.gov/safety-alerts/bsee-safety-alert-477-hazards-of-working-in-confined-spaces"
"EVT-BSEE-0043","UNIQUE","EVT-BSEE-0043","Unique event fingerprint","Bureau of Safety and Environmental Enforcement (BSEE)","https://www.bsee.gov/safety-alerts/bsee-safety-alert-476-ei-158-fatality-failure-to-use-safety"
"EVT-BSEE-0044","UNIQUE","EVT-BSEE-0044","Unique event fingerprint","Bureau of Safety and Environmental Enforcement (BSEE)","https://www.bsee.gov/safety-alerts/bsee-safety-alert-475-flash-fire-from-oxygen-regulator-leads-to-burn-injury"
"EVT-BSEE-0045","UNIQUE","EVT-BSEE-0045","Unique event fingerprint","Bureau of Safety and Environmental Enforcement (BSEE)","https://www.bsee.gov/safety-alerts/bsee-safety-alert-474-safely-approaching-a-helicopter-on-offshore-helidecks"
"EVT-BSEE-0046","UNIQUE","EVT-BSEE-0046","Unique event fingerprint","Bureau of Safety and Environmental Enforcement (BSEE)","https://www.bsee.gov/safety-alerts/bsee-safety-alert-473-carbon-monoxide-exposure-risk-in-offshore-environments"
"EVT-BSEE-0047","UNIQUE","EVT-BSEE-0047","Unique event fingerprint","Bureau of Safety and Environmental Enforcement (BSEE)","https://www.bsee.gov/safety-alerts/safety-alert-472-tote-tank-drain-nozzles-pose-leak-hazard"
"EVT-BSEE-0048","UNIQUE","EVT-BSEE-0048","Unique event fingerprint","Bureau of Safety and Environmental Enforcement (BSEE)","https://www.bsee.gov/safety-alerts/safety-alert-471-pipe-bond-failure-on-firefighting-system-investigated-and-repaired"
"EVT-BSEE-0049","UNIQUE","EVT-BSEE-0049","Unique event fingerprint","Bureau of Safety and Environmental Enforcement (BSEE)","https://www.bsee.gov/safety-alerts/bsee-safety-alert-470-bypass-of-emergency-shutdown-in-rented-equipment-results-in"
"EVT-BSEE-0050","UNIQUE","EVT-BSEE-0050","Unique event fingerprint","Bureau of Safety and Environmental Enforcement (BSEE)","https://www.bsee.gov/safety-alerts/bsee-safety-alert-469-bsee-identifies-medical-evacuation-and-emergency-hazards-during"
"EVT-BSEE-0051","UNIQUE","EVT-BSEE-0051","Unique event fingerprint","Bureau of Safety and Environmental Enforcement (BSEE)","https://www.bsee.gov/safety-alerts/bsee-safety-alert-468-red-zone-hazards-pose-increased-risk-to-personnel-during"
"EVT-BSEE-0052","UNIQUE","EVT-BSEE-0052","Unique event fingerprint","Bureau of Safety and Environmental Enforcement (BSEE)","https://www.bsee.gov/safety-alerts/bsee-safety-alert-467-heat-advisory-heat-related-illnesses-occurring-offshore"
"EVT-BSEE-0053","UNIQUE","EVT-BSEE-0053","Unique event fingerprint","Bureau of Safety and Environmental Enforcement (BSEE)","https://www.bsee.gov/safety-alerts/bsee-safety-alert-466-lack-of-uninterruptible-power-supply"
"EVT-BSEE-0054","UNIQUE","EVT-BSEE-0054","Unique event fingerprint","Bureau of Safety and Environmental Enforcement (BSEE)","https://www.bsee.gov/safety-alerts/bsee-safety-alert-465-improper-use-high-pressure-hoses-leads-to-injuries"
"EVT-BSEE-0055","UNIQUE","EVT-BSEE-0055","Unique event fingerprint","Bureau of Safety and Environmental Enforcement (BSEE)","https://www.bsee.gov/safety-alerts/bsee-safety-alert-464-unexpected-h2s-detection-at-offshore-facilities"
"EVT-BSEE-0056","UNIQUE","EVT-BSEE-0056","Unique event fingerprint","Bureau of Safety and Environmental Enforcement (BSEE)","https://www.bsee.gov/safety-alerts/bsee-safety-alert-463-adaptation-and-modification-of-tool-results-in-injury"
"EVT-BSEE-0057","UNIQUE","EVT-BSEE-0057","Unique event fingerprint","Bureau of Safety and Environmental Enforcement (BSEE)","https://www.bsee.gov/safety-alerts/bsee-safety-alert-462-process-explosion-causes-medical-evacuation"
"EVT-BSEE-0058","UNIQUE","EVT-BSEE-0058","Unique event fingerprint","Bureau of Safety and Environmental Enforcement (BSEE)","https://www.bsee.gov/safety-alerts/bsee-safety-alert-461-recent-tagline-entanglements-result-in-several-high-potential"
"EVT-BSEE-0059","UNIQUE","EVT-BSEE-0059","Unique event fingerprint","Bureau of Safety and Environmental Enforcement (BSEE)","https://www.bsee.gov/safety-alerts/bsee-safety-alert-460-overhaul-ball-crashes-to-deck-resulting-in-high-potential-near"
"EVT-BSEE-0060","UNIQUE","EVT-BSEE-0060","Unique event fingerprint","Bureau of Safety and Environmental Enforcement (BSEE)","https://www.bsee.gov/safety-alerts/bsee-safety-alert-459-khamsin-drillship-fatality-update"
"EVT-BSEE-0061","UNIQUE","EVT-BSEE-0061","Unique event fingerprint","Bureau of Safety and Environmental Enforcement (BSEE)","https://www.bsee.gov/safety-alerts/bsee-safety-alert-458-investigation-of-subsea-leak-identifies-the-use-of-materials"
"EVT-BSEE-0062","UNIQUE","EVT-BSEE-0062","Unique event fingerprint","Bureau of Safety and Environmental Enforcement (BSEE)","https://www.bsee.gov/safety-alerts/bsee-safety-alert-457-broken-breaker-bar-injury-with-medical-evaluation-guidance"
"EVT-BSEE-0063","UNIQUE","EVT-BSEE-0063","Unique event fingerprint","Bureau of Safety and Environmental Enforcement (BSEE)","https://www.bsee.gov/safety-alerts/bsee-safety-alert-456-extreme-caution-advised-during-swing-rope-transfers"
"EVT-BSEE-0064","UNIQUE","EVT-BSEE-0064","Unique event fingerprint","Bureau of Safety and Environmental Enforcement (BSEE)","https://www.bsee.gov/safety-alerts/bsee-safety-alert-455-person-injured-when-safety-mechanisms-failed"
"EVT-BSEE-0065","UNIQUE","EVT-BSEE-0065","Unique event fingerprint","Bureau of Safety and Environmental Enforcement (BSEE)","https://www.bsee.gov/safety-alerts/bsee-safety-alert-454-auxiliary-line-abrading-causes-rope-guard-failure"
"EVT-BSEE-0066","UNIQUE","EVT-BSEE-0066","Unique event fingerprint","Bureau of Safety and Environmental Enforcement (BSEE)","https://www.bsee.gov/safety-alerts/bsee-safety-alert-453-fires-during-decommissioning-cause-injuries"
"EVT-BSEE-0067","UNIQUE","EVT-BSEE-0067","Unique event fingerprint","Bureau of Safety and Environmental Enforcement (BSEE)","https://www.bsee.gov/safety-alerts/bsee-safety-alert-452-ineffective-stinger-hook-pin-installation-high-potential-for"
"EVT-BSEE-0068","UNIQUE","EVT-BSEE-0068","Unique event fingerprint","Bureau of Safety and Environmental Enforcement (BSEE)","https://www.bsee.gov/safety-alerts/bsee-safety-alert-451-body-mechanics-lifting-techniques-and-repetitive-motion-lead-to"
"EVT-BSEE-0069","UNIQUE","EVT-BSEE-0069","Unique event fingerprint","Bureau of Safety and Environmental Enforcement (BSEE)","https://www.bsee.gov/safety-alerts/bsee-safety-alert-450-unsafe-chemical-use-and-disposal"
"EVT-BSEE-0070","UNIQUE","EVT-BSEE-0070","Unique event fingerprint","Bureau of Safety and Environmental Enforcement (BSEE)","https://www.bsee.gov/safety-alerts/bsee-safety-alert-449-temporary-equipment-as-a-potential-source-of-ignition-on"
"EVT-BSEE-0071","UNIQUE","EVT-BSEE-0071","Unique event fingerprint","Bureau of Safety and Environmental Enforcement (BSEE)","https://www.bsee.gov/safety-alerts/bsee-safety-alert-448-hazards-associated-with-cranes-on-idle-facilities-pose-safety"
"EVT-BSEE-0072","UNIQUE","EVT-BSEE-0072","Unique event fingerprint","Bureau of Safety and Environmental Enforcement (BSEE)","https://www.bsee.gov/safety-alerts/bsee-safety-alert-447-poor-preparation-prior-to-hot-work-leads-to-fires"
"EVT-BSEE-0073","UNIQUE","EVT-BSEE-0073","Unique event fingerprint","Bureau of Safety and Environmental Enforcement (BSEE)","https://www.bsee.gov/safety-alerts/bsee-safety-alert-446-unsafe-working-practices-result-in-crane-injury"
"EVT-BSEE-0074","UNIQUE","EVT-BSEE-0074","Unique event fingerprint","Bureau of Safety and Environmental Enforcement (BSEE)","https://www.bsee.gov/safety-alerts/bsee-safety-alert-445-stored-energy-in-slings-causes-multiple-injuries"
"EVT-BSEE-0075","UNIQUE","EVT-BSEE-0075","Unique event fingerprint","Bureau of Safety and Environmental Enforcement (BSEE)","https://www.bsee.gov/safety-alerts/bsee-safety-alert-442-unsecured-pressurized-hoses-result-in-hand-injuries-442"
"EVT-BSEE-0076","UNIQUE","EVT-BSEE-0076","Unique event fingerprint","Bureau of Safety and Environmental Enforcement (BSEE)","https://www.bsee.gov/safety-alerts/bsee-safety-alert-441-bsee-and-uscg-identify-delayed-t-time-execution-poor-operational"
"EVT-BSEE-0077","UNIQUE","EVT-BSEE-0077","Unique event fingerprint","Bureau of Safety and Environmental Enforcement (BSEE)","https://www.bsee.gov/safety-alerts/bsee-safety-alert-440-reducing-incidents-through-increasing-training-and-supervision"
"EVT-BSEE-0078","UNIQUE","EVT-BSEE-0078","Unique event fingerprint","Bureau of Safety and Environmental Enforcement (BSEE)","https://www.bsee.gov/safety-alerts/bsee-safety-alert-439-toppled-hydraulic-workover-unit-results-in-fatality"
"EVT-BSEE-0079","UNIQUE","EVT-BSEE-0079","Unique event fingerprint","Bureau of Safety and Environmental Enforcement (BSEE)","https://www.bsee.gov/safety-alerts/bsee-safety-alert-438-barricades-and-fall-protection-will-help-prevent-injuries-even"
"EVT-BSEE-0080","UNIQUE","EVT-BSEE-0080","Unique event fingerprint","Bureau of Safety and Environmental Enforcement (BSEE)","https://www.bsee.gov/safety-alerts/bsee-safety-alert-437-improper-fan-and-other-equipment-used-in-hazardous-classified"
"EVT-BSEE-0081","UNIQUE","EVT-BSEE-0081","Unique event fingerprint","Bureau of Safety and Environmental Enforcement (BSEE)","https://www.bsee.gov/safety-alerts/safety-alert-436-arc-flash-injury-during-generator-hookup"
"EVT-BSEE-0082","UNIQUE","EVT-BSEE-0082","Unique event fingerprint","Bureau of Safety and Environmental Enforcement (BSEE)","https://www.bsee.gov/safety-alerts/bsee-safety-alert-435-breakdowns-in-communication-and-preparation-lead-to-failure-of"
"EVT-BSEE-0083","UNIQUE","EVT-BSEE-0083","Unique event fingerprint","Bureau of Safety and Environmental Enforcement (BSEE)","https://www.bsee.gov/safety-alerts/bsee-safety-alert-434-check-your-cybersecurity-readiness"
"EVT-BSEE-0084","UNIQUE","EVT-BSEE-0084","Unique event fingerprint","Bureau of Safety and Environmental Enforcement (BSEE)","https://www.bsee.gov/safety-alerts/bsee-safety-alert-433-crane-anti-two-block-weight-pulled-into-boom-tip-causing-damages"
"EVT-BSEE-0085","UNIQUE","EVT-BSEE-0085","Unique event fingerprint","Bureau of Safety and Environmental Enforcement (BSEE)","https://www.bsee.gov/safety-alerts/bsee-safety-alert-432-bsee-identifies-maintenance-and-certification-issues-of-rental"
"EVT-BSEE-0086","UNIQUE","EVT-BSEE-0086","Unique event fingerprint","Bureau of Safety and Environmental Enforcement (BSEE)","https://www.bsee.gov/safety-alerts/bsee-safety-alert-431-galley-and-living-quarter-fires"
"EVT-BSEE-0087","UNIQUE","EVT-BSEE-0087","Unique event fingerprint","Bureau of Safety and Environmental Enforcement (BSEE)","https://www.bsee.gov/safety-alerts/bsee-safety-alert-430-offshore-workers-exposed-to-biological-hazards"
"EVT-BSEE-0088","UNIQUE","EVT-BSEE-0088","Unique event fingerprint","Bureau of Safety and Environmental Enforcement (BSEE)","https://www.bsee.gov/safety-alerts/bsee-safety-alert-429-jacking-up-lift-boat-during-crane-operations"
"EVT-BSEE-0089","UNIQUE","EVT-BSEE-0089","Unique event fingerprint","Bureau of Safety and Environmental Enforcement (BSEE)","https://www.bsee.gov/safety-alerts/bsee-safety-alert-428-flexible-intermediate-bulk-container-fibc-parted-straps-result"
"EVT-BSEE-0090","UNIQUE","EVT-BSEE-0090","Unique event fingerprint","Bureau of Safety and Environmental Enforcement (BSEE)","https://www.bsee.gov/safety-alerts/bsee-safety-alert-427-hazards-when-replacing-grating"
"EVT-BSEE-0091","UNIQUE","EVT-BSEE-0091","Unique event fingerprint","Bureau of Safety and Environmental Enforcement (BSEE)","https://www.bsee.gov/safety-alerts/bsee-safety-alert-426-bsee-identifies-dropped-object-hazards-during-risk-based"
"EVT-BSEE-0092","UNIQUE","EVT-BSEE-0092","Unique event fingerprint","Bureau of Safety and Environmental Enforcement (BSEE)","https://www.bsee.gov/safety-alerts/bsee-safety-alert-425-drawworks-parking-brake-failure"
"EVT-BSEE-0093","UNIQUE","EVT-BSEE-0093","Unique event fingerprint","Bureau of Safety and Environmental Enforcement (BSEE)","https://www.bsee.gov/safety-alerts/bsee-safety-alert-424-recent-uptick-in-lifting-injuries-due-to-unrecognized-pinch"
"EVT-BSEE-0094","UNIQUE","EVT-BSEE-0094","Unique event fingerprint","Bureau of Safety and Environmental Enforcement (BSEE)","https://www.bsee.gov/safety-alerts/bsee-safety-alert-423-bsee-inspector-nearly-falls-through-unsecure-grating"
"EVT-BSEE-0095","UNIQUE","EVT-BSEE-0095","Unique event fingerprint","Bureau of Safety and Environmental Enforcement (BSEE)","https://www.bsee.gov/safety-alerts/bsee-safety-alert-422-miscommunication-of-load-weight-leads-to-a-lifting-high"
"EVT-BSEE-0096","UNIQUE","EVT-BSEE-0096","Unique event fingerprint","Bureau of Safety and Environmental Enforcement (BSEE)","https://www.bsee.gov/safety-alerts/bsee-safety-alert-421-metal-obstructions-lead-to-hand-injuries"
"EVT-BSEE-0097","UNIQUE","EVT-BSEE-0097","Unique event fingerprint","Bureau of Safety and Environmental Enforcement (BSEE)","https://www.bsee.gov/safety-alerts/safety-alert-420-employee-injures-hand-in-rotating-equipment"
"EVT-BSEE-0098","UNIQUE","EVT-BSEE-0098","Unique event fingerprint","Bureau of Safety and Environmental Enforcement (BSEE)","https://www.bsee.gov/safety-alerts/bsee-safety-alert-419-failed-seal-on-subsea-safety-valve-causes-leak"
"EVT-BSEE-0099","UNIQUE","EVT-BSEE-0099","Unique event fingerprint","Bureau of Safety and Environmental Enforcement (BSEE)","https://www.bsee.gov/safety-alerts/bsee-safety-alert-418-failure-to-revise-job-safety-analysis-leads-to-injury"
"EVT-BSEE-0100","UNIQUE","EVT-BSEE-0100","Unique event fingerprint","Bureau of Safety and Environmental Enforcement (BSEE)","https://www.bsee.gov/safety-alerts/bsee-safety-alert-417-inadquate-operation-of-circuit-breaker"
"EVT-BSEE-0101","UNIQUE","EVT-BSEE-0101","Unique event fingerprint","Bureau of Safety and Environmental Enforcement (BSEE)","https://www.bsee.gov/safety-alerts/bsee-saftey-alert-416-investigation-into-grating-failure-fatality-reveals-deficiencies"
"EVT-BSEE-0102","UNIQUE","EVT-BSEE-0102","Unique event fingerprint","Bureau of Safety and Environmental Enforcement (BSEE)","https://www.bsee.gov/safety-alerts/bsee-safety-alert-415-inadequate-preparations-in-advance-of-inclement-weather-results"
"EVT-BSEE-0103","UNIQUE","EVT-BSEE-0103","Unique event fingerprint","Bureau of Safety and Environmental Enforcement (BSEE)","https://www.bsee.gov/safety-alerts/bsee-safety-alert-414-ship-allisions-result-in-severe-damage-to-fixed-facilities"
"EVT-BSEE-0104","UNIQUE","EVT-BSEE-0104","Unique event fingerprint","Bureau of Safety and Environmental Enforcement (BSEE)","https://www.bsee.gov/safety-alerts/bsee-safety-alert-413-hazards-identified-in-level-i-surveys-not-communicated-to"
"EVT-BSEE-0105","UNIQUE","EVT-BSEE-0105","Unique event fingerprint","Bureau of Safety and Environmental Enforcement (BSEE)","https://www.bsee.gov/safety-alerts/bsee-safety-alert-412-failure-to-follow-procedures-results-in-pollution-incidents"
"EVT-BSEE-0106","UNIQUE","EVT-BSEE-0106","Unique event fingerprint","Bureau of Safety and Environmental Enforcement (BSEE)","https://www.bsee.gov/safety-alerts/bsee-safety-alert-411-electrical-fire-damages-equipment-in-motor-control-center"
"EVT-BSEE-0107","UNIQUE","EVT-BSEE-0107","Unique event fingerprint","Bureau of Safety and Environmental Enforcement (BSEE)","https://www.bsee.gov/safety-alerts/safety-alert-410-damaged-electric-cord-results-in-arc"
"EVT-BSEE-0108","UNIQUE","EVT-BSEE-0108","Unique event fingerprint","Bureau of Safety and Environmental Enforcement (BSEE)","https://www.bsee.gov/safety-alerts/bsee-safety-alert-409-fall-from-platform-results-in-a-fatality"
"EVT-BSEE-0109","UNIQUE","EVT-BSEE-0109","Unique event fingerprint","Bureau of Safety and Environmental Enforcement (BSEE)","https://www.bsee.gov/safety-alerts/bsee-safety-alert-408-fire-damages-a-platforms-living-quarters-and-nearby-areas"
"EVT-BSEE-0110","UNIQUE","EVT-BSEE-0110","Unique event fingerprint","Bureau of Safety and Environmental Enforcement (BSEE)","https://www.bsee.gov/safety-alerts/bsee-safety-alert-407-risk-based-inspections-of-subsea-leak-detection-technology"
"EVT-BSEE-0111","UNIQUE","EVT-BSEE-0111","Unique event fingerprint","Bureau of Safety and Environmental Enforcement (BSEE)","https://www.bsee.gov/safety-alerts/bsee-safety-alert-406-labeling-removing-storing-and-installing-hatch-covers"
"EVT-BSEE-0112","UNIQUE","EVT-BSEE-0112","Unique event fingerprint","Bureau of Safety and Environmental Enforcement (BSEE)","https://www.bsee.gov/safety-alerts/bsee-safety-alert-405-blind-shear-rams-damaged-after-inadvertently-closing-on-tool"
"EVT-BSEE-0113","UNIQUE","EVT-BSEE-0113","Unique event fingerprint","Bureau of Safety and Environmental Enforcement (BSEE)","https://www.bsee.gov/safety-alerts/bsee-safety-alert-404-bsee-establishes-goal-to-reduce-lifting-incidents-by-50"
"EVT-BSEE-0114","UNIQUE","EVT-BSEE-0114","Unique event fingerprint","Bureau of Safety and Environmental Enforcement (BSEE)","https://www.bsee.gov/safety-alerts/bsee-safety-alert-403-findings-from-pandemic-management-risk-based-inspections"
"EVT-BSEE-0115","UNIQUE","EVT-BSEE-0115","Unique event fingerprint","Bureau of Safety and Environmental Enforcement (BSEE)","https://www.bsee.gov/safety-alerts/bsee-safety-alert-402-deficiencies-in-process-piping-cause-gas-release-incidents"
"EVT-BSEE-0116","UNIQUE","EVT-BSEE-0116","Unique event fingerprint","Bureau of Safety and Environmental Enforcement (BSEE)","https://www.bsee.gov/safety-alerts/bsee-safety-alert-401-bsee-identifies-improvements-to-hurricane-preparedness-during"
"EVT-BSEE-0117","UNIQUE","EVT-BSEE-0117","Unique event fingerprint","Bureau of Safety and Environmental Enforcement (BSEE)","https://www.bsee.gov/safety-alerts/bsee-safety-alert-400-trapped-pressure-ejects-rod-from-chamber-and-strikes-subsea"
"EVT-BSEE-0118","UNIQUE","EVT-BSEE-0118","Unique event fingerprint","Bureau of Safety and Environmental Enforcement (BSEE)","https://www.bsee.gov/safety-alerts/bsee-safety-alert-399-grating-failures-cause-a-fatality-and-a-serious-near-miss"
"EVT-BSEE-0119","UNIQUE","EVT-BSEE-0119","Unique event fingerprint","Bureau of Safety and Environmental Enforcement (BSEE)","https://www.bsee.gov/safety-alerts/bsee-safety-alert-398-lifeboat-failures-and-damage-occur-during-maintenance"
"EVT-BSEE-0120","UNIQUE","EVT-BSEE-0120","Unique event fingerprint","Bureau of Safety and Environmental Enforcement (BSEE)","https://www.bsee.gov/safety-alerts/bsee-safety-alert-397-fire-tube-hazards-increase-risk-of-flame-migration"
"EVT-BSEE-0121","UNIQUE","EVT-BSEE-0121","Unique event fingerprint","Bureau of Safety and Environmental Enforcement (BSEE)","https://www.bsee.gov/safety-alerts/bsee-safety-alert-396-risk-of-fires-from-adjustable-speed-drives-asds"
"EVT-BSEE-0122","UNIQUE","EVT-BSEE-0122","Unique event fingerprint","Bureau of Safety and Environmental Enforcement (BSEE)","https://www.bsee.gov/safety-alerts/bsee-safety-alert-395-electrical-equipment-in-hazardous-locations-increase-risk-of"
"EVT-BSEE-0123","UNIQUE","EVT-BSEE-0123","Unique event fingerprint","Bureau of Safety and Environmental Enforcement (BSEE)","https://www.bsee.gov/safety-alerts/bsee-safety-alert-394-recently-discovered-cybersecurity-vulnerabilities-may-impact"
"EVT-BSEE-0124","UNIQUE","EVT-BSEE-0124","Unique event fingerprint","Bureau of Safety and Environmental Enforcement (BSEE)","https://www.bsee.gov/safety-alerts/safety-alert-393-adverse-weather-and-sea-conditions-complicate-dynamic-lifts"
"EVT-BSEE-0125","UNIQUE","EVT-BSEE-0125","Unique event fingerprint","Bureau of Safety and Environmental Enforcement (BSEE)","https://www.bsee.gov/safety-alerts/safety-alert-392-personnel-transfer-injuries-escalate-over-1-year-period"
"EVT-BSEE-0126","UNIQUE","EVT-BSEE-0126","Unique event fingerprint","Bureau of Safety and Environmental Enforcement (BSEE)","https://www.bsee.gov/safety-alerts/safety-alert-391-improper-use-of-equipment-results-in-shock-loaded-crane-and-damaged"
"EVT-BSEE-0127","UNIQUE","EVT-BSEE-0127","Unique event fingerprint","Bureau of Safety and Environmental Enforcement (BSEE)","https://www.bsee.gov/safety-alerts/safety-alert-390-incorrect-elevator-assembly-injures-an-electric-line-helper"
"EVT-BSEE-0128","UNIQUE","EVT-BSEE-0128","Unique event fingerprint","Bureau of Safety and Environmental Enforcement (BSEE)","https://www.bsee.gov/safety-alerts/safety-alert-389-fatality-caused-by-freefalling-pipe-underscores-the-need-to-adhere-to"
"EVT-BSEE-0129","UNIQUE","EVT-BSEE-0129","Unique event fingerprint","Bureau of Safety and Environmental Enforcement (BSEE)","https://www.bsee.gov/safety-alerts/safety-alert-388-malfunctioning-storage-batteries-cause-fires-and-explosions"
"EVT-BSEE-0130","UNIQUE","EVT-BSEE-0130","Unique event fingerprint","Bureau of Safety and Environmental Enforcement (BSEE)","https://www.bsee.gov/safety-alerts/bsee-safety-alert-387-chemical-packing-leads-to-fire-extinguisher-failure"
"EVT-BSEE-0131","UNIQUE","EVT-BSEE-0131","Unique event fingerprint","Bureau of Safety and Environmental Enforcement (BSEE)","https://www.bsee.gov/safety-alerts/bsee-safety-alert-386-turbo-and-exhaust-manifold-fires-related-to-engines"
"EVT-BSEE-0132","UNIQUE","EVT-BSEE-0132","Unique event fingerprint","Bureau of Safety and Environmental Enforcement (BSEE)","https://www.bsee.gov/safety-alerts/bsee-safety-alert-385-improper-installation-of-safety-device"
"EVT-BSEE-0133","UNIQUE","EVT-BSEE-0133","Unique event fingerprint","Bureau of Safety and Environmental Enforcement (BSEE)","https://www.bsee.gov/safety-alerts/bsee-safety-alert-384-preventing-static-discharge"
"EVT-BSEE-0134","UNIQUE","EVT-BSEE-0134","Unique event fingerprint","Bureau of Safety and Environmental Enforcement (BSEE)","https://www.bsee.gov/safety-alerts/safety-alert-383-lifting-incidents-involving-tote-tanks"
"EVT-BSEE-0135","UNIQUE","EVT-BSEE-0135","Unique event fingerprint","Bureau of Safety and Environmental Enforcement (BSEE)","https://www.bsee.gov/safety-alerts/bsee-safety-alert-382-bseesafe-subscribers"
"EVT-BSEE-0136","UNIQUE","EVT-BSEE-0136","Unique event fingerprint","Bureau of Safety and Environmental Enforcement (BSEE)","https://www.bsee.gov/safety-alerts/bsee-safety-alert-381-common-operator-deficiencies-discovered-by-sems"
"EVT-BSEE-0137","UNIQUE","EVT-BSEE-0137","Unique event fingerprint","Bureau of Safety and Environmental Enforcement (BSEE)","https://www.bsee.gov/safety-alerts/safety-alert-380-subsea-jumper-failure-leads-to-leak"
"EVT-BSEE-0138","UNIQUE","EVT-BSEE-0138","Unique event fingerprint","Bureau of Safety and Environmental Enforcement (BSEE)","https://www.bsee.gov/safety-alerts/safety-alert-379-broken-compressor-heat-exchanger-causes-fire"
"EVT-BSEE-0139","UNIQUE","EVT-BSEE-0139","Unique event fingerprint","Bureau of Safety and Environmental Enforcement (BSEE)","https://www.bsee.gov/safety-alerts/safety-alert-378-unsecured-trough-drain-grating-poses-tripping-hazard"
"EVT-BSEE-0140","UNIQUE","EVT-BSEE-0140","Unique event fingerprint","Bureau of Safety and Environmental Enforcement (BSEE)","https://www.bsee.gov/safety-alerts/safety-alert-377-improperly-bypassed-safety-devices-poses-work-and-environmental"
"EVT-BSEE-0141","UNIQUE","EVT-BSEE-0141","Unique event fingerprint","Bureau of Safety and Environmental Enforcement (BSEE)","https://www.bsee.gov/safety-alerts/safety-alert-376-rig-floorman-pinned-by-moving-equipment"
"EVT-BSEE-0142","UNIQUE","EVT-BSEE-0142","Unique event fingerprint","Bureau of Safety and Environmental Enforcement (BSEE)","https://www.bsee.gov/safety-alerts/safety-alert-375-oem-publishes-safety-notice-on-defective-shackles"
"EVT-BSEE-0143","UNIQUE","EVT-BSEE-0143","Unique event fingerprint","Bureau of Safety and Environmental Enforcement (BSEE)","https://www.bsee.gov/safety-alerts/safety-alert-374-air-compressor-flaws-lead-to-engine-fire"
"EVT-BSEE-0144","UNIQUE","EVT-BSEE-0144","Unique event fingerprint","Bureau of Safety and Environmental Enforcement (BSEE)","https://www.bsee.gov/safety-alerts/safety-alert-373-lightning-strikes-threaten-aircraft-on-helidecks"
"EVT-BSEE-0145","UNIQUE","EVT-BSEE-0145","Unique event fingerprint","Bureau of Safety and Environmental Enforcement (BSEE)","https://www.bsee.gov/safety-alerts/safety-alert-372-improper-use-of-equipment-causes-blasting-cap-misfire"
"EVT-BSEE-0146","UNIQUE","EVT-BSEE-0146","Unique event fingerprint","Bureau of Safety and Environmental Enforcement (BSEE)","https://www.bsee.gov/safety-alerts/safety-alert-371-conductor-failures-put-workers-safety-and-the-environment-at-risk"
"EVT-BSEE-0147","UNIQUE","EVT-BSEE-0147","Unique event fingerprint","Bureau of Safety and Environmental Enforcement (BSEE)","https://www.bsee.gov/safety-alerts/safety-alert-370-overcharged-battery-in-non-ventilated-box"
"EVT-BSEE-0148","UNIQUE","EVT-BSEE-0148","Unique event fingerprint","Bureau of Safety and Environmental Enforcement (BSEE)","https://www.bsee.gov/safety-alerts/safety-alert-369-non-oem-parts-were-significant-causal-factors-in-two-recent-loss-of"
"EVT-BSEE-0149","UNIQUE","EVT-BSEE-0149","Unique event fingerprint","Bureau of Safety and Environmental Enforcement (BSEE)","https://www.bsee.gov/safety-alerts/inadvertent-opening-of-valve-under-pressure-causes-injury"
"EVT-BSEE-0150","UNIQUE","EVT-BSEE-0150","Unique event fingerprint","Bureau of Safety and Environmental Enforcement (BSEE)","https://www.bsee.gov/safety-alerts/safety-alert-367-saturated-glycol-handling-leads-to-fire"
"EVT-BSEE-0151","UNIQUE","EVT-BSEE-0151","Unique event fingerprint","Bureau of Safety and Environmental Enforcement (BSEE)","https://www.bsee.gov/safety-alerts/safety-alert-366-dangerous-levels-of-h2s-detected-at-offshore-facilities"
"EVT-BSEE-0152","UNIQUE","EVT-BSEE-0152","Unique event fingerprint","Bureau of Safety and Environmental Enforcement (BSEE)","https://www.bsee.gov/safety-alerts/safety-alert-365-bsee-identified-grating-and-open-hole-hazards-during-risk-based"
"EVT-BSEE-0153","UNIQUE","EVT-BSEE-0153","Unique event fingerprint","Bureau of Safety and Environmental Enforcement (BSEE)","https://www.bsee.gov/safety-alerts/safety-alert-364-improper-riser-tension-leads-to-subsea-bop-falling-off-wellhead"
"EVT-BSEE-0154","UNIQUE","EVT-BSEE-0154","Unique event fingerprint","Bureau of Safety and Environmental Enforcement (BSEE)","https://www.bsee.gov/safety-alerts/safety-alert-362-poor-tag-line-awareness-leads-to-multiple-incidents"
"EVT-BSEE-0155","UNIQUE","EVT-BSEE-0155","Unique event fingerprint","Bureau of Safety and Environmental Enforcement (BSEE)","https://www.bsee.gov/safety-alerts/safety-alert-361-multiple-crane-incidents-during-heavy-lifting-operations"
"EVT-BSEE-0156","UNIQUE","EVT-BSEE-0156","Unique event fingerprint","Bureau of Safety and Environmental Enforcement (BSEE)","https://www.bsee.gov/safety-alerts/safety-alert-360-collision-leads-to-significant-near-miss"
"EVT-BSEE-0157","UNIQUE","EVT-BSEE-0157","Unique event fingerprint","Bureau of Safety and Environmental Enforcement (BSEE)","https://www.bsee.gov/safety-alerts/safety-alert-359-unsafe-use-of-pipe-wrenches-discovered-during-inspection"
"EVT-BSEE-0158","UNIQUE","EVT-BSEE-0158","Unique event fingerprint","Bureau of Safety and Environmental Enforcement (BSEE)","https://www.bsee.gov/safety-alerts/safety-alert-358-dislodged-boom-pawl-pin-unnoticed-by-crane-operator-during-pre-use"
"EVT-BSEE-0159","UNIQUE","EVT-BSEE-0159","Unique event fingerprint","Bureau of Safety and Environmental Enforcement (BSEE)","https://www.bsee.gov/safety-alerts/safety-alert-357-reporting-unsafe-work-conditions"
"EVT-BSEE-0160","UNIQUE","EVT-BSEE-0160","Unique event fingerprint","Bureau of Safety and Environmental Enforcement (BSEE)","https://www.bsee.gov/safety-alerts/safety-alert-356-pipeline-pigs-inadvertently-launched-in-close-proximity-of-personnel"
"EVT-BSEE-0161","UNIQUE","EVT-BSEE-0161","Unique event fingerprint","Bureau of Safety and Environmental Enforcement (BSEE)","https://www.bsee.gov/safety-alerts/safety-alert-355-recent-safety-notices-on-deficient-harnesses-and-gloves"
"EVT-BSEE-0162","UNIQUE","EVT-BSEE-0162","Unique event fingerprint","Bureau of Safety and Environmental Enforcement (BSEE)","https://www.bsee.gov/safety-alerts/safety-alert-354-fire-in-smoking-area-linked-to-cigarette-butt-container"
"EVT-BSEE-0163","UNIQUE","EVT-BSEE-0163","Unique event fingerprint","Bureau of Safety and Environmental Enforcement (BSEE)","https://www.bsee.gov/safety-alerts/safety-alert-353-offshore-employees-fall-through-grating-and-open-hole"
"EVT-BSEE-0164","UNIQUE","EVT-BSEE-0164","Unique event fingerprint","Bureau of Safety and Environmental Enforcement (BSEE)","https://www.bsee.gov/safety-alerts/safety-alert-352-boat-landing-incident"
"EVT-BSEE-0165","UNIQUE","EVT-BSEE-0165","Unique event fingerprint","Bureau of Safety and Environmental Enforcement (BSEE)","https://www.bsee.gov/safety-alerts/safety-alert-351-bsee-identifies-rig-operations-hazards-during-risk-based-inspections"
"EVT-BSEE-0166","UNIQUE","EVT-BSEE-0166","Unique event fingerprint","Bureau of Safety and Environmental Enforcement (BSEE)","https://www.bsee.gov/safety-alerts/safety-alert-350-fires-on-facilities-caused-by-use-of-outdoor-grills"
"EVT-BSEE-0167","UNIQUE","EVT-BSEE-0167","Unique event fingerprint","Bureau of Safety and Environmental Enforcement (BSEE)","https://www.bsee.gov/safety-alerts/safety-alert-349-shackle-assembles-may-have-condition-that-reduces-the-ultimate-load"
"EVT-BSEE-0168","UNIQUE","EVT-BSEE-0168","Unique event fingerprint","Bureau of Safety and Environmental Enforcement (BSEE)","https://www.bsee.gov/safety-alerts/safety-alert-348-chemical-leak-in-flying-lead-discovered-by-rov"
"EVT-BSEE-0169","UNIQUE","EVT-BSEE-0169","Unique event fingerprint","Bureau of Safety and Environmental Enforcement (BSEE)","https://www.bsee.gov/safety-alerts/safety-alert-347-dropped-riser-joint-nearly-crushes-floorhand"
"EVT-BSEE-0170","UNIQUE","EVT-BSEE-0170","Unique event fingerprint","Bureau of Safety and Environmental Enforcement (BSEE)","https://www.bsee.gov/safety-alerts/safety-alert-346-fractures-found-on-stainless-steel-fittings"
"EVT-BSEE-0171","UNIQUE","EVT-BSEE-0171","Unique event fingerprint","Bureau of Safety and Environmental Enforcement (BSEE)","https://www.bsee.gov/safety-alerts/safety-alert-345-sprag-brake-clutch-failure-leads-to-near-miss"
"EVT-BSEE-0172","UNIQUE","EVT-BSEE-0172","Unique event fingerprint","Bureau of Safety and Environmental Enforcement (BSEE)","https://www.bsee.gov/safety-alerts/safety-alert-344-chemical-containment-release"
"EVT-BSEE-0173","UNIQUE","EVT-BSEE-0173","Unique event fingerprint","Bureau of Safety and Environmental Enforcement (BSEE)","https://www.bsee.gov/safety-alerts/safety-alert-343-working-at-heights-near-or-over-water"
"EVT-BSEE-0174","UNIQUE","EVT-BSEE-0174","Unique event fingerprint","Bureau of Safety and Environmental Enforcement (BSEE)","https://www.bsee.gov/safety-alerts/safety-alert-342-hydraulic-boom-cylinder-failures"
"EVT-BSEE-0175","UNIQUE","EVT-BSEE-0175","Unique event fingerprint","Bureau of Safety and Environmental Enforcement (BSEE)","https://www.bsee.gov/safety-alerts/safety-alert-341-fired-vessel-hazards-identified-by-bsee-in-risk-based-inspections"
"EVT-BSEE-0176","UNIQUE","EVT-BSEE-0176","Unique event fingerprint","Bureau of Safety and Environmental Enforcement (BSEE)","https://www.bsee.gov/safety-alerts/safety-alert-340-caisson-well-surface-safety-valve-actuator-explodes"
"EVT-BSEE-0177","UNIQUE","EVT-BSEE-0177","Unique event fingerprint","Bureau of Safety and Environmental Enforcement (BSEE)","https://www.bsee.gov/safety-alerts/safety-alert-339-running-of-gas-sensing-line-in-cable-tray-leads-to-fire"
"EVT-BSEE-0178","UNIQUE","EVT-BSEE-0178","Unique event fingerprint","Bureau of Safety and Environmental Enforcement (BSEE)","https://www.bsee.gov/safety-alerts/safety-alert-338-pressure-safety-element-rupture-disk-failures"
"EVT-BSEE-0179","UNIQUE","EVT-BSEE-0179","Unique event fingerprint","Bureau of Safety and Environmental Enforcement (BSEE)","https://www.bsee.gov/safety-alerts/safety-alert-337-fires-caused-by-electronic-device-chargers"
"EVT-BSEE-0180","UNIQUE","EVT-BSEE-0180","Unique event fingerprint","Bureau of Safety and Environmental Enforcement (BSEE)","https://www.bsee.gov/safety-alerts/safety-alert-336-recurring-hand-injury-incidents-on-the-ocs"
"EVT-BSEE-0181","UNIQUE","EVT-BSEE-0181","Unique event fingerprint","Bureau of Safety and Environmental Enforcement (BSEE)","https://www.bsee.gov/safety-alerts/safety-alert-335-failure-to-mitigate-known-hazards-leads-to-kick"
"EVT-BSEE-0182","UNIQUE","EVT-BSEE-0182","Unique event fingerprint","Bureau of Safety and Environmental Enforcement (BSEE)","https://www.bsee.gov/safety-alerts/safety-alert-334-benzene-level-exceeds-exposure-limits"
"EVT-BSEE-0183","UNIQUE","EVT-BSEE-0183","Unique event fingerprint","Bureau of Safety and Environmental Enforcement (BSEE)","https://www.bsee.gov/safety-alerts/safety-alert-333-floating-production-platform-evacuated-amid-power-outage"
"EVT-BSEE-0184","UNIQUE","EVT-BSEE-0184","Unique event fingerprint","Bureau of Safety and Environmental Enforcement (BSEE)","https://www.bsee.gov/safety-alerts/safety-alert-332-crane-hazards-identified-by-bsee-in-risk-based-inspections"
"EVT-BSEE-0185","UNIQUE","EVT-BSEE-0185","Unique event fingerprint","Bureau of Safety and Environmental Enforcement (BSEE)","https://www.bsee.gov/safety-alerts/safety-alert-331-personnel-transfers-by-swing-rope-and-personnel-basket"
"EVT-BSEE-0186","UNIQUE","EVT-BSEE-0186","Unique event fingerprint","Bureau of Safety and Environmental Enforcement (BSEE)","https://www.bsee.gov/safety-alerts/safety-alert-330-msa-gravity-welder-harnesses"
"EVT-BSEE-0187","UNIQUE","EVT-BSEE-0187","Unique event fingerprint","Bureau of Safety and Environmental Enforcement (BSEE)","https://www.bsee.gov/safety-alerts/safety-alert-329-potentially-catastrophic-crane-and-lifting-incidents"
"EVT-BSEE-0188","UNIQUE","EVT-BSEE-0188","Unique event fingerprint","Bureau of Safety and Environmental Enforcement (BSEE)","https://www.bsee.gov/safety-alerts/safety-alert-328-gas-release-hazards-identified-by-bsee"
"EVT-BSEE-0189","UNIQUE","EVT-BSEE-0189","Unique event fingerprint","Bureau of Safety and Environmental Enforcement (BSEE)","https://www.bsee.gov/safety-alerts/safety-alert-327-failure-to-properly-purge-compressors-leads-to-explosions"
"EVT-BSEE-0190","UNIQUE","EVT-BSEE-0190","Unique event fingerprint","Bureau of Safety and Environmental Enforcement (BSEE)","https://www.bsee.gov/safety-alerts/safety-alert-326-floorhand-pinned-in-hazardous-area"
"EVT-BSEE-0191","UNIQUE","EVT-BSEE-0191","Unique event fingerprint","Bureau of Safety and Environmental Enforcement (BSEE)","https://www.bsee.gov/safety-alerts/safety-alert-325-bolt-failures-october-18-2017"
"EVT-BSEE-0192","UNIQUE","EVT-BSEE-0192","Unique event fingerprint","Bureau of Safety and Environmental Enforcement (BSEE)","https://www.bsee.gov/safety-alerts/safety-alert-324-serious-incidents-associated-with-pipe-racking-systems"
"EVT-BSEE-0193","UNIQUE","EVT-BSEE-0193","Unique event fingerprint","Bureau of Safety and Environmental Enforcement (BSEE)","https://www.bsee.gov/safety-alerts/safety-alert-323-subsea-flowline-failure-causes-pollution-incident-and-delayed"
"EVT-BSEE-0194","UNIQUE","EVT-BSEE-0194","Unique event fingerprint","Bureau of Safety and Environmental Enforcement (BSEE)","https://www.bsee.gov/safety-alerts/safety-alert-322-helideck-obstructions-and-compounding-procedural-errors-contribute-to"
"EVT-BSEE-0195","UNIQUE","EVT-BSEE-0195","Unique event fingerprint","Bureau of Safety and Environmental Enforcement (BSEE)","https://www.bsee.gov/safety-alerts/safety-alert-321-additional-catastrophic-incident-attributed-to-ejection-of-traveling"
"EVT-BSEE-0196","UNIQUE","EVT-BSEE-0196","Unique event fingerprint","Bureau of Safety and Environmental Enforcement (BSEE)","https://www.bsee.gov/safety-alerts/safety-alert-320-automatic-pipe-handling-system-drops-drill-pipe-june-27-2016"
"EVT-BSEE-0197","UNIQUE","EVT-BSEE-0197","Unique event fingerprint","Bureau of Safety and Environmental Enforcement (BSEE)","https://www.bsee.gov/safety-alerts/safety/safety-alert-319-chemical-injection-point-corrosion-causes-production-header"
"EVT-BSEE-0198","UNIQUE","EVT-BSEE-0198","Unique event fingerprint","Bureau of Safety and Environmental Enforcement (BSEE)","https://www.bsee.gov/safety-alerts/safety/safety-alert-318-connector-and-bolt-failures"
"EVT-BSEE-0199","UNIQUE","EVT-BSEE-0199","Unique event fingerprint","Bureau of Safety and Environmental Enforcement (BSEE)","https://www.bsee.gov/safety-alerts/safety-alert-317-catastrophic-incident-avoided-june-12-2015"
"EVT-BSEE-0200","UNIQUE","EVT-BSEE-0200","Unique event fingerprint","Bureau of Safety and Environmental Enforcement (BSEE)","https://www.bsee.gov/safety-alerts/safety-alert-316-aviation-near-miss-june-12-2015"
"EVT-BSEE-0201","UNIQUE","EVT-BSEE-0201","Unique event fingerprint","Bureau of Safety and Environmental Enforcement (BSEE)","https://www.bsee.gov/safety-alerts/safety-alert-315-dynamic-positioning-system-failures-on-offshore-supply-vessels"
"EVT-BSEE-0202","UNIQUE","EVT-BSEE-0202","Unique event fingerprint","Bureau of Safety and Environmental Enforcement (BSEE)","https://www.bsee.gov/safety-alerts/safety-alert-314-operator-electrocuted-trying-to-charge-a-battery-september-23-2014"
"EVT-BSEE-0203","UNIQUE","EVT-BSEE-0203","Unique event fingerprint","Bureau of Safety and Environmental Enforcement (BSEE)","https://www.bsee.gov/safety-alerts/safety/sa-313"
"EVT-BSEE-0204","UNIQUE","EVT-BSEE-0204","Unique event fingerprint","Bureau of Safety and Environmental Enforcement (BSEE)","https://www.bsee.gov/safety-alerts/public-engagement/safety-alert-312-dynamic-positioning-system-failures-on-vessels"
"EVT-BSEE-0205","UNIQUE","EVT-BSEE-0205","Unique event fingerprint","Bureau of Safety and Environmental Enforcement (BSEE)","https://www.bsee.gov/safety-alerts/aviation/safety-alert-311-methane-venting-hazard-to-helicopter-operations"
"EVT-BSEE-0206","UNIQUE","EVT-BSEE-0206","Unique event fingerprint","Bureau of Safety and Environmental Enforcement (BSEE)","https://www.bsee.gov/safety-alerts/safety/safety-alert-310-hydraulic-workover-unit-toppled-by-waterspout"
"EVT-BSEE-0207","UNIQUE","EVT-BSEE-0207","Unique event fingerprint","Bureau of Safety and Environmental Enforcement (BSEE)","https://www.bsee.gov/safety-alerts/safety/safety-alert-309-misuse-of-beam-clamps-as-ground"
"EVT-BSEE-0208","UNIQUE","EVT-BSEE-0208","Unique event fingerprint","Bureau of Safety and Environmental Enforcement (BSEE)","https://www.bsee.gov/safety-alerts/safety/safety-alert-308-overloading-leads-to-catastrophic-failure-of-crane-boom"
"EVT-BSEE-0209","UNIQUE","EVT-BSEE-0209","Unique event fingerprint","Bureau of Safety and Environmental Enforcement (BSEE)","https://www.bsee.gov/safety-alerts/safety/safety-alert-307-lower-stairwell-step-collapses-causing-injury"
"EVT-BSEE-0210","UNIQUE","EVT-BSEE-0210","Unique event fingerprint","Bureau of Safety and Environmental Enforcement (BSEE)","https://www.bsee.gov/safety-alerts/safety/safety-alert-306-trapped-pressure-beneath-a-tubing-plug-blows-work-string-from"
"EVT-BSEE-0211","UNIQUE","EVT-BSEE-0211","Unique event fingerprint","Bureau of Safety and Environmental Enforcement (BSEE)","https://www.bsee.gov/safety-alerts/safety/safety-alert-305-explosion-fire-and-fatalities-west-delta-block-32-platform-e"
"EVT-BSEE-0212","UNIQUE","EVT-BSEE-0212","Unique event fingerprint","Bureau of Safety and Environmental Enforcement (BSEE)","https://www.bsee.gov/safety-alerts/safety/safety-alert-304-boom-hoist-wire-rope-failure-results-in-fatality"
"EVT-BSEE-0213","UNIQUE","EVT-BSEE-0213","Unique event fingerprint","Bureau of Safety and Environmental Enforcement (BSEE)","https://www.bsee.gov/safety-alerts/safety/safety-alert-303-lower-marine-riser-package-lmrp-connector-failure"
"EVT-BSEE-0214","UNIQUE","EVT-BSEE-0214","Unique event fingerprint","Bureau of Safety and Environmental Enforcement (BSEE)","https://www.bsee.gov/safety-alerts/incident-and-investigations/safety-alert-302-pressure-beneath-a-surface-bridge-plug-blows-work-string-out-of-well"
"EVT-BSEE-0215","UNIQUE","EVT-BSEE-0215","Unique event fingerprint","Bureau of Safety and Environmental Enforcement (BSEE)","https://www.bsee.gov/safety-alerts/incident-and-investigations/safety-alert-301-fall-fatality-during-p-a-platform-abandonment"
"EVT-BSEE-0216","UNIQUE","EVT-BSEE-0216","Unique event fingerprint","Bureau of Safety and Environmental Enforcement (BSEE)","https://www.bsee.gov/safety-alerts/deepwater/safety-alert-300-unplanned-emergency-disconnect-sequence-eds-of-the-lower"
"EVT-BSEE-0217","UNIQUE","EVT-BSEE-0217","Unique event fingerprint","Bureau of Safety and Environmental Enforcement (BSEE)","https://www.bsee.gov/safety-alerts/safety/safety-alert-299-failure-to-properly-bleed-tubing-hanger-void-results-in-injury"
"EVT-BSEE-0218","UNIQUE","EVT-BSEE-0218","Unique event fingerprint","Bureau of Safety and Environmental Enforcement (BSEE)","https://www.bsee.gov/safety-alerts/incident-and-investigations/safety-alert-298-electric-line-failure-from-corrosion"
"EVT-BSEE-0219","UNIQUE","EVT-BSEE-0219","Unique event fingerprint","Bureau of Safety and Environmental Enforcement (BSEE)","https://www.bsee.gov/safety-alerts/safety/safety-alert-297-potable-water-pressure-tank-bladder-rupture"
"EVT-BSEE-0220","UNIQUE","EVT-BSEE-0220","Unique event fingerprint","Bureau of Safety and Environmental Enforcement (BSEE)","https://www.bsee.gov/safety-alerts/inspection-and-enforcement/safety-alert-296-catastrophic-failures-in-mooring-systems"
"EVT-BSEE-0221","UNIQUE","EVT-BSEE-0221","Unique event fingerprint","Bureau of Safety and Environmental Enforcement (BSEE)","https://www.bsee.gov/safety-alerts/incident-and-investigations/safety-alert-295-compressor-fire-resulting-from-separated-fuel"
"EVT-BSEE-0222","UNIQUE","EVT-BSEE-0222","Unique event fingerprint","Bureau of Safety and Environmental Enforcement (BSEE)","https://www.bsee.gov/safety-alerts/incident-and-investigations/safety-alert-294-blowout-preventer-automatic-mode-deadman"
"EVT-BSEE-0223","UNIQUE","EVT-BSEE-0223","Unique event fingerprint","Bureau of Safety and Environmental Enforcement (BSEE)","https://www.bsee.gov/safety-alerts/incident-and-investigations/safety-alert-293-platform-rtu-battery-charger-fire-march"
"EVT-BSEE-0224","UNIQUE","EVT-BSEE-0224","Unique event fingerprint","Bureau of Safety and Environmental Enforcement (BSEE)","https://www.bsee.gov/safety-alerts/incident-and-investigations/safety-alert-292-synthetic-base-mud-sbm-inadvertently"
"EVT-BSEE-0225","UNIQUE","EVT-BSEE-0225","Unique event fingerprint","Bureau of Safety and Environmental Enforcement (BSEE)","https://www.bsee.gov/safety-alerts/incident-and-investigations/sa-291pdf"
"EVT-BSEE-0226","UNIQUE","EVT-BSEE-0226","Unique event fingerprint","Bureau of Safety and Environmental Enforcement (BSEE)","https://www.bsee.gov/safety-alerts/incident-and-investigations/safety-alert-290-plugged-flame-arrestor-results-in-rupture"
"EVT-BSEE-0227","UNIQUE","EVT-BSEE-0227","Unique event fingerprint","Bureau of Safety and Environmental Enforcement (BSEE)","https://www.bsee.gov/safety-alerts/safety/sa-289pdf"
"EVT-BSEE-0228","UNIQUE","EVT-BSEE-0228","Unique event fingerprint","Bureau of Safety and Environmental Enforcement (BSEE)","https://www.bsee.gov/safety-alerts/safety-enforcement-sed/safety-alert-288-pipe-handling-operations-result-in-fatality"
"EVT-BSEE-0229","UNIQUE","EVT-BSEE-0229","Unique event fingerprint","Bureau of Safety and Environmental Enforcement (BSEE)","https://www.bsee.gov/safety-alerts/incident-and-investigations/safety-alert-287-hot-bolting-fire-june-6-2010"
"EVT-BSEE-0230","UNIQUE","EVT-BSEE-0230","Unique event fingerprint","Bureau of Safety and Environmental Enforcement (BSEE)","https://www.bsee.gov/safety-alerts/incident-and-investigations/safety-alert-286-fire-inside-ac-evaporator-enclosure"
"EVT-BSEE-0231","UNIQUE","EVT-BSEE-0231","Unique event fingerprint","Bureau of Safety and Environmental Enforcement (BSEE)","https://www.bsee.gov/safety-alerts/incident-and-investigations/sa-285pdf"
"EVT-BSEE-0232","UNIQUE","EVT-BSEE-0232","Unique event fingerprint","Bureau of Safety and Environmental Enforcement (BSEE)","https://www.bsee.gov/safety-alerts/incident-and-investigations/safety-alert-284-diverter-flow-event-december-15-2009"
"EVT-BSEE-0233","UNIQUE","EVT-BSEE-0233","Unique event fingerprint","Bureau of Safety and Environmental Enforcement (BSEE)","https://www.bsee.gov/safety-alerts/incident-and-investigations/safety-alert-283-crane-shock-loading-resulting-from-casing"
"EVT-BSEE-0234","UNIQUE","EVT-BSEE-0234","Unique event fingerprint","Bureau of Safety and Environmental Enforcement (BSEE)","https://www.bsee.gov/safety-alerts/incident-and-investigations/safety-alert-282-job-safety-analysis-jsa-july-23-2009"
"EVT-BSEE-0235","UNIQUE","EVT-BSEE-0235","Unique event fingerprint","Bureau of Safety and Environmental Enforcement (BSEE)","https://www.bsee.gov/safety-alerts/incident-and-investigations/safety-alert-281-drilling-rig-air-operated-hoist-operation"
"EVT-BSEE-0236","UNIQUE","EVT-BSEE-0236","Unique event fingerprint","Bureau of Safety and Environmental Enforcement (BSEE)","https://www.bsee.gov/safety-alerts/incident-and-investigations/safety-alert-280-worker-fatally-struck-by-moving-pipe"
"EVT-BSEE-0237","UNIQUE","EVT-BSEE-0237","Unique event fingerprint","Bureau of Safety and Environmental Enforcement (BSEE)","https://www.bsee.gov/safety-alerts/safety/sa-279pdf"
"EVT-BSEE-0238","UNIQUE","EVT-BSEE-0238","Unique event fingerprint","Bureau of Safety and Environmental Enforcement (BSEE)","https://www.bsee.gov/safety-alerts/incident-and-investigations/safety-alert-278-one-killed-when-oil-pollution-pan-falls"
"EVT-BSEE-0239","UNIQUE","EVT-BSEE-0239","Unique event fingerprint","Bureau of Safety and Environmental Enforcement (BSEE)","https://www.bsee.gov/safety-alerts/incident-and-investigations/safety-alert-277-mechanical-motion-equipment-injuries"
"EVT-BSEE-0240","UNIQUE","EVT-BSEE-0240","Unique event fingerprint","Bureau of Safety and Environmental Enforcement (BSEE)","https://www.bsee.gov/safety-alerts/incident-and-investigations/safety-alert-275-wellhead-damage-caused-by-hurricane"
"EVT-BSEE-0241","UNIQUE","EVT-BSEE-0241","Unique event fingerprint","Bureau of Safety and Environmental Enforcement (BSEE)","https://www.bsee.gov/safety-alerts/incident-and-investigations/safety-alert-274-wireline-bop-and-lubricator-ejection-into"
"EVT-BSEE-0242","UNIQUE","EVT-BSEE-0242","Unique event fingerprint","Bureau of Safety and Environmental Enforcement (BSEE)","https://www.bsee.gov/safety-alerts/incident-and-investigations/safety-alert-273-drilling-rig-generator-electrical"
"EVT-BSEE-0243","UNIQUE","EVT-BSEE-0243","Unique event fingerprint","Bureau of Safety and Environmental Enforcement (BSEE)","https://www.bsee.gov/safety-alerts/incident-and-investigations/sa-272pdf"
"EVT-BSEE-0244","UNIQUE","EVT-BSEE-0244","Unique event fingerprint","Bureau of Safety and Environmental Enforcement (BSEE)","https://www.bsee.gov/safety-alerts/incident-and-investigations/safety-alert-271-motor-vessel-to-platform-boat-landing"
"EVT-BSEE-0245","UNIQUE","EVT-BSEE-0245","Unique event fingerprint","Bureau of Safety and Environmental Enforcement (BSEE)","https://www.bsee.gov/safety-alerts/incident-and-investigations/safety-alert-270-dresser-rand-d-vip-compressor-cylinder"
"EVT-BSEE-0246","UNIQUE","EVT-BSEE-0246","Unique event fingerprint","Bureau of Safety and Environmental Enforcement (BSEE)","https://www.bsee.gov/safety-alerts/incident-and-investigations/safety-alert-269-loss-of-well-control-from-sustained"
"EVT-BSEE-0247","UNIQUE","EVT-BSEE-0247","Unique event fingerprint","Bureau of Safety and Environmental Enforcement (BSEE)","https://www.bsee.gov/safety-alerts/incident-and-investigations/safety-alert-268-traveling-block-assembly-strikes-crown"
"EVT-BSEE-0248","UNIQUE","EVT-BSEE-0248","Unique event fingerprint","Bureau of Safety and Environmental Enforcement (BSEE)","https://www.bsee.gov/safety-alerts/incident-and-investigations/safety-alert-267-post-hurricane-recovery-repair-and"
"EVT-BSEE-0249","UNIQUE","EVT-BSEE-0249","Unique event fingerprint","Bureau of Safety and Environmental Enforcement (BSEE)","https://www.bsee.gov/safety-alerts/incident-and-investigations/safety-alert-266-trouble-shooting-production-platform"
"EVT-BSEE-0250","UNIQUE","EVT-BSEE-0250","Unique event fingerprint","Bureau of Safety and Environmental Enforcement (BSEE)","https://www.bsee.gov/safety-alerts/incident-and-investigations/safety-alert-265-pipeline-ruptures-spilling-870-barrels-of"
"EVT-BSEE-0251","UNIQUE","EVT-BSEE-0251","Unique event fingerprint","Bureau of Safety and Environmental Enforcement (BSEE)","https://www.bsee.gov/safety-alerts/incident-and-investigations/safety-alert-264-dynamic-pipeline-riser-inspection"
"EVT-BSEE-0252","UNIQUE","EVT-BSEE-0252","Unique event fingerprint","Bureau of Safety and Environmental Enforcement (BSEE)","https://www.bsee.gov/safety-alerts/incident-and-investigations/safety-alert-263-pipeline-pump-fire-may-5-2008"
"EVT-BSEE-0253","UNIQUE","EVT-BSEE-0253","Unique event fingerprint","Bureau of Safety and Environmental Enforcement (BSEE)","https://www.bsee.gov/safety-alerts/incident-and-investigations/safety-alert-262-sudden-crane-boom-crash-injures-one-april"
"EVT-BSEE-0254","UNIQUE","EVT-BSEE-0254","Unique event fingerprint","Bureau of Safety and Environmental Enforcement (BSEE)","https://www.bsee.gov/safety-alerts/safety/safety-alert-261-manually-operated-drains-april-30-2008"
"EVT-BSEE-0255","UNIQUE","EVT-BSEE-0255","Unique event fingerprint","Bureau of Safety and Environmental Enforcement (BSEE)","https://www.bsee.gov/safety-alerts/incident-and-investigations/safety-alert-260-guide-post-fails-catastrophically-causes"
"EVT-BSEE-0256","UNIQUE","EVT-BSEE-0256","Unique event fingerprint","Bureau of Safety and Environmental Enforcement (BSEE)","https://www.bsee.gov/safety-alerts/incident-and-investigations/safety-alert-259-catastrophic-failures-in-mooring-systems"
"EVT-BSEE-0257","UNIQUE","EVT-BSEE-0257","Unique event fingerprint","Bureau of Safety and Environmental Enforcement (BSEE)","https://www.bsee.gov/safety-alerts/incident-and-investigations/safety-alert-258-falling-debris-causes-injury"
"EVT-BSEE-0258","UNIQUE","EVT-BSEE-0258","Unique event fingerprint","Bureau of Safety and Environmental Enforcement (BSEE)","https://www.bsee.gov/safety-alerts/incident-and-investigations/safety-alert-257-three-crane-accidents-caused-by-improper"
"EVT-BSEE-0259","UNIQUE","EVT-BSEE-0259","Unique event fingerprint","Bureau of Safety and Environmental Enforcement (BSEE)","https://www.bsee.gov/safety-alerts/incident-and-investigations/safety-alert-256-carbon-monoxide-poisoning"
"EVT-BSEE-0260","UNIQUE","EVT-BSEE-0260","Unique event fingerprint","Bureau of Safety and Environmental Enforcement (BSEE)","https://www.bsee.gov/safety-alerts/incident-and-investigations/safety-alert-255-compressor-explosion"
"EVT-BSEE-0261","UNIQUE","EVT-BSEE-0261","Unique event fingerprint","Bureau of Safety and Environmental Enforcement (BSEE)","https://www.bsee.gov/safety-alerts/incident-and-investigations/safety-alert-254-falling-drill-pipe-causes-fatality"
"EVT-BSEE-0262","UNIQUE","EVT-BSEE-0262","Unique event fingerprint","Bureau of Safety and Environmental Enforcement (BSEE)","https://www.bsee.gov/safety-alerts/incident-and-investigations/safety-alert-253-plug-and-abandonment-of-non-producing"
"EVT-BSEE-0263","UNIQUE","EVT-BSEE-0263","Unique event fingerprint","Bureau of Safety and Environmental Enforcement (BSEE)","https://www.bsee.gov/safety-alerts/incident-and-investigations/sa-252pdf"
"EVT-BSEE-0264","UNIQUE","EVT-BSEE-0264","Unique event fingerprint","Bureau of Safety and Environmental Enforcement (BSEE)","https://www.bsee.gov/safety-alerts/incident-and-investigations/safety-alert-251-collapse-of-pipe-supporting-coil-tubing"
"EVT-BSEE-0265","UNIQUE","EVT-BSEE-0265","Unique event fingerprint","Bureau of Safety and Environmental Enforcement (BSEE)","https://www.bsee.gov/safety-alerts/incident-and-investigations/safety-alert-250-plug-and-abandonment-operations-lead-to"
"EVT-BSEE-0266","UNIQUE","EVT-BSEE-0266","Unique event fingerprint","Bureau of Safety and Environmental Enforcement (BSEE)","https://www.bsee.gov/safety-alerts/incident-and-investigations/safety-alert-249-training"
"EVT-BSEE-0267","UNIQUE","EVT-BSEE-0267","Unique event fingerprint","Bureau of Safety and Environmental Enforcement (BSEE)","https://www.bsee.gov/safety-alerts/incident-and-investigations/sa-248pdf"
"EVT-BSEE-0268","UNIQUE","EVT-BSEE-0268","Unique event fingerprint","Bureau of Safety and Environmental Enforcement (BSEE)","https://www.bsee.gov/safety-alerts/incident-and-investigations/safety-alert-247-fatality-on-storm-damaged-platform"
"EVT-BSEE-0269","UNIQUE","EVT-BSEE-0269","Unique event fingerprint","Bureau of Safety and Environmental Enforcement (BSEE)","https://www.bsee.gov/safety-alerts/incident-and-investigations/safety-alert-246-stainless-steel-tubing-related-fires"
"EVT-BSEE-0270","UNIQUE","EVT-BSEE-0270","Unique event fingerprint","Bureau of Safety and Environmental Enforcement (BSEE)","https://www.bsee.gov/safety-alerts/incident-and-investigations/safety-alert-245-serious-fire-caused-by-methanol-sprayed"
"EVT-BSEE-0271","UNIQUE","EVT-BSEE-0271","Unique event fingerprint","Bureau of Safety and Environmental Enforcement (BSEE)","https://www.bsee.gov/safety-alerts/incident-and-investigations/safety-alert-244-two-injured-in-separate-incidents-from"
"EVT-BSEE-0272","UNIQUE","EVT-BSEE-0272","Unique event fingerprint","Bureau of Safety and Environmental Enforcement (BSEE)","https://www.bsee.gov/safety-alerts/incident-and-investigations/safety-alert-243-unplanned-riser-disconnect-results-in"
"EVT-BSEE-0273","UNIQUE","EVT-BSEE-0273","Unique event fingerprint","Bureau of Safety and Environmental Enforcement (BSEE)","https://www.bsee.gov/safety-alerts/incident-and-investigations/safety-alert-242-2006-fatalities-august-23-2006"
"EVT-BSEE-0274","UNIQUE","EVT-BSEE-0274","Unique event fingerprint","Bureau of Safety and Environmental Enforcement (BSEE)","https://www.bsee.gov/safety-alerts/incident-and-investigations/safety-alert-241-shallow-gas-blowout-and-rig-evacuation"
"EVT-BSEE-0275","UNIQUE","EVT-BSEE-0275","Unique event fingerprint","Bureau of Safety and Environmental Enforcement (BSEE)","https://www.bsee.gov/safety-alerts/incident-and-investigations/safety-alert-240-conducting-activities-in-the-vicinity-of"
"EVT-BSEE-0276","UNIQUE","EVT-BSEE-0276","Unique event fingerprint","Bureau of Safety and Environmental Enforcement (BSEE)","https://www.bsee.gov/safety-alerts/incident-and-investigations/safety-alert-239-casing-bleed-down-into-plastic-drum"
"EVT-BSEE-0277","UNIQUE","EVT-BSEE-0277","Unique event fingerprint","Bureau of Safety and Environmental Enforcement (BSEE)","https://www.bsee.gov/safety-alerts/safety/safety-alert-238-floorhand-crushed-during-a-through-rotary-man-riding-operation"
"EVT-BSEE-0278","UNIQUE","EVT-BSEE-0278","Unique event fingerprint","Bureau of Safety and Environmental Enforcement (BSEE)","https://www.bsee.gov/safety-alerts/safety/safety-alert-237-post-hurricane-construction-fatality-and-other-incidents"
"EVT-BSEE-0279","UNIQUE","EVT-BSEE-0279","Unique event fingerprint","Bureau of Safety and Environmental Enforcement (BSEE)","https://www.bsee.gov/safety-alerts/incident-and-investigations/safety-alert-236-fatality-caused-by-snagged-stabbing-board"
"EVT-BSEE-0280","UNIQUE","EVT-BSEE-0280","Unique event fingerprint","Bureau of Safety and Environmental Enforcement (BSEE)","https://www.bsee.gov/safety-alerts/incident-and-investigations/safety-alert-235-multiple-cable-transit-failures"
"EVT-BSEE-0281","UNIQUE","EVT-BSEE-0281","Unique event fingerprint","Bureau of Safety and Environmental Enforcement (BSEE)","https://www.bsee.gov/safety-alerts/safety/safety-alert-234-potential-obstructions-to-mariners-and-offshore-operators"
"EVT-BSEE-0282","EVENT_DUPLICATE","EVT-BSEE-0281","Matching normalized title and incident narrative fingerprint","Bureau of Safety and Environmental Enforcement (BSEE)","https://www.bsee.gov/safety-alerts/incident-and-investigations/safety-alert-234-potential-obstructions-to-mariners-and"
"EVT-BSEE-0283","UNIQUE","EVT-BSEE-0283","Unique event fingerprint","Bureau of Safety and Environmental Enforcement (BSEE)","https://www.bsee.gov/safety-alerts/safety/safety-alert-233-potential-obstructions-to-mariners-and-offshore-operators"
"EVT-BSEE-0284","EVENT_DUPLICATE","EVT-BSEE-0283","Matching normalized title and incident narrative fingerprint","Bureau of Safety and Environmental Enforcement (BSEE)","https://www.bsee.gov/safety-alerts/safety/sa-233-0"
"EVT-BSEE-0285","UNIQUE","EVT-BSEE-0285","Unique event fingerprint","Bureau of Safety and Environmental Enforcement (BSEE)","https://www.bsee.gov/safety-alerts/incident-and-investigations/safety-alert-233-potential-obstructions-to-mariners-and"
"EVT-BSEE-0286","UNIQUE","EVT-BSEE-0286","Unique event fingerprint","Bureau of Safety and Environmental Enforcement (BSEE)","https://www.bsee.gov/safety-alerts/safety/safety-alert-232-tropical-storm-preparedness"
"EVT-BSEE-0287","UNIQUE","EVT-BSEE-0287","Unique event fingerprint","Bureau of Safety and Environmental Enforcement (BSEE)","https://www.bsee.gov/safety-alerts/safety/safety-alert-231-human-engineering-factors-result-in-increasing-number-of-riser"
"EVT-BSEE-0288","EVENT_DUPLICATE","EVT-BSEE-0287","Matching normalized title and incident narrative fingerprint","Bureau of Safety and Environmental Enforcement (BSEE)","https://www.bsee.gov/safety-alerts/incident-and-investigations/safety-alert-231-human-engineering-factors-result-in"
"EVT-BSEE-0289","UNIQUE","EVT-BSEE-0289","Unique event fingerprint","Bureau of Safety and Environmental Enforcement (BSEE)","https://www.bsee.gov/safety-alerts/safety/safety-alert-230-equipment-failure-on-deepwater-rig-while-running-casing-in"
"EVT-BSEE-0290","UNIQUE","EVT-BSEE-0290","Unique event fingerprint","Bureau of Safety and Environmental Enforcement (BSEE)","https://www.bsee.gov/safety-alerts/safety/safety-alert-229-inadequate-job-planning-results-in-atmospheric-release-of-gas"
"EVT-BSEE-0291","UNIQUE","EVT-BSEE-0291","Unique event fingerprint","Bureau of Safety and Environmental Enforcement (BSEE)","https://www.bsee.gov/safety-alerts/safety/safety-alert-228-vent-gas-migrates-through-cable-entrance-hole-motor-control"
"EVT-BSEE-0292","UNIQUE","EVT-BSEE-0292","Unique event fingerprint","Bureau of Safety and Environmental Enforcement (BSEE)","https://www.bsee.gov/safety-alerts/safety/safety-alert-227-explosion-and-fire-on-platform-caused-by-improper-welding-and"
"EVT-BSEE-0293","UNIQUE","EVT-BSEE-0293","Unique event fingerprint","Bureau of Safety and Environmental Enforcement (BSEE)","https://www.bsee.gov/safety-alerts/safety/safety-alert-226-pressure-rise-to-surface-after-cementing-leads-to-burst-casing"
"EVT-BSEE-0294","UNIQUE","EVT-BSEE-0294","Unique event fingerprint","Bureau of Safety and Environmental Enforcement (BSEE)","https://www.bsee.gov/safety-alerts/safety/safety-alert-225-fatality-on-rig-caused-by-snagged-barricade"
"EVT-BSEE-0295","UNIQUE","EVT-BSEE-0295","Unique event fingerprint","Bureau of Safety and Environmental Enforcement (BSEE)","https://www.bsee.gov/safety-alerts/safety/safety-alert-224-erroneous-activation-of-dump-valve-causes-loss-of-165-bbls-of"
"EVT-BSEE-0296","UNIQUE","EVT-BSEE-0296","Unique event fingerprint","Bureau of Safety and Environmental Enforcement (BSEE)","https://www.bsee.gov/safety-alerts/safety/safety-alert-223-loss-of-well-control"
"EVT-BSEE-0297","UNIQUE","EVT-BSEE-0297","Unique event fingerprint","Bureau of Safety and Environmental Enforcement (BSEE)","https://www.bsee.gov/safety-alerts/safety/safety-alert-222-riser-flexible-joints"
"EVT-BSEE-0298","UNIQUE","EVT-BSEE-0298","Unique event fingerprint","Bureau of Safety and Environmental Enforcement (BSEE)","https://www.bsee.gov/safety-alerts/blowout-prevention/safety-alert-221-hanger-failure-and-ejection-lead-to-well-control"
"EVT-BSEE-0299","UNIQUE","EVT-BSEE-0299","Unique event fingerprint","Bureau of Safety and Environmental Enforcement (BSEE)","https://www.bsee.gov/safety-alerts/safety/safety-alert-220-lifting-fatality"
"EVT-BSEE-0300","UNIQUE","EVT-BSEE-0300","Unique event fingerprint","Bureau of Safety and Environmental Enforcement (BSEE)","https://www.bsee.gov/safety-alerts/safety/safety-alert-219-loss-of-well-control-while-drilling-surface-hole"
"EVT-BSEE-0301","UNIQUE","EVT-BSEE-0301","Unique event fingerprint","Bureau of Safety and Environmental Enforcement (BSEE)","https://www.bsee.gov/safety-alerts/safety/safety-alert-218-fall-results-in-fatality"
"EVT-BSEE-0302","UNIQUE","EVT-BSEE-0302","Unique event fingerprint","Bureau of Safety and Environmental Enforcement (BSEE)","https://www.bsee.gov/safety-alerts/safety/safety-alert-217-loss-of-control-associated-with-setting-surface-casing"
"EVT-BSEE-0303","UNIQUE","EVT-BSEE-0303","Unique event fingerprint","Bureau of Safety and Environmental Enforcement (BSEE)","https://www.bsee.gov/safety-alerts/safety/safety-alert-216-loss-of-well-control-annular-flow-after-cementing"
"EVT-BSEE-0304","UNIQUE","EVT-BSEE-0304","Unique event fingerprint","Bureau of Safety and Environmental Enforcement (BSEE)","https://www.bsee.gov/safety-alerts/safety/safety-alert-215-diving-fatality"
"EVT-BSEE-0305","UNIQUE","EVT-BSEE-0305","Unique event fingerprint","Bureau of Safety and Environmental Enforcement (BSEE)","https://www.bsee.gov/safety-alerts/safety/safety-alert-214-flash-fire-and-explosion-from-inadequately-vented-production"
"EVT-BSEE-0306","UNIQUE","EVT-BSEE-0306","Unique event fingerprint","Bureau of Safety and Environmental Enforcement (BSEE)","https://www.bsee.gov/safety-alerts/safety/safety-alert-213-marine-riser-failure"
"EVT-BSEE-0307","UNIQUE","EVT-BSEE-0307","Unique event fingerprint","Bureau of Safety and Environmental Enforcement (BSEE)","https://www.bsee.gov/safety-alerts/safety/safety-alert-212-shallow-gas-blowout-and-rig-evacuation"
"EVT-BSEE-0308","UNIQUE","EVT-BSEE-0308","Unique event fingerprint","Bureau of Safety and Environmental Enforcement (BSEE)","https://www.bsee.gov/safety-alerts/safety/safety-alert-211-pipeline-safety-joints"
"EVT-BSEE-0309","UNIQUE","EVT-BSEE-0309","Unique event fingerprint","Bureau of Safety and Environmental Enforcement (BSEE)","https://www.bsee.gov/safety-alerts/blowout-prevention/safety-alert-210-blowout-after-cementing-surface-casing"
"EVT-BSEE-0310","UNIQUE","EVT-BSEE-0310","Unique event fingerprint","Bureau of Safety and Environmental Enforcement (BSEE)","https://www.bsee.gov/safety-alerts/safety/safety-alert-209-crane-accident-on-the-norwegian-ocs"
"EVT-BSEE-0311","UNIQUE","EVT-BSEE-0311","Unique event fingerprint","Bureau of Safety and Environmental Enforcement (BSEE)","https://www.bsee.gov/safety-alerts/safety/safety-alert-208-loss-of-well-control"
"EVT-BSEE-0312","UNIQUE","EVT-BSEE-0312","Unique event fingerprint","Bureau of Safety and Environmental Enforcement (BSEE)","https://www.bsee.gov/safety-alerts/safety/safety-alert-207-rental-crane-bracing-failure-results-in-fatality"
"EVT-BSEE-0313","UNIQUE","EVT-BSEE-0313","Unique event fingerprint","Bureau of Safety and Environmental Enforcement (BSEE)","https://www.bsee.gov/safety-alerts/safety/safety-alert-206-fall-through-v-door-opening-results-in-fatality"
"EVT-BSEE-0314","UNIQUE","EVT-BSEE-0314","Unique event fingerprint","Bureau of Safety and Environmental Enforcement (BSEE)","https://www.bsee.gov/safety-alerts/blowout-prevention/safety-alert-205-blowout-results-in-fatality-and-injuries"
"EVT-BSEE-0315","UNIQUE","EVT-BSEE-0315","Unique event fingerprint","Bureau of Safety and Environmental Enforcement (BSEE)","https://www.bsee.gov/safety-alerts/safety/safety-alert-204-pipe-rack-finger-failure-results-in-fatality-and-injury"
"EVT-BSEE-0316","UNIQUE","EVT-BSEE-0316","Unique event fingerprint","Bureau of Safety and Environmental Enforcement (BSEE)","https://www.bsee.gov/safety-alerts/safety/safety-alert-203-job-safety-analysis-jsa"
"EVT-BSEE-0317","UNIQUE","EVT-BSEE-0317","Unique event fingerprint","Bureau of Safety and Environmental Enforcement (BSEE)","https://www.bsee.gov/safety-alerts/safety/safety-alert-202-temporarycranesupportfailure-fatality"
"EVT-BSEE-0318","UNIQUE","EVT-BSEE-0318","Unique event fingerprint","Bureau of Safety and Environmental Enforcement (BSEE)","https://www.bsee.gov/safety-alerts/safety/safety-alert-201-viton-o-rings-failure"
"EVT-BSEE-0319","UNIQUE","EVT-BSEE-0319","Unique event fingerprint","Bureau of Safety and Environmental Enforcement (BSEE)","https://www.bsee.gov/safety-alerts/safety/safety-alert-200-subsea-equipment-failure-leads-to-deepwater-gom-pollution"
"EVT-BSEE-0320","UNIQUE","EVT-BSEE-0320","Unique event fingerprint","Bureau of Safety and Environmental Enforcement (BSEE)","https://www.bsee.gov/safety-alerts/blowout-prevention/safety-alert-199-blowout-and-fire"
"EVT-BSEE-0321","UNIQUE","EVT-BSEE-0321","Unique event fingerprint","Bureau of Safety and Environmental Enforcement (BSEE)","https://www.bsee.gov/safety-alerts/safety/safety-alert-198-drilling-accident-results-in-fatality"
"EVT-BSEE-0322","UNIQUE","EVT-BSEE-0322","Unique event fingerprint","Bureau of Safety and Environmental Enforcement (BSEE)","https://www.bsee.gov/safety-alerts/safety/safety-alert-197-environmental-design-criteria"
"EVT-BSEE-0323","UNIQUE","EVT-BSEE-0323","Unique event fingerprint","Bureau of Safety and Environmental Enforcement (BSEE)","https://www.bsee.gov/safety-alerts/safety/safety-alert-196-cranes"
"EVT-BSEE-0324","UNIQUE","EVT-BSEE-0324","Unique event fingerprint","Bureau of Safety and Environmental Enforcement (BSEE)","https://www.bsee.gov/safety-alerts/safety/safety-alert-195-riser-skatecasing-handling-carts"
"EVT-BSEE-0325","UNIQUE","EVT-BSEE-0325","Unique event fingerprint","Bureau of Safety and Environmental Enforcement (BSEE)","https://www.bsee.gov/safety-alerts/safety/safety-alert-194-guardrails"
"EVT-BSEE-0326","UNIQUE","EVT-BSEE-0326","Unique event fingerprint","Bureau of Safety and Environmental Enforcement (BSEE)","https://www.bsee.gov/safety-alerts/safety/safety-alert-193-fall-results-in-fatality"
"EVT-BSEE-0327","UNIQUE","EVT-BSEE-0327","Unique event fingerprint","Bureau of Safety and Environmental Enforcement (BSEE)","https://www.bsee.gov/safety-alerts/safety/safety-alert-192-water-survival-craft"
"EVT-BSEE-0328","UNIQUE","EVT-BSEE-0328","Unique event fingerprint","Bureau of Safety and Environmental Enforcement (BSEE)","https://www.bsee.gov/safety-alerts/safety/safety-alert-191-drillship-draw-works-failure"
"EVT-BSEE-0329","UNIQUE","EVT-BSEE-0329","Unique event fingerprint","Bureau of Safety and Environmental Enforcement (BSEE)","https://www.bsee.gov/safety-alerts/safety/safety-alert-190-fall-results-in-fatality"
"EVT-BSEE-0330","UNIQUE","EVT-BSEE-0330","Unique event fingerprint","Bureau of Safety and Environmental Enforcement (BSEE)","https://www.bsee.gov/safety-alerts/safety/safety-alert-189-guardrails"
"EVT-BSEE-0331","UNIQUE","EVT-BSEE-0331","Unique event fingerprint","Bureau of Safety and Environmental Enforcement (BSEE)","https://www.bsee.gov/safety-alerts/safety/safety-alert-188-fire-with-fatality-and-injury"
"EVT-BSEE-0332","UNIQUE","EVT-BSEE-0332","Unique event fingerprint","Bureau of Safety and Environmental Enforcement (BSEE)","https://www.bsee.gov/safety-alerts/safety/safety-alert-187-coiled-tubing-incidents"
"EVT-BSEE-0333","UNIQUE","EVT-BSEE-0333","Unique event fingerprint","Bureau of Safety and Environmental Enforcement (BSEE)","https://www.bsee.gov/safety-alerts/safety/safety-alert-186-accidental-disconnect-of-marine-drilling-risers"
"EVT-BSEE-0334","UNIQUE","EVT-BSEE-0334","Unique event fingerprint","Bureau of Safety and Environmental Enforcement (BSEE)","https://www.bsee.gov/safety-alerts/safety/safety-alert-185-installation-and-inspection-of-concrete-mats"
"EVT-BSEE-0335","UNIQUE","EVT-BSEE-0335","Unique event fingerprint","Bureau of Safety and Environmental Enforcement (BSEE)","https://www.bsee.gov/safety-alerts/safety/safety-alert-184-fire-with-fatality-and-injuries"
"EVT-BSEE-0336","UNIQUE","EVT-BSEE-0336","Unique event fingerprint","Bureau of Safety and Environmental Enforcement (BSEE)","https://www.bsee.gov/safety-alerts/safety/safety-alert-183-electrical-shock-hazard"
"EVT-BSEE-0337","UNIQUE","EVT-BSEE-0337","Unique event fingerprint","Bureau of Safety and Environmental Enforcement (BSEE)","https://www.bsee.gov/safety-alerts/safety/safety-alert-182-post-hurricane-startup-procedures-fail-to-identify-pipeline"
"EVT-BSEE-0338","UNIQUE","EVT-BSEE-0338","Unique event fingerprint","Bureau of Safety and Environmental Enforcement (BSEE)","https://www.bsee.gov/safety-alerts/safety/safety-alert-181-rig-collapse-with-fatalities-and-injuries"
"EVT-BSEE-0339","UNIQUE","EVT-BSEE-0339","Unique event fingerprint","Bureau of Safety and Environmental Enforcement (BSEE)","https://www.bsee.gov/safety-alerts/safety/safety-alert-180-deepwater-gulf-of-mexico-ocs-currents"
"EVT-BSEE-0340","UNIQUE","EVT-BSEE-0340","Unique event fingerprint","Bureau of Safety and Environmental Enforcement (BSEE)","https://www.bsee.gov/safety-alerts/safety/safety-alert-179-drilling-accident-results-in-one-fatality"
"EVT-BSEE-0341","UNIQUE","EVT-BSEE-0341","Unique event fingerprint","Bureau of Safety and Environmental Enforcement (BSEE)","https://www.bsee.gov/safety-alerts/safety/safety-alert-178-trawl-net-snags-pipeline-resulting-in-oil-spill"
"EVT-BSEE-0342","UNIQUE","EVT-BSEE-0342","Unique event fingerprint","Bureau of Safety and Environmental Enforcement (BSEE)","https://www.bsee.gov/safety-alerts/safety/safety-alert-177-casing-blowdown-accident-and-fatality"
"EVT-BSEE-0343","UNIQUE","EVT-BSEE-0343","Unique event fingerprint","Bureau of Safety and Environmental Enforcement (BSEE)","https://www.bsee.gov/safety-alerts/safety/safety-alert-176-mud-logging-unit-explosion-and-fire"
"EVT-BSEE-0344","UNIQUE","EVT-BSEE-0344","Unique event fingerprint","Bureau of Safety and Environmental Enforcement (BSEE)","https://www.bsee.gov/safety-alerts/safety/safety-alert-175-list-of-safety-alerts-concerning-crane-accidents"
"EVT-BSEE-0345","UNIQUE","EVT-BSEE-0345","Unique event fingerprint","Bureau of Safety and Environmental Enforcement (BSEE)","https://www.bsee.gov/safety-alerts/safety/safety-alert-174-accumulation-of-gas-in-living-quarters-results-in-explosion"
"EVT-BSEE-0346","UNIQUE","EVT-BSEE-0346","Unique event fingerprint","Bureau of Safety and Environmental Enforcement (BSEE)","https://www.bsee.gov/safety-alerts/safety/safety-alert-173-pig-launcher-explosion-results-in-two-fatalities"
"EVT-BSEE-0347","UNIQUE","EVT-BSEE-0347","Unique event fingerprint","Bureau of Safety and Environmental Enforcement (BSEE)","https://www.bsee.gov/safety-alerts/safety/safety-alert-172-personnel-overexposed-to-carbon-monoxide"
"EVT-BSEE-0348","UNIQUE","EVT-BSEE-0348","Unique event fingerprint","Bureau of Safety and Environmental Enforcement (BSEE)","https://www.bsee.gov/safety-alerts/blowout-prevention/safety-alert-171-list-of-gulf-of-mexico-ocs-region-safety-alert-and"
"EVT-BSEE-0349","UNIQUE","EVT-BSEE-0349","Unique event fingerprint","Bureau of Safety and Environmental Enforcement (BSEE)","https://www.bsee.gov/safety-alerts/safety/safety-alert-170-stabbing-board-fatality-and-injury"
"EVT-BSEE-0350","UNIQUE","EVT-BSEE-0350","Unique event fingerprint","Bureau of Safety and Environmental Enforcement (BSEE)","https://www.bsee.gov/safety-alerts/safety/safety-alert-169-personnel-falls-result-in-three-fatalities"
"EVT-BSEE-0351","UNIQUE","EVT-BSEE-0351","Unique event fingerprint","Bureau of Safety and Environmental Enforcement (BSEE)","https://www.bsee.gov/safety-alerts/safety/safety-alert-168-twisted-valve-stem-and-ineffective-level-safety-high-result-in"
"EVT-BSEE-0352","UNIQUE","EVT-BSEE-0352","Unique event fingerprint","Bureau of Safety and Environmental Enforcement (BSEE)","https://www.bsee.gov/safety-alerts/safety/safety-alert-167-retrieval-of-back-pressure-valve-results-in-loss-of-well"
"EVT-BSEE-0353","UNIQUE","EVT-BSEE-0353","Unique event fingerprint","Bureau of Safety and Environmental Enforcement (BSEE)","https://www.bsee.gov/safety-alerts/safety/safety-alert-166-lifting-of-personnel-by-crane-proves-fatal"
"EVT-BSEE-0354","UNIQUE","EVT-BSEE-0354","Unique event fingerprint","Bureau of Safety and Environmental Enforcement (BSEE)","https://www.bsee.gov/safety-alerts/safety/safety-alert-165-shallow-gas-flows-while-cementing-surface-casing"
"EVT-BSEE-0355","UNIQUE","EVT-BSEE-0355","Unique event fingerprint","Bureau of Safety and Environmental Enforcement (BSEE)","https://www.bsee.gov/safety-alerts/safety/safety-alert-164-attempt-to-stand-gravel-pack-assembly-in-derrick-proves-fatal"
"EVT-BSEE-0356","UNIQUE","EVT-BSEE-0356","Unique event fingerprint","Bureau of Safety and Environmental Enforcement (BSEE)","https://www.bsee.gov/safety-alerts/safety/safety-alert-163-accidents-on-the-ocs-involving-drilling-rigs-derrick-barges"
"EVT-BSEE-0357","UNIQUE","EVT-BSEE-0357","Unique event fingerprint","Bureau of Safety and Environmental Enforcement (BSEE)","https://www.bsee.gov/safety-alerts/safety/safety-alert-162-accidents-on-the-ocs-involving-drilling-rigs-derrick-barges"
"EVT-BSEE-0358","UNIQUE","EVT-BSEE-0358","Unique event fingerprint","Bureau of Safety and Environmental Enforcement (BSEE)","https://www.bsee.gov/safety-alerts/safety/safety-alert-161-production-platform-gas-discharge-points"
"EVT-BSEE-0359","UNIQUE","EVT-BSEE-0359","Unique event fingerprint","Bureau of Safety and Environmental Enforcement (BSEE)","https://www.bsee.gov/safety-alerts/safety/safety-alert-160-exposed-subsea-valve-assemblies-create-hazards"
"EVT-BSEE-0360","UNIQUE","EVT-BSEE-0360","Unique event fingerprint","Bureau of Safety and Environmental Enforcement (BSEE)","https://www.bsee.gov/safety-alerts/safety/safety-alert-159-welder-burned-in-pipeline-accident"
"EVT-BSEE-0361","UNIQUE","EVT-BSEE-0361","Unique event fingerprint","Bureau of Safety and Environmental Enforcement (BSEE)","https://www.bsee.gov/safety-alerts/safety/safety-alert-158-water-treating-facility-upset-leads-to-fire-on-production"
"EVT-BSEE-0362","UNIQUE","EVT-BSEE-0362","Unique event fingerprint","Bureau of Safety and Environmental Enforcement (BSEE)","https://www.bsee.gov/safety-alerts/safety/safety-alert-157-wireline-accident-involving-the-formation-of-an-ice-plug-in"
"EVT-BSEE-0363","UNIQUE","EVT-BSEE-0363","Unique event fingerprint","Bureau of Safety and Environmental Enforcement (BSEE)","https://www.bsee.gov/safety-alerts/safety/safety-alert-156-fire-on-the-water-beneath-facilities"
"EVT-BSEE-0364","UNIQUE","EVT-BSEE-0364","Unique event fingerprint","Bureau of Safety and Environmental Enforcement (BSEE)","https://www.bsee.gov/safety-alerts/safety/safety-alert-155-fire-on-glycol-reboiler-due-to-carry-over-and-uninsulated"
"EVT-BSEE-0365","UNIQUE","EVT-BSEE-0365","Unique event fingerprint","Bureau of Safety and Environmental Enforcement (BSEE)","https://www.bsee.gov/safety-alerts/safety/safety-alert-154-flash-fire-during-portable-well-testing-operations"
"EVT-BSEE-0366","UNIQUE","EVT-BSEE-0366","Unique event fingerprint","Bureau of Safety and Environmental Enforcement (BSEE)","https://www.bsee.gov/safety-alerts/safety/safety-alert-153-fire-caused-by-cutting-torch-used-to-cut-tubing"
"EVT-BSEE-0367","UNIQUE","EVT-BSEE-0367","Unique event fingerprint","Bureau of Safety and Environmental Enforcement (BSEE)","https://www.bsee.gov/safety-alerts/safety/safety-alert-152-circulating-with-natural-gas-through-coil-tubing"
"EVT-BSEE-0368","UNIQUE","EVT-BSEE-0368","Unique event fingerprint","Bureau of Safety and Environmental Enforcement (BSEE)","https://www.bsee.gov/safety-alerts/safety/safety-alert-151-explosion-of-accumulated-gas-in-the-engine-room-of-a-supply"
"EVT-BSEE-0369","UNIQUE","EVT-BSEE-0369","Unique event fingerprint","Bureau of Safety and Environmental Enforcement (BSEE)","https://www.bsee.gov/safety-alerts/safety/safety-alert-150-fire-occurs-during-cutting-operation-to-install-casing-head"
"EVT-BSEE-0370","UNIQUE","EVT-BSEE-0370","Unique event fingerprint","Bureau of Safety and Environmental Enforcement (BSEE)","https://www.bsee.gov/safety-alerts/safety/safety-alert-149-compressor-blowdown-leads-to-fire"
"EVT-BSEE-0371","UNIQUE","EVT-BSEE-0371","Unique event fingerprint","Bureau of Safety and Environmental Enforcement (BSEE)","https://www.bsee.gov/safety-alerts/safety/safety-alert-148-pipe-nipple-fatigue-and-inadequate-insulation-cause-compressor"
"EVT-BSEE-0372","UNIQUE","EVT-BSEE-0372","Unique event fingerprint","Bureau of Safety and Environmental Enforcement (BSEE)","https://www.bsee.gov/safety-alerts/safety/safety-alert-147-fire-from-generator-engine-exhaust-leak-igniting-fiberglass"
"EVT-BSEE-0373","UNIQUE","EVT-BSEE-0373","Unique event fingerprint","Bureau of Safety and Environmental Enforcement (BSEE)","https://www.bsee.gov/safety-alerts/safety/safety-alert-146-fire-during-production-equipment-dismantling-operations"
"EVT-BSEE-0374","UNIQUE","EVT-BSEE-0374","Unique event fingerprint","Bureau of Safety and Environmental Enforcement (BSEE)","https://www.bsee.gov/safety-alerts/safety/safety-alert-145-tubing-string-equipment-failure-during-a-plug-and-abandonment"
"EVT-BSEE-0375","UNIQUE","EVT-BSEE-0375","Unique event fingerprint","Bureau of Safety and Environmental Enforcement (BSEE)","https://www.bsee.gov/safety-alerts/safety/safety-alert-144-uncontrolled-shallow-gas-flow"
"EVT-BSEE-0376","UNIQUE","EVT-BSEE-0376","Unique event fingerprint","Bureau of Safety and Environmental Enforcement (BSEE)","https://www.bsee.gov/safety-alerts/safety/safety-alert-143-compressor-fire-during-maintenance-operation"
"EVT-BSEE-0377","UNIQUE","EVT-BSEE-0377","Unique event fingerprint","Bureau of Safety and Environmental Enforcement (BSEE)","https://www.bsee.gov/safety-alerts/safety/safety-alert-142-pollution-because-of-failure-of-level-safety-high-sensor-and"
"EVT-BSEE-0378","UNIQUE","EVT-BSEE-0378","Unique event fingerprint","Bureau of Safety and Environmental Enforcement (BSEE)","https://www.bsee.gov/safety-alerts/safety/safety-alert-141-fire-in-rental-generator-on-production-platform"
"EVT-BSEE-0379","UNIQUE","EVT-BSEE-0379","Unique event fingerprint","Bureau of Safety and Environmental Enforcement (BSEE)","https://www.bsee.gov/safety-alerts/safety/safety-alert-140-uncontrolled-well-flow-and-pollution-during-workover"
"EVT-BSEE-0380","UNIQUE","EVT-BSEE-0380","Unique event fingerprint","Bureau of Safety and Environmental Enforcement (BSEE)","https://www.bsee.gov/safety-alerts/safety/safety-alert-139-pollution-from-production-operations-due-to-rupture-disc"
"EVT-BSEE-0381","UNIQUE","EVT-BSEE-0381","Unique event fingerprint","Bureau of Safety and Environmental Enforcement (BSEE)","https://www.bsee.gov/safety-alerts/safety/safety-alert-138-fire-and-injury-during-welding-operations-in-derrick"
"EVT-BSEE-0382","UNIQUE","EVT-BSEE-0382","Unique event fingerprint","Bureau of Safety and Environmental Enforcement (BSEE)","https://www.bsee.gov/safety-alerts/safety/safety-alert-137-personal-injury-during-well-test"
"EVT-BSEE-0383","UNIQUE","EVT-BSEE-0383","Unique event fingerprint","Bureau of Safety and Environmental Enforcement (BSEE)","https://www.bsee.gov/safety-alerts/safety/safety-alert-136-air-volume-tank-explosion"
"EVT-BSEE-0384","UNIQUE","EVT-BSEE-0384","Unique event fingerprint","Bureau of Safety and Environmental Enforcement (BSEE)","https://www.bsee.gov/safety-alerts/safety/safety-alert-135-pollution-from-diesel-fuel-tank-transfer"
"EVT-BSEE-0385","UNIQUE","EVT-BSEE-0385","Unique event fingerprint","Bureau of Safety and Environmental Enforcement (BSEE)","https://www.bsee.gov/safety-alerts/safety/safety-alert-134-pipeline-pump-fire"
"EVT-BSEE-0386","UNIQUE","EVT-BSEE-0386","Unique event fingerprint","Bureau of Safety and Environmental Enforcement (BSEE)","https://www.bsee.gov/safety-alerts/safety/safety-alert-133-degreaser-fire"
"EVT-BSEE-0387","UNIQUE","EVT-BSEE-0387","Unique event fingerprint","Bureau of Safety and Environmental Enforcement (BSEE)","https://www.bsee.gov/safety-alerts/safety/safety-alert-132-supply-gas-fire"
"EVT-BSEE-0388","UNIQUE","EVT-BSEE-0388","Unique event fingerprint","Bureau of Safety and Environmental Enforcement (BSEE)","https://www.bsee.gov/safety-alerts/safety/safety-alert-131-pollution"
"EVT-BSEE-0389","UNIQUE","EVT-BSEE-0389","Unique event fingerprint","Bureau of Safety and Environmental Enforcement (BSEE)","https://www.bsee.gov/safety-alerts/safety/safety-alert-130-fire"
"EVT-BSEE-0390","UNIQUE","EVT-BSEE-0390","Unique event fingerprint","Bureau of Safety and Environmental Enforcement (BSEE)","https://www.bsee.gov/safety-alerts/safety/safety-alert-129-welding-explosion-and-injury"
"EVT-BSEE-0391","UNIQUE","EVT-BSEE-0391","Unique event fingerprint","Bureau of Safety and Environmental Enforcement (BSEE)","https://www.bsee.gov/safety-alerts/safety/safety-alert-128-platform-fire"
"EVT-BSEE-0392","UNIQUE","EVT-BSEE-0392","Unique event fingerprint","Bureau of Safety and Environmental Enforcement (BSEE)","https://www.bsee.gov/safety-alerts/blowout-prevention/safety-alert-127-injury-while-retesting-blowout-preventers"
"EVT-BSEE-0393","UNIQUE","EVT-BSEE-0393","Unique event fingerprint","Bureau of Safety and Environmental Enforcement (BSEE)","https://www.bsee.gov/safety-alerts/safety/safety-alert-126-weldingburning-accidents"
"EVT-BSEE-0394","UNIQUE","EVT-BSEE-0394","Unique event fingerprint","Bureau of Safety and Environmental Enforcement (BSEE)","https://www.bsee.gov/safety-alerts/safety/safety-alert-125-crane-accidents"
"EVT-BSEE-0395","UNIQUE","EVT-BSEE-0395","Unique event fingerprint","Bureau of Safety and Environmental Enforcement (BSEE)","https://www.bsee.gov/safety-alerts/safety/safety-alert-124-pedestal-crane-boom-wire-rope-failure"
"EVT-BSEE-0396","UNIQUE","EVT-BSEE-0396","Unique event fingerprint","Bureau of Safety and Environmental Enforcement (BSEE)","https://www.bsee.gov/safety-alerts/blowout-prevention/safety-alert-123-shallow-gas-blowout"
"EVT-BSEE-0397","UNIQUE","EVT-BSEE-0397","Unique event fingerprint","Bureau of Safety and Environmental Enforcement (BSEE)","https://www.bsee.gov/safety-alerts/safety/safety-alert-122-injury-due-to-failure-to-coordinate-activities"
"EVT-BSEE-0398","UNIQUE","EVT-BSEE-0398","Unique event fingerprint","Bureau of Safety and Environmental Enforcement (BSEE)","https://www.bsee.gov/safety-alerts/safety/safety-alert-121-injury-during-cementing-operations"
"EVT-BSEE-0399","UNIQUE","EVT-BSEE-0399","Unique event fingerprint","Bureau of Safety and Environmental Enforcement (BSEE)","https://www.bsee.gov/safety-alerts/safety/safety-alert-120-fire-during-turbine-compressor-start-up"
"EVT-BSEE-0400","UNIQUE","EVT-BSEE-0400","Unique event fingerprint","Bureau of Safety and Environmental Enforcement (BSEE)","https://www.bsee.gov/safety-alerts/safety/safety-alert-119-successful-diverter-system-operation-to-control-shallow-gas"
"EVT-BSEE-0401","UNIQUE","EVT-BSEE-0401","Unique event fingerprint","Bureau of Safety and Environmental Enforcement (BSEE)","https://www.bsee.gov/safety-alerts/safety/safety-alert-118-prohibited-use-of-polychlorinated-biphenyls-pcbs"
"EVT-BSEE-0402","UNIQUE","EVT-BSEE-0402","Unique event fingerprint","Bureau of Safety and Environmental Enforcement (BSEE)","https://www.bsee.gov/safety-alerts/safety/safety-alert-117-fatality-while-testing-gas-turbine-meter"
"EVT-BSEE-0403","UNIQUE","EVT-BSEE-0403","Unique event fingerprint","Bureau of Safety and Environmental Enforcement (BSEE)","https://www.bsee.gov/safety-alerts/safety/safety-alert-116-fire-while-starting-diesel-engine-with-gas-driven-engine"
"EVT-BSEE-0404","UNIQUE","EVT-BSEE-0404","Unique event fingerprint","Bureau of Safety and Environmental Enforcement (BSEE)","https://www.bsee.gov/safety-alerts/safety/safety-alert-115-fire"
"EVT-BSEE-0405","UNIQUE","EVT-BSEE-0405","Unique event fingerprint","Bureau of Safety and Environmental Enforcement (BSEE)","https://www.bsee.gov/safety-alerts/safety/safety-alert-114-fire"
"EVT-BSEE-0406","UNIQUE","EVT-BSEE-0406","Unique event fingerprint","Bureau of Safety and Environmental Enforcement (BSEE)","https://www.bsee.gov/safety-alerts/safety/safety-alert-113-fire"
"EVT-BSEE-0407","UNIQUE","EVT-BSEE-0407","Unique event fingerprint","Bureau of Safety and Environmental Enforcement (BSEE)","https://www.bsee.gov/safety-alerts/safety/safety-alert-112-fire"
"EVT-BSEE-0408","UNIQUE","EVT-BSEE-0408","Unique event fingerprint","Bureau of Safety and Environmental Enforcement (BSEE)","https://www.bsee.gov/safety-alerts/safety/safety-alert-111-blowout-and-fire"
"EVT-BSEE-0409","UNIQUE","EVT-BSEE-0409","Unique event fingerprint","Bureau of Safety and Environmental Enforcement (BSEE)","https://www.bsee.gov/safety-alerts/safety/safety-alert-110-fire"
"EVT-BSEE-0410","UNIQUE","EVT-BSEE-0410","Unique event fingerprint","Bureau of Safety and Environmental Enforcement (BSEE)","https://www.bsee.gov/safety-alerts/safety/safety-alert-109-fire"
"EVT-BSEE-0411","UNIQUE","EVT-BSEE-0411","Unique event fingerprint","Bureau of Safety and Environmental Enforcement (BSEE)","https://www.bsee.gov/safety-alerts/safety/safety-alert-108-explosion-and-fire"
"EVT-BSEE-0412","UNIQUE","EVT-BSEE-0412","Unique event fingerprint","Bureau of Safety and Environmental Enforcement (BSEE)","https://www.bsee.gov/safety-alerts/safety/safety-alert-107-fire"
"EVT-BSEE-0413","UNIQUE","EVT-BSEE-0413","Unique event fingerprint","Bureau of Safety and Environmental Enforcement (BSEE)","https://www.bsee.gov/safety-alerts/blowout-prevention/safety-alert-106-blowout"
"EVT-BSEE-0414","UNIQUE","EVT-BSEE-0414","Unique event fingerprint","Bureau of Safety and Environmental Enforcement (BSEE)","https://www.bsee.gov/safety-alerts/safety/safety-alert-105-welding-accident"
"EVT-BSEE-0415","UNIQUE","EVT-BSEE-0415","Unique event fingerprint","Bureau of Safety and Environmental Enforcement (BSEE)","https://www.bsee.gov/safety-alerts/safety/safety-alert-104-crane-accident"
"EVT-BSEE-0416","UNIQUE","EVT-BSEE-0416","Unique event fingerprint","Bureau of Safety and Environmental Enforcement (BSEE)","https://www.bsee.gov/safety-alerts/blowout-prevention/safety-alert-103-blowout"
"EVT-BSEE-0417","UNIQUE","EVT-BSEE-0417","Unique event fingerprint","Bureau of Safety and Environmental Enforcement (BSEE)","https://www.bsee.gov/safety-alerts/safety/safety-alert-102-fire"
"EVT-BSEE-0418","UNIQUE","EVT-BSEE-0418","Unique event fingerprint","Bureau of Safety and Environmental Enforcement (BSEE)","https://www.bsee.gov/safety-alerts/safety/safety-alert-101-explosion"
"EVT-BSEE-0419","UNIQUE","EVT-BSEE-0419","Unique event fingerprint","Bureau of Safety and Environmental Enforcement (BSEE)","https://www.bsee.gov/safety-alerts/safety/safety-alert-100-explosion-fire"
"EVT-BSEE-0420","UNIQUE","EVT-BSEE-0420","Unique event fingerprint","Bureau of Safety and Environmental Enforcement (BSEE)","https://www.bsee.gov/safety-alerts/incident-and-investigations/safety-alert-99-construction-accident-fatality"
"EVT-BSEE-0421","UNIQUE","EVT-BSEE-0421","Unique event fingerprint","Bureau of Safety and Environmental Enforcement (BSEE)","https://www.bsee.gov/safety-alerts/safety/safety-alert-98-flash-fire"
"EVT-BSEE-0422","UNIQUE","EVT-BSEE-0422","Unique event fingerprint","Bureau of Safety and Environmental Enforcement (BSEE)","https://www.bsee.gov/safety-alerts/safety-alert-97-welding-fire"
"EVT-BSEE-0423","UNIQUE","EVT-BSEE-0423","Unique event fingerprint","Bureau of Safety and Environmental Enforcement (BSEE)","https://www.bsee.gov/safety-alerts/incident-and-investigations/safety-alert-96-crane-accident"
"EVT-BSEE-0424","UNIQUE","EVT-BSEE-0424","Unique event fingerprint","Bureau of Safety and Environmental Enforcement (BSEE)","https://www.bsee.gov/safety-alerts/incident-and-investigations/safety-alert-95-crane-accident-fatality"
"EVT-BSEE-0425","UNIQUE","EVT-BSEE-0425","Unique event fingerprint","Bureau of Safety and Environmental Enforcement (BSEE)","https://www.bsee.gov/safety-alerts/incident-and-investigations/safety-alert-94-pig-trap-ruptures"
"EVT-BSEE-0426","UNIQUE","EVT-BSEE-0426","Unique event fingerprint","Bureau of Safety and Environmental Enforcement (BSEE)","https://www.bsee.gov/safety-alerts/incident-and-investigations/safety-alert-93-flowline-parts-injury"
"EVT-BSEE-0427","UNIQUE","EVT-BSEE-0427","Unique event fingerprint","Bureau of Safety and Environmental Enforcement (BSEE)","https://www.bsee.gov/safety-alerts/incident-and-investigations/safety-alert-92-testing-of-subsurface-safety-valves"
"EVT-BSEE-0428","UNIQUE","EVT-BSEE-0428","Unique event fingerprint","Bureau of Safety and Environmental Enforcement (BSEE)","https://www.bsee.gov/safety-alerts/incident-and-investigations/safety-alert-91-fall-fatality"
"EVT-BSEE-0429","UNIQUE","EVT-BSEE-0429","Unique event fingerprint","Bureau of Safety and Environmental Enforcement (BSEE)","https://www.bsee.gov/safety-alerts/incident-and-investigations/safety-alert-90-hose-ruptures-fatality"
"EVT-BSEE-0430","UNIQUE","EVT-BSEE-0430","Unique event fingerprint","Bureau of Safety and Environmental Enforcement (BSEE)","https://www.bsee.gov/safety-alerts/incident-and-investigations/safety-alert-89-blowout-and-fire-8-fatalities"
"EVT-BSEE-0431","UNIQUE","EVT-BSEE-0431","Unique event fingerprint","Bureau of Safety and Environmental Enforcement (BSEE)","https://www.bsee.gov/safety-alerts/incident-and-investigations/safety-alert-88-fire-men-burned"
"EVT-BSEE-0432","UNIQUE","EVT-BSEE-0432","Unique event fingerprint","Bureau of Safety and Environmental Enforcement (BSEE)","https://www.bsee.gov/safety-alerts/safety/safety-alert-87-oil-spill"
"EVT-BSEE-0433","UNIQUE","EVT-BSEE-0433","Unique event fingerprint","Bureau of Safety and Environmental Enforcement (BSEE)","https://www.bsee.gov/safety-alerts/incident-and-investigations/safety-alert-86-fatality"
"EVT-BSEE-0434","UNIQUE","EVT-BSEE-0434","Unique event fingerprint","Bureau of Safety and Environmental Enforcement (BSEE)","https://www.bsee.gov/safety-alerts/news-item/safety-alert-86-stabbing-board-struck-by-travelling-block"
"EVT-BSEE-0435","UNIQUE","EVT-BSEE-0435","Unique event fingerprint","Bureau of Safety and Environmental Enforcement (BSEE)","https://www.bsee.gov/safety-alerts/incident-and-investigations/safety-alert-85-fire-two-fatalities"
"EVT-BSEE-0436","UNIQUE","EVT-BSEE-0436","Unique event fingerprint","Bureau of Safety and Environmental Enforcement (BSEE)","https://www.bsee.gov/safety-alerts/incident-and-investigations/safety-alert-84-fatality"
"EVT-BSEE-0437","UNIQUE","EVT-BSEE-0437","Unique event fingerprint","Bureau of Safety and Environmental Enforcement (BSEE)","https://www.bsee.gov/safety-alerts/incident-and-investigations/safety-alert-83-fire-oil-sprays-from-valve"
"EVT-BSEE-0438","UNIQUE","EVT-BSEE-0438","Unique event fingerprint","Bureau of Safety and Environmental Enforcement (BSEE)","https://www.bsee.gov/safety-alerts/incident-and-investigations/safety-alert-82-compressor-fires"
"EVT-BSEE-0439","UNIQUE","EVT-BSEE-0439","Unique event fingerprint","Bureau of Safety and Environmental Enforcement (BSEE)","https://www.bsee.gov/safety-alerts/incident-and-investigations/safety-alert-81-blowout"
"EVT-BSEE-0440","UNIQUE","EVT-BSEE-0440","Unique event fingerprint","Bureau of Safety and Environmental Enforcement (BSEE)","https://www.bsee.gov/safety-alerts/incident-and-investigations/safety-alert-80-gas-fire-extensive-platform-damage"
"EVT-BSEE-0441","UNIQUE","EVT-BSEE-0441","Unique event fingerprint","Bureau of Safety and Environmental Enforcement (BSEE)","https://www.bsee.gov/safety-alerts/safety/safety-alert-79-fatality-and-injury-crane-accident"
"EVT-BSEE-0442","UNIQUE","EVT-BSEE-0442","Unique event fingerprint","Bureau of Safety and Environmental Enforcement (BSEE)","https://www.bsee.gov/safety-alerts/incident-and-investigations/safety-alert-78-explosion-and-fire"
"EVT-BSEE-0443","UNIQUE","EVT-BSEE-0443","Unique event fingerprint","Bureau of Safety and Environmental Enforcement (BSEE)","https://www.bsee.gov/safety-alerts/safety/safety-alert-77-fire-generator-building"
"EVT-BSEE-0444","UNIQUE","EVT-BSEE-0444","Unique event fingerprint","Bureau of Safety and Environmental Enforcement (BSEE)","https://www.bsee.gov/safety-alerts/incident-and-investigations/safety-alert-76-injury-glass-liquid-level-gauge-ruptures"
"EVT-BSEE-0445","UNIQUE","EVT-BSEE-0445","Unique event fingerprint","Bureau of Safety and Environmental Enforcement (BSEE)","https://www.bsee.gov/safety-alerts/incident-and-investigations/safety-alert-075-helicopter-crashes-17-fatalities"
"EVT-BSEE-0446","UNIQUE","EVT-BSEE-0446","Unique event fingerprint","Bureau of Safety and Environmental Enforcement (BSEE)","https://www.bsee.gov/safety-alerts/incident-and-investigations/safety-alert-74-oil-spill-transfer-hose-a-reissuance"
"EVT-BSEE-0447","UNIQUE","EVT-BSEE-0447","Unique event fingerprint","Bureau of Safety and Environmental Enforcement (BSEE)","https://www.bsee.gov/safety-alerts/incident-and-investigations/safety-alert-73-gas-leak-from-subsea-bop-stack-while"
"EVT-BSEE-0448","UNIQUE","EVT-BSEE-0448","Unique event fingerprint","Bureau of Safety and Environmental Enforcement (BSEE)","https://www.bsee.gov/safety-alerts/safety/safety-alert-72-explosion-fire"
"EVT-BSEE-0449","UNIQUE","EVT-BSEE-0449","Unique event fingerprint","Bureau of Safety and Environmental Enforcement (BSEE)","https://www.bsee.gov/safety-alerts/incident-and-investigations/safety-alert-71-fire-boiler-ignited"
"EVT-BSEE-0450","UNIQUE","EVT-BSEE-0450","Unique event fingerprint","Bureau of Safety and Environmental Enforcement (BSEE)","https://www.bsee.gov/safety-alerts/incident-and-investigations/safety-alert-70-blowout-during-workover"
"EVT-BSEE-0451","UNIQUE","EVT-BSEE-0451","Unique event fingerprint","Bureau of Safety and Environmental Enforcement (BSEE)","https://www.bsee.gov/safety-alerts/incident-and-investigations/safety-alert-69-blowout-platform-loss"
"EVT-BSEE-0452","UNIQUE","EVT-BSEE-0452","Unique event fingerprint","Bureau of Safety and Environmental Enforcement (BSEE)","https://www.bsee.gov/safety-alerts/incident-and-investigations/safety-alert-68-explosion"
"EVT-BSEE-0453","UNIQUE","EVT-BSEE-0453","Unique event fingerprint","Bureau of Safety and Environmental Enforcement (BSEE)","https://www.bsee.gov/safety-alerts/incident-and-investigations/safety-alert-67-fatality"
"EVT-BSEE-0454","UNIQUE","EVT-BSEE-0454","Unique event fingerprint","Bureau of Safety and Environmental Enforcement (BSEE)","https://www.bsee.gov/safety-alerts/incident-and-investigations/safety-alert-66-blowouts-from-surface-casing-conductor"
"EVT-BSEE-0455","UNIQUE","EVT-BSEE-0455","Unique event fingerprint","Bureau of Safety and Environmental Enforcement (BSEE)","https://www.bsee.gov/safety-alerts/incident-and-investigations/safety-alert-65-fatality-crane-accident"
"EVT-BSEE-0456","UNIQUE","EVT-BSEE-0456","Unique event fingerprint","Bureau of Safety and Environmental Enforcement (BSEE)","https://www.bsee.gov/safety-alerts/safety/safety-alert-64-uncontrolled-gas-flow"
"EVT-BSEE-0457","UNIQUE","EVT-BSEE-0457","Unique event fingerprint","Bureau of Safety and Environmental Enforcement (BSEE)","https://www.bsee.gov/safety-alerts/safety/safety-alert-63-oil-spill-fuel-transfer-hose-broke"
"EVT-BSEE-0458","UNIQUE","EVT-BSEE-0458","Unique event fingerprint","Bureau of Safety and Environmental Enforcement (BSEE)","https://www.bsee.gov/safety-alerts/incident-and-investigations/safety-alert-62-snubbing-operations-fire-man-burned"
"EVT-BSEE-0459","UNIQUE","EVT-BSEE-0459","Unique event fingerprint","Bureau of Safety and Environmental Enforcement (BSEE)","https://www.bsee.gov/safety-alerts/safety/safety-alert-61-explosion-fire"
"EVT-BSEE-0460","UNIQUE","EVT-BSEE-0460","Unique event fingerprint","Bureau of Safety and Environmental Enforcement (BSEE)","https://www.bsee.gov/safety-alerts/safety/safety-alert-60-gas-starter-fire-man-burned"
"EVT-BSEE-0461","UNIQUE","EVT-BSEE-0461","Unique event fingerprint","Bureau of Safety and Environmental Enforcement (BSEE)","https://www.bsee.gov/safety-alerts/incident-and-investigations/safety-alert-59-compressor-explosion"
"EVT-BSEE-0462","UNIQUE","EVT-BSEE-0462","Unique event fingerprint","Bureau of Safety and Environmental Enforcement (BSEE)","https://www.bsee.gov/safety-alerts/safety/safety-alert-58-fatality-stabbing-board-falls"
"EVT-BSEE-0463","EVENT_DUPLICATE","EVT-BSEE-0462","Matching normalized title and incident narrative fingerprint","Bureau of Safety and Environmental Enforcement (BSEE)","https://www.bsee.gov/safety-alerts/safety-and-incident-investigations-siid/safety-alert-no-58"
"EVT-BSEE-0464","UNIQUE","EVT-BSEE-0464","Unique event fingerprint","Bureau of Safety and Environmental Enforcement (BSEE)","https://www.bsee.gov/safety-alerts/incident-and-investigations/safety-alert-57-fatality-crane-accident"
"EVT-BSEE-0465","UNIQUE","EVT-BSEE-0465","Unique event fingerprint","Bureau of Safety and Environmental Enforcement (BSEE)","https://www.bsee.gov/safety-alerts/inspection-and-enforcement/safety-alert-56-fire-glycol-ignited"
"EVT-BSEE-0466","UNIQUE","EVT-BSEE-0466","Unique event fingerprint","Bureau of Safety and Environmental Enforcement (BSEE)","https://www.bsee.gov/safety-alerts/incident-and-investigations/safety-alert-55-safety-equipment-failure"
"EVT-BSEE-0467","UNIQUE","EVT-BSEE-0467","Unique event fingerprint","Bureau of Safety and Environmental Enforcement (BSEE)","https://www.bsee.gov/safety-alerts/safety/safety-alert-54-welding-fire"
"EVT-BSEE-0468","UNIQUE","EVT-BSEE-0468","Unique event fingerprint","Bureau of Safety and Environmental Enforcement (BSEE)","https://www.bsee.gov/safety-alerts/inspection-and-enforcement/safety-alert-54-venoco-inc-platforms-gail-and-grace"
"EVT-BSEE-0469","UNIQUE","EVT-BSEE-0469","Unique event fingerprint","Bureau of Safety and Environmental Enforcement (BSEE)","https://www.bsee.gov/safety-alerts/incident-and-investigations/safety-alert-53-compressor-explosion"
"EVT-BSEE-0470","UNIQUE","EVT-BSEE-0470","Unique event fingerprint","Bureau of Safety and Environmental Enforcement (BSEE)","https://www.bsee.gov/safety-alerts/safety/safety-alert-52-fire-fuel-hose-ruptured"
"EVT-BSEE-0471","UNIQUE","EVT-BSEE-0471","Unique event fingerprint","Bureau of Safety and Environmental Enforcement (BSEE)","https://www.bsee.gov/safety-alerts/safety/safety-alert-51-fatality-falling-object"
"EVT-BSEE-0472","UNIQUE","EVT-BSEE-0472","Unique event fingerprint","Bureau of Safety and Environmental Enforcement (BSEE)","https://www.bsee.gov/safety-alerts/safety/safety-alert-51-helmerich-payne-inc-platform-heritage-drilling-contractor-for"
"EVT-BSEE-0473","UNIQUE","EVT-BSEE-0473","Unique event fingerprint","Bureau of Safety and Environmental Enforcement (BSEE)","https://www.bsee.gov/safety-alerts/incident-and-investigations/safety-alert-50-flash-fire-man-burned"
"EVT-BSEE-0474","UNIQUE","EVT-BSEE-0474","Unique event fingerprint","Bureau of Safety and Environmental Enforcement (BSEE)","https://www.bsee.gov/safety-alerts/safety/safety-alert-50-dos-cuadras-offshore-resources-platforms-b-c-and-habitat"
"EVT-BSEE-0475","UNIQUE","EVT-BSEE-0475","Unique event fingerprint","Bureau of Safety and Environmental Enforcement (BSEE)","https://www.bsee.gov/safety-alerts/safety/safety-alert-49-oil-spill-safety-equipment-failure"
"EVT-BSEE-0476","UNIQUE","EVT-BSEE-0476","Unique event fingerprint","Bureau of Safety and Environmental Enforcement (BSEE)","https://www.bsee.gov/safety-alerts/exploration-and-production/safety-alert-49-plains-exploration-production-company"
"EVT-BSEE-0477","UNIQUE","EVT-BSEE-0477","Unique event fingerprint","Bureau of Safety and Environmental Enforcement (BSEE)","https://www.bsee.gov/safety-alerts/safety/safety-alert-48-flash-fire-men-burned"
"EVT-BSEE-0478","UNIQUE","EVT-BSEE-0478","Unique event fingerprint","Bureau of Safety and Environmental Enforcement (BSEE)","https://www.bsee.gov/safety-alerts/safety/safety-alert-48-safety-award-for-excellence-camarillo-district-pacific-ocs"
"EVT-BSEE-0479","UNIQUE","EVT-BSEE-0479","Unique event fingerprint","Bureau of Safety and Environmental Enforcement (BSEE)","https://www.bsee.gov/safety-alerts/safety/safety-alert-47-fatality-man-struck-by-falling-object"
"EVT-BSEE-0480","UNIQUE","EVT-BSEE-0480","Unique event fingerprint","Bureau of Safety and Environmental Enforcement (BSEE)","https://www.bsee.gov/safety-alerts/safety/safety-alert-47-nuevo-energy-company-platforms-a-b-and-c"
"EVT-BSEE-0481","UNIQUE","EVT-BSEE-0481","Unique event fingerprint","Bureau of Safety and Environmental Enforcement (BSEE)","https://www.bsee.gov/safety-alerts/safety/safety-alert-046-fire-lube-oil-on-engine-exhaust"
"EVT-BSEE-0482","UNIQUE","EVT-BSEE-0482","Unique event fingerprint","Bureau of Safety and Environmental Enforcement (BSEE)","https://www.bsee.gov/safety-alerts/safety/safety-alert-46-helmerich-payne-inc-platforms-harmony-and-heritage-drilling"
"EVT-BSEE-0483","UNIQUE","EVT-BSEE-0483","Unique event fingerprint","Bureau of Safety and Environmental Enforcement (BSEE)","https://www.bsee.gov/safety-alerts/safety/safety-alert-45-tubing-blows-out-of-well-men-injured"
"EVT-BSEE-0484","UNIQUE","EVT-BSEE-0484","Unique event fingerprint","Bureau of Safety and Environmental Enforcement (BSEE)","https://www.bsee.gov/safety-alerts/safety/safety-alert-45-arguello-inc-production-department-platform-harvest"
"EVT-BSEE-0485","UNIQUE","EVT-BSEE-0485","Unique event fingerprint","Bureau of Safety and Environmental Enforcement (BSEE)","https://www.bsee.gov/safety-alerts/safety/safety-alert-44-man-falls-fatality"
"EVT-BSEE-0486","UNIQUE","EVT-BSEE-0486","Unique event fingerprint","Bureau of Safety and Environmental Enforcement (BSEE)","https://www.bsee.gov/safety-alerts/safety/safety-alert-44-exxonmobile-production-company-platform-heritage-santa-ynez"
"EVT-BSEE-0487","UNIQUE","EVT-BSEE-0487","Unique event fingerprint","Bureau of Safety and Environmental Enforcement (BSEE)","https://www.bsee.gov/safety-alerts/safety/safety-alert-43-shallow-gas-blowout"
"EVT-BSEE-0488","UNIQUE","EVT-BSEE-0488","Unique event fingerprint","Bureau of Safety and Environmental Enforcement (BSEE)","https://www.bsee.gov/safety-alerts/safety/safety-alert-43-torch-operating-company-torch-rig-services-platforms-henry-and"
"EVT-BSEE-0489","UNIQUE","EVT-BSEE-0489","Unique event fingerprint","Bureau of Safety and Environmental Enforcement (BSEE)","https://www.bsee.gov/safety-alerts/safety-alert-42-hydraulic-pump-reservoir-ruptures-minor-injury"
"EVT-BSEE-0490","UNIQUE","EVT-BSEE-0490","Unique event fingerprint","Bureau of Safety and Environmental Enforcement (BSEE)","https://www.bsee.gov/safety-alerts/safety/safety-alert-42-arguello-inc-platforms-harvest-hermosa-hidalgo"
"EVT-BSEE-0491","UNIQUE","EVT-BSEE-0491","Unique event fingerprint","Bureau of Safety and Environmental Enforcement (BSEE)","https://www.bsee.gov/safety-alerts/safety-enforcement-sed-safety-and-incident-investigations-siid/safety-alert-42"
"EVT-BSEE-0492","UNIQUE","EVT-BSEE-0492","Unique event fingerprint","Bureau of Safety and Environmental Enforcement (BSEE)","https://www.bsee.gov/safety-alerts/safety/safety-alert-41-fatality"
"EVT-BSEE-0493","UNIQUE","EVT-BSEE-0493","Unique event fingerprint","Bureau of Safety and Environmental Enforcement (BSEE)","https://www.bsee.gov/safety-alerts/safety/safety-alert-41-pool-offshore-platforms-harvest-hermosa-hidalgo-drilling"
"EVT-BSEE-0494","UNIQUE","EVT-BSEE-0494","Unique event fingerprint","Bureau of Safety and Environmental Enforcement (BSEE)","https://www.bsee.gov/safety-alerts/safety/safety-alert-40-beam-falls-man-injured"
"EVT-BSEE-0495","UNIQUE","EVT-BSEE-0495","Unique event fingerprint","Bureau of Safety and Environmental Enforcement (BSEE)","https://www.bsee.gov/safety-alerts/safety/safety-alert-40-exxonmobile-production-company-platform-harmony"
"EVT-BSEE-0496","UNIQUE","EVT-BSEE-0496","Unique event fingerprint","Bureau of Safety and Environmental Enforcement (BSEE)","https://www.bsee.gov/safety-alerts/incident-and-investigations/safety-alert-39-fire-hydraulic-hose-ruptures"
"EVT-BSEE-0497","UNIQUE","EVT-BSEE-0497","Unique event fingerprint","Bureau of Safety and Environmental Enforcement (BSEE)","https://www.bsee.gov/safety-alerts/safety/safety-alert-39-helmerich-payne-inc-exxon-platform-heritage-drilling-contractor"
"EVT-BSEE-0498","UNIQUE","EVT-BSEE-0498","Unique event fingerprint","Bureau of Safety and Environmental Enforcement (BSEE)","https://www.bsee.gov/safety-alerts/incident-and-investigations/safety-alert-38-fatality-man-knocked-overboard"
"EVT-BSEE-0499","UNIQUE","EVT-BSEE-0499","Unique event fingerprint","Bureau of Safety and Environmental Enforcement (BSEE)","https://www.bsee.gov/safety-alerts/safety/safety-alert-38-helmerich-payne-inc-platform-heritage-drilling-contractor-for"
"EVT-BSEE-0500","UNIQUE","EVT-BSEE-0500","Unique event fingerprint","Bureau of Safety and Environmental Enforcement (BSEE)","https://www.bsee.gov/safety-alerts/blowout-prevention/safety-alert-37-man-falls-serious-injury"
"EVT-BSEE-0501","UNIQUE","EVT-BSEE-0501","Unique event fingerprint","Bureau of Safety and Environmental Enforcement (BSEE)","https://www.bsee.gov/safety-alerts/safety/safety-alert-37-torch-operating-company-platform-gilda-production-contractor"
"EVT-BSEE-0502","UNIQUE","EVT-BSEE-0502","Unique event fingerprint","Bureau of Safety and Environmental Enforcement (BSEE)","https://www.bsee.gov/safety-alerts/safety/safety-alert-36-fatality"
"EVT-BSEE-0503","UNIQUE","EVT-BSEE-0503","Unique event fingerprint","Bureau of Safety and Environmental Enforcement (BSEE)","https://www.bsee.gov/safety-alerts/safety/safety-alert-36-torch-operating-company-platform-irene-production"
"EVT-BSEE-0504","UNIQUE","EVT-BSEE-0504","Unique event fingerprint","Bureau of Safety and Environmental Enforcement (BSEE)","https://www.bsee.gov/safety-alerts/safety/safety-alert-35-fire-choke-cap-blows-off"
"EVT-BSEE-0505","UNIQUE","EVT-BSEE-0505","Unique event fingerprint","Bureau of Safety and Environmental Enforcement (BSEE)","https://www.bsee.gov/safety-alerts/safety/safety-alert-35-helmerich-payne-inc-platform-heritage-drilling-contractor-for"
"EVT-BSEE-0506","UNIQUE","EVT-BSEE-0506","Unique event fingerprint","Bureau of Safety and Environmental Enforcement (BSEE)","https://www.bsee.gov/safety-alerts/safety/safety-alert-34-fire-leaking-glass-sight-gage"
"EVT-BSEE-0507","UNIQUE","EVT-BSEE-0507","Unique event fingerprint","Bureau of Safety and Environmental Enforcement (BSEE)","https://www.bsee.gov/safety-alerts/safety/safety-alert-34-exxon-company-usa-platforms-harmony-and-heritage-production"
"EVT-BSEE-0508","UNIQUE","EVT-BSEE-0508","Unique event fingerprint","Bureau of Safety and Environmental Enforcement (BSEE)","https://www.bsee.gov/safety-alerts/safety/safety-alert-33-flash-fire-men-burned"
"EVT-BSEE-0509","UNIQUE","EVT-BSEE-0509","Unique event fingerprint","Bureau of Safety and Environmental Enforcement (BSEE)","https://www.bsee.gov/safety-alerts/safety/safety-alert-33-chevron-usa-inc-venture-profit-center-production-and-drilling"
"EVT-BSEE-0510","UNIQUE","EVT-BSEE-0510","Unique event fingerprint","Bureau of Safety and Environmental Enforcement (BSEE)","https://www.bsee.gov/safety-alerts/safety/safety-alert-32-exxon-company-usa-platform-harmoney-santa-ynez-unit"
"EVT-BSEE-0511","UNIQUE","EVT-BSEE-0511","Unique event fingerprint","Bureau of Safety and Environmental Enforcement (BSEE)","https://www.bsee.gov/safety-alerts/safety/safety-alert-31-oil-spill-loading-diesel-fuel"
"EVT-BSEE-0512","UNIQUE","EVT-BSEE-0512","Unique event fingerprint","Bureau of Safety and Environmental Enforcement (BSEE)","https://www.bsee.gov/safety-alerts/safety/safety-alert-31-texaco-exploration-and-production-inc-platform-harvest"
"EVT-BSEE-0513","UNIQUE","EVT-BSEE-0513","Unique event fingerprint","Bureau of Safety and Environmental Enforcement (BSEE)","https://www.bsee.gov/safety-alerts/safety/safety-alert-30-fire-in-generator-turbine"
"EVT-BSEE-0514","UNIQUE","EVT-BSEE-0514","Unique event fingerprint","Bureau of Safety and Environmental Enforcement (BSEE)","https://www.bsee.gov/safety-alerts/safety/safety-alert-30-dual-drilling-platform-hermosa"
"EVT-BSEE-0515","UNIQUE","EVT-BSEE-0515","Unique event fingerprint","Bureau of Safety and Environmental Enforcement (BSEE)","https://www.bsee.gov/safety-alerts/safety/safety-alert-29-unocal-energy-resources-division-unocal-corporation-platform"
"EVT-BSEE-0516","UNIQUE","EVT-BSEE-0516","Unique event fingerprint","Bureau of Safety and Environmental Enforcement (BSEE)","https://www.bsee.gov/safety-alerts/safety-alert-29"
"EVT-BSEE-0517","UNIQUE","EVT-BSEE-0517","Unique event fingerprint","Bureau of Safety and Environmental Enforcement (BSEE)","https://www.bsee.gov/safety-alerts/safety/safety-alert-28-weld-fails-derrick-collapses"
"EVT-BSEE-0518","UNIQUE","EVT-BSEE-0518","Unique event fingerprint","Bureau of Safety and Environmental Enforcement (BSEE)","https://www.bsee.gov/safety-alerts/safety/safety-alert-28-exxon-company-usa-platforms-harmony-and-heritage-santa-ynez"
"EVT-BSEE-0519","UNIQUE","EVT-BSEE-0519","Unique event fingerprint","Bureau of Safety and Environmental Enforcement (BSEE)","https://www.bsee.gov/safety-alerts/safety/safety-alert-27-gas-in-generator-room-explodes"
"EVT-BSEE-0520","UNIQUE","EVT-BSEE-0520","Unique event fingerprint","Bureau of Safety and Environmental Enforcement (BSEE)","https://www.bsee.gov/safety-alerts/safety/safety-alert-27-exxon-company-usa-platform-harmony-santa-ynez-unit"
"EVT-BSEE-0521","UNIQUE","EVT-BSEE-0521","Unique event fingerprint","Bureau of Safety and Environmental Enforcement (BSEE)","https://www.bsee.gov/safety-alerts/safety/safety-alert-26-crown-block-on-workover-rig-fails-fatality"
"EVT-BSEE-0522","UNIQUE","EVT-BSEE-0522","Unique event fingerprint","Bureau of Safety and Environmental Enforcement (BSEE)","https://www.bsee.gov/safety-alerts/safety/safety-alert-26-chevron-usa-inc-ventura-profit-center-production-and-drilling"
"EVT-BSEE-0523","UNIQUE","EVT-BSEE-0523","Unique event fingerprint","Bureau of Safety and Environmental Enforcement (BSEE)","https://www.bsee.gov/safety-alerts/safety/safety-alert-25-man-falls-from-derrick-ladder-fatality"
"EVT-BSEE-0524","UNIQUE","EVT-BSEE-0524","Unique event fingerprint","Bureau of Safety and Environmental Enforcement (BSEE)","https://www.bsee.gov/safety-alerts/safety/safety-alert-25-exxon-company-usa-platforms-harmony-and-heritage-santa-ynez"
"EVT-BSEE-0525","UNIQUE","EVT-BSEE-0525","Unique event fingerprint","Bureau of Safety and Environmental Enforcement (BSEE)","https://www.bsee.gov/safety-alerts/safety/safety-alert-24-shallow-gas-blowouts-one-rig-lost"
"EVT-BSEE-0526","UNIQUE","EVT-BSEE-0526","Unique event fingerprint","Bureau of Safety and Environmental Enforcement (BSEE)","https://www.bsee.gov/safety-alerts/safety/safety-alert-24-chevron-platform-gail"
"EVT-BSEE-0527","UNIQUE","EVT-BSEE-0527","Unique event fingerprint","Bureau of Safety and Environmental Enforcement (BSEE)","https://www.bsee.gov/safety-alerts/safety/safety-alert-23-sump-tank-fire-man-burned"
"EVT-BSEE-0528","UNIQUE","EVT-BSEE-0528","Unique event fingerprint","Bureau of Safety and Environmental Enforcement (BSEE)","https://www.bsee.gov/safety-alerts/safety/safety-alert-23-texaco-exploration-and-production-inc-platform-harvest"
"EVT-BSEE-0529","UNIQUE","EVT-BSEE-0529","Unique event fingerprint","Bureau of Safety and Environmental Enforcement (BSEE)","https://www.bsee.gov/safety-alerts/safety/safety-alert-22-cap-blows-off-of-choke-body-man-burned"
"EVT-BSEE-0530","UNIQUE","EVT-BSEE-0530","Unique event fingerprint","Bureau of Safety and Environmental Enforcement (BSEE)","https://www.bsee.gov/safety-alerts/safety/safety-alert-22-hydrogen-sulfide-h2s-gas-release-from-piping-corrosion-failure"
"EVT-BSEE-0531","EVENT_DUPLICATE","EVT-BSEE-0530","Matching normalized title and incident narrative fingerprint","Bureau of Safety and Environmental Enforcement (BSEE)","https://www.bsee.gov/safety-alerts/safety/safety-alert-22-hydrogen-sulfide-h2s-gas-release-from-piping-corrosion-0"
"EVT-BSEE-0532","UNIQUE","EVT-BSEE-0532","Unique event fingerprint","Bureau of Safety and Environmental Enforcement (BSEE)","https://www.bsee.gov/safety-alerts/safety/safety-alert-22-unocal-platform-henry-ocs-p-0240-santa-barbara-channel"
"EVT-BSEE-0533","UNIQUE","EVT-BSEE-0533","Unique event fingerprint","Bureau of Safety and Environmental Enforcement (BSEE)","https://www.bsee.gov/safety-alerts/safety/safety-alert-21-pollution-from-production-operations-due-to-improper-diversion"
"EVT-BSEE-0534","UNIQUE","EVT-BSEE-0534","Unique event fingerprint","Bureau of Safety and Environmental Enforcement (BSEE)","https://www.bsee.gov/safety-alerts/safety/safety-alert-21-traveling-block-falls-fatality"
"EVT-BSEE-0535","UNIQUE","EVT-BSEE-0535","Unique event fingerprint","Bureau of Safety and Environmental Enforcement (BSEE)","https://www.bsee.gov/safety-alerts/alerts/safety-alert-20-skim-pile-sheening-incident"
"EVT-BSEE-0536","UNIQUE","EVT-BSEE-0536","Unique event fingerprint","Bureau of Safety and Environmental Enforcement (BSEE)","https://www.bsee.gov/safety-alerts/incident-and-investigations/safety-alert-20-crane-accident-fatality"
"EVT-BSEE-0537","UNIQUE","EVT-BSEE-0537","Unique event fingerprint","Bureau of Safety and Environmental Enforcement (BSEE)","https://www.bsee.gov/safety-alerts/safety/safety-alert-20-exxon-offshore-storage-treating-vessel-santa-ynez"
"EVT-BSEE-0538","UNIQUE","EVT-BSEE-0538","Unique event fingerprint","Bureau of Safety and Environmental Enforcement (BSEE)","https://www.bsee.gov/safety-alerts/safety/safety-alert-19-pump-can-pollution-incident"
"EVT-BSEE-0539","EVENT_DUPLICATE","EVT-BSEE-0538","Matching normalized title and incident narrative fingerprint","Bureau of Safety and Environmental Enforcement (BSEE)","https://www.bsee.gov/safety-alerts/safety/safety-alert-19-pump-can-pollution-incident-0"
"EVT-BSEE-0540","UNIQUE","EVT-BSEE-0540","Unique event fingerprint","Bureau of Safety and Environmental Enforcement (BSEE)","https://www.bsee.gov/safety-alerts/incident-and-investigations/safety-alert-19-safety-system-failure-oil-spill"
"EVT-BSEE-0541","UNIQUE","EVT-BSEE-0541","Unique event fingerprint","Bureau of Safety and Environmental Enforcement (BSEE)","https://www.bsee.gov/safety-alerts/safety/safety-alert-18-well-control-equipment-circumvention"
"EVT-BSEE-0542","UNIQUE","EVT-BSEE-0542","Unique event fingerprint","Bureau of Safety and Environmental Enforcement (BSEE)","https://www.bsee.gov/safety-alerts/safety/safety-alert-18-men-drowned"
"EVT-BSEE-0543","UNIQUE","EVT-BSEE-0543","Unique event fingerprint","Bureau of Safety and Environmental Enforcement (BSEE)","https://www.bsee.gov/safety-alerts/inspection-and-enforcement/safety-alert-18-safety-award"
"EVT-BSEE-0544","UNIQUE","EVT-BSEE-0544","Unique event fingerprint","Bureau of Safety and Environmental Enforcement (BSEE)","https://www.bsee.gov/safety-alerts/safety/safety-alert-17-electrical-wiring-inspection-and-maintenance"
"EVT-BSEE-0545","UNIQUE","EVT-BSEE-0545","Unique event fingerprint","Bureau of Safety and Environmental Enforcement (BSEE)","https://www.bsee.gov/safety-alerts/safety/safety-alert-17-fire-men-burned"
"EVT-BSEE-0546","UNIQUE","EVT-BSEE-0546","Unique event fingerprint","Bureau of Safety and Environmental Enforcement (BSEE)","https://www.bsee.gov/safety-alerts/safety/safety-alert-17-unocal-production-department-platform-irene"
"EVT-BSEE-0547","UNIQUE","EVT-BSEE-0547","Unique event fingerprint","Bureau of Safety and Environmental Enforcement (BSEE)","https://www.bsee.gov/safety-alerts/safety/safety-alert-16-rupture-of-sour-gas-piping-0"
"EVT-BSEE-0548","EVENT_DUPLICATE","EVT-BSEE-0547","Matching normalized title and incident narrative fingerprint","Bureau of Safety and Environmental Enforcement (BSEE)","https://www.bsee.gov/safety-alerts/safety/safety-alert-16-rupture-of-sour-gas-piping"
"EVT-BSEE-0549","UNIQUE","EVT-BSEE-0549","Unique event fingerprint","Bureau of Safety and Environmental Enforcement (BSEE)","https://www.bsee.gov/safety-alerts/safety/safety-alert-16-fatality"
"EVT-BSEE-0550","UNIQUE","EVT-BSEE-0550","Unique event fingerprint","Bureau of Safety and Environmental Enforcement (BSEE)","https://www.bsee.gov/safety-alerts/regulations-and-guidance/safety-alert-16-shell-western-ep-inc-beta-production"
"EVT-BSEE-0551","UNIQUE","EVT-BSEE-0551","Unique event fingerprint","Bureau of Safety and Environmental Enforcement (BSEE)","https://www.bsee.gov/safety-alerts/safety/safety-alert-15-electrical-cable-testing"
"EVT-BSEE-0552","UNIQUE","EVT-BSEE-0552","Unique event fingerprint","Bureau of Safety and Environmental Enforcement (BSEE)","https://www.bsee.gov/safety-alerts/safety/safety-alert-15-fatality-lubricator-fails"
"EVT-BSEE-0553","UNIQUE","EVT-BSEE-0553","Unique event fingerprint","Bureau of Safety and Environmental Enforcement (BSEE)","https://www.bsee.gov/safety-alerts/safety/safety-alert-15-shell-california-production-inc-beta-production"
"EVT-BSEE-0554","UNIQUE","EVT-BSEE-0554","Unique event fingerprint","Bureau of Safety and Environmental Enforcement (BSEE)","https://www.bsee.gov/safety-alerts/safety/safety-alert-14-carbon-monoxide"
"EVT-BSEE-0555","UNIQUE","EVT-BSEE-0555","Unique event fingerprint","Bureau of Safety and Environmental Enforcement (BSEE)","https://www.bsee.gov/safety-alerts/safety/safety-alert-14-fire-capsized-barge-ruptures-gas-line"
"EVT-BSEE-0556","UNIQUE","EVT-BSEE-0556","Unique event fingerprint","Bureau of Safety and Environmental Enforcement (BSEE)","https://www.bsee.gov/safety-alerts/safety/safety-alert-14-sun-exploration-and-production-company"
"EVT-BSEE-0557","UNIQUE","EVT-BSEE-0557","Unique event fingerprint","Bureau of Safety and Environmental Enforcement (BSEE)","https://www.bsee.gov/safety-alerts/alerts/safety-alert-13-crane-accident"
"EVT-BSEE-0558","UNIQUE","EVT-BSEE-0558","Unique event fingerprint","Bureau of Safety and Environmental Enforcement (BSEE)","https://www.bsee.gov/safety-alerts/safety/safety-alert-13-fire-chlorine-gas"
"EVT-BSEE-0559","UNIQUE","EVT-BSEE-0559","Unique event fingerprint","Bureau of Safety and Environmental Enforcement (BSEE)","https://www.bsee.gov/safety-alerts/safety/safety-alert-13-ventura-district-pacific-ocs-region-shell-california-production"
"EVT-BSEE-0560","UNIQUE","EVT-BSEE-0560","Unique event fingerprint","Bureau of Safety and Environmental Enforcement (BSEE)","https://www.bsee.gov/safety-alerts/safety/safety-alert-12-accidents"
"EVT-BSEE-0561","UNIQUE","EVT-BSEE-0561","Unique event fingerprint","Bureau of Safety and Environmental Enforcement (BSEE)","https://www.bsee.gov/safety-alerts/alerts/safety-alert-12-boat-collides-with-well"
"EVT-BSEE-0562","UNIQUE","EVT-BSEE-0562","Unique event fingerprint","Bureau of Safety and Environmental Enforcement (BSEE)","https://www.bsee.gov/safety-alerts/incident-and-investigations/safety-alert-11-cranehelicopter-operations"
"EVT-BSEE-0563","UNIQUE","EVT-BSEE-0563","Unique event fingerprint","Bureau of Safety and Environmental Enforcement (BSEE)","https://www.bsee.gov/safety-alerts/alerts/safety-alert-10-lifting-operations"
"EVT-BSEE-0564","UNIQUE","EVT-BSEE-0564","Unique event fingerprint","Bureau of Safety and Environmental Enforcement (BSEE)","https://www.bsee.gov/safety-alerts/sems/safety-alert-10-stem-blowout-of-grove-b-4-ball-valves"
"EVT-BSEE-0565","UNIQUE","EVT-BSEE-0565","Unique event fingerprint","Bureau of Safety and Environmental Enforcement (BSEE)","https://www.bsee.gov/safety-alerts/safety/safety-alert-9-platform-helideck-obstructions"
"EVT-BSEE-0566","UNIQUE","EVT-BSEE-0566","Unique event fingerprint","Bureau of Safety and Environmental Enforcement (BSEE)","https://www.bsee.gov/safety-alerts/safety/safety-alert-9-series-of-accidents"
"EVT-BSEE-0567","UNIQUE","EVT-BSEE-0567","Unique event fingerprint","Bureau of Safety and Environmental Enforcement (BSEE)","https://www.bsee.gov/safety-alerts/news-item/safety-alert-9-fatality-february-2-1978"
"EVT-BSEE-0568","UNIQUE","EVT-BSEE-0568","Unique event fingerprint","Bureau of Safety and Environmental Enforcement (BSEE)","https://www.bsee.gov/safety-alerts/safety/safety-alert-8-lifting-operations"
"EVT-BSEE-0569","UNIQUE","EVT-BSEE-0569","Unique event fingerprint","Bureau of Safety and Environmental Enforcement (BSEE)","https://www.bsee.gov/safety-alerts/safety/safety-alert-8-catalytic-gas-heaters"
"EVT-BSEE-0570","UNIQUE","EVT-BSEE-0570","Unique event fingerprint","Bureau of Safety and Environmental Enforcement (BSEE)","https://www.bsee.gov/safety-alerts/safety/safety-alert-7-platform-helideck-closing-procedures"
"EVT-BSEE-0571","UNIQUE","EVT-BSEE-0571","Unique event fingerprint","Bureau of Safety and Environmental Enforcement (BSEE)","https://www.bsee.gov/safety-alerts/alerts/safety-alert-7-lack-of-adequate-supervision-by-lease-operator-of-contract"
"EVT-BSEE-0572","UNIQUE","EVT-BSEE-0572","Unique event fingerprint","Bureau of Safety and Environmental Enforcement (BSEE)","https://www.bsee.gov/safety-alerts/sems/safety-alert-6-barrels-of-deadly-poisonous-cyanide-adrift-in-the-gulf"
"EVT-BSEE-0573","UNIQUE","EVT-BSEE-0573","Unique event fingerprint","Bureau of Safety and Environmental Enforcement (BSEE)","https://www.bsee.gov/safety-alerts/safety/safety-alert-6-pipeline-damaged-by-grappling-hook-may-15-1991"
"EVT-BSEE-0574","UNIQUE","EVT-BSEE-0574","Unique event fingerprint","Bureau of Safety and Environmental Enforcement (BSEE)","https://www.bsee.gov/safety-alerts/safety-enforcement-sed/safety-alert-5-flash-firesexplosions"
"EVT-BSEE-0575","UNIQUE","EVT-BSEE-0575","Unique event fingerprint","Bureau of Safety and Environmental Enforcement (BSEE)","https://www.bsee.gov/safety-alerts/safety-enforcement-sed/safety-alert-4-flash-fire-cutting-and-welding"
"EVT-BSEE-0576","UNIQUE","EVT-BSEE-0576","Unique event fingerprint","Bureau of Safety and Environmental Enforcement (BSEE)","https://www.bsee.gov/safety-alerts/safety/safety-alert-3-flash-fire-glycol-gas-dehydrator-unit"
"EVT-BSEE-0577","UNIQUE","EVT-BSEE-0577","Unique event fingerprint","Bureau of Safety and Environmental Enforcement (BSEE)","https://www.bsee.gov/safety-alerts/human-factors/safety-alert-3-drill-ship-damage-by-liquid-nitrogen-spill-january-29"
"EVT-BSEE-0578","UNIQUE","EVT-BSEE-0578","Unique event fingerprint","Bureau of Safety and Environmental Enforcement (BSEE)","https://www.bsee.gov/safety-alerts/safety/safety-alert-2-shallow-drilling-hazards"
"EVT-BSEE-0579","UNIQUE","EVT-BSEE-0579","Unique event fingerprint","Bureau of Safety and Environmental Enforcement (BSEE)","https://www.bsee.gov/safety-alerts/hurricanes/joint-safety-alert-2-deepwater-horizon-explosion-and-fire-resulting-in"
"EVT-BSEE-0580","UNIQUE","EVT-BSEE-0580","Unique event fingerprint","Bureau of Safety and Environmental Enforcement (BSEE)","https://www.bsee.gov/safety-alerts/safety/safety-alert-1-flash-fire-from-liquid-phase-heat-transfer-unit"
"EVT-BSEE-0581","UNIQUE","EVT-BSEE-0581","Unique event fingerprint","Bureau of Safety and Environmental Enforcement (BSEE)","https://www.bsee.gov/safety-alerts/news-item/safety-alert-1-well-kick-due-to-swabbing-may-1976"
"EVT-IMCA-0001","UNIQUE","EVT-IMCA-0001","Unique event fingerprint","International Marine Contractors Association (IMCA)","https://www.imca-int.com/resources/safety/safety-flashes/1626-shoulder-injury-during-intrusive-work-on-pressurised-hydraulic-system/"
"EVT-IMCA-0002","UNIQUE","EVT-IMCA-0002","Unique event fingerprint","International Marine Contractors Association (IMCA)","https://www.imca-int.com/resources/safety/safety-flashes/1626-galley-fire-alarm-during-diving-operations/"
"EVT-IMCA-0003","UNIQUE","EVT-IMCA-0003","Unique event fingerprint","International Marine Contractors Association (IMCA)","https://www.imca-int.com/resources/safety/safety-flashes/1626-unauthorised-firing-of-rocket-line/"
"EVT-IMCA-0004","UNIQUE","EVT-IMCA-0004","Unique event fingerprint","International Marine Contractors Association (IMCA)","https://www.imca-int.com/resources/safety/safety-flashes/1626-unauthorized-modification-of-main-engine-fuel-pump-linkage/"
"EVT-IMCA-0005","UNIQUE","EVT-IMCA-0005","Unique event fingerprint","International Marine Contractors Association (IMCA)","https://www.imca-int.com/resources/safety/safety-flashes/1626-mooring-rope-caught-in-stern-thruster/"
"EVT-IMCA-0006","UNIQUE","EVT-IMCA-0006","Unique event fingerprint","International Marine Contractors Association (IMCA)","https://www.imca-int.com/resources/safety/safety-flashes/1626-msf-hose-got-tangled-in-an-azimuth-thruster/"
"EVT-IMCA-0007","UNIQUE","EVT-IMCA-0007","Unique event fingerprint","International Marine Contractors Association (IMCA)","https://www.imca-int.com/resources/safety/safety-flashes/1526-gps-jamming-and-spoofing-good-practice-example/"
"EVT-IMCA-0008","UNIQUE","EVT-IMCA-0008","Unique event fingerprint","International Marine Contractors Association (IMCA)","https://www.imca-int.com/resources/safety/safety-flashes/1526-lti-shoulder-strain-when-crew-member-was-descending-the-stairs/"
"EVT-IMCA-0009","UNIQUE","EVT-IMCA-0009","Unique event fingerprint","International Marine Contractors Association (IMCA)","https://www.imca-int.com/resources/safety/safety-flashes/1526-emergency-escape-hatch-found-blocked/"
"EVT-IMCA-0010","UNIQUE","EVT-IMCA-0010","Unique event fingerprint","International Marine Contractors Association (IMCA)","https://www.imca-int.com/resources/safety/safety-flashes/1526-crew-member-sustained-hand-injury-during-lifting-operations/"
"EVT-IMCA-0011","UNIQUE","EVT-IMCA-0011","Unique event fingerprint","International Marine Contractors Association (IMCA)","https://www.imca-int.com/resources/safety/safety-flashes/1526-nopsema-lifting-operations-dangerous-occurrences-and-injuries/"
"EVT-IMCA-0012","UNIQUE","EVT-IMCA-0012","Unique event fingerprint","International Marine Contractors Association (IMCA)","https://www.imca-int.com/resources/safety/safety-flashes/1426-high-potential-near-miss-diving-bell-main-lift-wire-connection-failure/"
"EVT-IMCA-0013","UNIQUE","EVT-IMCA-0013","Unique event fingerprint","International Marine Contractors Association (IMCA)","https://www.imca-int.com/resources/safety/safety-flashes/1326-maib-catastrophic-engine-failure-and-subsequent-fire/"
"EVT-IMCA-0014","UNIQUE","EVT-IMCA-0014","Unique event fingerprint","International Marine Contractors Association (IMCA)","https://www.imca-int.com/resources/safety/safety-flashes/1326-bsee-compressed-gas-cylinder-hazards/"
"EVT-IMCA-0015","UNIQUE","EVT-IMCA-0015","Unique event fingerprint","International Marine Contractors Association (IMCA)","https://www.imca-int.com/resources/safety/safety-flashes/1326-msf-dropped-object-inside-vessel-tank/"
"EVT-IMCA-0016","UNIQUE","EVT-IMCA-0016","Unique event fingerprint","International Marine Contractors Association (IMCA)","https://www.imca-int.com/resources/safety/safety-flashes/1326-uncontrolled-movement-of-cargo/"
"EVT-IMCA-0017","UNIQUE","EVT-IMCA-0017","Unique event fingerprint","International Marine Contractors Association (IMCA)","https://www.imca-int.com/resources/safety/safety-flashes/1326-positives-rubber-seals-on-hatches-securing-of-shackle-pins-fuel-sample-box/"
"EVT-IMCA-0018","UNIQUE","EVT-IMCA-0018","Unique event fingerprint","International Marine Contractors Association (IMCA)","https://www.imca-int.com/resources/safety/safety-flashes/1226-severe-injuries-following-falling-off-a-freight-container/"
"EVT-IMCA-0019","UNIQUE","EVT-IMCA-0019","Unique event fingerprint","International Marine Contractors Association (IMCA)","https://www.imca-int.com/resources/safety/safety-flashes/1226-watertight-doors-left-open/"
"EVT-IMCA-0020","UNIQUE","EVT-IMCA-0020","Unique event fingerprint","International Marine Contractors Association (IMCA)","https://www.imca-int.com/resources/safety/safety-flashes/1226-crew-member-injured-during-mooring-operation/"
"EVT-IMCA-0021","UNIQUE","EVT-IMCA-0021","Unique event fingerprint","International Marine Contractors Association (IMCA)","https://www.imca-int.com/resources/safety/safety-flashes/1226-worker-got-something-in-the-eye-safety-glasses-slightly-askew/"
"EVT-IMCA-0022","UNIQUE","EVT-IMCA-0022","Unique event fingerprint","International Marine Contractors Association (IMCA)","https://www.imca-int.com/resources/safety/safety-flashes/1226-fire-in-tumble-dryer/"
"EVT-IMCA-0023","UNIQUE","EVT-IMCA-0023","Unique event fingerprint","International Marine Contractors Association (IMCA)","https://www.imca-int.com/resources/safety/safety-flashes/1126-arm-injury-need-for-focus-on-safe-isolation-and-task-control/"
"EVT-IMCA-0024","UNIQUE","EVT-IMCA-0024","Unique event fingerprint","International Marine Contractors Association (IMCA)","https://www.imca-int.com/resources/safety/safety-flashes/1126-floodlamp-causes-scaffold-board-to-start-smouldering/"
"EVT-IMCA-0025","UNIQUE","EVT-IMCA-0025","Unique event fingerprint","International Marine Contractors Association (IMCA)","https://www.imca-int.com/resources/safety/safety-flashes/1126-lamp-fixture-fire-in-office-cabin/"
"EVT-IMCA-0026","UNIQUE","EVT-IMCA-0026","Unique event fingerprint","International Marine Contractors Association (IMCA)","https://www.imca-int.com/resources/safety/safety-flashes/1126-bsee-prevent-fires-by-inspecting-cords-plugs-and-welding-leads-before-use/"
"EVT-IMCA-0027","UNIQUE","EVT-IMCA-0027","Unique event fingerprint","International Marine Contractors Association (IMCA)","https://www.imca-int.com/resources/safety/safety-flashes/1126-more-positive-stories/"
"EVT-IMCA-0028","UNIQUE","EVT-IMCA-0028","Unique event fingerprint","International Marine Contractors Association (IMCA)","https://www.imca-int.com/resources/safety/safety-flashes/1026-three-crane-incidents/"
"EVT-IMCA-0029","UNIQUE","EVT-IMCA-0029","Unique event fingerprint","International Marine Contractors Association (IMCA)","https://www.imca-int.com/resources/safety/safety-flashes/1026-finger-trapped-and-injured-while-working-on-heavy-equipment/"
"EVT-IMCA-0030","UNIQUE","EVT-IMCA-0030","Unique event fingerprint","International Marine Contractors Association (IMCA)","https://www.imca-int.com/resources/safety/safety-flashes/1026-machinery-damaged-through-improper-maintenance-technique/"
"EVT-IMCA-0031","UNIQUE","EVT-IMCA-0031","Unique event fingerprint","International Marine Contractors Association (IMCA)","https://www.imca-int.com/resources/safety/safety-flashes/1026-gangway-damaged-after-unauthorised-re-installation/"
"EVT-IMCA-0032","UNIQUE","EVT-IMCA-0032","Unique event fingerprint","International Marine Contractors Association (IMCA)","https://www.imca-int.com/resources/safety/safety-flashes/1026-some-positive-findings/"
"EVT-IMCA-0033","UNIQUE","EVT-IMCA-0033","Unique event fingerprint","International Marine Contractors Association (IMCA)","https://www.imca-int.com/resources/safety/safety-flashes/0926-worker-suffered-crush-injury-while-handling-unstable-steel-plates/"
"EVT-IMCA-0034","UNIQUE","EVT-IMCA-0034","Unique event fingerprint","International Marine Contractors Association (IMCA)","https://www.imca-int.com/resources/safety/safety-flashes/0926-high-potential-near-miss-dropped-object-due-to-contact-with-crane-sheave/"
"EVT-IMCA-0035","EVENT_DUPLICATE","EVT-IMCA-0030","Matching normalized title and incident narrative fingerprint","International Marine Contractors Association (IMCA)","https://www.imca-int.com/resources/safety/safety-flashes/0926-machinery-damaged-through-improper-maintenance-technique/"
"EVT-IMCA-0036","UNIQUE","EVT-IMCA-0036","Unique event fingerprint","International Marine Contractors Association (IMCA)","https://www.imca-int.com/resources/safety/safety-flashes/0926-shifting-cargo-and-deck-spill-during-heavy-weather/"
"EVT-IMCA-0037","UNIQUE","EVT-IMCA-0037","Unique event fingerprint","International Marine Contractors Association (IMCA)","https://www.imca-int.com/resources/safety/safety-flashes/0926-msf-fast-rescue-craft-frc-washed-overboard-and-lost-at-sea/"
"EVT-IMCA-0038","UNIQUE","EVT-IMCA-0038","Unique event fingerprint","International Marine Contractors Association (IMCA)","https://www.imca-int.com/resources/safety/safety-flashes/0826-failure-of-moonpool-railing-system-caused-man-overboard-situation-in-moonpool/"
"EVT-IMCA-0039","UNIQUE","EVT-IMCA-0039","Unique event fingerprint","International Marine Contractors Association (IMCA)","https://www.imca-int.com/resources/safety/safety-flashes/0826-diver-entanglement-uncontrolled-equipment-in-the-water-column/"
"EVT-IMCA-0040","UNIQUE","EVT-IMCA-0040","Unique event fingerprint","International Marine Contractors Association (IMCA)","https://www.imca-int.com/resources/safety/safety-flashes/0826-diver-entanglement-umbilical-caught-around-an-anode/"
"EVT-IMCA-0041","UNIQUE","EVT-IMCA-0041","Unique event fingerprint","International Marine Contractors Association (IMCA)","https://www.imca-int.com/resources/safety/safety-flashes/0826-unsecured-sheave-pin-fell-from-crane/"
"EVT-IMCA-0042","UNIQUE","EVT-IMCA-0042","Unique event fingerprint","International Marine Contractors Association (IMCA)","https://www.imca-int.com/resources/safety/safety-flashes/0826-heaving-line-snap-back-causes-injury/"
"EVT-IMCA-0043","UNIQUE","EVT-IMCA-0043","Unique event fingerprint","International Marine Contractors Association (IMCA)","https://www.imca-int.com/resources/safety/safety-flashes/0726-lti-crew-member-squeezed-between-buoy-and-cargo-rail/"
"EVT-IMCA-0044","UNIQUE","EVT-IMCA-0044","Unique event fingerprint","International Marine Contractors Association (IMCA)","https://www.imca-int.com/resources/safety/safety-flashes/0726-bsee-exterior-walkway-separates-from-temporary-living-quarters-putting-workers-at-risk/"
"EVT-IMCA-0045","UNIQUE","EVT-IMCA-0045","Unique event fingerprint","International Marine Contractors Association (IMCA)","https://www.imca-int.com/resources/safety/safety-flashes/0726-uk-hse-electrician-seriously-injured-on-onshore-wind-farm/"
"EVT-IMCA-0046","UNIQUE","EVT-IMCA-0046","Unique event fingerprint","International Marine Contractors Association (IMCA)","https://www.imca-int.com/resources/safety/safety-flashes/0726-unauthorised-boarding-and-theft-from-vessel-at-anchor/"
"EVT-IMCA-0047","UNIQUE","EVT-IMCA-0047","Unique event fingerprint","International Marine Contractors Association (IMCA)","https://www.imca-int.com/resources/safety/safety-flashes/0726-death-of-seafarer-due-to-fall-from-crane-cabin/"
"EVT-IMCA-0048","UNIQUE","EVT-IMCA-0048","Unique event fingerprint","International Marine Contractors Association (IMCA)","https://www.imca-int.com/resources/safety/safety-flashes/0626-maib-sinking-of-tug-biter-with-loss-of-two-lives/"
"EVT-IMCA-0049","UNIQUE","EVT-IMCA-0049","Unique event fingerprint","International Marine Contractors Association (IMCA)","https://www.imca-int.com/resources/safety/safety-flashes/0626-dropped-object-strop-parted-over-sharp-edge/"
"EVT-IMCA-0050","UNIQUE","EVT-IMCA-0050","Unique event fingerprint","International Marine Contractors Association (IMCA)","https://www.imca-int.com/resources/safety/safety-flashes/0626-person-injured-when-pry-bar-slipped/"
"EVT-IMCA-0051","UNIQUE","EVT-IMCA-0051","Unique event fingerprint","International Marine Contractors Association (IMCA)","https://www.imca-int.com/resources/safety/safety-flashes/0626-msf-high-potential-near-miss-during-frc-maintenance/"
"EVT-IMCA-0052","UNIQUE","EVT-IMCA-0052","Unique event fingerprint","International Marine Contractors Association (IMCA)","https://www.imca-int.com/resources/safety/safety-flashes/0626-bsee-crane-incident-leads-to-serious-facial-injuries/"
"EVT-IMCA-0053","UNIQUE","EVT-IMCA-0053","Unique event fingerprint","International Marine Contractors Association (IMCA)","https://www.imca-int.com/resources/safety/safety-flashes/0526-battery-power-bank-explodes-in-cabin/"
"EVT-IMCA-0054","UNIQUE","EVT-IMCA-0054","Unique event fingerprint","International Marine Contractors Association (IMCA)","https://www.imca-int.com/resources/safety/safety-flashes/0526-failure-of-a-frame-fold-down-platform/"
"EVT-IMCA-0055","UNIQUE","EVT-IMCA-0055","Unique event fingerprint","International Marine Contractors Association (IMCA)","https://www.imca-int.com/resources/safety/safety-flashes/0526-working-in-a-confined-space-without-a-permit-to-work/"
"EVT-IMCA-0056","UNIQUE","EVT-IMCA-0056","Unique event fingerprint","International Marine Contractors Association (IMCA)","https://www.imca-int.com/resources/safety/safety-flashes/0526-unsafe-handling-of-gas-cylinders/"
"EVT-IMCA-0057","UNIQUE","EVT-IMCA-0057","Unique event fingerprint","International Marine Contractors Association (IMCA)","https://www.imca-int.com/resources/safety/safety-flashes/0526-msf-unsecured-bulk-hose-near-miss/"
"EVT-IMCA-0058","UNIQUE","EVT-IMCA-0058","Unique event fingerprint","International Marine Contractors Association (IMCA)","https://www.imca-int.com/resources/safety/safety-flashes/0426-dropped-object-falling-shim-plate-while-lowering-a-frame/"
"EVT-IMCA-0059","UNIQUE","EVT-IMCA-0059","Unique event fingerprint","International Marine Contractors Association (IMCA)","https://www.imca-int.com/resources/safety/safety-flashes/0426-w2w-gangway-bumper-damaged-during-demonstration/"
"EVT-IMCA-0060","UNIQUE","EVT-IMCA-0060","Unique event fingerprint","International Marine Contractors Association (IMCA)","https://www.imca-int.com/resources/safety/safety-flashes/0426-towing-wire-parted/"
"EVT-IMCA-0061","UNIQUE","EVT-IMCA-0061","Unique event fingerprint","International Marine Contractors Association (IMCA)","https://www.imca-int.com/resources/safety/safety-flashes/0426-bsee-falling-corroded-crane-component-results-in-near-miss/"
"EVT-IMCA-0062","UNIQUE","EVT-IMCA-0062","Unique event fingerprint","International Marine Contractors Association (IMCA)","https://www.imca-int.com/resources/safety/safety-flashes/0426-cook-temporarily-trapped-in-freezer/"
"EVT-IMCA-0063","UNIQUE","EVT-IMCA-0063","Unique event fingerprint","International Marine Contractors Association (IMCA)","https://www.imca-int.com/resources/safety/safety-flashes/0326-fall-from-height-during-mooring-due-to-rope-tension-reaction/"
"EVT-IMCA-0064","UNIQUE","EVT-IMCA-0064","Unique event fingerprint","International Marine Contractors Association (IMCA)","https://www.imca-int.com/resources/safety/safety-flashes/0326-missing-protection-progressive-wear-on-hydraulic-hoses-causes-damage/"
"EVT-IMCA-0065","UNIQUE","EVT-IMCA-0065","Unique event fingerprint","International Marine Contractors Association (IMCA)","https://www.imca-int.com/resources/safety/safety-flashes/0326-small-engine-room-fire-flammable-object-ignited/"
"EVT-IMCA-0066","UNIQUE","EVT-IMCA-0066","Unique event fingerprint","International Marine Contractors Association (IMCA)","https://www.imca-int.com/resources/safety/safety-flashes/0326-positive-damage-to-fast-rescue-craft-davit-wire-rope-caught-before-failure/"
"EVT-IMCA-0067","UNIQUE","EVT-IMCA-0067","Unique event fingerprint","International Marine Contractors Association (IMCA)","https://www.imca-int.com/resources/safety/safety-flashes/0326-bsee-miscommunication-and-trapped-pressure-causes-injury-during-valve-maintenance/"
"EVT-IMCA-0068","UNIQUE","EVT-IMCA-0068","Unique event fingerprint","International Marine Contractors Association (IMCA)","https://www.imca-int.com/resources/safety/safety-flashes/0226-dropped-grp-cover-during-subsea-lifting/"
"EVT-IMCA-0069","UNIQUE","EVT-IMCA-0069","Unique event fingerprint","International Marine Contractors Association (IMCA)","https://www.imca-int.com/resources/safety/safety-flashes/0226-umbilical-support-frame-made-contact-with-passing-vehicle-on-public-road/"
"EVT-IMCA-0070","UNIQUE","EVT-IMCA-0070","Unique event fingerprint","International Marine Contractors Association (IMCA)","https://www.imca-int.com/resources/safety/safety-flashes/0226-petrol-driven-equipment-left-stored-in-an-emergency-generator-room/"
"EVT-IMCA-0071","UNIQUE","EVT-IMCA-0071","Unique event fingerprint","International Marine Contractors Association (IMCA)","https://www.imca-int.com/resources/safety/safety-flashes/0226-mechanic-got-burns-due-to-fire-in-portable-generator/"
"EVT-IMCA-0072","UNIQUE","EVT-IMCA-0072","Unique event fingerprint","International Marine Contractors Association (IMCA)","https://www.imca-int.com/resources/safety/safety-flashes/0226-some-positive-findings-and-good-practices/"
"EVT-IMCA-0073","UNIQUE","EVT-IMCA-0073","Unique event fingerprint","International Marine Contractors Association (IMCA)","https://www.imca-int.com/resources/safety/safety-flashes/0126-high-potential-dropped-object-cradle-falls-from-trailer/"
"EVT-IMCA-0074","UNIQUE","EVT-IMCA-0074","Unique event fingerprint","International Marine Contractors Association (IMCA)","https://www.imca-int.com/resources/safety/safety-flashes/0126-lti-back-injury/"
"EVT-IMCA-0075","UNIQUE","EVT-IMCA-0075","Unique event fingerprint","International Marine Contractors Association (IMCA)","https://www.imca-int.com/resources/safety/safety-flashes/0126-ntsb-engine-room-fire-put-things-back-properly-after-maintenance/"
"EVT-IMCA-0076","UNIQUE","EVT-IMCA-0076","Unique event fingerprint","International Marine Contractors Association (IMCA)","https://www.imca-int.com/resources/safety/safety-flashes/0126-bsee-arc-flash-incident-is-the-wire-still-live/"
"EVT-IMCA-0077","UNIQUE","EVT-IMCA-0077","Unique event fingerprint","International Marine Contractors Association (IMCA)","https://www.imca-int.com/resources/safety/safety-flashes/0126-spontaneous-explosion-of-a-plastic-ruler/"
"EVT-IMCA-0078","UNIQUE","EVT-IMCA-0078","Unique event fingerprint","International Marine Contractors Association (IMCA)","https://www.imca-int.com/resources/safety/safety-flashes/2325-two-walk-to-work-gangway-incidents/"
"EVT-IMCA-0079","UNIQUE","EVT-IMCA-0079","Unique event fingerprint","International Marine Contractors Association (IMCA)","https://www.imca-int.com/resources/safety/safety-flashes/2325-dropped-object-bailout-cylinder-inside-diving-bell/"
"EVT-IMCA-0080","UNIQUE","EVT-IMCA-0080","Unique event fingerprint","International Marine Contractors Association (IMCA)","https://www.imca-int.com/resources/safety/safety-flashes/2325-man-overboard-in-port-seaman-falls-from-quay-access-ladder/"
"EVT-IMCA-0081","UNIQUE","EVT-IMCA-0081","Unique event fingerprint","International Marine Contractors Association (IMCA)","https://www.imca-int.com/resources/safety/safety-flashes/2325-lti-leg-injury-while-using-hand-held-grinder/"
"EVT-IMCA-0082","UNIQUE","EVT-IMCA-0082","Unique event fingerprint","International Marine Contractors Association (IMCA)","https://www.imca-int.com/resources/safety/safety-flashes/2325-bsee-anchor-handling-causes-damage-to-subsea-equipment-and-triggers-gas-release/"
"EVT-IMCA-0083","UNIQUE","EVT-IMCA-0083","Unique event fingerprint","International Marine Contractors Association (IMCA)","https://www.imca-int.com/resources/safety/safety-flashes/2225-vessel-ran-aground/"
"EVT-IMCA-0084","UNIQUE","EVT-IMCA-0084","Unique event fingerprint","International Marine Contractors Association (IMCA)","https://www.imca-int.com/resources/safety/safety-flashes/2225-fire-in-the-engine-room-fuel-spray-fire/"
"EVT-IMCA-0085","UNIQUE","EVT-IMCA-0085","Unique event fingerprint","International Marine Contractors Association (IMCA)","https://www.imca-int.com/resources/safety/safety-flashes/2225-fire-hazard-missing-splash-tapes-on-fuel-hose-connections/"
"EVT-IMCA-0086","UNIQUE","EVT-IMCA-0086","Unique event fingerprint","International Marine Contractors Association (IMCA)","https://www.imca-int.com/resources/safety/safety-flashes/2225-dropped-pallet-during-cargo-transfer/"
"EVT-IMCA-0087","UNIQUE","EVT-IMCA-0087","Unique event fingerprint","International Marine Contractors Association (IMCA)","https://www.imca-int.com/resources/safety/safety-flashes/2225-positive-enhancing-safety-communication-through-digital-monitors/"
"EVT-IMCA-0088","UNIQUE","EVT-IMCA-0088","Unique event fingerprint","International Marine Contractors Association (IMCA)","https://www.imca-int.com/resources/safety/safety-flashes/2125-fingertip-crush-injury-sustained-during-lifting-operation/"
"EVT-IMCA-0089","UNIQUE","EVT-IMCA-0089","Unique event fingerprint","International Marine Contractors Association (IMCA)","https://www.imca-int.com/resources/safety/safety-flashes/2125-stay-in-the-right-place-the-importance-of-personal-positioning/"
"EVT-IMCA-0090","UNIQUE","EVT-IMCA-0090","Unique event fingerprint","International Marine Contractors Association (IMCA)","https://www.imca-int.com/resources/safety/safety-flashes/2125-slipped-on-stairs-broken-finger/"
"EVT-IMCA-0091","UNIQUE","EVT-IMCA-0091","Unique event fingerprint","International Marine Contractors Association (IMCA)","https://www.imca-int.com/resources/safety/safety-flashes/2125-condensation-hazard-on-electrical-panel-440v/"
"EVT-IMCA-0092","UNIQUE","EVT-IMCA-0092","Unique event fingerprint","International Marine Contractors Association (IMCA)","https://www.imca-int.com/resources/safety/safety-flashes/2125-broken-equipment-repaired-or-replaced/"
"EVT-IMCA-0093","UNIQUE","EVT-IMCA-0093","Unique event fingerprint","International Marine Contractors Association (IMCA)","https://www.imca-int.com/resources/safety/safety-flashes/2025-bunker-hose-obstructing-emergency-exit/"
"EVT-IMCA-0094","UNIQUE","EVT-IMCA-0094","Unique event fingerprint","International Marine Contractors Association (IMCA)","https://www.imca-int.com/resources/safety/safety-flashes/2025-watertight-door-and-emergency-hatch-found-open-at-sea/"
"EVT-IMCA-0095","UNIQUE","EVT-IMCA-0095","Unique event fingerprint","International Marine Contractors Association (IMCA)","https://www.imca-int.com/resources/safety/safety-flashes/2025-atsb-undocumented-modification-contributed-to-steam-burns/"
"EVT-IMCA-0096","UNIQUE","EVT-IMCA-0096","Unique event fingerprint","International Marine Contractors Association (IMCA)","https://www.imca-int.com/resources/safety/safety-flashes/2025-smoke-in-the-battery-room/"
"EVT-IMCA-0097","UNIQUE","EVT-IMCA-0097","Unique event fingerprint","International Marine Contractors Association (IMCA)","https://www.imca-int.com/resources/safety/safety-flashes/2025-hull-crack-arising-from-vibration/"
"EVT-IMCA-0098","UNIQUE","EVT-IMCA-0098","Unique event fingerprint","International Marine Contractors Association (IMCA)","https://www.imca-int.com/resources/safety/safety-flashes/1925-injury-after-fall-from-vertical-ladder/"
"EVT-IMCA-0099","UNIQUE","EVT-IMCA-0099","Unique event fingerprint","International Marine Contractors Association (IMCA)","https://www.imca-int.com/resources/safety/safety-flashes/1925-lti-serious-injury-to-thumb-when-pipe-fell-during-maintenance/"
"EVT-IMCA-0100","UNIQUE","EVT-IMCA-0100","Unique event fingerprint","International Marine Contractors Association (IMCA)","https://www.imca-int.com/resources/safety/safety-flashes/1925-msf-burn-to-arm-from-contact-with-tumble-dryer/"
"EVT-IMCA-0101","UNIQUE","EVT-IMCA-0101","Unique event fingerprint","International Marine Contractors Association (IMCA)","https://www.imca-int.com/resources/safety/safety-flashes/1925-japan-transport-safety-board-two-confined-space-fatalities/"
"EVT-IMCA-0102","UNIQUE","EVT-IMCA-0102","Unique event fingerprint","International Marine Contractors Association (IMCA)","https://www.imca-int.com/resources/safety/safety-flashes/1925-on-a-more-positive-note/"
"EVT-IMCA-0103","UNIQUE","EVT-IMCA-0103","Unique event fingerprint","International Marine Contractors Association (IMCA)","https://www.imca-int.com/resources/safety/safety-flashes/1825-crane-cab-access-platform-collapsed/"
"EVT-IMCA-0104","UNIQUE","EVT-IMCA-0104","Unique event fingerprint","International Marine Contractors Association (IMCA)","https://www.imca-int.com/resources/safety/safety-flashes/1825-positive-worn-mooring-lines-spotted-and-replaced-before-they-parted/"
"EVT-IMCA-0105","UNIQUE","EVT-IMCA-0105","Unique event fingerprint","International Marine Contractors Association (IMCA)","https://www.imca-int.com/resources/safety/safety-flashes/1825-dropped-object-due-to-over-ridden-limit-switch/"
"EVT-IMCA-0106","UNIQUE","EVT-IMCA-0106","Unique event fingerprint","International Marine Contractors Association (IMCA)","https://www.imca-int.com/resources/safety/safety-flashes/1825-worker-suffered-eye-injuries-in-electric-arc-incident/"
"EVT-IMCA-0107","UNIQUE","EVT-IMCA-0107","Unique event fingerprint","International Marine Contractors Association (IMCA)","https://www.imca-int.com/resources/safety/safety-flashes/1825-uscg-lithium-ion-battery-system-installations/"
"EVT-IMCA-0108","UNIQUE","EVT-IMCA-0108","Unique event fingerprint","International Marine Contractors Association (IMCA)","https://www.imca-int.com/resources/safety/safety-flashes/1725-swl-plate-dropped-from-crane-block/"
"EVT-IMCA-0109","UNIQUE","EVT-IMCA-0109","Unique event fingerprint","International Marine Contractors Association (IMCA)","https://www.imca-int.com/resources/safety/safety-flashes/1725-unsafe-lifting-practices-during-dry-dock/"
"EVT-IMCA-0110","UNIQUE","EVT-IMCA-0110","Unique event fingerprint","International Marine Contractors Association (IMCA)","https://www.imca-int.com/resources/safety/safety-flashes/1725-handling-alarms-on-the-bridge-a-dp-incident/"
"EVT-IMCA-0111","UNIQUE","EVT-IMCA-0111","Unique event fingerprint","International Marine Contractors Association (IMCA)","https://www.imca-int.com/resources/safety/safety-flashes/1725-uncoordinated-emergency-shutdown-due-to-pipe-failure/"
"EVT-IMCA-0112","UNIQUE","EVT-IMCA-0112","Unique event fingerprint","International Marine Contractors Association (IMCA)","https://www.imca-int.com/resources/safety/safety-flashes/1725-uk-hse-oil-company-fined-after-serious-failure-of-elevator/"
"EVT-IMCA-0113","UNIQUE","EVT-IMCA-0113","Unique event fingerprint","International Marine Contractors Association (IMCA)","https://www.imca-int.com/resources/safety/safety-flashes/1625-hand-crushed-during-coiled-tubing-reel-handling/"
"EVT-IMCA-0114","UNIQUE","EVT-IMCA-0114","Unique event fingerprint","International Marine Contractors Association (IMCA)","https://www.imca-int.com/resources/safety/safety-flashes/1625-two-hand-injuries-caused-during-mooring/"
"EVT-IMCA-0115","UNIQUE","EVT-IMCA-0115","Unique event fingerprint","International Marine Contractors Association (IMCA)","https://www.imca-int.com/resources/safety/safety-flashes/1625-bsee-electromagnetic-lifting-device-dropped-steel-plate/"
"EVT-IMCA-0116","UNIQUE","EVT-IMCA-0116","Unique event fingerprint","International Marine Contractors Association (IMCA)","https://www.imca-int.com/resources/safety/safety-flashes/1625-msf-watertight-door-fatality/"
"EVT-IMCA-0117","UNIQUE","EVT-IMCA-0117","Unique event fingerprint","International Marine Contractors Association (IMCA)","https://www.imca-int.com/resources/safety/safety-flashes/1625-msf-grease-gun-hand-injury/"
"EVT-IMCA-0118","UNIQUE","EVT-IMCA-0118","Unique event fingerprint","International Marine Contractors Association (IMCA)","https://www.imca-int.com/resources/safety/safety-flashes/1525-uk-hse-motion-compensated-gangways-auto-retraction/"
"EVT-IMCA-0119","UNIQUE","EVT-IMCA-0119","Unique event fingerprint","International Marine Contractors Association (IMCA)","https://www.imca-int.com/resources/safety/safety-flashes/1425-brazil-diver-permanently-disabled-after-decompression-illness/"
"EVT-IMCA-0120","UNIQUE","EVT-IMCA-0120","Unique event fingerprint","International Marine Contractors Association (IMCA)","https://www.imca-int.com/resources/safety/safety-flashes/1425-diver-reports-unwell-post-dive-non-decompression-illness/"
"EVT-IMCA-0121","UNIQUE","EVT-IMCA-0121","Unique event fingerprint","International Marine Contractors Association (IMCA)","https://www.imca-int.com/resources/safety/safety-flashes/1425-shore-side-crane-boom-collides-with-vessel-mast/"
"EVT-IMCA-0122","UNIQUE","EVT-IMCA-0122","Unique event fingerprint","International Marine Contractors Association (IMCA)","https://www.imca-int.com/resources/safety/safety-flashes/1425-injury-sustained-while-operating-steel-lifting-magnet/"
"EVT-IMCA-0123","UNIQUE","EVT-IMCA-0123","Unique event fingerprint","International Marine Contractors Association (IMCA)","https://www.imca-int.com/resources/safety/safety-flashes/1425-head-injury-in-engine-room/"
"EVT-IMCA-0124","UNIQUE","EVT-IMCA-0124","Unique event fingerprint","International Marine Contractors Association (IMCA)","https://www.imca-int.com/resources/safety/safety-flashes/1325-diver-sustains-laceration-to-right-hand/"
"EVT-IMCA-0125","UNIQUE","EVT-IMCA-0125","Unique event fingerprint","International Marine Contractors Association (IMCA)","https://www.imca-int.com/resources/safety/safety-flashes/1325-dive-chamber-procedures-and-operations/"
"EVT-IMCA-0126","UNIQUE","EVT-IMCA-0126","Unique event fingerprint","International Marine Contractors Association (IMCA)","https://www.imca-int.com/resources/safety/safety-flashes/1325-near-miss-high-voltage-arc-inside-tether-termination-manifold/"
"EVT-IMCA-0127","UNIQUE","EVT-IMCA-0127","Unique event fingerprint","International Marine Contractors Association (IMCA)","https://www.imca-int.com/resources/safety/safety-flashes/1325-container-door-opened-during-transit/"
"EVT-IMCA-0128","UNIQUE","EVT-IMCA-0128","Unique event fingerprint","International Marine Contractors Association (IMCA)","https://www.imca-int.com/resources/safety/safety-flashes/1325-positive-vigilant-watch-practices/"
"EVT-IMCA-0129","UNIQUE","EVT-IMCA-0129","Unique event fingerprint","International Marine Contractors Association (IMCA)","https://www.imca-int.com/resources/safety/safety-flashes/1225-lti-hand-injury-during-capstan-maintenance/"
"EVT-IMCA-0130","UNIQUE","EVT-IMCA-0130","Unique event fingerprint","International Marine Contractors Association (IMCA)","https://www.imca-int.com/resources/safety/safety-flashes/1225-high-potential-incident-worker-injured-when-opening-a-flanged-assembly/"
"EVT-IMCA-0131","UNIQUE","EVT-IMCA-0131","Unique event fingerprint","International Marine Contractors Association (IMCA)","https://www.imca-int.com/resources/safety/safety-flashes/1225-near-miss-worker-suffers-electric-shock/"
"EVT-IMCA-0132","UNIQUE","EVT-IMCA-0132","Unique event fingerprint","International Marine Contractors Association (IMCA)","https://www.imca-int.com/resources/safety/safety-flashes/1225-unsafe-use-of-electrical-equipment-in-cabins/"
"EVT-IMCA-0133","UNIQUE","EVT-IMCA-0133","Unique event fingerprint","International Marine Contractors Association (IMCA)","https://www.imca-int.com/resources/safety/safety-flashes/1225-uk-hse-load-falls-from-lorry-and-kills-cyclist/"
"EVT-IMCA-0134","UNIQUE","EVT-IMCA-0134","Unique event fingerprint","International Marine Contractors Association (IMCA)","https://www.imca-int.com/resources/safety/safety-flashes/1125-ntsb-vessel-crane-contact-with-shore-side-crane/"
"EVT-IMCA-0135","UNIQUE","EVT-IMCA-0135","Unique event fingerprint","International Marine Contractors Association (IMCA)","https://www.imca-int.com/resources/safety/safety-flashes/1125-dropped-pallet-during-forklift-operation/"
"EVT-IMCA-0136","UNIQUE","EVT-IMCA-0136","Unique event fingerprint","International Marine Contractors Association (IMCA)","https://www.imca-int.com/resources/safety/safety-flashes/1125-dropped-object-hazard-access-hatch-to-the-communication-dome/"
"EVT-IMCA-0137","UNIQUE","EVT-IMCA-0137","Unique event fingerprint","International Marine Contractors Association (IMCA)","https://www.imca-int.com/resources/safety/safety-flashes/1125-lock-outtag-out-and-unauthorised-electrical-connectionsdisconnections/"
"EVT-IMCA-0138","UNIQUE","EVT-IMCA-0138","Unique event fingerprint","International Marine Contractors Association (IMCA)","https://www.imca-int.com/resources/safety/safety-flashes/1125-maib-is-your-lead-acid-battery-safe/"
"EVT-IMCA-0139","UNIQUE","EVT-IMCA-0139","Unique event fingerprint","International Marine Contractors Association (IMCA)","https://www.imca-int.com/resources/safety/safety-flashes/1125-bsee-umbilical-termination-failure-leads-to-dropped-rov/"
"EVT-IMCA-0140","UNIQUE","EVT-IMCA-0140","Unique event fingerprint","International Marine Contractors Association (IMCA)","https://www.imca-int.com/resources/safety/safety-flashes/1025-lti-back-injury-in-confined-space-tank-entry/"
"EVT-IMCA-0141","UNIQUE","EVT-IMCA-0141","Unique event fingerprint","International Marine Contractors Association (IMCA)","https://www.imca-int.com/resources/safety/safety-flashes/1025-injury-to-thumb-during-lifting-operations/"
"EVT-IMCA-0142","UNIQUE","EVT-IMCA-0142","Unique event fingerprint","International Marine Contractors Association (IMCA)","https://www.imca-int.com/resources/safety/safety-flashes/1025-maib-lti-fingers-lost-during-mooring-operations/"
"EVT-IMCA-0143","UNIQUE","EVT-IMCA-0143","Unique event fingerprint","International Marine Contractors Association (IMCA)","https://www.imca-int.com/resources/safety/safety-flashes/1025-hand-injuries-dealing-with-sharp-objects/"
"EVT-IMCA-0144","UNIQUE","EVT-IMCA-0144","Unique event fingerprint","International Marine Contractors Association (IMCA)","https://www.imca-int.com/resources/safety/safety-flashes/1025-bsee-failure-to-identify-and-restrict-access-to-faulty-gratings/"
"EVT-IMCA-0145","UNIQUE","EVT-IMCA-0145","Unique event fingerprint","International Marine Contractors Association (IMCA)","https://www.imca-int.com/resources/safety/safety-flashes/0925-unintended-cargo-collision-during-lifting-operations/"
"EVT-IMCA-0146","UNIQUE","EVT-IMCA-0146","Unique event fingerprint","International Marine Contractors Association (IMCA)","https://www.imca-int.com/resources/safety/safety-flashes/0925-person-injured-when-unsecured-grating-gave-away/"
"EVT-IMCA-0147","UNIQUE","EVT-IMCA-0147","Unique event fingerprint","International Marine Contractors Association (IMCA)","https://www.imca-int.com/resources/safety/safety-flashes/0925-electrical-isolation-failing-to-prove-dead-at-the-point-of-work/"
"EVT-IMCA-0148","UNIQUE","EVT-IMCA-0148","Unique event fingerprint","International Marine Contractors Association (IMCA)","https://www.imca-int.com/resources/safety/safety-flashes/0925-transport-malta-fatality-after-steel-plates-fell-onto-crew-member/"
"EVT-IMCA-0149","UNIQUE","EVT-IMCA-0149","Unique event fingerprint","International Marine Contractors Association (IMCA)","https://www.imca-int.com/resources/safety/safety-flashes/0925-msf-multiple-ltis-vessel-gangway-fell-from-quay-causing-injuries/"
"EVT-IMCA-0150","UNIQUE","EVT-IMCA-0150","Unique event fingerprint","International Marine Contractors Association (IMCA)","https://www.imca-int.com/resources/safety/safety-flashes/0825-bsee-nitrogen-cylinder-rupture-causing-worker-injuries-and-equipment-damage/"
"EVT-IMCA-0151","UNIQUE","EVT-IMCA-0151","Unique event fingerprint","International Marine Contractors Association (IMCA)","https://www.imca-int.com/resources/safety/safety-flashes/0825-person-fractured-foot-during-elevator-inspection/"
"EVT-IMCA-0152","UNIQUE","EVT-IMCA-0152","Unique event fingerprint","International Marine Contractors Association (IMCA)","https://www.imca-int.com/resources/safety/safety-flashes/0825-detergent-chemical-burn/"
"EVT-IMCA-0153","UNIQUE","EVT-IMCA-0153","Unique event fingerprint","International Marine Contractors Association (IMCA)","https://www.imca-int.com/resources/safety/safety-flashes/0825-positive-findings-and-good-practices/"
"EVT-IMCA-0154","UNIQUE","EVT-IMCA-0154","Unique event fingerprint","International Marine Contractors Association (IMCA)","https://www.imca-int.com/resources/safety/safety-flashes/0825-hydrogen-sulphide-h2s-detected-onboard-vessel/"
"EVT-IMCA-0155","UNIQUE","EVT-IMCA-0155","Unique event fingerprint","International Marine Contractors Association (IMCA)","https://www.imca-int.com/resources/safety/safety-flashes/0725-fatality-following-a-fall-from-a-wind-turbine/"
"EVT-IMCA-0156","UNIQUE","EVT-IMCA-0156","Unique event fingerprint","International Marine Contractors Association (IMCA)","https://www.imca-int.com/resources/safety/safety-flashes/0725-uk-hse-risk-of-collision-with-offshore-installations-from-attendant-vessels/"
"EVT-IMCA-0157","UNIQUE","EVT-IMCA-0157","Unique event fingerprint","International Marine Contractors Association (IMCA)","https://www.imca-int.com/resources/safety/safety-flashes/0725-uscg-hazardous-zone-markings-and-safety-protocol-awareness/"
"EVT-IMCA-0158","UNIQUE","EVT-IMCA-0158","Unique event fingerprint","International Marine Contractors Association (IMCA)","https://www.imca-int.com/resources/safety/safety-flashes/0725-bsee-crane-safety-awareness-during-offshore-helideck-operations/"
"EVT-IMCA-0159","UNIQUE","EVT-IMCA-0159","Unique event fingerprint","International Marine Contractors Association (IMCA)","https://www.imca-int.com/resources/safety/safety-flashes/0625-incidents-occurring-during-decommissioning/"
"EVT-IMCA-0160","UNIQUE","EVT-IMCA-0160","Unique event fingerprint","International Marine Contractors Association (IMCA)","https://www.imca-int.com/resources/safety/safety-flashes/0525-lti-rope-under-tension-moved-and-hit-person-s-hand/"
"EVT-IMCA-0161","UNIQUE","EVT-IMCA-0161","Unique event fingerprint","International Marine Contractors Association (IMCA)","https://www.imca-int.com/resources/safety/safety-flashes/0525-injuries-during-lifting-operations/"
"EVT-IMCA-0162","UNIQUE","EVT-IMCA-0162","Unique event fingerprint","International Marine Contractors Association (IMCA)","https://www.imca-int.com/resources/safety/safety-flashes/0525-finger-injury-during-manual-handling/"
"EVT-IMCA-0163","UNIQUE","EVT-IMCA-0163","Unique event fingerprint","International Marine Contractors Association (IMCA)","https://www.imca-int.com/resources/safety/safety-flashes/0525-acetylene-gas-explosion/"
"EVT-IMCA-0164","UNIQUE","EVT-IMCA-0164","Unique event fingerprint","International Marine Contractors Association (IMCA)","https://www.imca-int.com/resources/safety/safety-flashes/0525-crane-cab-fire-caused-by-fridge/"
"EVT-IMCA-0165","UNIQUE","EVT-IMCA-0165","Unique event fingerprint","International Marine Contractors Association (IMCA)","https://www.imca-int.com/resources/safety/safety-flashes/0425-divers-helmet-struck-and-damaged-subsea-by-crane-hook/"
"EVT-IMCA-0166","UNIQUE","EVT-IMCA-0166","Unique event fingerprint","International Marine Contractors Association (IMCA)","https://www.imca-int.com/resources/safety/safety-flashes/0425-diver-lifted-off-seabed/"
"EVT-IMCA-0167","UNIQUE","EVT-IMCA-0167","Unique event fingerprint","International Marine Contractors Association (IMCA)","https://www.imca-int.com/resources/safety/safety-flashes/0425-maib-very-serious-leg-injury-during-crane-operations/"
"EVT-IMCA-0168","UNIQUE","EVT-IMCA-0168","Unique event fingerprint","International Marine Contractors Association (IMCA)","https://www.imca-int.com/resources/safety/safety-flashes/0425-person-fell-in-engine-room-and-injured-head/"
"EVT-IMCA-0169","UNIQUE","EVT-IMCA-0169","Unique event fingerprint","International Marine Contractors Association (IMCA)","https://www.imca-int.com/resources/safety/safety-flashes/0425-msf-cook-got-chemicals-in-eye/"
"EVT-IMCA-0170","UNIQUE","EVT-IMCA-0170","Unique event fingerprint","International Marine Contractors Association (IMCA)","https://www.imca-int.com/resources/safety/safety-flashes/0325-crew-transfer-vessel-ctv-drifts-onto-turbine-tower/"
"EVT-IMCA-0171","UNIQUE","EVT-IMCA-0171","Unique event fingerprint","International Marine Contractors Association (IMCA)","https://www.imca-int.com/resources/safety/safety-flashes/0325-lti-fall-from-height-during-frc-maintenance/"
"EVT-IMCA-0172","UNIQUE","EVT-IMCA-0172","Unique event fingerprint","International Marine Contractors Association (IMCA)","https://www.imca-int.com/resources/safety/safety-flashes/0325-near-miss-narrowly-avoided-fall-from-height-due-to-missing-deck-gratings/"
"EVT-IMCA-0173","UNIQUE","EVT-IMCA-0173","Unique event fingerprint","International Marine Contractors Association (IMCA)","https://www.imca-int.com/resources/safety/safety-flashes/0325-msf-a-broken-stretcher-could-have-led-to-injury/"
"EVT-IMCA-0174","UNIQUE","EVT-IMCA-0174","Unique event fingerprint","International Marine Contractors Association (IMCA)","https://www.imca-int.com/resources/safety/safety-flashes/0325-positive-story-excellent-galley-hygiene-and-housekeeping/"
"EVT-IMCA-0175","UNIQUE","EVT-IMCA-0175","Unique event fingerprint","International Marine Contractors Association (IMCA)","https://www.imca-int.com/resources/safety/safety-flashes/0325-nopsema-fauna-entanglement/"
"EVT-IMCA-0176","UNIQUE","EVT-IMCA-0176","Unique event fingerprint","International Marine Contractors Association (IMCA)","https://www.imca-int.com/resources/safety/safety-flashes/0225-saturation-diver-exposed-to-chemicals-from-pipeline/"
"EVT-IMCA-0177","UNIQUE","EVT-IMCA-0177","Unique event fingerprint","International Marine Contractors Association (IMCA)","https://www.imca-int.com/resources/safety/safety-flashes/0225-maib-parted-mooring-rope-leads-to-fatality/"
"EVT-IMCA-0178","UNIQUE","EVT-IMCA-0178","Unique event fingerprint","International Marine Contractors Association (IMCA)","https://www.imca-int.com/resources/safety/safety-flashes/0225-confined-space-entry-hot-work-fatality/"
"EVT-IMCA-0179","UNIQUE","EVT-IMCA-0179","Unique event fingerprint","International Marine Contractors Association (IMCA)","https://www.imca-int.com/resources/safety/safety-flashes/0225-maib-vessel-cook-injured-by-spillage-of-burning-cooking-oil/"
"EVT-IMCA-0180","UNIQUE","EVT-IMCA-0180","Unique event fingerprint","International Marine Contractors Association (IMCA)","https://www.imca-int.com/resources/safety/safety-flashes/0225-maib-step-ladder-failure-lti/"
"EVT-IMCA-0181","UNIQUE","EVT-IMCA-0181","Unique event fingerprint","International Marine Contractors Association (IMCA)","https://www.imca-int.com/resources/safety/safety-flashes/imca-sf-0125/"
"EVT-IMCA-0182","UNIQUE","EVT-IMCA-0182","Unique event fingerprint","International Marine Contractors Association (IMCA)","https://www.imca-int.com/resources/safety/safety-flashes/2424-structural-failure-of-rescue-boat/"
"EVT-IMCA-0183","UNIQUE","EVT-IMCA-0183","Unique event fingerprint","International Marine Contractors Association (IMCA)","https://www.imca-int.com/resources/safety/safety-flashes/2424-high-potential-spontaneous-opening-of-hydraulic-release-shackle-hrs-pin/"
"EVT-IMCA-0184","UNIQUE","EVT-IMCA-0184","Unique event fingerprint","International Marine Contractors Association (IMCA)","https://www.imca-int.com/resources/safety/safety-flashes/2424-ntsb-diesel-generator-engine-failure/"
"EVT-IMCA-0185","UNIQUE","EVT-IMCA-0185","Unique event fingerprint","International Marine Contractors Association (IMCA)","https://www.imca-int.com/resources/safety/safety-flashes/2424-lti-fall-from-height-during-anchor-chain-handling-operation/"
"EVT-IMCA-0186","UNIQUE","EVT-IMCA-0186","Unique event fingerprint","International Marine Contractors Association (IMCA)","https://www.imca-int.com/resources/safety/safety-flashes/2424-sudden-disconnection-of-pressurised-hose/"
"EVT-IMCA-0187","UNIQUE","EVT-IMCA-0187","Unique event fingerprint","International Marine Contractors Association (IMCA)","https://www.imca-int.com/resources/safety/safety-flashes/2324-lti-finger-injury-during-emergency-recovery-of-rov/"
"EVT-IMCA-0188","UNIQUE","EVT-IMCA-0188","Unique event fingerprint","International Marine Contractors Association (IMCA)","https://www.imca-int.com/resources/safety/safety-flashes/2324-bsee-recurring-hand-injuries-from-alternative-cutting-devices/"
"EVT-IMCA-0189","UNIQUE","EVT-IMCA-0189","Unique event fingerprint","International Marine Contractors Association (IMCA)","https://www.imca-int.com/resources/safety/safety-flashes/2324-ntsb-crane-wire-failure/"
"EVT-IMCA-0190","UNIQUE","EVT-IMCA-0190","Unique event fingerprint","International Marine Contractors Association (IMCA)","https://www.imca-int.com/resources/safety/safety-flashes/2324-hot-work-performed-outside-of-permit-to-work-ptw-boundary-limit/"
"EVT-IMCA-0191","UNIQUE","EVT-IMCA-0191","Unique event fingerprint","International Marine Contractors Association (IMCA)","https://www.imca-int.com/resources/safety/safety-flashes/2324-vital-safety-information-height-of-vehicle-found-incorrect/"
"EVT-IMCA-0192","UNIQUE","EVT-IMCA-0192","Unique event fingerprint","International Marine Contractors Association (IMCA)","https://www.imca-int.com/resources/safety/safety-flashes/2224-diver-exposed-to-unplanned-release-of-production-gas/"
"EVT-IMCA-0193","UNIQUE","EVT-IMCA-0193","Unique event fingerprint","International Marine Contractors Association (IMCA)","https://www.imca-int.com/resources/safety/safety-flashes/2224-dropped-object-wooden-packing-block/"
"EVT-IMCA-0194","UNIQUE","EVT-IMCA-0194","Unique event fingerprint","International Marine Contractors Association (IMCA)","https://www.imca-int.com/resources/safety/safety-flashes/2224-bsee-person-fell-through-open-hatch/"
"EVT-IMCA-0195","UNIQUE","EVT-IMCA-0195","Unique event fingerprint","International Marine Contractors Association (IMCA)","https://www.imca-int.com/resources/safety/safety-flashes/2224-ntsb-fire-on-vessel-escaped-exhaust-gases/"
"EVT-IMCA-0196","UNIQUE","EVT-IMCA-0196","Unique event fingerprint","International Marine Contractors Association (IMCA)","https://www.imca-int.com/resources/safety/safety-flashes/2224-snagging-hazards/"
"EVT-IMCA-0197","UNIQUE","EVT-IMCA-0197","Unique event fingerprint","International Marine Contractors Association (IMCA)","https://www.imca-int.com/resources/safety/safety-flashes/2124-main-crane-failure-during-load-test/"
"EVT-IMCA-0198","UNIQUE","EVT-IMCA-0198","Unique event fingerprint","International Marine Contractors Association (IMCA)","https://www.imca-int.com/resources/safety/safety-flashes/2124-ac-vent-unit-cover-dislodged-and-fell-17-m/"
"EVT-IMCA-0199","UNIQUE","EVT-IMCA-0199","Unique event fingerprint","International Marine Contractors Association (IMCA)","https://www.imca-int.com/resources/safety/safety-flashes/2124-dropped-sheave-and-clump-weight/"
"EVT-IMCA-0200","UNIQUE","EVT-IMCA-0200","Unique event fingerprint","International Marine Contractors Association (IMCA)","https://www.imca-int.com/resources/safety/safety-flashes/2124-uk-hse-incident-during-rig-decommissioning-leads-to-fatality/"
"EVT-IMCA-0201","UNIQUE","EVT-IMCA-0201","Unique event fingerprint","International Marine Contractors Association (IMCA)","https://www.imca-int.com/resources/safety/safety-flashes/2124-positive-successful-rescue-of-surfer-on-the-open-sea/"
"EVT-IMCA-0202","UNIQUE","EVT-IMCA-0202","Unique event fingerprint","International Marine Contractors Association (IMCA)","https://www.imca-int.com/resources/safety/safety-flashes/2024-fire-in-engine-room/"
"EVT-IMCA-0203","UNIQUE","EVT-IMCA-0203","Unique event fingerprint","International Marine Contractors Association (IMCA)","https://www.imca-int.com/resources/safety/safety-flashes/2024-near-miss-smoke-and-fire-on-main-engine-exhaust/"
"EVT-IMCA-0204","UNIQUE","EVT-IMCA-0204","Unique event fingerprint","International Marine Contractors Association (IMCA)","https://www.imca-int.com/resources/safety/safety-flashes/2024-urgent-inspection-of-pressurised-carbon-dioxide-fire-fighting-systems/"
"EVT-IMCA-0205","UNIQUE","EVT-IMCA-0205","Unique event fingerprint","International Marine Contractors Association (IMCA)","https://www.imca-int.com/resources/safety/safety-flashes/2024-msf-safety-pins-left-in-fire-suppression-system-high-potential-near-miss/"
"EVT-IMCA-0206","EVENT_DUPLICATE","EVT-IMCA-0195","Matching normalized title and incident narrative fingerprint","International Marine Contractors Association (IMCA)","https://www.imca-int.com/resources/safety/safety-flashes/2024-ntsb-fire-on-vessel-escaped-exhaust-gases/"
"EVT-IMCA-0207","UNIQUE","EVT-IMCA-0207","Unique event fingerprint","International Marine Contractors Association (IMCA)","https://www.imca-int.com/resources/safety/safety-flashes/2024-inappropriate-automatic-activation-of-fixed-fire-fighting-system/"
"EVT-IMCA-0208","UNIQUE","EVT-IMCA-0208","Unique event fingerprint","International Marine Contractors Association (IMCA)","https://www.imca-int.com/resources/safety/safety-flashes/1924-man-overboard-during-motion-compensated-gangway-transfer/"
"EVT-IMCA-0209","UNIQUE","EVT-IMCA-0209","Unique event fingerprint","International Marine Contractors Association (IMCA)","https://www.imca-int.com/resources/safety/safety-flashes/1924-uk-hse-fall-from-height-injury-at-container-port/"
"EVT-IMCA-0210","UNIQUE","EVT-IMCA-0210","Unique event fingerprint","International Marine Contractors Association (IMCA)","https://www.imca-int.com/resources/safety/safety-flashes/1924-tampering-with-approved-safety-devices/"
"EVT-IMCA-0211","UNIQUE","EVT-IMCA-0211","Unique event fingerprint","International Marine Contractors Association (IMCA)","https://www.imca-int.com/resources/safety/safety-flashes/1924-injury-to-little-finger-lti/"
"EVT-IMCA-0212","UNIQUE","EVT-IMCA-0212","Unique event fingerprint","International Marine Contractors Association (IMCA)","https://www.imca-int.com/resources/safety/safety-flashes/1924-laceration-to-right-index-finger/"
"EVT-IMCA-0213","UNIQUE","EVT-IMCA-0213","Unique event fingerprint","International Marine Contractors Association (IMCA)","https://www.imca-int.com/resources/safety/safety-flashes/0912-modu-mooring-line-failure/"
"EVT-IMCA-0214","UNIQUE","EVT-IMCA-0214","Unique event fingerprint","International Marine Contractors Association (IMCA)","https://www.imca-int.com/resources/safety/safety-flashes/1824-near-miss-lift-bag-released-unintentionally-from-crane-hook/"
"EVT-IMCA-0215","UNIQUE","EVT-IMCA-0215","Unique event fingerprint","International Marine Contractors Association (IMCA)","https://www.imca-int.com/resources/safety/safety-flashes/1824-nitrogen-cylinder-ruptured/"
"EVT-IMCA-0216","UNIQUE","EVT-IMCA-0216","Unique event fingerprint","International Marine Contractors Association (IMCA)","https://www.imca-int.com/resources/safety/safety-flashes/1824-offshore-platform-decommissioning-near-miss/"
"EVT-IMCA-0217","UNIQUE","EVT-IMCA-0217","Unique event fingerprint","International Marine Contractors Association (IMCA)","https://www.imca-int.com/resources/safety/safety-flashes/1824-ntsb-fire-on-vessel-stray-electrical-current-during-welding/"
"EVT-IMCA-0218","UNIQUE","EVT-IMCA-0218","Unique event fingerprint","International Marine Contractors Association (IMCA)","https://www.imca-int.com/resources/safety/safety-flashes/1824-maib-vessel-collision-caused-by-mismatch-between-bridge-and-engine-room-control/"
"EVT-IMCA-0219","UNIQUE","EVT-IMCA-0219","Unique event fingerprint","International Marine Contractors Association (IMCA)","https://www.imca-int.com/resources/safety/safety-flashes/1724-non-fatal-man-overboard-worker-fell-from-height-into-the-sea/"
"EVT-IMCA-0220","UNIQUE","EVT-IMCA-0220","Unique event fingerprint","International Marine Contractors Association (IMCA)","https://www.imca-int.com/resources/safety/safety-flashes/1724-lti-person-fell-from-step-ladder/"
"EVT-IMCA-0221","UNIQUE","EVT-IMCA-0221","Unique event fingerprint","International Marine Contractors Association (IMCA)","https://www.imca-int.com/resources/safety/safety-flashes/1724-lifeboat-air-cylinder-explosion-on-an-empty-installation/"
"EVT-IMCA-0222","UNIQUE","EVT-IMCA-0222","Unique event fingerprint","International Marine Contractors Association (IMCA)","https://www.imca-int.com/resources/safety/safety-flashes/1724-dropped-object-during-cable-trans-spooling/"
"EVT-IMCA-0223","UNIQUE","EVT-IMCA-0223","Unique event fingerprint","International Marine Contractors Association (IMCA)","https://www.imca-int.com/resources/safety/safety-flashes/1724-parted-tag-line-caused-damage-during-lifting-operations/"
"EVT-IMCA-0224","UNIQUE","EVT-IMCA-0224","Unique event fingerprint","International Marine Contractors Association (IMCA)","https://www.imca-int.com/resources/safety/safety-flashes/1624-lti-fingers-severed-by-spinning-fan-blade/"
"EVT-IMCA-0225","UNIQUE","EVT-IMCA-0225","Unique event fingerprint","International Marine Contractors Association (IMCA)","https://www.imca-int.com/resources/safety/safety-flashes/1624-angle-grinder-finger-injury/"
"EVT-IMCA-0226","UNIQUE","EVT-IMCA-0226","Unique event fingerprint","International Marine Contractors Association (IMCA)","https://www.imca-int.com/resources/safety/safety-flashes/1624-crew-member-cut-hand-on-broken-glass-during-heavy-weather/"
"EVT-IMCA-0227","UNIQUE","EVT-IMCA-0227","Unique event fingerprint","International Marine Contractors Association (IMCA)","https://www.imca-int.com/resources/safety/safety-flashes/1624-arm-injury-from-metal-skip-cover/"
"EVT-IMCA-0228","UNIQUE","EVT-IMCA-0228","Unique event fingerprint","International Marine Contractors Association (IMCA)","https://www.imca-int.com/resources/safety/safety-flashes/1624-msf-serious-hand-injury-high-pressure-air/"
"EVT-IMCA-0229","UNIQUE","EVT-IMCA-0229","Unique event fingerprint","International Marine Contractors Association (IMCA)","https://www.imca-int.com/resources/safety/safety-flashes/1524-maib-lti-a-wedge-shattered-causing-injury/"
"EVT-IMCA-0230","UNIQUE","EVT-IMCA-0230","Unique event fingerprint","International Marine Contractors Association (IMCA)","https://www.imca-int.com/resources/safety/safety-flashes/1524-fast-rescue-boat-frc-comes-close-to-falling-off-in-a-dry-dock/"
"EVT-IMCA-0231","UNIQUE","EVT-IMCA-0231","Unique event fingerprint","International Marine Contractors Association (IMCA)","https://www.imca-int.com/resources/safety/safety-flashes/1524-load-lost-from-lorry-on-public-road-inadequate-securing-of-cargo/"
"EVT-IMCA-0232","UNIQUE","EVT-IMCA-0232","Unique event fingerprint","International Marine Contractors Association (IMCA)","https://www.imca-int.com/resources/safety/safety-flashes/1524-dropped-object-unsecured-cargo-inside-box-broke-lose-and-fell/"
"EVT-IMCA-0233","UNIQUE","EVT-IMCA-0233","Unique event fingerprint","International Marine Contractors Association (IMCA)","https://www.imca-int.com/resources/safety/safety-flashes/1524-side-scuttle-porthole-knocked-out-by-wave-impact/"
"EVT-IMCA-0234","UNIQUE","EVT-IMCA-0234","Unique event fingerprint","International Marine Contractors Association (IMCA)","https://www.imca-int.com/resources/safety/safety-flashes/1424-loss-of-pressure-to-diver-s-primary-air-supply/"
"EVT-IMCA-0235","UNIQUE","EVT-IMCA-0235","Unique event fingerprint","International Marine Contractors Association (IMCA)","https://www.imca-int.com/resources/safety/safety-flashes/1424-equipment-fell-on-someone-s-leg-causing-injury/"
"EVT-IMCA-0236","UNIQUE","EVT-IMCA-0236","Unique event fingerprint","International Marine Contractors Association (IMCA)","https://www.imca-int.com/resources/safety/safety-flashes/1424-electric-shock-after-water-ingress-to-switch/"
"EVT-IMCA-0237","UNIQUE","EVT-IMCA-0237","Unique event fingerprint","International Marine Contractors Association (IMCA)","https://www.imca-int.com/resources/safety/safety-flashes/1424-emergency-musters-and-drills/"
"EVT-IMCA-0238","UNIQUE","EVT-IMCA-0238","Unique event fingerprint","International Marine Contractors Association (IMCA)","https://www.imca-int.com/resources/safety/safety-flashes/1424-bunker-hose-damaged-during-connection/"
"EVT-IMCA-0239","UNIQUE","EVT-IMCA-0239","Unique event fingerprint","International Marine Contractors Association (IMCA)","https://www.imca-int.com/resources/safety/safety-flashes/1324-rov-dropped-to-seabed/"
"EVT-IMCA-0240","UNIQUE","EVT-IMCA-0240","Unique event fingerprint","International Marine Contractors Association (IMCA)","https://www.imca-int.com/resources/safety/safety-flashes/1324-uk-hse-service-lifts-on-offshore-and-onshore-wind-turbines/"
"EVT-IMCA-0241","UNIQUE","EVT-IMCA-0241","Unique event fingerprint","International Marine Contractors Association (IMCA)","https://www.imca-int.com/resources/safety/safety-flashes/1324-dropped-halogen-lamp-caused-small-fire/"
"EVT-IMCA-0242","UNIQUE","EVT-IMCA-0242","Unique event fingerprint","International Marine Contractors Association (IMCA)","https://www.imca-int.com/resources/safety/safety-flashes/1324-uk-maib-man-overboard-unguarded-opening/"
"EVT-IMCA-0243","UNIQUE","EVT-IMCA-0243","Unique event fingerprint","International Marine Contractors Association (IMCA)","https://www.imca-int.com/resources/safety/safety-flashes/1324-uk-maib-a-slip-into-the-hold/"
"EVT-IMCA-0244","UNIQUE","EVT-IMCA-0244","Unique event fingerprint","International Marine Contractors Association (IMCA)","https://www.imca-int.com/resources/safety/safety-flashes/1224-swinging-load-after-loss-of-position/"
"EVT-IMCA-0245","UNIQUE","EVT-IMCA-0245","Unique event fingerprint","International Marine Contractors Association (IMCA)","https://www.imca-int.com/resources/safety/safety-flashes/1224-dropped-welding-fume-extraction-hood/"
"EVT-IMCA-0246","UNIQUE","EVT-IMCA-0246","Unique event fingerprint","International Marine Contractors Association (IMCA)","https://www.imca-int.com/resources/safety/safety-flashes/1224-carriage-of-methanol-dangerous-goods-without-proper-certification/"
"EVT-IMCA-0247","UNIQUE","EVT-IMCA-0247","Unique event fingerprint","International Marine Contractors Association (IMCA)","https://www.imca-int.com/resources/safety/safety-flashes/1224-personnel-exposed-to-hydrogen-sulphide-during-maintenance/"
"EVT-IMCA-0248","UNIQUE","EVT-IMCA-0248","Unique event fingerprint","International Marine Contractors Association (IMCA)","https://www.imca-int.com/resources/safety/safety-flashes/1224-uk-maib-person-injured-during-lifting-of-compressor/"
"EVT-IMCA-0249","UNIQUE","EVT-IMCA-0249","Unique event fingerprint","International Marine Contractors Association (IMCA)","https://www.imca-int.com/resources/safety/safety-flashes/1124-dropped-lifting-beam-due-to-parted-soft-strop/"
"EVT-IMCA-0250","UNIQUE","EVT-IMCA-0250","Unique event fingerprint","International Marine Contractors Association (IMCA)","https://www.imca-int.com/resources/safety/safety-flashes/1124-vessel-collided-with-platform/"
"EVT-IMCA-0251","UNIQUE","EVT-IMCA-0251","Unique event fingerprint","International Marine Contractors Association (IMCA)","https://www.imca-int.com/resources/safety/safety-flashes/1124-diver-s-umbilical-trapped-during-a-pipeline-flooding-operation/"
"EVT-IMCA-0252","UNIQUE","EVT-IMCA-0252","Unique event fingerprint","International Marine Contractors Association (IMCA)","https://www.imca-int.com/resources/safety/safety-flashes/1124-stored-energy-dislodged-pin-causes-injury/"
"EVT-IMCA-0253","UNIQUE","EVT-IMCA-0253","Unique event fingerprint","International Marine Contractors Association (IMCA)","https://www.imca-int.com/resources/safety/safety-flashes/1124-uk-maib-leg-injury-while-mooring/"
"EVT-IMCA-0254","UNIQUE","EVT-IMCA-0254","Unique event fingerprint","International Marine Contractors Association (IMCA)","https://www.imca-int.com/resources/safety/safety-flashes/1024-hand-and-finger-injuries/"
"EVT-IMCA-0255","UNIQUE","EVT-IMCA-0255","Unique event fingerprint","International Marine Contractors Association (IMCA)","https://www.imca-int.com/resources/safety/safety-flashes/1024-crew-member-suspended-above-deck-by-lifting-equipment/"
"EVT-IMCA-0256","UNIQUE","EVT-IMCA-0256","Unique event fingerprint","International Marine Contractors Association (IMCA)","https://www.imca-int.com/resources/safety/safety-flashes/1024-ctv-crew-member-snagged-on-tag-line-and-lifted-off-feet/"
"EVT-IMCA-0257","UNIQUE","EVT-IMCA-0257","Unique event fingerprint","International Marine Contractors Association (IMCA)","https://www.imca-int.com/resources/safety/safety-flashes/1024-engine-failure-and-subsequent-engine-room-fire/"
"EVT-IMCA-0258","UNIQUE","EVT-IMCA-0258","Unique event fingerprint","International Marine Contractors Association (IMCA)","https://www.imca-int.com/resources/safety/safety-flashes/1024-us-bsee-welding-and-burning-hazards/"
"EVT-IMCA-0259","UNIQUE","EVT-IMCA-0259","Unique event fingerprint","International Marine Contractors Association (IMCA)","https://www.imca-int.com/resources/safety/safety-flashes/0924-near-miss-lid-on-ash-trash-barrel-blown-off-due-to-hot-ash/"
"EVT-IMCA-0260","UNIQUE","EVT-IMCA-0260","Unique event fingerprint","International Marine Contractors Association (IMCA)","https://www.imca-int.com/resources/safety/safety-flashes/0924-injuries-to-the-eyes-and-face/"
"EVT-IMCA-0261","UNIQUE","EVT-IMCA-0261","Unique event fingerprint","International Marine Contractors Association (IMCA)","https://www.imca-int.com/resources/safety/safety-flashes/0924-trapped-finger-during-mooring-operations/"
"EVT-IMCA-0262","UNIQUE","EVT-IMCA-0262","Unique event fingerprint","International Marine Contractors Association (IMCA)","https://www.imca-int.com/resources/safety/safety-flashes/0924-uk-maib-crew-member-injured-by-rotating-crank-handle-lti/"
"EVT-IMCA-0263","UNIQUE","EVT-IMCA-0263","Unique event fingerprint","International Marine Contractors Association (IMCA)","https://www.imca-int.com/resources/safety/safety-flashes/0924-near-miss-dislodged-grating-with-potential-fall-to-sea/"
"EVT-IMCA-0264","UNIQUE","EVT-IMCA-0264","Unique event fingerprint","International Marine Contractors Association (IMCA)","https://www.imca-int.com/resources/safety/safety-flashes/0824-main-bell-wire-rope-damaged/"
"EVT-IMCA-0265","UNIQUE","EVT-IMCA-0265","Unique event fingerprint","International Marine Contractors Association (IMCA)","https://www.imca-int.com/resources/safety/safety-flashes/0824-main-bell-wire-rope-failed-destructive-test/"
"EVT-IMCA-0266","UNIQUE","EVT-IMCA-0266","Unique event fingerprint","International Marine Contractors Association (IMCA)","https://www.imca-int.com/resources/safety/safety-flashes/0824-lone-worker-collapsed-at-onshore-site/"
"EVT-IMCA-0267","UNIQUE","EVT-IMCA-0267","Unique event fingerprint","International Marine Contractors Association (IMCA)","https://www.imca-int.com/resources/safety/safety-flashes/0824-a-reminder-on-watertight-doors/"
"EVT-IMCA-0268","UNIQUE","EVT-IMCA-0268","Unique event fingerprint","International Marine Contractors Association (IMCA)","https://www.imca-int.com/resources/safety/safety-flashes/0824-uk-hse-worker-injured-by-falling-stack-of-batteries-in-flexible-intermediate-bulk-containers/"
"EVT-IMCA-0269","UNIQUE","EVT-IMCA-0269","Unique event fingerprint","International Marine Contractors Association (IMCA)","https://www.imca-int.com/resources/safety/safety-flashes/0724-loss-of-heading-control-on-an-fpu-during-diving-operations/"
"EVT-IMCA-0270","UNIQUE","EVT-IMCA-0270","Unique event fingerprint","International Marine Contractors Association (IMCA)","https://www.imca-int.com/resources/safety/safety-flashes/0724-implosion-of-chemical-tank/"
"EVT-IMCA-0271","UNIQUE","EVT-IMCA-0271","Unique event fingerprint","International Marine Contractors Association (IMCA)","https://www.imca-int.com/resources/safety/safety-flashes/0724-uscg-hazard-from-discarded-munitions/"
"EVT-IMCA-0272","UNIQUE","EVT-IMCA-0272","Unique event fingerprint","International Marine Contractors Association (IMCA)","https://www.imca-int.com/resources/safety/safety-flashes/0724-person-injured-when-chain-hoist-container-failed-at-securing-point/"
"EVT-IMCA-0273","UNIQUE","EVT-IMCA-0273","Unique event fingerprint","International Marine Contractors Association (IMCA)","https://www.imca-int.com/resources/safety/safety-flashes/0724-lti-person-slipped-climbing-out-of-tank/"
"EVT-IMCA-0274","UNIQUE","EVT-IMCA-0274","Unique event fingerprint","International Marine Contractors Association (IMCA)","https://www.imca-int.com/resources/safety/safety-flashes/0624-person-struck-and-injured-during-lifting-operations/"
"EVT-IMCA-0275","UNIQUE","EVT-IMCA-0275","Unique event fingerprint","International Marine Contractors Association (IMCA)","https://www.imca-int.com/resources/safety/safety-flashes/0624-person-pulled-to-deck-by-fall-arrest-harness/"
"EVT-IMCA-0276","UNIQUE","EVT-IMCA-0276","Unique event fingerprint","International Marine Contractors Association (IMCA)","https://www.imca-int.com/resources/safety/safety-flashes/0624-high-potential-sea-water-inlet-pipe-leakage-in-engine-room/"
"EVT-IMCA-0277","UNIQUE","EVT-IMCA-0277","Unique event fingerprint","International Marine Contractors Association (IMCA)","https://www.imca-int.com/resources/safety/safety-flashes/0624-security-illegal-boarding-theft-while-the-vessel-at-anchor/"
"EVT-IMCA-0278","UNIQUE","EVT-IMCA-0278","Unique event fingerprint","International Marine Contractors Association (IMCA)","https://www.imca-int.com/resources/safety/safety-flashes/0624-msf-chemical-handling-eye-burn/"
"EVT-IMCA-0279","UNIQUE","EVT-IMCA-0279","Unique event fingerprint","International Marine Contractors Association (IMCA)","https://www.imca-int.com/resources/safety/safety-flashes/0524-pipeline-end-manifold-yoke-dropped-from-45-position/"
"EVT-IMCA-0280","UNIQUE","EVT-IMCA-0280","Unique event fingerprint","International Marine Contractors Association (IMCA)","https://www.imca-int.com/resources/safety/safety-flashes/0524-lti-damage-and-personal-injury-arising-from-heavy-weather/"
"EVT-IMCA-0281","UNIQUE","EVT-IMCA-0281","Unique event fingerprint","International Marine Contractors Association (IMCA)","https://www.imca-int.com/resources/safety/safety-flashes/0524-crew-transfer-vessel-ctv-hit-protruding-scaffolding-on-a-supply-vessel/"
"EVT-IMCA-0282","UNIQUE","EVT-IMCA-0282","Unique event fingerprint","International Marine Contractors Association (IMCA)","https://www.imca-int.com/resources/safety/safety-flashes/0524-heavy-equipment-fell-over-during-manual-handling/"
"EVT-IMCA-0283","UNIQUE","EVT-IMCA-0283","Unique event fingerprint","International Marine Contractors Association (IMCA)","https://www.imca-int.com/resources/safety/safety-flashes/0524-uk-hse-crane-boom-collapse/"
"EVT-IMCA-0284","UNIQUE","EVT-IMCA-0284","Unique event fingerprint","International Marine Contractors Association (IMCA)","https://www.imca-int.com/resources/safety/safety-flashes/0424-unauthorised-entry-into-confined-space/"
"EVT-IMCA-0285","UNIQUE","EVT-IMCA-0285","Unique event fingerprint","International Marine Contractors Association (IMCA)","https://www.imca-int.com/resources/safety/safety-flashes/0424-hot-work-whilst-working-at-height-in-a-confined-space-job-was-stopped/"
"EVT-IMCA-0286","UNIQUE","EVT-IMCA-0286","Unique event fingerprint","International Marine Contractors Association (IMCA)","https://www.imca-int.com/resources/safety/safety-flashes/0424-us-bsee-confined-space-entry-tank-cleaning/"
"EVT-IMCA-0287","UNIQUE","EVT-IMCA-0287","Unique event fingerprint","International Marine Contractors Association (IMCA)","https://www.imca-int.com/resources/safety/safety-flashes/0424-uscg-wire-rope-hazard-management-dropped-turbine-nacelle/"
"EVT-IMCA-0288","UNIQUE","EVT-IMCA-0288","Unique event fingerprint","International Marine Contractors Association (IMCA)","https://www.imca-int.com/resources/safety/safety-flashes/0424-vessel-damaged-in-contact-with-platform/"
"EVT-IMCA-0289","UNIQUE","EVT-IMCA-0289","Unique event fingerprint","International Marine Contractors Association (IMCA)","https://www.imca-int.com/resources/safety/safety-flashes/0324-us-bsee-are-your-emergency-procedures-and-equipment-good-enough/"
"EVT-IMCA-0290","UNIQUE","EVT-IMCA-0290","Unique event fingerprint","International Marine Contractors Association (IMCA)","https://www.imca-int.com/resources/safety/safety-flashes/0324-high-potential-navigation-near-offshore-wind-turbines/"
"EVT-IMCA-0291","UNIQUE","EVT-IMCA-0291","Unique event fingerprint","International Marine Contractors Association (IMCA)","https://www.imca-int.com/resources/safety/safety-flashes/0324-failure-of-self-righting-frame-on-fast-rescue-craft-frc/"
"EVT-IMCA-0292","UNIQUE","EVT-IMCA-0292","Unique event fingerprint","International Marine Contractors Association (IMCA)","https://www.imca-int.com/resources/safety/safety-flashes/0324-fall-protection-defective-safety-harness/"
"EVT-IMCA-0293","UNIQUE","EVT-IMCA-0293","Unique event fingerprint","International Marine Contractors Association (IMCA)","https://www.imca-int.com/resources/safety/safety-flashes/0324-msf-two-dropped-object-incidents/"
"EVT-IMCA-0294","UNIQUE","EVT-IMCA-0294","Unique event fingerprint","International Marine Contractors Association (IMCA)","https://www.imca-int.com/resources/safety/safety-flashes/0224-day-signal-mast-broke-off-and-fell-to-deck/"
"EVT-IMCA-0295","UNIQUE","EVT-IMCA-0295","Unique event fingerprint","International Marine Contractors Association (IMCA)","https://www.imca-int.com/resources/safety/safety-flashes/0224-person-injured-going-down-ladder/"
"EVT-IMCA-0296","UNIQUE","EVT-IMCA-0296","Unique event fingerprint","International Marine Contractors Association (IMCA)","https://www.imca-int.com/resources/safety/safety-flashes/0224-lti-forklift-knocked-spooler-bar-onto-person-s-leg/"
"EVT-IMCA-0297","UNIQUE","EVT-IMCA-0297","Unique event fingerprint","International Marine Contractors Association (IMCA)","https://www.imca-int.com/resources/safety/safety-flashes/0224-msf-lti-engineer-scalded/"
"EVT-IMCA-0298","UNIQUE","EVT-IMCA-0298","Unique event fingerprint","International Marine Contractors Association (IMCA)","https://www.imca-int.com/resources/safety/safety-flashes/0224-uk-maib-deep-fat-fryer-fire/"
"EVT-IMCA-0299","UNIQUE","EVT-IMCA-0299","Unique event fingerprint","International Marine Contractors Association (IMCA)","https://www.imca-int.com/resources/safety/safety-flashes/0124-diver-in-the-bell-hit-by-falling-object/"
"EVT-IMCA-0300","UNIQUE","EVT-IMCA-0300","Unique event fingerprint","International Marine Contractors Association (IMCA)","https://www.imca-int.com/resources/safety/safety-flashes/0124-divers-lifted-off-seabed-by-clump-weight/"
"EVT-IMCA-0301","UNIQUE","EVT-IMCA-0301","Unique event fingerprint","International Marine Contractors Association (IMCA)","https://www.imca-int.com/resources/safety/safety-flashes/0124-leak-in-hot-water-system-for-saturation-divers/"
"EVT-IMCA-0302","UNIQUE","EVT-IMCA-0302","Unique event fingerprint","International Marine Contractors Association (IMCA)","https://www.imca-int.com/resources/safety/safety-flashes/0124-chain-hoist-paid-out-unsupervised-near-running-main-engine/"
"EVT-IMCA-0303","UNIQUE","EVT-IMCA-0303","Unique event fingerprint","International Marine Contractors Association (IMCA)","https://www.imca-int.com/resources/safety/safety-flashes/0124-uk-maib-workboat-collision-with-wind-turbine-platform/"
"EVT-IMCA-0304","UNIQUE","EVT-IMCA-0304","Unique event fingerprint","International Marine Contractors Association (IMCA)","https://www.imca-int.com/resources/safety/safety-flashes/2923-failure-of-personal-isolation-procedures-crane-became-damaged-when-it-was-used-inappropriately/"
"EVT-IMCA-0305","UNIQUE","EVT-IMCA-0305","Unique event fingerprint","International Marine Contractors Association (IMCA)","https://www.imca-int.com/resources/safety/safety-flashes/2923-worker-cut-hand-on-broken-mirror/"
"EVT-IMCA-0306","UNIQUE","EVT-IMCA-0306","Unique event fingerprint","International Marine Contractors Association (IMCA)","https://www.imca-int.com/resources/safety/safety-flashes/2923-lti-finger-crushed-whilst-operating-safety-gate/"
"EVT-IMCA-0307","UNIQUE","EVT-IMCA-0307","Unique event fingerprint","International Marine Contractors Association (IMCA)","https://www.imca-int.com/resources/safety/safety-flashes/2923-two-hand-injuries/"
"EVT-IMCA-0308","UNIQUE","EVT-IMCA-0308","Unique event fingerprint","International Marine Contractors Association (IMCA)","https://www.imca-int.com/resources/safety/safety-flashes/2923-line-of-fire-near-miss-during-lifting-operations/"
"EVT-IMCA-0309","UNIQUE","EVT-IMCA-0309","Unique event fingerprint","International Marine Contractors Association (IMCA)","https://www.imca-int.com/resources/safety/safety-flashes/2823-ntsb-lithium-ion-battery-fire-destroys-vessel-bridge/"
"EVT-IMCA-0310","UNIQUE","EVT-IMCA-0310","Unique event fingerprint","International Marine Contractors Association (IMCA)","https://www.imca-int.com/resources/safety/safety-flashes/2823-uk-maib-shifting-of-centre-of-gravity-of-load/"
"EVT-IMCA-0311","UNIQUE","EVT-IMCA-0311","Unique event fingerprint","International Marine Contractors Association (IMCA)","https://www.imca-int.com/resources/safety/safety-flashes/2823-uk-maib-electrician-injured-in-explosion/"
"EVT-IMCA-0312","UNIQUE","EVT-IMCA-0312","Unique event fingerprint","International Marine Contractors Association (IMCA)","https://www.imca-int.com/resources/safety/safety-flashes/2823-lti-fingers-injured-during-fender-lifting-operation/"
"EVT-IMCA-0313","UNIQUE","EVT-IMCA-0313","Unique event fingerprint","International Marine Contractors Association (IMCA)","https://www.imca-int.com/resources/safety/safety-flashes/2823-lti-gangway-collapsed/"
"EVT-IMCA-0314","UNIQUE","EVT-IMCA-0314","Unique event fingerprint","International Marine Contractors Association (IMCA)","https://www.imca-int.com/resources/safety/safety-flashes/2723-case-study-confined-space-fatalities-due-to-hydrogen-sulphide/"
"EVT-IMCA-0315","UNIQUE","EVT-IMCA-0315","Unique event fingerprint","International Marine Contractors Association (IMCA)","https://www.imca-int.com/resources/safety/safety-flashes/2723-case-study-saturation-diver-fatality-due-to-hydrogen-sulphide/"
"EVT-IMCA-0316","UNIQUE","EVT-IMCA-0316","Unique event fingerprint","International Marine Contractors Association (IMCA)","https://www.imca-int.com/resources/safety/safety-flashes/2723-failure-of-proportional-valve-in-saturation-chamber-control/"
"EVT-IMCA-0317","UNIQUE","EVT-IMCA-0317","Unique event fingerprint","International Marine Contractors Association (IMCA)","https://www.imca-int.com/resources/safety/safety-flashes/2723-compressed-air-rather-than-oxygen-supplied-to-divers/"
"EVT-IMCA-0318","UNIQUE","EVT-IMCA-0318","Unique event fingerprint","International Marine Contractors Association (IMCA)","https://www.imca-int.com/resources/safety/safety-flashes/2623-positive-master-stopped-unsafe-fuel-transfer-whilst-vessel-alongside-rig/"
"EVT-IMCA-0319","UNIQUE","EVT-IMCA-0319","Unique event fingerprint","International Marine Contractors Association (IMCA)","https://www.imca-int.com/resources/safety/safety-flashes/2623-vehicle-incident-driver-tiredness/"
"EVT-IMCA-0320","UNIQUE","EVT-IMCA-0320","Unique event fingerprint","International Marine Contractors Association (IMCA)","https://www.imca-int.com/resources/safety/safety-flashes/2623-failure-of-ahc-cylinder-causing-oil-leak-to-deck/"
"EVT-IMCA-0321","UNIQUE","EVT-IMCA-0321","Unique event fingerprint","International Marine Contractors Association (IMCA)","https://www.imca-int.com/resources/safety/safety-flashes/2623-high-potential-near-miss-dropped-paraguard-stretcher-during-drill/"
"EVT-IMCA-0322","UNIQUE","EVT-IMCA-0322","Unique event fingerprint","International Marine Contractors Association (IMCA)","https://www.imca-int.com/resources/safety/safety-flashes/2623-high-potential-near-miss-crane-part-fell-to-deck/"
"EVT-IMCA-0323","UNIQUE","EVT-IMCA-0323","Unique event fingerprint","International Marine Contractors Association (IMCA)","https://www.imca-int.com/resources/safety/safety-flashes/2523-fire-in-rov-workshop/"
"EVT-IMCA-0324","UNIQUE","EVT-IMCA-0324","Unique event fingerprint","International Marine Contractors Association (IMCA)","https://www.imca-int.com/resources/safety/safety-flashes/2523-fire-fighting-equipment-in-poor-condition/"
"EVT-IMCA-0325","UNIQUE","EVT-IMCA-0325","Unique event fingerprint","International Marine Contractors Association (IMCA)","https://www.imca-int.com/resources/safety/safety-flashes/2523-fire-extinguisher-fails-during-pressure-testing/"
"EVT-IMCA-0326","UNIQUE","EVT-IMCA-0326","Unique event fingerprint","International Marine Contractors Association (IMCA)","https://www.imca-int.com/resources/safety/safety-flashes/2523-serious-lti-person-struck-in-rigging-accident/"
"EVT-IMCA-0327","UNIQUE","EVT-IMCA-0327","Unique event fingerprint","International Marine Contractors Association (IMCA)","https://www.imca-int.com/resources/safety/safety-flashes/2523-near-miss-dropped-object-during-lifeboat-testing/"
"EVT-IMCA-0328","UNIQUE","EVT-IMCA-0328","Unique event fingerprint","International Marine Contractors Association (IMCA)","https://www.imca-int.com/resources/safety/safety-flashes/2423-job-stopped-safely-safe-working-load-limits-exceeded/"
"EVT-IMCA-0329","UNIQUE","EVT-IMCA-0329","Unique event fingerprint","International Marine Contractors Association (IMCA)","https://www.imca-int.com/resources/safety/safety-flashes/2423-unprotected-openings-in-floor-grating-work-stopped/"
"EVT-IMCA-0330","UNIQUE","EVT-IMCA-0330","Unique event fingerprint","International Marine Contractors Association (IMCA)","https://www.imca-int.com/resources/safety/safety-flashes/2423-uncertified-bosun-s-chairs/"
"EVT-IMCA-0331","UNIQUE","EVT-IMCA-0331","Unique event fingerprint","International Marine Contractors Association (IMCA)","https://www.imca-int.com/resources/safety/safety-flashes/2423-fire-in-the-laundry-room/"
"EVT-IMCA-0332","UNIQUE","EVT-IMCA-0332","Unique event fingerprint","International Marine Contractors Association (IMCA)","https://www.imca-int.com/resources/safety/safety-flashes/2423-bsee-heat-related-illnesses-occurring-offshore/"
"EVT-IMCA-0333","UNIQUE","EVT-IMCA-0333","Unique event fingerprint","International Marine Contractors Association (IMCA)","https://www.imca-int.com/resources/safety/safety-flashes/2323-unsafe-flooring-led-to-man-overboard-fatality/"
"EVT-IMCA-0334","UNIQUE","EVT-IMCA-0334","Unique event fingerprint","International Marine Contractors Association (IMCA)","https://www.imca-int.com/resources/safety/safety-flashes/2323-rope-access-technician-slipped-and-dislocated-shoulder/"
"EVT-IMCA-0335","UNIQUE","EVT-IMCA-0335","Unique event fingerprint","International Marine Contractors Association (IMCA)","https://www.imca-int.com/resources/safety/safety-flashes/2323-lti-worker-fractured-arm-during-mooring-line-handling/"
"EVT-IMCA-0336","UNIQUE","EVT-IMCA-0336","Unique event fingerprint","International Marine Contractors Association (IMCA)","https://www.imca-int.com/resources/safety/safety-flashes/2323-serious-hand-injury-during-mooring-operations/"
"EVT-IMCA-0337","UNIQUE","EVT-IMCA-0337","Unique event fingerprint","International Marine Contractors Association (IMCA)","https://www.imca-int.com/resources/safety/safety-flashes/2323-lti-fingertip-pinched-by-wire-sling/"
"EVT-IMCA-0338","UNIQUE","EVT-IMCA-0338","Unique event fingerprint","International Marine Contractors Association (IMCA)","https://www.imca-int.com/resources/safety/safety-flashes/2223-fall-from-pilot-ladder/"
"EVT-IMCA-0339","UNIQUE","EVT-IMCA-0339","Unique event fingerprint","International Marine Contractors Association (IMCA)","https://www.imca-int.com/resources/safety/safety-flashes/2223-bsee-hazards-to-personnel-during-lifting-operations/"
"EVT-IMCA-0340","UNIQUE","EVT-IMCA-0340","Unique event fingerprint","International Marine Contractors Association (IMCA)","https://www.imca-int.com/resources/safety/safety-flashes/2223-uk-hse-worker-struck-in-the-face-by-a-crane-hook/"
"EVT-IMCA-0341","UNIQUE","EVT-IMCA-0341","Unique event fingerprint","International Marine Contractors Association (IMCA)","https://www.imca-int.com/resources/safety/safety-flashes/2223-fatality-due-to-fire-incident-and-fall-from-height/"
"EVT-IMCA-0342","UNIQUE","EVT-IMCA-0342","Unique event fingerprint","International Marine Contractors Association (IMCA)","https://www.imca-int.com/resources/safety/safety-flashes/2223-finger-injury-while-setting-up-pipe-cutting-operation/"
"EVT-IMCA-0343","UNIQUE","EVT-IMCA-0343","Unique event fingerprint","International Marine Contractors Association (IMCA)","https://www.imca-int.com/resources/safety/safety-flashes/2123-fatality-during-transfer-of-pipes/"
"EVT-IMCA-0344","UNIQUE","EVT-IMCA-0344","Unique event fingerprint","International Marine Contractors Association (IMCA)","https://www.imca-int.com/resources/safety/safety-flashes/2123-getting-fall-arrest-equipment-right/"
"EVT-IMCA-0345","UNIQUE","EVT-IMCA-0345","Unique event fingerprint","International Marine Contractors Association (IMCA)","https://www.imca-int.com/resources/safety/safety-flashes/2123-paper-shredder-explosion/"
"EVT-IMCA-0346","UNIQUE","EVT-IMCA-0346","Unique event fingerprint","International Marine Contractors Association (IMCA)","https://www.imca-int.com/resources/safety/safety-flashes/2123-msf-air-cylinder-high-pressure-discharge/"
"EVT-IMCA-0347","UNIQUE","EVT-IMCA-0347","Unique event fingerprint","International Marine Contractors Association (IMCA)","https://www.imca-int.com/resources/safety/safety-flashes/2123-bsee-improper-use-and-application-of-high-pressure-hoses/"
"EVT-IMCA-0348","UNIQUE","EVT-IMCA-0348","Unique event fingerprint","International Marine Contractors Association (IMCA)","https://www.imca-int.com/resources/safety/safety-flashes/2023-lti-person-fractured-pelvis-in-a-fall-from-a-ladder/"
"EVT-IMCA-0349","UNIQUE","EVT-IMCA-0349","Unique event fingerprint","International Marine Contractors Association (IMCA)","https://www.imca-int.com/resources/safety/safety-flashes/2023-caught-between-unplanned-movement-of-equipment-leads-to-severe-injuries/"
"EVT-IMCA-0350","UNIQUE","EVT-IMCA-0350","Unique event fingerprint","International Marine Contractors Association (IMCA)","https://www.imca-int.com/resources/safety/safety-flashes/2023-unplanned-rotation-of-drilling-machinery/"
"EVT-IMCA-0351","UNIQUE","EVT-IMCA-0351","Unique event fingerprint","International Marine Contractors Association (IMCA)","https://www.imca-int.com/resources/safety/safety-flashes/2023-chirp-crew-vigilance-prevents-mooring-incident/"
"EVT-IMCA-0352","UNIQUE","EVT-IMCA-0352","Unique event fingerprint","International Marine Contractors Association (IMCA)","https://www.imca-int.com/resources/safety/safety-flashes/2023-msf-two-recent-dropped-object-incidents/"
"EVT-IMCA-0353","UNIQUE","EVT-IMCA-0353","Unique event fingerprint","International Marine Contractors Association (IMCA)","https://www.imca-int.com/resources/safety/safety-flashes/1923-unexpected-descent-and-ascent-of-mattress-lifting-frame/"
"EVT-IMCA-0354","UNIQUE","EVT-IMCA-0354","Unique event fingerprint","International Marine Contractors Association (IMCA)","https://www.imca-int.com/resources/safety/safety-flashes/1923-high-potential-dropped-chain-assembly/"
"EVT-IMCA-0355","UNIQUE","EVT-IMCA-0355","Unique event fingerprint","International Marine Contractors Association (IMCA)","https://www.imca-int.com/resources/safety/safety-flashes/1923-near-miss-with-high-pressure-gas-due-to-incorrect-procedures/"
"EVT-IMCA-0356","UNIQUE","EVT-IMCA-0356","Unique event fingerprint","International Marine Contractors Association (IMCA)","https://www.imca-int.com/resources/safety/safety-flashes/1923-electrocution-incident-make-sure-electrical-equipment-is-safe/"
"EVT-IMCA-0357","UNIQUE","EVT-IMCA-0357","Unique event fingerprint","International Marine Contractors Association (IMCA)","https://www.imca-int.com/resources/safety/safety-flashes/1923-msf-person-injured-falling-between-decks/"
"EVT-IMCA-0358","UNIQUE","EVT-IMCA-0358","Unique event fingerprint","International Marine Contractors Association (IMCA)","https://www.imca-int.com/resources/safety/safety-flashes/1823-restricted-air-supply-to-diver/"
"EVT-IMCA-0359","UNIQUE","EVT-IMCA-0359","Unique event fingerprint","International Marine Contractors Association (IMCA)","https://www.imca-int.com/resources/safety/safety-flashes/1823-lti-crew-member-fell-down-open-hatch/"
"EVT-IMCA-0360","UNIQUE","EVT-IMCA-0360","Unique event fingerprint","International Marine Contractors Association (IMCA)","https://www.imca-int.com/resources/safety/safety-flashes/1823-fire-in-diesel-generator-following-tests/"
"EVT-IMCA-0361","UNIQUE","EVT-IMCA-0361","Unique event fingerprint","International Marine Contractors Association (IMCA)","https://www.imca-int.com/resources/safety/safety-flashes/1823-chain-caught-and-broke/"
"EVT-IMCA-0362","UNIQUE","EVT-IMCA-0362","Unique event fingerprint","International Marine Contractors Association (IMCA)","https://www.imca-int.com/resources/safety/safety-flashes/1823-bsee-overhaul-ball-falls-to-deck-resulting-in-high-potential-near-miss/"
"EVT-IMCA-0363","UNIQUE","EVT-IMCA-0363","Unique event fingerprint","International Marine Contractors Association (IMCA)","https://www.imca-int.com/resources/safety/safety-flashes/1723-serious-finger-injury-in-power-operated-watertight-sliding-door/"
"EVT-IMCA-0364","UNIQUE","EVT-IMCA-0364","Unique event fingerprint","International Marine Contractors Association (IMCA)","https://www.imca-int.com/resources/safety/safety-flashes/1723-lti-serious-hand-injury-fingers-lost-in-unexpected-hatch-closure/"
"EVT-IMCA-0365","UNIQUE","EVT-IMCA-0365","Unique event fingerprint","International Marine Contractors Association (IMCA)","https://www.imca-int.com/resources/safety/safety-flashes/1723-finger-injury-during-lifting-operations/"
"EVT-IMCA-0366","UNIQUE","EVT-IMCA-0366","Unique event fingerprint","International Marine Contractors Association (IMCA)","https://www.imca-int.com/resources/safety/safety-flashes/1723-finger-injury-during-shackle-handling/"
"EVT-IMCA-0367","UNIQUE","EVT-IMCA-0367","Unique event fingerprint","International Marine Contractors Association (IMCA)","https://www.imca-int.com/resources/safety/safety-flashes/1723-hand-and-finger-injuries/"
"EVT-IMCA-0368","UNIQUE","EVT-IMCA-0368","Unique event fingerprint","International Marine Contractors Association (IMCA)","https://www.imca-int.com/resources/safety/safety-flashes/1623-crew-member-in-small-boat-slipped-and-dislocated-shoulder/"
"EVT-IMCA-0369","UNIQUE","EVT-IMCA-0369","Unique event fingerprint","International Marine Contractors Association (IMCA)","https://www.imca-int.com/resources/safety/safety-flashes/1623-small-boat-crew-exposed-to-fpso-process-water-discharge-fumes-and-aerosol/"
"EVT-IMCA-0370","UNIQUE","EVT-IMCA-0370","Unique event fingerprint","International Marine Contractors Association (IMCA)","https://www.imca-int.com/resources/safety/safety-flashes/1623-lti-crew-person-cracked-shin-bone/"
"EVT-IMCA-0371","UNIQUE","EVT-IMCA-0371","Unique event fingerprint","International Marine Contractors Association (IMCA)","https://www.imca-int.com/resources/safety/safety-flashes/1623-person-slipped-on-stairway-while-wearing-shoe-covers/"
"EVT-IMCA-0372","UNIQUE","EVT-IMCA-0372","Unique event fingerprint","International Marine Contractors Association (IMCA)","https://www.imca-int.com/resources/safety/safety-flashes/1623-bsee-lack-of-training-with-hydraulic-torque-wrench-contributes-to-fatality/"
"EVT-IMCA-0373","UNIQUE","EVT-IMCA-0373","Unique event fingerprint","International Marine Contractors Association (IMCA)","https://www.imca-int.com/resources/safety/safety-flashes/1523-lifting-chains-parted-hydrogen-embrittlement/"
"EVT-IMCA-0374","UNIQUE","EVT-IMCA-0374","Unique event fingerprint","International Marine Contractors Association (IMCA)","https://www.imca-int.com/resources/safety/safety-flashes/1523-davit-hook-failures/"
"EVT-IMCA-0375","UNIQUE","EVT-IMCA-0375","Unique event fingerprint","International Marine Contractors Association (IMCA)","https://www.imca-int.com/resources/safety/safety-flashes/1523-sheave-became-detached-during-lifting-operations/"
"EVT-IMCA-0376","UNIQUE","EVT-IMCA-0376","Unique event fingerprint","International Marine Contractors Association (IMCA)","https://www.imca-int.com/resources/safety/safety-flashes/1523-near-miss-personnel-transfer-basket-hit-structure/"
"EVT-IMCA-0377","UNIQUE","EVT-IMCA-0377","Unique event fingerprint","International Marine Contractors Association (IMCA)","https://www.imca-int.com/resources/safety/safety-flashes/1523-bsee-a-warning-on-tagline-entanglement/"
"EVT-IMCA-0378","UNIQUE","EVT-IMCA-0378","Unique event fingerprint","International Marine Contractors Association (IMCA)","https://www.imca-int.com/resources/safety/safety-flashes/1423-maib-high-pressure-oil-leak-causes-a-fire-in-the-engine-room/"
"EVT-IMCA-0379","UNIQUE","EVT-IMCA-0379","Unique event fingerprint","International Marine Contractors Association (IMCA)","https://www.imca-int.com/resources/safety/safety-flashes/1423-maib-gantry-crane-wire-parted-causing-injury/"
"EVT-IMCA-0380","UNIQUE","EVT-IMCA-0380","Unique event fingerprint","International Marine Contractors Association (IMCA)","https://www.imca-int.com/resources/safety/safety-flashes/1423-maib-a-heavy-sheave-fell-over-causing-an-lti/"
"EVT-IMCA-0381","UNIQUE","EVT-IMCA-0381","Unique event fingerprint","International Marine Contractors Association (IMCA)","https://www.imca-int.com/resources/safety/safety-flashes/1423-maib-who-is-in-control/"
"EVT-IMCA-0382","UNIQUE","EVT-IMCA-0382","Unique event fingerprint","International Marine Contractors Association (IMCA)","https://www.imca-int.com/resources/safety/safety-flashes/1423-maib-lithium-ion-battery-fire/"
"EVT-IMCA-0383","UNIQUE","EVT-IMCA-0383","Unique event fingerprint","International Marine Contractors Association (IMCA)","https://www.imca-int.com/resources/safety/safety-flashes/1323-loss-of-redundancy-in-diving-bell-launch-and-recovery-lars-plc-system/"
"EVT-IMCA-0384","UNIQUE","EVT-IMCA-0384","Unique event fingerprint","International Marine Contractors Association (IMCA)","https://www.imca-int.com/resources/safety/safety-flashes/1323-hand-injury-in-medical-airlock/"
"EVT-IMCA-0385","UNIQUE","EVT-IMCA-0385","Unique event fingerprint","International Marine Contractors Association (IMCA)","https://www.imca-int.com/resources/safety/safety-flashes/1323-painter-line-snapped-and-hit-crew-member-in-the-face/"
"EVT-IMCA-0386","UNIQUE","EVT-IMCA-0386","Unique event fingerprint","International Marine Contractors Association (IMCA)","https://www.imca-int.com/resources/safety/safety-flashes/1323-msf-disposable-vape-self-ignition/"
"EVT-IMCA-0387","UNIQUE","EVT-IMCA-0387","Unique event fingerprint","International Marine Contractors Association (IMCA)","https://www.imca-int.com/resources/safety/safety-flashes/1323-hand-injury-while-using-manual-torque-tool/"
"EVT-IMCA-0388","UNIQUE","EVT-IMCA-0388","Unique event fingerprint","International Marine Contractors Association (IMCA)","https://www.imca-int.com/resources/safety/safety-flashes/1223-differential-pressure-dummy-choke-ejected-close-to-divers/"
"EVT-IMCA-0389","UNIQUE","EVT-IMCA-0389","Unique event fingerprint","International Marine Contractors Association (IMCA)","https://www.imca-int.com/resources/safety/safety-flashes/1223-crane-boom-stopper-fell-to-main-deck/"
"EVT-IMCA-0390","UNIQUE","EVT-IMCA-0390","Unique event fingerprint","International Marine Contractors Association (IMCA)","https://www.imca-int.com/resources/safety/safety-flashes/1223-fire-alarm-activation-in-engine-room/"
"EVT-IMCA-0391","UNIQUE","EVT-IMCA-0391","Unique event fingerprint","International Marine Contractors Association (IMCA)","https://www.imca-int.com/resources/safety/safety-flashes/1223-bsee-swing-rope-transfers/"
"EVT-IMCA-0392","UNIQUE","EVT-IMCA-0392","Unique event fingerprint","International Marine Contractors Association (IMCA)","https://www.imca-int.com/resources/safety/safety-flashes/1223-close-approach-of-ahts-vessel-to-offshore-rig/"
"EVT-IMCA-0393","UNIQUE","EVT-IMCA-0393","Unique event fingerprint","International Marine Contractors Association (IMCA)","https://www.imca-int.com/resources/safety/safety-flashes/1123-uncontrolled-movement-of-spreader-bar/"
"EVT-IMCA-0394","UNIQUE","EVT-IMCA-0394","Unique event fingerprint","International Marine Contractors Association (IMCA)","https://www.imca-int.com/resources/safety/safety-flashes/1123-inspection-notice-from-crosby-on-certain-products/"
"EVT-IMCA-0395","UNIQUE","EVT-IMCA-0395","Unique event fingerprint","International Marine Contractors Association (IMCA)","https://www.imca-int.com/resources/safety/safety-flashes/1123-equipment-starts-unexpectedly/"
"EVT-IMCA-0396","UNIQUE","EVT-IMCA-0396","Unique event fingerprint","International Marine Contractors Association (IMCA)","https://www.imca-int.com/resources/safety/safety-flashes/1123-near-miss-steam-and-water-released-from-filter/"
"EVT-IMCA-0397","UNIQUE","EVT-IMCA-0397","Unique event fingerprint","International Marine Contractors Association (IMCA)","https://www.imca-int.com/resources/safety/safety-flashes/1123-maintenance-and-control-of-fire-doors/"
"EVT-IMCA-0398","UNIQUE","EVT-IMCA-0398","Unique event fingerprint","International Marine Contractors Association (IMCA)","https://www.imca-int.com/resources/safety/safety-flashes/1023-bsee-person-injured-when-safety-mechanisms-failed/"
"EVT-IMCA-0399","UNIQUE","EVT-IMCA-0399","Unique event fingerprint","International Marine Contractors Association (IMCA)","https://www.imca-int.com/resources/safety/safety-flashes/1023-dropped-spanner-falls-15-m/"
"EVT-IMCA-0400","UNIQUE","EVT-IMCA-0400","Unique event fingerprint","International Marine Contractors Association (IMCA)","https://www.imca-int.com/resources/safety/safety-flashes/1023-equipment-damage-dropped-object-from-tiltable-lay-system/"
"EVT-IMCA-0401","UNIQUE","EVT-IMCA-0401","Unique event fingerprint","International Marine Contractors Association (IMCA)","https://www.imca-int.com/resources/safety/safety-flashes/1023-near-miss-personnel-nearly-struck-by-rotating-chain-attached-to-flexible-pipe/"
"EVT-IMCA-0402","UNIQUE","EVT-IMCA-0402","Unique event fingerprint","International Marine Contractors Association (IMCA)","https://www.imca-int.com/resources/safety/safety-flashes/1023-near-miss-messroom-fridge-fell-over-during-rough-seas/"
"EVT-IMCA-0403","UNIQUE","EVT-IMCA-0403","Unique event fingerprint","International Marine Contractors Association (IMCA)","https://www.imca-int.com/resources/safety/safety-flashes/0923-lti-finger-injury-during-mooring-operations/"
"EVT-IMCA-0404","UNIQUE","EVT-IMCA-0404","Unique event fingerprint","International Marine Contractors Association (IMCA)","https://www.imca-int.com/resources/safety/safety-flashes/0923-crew-member-trapped-his-left-index-finger-in-watertight-door/"
"EVT-IMCA-0405","UNIQUE","EVT-IMCA-0405","Unique event fingerprint","International Marine Contractors Association (IMCA)","https://www.imca-int.com/resources/safety/safety-flashes/0923-hand-injury-from-portable-grinder/"
"EVT-IMCA-0406","UNIQUE","EVT-IMCA-0406","Unique event fingerprint","International Marine Contractors Association (IMCA)","https://www.imca-int.com/resources/safety/safety-flashes/0923-cut-and-bruise-to-right-hand-whilst-pressure-testing/"
"EVT-IMCA-0407","UNIQUE","EVT-IMCA-0407","Unique event fingerprint","International Marine Contractors Association (IMCA)","https://www.imca-int.com/resources/safety/safety-flashes/0923-lti-hand-injury-in-galley/"
"EVT-IMCA-0408","UNIQUE","EVT-IMCA-0408","Unique event fingerprint","International Marine Contractors Association (IMCA)","https://www.imca-int.com/resources/safety/safety-flashes/0823-serious-lti-crew-member-slipped-on-deck-breaking-his-leg/"
"EVT-IMCA-0409","UNIQUE","EVT-IMCA-0409","Unique event fingerprint","International Marine Contractors Association (IMCA)","https://www.imca-int.com/resources/safety/safety-flashes/0823-head-injury-when-crew-member-fell-over-in-bathroom-during-heavy-weather/"
"EVT-IMCA-0410","UNIQUE","EVT-IMCA-0410","Unique event fingerprint","International Marine Contractors Association (IMCA)","https://www.imca-int.com/resources/safety/safety-flashes/0823-person-slipped-when-exiting-bathroom-into-cabin/"
"EVT-IMCA-0411","UNIQUE","EVT-IMCA-0411","Unique event fingerprint","International Marine Contractors Association (IMCA)","https://www.imca-int.com/resources/safety/safety-flashes/0823-leak-of-oil-based-mud/"
"EVT-IMCA-0412","UNIQUE","EVT-IMCA-0412","Unique event fingerprint","International Marine Contractors Association (IMCA)","https://www.imca-int.com/resources/safety/safety-flashes/0823-life-raft-secured-incorrectly-on-cradle/"
"EVT-IMCA-0413","UNIQUE","EVT-IMCA-0413","Unique event fingerprint","International Marine Contractors Association (IMCA)","https://www.imca-int.com/resources/safety/safety-flashes/0723-lift-bag-near-miss/"
"EVT-IMCA-0414","UNIQUE","EVT-IMCA-0414","Unique event fingerprint","International Marine Contractors Association (IMCA)","https://www.imca-int.com/resources/safety/safety-flashes/0723-finger-crushed-under-tether-management-system-tms-protection-guard/"
"EVT-IMCA-0415","UNIQUE","EVT-IMCA-0415","Unique event fingerprint","International Marine Contractors Association (IMCA)","https://www.imca-int.com/resources/safety/safety-flashes/0723-sudden-and-uncontrollable-move-of-ar-head/"
"EVT-IMCA-0416","UNIQUE","EVT-IMCA-0416","Unique event fingerprint","International Marine Contractors Association (IMCA)","https://www.imca-int.com/resources/safety/safety-flashes/0623-ineffective-crane-stinger-hook-pin-installation-bsee/"
"EVT-IMCA-0417","UNIQUE","EVT-IMCA-0417","Unique event fingerprint","International Marine Contractors Association (IMCA)","https://www.imca-int.com/resources/safety/safety-flashes/0623-poor-control-of-work-in-dry-dock/"
"EVT-IMCA-0418","UNIQUE","EVT-IMCA-0418","Unique event fingerprint","International Marine Contractors Association (IMCA)","https://www.imca-int.com/resources/safety/safety-flashes/0623-battery-explosion-during-routine-maintenance/"
"EVT-IMCA-0419","UNIQUE","EVT-IMCA-0419","Unique event fingerprint","International Marine Contractors Association (IMCA)","https://www.imca-int.com/resources/safety/safety-flashes/0623-near-miss-foreign-body-in-diver-s-helmet-resulting-in-fall-of-gas-pressure/"
"EVT-IMCA-0420","UNIQUE","EVT-IMCA-0420","Unique event fingerprint","International Marine Contractors Association (IMCA)","https://www.imca-int.com/resources/safety/safety-flashes/0623-compressor-fire/"
"EVT-IMCA-0421","UNIQUE","EVT-IMCA-0421","Unique event fingerprint","International Marine Contractors Association (IMCA)","https://www.imca-int.com/resources/safety/safety-flashes/0523-lti-person-crushed-in-watertight-door/"
"EVT-IMCA-0422","UNIQUE","EVT-IMCA-0422","Unique event fingerprint","International Marine Contractors Association (IMCA)","https://www.imca-int.com/resources/safety/safety-flashes/0523-lti-finger-crushed-while-moving-mobile-gantry-crane/"
"EVT-IMCA-0423","UNIQUE","EVT-IMCA-0423","Unique event fingerprint","International Marine Contractors Association (IMCA)","https://www.imca-int.com/resources/safety/safety-flashes/0523-lti-crew-member-crushed-finger-when-opening-fire-flap/"
"EVT-IMCA-0424","UNIQUE","EVT-IMCA-0424","Unique event fingerprint","International Marine Contractors Association (IMCA)","https://www.imca-int.com/resources/safety/safety-flashes/0523-high-potential-incident-person-struck-by-yokohama-fender/"
"EVT-IMCA-0425","UNIQUE","EVT-IMCA-0425","Unique event fingerprint","International Marine Contractors Association (IMCA)","https://www.imca-int.com/resources/safety/safety-flashes/0523-lti-carbon-monoxide-co-poisoning-during-oxy-acetylene-brazing/"
"EVT-IMCA-0426","UNIQUE","EVT-IMCA-0426","Unique event fingerprint","International Marine Contractors Association (IMCA)","https://www.imca-int.com/resources/safety/safety-flashes/0423-uncertified-lifting-gear-found-in-use/"
"EVT-IMCA-0427","UNIQUE","EVT-IMCA-0427","Unique event fingerprint","International Marine Contractors Association (IMCA)","https://www.imca-int.com/resources/safety/safety-flashes/0423-high-potential-near-miss-uncontrollable-movement-of-auxiliary-whip-line/"
"EVT-IMCA-0428","UNIQUE","EVT-IMCA-0428","Unique event fingerprint","International Marine Contractors Association (IMCA)","https://www.imca-int.com/resources/safety/safety-flashes/0423-dropped-objects-in-dry-dock/"
"EVT-IMCA-0429","UNIQUE","EVT-IMCA-0429","Unique event fingerprint","International Marine Contractors Association (IMCA)","https://www.imca-int.com/resources/safety/safety-flashes/0423-air-hose-connection-failure/"
"EVT-IMCA-0430","UNIQUE","EVT-IMCA-0430","Unique event fingerprint","International Marine Contractors Association (IMCA)","https://www.imca-int.com/resources/safety/safety-flashes/0423-electrolytic-corrosion-failure-of-fire-hose-couplings/"
"EVT-IMCA-0431","UNIQUE","EVT-IMCA-0431","Unique event fingerprint","International Marine Contractors Association (IMCA)","https://www.imca-int.com/resources/safety/safety-flashes/0323-diving-instructor-killed-incorrect-valve-threads/"
"EVT-IMCA-0432","UNIQUE","EVT-IMCA-0432","Unique event fingerprint","International Marine Contractors Association (IMCA)","https://www.imca-int.com/resources/safety/safety-flashes/0323-near-miss-pilot-ladder-side-rope-failed/"
"EVT-IMCA-0433","UNIQUE","EVT-IMCA-0433","Unique event fingerprint","International Marine Contractors Association (IMCA)","https://www.imca-int.com/resources/safety/safety-flashes/0323-lti-finger-injury-during-davit-test/"
"EVT-IMCA-0434","UNIQUE","EVT-IMCA-0434","Unique event fingerprint","International Marine Contractors Association (IMCA)","https://www.imca-int.com/resources/safety/safety-flashes/0323-small-fire-following-hot-work/"
"EVT-IMCA-0435","UNIQUE","EVT-IMCA-0435","Unique event fingerprint","International Marine Contractors Association (IMCA)","https://www.imca-int.com/resources/safety/safety-flashes/0323-single-point-failure-resulting-in-a-dropped-object/"
"EVT-IMCA-0436","UNIQUE","EVT-IMCA-0436","Unique event fingerprint","International Marine Contractors Association (IMCA)","https://www.imca-int.com/resources/safety/safety-flashes/0223-umbilical-management-near-miss/"
"EVT-IMCA-0437","UNIQUE","EVT-IMCA-0437","Unique event fingerprint","International Marine Contractors Association (IMCA)","https://www.imca-int.com/resources/safety/safety-flashes/0223-lost-rov-incident/"
"EVT-IMCA-0438","UNIQUE","EVT-IMCA-0438","Unique event fingerprint","International Marine Contractors Association (IMCA)","https://www.imca-int.com/resources/safety/safety-flashes/0223-blocked-emergency-exit-hatch/"
"EVT-IMCA-0439","UNIQUE","EVT-IMCA-0439","Unique event fingerprint","International Marine Contractors Association (IMCA)","https://www.imca-int.com/resources/safety/safety-flashes/0223-serious-hand-injury-msf/"
"EVT-IMCA-0440","UNIQUE","EVT-IMCA-0440","Unique event fingerprint","International Marine Contractors Association (IMCA)","https://www.imca-int.com/resources/safety/safety-flashes/0223-incorrect-gangway-rigging/"
"EVT-IMCA-0441","UNIQUE","EVT-IMCA-0441","Unique event fingerprint","International Marine Contractors Association (IMCA)","https://www.imca-int.com/resources/safety/safety-flashes/2922-maib-engine-room-fire-flashover/"
"EVT-IMCA-0442","UNIQUE","EVT-IMCA-0442","Unique event fingerprint","International Marine Contractors Association (IMCA)","https://www.imca-int.com/resources/safety/safety-flashes/2922-clogged-tumble-dryer-exhaust-fan-potential-for-fire/"
"EVT-IMCA-0443","UNIQUE","EVT-IMCA-0443","Unique event fingerprint","International Marine Contractors Association (IMCA)","https://www.imca-int.com/resources/safety/safety-flashes/2922-dummy-hot-stab-ejected-during-leak-investigation/"
"EVT-IMCA-0444","UNIQUE","EVT-IMCA-0444","Unique event fingerprint","International Marine Contractors Association (IMCA)","https://www.imca-int.com/resources/safety/safety-flashes/2922-near-miss-load-lifted-without-notice-putting-crew-in-the-line-of-fire/"
"EVT-IMCA-0445","UNIQUE","EVT-IMCA-0445","Unique event fingerprint","International Marine Contractors Association (IMCA)","https://www.imca-int.com/resources/safety/safety-flashes/2922-open-toed-shoes-on-an-escalator-not-work-related/"
"EVT-IMCA-0446","UNIQUE","EVT-IMCA-0446","Unique event fingerprint","International Marine Contractors Association (IMCA)","https://www.imca-int.com/resources/safety/safety-flashes/2822-maib-worker-falls-between-vessel-and-quay/"
"EVT-IMCA-0447","UNIQUE","EVT-IMCA-0447","Unique event fingerprint","International Marine Contractors Association (IMCA)","https://www.imca-int.com/resources/safety/safety-flashes/2822-accidental-swallowing-of-paint-thinners/"
"EVT-IMCA-0448","UNIQUE","EVT-IMCA-0448","Unique event fingerprint","International Marine Contractors Association (IMCA)","https://www.imca-int.com/resources/safety/safety-flashes/2822-near-miss-pipe-dropped-from-pipe-supports/"
"EVT-IMCA-0449","UNIQUE","EVT-IMCA-0449","Unique event fingerprint","International Marine Contractors Association (IMCA)","https://www.imca-int.com/resources/safety/safety-flashes/2822-oil-tank-sight-glass-push-buttons-wired-open/"
"EVT-IMCA-0450","UNIQUE","EVT-IMCA-0450","Unique event fingerprint","International Marine Contractors Association (IMCA)","https://www.imca-int.com/resources/safety/safety-flashes/2822-bsee-unsafe-chemical-use-and-disposal/"
"EVT-IMCA-0451","UNIQUE","EVT-IMCA-0451","Unique event fingerprint","International Marine Contractors Association (IMCA)","https://www.imca-int.com/resources/safety/safety-flashes/2722-maib-pinkie-is-no-longer-perkie/"
"EVT-IMCA-0452","UNIQUE","EVT-IMCA-0452","Unique event fingerprint","International Marine Contractors Association (IMCA)","https://www.imca-int.com/resources/safety/safety-flashes/2722-lti-person-suffered-serious-crush-injuries/"
"EVT-IMCA-0453","UNIQUE","EVT-IMCA-0453","Unique event fingerprint","International Marine Contractors Association (IMCA)","https://www.imca-int.com/resources/safety/safety-flashes/2722-lti-burns-to-forearms/"
"EVT-IMCA-0454","UNIQUE","EVT-IMCA-0454","Unique event fingerprint","International Marine Contractors Association (IMCA)","https://www.imca-int.com/resources/safety/safety-flashes/2722-lti-foot-trapped-between-pipes/"
"EVT-IMCA-0455","UNIQUE","EVT-IMCA-0455","Unique event fingerprint","International Marine Contractors Association (IMCA)","https://www.imca-int.com/resources/safety/safety-flashes/2722-maib-a-scalding-injury/"
"EVT-IMCA-0456","UNIQUE","EVT-IMCA-0456","Unique event fingerprint","International Marine Contractors Association (IMCA)","https://www.imca-int.com/resources/safety/safety-flashes/2622-maib-flooding-and-sinking-of-the-survey-workboat-bella/"
"EVT-IMCA-0457","UNIQUE","EVT-IMCA-0457","Unique event fingerprint","International Marine Contractors Association (IMCA)","https://www.imca-int.com/resources/safety/safety-flashes/2622-vessel-collision-with-underwater-objects-in-harbour/"
"EVT-IMCA-0458","UNIQUE","EVT-IMCA-0458","Unique event fingerprint","International Marine Contractors Association (IMCA)","https://www.imca-int.com/resources/safety/safety-flashes/2622-oil-leakage-from-vessel-crane-onto-quayside/"
"EVT-IMCA-0459","UNIQUE","EVT-IMCA-0459","Unique event fingerprint","International Marine Contractors Association (IMCA)","https://www.imca-int.com/resources/safety/safety-flashes/2622-bsee-a-note-on-repetitive-strain-injuries/"
"EVT-IMCA-0460","UNIQUE","EVT-IMCA-0460","Unique event fingerprint","International Marine Contractors Association (IMCA)","https://www.imca-int.com/resources/safety/safety-flashes/2622-connection-failure-during-lifting-operation/"
"EVT-IMCA-0461","UNIQUE","EVT-IMCA-0461","Unique event fingerprint","International Marine Contractors Association (IMCA)","https://www.imca-int.com/resources/safety/safety-flashes/2522-bsee-hazards-associated-with-cranes-on-idle-facilities/"
"EVT-IMCA-0462","UNIQUE","EVT-IMCA-0462","Unique event fingerprint","International Marine Contractors Association (IMCA)","https://www.imca-int.com/resources/safety/safety-flashes/2522-bsee-unsafe-crane-working-practices-result-in-injury/"
"EVT-IMCA-0463","UNIQUE","EVT-IMCA-0463","Unique event fingerprint","International Marine Contractors Association (IMCA)","https://www.imca-int.com/resources/safety/safety-flashes/2522-uscg-hidden-corrosion-on-deck-fittings-can-cause-dangerous-failures/"
"EVT-IMCA-0464","UNIQUE","EVT-IMCA-0464","Unique event fingerprint","International Marine Contractors Association (IMCA)","https://www.imca-int.com/resources/safety/safety-flashes/2522-maib-mv-teal-bay-mooring-fatality/"
"EVT-IMCA-0465","UNIQUE","EVT-IMCA-0465","Unique event fingerprint","International Marine Contractors Association (IMCA)","https://www.imca-int.com/resources/safety/safety-flashes/2522-failure-of-moorings-during-heavy-weather/"
"EVT-IMCA-0466","UNIQUE","EVT-IMCA-0466","Unique event fingerprint","International Marine Contractors Association (IMCA)","https://www.imca-int.com/resources/safety/safety-flashes/2422-focus-on-third-party-dropped-objects/"
"EVT-IMCA-0467","UNIQUE","EVT-IMCA-0467","Unique event fingerprint","International Marine Contractors Association (IMCA)","https://www.imca-int.com/resources/safety/safety-flashes/2422-hydraulic-oil-leak-to-sea-from-downline-fitting/"
"EVT-IMCA-0468","UNIQUE","EVT-IMCA-0468","Unique event fingerprint","International Marine Contractors Association (IMCA)","https://www.imca-int.com/resources/safety/safety-flashes/2422-bsee-poor-preparation-prior-to-hot-work-leads-to-fires/"
"EVT-IMCA-0469","UNIQUE","EVT-IMCA-0469","Unique event fingerprint","International Marine Contractors Association (IMCA)","https://www.imca-int.com/resources/safety/safety-flashes/2422-failure-to-plan-properly-electrician-sustains-serious-burns-uk-hse/"
"EVT-IMCA-0470","UNIQUE","EVT-IMCA-0470","Unique event fingerprint","International Marine Contractors Association (IMCA)","https://www.imca-int.com/resources/safety/safety-flashes/2422-live-sub-surface-power-cable-inadvertently-cut/"
"EVT-IMCA-0471","UNIQUE","EVT-IMCA-0471","Unique event fingerprint","International Marine Contractors Association (IMCA)","https://www.imca-int.com/resources/safety/safety-flashes/2422-near-miss-oily-rag-activated-smoke-sensor-in-vessel-laundry-area/"
"EVT-IMCA-0472","UNIQUE","EVT-IMCA-0472","Unique event fingerprint","International Marine Contractors Association (IMCA)","https://www.imca-int.com/resources/safety/safety-flashes/2322-serious-injury-during-mooring-operations-rope-parted/"
"EVT-IMCA-0473","UNIQUE","EVT-IMCA-0473","Unique event fingerprint","International Marine Contractors Association (IMCA)","https://www.imca-int.com/resources/safety/safety-flashes/2322-failure-of-slings-during-loading-operations/"
"EVT-IMCA-0474","UNIQUE","EVT-IMCA-0474","Unique event fingerprint","International Marine Contractors Association (IMCA)","https://www.imca-int.com/resources/safety/safety-flashes/2322-bsee-stored-energy-in-slings-causes-multiple-injuries/"
"EVT-IMCA-0475","UNIQUE","EVT-IMCA-0475","Unique event fingerprint","International Marine Contractors Association (IMCA)","https://www.imca-int.com/resources/safety/safety-flashes/2322-damage-to-chain-hoist-subsea/"
"EVT-IMCA-0476","UNIQUE","EVT-IMCA-0476","Unique event fingerprint","International Marine Contractors Association (IMCA)","https://www.imca-int.com/resources/safety/safety-flashes/2322-unsafe-transportation-and-packing-arrangements/"
"EVT-IMCA-0477","UNIQUE","EVT-IMCA-0477","Unique event fingerprint","International Marine Contractors Association (IMCA)","https://www.imca-int.com/resources/safety/safety-flashes/2222-diver-finger-injury-scrubber-blower-fan/"
"EVT-IMCA-0478","UNIQUE","EVT-IMCA-0478","Unique event fingerprint","International Marine Contractors Association (IMCA)","https://www.imca-int.com/resources/safety/safety-flashes/2222-bsee-unsecured-pressurised-hoses-result-in-hand-injuries/"
"EVT-IMCA-0479","UNIQUE","EVT-IMCA-0479","Unique event fingerprint","International Marine Contractors Association (IMCA)","https://www.imca-int.com/resources/safety/safety-flashes/2222-cook-s-arm-scalded-while-removing-food-from-oven/"
"EVT-IMCA-0480","UNIQUE","EVT-IMCA-0480","Unique event fingerprint","International Marine Contractors Association (IMCA)","https://www.imca-int.com/resources/safety/safety-flashes/2222-lti-fractured-finger-during-anchor-handling/"
"EVT-IMCA-0481","UNIQUE","EVT-IMCA-0481","Unique event fingerprint","International Marine Contractors Association (IMCA)","https://www.imca-int.com/resources/safety/safety-flashes/2222-lti-person-struck-by-uncontrolled-swing-in-chain/"
"EVT-IMCA-0482","UNIQUE","EVT-IMCA-0482","Unique event fingerprint","International Marine Contractors Association (IMCA)","https://www.imca-int.com/resources/safety/safety-flashes/2122-bsee-green-hats-training-and-supervision-of-short-service-employees/"
"EVT-IMCA-0483","UNIQUE","EVT-IMCA-0483","Unique event fingerprint","International Marine Contractors Association (IMCA)","https://www.imca-int.com/resources/safety/safety-flashes/2122-american-pi-club-vessel-grounding-fatigue-was-a-factor/"
"EVT-IMCA-0484","UNIQUE","EVT-IMCA-0484","Unique event fingerprint","International Marine Contractors Association (IMCA)","https://www.imca-int.com/resources/safety/safety-flashes/2122-maib-capsize-and-sinking-of-fishing-vessel-joanna-c-vessel-stability/"
"EVT-IMCA-0485","UNIQUE","EVT-IMCA-0485","Unique event fingerprint","International Marine Contractors Association (IMCA)","https://www.imca-int.com/resources/safety/safety-flashes/2022-lti-diver-suffered-crush-injury-to-finger/"
"EVT-IMCA-0486","UNIQUE","EVT-IMCA-0486","Unique event fingerprint","International Marine Contractors Association (IMCA)","https://www.imca-int.com/resources/safety/safety-flashes/2022-high-potential-incident-foot-trapped-under-ram-cylinder/"
"EVT-IMCA-0487","UNIQUE","EVT-IMCA-0487","Unique event fingerprint","International Marine Contractors Association (IMCA)","https://www.imca-int.com/resources/safety/safety-flashes/2022-fall-leading-to-serious-personal-injury/"
"EVT-IMCA-0488","UNIQUE","EVT-IMCA-0488","Unique event fingerprint","International Marine Contractors Association (IMCA)","https://www.imca-int.com/resources/safety/safety-flashes/2022-chemical-burns-to-body/"
"EVT-IMCA-0489","UNIQUE","EVT-IMCA-0489","Unique event fingerprint","International Marine Contractors Association (IMCA)","https://www.imca-int.com/resources/safety/safety-flashes/2022-personal-injury-burns-from-hot-engine-oil-to-body-and-face/"
"EVT-IMCA-0490","UNIQUE","EVT-IMCA-0490","Unique event fingerprint","International Marine Contractors Association (IMCA)","https://www.imca-int.com/resources/safety/safety-flashes/1922-third-party-truck-not-in-appropriate-or-safe-condition/"
"EVT-IMCA-0491","UNIQUE","EVT-IMCA-0491","Unique event fingerprint","International Marine Contractors Association (IMCA)","https://www.imca-int.com/resources/safety/safety-flashes/1922-machinery-breakdown-leads-to-a-collision/"
"EVT-IMCA-0492","UNIQUE","EVT-IMCA-0492","Unique event fingerprint","International Marine Contractors Association (IMCA)","https://www.imca-int.com/resources/safety/safety-flashes/1922-equipment-found-live-drawings-incorrect-for-lock-outtag-out/"
"EVT-IMCA-0493","UNIQUE","EVT-IMCA-0493","Unique event fingerprint","International Marine Contractors Association (IMCA)","https://www.imca-int.com/resources/safety/safety-flashes/1922-msf-co2-system-left-non-operational-after-servicing/"
"EVT-IMCA-0494","UNIQUE","EVT-IMCA-0494","Unique event fingerprint","International Marine Contractors Association (IMCA)","https://www.imca-int.com/resources/safety/safety-flashes/1922-accidental-release-of-free-fall-lifeboat/"
"EVT-IMCA-0495","UNIQUE","EVT-IMCA-0495","Unique event fingerprint","International Marine Contractors Association (IMCA)","https://www.imca-int.com/resources/safety/safety-flashes/1822-flash-fire-on-oxygen-gas-quad-hose/"
"EVT-IMCA-0496","UNIQUE","EVT-IMCA-0496","Unique event fingerprint","International Marine Contractors Association (IMCA)","https://www.imca-int.com/resources/safety/safety-flashes/1822-damage-to-flexible-riser/"
"EVT-IMCA-0497","UNIQUE","EVT-IMCA-0497","Unique event fingerprint","International Marine Contractors Association (IMCA)","https://www.imca-int.com/resources/safety/safety-flashes/1822-uscg-unexpected-dangers-lifeboat-remote-control-wires/"
"EVT-IMCA-0498","UNIQUE","EVT-IMCA-0498","Unique event fingerprint","International Marine Contractors Association (IMCA)","https://www.imca-int.com/resources/safety/safety-flashes/1822-a-focus-on-journey-management/"
"EVT-IMCA-0499","UNIQUE","EVT-IMCA-0499","Unique event fingerprint","International Marine Contractors Association (IMCA)","https://www.imca-int.com/resources/safety/safety-flashes/1822-mixing-of-cleaning-chemicals/"
"EVT-IMCA-0500","UNIQUE","EVT-IMCA-0500","Unique event fingerprint","International Marine Contractors Association (IMCA)","https://www.imca-int.com/resources/safety/safety-flashes/0222-bailout-manifold-failure/"
"EVT-IMCA-0501","UNIQUE","EVT-IMCA-0501","Unique event fingerprint","International Marine Contractors Association (IMCA)","https://www.imca-int.com/resources/safety/safety-flashes/1722-broken-chinese-finger/"
"EVT-IMCA-0502","UNIQUE","EVT-IMCA-0502","Unique event fingerprint","International Marine Contractors Association (IMCA)","https://www.imca-int.com/resources/safety/safety-flashes/1722-incorrect-operations-result-in-failure-of-hoist/"
"EVT-IMCA-0503","UNIQUE","EVT-IMCA-0503","Unique event fingerprint","International Marine Contractors Association (IMCA)","https://www.imca-int.com/resources/safety/safety-flashes/1722-man-overboard-from-anchor-handler-tug/"
"EVT-IMCA-0504","UNIQUE","EVT-IMCA-0504","Unique event fingerprint","International Marine Contractors Association (IMCA)","https://www.imca-int.com/resources/safety/safety-flashes/1722-don-t-assume-verify-and-check/"
"EVT-IMCA-0505","UNIQUE","EVT-IMCA-0505","Unique event fingerprint","International Marine Contractors Association (IMCA)","https://www.imca-int.com/resources/safety/safety-flashes/1722-iogp-squeezed-hand-due-to-unintentional-activation-of-winch/"
"EVT-IMCA-0506","UNIQUE","EVT-IMCA-0506","Unique event fingerprint","International Marine Contractors Association (IMCA)","https://www.imca-int.com/resources/safety/safety-flashes/1622-bseeuscg-dealing-with-extreme-weather-events/"
"EVT-IMCA-0507","UNIQUE","EVT-IMCA-0507","Unique event fingerprint","International Marine Contractors Association (IMCA)","https://www.imca-int.com/resources/safety/safety-flashes/1622-american-pi-club-extreme-bollard-pull/"
"EVT-IMCA-0508","UNIQUE","EVT-IMCA-0508","Unique event fingerprint","International Marine Contractors Association (IMCA)","https://www.imca-int.com/resources/safety/safety-flashes/1622-lost-time-injuries-due-to-a-failed-mooring-line/"
"EVT-IMCA-0509","UNIQUE","EVT-IMCA-0509","Unique event fingerprint","International Marine Contractors Association (IMCA)","https://www.imca-int.com/resources/safety/safety-flashes/1622-lti-struck-when-anchor-wire-end-pulled-free-of-drum-clamps/"
"EVT-IMCA-0510","UNIQUE","EVT-IMCA-0510","Unique event fingerprint","International Marine Contractors Association (IMCA)","https://www.imca-int.com/resources/safety/safety-flashes/1622-damage-to-bulwarks-during-overboarding-of-mattresses/"
"EVT-IMCA-0511","UNIQUE","EVT-IMCA-0511","Unique event fingerprint","International Marine Contractors Association (IMCA)","https://www.imca-int.com/resources/safety/safety-flashes/1522-fatal-crush-incident-between-platform-supply-vessel-and-fast-rescue-craft-2012/"
"EVT-IMCA-0512","UNIQUE","EVT-IMCA-0512","Unique event fingerprint","International Marine Contractors Association (IMCA)","https://www.imca-int.com/resources/safety/safety-flashes/1522-high-potential-electric-shock-near-miss/"
"EVT-IMCA-0513","UNIQUE","EVT-IMCA-0513","Unique event fingerprint","International Marine Contractors Association (IMCA)","https://www.imca-int.com/resources/safety/safety-flashes/1522-fire-at-sea-some-timely-reminders-safety4sea/"
"EVT-IMCA-0514","UNIQUE","EVT-IMCA-0514","Unique event fingerprint","International Marine Contractors Association (IMCA)","https://www.imca-int.com/resources/safety/safety-flashes/1522-ntsb-watertight-doors-vessel-sank-after-flooding/"
"EVT-IMCA-0515","UNIQUE","EVT-IMCA-0515","Unique event fingerprint","International Marine Contractors Association (IMCA)","https://www.imca-int.com/resources/safety/safety-flashes/1522-infection-a-scratched-elbow-turns-into-an-lti/"
"EVT-IMCA-0516","UNIQUE","EVT-IMCA-0516","Unique event fingerprint","International Marine Contractors Association (IMCA)","https://www.imca-int.com/resources/safety/safety-flashes/1422-crosby-important-safety-notice-for-78-65t-anchor-shackles/"
"EVT-IMCA-0517","UNIQUE","EVT-IMCA-0517","Unique event fingerprint","International Marine Contractors Association (IMCA)","https://www.imca-int.com/resources/safety/safety-flashes/1322-surface-decompression-near-miss/"
"EVT-IMCA-0518","UNIQUE","EVT-IMCA-0518","Unique event fingerprint","International Marine Contractors Association (IMCA)","https://www.imca-int.com/resources/safety/safety-flashes/1322-near-miss-grinder-disc-rotation-set-up-in-the-wrong-direction/"
"EVT-IMCA-0519","UNIQUE","EVT-IMCA-0519","Unique event fingerprint","International Marine Contractors Association (IMCA)","https://www.imca-int.com/resources/safety/safety-flashes/1322-uscg-exceeding-electrical-duty-rating-can-lead-to-failure/"
"EVT-IMCA-0520","UNIQUE","EVT-IMCA-0520","Unique event fingerprint","International Marine Contractors Association (IMCA)","https://www.imca-int.com/resources/safety/safety-flashes/1322-searchlight-fell-from-vessel-during-heavy-weather/"
"EVT-IMCA-0521","UNIQUE","EVT-IMCA-0521","Unique event fingerprint","International Marine Contractors Association (IMCA)","https://www.imca-int.com/resources/safety/safety-flashes/1322-msf-corrosion-in-fire-fighting-equipment/"
"EVT-IMCA-0522","UNIQUE","EVT-IMCA-0522","Unique event fingerprint","International Marine Contractors Association (IMCA)","https://www.imca-int.com/resources/safety/safety-flashes/1222-explosion-hot-work-in-a-flammable-atmosphere-transport-malta/"
"EVT-IMCA-0523","UNIQUE","EVT-IMCA-0523","Unique event fingerprint","International Marine Contractors Association (IMCA)","https://www.imca-int.com/resources/safety/safety-flashes/1222-process-safety-fundamentals-iogp-step-change/"
"EVT-IMCA-0524","UNIQUE","EVT-IMCA-0524","Unique event fingerprint","International Marine Contractors Association (IMCA)","https://www.imca-int.com/resources/safety/safety-flashes/1222-iogp-dropped-object-with-potential-for-injury-riser-release/"
"EVT-IMCA-0525","UNIQUE","EVT-IMCA-0525","Unique event fingerprint","International Marine Contractors Association (IMCA)","https://www.imca-int.com/resources/safety/safety-flashes/1222-safe-use-of-ladders-and-stepladders/"
"EVT-IMCA-0526","UNIQUE","EVT-IMCA-0526","Unique event fingerprint","International Marine Contractors Association (IMCA)","https://www.imca-int.com/resources/safety/safety-flashes/1222-this-is-not-a-drill-an-lti-during-a-drill-msf/"
"EVT-IMCA-0527","UNIQUE","EVT-IMCA-0527","Unique event fingerprint","International Marine Contractors Association (IMCA)","https://www.imca-int.com/resources/safety/safety-flashes/1122-riggers-injured-while-disconnecting-rigging/"
"EVT-IMCA-0528","UNIQUE","EVT-IMCA-0528","Unique event fingerprint","International Marine Contractors Association (IMCA)","https://www.imca-int.com/resources/safety/safety-flashes/1122-near-miss-floor-plate-fell-from-main-mast-during-storm/"
"EVT-IMCA-0529","UNIQUE","EVT-IMCA-0529","Unique event fingerprint","International Marine Contractors Association (IMCA)","https://www.imca-int.com/resources/safety/safety-flashes/1122-maib-loss-of-containers-overboard-task-seen-as-routine/"
"EVT-IMCA-0530","UNIQUE","EVT-IMCA-0530","Unique event fingerprint","International Marine Contractors Association (IMCA)","https://www.imca-int.com/resources/safety/safety-flashes/1122-maintenance-and-painting-two-incidents/"
"EVT-IMCA-0531","UNIQUE","EVT-IMCA-0531","Unique event fingerprint","International Marine Contractors Association (IMCA)","https://www.imca-int.com/resources/safety/safety-flashes/1122-msf-manual-handling-injury-during-bulk-hose-operations/"
"EVT-IMCA-0532","UNIQUE","EVT-IMCA-0532","Unique event fingerprint","International Marine Contractors Association (IMCA)","https://www.imca-int.com/resources/safety/safety-flashes/1022-communications-lti-finger-injury-during-lifting-operations/"
"EVT-IMCA-0533","UNIQUE","EVT-IMCA-0533","Unique event fingerprint","International Marine Contractors Association (IMCA)","https://www.imca-int.com/resources/safety/safety-flashes/1022-cobra-system-hose-coupling-cross-threaded/"
"EVT-IMCA-0534","UNIQUE","EVT-IMCA-0534","Unique event fingerprint","International Marine Contractors Association (IMCA)","https://www.imca-int.com/resources/safety/safety-flashes/1022-diver-experienced-an-air-flow-restriction/"
"EVT-IMCA-0535","UNIQUE","EVT-IMCA-0535","Unique event fingerprint","International Marine Contractors Association (IMCA)","https://www.imca-int.com/resources/safety/safety-flashes/1022-subsea-transponder-wire-parted/"
"EVT-IMCA-0536","UNIQUE","EVT-IMCA-0536","Unique event fingerprint","International Marine Contractors Association (IMCA)","https://www.imca-int.com/resources/safety/safety-flashes/1022-maib-blockage-of-fixed-co2-fire-extinguishing-system-pilot-hoses/"
"EVT-IMCA-0537","UNIQUE","EVT-IMCA-0537","Unique event fingerprint","International Marine Contractors Association (IMCA)","https://www.imca-int.com/resources/safety/safety-flashes/0922-maib-safety-digest-12022/"
"EVT-IMCA-0538","UNIQUE","EVT-IMCA-0538","Unique event fingerprint","International Marine Contractors Association (IMCA)","https://www.imca-int.com/resources/safety/safety-flashes/0922-usb-power-bank-lithium-battery-fire/"
"EVT-IMCA-0539","UNIQUE","EVT-IMCA-0539","Unique event fingerprint","International Marine Contractors Association (IMCA)","https://www.imca-int.com/resources/safety/safety-flashes/0922-uscg-lithium-battery-fire/"
"EVT-IMCA-0540","UNIQUE","EVT-IMCA-0540","Unique event fingerprint","International Marine Contractors Association (IMCA)","https://www.imca-int.com/resources/safety/safety-flashes/0922-uk-hse-worker-died-following-fall-from-crane-platform/"
"EVT-IMCA-0541","UNIQUE","EVT-IMCA-0541","Unique event fingerprint","International Marine Contractors Association (IMCA)","https://www.imca-int.com/resources/safety/safety-flashes/0922-riggers-strucktrapped-by-pipe-section/"
"EVT-IMCA-0542","UNIQUE","EVT-IMCA-0542","Unique event fingerprint","International Marine Contractors Association (IMCA)","https://www.imca-int.com/resources/safety/safety-flashes/0822-mooring-near-miss-guide-roller-pin-suffered-material-failure/"
"EVT-IMCA-0543","UNIQUE","EVT-IMCA-0543","Unique event fingerprint","International Marine Contractors Association (IMCA)","https://www.imca-int.com/resources/safety/safety-flashes/0822-american-pi-club-fire-started-from-cutting-torch-work/"
"EVT-IMCA-0544","UNIQUE","EVT-IMCA-0544","Unique event fingerprint","International Marine Contractors Association (IMCA)","https://www.imca-int.com/resources/safety/safety-flashes/0822-ntsb-dangerous-engine-failure-improper-torquing/"
"EVT-IMCA-0545","UNIQUE","EVT-IMCA-0545","Unique event fingerprint","International Marine Contractors Association (IMCA)","https://www.imca-int.com/resources/safety/safety-flashes/0822-msf-unsafe-cargo-transfer-using-pallets/"
"EVT-IMCA-0546","UNIQUE","EVT-IMCA-0546","Unique event fingerprint","International Marine Contractors Association (IMCA)","https://www.imca-int.com/resources/safety/safety-flashes/0822-uk-hse-worker-falls-from-height-during-oil-platform-decommissioning/"
"EVT-IMCA-0547","UNIQUE","EVT-IMCA-0547","Unique event fingerprint","International Marine Contractors Association (IMCA)","https://www.imca-int.com/resources/safety/safety-flashes/0722-maib-unexploded-ordnance-subsea-explosion-causes-injury-and-damage/"
"EVT-IMCA-0548","UNIQUE","EVT-IMCA-0548","Unique event fingerprint","International Marine Contractors Association (IMCA)","https://www.imca-int.com/resources/safety/safety-flashes/0722-maib-flooding-capsize-and-foundering-of-small-vessel-after-issues-with-towing-wires/"
"EVT-IMCA-0549","UNIQUE","EVT-IMCA-0549","Unique event fingerprint","International Marine Contractors Association (IMCA)","https://www.imca-int.com/resources/safety/safety-flashes/0722-overcoming-language-barriers/"
"EVT-IMCA-0550","UNIQUE","EVT-IMCA-0550","Unique event fingerprint","International Marine Contractors Association (IMCA)","https://www.imca-int.com/resources/safety/safety-flashes/0722-msf-contact-between-vessel-and-offshore-installation/"
"EVT-IMCA-0551","UNIQUE","EVT-IMCA-0551","Unique event fingerprint","International Marine Contractors Association (IMCA)","https://www.imca-int.com/resources/safety/safety-flashes/0722-stored-energy-release-two-fatalities-with-tyres-iogp/"
"EVT-IMCA-0552","UNIQUE","EVT-IMCA-0552","Unique event fingerprint","International Marine Contractors Association (IMCA)","https://www.imca-int.com/resources/safety/safety-flashes/0622-fatal-fall-from-collapsing-scaffolding-on-a-merchant-vessel/"
"EVT-IMCA-0553","UNIQUE","EVT-IMCA-0553","Unique event fingerprint","International Marine Contractors Association (IMCA)","https://www.imca-int.com/resources/safety/safety-flashes/0622-non-fatal-man-overboard-incident/"
"EVT-IMCA-0554","UNIQUE","EVT-IMCA-0554","Unique event fingerprint","International Marine Contractors Association (IMCA)","https://www.imca-int.com/resources/safety/safety-flashes/0622-line-of-fire-pinched-finger-between-door-and-frame/"
"EVT-IMCA-0555","UNIQUE","EVT-IMCA-0555","Unique event fingerprint","International Marine Contractors Association (IMCA)","https://www.imca-int.com/resources/safety/safety-flashes/0622-get-it-fixed-deteriorated-seals-on-emergency-hatch/"
"EVT-IMCA-0556","UNIQUE","EVT-IMCA-0556","Unique event fingerprint","International Marine Contractors Association (IMCA)","https://www.imca-int.com/resources/safety/safety-flashes/0622-msf-foreign-object-in-eye/"
"EVT-IMCA-0557","UNIQUE","EVT-IMCA-0557","Unique event fingerprint","International Marine Contractors Association (IMCA)","https://www.imca-int.com/resources/safety/safety-flashes/0522-permit-to-work-and-isolation-procedure-not-followed/"
"EVT-IMCA-0558","UNIQUE","EVT-IMCA-0558","Unique event fingerprint","International Marine Contractors Association (IMCA)","https://www.imca-int.com/resources/safety/safety-flashes/0522-msf-lti-fall-from-height-control-of-work-during-simops/"
"EVT-IMCA-0559","UNIQUE","EVT-IMCA-0559","Unique event fingerprint","International Marine Contractors Association (IMCA)","https://www.imca-int.com/resources/safety/safety-flashes/0522-uk-hse-poor-control-of-work-worker-suffered-serious-injuries/"
"EVT-IMCA-0560","UNIQUE","EVT-IMCA-0560","Unique event fingerprint","International Marine Contractors Association (IMCA)","https://www.imca-int.com/resources/safety/safety-flashes/0522-fractured-finger-while-handling-metal-plates/"
"EVT-IMCA-0561","UNIQUE","EVT-IMCA-0561","Unique event fingerprint","International Marine Contractors Association (IMCA)","https://www.imca-int.com/resources/safety/safety-flashes/0522-uk-hse-liquid-petroleum-gas-lpg-leak/"
"EVT-IMCA-0562","UNIQUE","EVT-IMCA-0562","Unique event fingerprint","International Marine Contractors Association (IMCA)","https://www.imca-int.com/resources/safety/safety-flashes/0422-equipment-on-quay-damaged-when-vessel-started-listing/"
"EVT-IMCA-0563","UNIQUE","EVT-IMCA-0563","Unique event fingerprint","International Marine Contractors Association (IMCA)","https://www.imca-int.com/resources/safety/safety-flashes/0422-uk-hse-offshore-crane-boom-hoist-failures/"
"EVT-IMCA-0564","UNIQUE","EVT-IMCA-0564","Unique event fingerprint","International Marine Contractors Association (IMCA)","https://www.imca-int.com/resources/safety/safety-flashes/0422-cargo-shifted-during-heavy-weather/"
"EVT-IMCA-0565","UNIQUE","EVT-IMCA-0565","Unique event fingerprint","International Marine Contractors Association (IMCA)","https://www.imca-int.com/resources/safety/safety-flashes/0422-ntsb-engine-failure-leads-to-fire-aboard-offshore-supply-vessel/"
"EVT-IMCA-0566","UNIQUE","EVT-IMCA-0566","Unique event fingerprint","International Marine Contractors Association (IMCA)","https://www.imca-int.com/resources/safety/safety-flashes/0422-ntsb-failure-to-disconnect-and-secure-vehicle-batteries-led-to-fire/"
"EVT-IMCA-0567","UNIQUE","EVT-IMCA-0567","Unique event fingerprint","International Marine Contractors Association (IMCA)","https://www.imca-int.com/resources/safety/safety-flashes/0322-near-miss-divers-umbilical-drawn-beneath-a-load/"
"EVT-IMCA-0568","UNIQUE","EVT-IMCA-0568","Unique event fingerprint","International Marine Contractors Association (IMCA)","https://www.imca-int.com/resources/safety/safety-flashes/0322-incorrect-as-built-drawing-configuration/"
"EVT-IMCA-0569","UNIQUE","EVT-IMCA-0569","Unique event fingerprint","International Marine Contractors Association (IMCA)","https://www.imca-int.com/resources/safety/safety-flashes/0322-engine-room-fire-on-a-ferry/"
"EVT-IMCA-0570","UNIQUE","EVT-IMCA-0570","Unique event fingerprint","International Marine Contractors Association (IMCA)","https://www.imca-int.com/resources/safety/safety-flashes/0322-radio-interference-from-damaged-equipment-affects-other-vessels/"
"EVT-IMCA-0571","UNIQUE","EVT-IMCA-0571","Unique event fingerprint","International Marine Contractors Association (IMCA)","https://www.imca-int.com/resources/safety/safety-flashes/0322-life-raft-lashing-parted-in-rough-weather/"
"EVT-IMCA-0572","UNIQUE","EVT-IMCA-0572","Unique event fingerprint","International Marine Contractors Association (IMCA)","https://www.imca-int.com/resources/safety/safety-flashes/0222-master-links-came-free-from-lifeboat-release-hooks-releasing-the-lifeboat/"
"EVT-IMCA-0573","UNIQUE","EVT-IMCA-0573","Unique event fingerprint","International Marine Contractors Association (IMCA)","https://www.imca-int.com/resources/safety/safety-flashes/0222-three-bolts-sheared-on-a-lifting-trunnion/"
"EVT-IMCA-0574","UNIQUE","EVT-IMCA-0574","Unique event fingerprint","International Marine Contractors Association (IMCA)","https://www.imca-int.com/resources/safety/safety-flashes/0222-hose-management-and-chemicals-crew-person-felt-ill/"
"EVT-IMCA-0575","UNIQUE","EVT-IMCA-0575","Unique event fingerprint","International Marine Contractors Association (IMCA)","https://www.imca-int.com/resources/safety/safety-flashes/0222-chemical-reaction-person-injured-during-grouting-operations/"
"EVT-IMCA-0576","UNIQUE","EVT-IMCA-0576","Unique event fingerprint","International Marine Contractors Association (IMCA)","https://www.imca-int.com/resources/safety/safety-flashes/0122-american-pi-club-unfamiliarity-with-semi-portable-fire-extinguishers/"
"EVT-IMCA-0577","UNIQUE","EVT-IMCA-0577","Unique event fingerprint","International Marine Contractors Association (IMCA)","https://www.imca-int.com/resources/safety/safety-flashes/0122-lifejacket-battery-caught-fire/"
"EVT-IMCA-0578","UNIQUE","EVT-IMCA-0578","Unique event fingerprint","International Marine Contractors Association (IMCA)","https://www.imca-int.com/resources/safety/safety-flashes/0122-fire-door-left-wedged-open/"
"EVT-IMCA-0579","UNIQUE","EVT-IMCA-0579","Unique event fingerprint","International Marine Contractors Association (IMCA)","https://www.imca-int.com/resources/safety/safety-flashes/0122-uk-hse-uncontrolled-movement-of-fabrication-caused-injury/"
"EVT-IMCA-0580","UNIQUE","EVT-IMCA-0580","Unique event fingerprint","International Marine Contractors Association (IMCA)","https://www.imca-int.com/resources/safety/safety-flashes/0122-lti-person-fell-down-hatch-inside-crane-pedestal/"
"EVT-IMCA-0581","UNIQUE","EVT-IMCA-0581","Unique event fingerprint","International Marine Contractors Association (IMCA)","https://www.imca-int.com/resources/safety/safety-flashes/3421-failure-of-64mm-polyester-rope-in-subsea-mooring-operations/"
"EVT-IMCA-0582","UNIQUE","EVT-IMCA-0582","Unique event fingerprint","International Marine Contractors Association (IMCA)","https://www.imca-int.com/resources/safety/safety-flashes/3421-rov-main-lift-failure/"
"EVT-IMCA-0583","UNIQUE","EVT-IMCA-0583","Unique event fingerprint","International Marine Contractors Association (IMCA)","https://www.imca-int.com/resources/safety/safety-flashes/3421-importance-of-safety-by-design-acoustic-beacon-damage-in-splash-zone/"
"EVT-IMCA-0584","UNIQUE","EVT-IMCA-0584","Unique event fingerprint","International Marine Contractors Association (IMCA)","https://www.imca-int.com/resources/safety/safety-flashes/3421-oil-leakage-from-cylinder-head-cover/"
"EVT-IMCA-0585","UNIQUE","EVT-IMCA-0585","Unique event fingerprint","International Marine Contractors Association (IMCA)","https://www.imca-int.com/resources/safety/safety-flashes/3421-msf-crankcase-failure/"
"EVT-IMCA-0586","UNIQUE","EVT-IMCA-0586","Unique event fingerprint","International Marine Contractors Association (IMCA)","https://www.imca-int.com/resources/safety/safety-flashes/3321-cyber-security-malicious-spoofing-and-phishing/"
"EVT-IMCA-0587","UNIQUE","EVT-IMCA-0587","Unique event fingerprint","International Marine Contractors Association (IMCA)","https://www.imca-int.com/resources/safety/safety-flashes/3321-watch-your-hands-person-injured-while-using-an-angle-grinder/"
"EVT-IMCA-0588","UNIQUE","EVT-IMCA-0588","Unique event fingerprint","International Marine Contractors Association (IMCA)","https://www.imca-int.com/resources/safety/safety-flashes/3321-uk-hse-employee-in-shipyard-killed-by-falling-steel-post/"
"EVT-IMCA-0589","UNIQUE","EVT-IMCA-0589","Unique event fingerprint","International Marine Contractors Association (IMCA)","https://www.imca-int.com/resources/safety/safety-flashes/3321-uhmpe-pull-in-rope-damaged-during-mooring-connection-to-buoy/"
"EVT-IMCA-0590","UNIQUE","EVT-IMCA-0590","Unique event fingerprint","International Marine Contractors Association (IMCA)","https://www.imca-int.com/resources/safety/safety-flashes/3321-crew-member-stopped-unsafe-cargo-operations/"
"EVT-IMCA-0591","UNIQUE","EVT-IMCA-0591","Unique event fingerprint","International Marine Contractors Association (IMCA)","https://www.imca-int.com/resources/safety/safety-flashes/3221-uscg-unexpected-heavy-weather-dangers/"
"EVT-IMCA-0592","UNIQUE","EVT-IMCA-0592","Unique event fingerprint","International Marine Contractors Association (IMCA)","https://www.imca-int.com/resources/safety/safety-flashes/3221-dropped-object-dislodged-flex-joint-laydown-tool-component/"
"EVT-IMCA-0593","UNIQUE","EVT-IMCA-0593","Unique event fingerprint","International Marine Contractors Association (IMCA)","https://www.imca-int.com/resources/safety/safety-flashes/3221-hydrogen-sulphide-detected-in-a-bilge-tank/"
"EVT-IMCA-0594","UNIQUE","EVT-IMCA-0594","Unique event fingerprint","International Marine Contractors Association (IMCA)","https://www.imca-int.com/resources/safety/safety-flashes/3221-use-of-damaged-electrical-equipment-by-dock-workers/"
"EVT-IMCA-0595","UNIQUE","EVT-IMCA-0595","Unique event fingerprint","International Marine Contractors Association (IMCA)","https://www.imca-int.com/resources/safety/safety-flashes/3221-vessel-ran-aground-causing-major-hull-damage/"
"EVT-IMCA-0596","UNIQUE","EVT-IMCA-0596","Unique event fingerprint","International Marine Contractors Association (IMCA)","https://www.imca-int.com/resources/safety/safety-flashes/3121-mob-person-fell-into-water-during-gangway-installation/"
"EVT-IMCA-0597","UNIQUE","EVT-IMCA-0597","Unique event fingerprint","International Marine Contractors Association (IMCA)","https://www.imca-int.com/resources/safety/safety-flashes/3121-diver-finger-injury-from-lionfish-fin-ray/"
"EVT-IMCA-0598","UNIQUE","EVT-IMCA-0598","Unique event fingerprint","International Marine Contractors Association (IMCA)","https://www.imca-int.com/resources/safety/safety-flashes/3121-fuel-oil-hose-burst-during-bunkering/"
"EVT-IMCA-0599","UNIQUE","EVT-IMCA-0599","Unique event fingerprint","International Marine Contractors Association (IMCA)","https://www.imca-int.com/resources/safety/safety-flashes/3121-shackle-failure-during-over-boarding-of-pennant-wire-and-ballast-chain/"
"EVT-IMCA-0600","UNIQUE","EVT-IMCA-0600","Unique event fingerprint","International Marine Contractors Association (IMCA)","https://www.imca-int.com/resources/safety/safety-flashes/3121-msf-dropped-object-during-cargo-discharge-operations/"
"EVT-IMCA-0601","UNIQUE","EVT-IMCA-0601","Unique event fingerprint","International Marine Contractors Association (IMCA)","https://www.imca-int.com/resources/safety/safety-flashes/3021-de-rusting-incident-resulting-in-eye-injury/"
"EVT-IMCA-0602","UNIQUE","EVT-IMCA-0602","Unique event fingerprint","International Marine Contractors Association (IMCA)","https://www.imca-int.com/resources/safety/safety-flashes/3021-msf-eye-injury-whilst-opening-paint-tin-lid/"
"EVT-IMCA-0603","UNIQUE","EVT-IMCA-0603","Unique event fingerprint","International Marine Contractors Association (IMCA)","https://www.imca-int.com/resources/safety/safety-flashes/3021-hand-pinched-between-cable-and-cable-roller-frame/"
"EVT-IMCA-0604","UNIQUE","EVT-IMCA-0604","Unique event fingerprint","International Marine Contractors Association (IMCA)","https://www.imca-int.com/resources/safety/safety-flashes/3021-failure-of-first-stage-regulator-low-pressure-lp-blanking-cap/"
"EVT-IMCA-0605","UNIQUE","EVT-IMCA-0605","Unique event fingerprint","International Marine Contractors Association (IMCA)","https://www.imca-int.com/resources/safety/safety-flashes/3021-failure-of-cobra-contents-pressure-gauge/"
"EVT-IMCA-0606","UNIQUE","EVT-IMCA-0606","Unique event fingerprint","International Marine Contractors Association (IMCA)","https://www.imca-int.com/resources/safety/safety-flashes/2921-ntsb-the-sinking-of-the-el-faro-an-illustrated-digest/"
"EVT-IMCA-0607","UNIQUE","EVT-IMCA-0607","Unique event fingerprint","International Marine Contractors Association (IMCA)","https://www.imca-int.com/resources/safety/safety-flashes/2921-unexpected-movement-of-conductor-during-diver-dredging-operations/"
"EVT-IMCA-0608","UNIQUE","EVT-IMCA-0608","Unique event fingerprint","International Marine Contractors Association (IMCA)","https://www.imca-int.com/resources/safety/safety-flashes/2921-defective-embarkation-ladder-quarantined-a-reminder/"
"EVT-IMCA-0609","UNIQUE","EVT-IMCA-0609","Unique event fingerprint","International Marine Contractors Association (IMCA)","https://www.imca-int.com/resources/safety/safety-flashes/2921-uscg-corrosion-causing-structural-failure-on-accommodation-ladders/"
"EVT-IMCA-0610","UNIQUE","EVT-IMCA-0610","Unique event fingerprint","International Marine Contractors Association (IMCA)","https://www.imca-int.com/resources/safety/safety-flashes/2921-uk-hse-lubrication-of-circuit-breakers-safety-notice/"
"EVT-IMCA-0611","UNIQUE","EVT-IMCA-0611","Unique event fingerprint","International Marine Contractors Association (IMCA)","https://www.imca-int.com/resources/safety/safety-flashes/2821-portable-electrical-equipment-serious-fire-in-the-accommodation/"
"EVT-IMCA-0612","UNIQUE","EVT-IMCA-0612","Unique event fingerprint","International Marine Contractors Association (IMCA)","https://www.imca-int.com/resources/safety/safety-flashes/2821-rope-under-tension-parted-on-deck/"
"EVT-IMCA-0613","UNIQUE","EVT-IMCA-0613","Unique event fingerprint","International Marine Contractors Association (IMCA)","https://www.imca-int.com/resources/safety/safety-flashes/2821-line-of-fire-near-miss-almost-a-head-injury/"
"EVT-IMCA-0614","UNIQUE","EVT-IMCA-0614","Unique event fingerprint","International Marine Contractors Association (IMCA)","https://www.imca-int.com/resources/safety/safety-flashes/2821-unsafe-personnel-transfer-man-overboard/"
"EVT-IMCA-0615","UNIQUE","EVT-IMCA-0615","Unique event fingerprint","International Marine Contractors Association (IMCA)","https://www.imca-int.com/resources/safety/safety-flashes/2821-shortened-lanyard-on-mob-beacon/"
"EVT-IMCA-0616","UNIQUE","EVT-IMCA-0616","Unique event fingerprint","International Marine Contractors Association (IMCA)","https://www.imca-int.com/resources/safety/safety-flashes/2721-serious-incident-topsides-started-swinging-during-lifting/"
"EVT-IMCA-0617","UNIQUE","EVT-IMCA-0617","Unique event fingerprint","International Marine Contractors Association (IMCA)","https://www.imca-int.com/resources/safety/safety-flashes/2721-maib-crush-fatality-during-lifting-operations/"
"EVT-IMCA-0618","UNIQUE","EVT-IMCA-0618","Unique event fingerprint","International Marine Contractors Association (IMCA)","https://www.imca-int.com/resources/safety/safety-flashes/2721-snagged-load-a-sling-snaps-dropped-objects-persons-injured/"
"EVT-IMCA-0619","UNIQUE","EVT-IMCA-0619","Unique event fingerprint","International Marine Contractors Association (IMCA)","https://www.imca-int.com/resources/safety/safety-flashes/2721-lti-three-fingers-badly-cut-while-handling-a-long-brass-bar/"
"EVT-IMCA-0620","UNIQUE","EVT-IMCA-0620","Unique event fingerprint","International Marine Contractors Association (IMCA)","https://www.imca-int.com/resources/safety/safety-flashes/2721-ntsb-collision-leading-to-loss-of-life-and-damage/"
"EVT-IMCA-0621","UNIQUE","EVT-IMCA-0621","Unique event fingerprint","International Marine Contractors Association (IMCA)","https://www.imca-int.com/resources/safety/safety-flashes/2621-msf-hand-injury-sustained-during-routine-checks/"
"EVT-IMCA-0622","UNIQUE","EVT-IMCA-0622","Unique event fingerprint","International Marine Contractors Association (IMCA)","https://www.imca-int.com/resources/safety/safety-flashes/2621-electrician-suffered-flash-burn-to-hand/"
"EVT-IMCA-0623","UNIQUE","EVT-IMCA-0623","Unique event fingerprint","International Marine Contractors Association (IMCA)","https://www.imca-int.com/resources/safety/safety-flashes/2621-failure-of-in-service-saturation-bailout-bottle/"
"EVT-IMCA-0624","UNIQUE","EVT-IMCA-0624","Unique event fingerprint","International Marine Contractors Association (IMCA)","https://www.imca-int.com/resources/safety/safety-flashes/2621-stuck-emergency-hatch-freed/"
"EVT-IMCA-0625","UNIQUE","EVT-IMCA-0625","Unique event fingerprint","International Marine Contractors Association (IMCA)","https://www.imca-int.com/resources/safety/safety-flashes/2621-uk-hse-employee-scalped-when-hair-trapped-in-a-pillar-drill/"
"EVT-IMCA-0626","UNIQUE","EVT-IMCA-0626","Unique event fingerprint","International Marine Contractors Association (IMCA)","https://www.imca-int.com/resources/safety/safety-flashes/2621-ntsb-safer-seas-digest-2020/"
"EVT-IMCA-0627","UNIQUE","EVT-IMCA-0627","Unique event fingerprint","International Marine Contractors Association (IMCA)","https://www.imca-int.com/resources/safety/safety-flashes/2521-yawing-of-wind-turbine-nacelle-placed-ship-in-line-of-fire/"
"EVT-IMCA-0628","UNIQUE","EVT-IMCA-0628","Unique event fingerprint","International Marine Contractors Association (IMCA)","https://www.imca-int.com/resources/safety/safety-flashes/2521-failed-lifting-equipment-fatality-during-pipe-erection-activities/"
"EVT-IMCA-0629","UNIQUE","EVT-IMCA-0629","Unique event fingerprint","International Marine Contractors Association (IMCA)","https://www.imca-int.com/resources/safety/safety-flashes/2521-uk-hse-employee-fatally-injured-while-moving-heavy-equipment/"
"EVT-IMCA-0630","UNIQUE","EVT-IMCA-0630","Unique event fingerprint","International Marine Contractors Association (IMCA)","https://www.imca-int.com/resources/safety/safety-flashes/2521-lti-person-injured-when-hook-parted-during-lifting-operations/"
"EVT-IMCA-0631","UNIQUE","EVT-IMCA-0631","Unique event fingerprint","International Marine Contractors Association (IMCA)","https://www.imca-int.com/resources/safety/safety-flashes/2421-damaged-electrical-cable/"
"EVT-IMCA-0632","UNIQUE","EVT-IMCA-0632","Unique event fingerprint","International Marine Contractors Association (IMCA)","https://www.imca-int.com/resources/safety/safety-flashes/2421-uk-hse-poorly-maintained-electrical-installation-caused-fatality/"
"EVT-IMCA-0633","UNIQUE","EVT-IMCA-0633","Unique event fingerprint","International Marine Contractors Association (IMCA)","https://www.imca-int.com/resources/safety/safety-flashes/2421-near-miss-damaged-rig-hose/"
"EVT-IMCA-0634","UNIQUE","EVT-IMCA-0634","Unique event fingerprint","International Marine Contractors Association (IMCA)","https://www.imca-int.com/resources/safety/safety-flashes/2421-wrong-key-for-the-co2-room/"
"EVT-IMCA-0635","UNIQUE","EVT-IMCA-0635","Unique event fingerprint","International Marine Contractors Association (IMCA)","https://www.imca-int.com/resources/safety/safety-flashes/2421-condition-of-fire-fighting-installation-and-equipment/"
"EVT-IMCA-0636","UNIQUE","EVT-IMCA-0636","Unique event fingerprint","International Marine Contractors Association (IMCA)","https://www.imca-int.com/resources/safety/safety-flashes/2521-what-are-audits-for-some-ecmid-findings/"
"EVT-IMCA-0637","UNIQUE","EVT-IMCA-0637","Unique event fingerprint","International Marine Contractors Association (IMCA)","https://www.imca-int.com/resources/safety/safety-flashes/2321-lifting-complex-loads-offloading-third-party-equipment/"
"EVT-IMCA-0638","UNIQUE","EVT-IMCA-0638","Unique event fingerprint","International Marine Contractors Association (IMCA)","https://www.imca-int.com/resources/safety/safety-flashes/2321-dropped-object-unexpected-release-of-spool/"
"EVT-IMCA-0639","UNIQUE","EVT-IMCA-0639","Unique event fingerprint","International Marine Contractors Association (IMCA)","https://www.imca-int.com/resources/safety/safety-flashes/2321-nopsema-person-injured-in-chain-hoist-incident/"
"EVT-IMCA-0640","UNIQUE","EVT-IMCA-0640","Unique event fingerprint","International Marine Contractors Association (IMCA)","https://www.imca-int.com/resources/safety/safety-flashes/2321-crane-contact-with-pipelay-tower-resulting-in-dropped-object/"
"EVT-IMCA-0641","UNIQUE","EVT-IMCA-0641","Unique event fingerprint","International Marine Contractors Association (IMCA)","https://www.imca-int.com/resources/safety/safety-flashes/2321-lti-ankle-injury-caused-during-lifting-operation/"
"EVT-IMCA-0642","UNIQUE","EVT-IMCA-0642","Unique event fingerprint","International Marine Contractors Association (IMCA)","https://www.imca-int.com/resources/safety/safety-flashes/2221-us-coast-guard-wire-rope-terminations/"
"EVT-IMCA-0643","UNIQUE","EVT-IMCA-0643","Unique event fingerprint","International Marine Contractors Association (IMCA)","https://www.imca-int.com/resources/safety/safety-flashes/2221-step-change-in-safety-major-accident-hazard-mah-awareness/"
"EVT-IMCA-0644","UNIQUE","EVT-IMCA-0644","Unique event fingerprint","International Marine Contractors Association (IMCA)","https://www.imca-int.com/resources/safety/safety-flashes/2221-uk-hse-oil-company-fined-for-hydrocarbon-release-lack-of-written-procedures/"
"EVT-IMCA-0645","UNIQUE","EVT-IMCA-0645","Unique event fingerprint","International Marine Contractors Association (IMCA)","https://www.imca-int.com/resources/safety/safety-flashes/2221-all-of-a-sudden-this-is-not-a-drill-person-injured-during-a-drill/"
"EVT-IMCA-0646","UNIQUE","EVT-IMCA-0646","Unique event fingerprint","International Marine Contractors Association (IMCA)","https://www.imca-int.com/resources/safety/safety-flashes/2221-wear-a-life-jacket-maib/"
"EVT-IMCA-0647","UNIQUE","EVT-IMCA-0647","Unique event fingerprint","International Marine Contractors Association (IMCA)","https://www.imca-int.com/resources/safety/safety-flashes/2121-cobra-bailout-system-guidance-note/"
"EVT-IMCA-0648","UNIQUE","EVT-IMCA-0648","Unique event fingerprint","International Marine Contractors Association (IMCA)","https://www.imca-int.com/resources/safety/safety-flashes/2121-acetylene-quad-fire-on-quayside/"
"EVT-IMCA-0649","UNIQUE","EVT-IMCA-0649","Unique event fingerprint","International Marine Contractors Association (IMCA)","https://www.imca-int.com/resources/safety/safety-flashes/2121-descending-stairs-safely/"
"EVT-IMCA-0650","UNIQUE","EVT-IMCA-0650","Unique event fingerprint","International Marine Contractors Association (IMCA)","https://www.imca-int.com/resources/safety/safety-flashes/2121-maib-grounding-of-general-cargo-vessel-kaami/"
"EVT-IMCA-0651","UNIQUE","EVT-IMCA-0651","Unique event fingerprint","International Marine Contractors Association (IMCA)","https://www.imca-int.com/resources/safety/safety-flashes/2121-fault-in-high-voltage-equipment/"
"EVT-IMCA-0652","UNIQUE","EVT-IMCA-0652","Unique event fingerprint","International Marine Contractors Association (IMCA)","https://www.imca-int.com/resources/safety/safety-flashes/2021-failure-of-dive-chamber-overhead-door-centre-pin/"
"EVT-IMCA-0653","UNIQUE","EVT-IMCA-0653","Unique event fingerprint","International Marine Contractors Association (IMCA)","https://www.imca-int.com/resources/safety/safety-flashes/2021-hse-catastrophic-failure-of-marine-loading-arm/"
"EVT-IMCA-0654","UNIQUE","EVT-IMCA-0654","Unique event fingerprint","International Marine Contractors Association (IMCA)","https://www.imca-int.com/resources/safety/safety-flashes/2021-wsh-two-workers-passed-out-and-died-in-a-dredgers-ballast-tank/"
"EVT-IMCA-0655","UNIQUE","EVT-IMCA-0655","Unique event fingerprint","International Marine Contractors Association (IMCA)","https://www.imca-int.com/resources/safety/safety-flashes/2021-maib-fatality-during-transfer-from-a-workboat-to-a-barge/"
"EVT-IMCA-0656","UNIQUE","EVT-IMCA-0656","Unique event fingerprint","International Marine Contractors Association (IMCA)","https://www.imca-int.com/resources/safety/safety-flashes/2021-hse-allergic-reaction-at-work/"
"EVT-IMCA-0657","UNIQUE","EVT-IMCA-0657","Unique event fingerprint","International Marine Contractors Association (IMCA)","https://www.imca-int.com/resources/safety/safety-flashes/1921-overheated-transformer-activated-fire-alarm/"
"EVT-IMCA-0658","UNIQUE","EVT-IMCA-0658","Unique event fingerprint","International Marine Contractors Association (IMCA)","https://www.imca-int.com/resources/safety/safety-flashes/1921-mains-extension-melted-not-fully-paid-out/"
"EVT-IMCA-0659","UNIQUE","EVT-IMCA-0659","Unique event fingerprint","International Marine Contractors Association (IMCA)","https://www.imca-int.com/resources/safety/safety-flashes/1921-catering-crew-unfamiliar-with-firefighting-systems-and-emergency-stops/"
"EVT-IMCA-0660","UNIQUE","EVT-IMCA-0660","Unique event fingerprint","International Marine Contractors Association (IMCA)","https://www.imca-int.com/resources/safety/safety-flashes/1921-incidents-relating-to-hatches-and-doors/"
"EVT-IMCA-0661","UNIQUE","EVT-IMCA-0661","Unique event fingerprint","International Marine Contractors Association (IMCA)","https://www.imca-int.com/resources/safety/safety-flashes/1921-msf-cut-hand-whilst-cleaning-hand-safety/"
"EVT-IMCA-0662","UNIQUE","EVT-IMCA-0662","Unique event fingerprint","International Marine Contractors Association (IMCA)","https://www.imca-int.com/resources/safety/safety-flashes/1721-lifting-frame-detached-from-fast-rescue-craft-frc/"
"EVT-IMCA-0663","UNIQUE","EVT-IMCA-0663","Unique event fingerprint","International Marine Contractors Association (IMCA)","https://www.imca-int.com/resources/safety/safety-flashes/1721-failure-of-egs-valve-stem-on-dive-helmet/"
"EVT-IMCA-0664","UNIQUE","EVT-IMCA-0664","Unique event fingerprint","International Marine Contractors Association (IMCA)","https://www.imca-int.com/resources/safety/safety-flashes/1721-dropped-object-during-lifting-operations/"
"EVT-IMCA-0665","UNIQUE","EVT-IMCA-0665","Unique event fingerprint","International Marine Contractors Association (IMCA)","https://www.imca-int.com/resources/safety/safety-flashes/1721-msf-potential-dropped-object/"
"EVT-IMCA-0666","UNIQUE","EVT-IMCA-0666","Unique event fingerprint","International Marine Contractors Association (IMCA)","https://www.imca-int.com/resources/safety/safety-flashes/1721-dropped-object-door-detached-from-tms-during-dive/"
"EVT-IMCA-0667","UNIQUE","EVT-IMCA-0667","Unique event fingerprint","International Marine Contractors Association (IMCA)","https://www.imca-int.com/resources/safety/safety-flashes/1621-fatality-explosive-failure-of-corroded-fire-extinguisher/"
"EVT-IMCA-0668","UNIQUE","EVT-IMCA-0668","Unique event fingerprint","International Marine Contractors Association (IMCA)","https://www.imca-int.com/resources/safety/safety-flashes/1621-msf-tank-corrosion/"
"EVT-IMCA-0669","UNIQUE","EVT-IMCA-0669","Unique event fingerprint","International Marine Contractors Association (IMCA)","https://www.imca-int.com/resources/safety/safety-flashes/1621-ntsb-fire-on-laid-up-dive-support-vessel/"
"EVT-IMCA-0670","UNIQUE","EVT-IMCA-0670","Unique event fingerprint","International Marine Contractors Association (IMCA)","https://www.imca-int.com/resources/safety/safety-flashes/1621-inadvertently-drinking-hazardous-substances/"
"EVT-IMCA-0671","UNIQUE","EVT-IMCA-0671","Unique event fingerprint","International Marine Contractors Association (IMCA)","https://www.imca-int.com/resources/safety/safety-flashes/1621-msf-engine-damage-after-routine-maintenance/"
"EVT-IMCA-0672","UNIQUE","EVT-IMCA-0672","Unique event fingerprint","International Marine Contractors Association (IMCA)","https://www.imca-int.com/resources/safety/safety-flashes/1521-lti-hand-injury-during-diving-operations/"
"EVT-IMCA-0673","UNIQUE","EVT-IMCA-0673","Unique event fingerprint","International Marine Contractors Association (IMCA)","https://www.imca-int.com/resources/safety/safety-flashes/1521-learning-outcomes-from-a-real-time-diver-recovery/"
"EVT-IMCA-0674","UNIQUE","EVT-IMCA-0674","Unique event fingerprint","International Marine Contractors Association (IMCA)","https://www.imca-int.com/resources/safety/safety-flashes/1521-uk-hse-employee-in-a-port-suffers-life-changing-injuries-in-clamp-truck-incident/"
"EVT-IMCA-0675","UNIQUE","EVT-IMCA-0675","Unique event fingerprint","International Marine Contractors Association (IMCA)","https://www.imca-int.com/resources/safety/safety-flashes/1521-inhalation-of-toxic-fumes-during-hot-work/"
"EVT-IMCA-0676","UNIQUE","EVT-IMCA-0676","Unique event fingerprint","International Marine Contractors Association (IMCA)","https://www.imca-int.com/resources/safety/safety-flashes/1521-uk-hse-worker-fatally-injured-in-oil-drum-explosion/"
"EVT-IMCA-0677","UNIQUE","EVT-IMCA-0677","Unique event fingerprint","International Marine Contractors Association (IMCA)","https://www.imca-int.com/resources/safety/safety-flashes/1421-floodlight-dropped-to-deck-corrosion/"
"EVT-IMCA-0678","UNIQUE","EVT-IMCA-0678","Unique event fingerprint","International Marine Contractors Association (IMCA)","https://www.imca-int.com/resources/safety/safety-flashes/1421-maib-anchor-failures/"
"EVT-IMCA-0679","UNIQUE","EVT-IMCA-0679","Unique event fingerprint","International Marine Contractors Association (IMCA)","https://www.imca-int.com/resources/safety/safety-flashes/1421-injuries-sustained-during-maintenance-worker-positioning/"
"EVT-IMCA-0680","UNIQUE","EVT-IMCA-0680","Unique event fingerprint","International Marine Contractors Association (IMCA)","https://www.imca-int.com/resources/safety/safety-flashes/1421-britannia-pi-club-double-fatality-resulting-from-confined-space-entry/"
"EVT-IMCA-0681","UNIQUE","EVT-IMCA-0681","Unique event fingerprint","International Marine Contractors Association (IMCA)","https://www.imca-int.com/resources/safety/safety-flashes/1421-crew-member-thrown-to-the-quay-by-unplanned-movement-of-small-boat/"
"EVT-IMCA-0682","UNIQUE","EVT-IMCA-0682","Unique event fingerprint","International Marine Contractors Association (IMCA)","https://www.imca-int.com/resources/safety/safety-flashes/1321-uk-maib-safety-digest-lessons-from-marine-accident-reports-12021/"
"EVT-IMCA-0683","UNIQUE","EVT-IMCA-0683","Unique event fingerprint","International Marine Contractors Association (IMCA)","https://www.imca-int.com/resources/safety/safety-flashes/1321-chirp-maritime-annual-digest-for-2020/"
"EVT-IMCA-0684","UNIQUE","EVT-IMCA-0684","Unique event fingerprint","International Marine Contractors Association (IMCA)","https://www.imca-int.com/resources/safety/safety-flashes/1321-leg-injury-when-struck-by-rebounding-hammer/"
"EVT-IMCA-0685","UNIQUE","EVT-IMCA-0685","Unique event fingerprint","International Marine Contractors Association (IMCA)","https://www.imca-int.com/resources/safety/safety-flashes/1321-swedish-club-lessons-learned-crew-member-loses-leg-in-mooring-injury/"
"EVT-IMCA-0686","UNIQUE","EVT-IMCA-0686","Unique event fingerprint","International Marine Contractors Association (IMCA)","https://www.imca-int.com/resources/safety/safety-flashes/1321-two-injuries/"
"EVT-IMCA-0687","UNIQUE","EVT-IMCA-0687","Unique event fingerprint","International Marine Contractors Association (IMCA)","https://www.imca-int.com/resources/safety/safety-flashes/1221-update-to-sf-0821-fatality-person-crushed-when-secured-material-fell-on-him/"
"EVT-IMCA-0688","UNIQUE","EVT-IMCA-0688","Unique event fingerprint","International Marine Contractors Association (IMCA)","https://www.imca-int.com/resources/safety/safety-flashes/1221-only-a-centimetre-an-emergency-exit-hatch-blocked-by-mooring-ropes/"
"EVT-IMCA-0689","UNIQUE","EVT-IMCA-0689","Unique event fingerprint","International Marine Contractors Association (IMCA)","https://www.imca-int.com/resources/safety/safety-flashes/1221-potential-dropped-object-from-container/"
"EVT-IMCA-0690","UNIQUE","EVT-IMCA-0690","Unique event fingerprint","International Marine Contractors Association (IMCA)","https://www.imca-int.com/resources/safety/safety-flashes/1221-msf-wearing-and-storage-of-eye-protection/"
"EVT-IMCA-0691","UNIQUE","EVT-IMCA-0691","Unique event fingerprint","International Marine Contractors Association (IMCA)","https://www.imca-int.com/resources/safety/safety-flashes/1221-malaria-hasn-t-gone-away/"
"EVT-IMCA-0692","UNIQUE","EVT-IMCA-0692","Unique event fingerprint","International Marine Contractors Association (IMCA)","https://www.imca-int.com/resources/safety/safety-flashes/1121-maib-engine-failure-and-subsequent-fire/"
"EVT-IMCA-0693","UNIQUE","EVT-IMCA-0693","Unique event fingerprint","International Marine Contractors Association (IMCA)","https://www.imca-int.com/resources/safety/safety-flashes/1121-bsee-crewman-fell-to-his-death-through-faulty-grating/"
"EVT-IMCA-0694","UNIQUE","EVT-IMCA-0694","Unique event fingerprint","International Marine Contractors Association (IMCA)","https://www.imca-int.com/resources/safety/safety-flashes/1121-mooring-increase-in-first-aid-cases-involving-over-exertion/"
"EVT-IMCA-0695","UNIQUE","EVT-IMCA-0695","Unique event fingerprint","International Marine Contractors Association (IMCA)","https://www.imca-int.com/resources/safety/safety-flashes/1121-hand-injury-from-falling-object-during-lifting-operations/"
"EVT-IMCA-0696","UNIQUE","EVT-IMCA-0696","Unique event fingerprint","International Marine Contractors Association (IMCA)","https://www.imca-int.com/resources/safety/safety-flashes/1121-life-raft-dropped-to-the-jetty/"
"EVT-IMCA-0697","UNIQUE","EVT-IMCA-0697","Unique event fingerprint","International Marine Contractors Association (IMCA)","https://www.imca-int.com/resources/safety/safety-flashes/1021-near-miss-vessel-approach-to-wind-turbine-tower/"
"EVT-IMCA-0698","UNIQUE","EVT-IMCA-0698","Unique event fingerprint","International Marine Contractors Association (IMCA)","https://www.imca-int.com/resources/safety/safety-flashes/1021-dropped-0bject-crane-auxiliary-block-dropped-from-crane-boom/"
"EVT-IMCA-0699","UNIQUE","EVT-IMCA-0699","Unique event fingerprint","International Marine Contractors Association (IMCA)","https://www.imca-int.com/resources/safety/safety-flashes/1021-shipyard-worker-receives-electrical-shock/"
"EVT-IMCA-0700","UNIQUE","EVT-IMCA-0700","Unique event fingerprint","International Marine Contractors Association (IMCA)","https://www.imca-int.com/resources/safety/safety-flashes/1021-simops-smoke-from-hot-work-task-enters-confined-space/"
"EVT-IMCA-0701","UNIQUE","EVT-IMCA-0701","Unique event fingerprint","International Marine Contractors Association (IMCA)","https://www.imca-int.com/resources/safety/safety-flashes/1021-lti-during-deck-cargo-operations/"
"EVT-IMCA-0702","UNIQUE","EVT-IMCA-0702","Unique event fingerprint","International Marine Contractors Association (IMCA)","https://www.imca-int.com/resources/safety/safety-flashes/0921-dropped-object-during-crane-operations/"
"EVT-IMCA-0703","UNIQUE","EVT-IMCA-0703","Unique event fingerprint","International Marine Contractors Association (IMCA)","https://www.imca-int.com/resources/safety/safety-flashes/0921-dropped-object-steel-deck-plate-falls-from-pipelay-tower/"
"EVT-IMCA-0704","UNIQUE","EVT-IMCA-0704","Unique event fingerprint","International Marine Contractors Association (IMCA)","https://www.imca-int.com/resources/safety/safety-flashes/0921-incorrect-measurement-and-markings-on-divers-umbilical/"
"EVT-IMCA-0705","UNIQUE","EVT-IMCA-0705","Unique event fingerprint","International Marine Contractors Association (IMCA)","https://www.imca-int.com/resources/safety/safety-flashes/0921-case-study-lone-watchkeeping-grounding-at-night/"
"EVT-IMCA-0706","UNIQUE","EVT-IMCA-0706","Unique event fingerprint","International Marine Contractors Association (IMCA)","https://www.imca-int.com/resources/safety/safety-flashes/0921-engineer-suffered-burn-injuries-in-engine-room-incident/"
"EVT-IMCA-0707","UNIQUE","EVT-IMCA-0707","Unique event fingerprint","International Marine Contractors Association (IMCA)","https://www.imca-int.com/resources/safety/safety-flashes/0821-fatality-person-crushed-when-secured-material-fell-on-him/"
"EVT-IMCA-0708","UNIQUE","EVT-IMCA-0708","Unique event fingerprint","International Marine Contractors Association (IMCA)","https://www.imca-int.com/resources/safety/safety-flashes/0821-crane-wire-parted-during-offshore-operations/"
"EVT-IMCA-0709","UNIQUE","EVT-IMCA-0709","Unique event fingerprint","International Marine Contractors Association (IMCA)","https://www.imca-int.com/resources/safety/safety-flashes/0821-tumble-dryer-fire-lint-ignition/"
"EVT-IMCA-0710","UNIQUE","EVT-IMCA-0710","Unique event fingerprint","International Marine Contractors Association (IMCA)","https://www.imca-int.com/resources/safety/safety-flashes/0821-electric-shock-due-to-water-in-electrical-equipment/"
"EVT-IMCA-0711","UNIQUE","EVT-IMCA-0711","Unique event fingerprint","International Marine Contractors Association (IMCA)","https://www.imca-int.com/resources/safety/safety-flashes/0821-msf-air-cylinder-failure-in-lifeboat/"
"EVT-IMCA-0712","UNIQUE","EVT-IMCA-0712","Unique event fingerprint","International Marine Contractors Association (IMCA)","https://www.imca-int.com/resources/safety/safety-flashes/0721-three-man-overboard-fatalities/"
"EVT-IMCA-0713","UNIQUE","EVT-IMCA-0713","Unique event fingerprint","International Marine Contractors Association (IMCA)","https://www.imca-int.com/resources/safety/safety-flashes/0721-bypassing-safety-controls-violation-of-working-at-height-requirements/"
"EVT-IMCA-0714","UNIQUE","EVT-IMCA-0714","Unique event fingerprint","International Marine Contractors Association (IMCA)","https://www.imca-int.com/resources/safety/safety-flashes/0721-line-of-fire-deck-tugger-wire-failure/"
"EVT-IMCA-0715","UNIQUE","EVT-IMCA-0715","Unique event fingerprint","International Marine Contractors Association (IMCA)","https://www.imca-int.com/resources/safety/safety-flashes/0721-failure-of-natural-fibre-rope-in-embarkation-ladder/"
"EVT-IMCA-0716","UNIQUE","EVT-IMCA-0716","Unique event fingerprint","International Marine Contractors Association (IMCA)","https://www.imca-int.com/resources/safety/safety-flashes/0721-vessel-hull-damage-due-to-quayside-contact/"
"EVT-IMCA-0717","UNIQUE","EVT-IMCA-0717","Unique event fingerprint","International Marine Contractors Association (IMCA)","https://www.imca-int.com/resources/safety/safety-flashes/0621-disabled-audible-alarm-on-fire-alarm-panel/"
"EVT-IMCA-0718","UNIQUE","EVT-IMCA-0718","Unique event fingerprint","International Marine Contractors Association (IMCA)","https://www.imca-int.com/resources/safety/safety-flashes/0621-inappropriate-use-of-pneumatic-line-thrower-for-mooring-line/"
"EVT-IMCA-0719","UNIQUE","EVT-IMCA-0719","Unique event fingerprint","International Marine Contractors Association (IMCA)","https://www.imca-int.com/resources/safety/safety-flashes/0621-issues-relating-to-coronavirus-management/"
"EVT-IMCA-0720","UNIQUE","EVT-IMCA-0720","Unique event fingerprint","International Marine Contractors Association (IMCA)","https://www.imca-int.com/resources/safety/safety-flashes/0621-lead-acid-battery-explosion/"
"EVT-IMCA-0721","UNIQUE","EVT-IMCA-0721","Unique event fingerprint","International Marine Contractors Association (IMCA)","https://www.imca-int.com/resources/safety/safety-flashes/0621-sludge-accumulation-in-fresh-water-tank/"
"EVT-IMCA-0722","UNIQUE","EVT-IMCA-0722","Unique event fingerprint","International Marine Contractors Association (IMCA)","https://www.imca-int.com/resources/safety/safety-flashes/0621-maib-fatal-accident-during-cargo-operations-on-karina-c/"
"EVT-IMCA-0723","UNIQUE","EVT-IMCA-0723","Unique event fingerprint","International Marine Contractors Association (IMCA)","https://www.imca-int.com/resources/safety/safety-flashes/0521-service-letter-from-palfinger-marine-relating-to-davit-types-npd-11300h-and-npd-14800h/"
"EVT-IMCA-0724","UNIQUE","EVT-IMCA-0724","Unique event fingerprint","International Marine Contractors Association (IMCA)","https://www.imca-int.com/resources/safety/safety-flashes/0521-rigging-failure-during-riser-recovery-soft-slings-parted/"
"EVT-IMCA-0725","UNIQUE","EVT-IMCA-0725","Unique event fingerprint","International Marine Contractors Association (IMCA)","https://www.imca-int.com/resources/safety/safety-flashes/0521-failure-of-remote-controlemergency-stop-on-rescue-boat-winch/"
"EVT-IMCA-0726","UNIQUE","EVT-IMCA-0726","Unique event fingerprint","International Marine Contractors Association (IMCA)","https://www.imca-int.com/resources/safety/safety-flashes/0521-msf-near-miss-potential-dropped-object-found-on-bundle-of-casing/"
"EVT-IMCA-0727","UNIQUE","EVT-IMCA-0727","Unique event fingerprint","International Marine Contractors Association (IMCA)","https://www.imca-int.com/resources/safety/safety-flashes/0521-crane-whip-line-parted-during-hook-stop-testing/"
"EVT-IMCA-0728","UNIQUE","EVT-IMCA-0728","Unique event fingerprint","International Marine Contractors Association (IMCA)","https://www.imca-int.com/resources/safety/safety-flashes/0421-hand-injury-when-caught-in-machinery/"
"EVT-IMCA-0729","UNIQUE","EVT-IMCA-0729","Unique event fingerprint","International Marine Contractors Association (IMCA)","https://www.imca-int.com/resources/safety/safety-flashes/0421-injury-to-fingers-during-grinding-activity/"
"EVT-IMCA-0730","UNIQUE","EVT-IMCA-0730","Unique event fingerprint","International Marine Contractors Association (IMCA)","https://www.imca-int.com/resources/safety/safety-flashes/0421-lti-stored-energy-rigger-injured-leg-working-on-quayside/"
"EVT-IMCA-0731","UNIQUE","EVT-IMCA-0731","Unique event fingerprint","International Marine Contractors Association (IMCA)","https://www.imca-int.com/resources/safety/safety-flashes/0421-two-incidents-relating-to-the-condition-of-personal-protective-equipment/"
"EVT-IMCA-0732","UNIQUE","EVT-IMCA-0732","Unique event fingerprint","International Marine Contractors Association (IMCA)","https://www.imca-int.com/resources/safety/safety-flashes/0421-covid-19-improper-risk-management/"
"EVT-IMCA-0733","UNIQUE","EVT-IMCA-0733","Unique event fingerprint","International Marine Contractors Association (IMCA)","https://www.imca-int.com/resources/safety/safety-flashes/0321-dutch-safety-board-fatality-when-mooring-line-snapped/"
"EVT-IMCA-0734","UNIQUE","EVT-IMCA-0734","Unique event fingerprint","International Marine Contractors Association (IMCA)","https://www.imca-int.com/resources/safety/safety-flashes/0321-near-miss-uncontrolled-movement-of-mooring-chain/"
"EVT-IMCA-0735","UNIQUE","EVT-IMCA-0735","Unique event fingerprint","International Marine Contractors Association (IMCA)","https://www.imca-int.com/resources/safety/safety-flashes/0321-lifeboat-wire-rope-failure/"
"EVT-IMCA-0736","UNIQUE","EVT-IMCA-0736","Unique event fingerprint","International Marine Contractors Association (IMCA)","https://www.imca-int.com/resources/safety/safety-flashes/0321-vessel-near-miss-with-wellhead/"
"EVT-IMCA-0737","UNIQUE","EVT-IMCA-0737","Unique event fingerprint","International Marine Contractors Association (IMCA)","https://www.imca-int.com/resources/safety/safety-flashes/0321-positive-vessel-improvements-made-following-a-man-overboard-incident/"
"EVT-IMCA-0738","UNIQUE","EVT-IMCA-0738","Unique event fingerprint","International Marine Contractors Association (IMCA)","https://www.imca-int.com/resources/safety/safety-flashes/0221-ntsb-overturning-of-the-liftboat-kristin-faye/"
"EVT-IMCA-0739","UNIQUE","EVT-IMCA-0739","Unique event fingerprint","International Marine Contractors Association (IMCA)","https://www.imca-int.com/resources/safety/safety-flashes/0221-stop-work-authority-enforced-unsafe-conditions-no-appropriate-lifting-gear-available/"
"EVT-IMCA-0740","UNIQUE","EVT-IMCA-0740","Unique event fingerprint","International Marine Contractors Association (IMCA)","https://www.imca-int.com/resources/safety/safety-flashes/0221-secured-material-fell-against-crewman-causing-injury/"
"EVT-IMCA-0741","UNIQUE","EVT-IMCA-0741","Unique event fingerprint","International Marine Contractors Association (IMCA)","https://www.imca-int.com/resources/safety/safety-flashes/0221-ntsb-flooding-sinking-and-loss-of-tugboat-mangilao/"
"EVT-IMCA-0742","UNIQUE","EVT-IMCA-0742","Unique event fingerprint","International Marine Contractors Association (IMCA)","https://www.imca-int.com/resources/safety/safety-flashes/0221-msf-cargo-snagging/"
"EVT-IMCA-0743","UNIQUE","EVT-IMCA-0743","Unique event fingerprint","International Marine Contractors Association (IMCA)","https://www.imca-int.com/resources/safety/safety-flashes/3420-lti-incident-crew-struck-by-cargo-during-lifting-operations/"
"EVT-IMCA-0744","UNIQUE","EVT-IMCA-0744","Unique event fingerprint","International Marine Contractors Association (IMCA)","https://www.imca-int.com/resources/safety/safety-flashes/3420-serious-lti-deck-crew-member-struck-by-termination-headflexible/"
"EVT-IMCA-0745","UNIQUE","EVT-IMCA-0745","Unique event fingerprint","International Marine Contractors Association (IMCA)","https://www.imca-int.com/resources/safety/safety-flashes/3420-lti-person-injured-by-a-battery-explosion-on-vessel-deck/"
"EVT-IMCA-0746","UNIQUE","EVT-IMCA-0746","Unique event fingerprint","International Marine Contractors Association (IMCA)","https://www.imca-int.com/resources/safety/safety-flashes/3420-unexpected-truck-movement-caused-rigger-to-fall-off-a-ladder/"
"EVT-IMCA-0747","UNIQUE","EVT-IMCA-0747","Unique event fingerprint","International Marine Contractors Association (IMCA)","https://www.imca-int.com/resources/safety/safety-flashes/3420-broken-finger-during-rov-maintenance/"
"EVT-IMCA-0748","UNIQUE","EVT-IMCA-0748","Unique event fingerprint","International Marine Contractors Association (IMCA)","https://www.imca-int.com/resources/safety/safety-flashes/3420-how-ppe-works-a-reminder/"
"EVT-IMCA-0749","UNIQUE","EVT-IMCA-0749","Unique event fingerprint","International Marine Contractors Association (IMCA)","https://www.imca-int.com/resources/safety/safety-flashes/3320-uk-hse-fatal-incident-using-high-pressure-water-jetting-equipment/"
"EVT-IMCA-0750","UNIQUE","EVT-IMCA-0750","Unique event fingerprint","International Marine Contractors Association (IMCA)","https://www.imca-int.com/resources/safety/safety-flashes/3320-air-cylinders-differences-in-working-pressure-and-valve-types/"
"EVT-IMCA-0751","UNIQUE","EVT-IMCA-0751","Unique event fingerprint","International Marine Contractors Association (IMCA)","https://www.imca-int.com/resources/safety/safety-flashes/3320-man-overboard-incident-not-fatal/"
"EVT-IMCA-0752","UNIQUE","EVT-IMCA-0752","Unique event fingerprint","International Marine Contractors Association (IMCA)","https://www.imca-int.com/resources/safety/safety-flashes/3320-injury-caused-by-closing-fire-flap/"
"EVT-IMCA-0753","UNIQUE","EVT-IMCA-0753","Unique event fingerprint","International Marine Contractors Association (IMCA)","https://www.imca-int.com/resources/safety/safety-flashes/3220-cabin-fire-caused-by-light-fitting-overheating/"
"EVT-IMCA-0754","UNIQUE","EVT-IMCA-0754","Unique event fingerprint","International Marine Contractors Association (IMCA)","https://www.imca-int.com/resources/safety/safety-flashes/3220-fire-in-a-safety-locker/"
"EVT-IMCA-0755","UNIQUE","EVT-IMCA-0755","Unique event fingerprint","International Marine Contractors Association (IMCA)","https://www.imca-int.com/resources/safety/safety-flashes/3220-smouldering-fire-in-tumble-dryer/"
"EVT-IMCA-0756","UNIQUE","EVT-IMCA-0756","Unique event fingerprint","International Marine Contractors Association (IMCA)","https://www.imca-int.com/resources/safety/safety-flashes/3220-fires-and-fire-risks-on-vessels/"
"EVT-IMCA-0757","UNIQUE","EVT-IMCA-0757","Unique event fingerprint","International Marine Contractors Association (IMCA)","https://www.imca-int.com/resources/safety/safety-flashes/3320-rigging-failure-clump-weight-dropped-to-seabed/"
"EVT-IMCA-0758","UNIQUE","EVT-IMCA-0758","Unique event fingerprint","International Marine Contractors Association (IMCA)","https://www.imca-int.com/resources/safety/safety-flashes/3120-main-crane-hoist-wire-damage/"
"EVT-IMCA-0759","UNIQUE","EVT-IMCA-0759","Unique event fingerprint","International Marine Contractors Association (IMCA)","https://www.imca-int.com/resources/safety/safety-flashes/3120-serious-injury-incurred-while-removing-wire-rope-sling-from-a-crane-hook/"
"EVT-IMCA-0760","UNIQUE","EVT-IMCA-0760","Unique event fingerprint","International Marine Contractors Association (IMCA)","https://www.imca-int.com/resources/safety/safety-flashes/3120-confined-space-entry-fatality/"
"EVT-IMCA-0761","UNIQUE","EVT-IMCA-0761","Unique event fingerprint","International Marine Contractors Association (IMCA)","https://www.imca-int.com/resources/safety/safety-flashes/3120-pilots-leaving-the-vessel-in-port-in-an-unsafe-manner/"
"EVT-IMCA-0762","UNIQUE","EVT-IMCA-0762","Unique event fingerprint","International Marine Contractors Association (IMCA)","https://www.imca-int.com/resources/safety/safety-flashes/3120-falls-from-step-ladders/"
"EVT-IMCA-0763","UNIQUE","EVT-IMCA-0763","Unique event fingerprint","International Marine Contractors Association (IMCA)","https://www.imca-int.com/resources/safety/safety-flashes/3220-two-incidents-with-electrical-installations-with-potential-for-a-fire/"
"EVT-IMCA-0764","UNIQUE","EVT-IMCA-0764","Unique event fingerprint","International Marine Contractors Association (IMCA)","https://www.imca-int.com/resources/safety/safety-flashes/3020-firefighting-fifi-tank-outlet-blockage/"
"EVT-IMCA-0765","UNIQUE","EVT-IMCA-0765","Unique event fingerprint","International Marine Contractors Association (IMCA)","https://www.imca-int.com/resources/safety/safety-flashes/3020-windfarm-support-vessel-njord-forseti-hit-wind-turbine-tower-jersey-maritime-administration/"
"EVT-IMCA-0766","UNIQUE","EVT-IMCA-0766","Unique event fingerprint","International Marine Contractors Association (IMCA)","https://www.imca-int.com/resources/safety/safety-flashes/3020-two-deaths-of-military-divers/"
"EVT-IMCA-0767","UNIQUE","EVT-IMCA-0767","Unique event fingerprint","International Marine Contractors Association (IMCA)","https://www.imca-int.com/resources/safety/safety-flashes/3020-uk-hse-employees-foot-crushed-by-forklift-at-maritime-freight-logistics-company/"
"EVT-IMCA-0768","UNIQUE","EVT-IMCA-0768","Unique event fingerprint","International Marine Contractors Association (IMCA)","https://www.imca-int.com/resources/safety/safety-flashes/3020-msf-grub-screws-and-perished-valves-trouble-with-methanol-transfer/"
"EVT-IMCA-0769","UNIQUE","EVT-IMCA-0769","Unique event fingerprint","International Marine Contractors Association (IMCA)","https://www.imca-int.com/resources/safety/safety-flashes/2920-crane-hydraulic-hose-caught-on-protruding-grease-fitting/"
"EVT-IMCA-0770","UNIQUE","EVT-IMCA-0770","Unique event fingerprint","International Marine Contractors Association (IMCA)","https://www.imca-int.com/resources/safety/safety-flashes/2920-crushed-finger-injury-during-wire-transfer-operations/"
"EVT-IMCA-0771","UNIQUE","EVT-IMCA-0771","Unique event fingerprint","International Marine Contractors Association (IMCA)","https://www.imca-int.com/resources/safety/safety-flashes/2920-oil-production-riser-gas-ignition/"
"EVT-IMCA-0772","UNIQUE","EVT-IMCA-0772","Unique event fingerprint","International Marine Contractors Association (IMCA)","https://www.imca-int.com/resources/safety/safety-flashes/2920-dropped-object-wireless-crane-control-unit/"
"EVT-IMCA-0773","UNIQUE","EVT-IMCA-0773","Unique event fingerprint","International Marine Contractors Association (IMCA)","https://www.imca-int.com/resources/safety/safety-flashes/2920-positive-parted-mooring-lines-spotted-before-damage-could-occur/"
"EVT-IMCA-0774","UNIQUE","EVT-IMCA-0774","Unique event fingerprint","International Marine Contractors Association (IMCA)","https://www.imca-int.com/resources/safety/safety-flashes/2820-unsafe-lifting-operations/"
"EVT-IMCA-0775","UNIQUE","EVT-IMCA-0775","Unique event fingerprint","International Marine Contractors Association (IMCA)","https://www.imca-int.com/resources/safety/safety-flashes/2820-deliberate-failure-to-follow-instructions-unsafequarantined-tools-brought-back-into-use/"
"EVT-IMCA-0776","UNIQUE","EVT-IMCA-0776","Unique event fingerprint","International Marine Contractors Association (IMCA)","https://www.imca-int.com/resources/safety/safety-flashes/2820-maib-loss-of-cargo-containers-overboard-from-container-ship-ever-smart/"
"EVT-IMCA-0777","UNIQUE","EVT-IMCA-0777","Unique event fingerprint","International Marine Contractors Association (IMCA)","https://www.imca-int.com/resources/safety/safety-flashes/2820-us-coast-guard-damaged-control-cables-can-contribute-to-unintended-opening-of-a-hook/"
"EVT-IMCA-0778","UNIQUE","EVT-IMCA-0778","Unique event fingerprint","International Marine Contractors Association (IMCA)","https://www.imca-int.com/resources/safety/safety-flashes/2820-us-coast-guard-addressing-hazardous-area-electrical-issues/"
"EVT-IMCA-0779","UNIQUE","EVT-IMCA-0779","Unique event fingerprint","International Marine Contractors Association (IMCA)","https://www.imca-int.com/resources/safety/safety-flashes/2720-near-miss-sudden-loss-of-air-from-diver-bail-out-bottle/"
"EVT-IMCA-0780","UNIQUE","EVT-IMCA-0780","Unique event fingerprint","International Marine Contractors Association (IMCA)","https://www.imca-int.com/resources/safety/safety-flashes/2720-serious-leg-injury-from-falling-winch-sheave/"
"EVT-IMCA-0781","UNIQUE","EVT-IMCA-0781","Unique event fingerprint","International Marine Contractors Association (IMCA)","https://www.imca-int.com/resources/safety/safety-flashes/2720-hand-injury-from-portable-hand-held-angle-grinder/"
"EVT-IMCA-0782","UNIQUE","EVT-IMCA-0782","Unique event fingerprint","International Marine Contractors Association (IMCA)","https://www.imca-int.com/resources/safety/safety-flashes/2720-lti-leg-fractured-while-loading-tubulars/"
"EVT-IMCA-0783","UNIQUE","EVT-IMCA-0783","Unique event fingerprint","International Marine Contractors Association (IMCA)","https://www.imca-int.com/resources/safety/safety-flashes/2720-uk-hse-two-workers-suffer-multiple-burn-injuries/"
"EVT-IMCA-0784","UNIQUE","EVT-IMCA-0784","Unique event fingerprint","International Marine Contractors Association (IMCA)","https://www.imca-int.com/resources/safety/safety-flashes/2620-high-potential-drops-near-miss-failed-crane-component/"
"EVT-IMCA-0785","UNIQUE","EVT-IMCA-0785","Unique event fingerprint","International Marine Contractors Association (IMCA)","https://www.imca-int.com/resources/safety/safety-flashes/2620-near-miss-lever-hoist-failure/"
"EVT-IMCA-0786","UNIQUE","EVT-IMCA-0786","Unique event fingerprint","International Marine Contractors Association (IMCA)","https://www.imca-int.com/resources/safety/safety-flashes/2620-provisions-crane-damaged-by-main-deck-crane/"
"EVT-IMCA-0787","UNIQUE","EVT-IMCA-0787","Unique event fingerprint","International Marine Contractors Association (IMCA)","https://www.imca-int.com/resources/safety/safety-flashes/2620-dropped-object-from-derrick/"
"EVT-IMCA-0788","UNIQUE","EVT-IMCA-0788","Unique event fingerprint","International Marine Contractors Association (IMCA)","https://www.imca-int.com/resources/safety/safety-flashes/2620-fall-of-a-suspended-load-on-general-cargo-vessel-zea-servant-injuring-two-crew/"
"EVT-IMCA-0789","UNIQUE","EVT-IMCA-0789","Unique event fingerprint","International Marine Contractors Association (IMCA)","https://www.imca-int.com/resources/safety/safety-flashes/2520-emergency-lithium-battery-failed-catastrophically-in-a-diving-bell/"
"EVT-IMCA-0790","UNIQUE","EVT-IMCA-0790","Unique event fingerprint","International Marine Contractors Association (IMCA)","https://www.imca-int.com/resources/safety/safety-flashes/2520-fire-in-welding-fumes-extraction-system/"
"EVT-IMCA-0791","UNIQUE","EVT-IMCA-0791","Unique event fingerprint","International Marine Contractors Association (IMCA)","https://www.imca-int.com/resources/safety/safety-flashes/2520-high-potential-near-miss-nitrogen-hose-failure-during-transfer-of-gas/"
"EVT-IMCA-0792","UNIQUE","EVT-IMCA-0792","Unique event fingerprint","International Marine Contractors Association (IMCA)","https://www.imca-int.com/resources/safety/safety-flashes/2520-electrical-shock-from-containerised-portable-office/"
"EVT-IMCA-0793","UNIQUE","EVT-IMCA-0793","Unique event fingerprint","International Marine Contractors Association (IMCA)","https://www.imca-int.com/resources/safety/safety-flashes/2520-unsafe-use-of-hand-grinder-with-damaged-disc/"
"EVT-IMCA-0794","UNIQUE","EVT-IMCA-0794","Unique event fingerprint","International Marine Contractors Association (IMCA)","https://www.imca-int.com/resources/safety/safety-flashes/2420-hull-damage-caused-oil-leakage-from-settling-tank/"
"EVT-IMCA-0795","UNIQUE","EVT-IMCA-0795","Unique event fingerprint","International Marine Contractors Association (IMCA)","https://www.imca-int.com/resources/safety/safety-flashes/2420-safe-embarkation-and-disembarkation-of-marine-pilots/"
"EVT-IMCA-0796","UNIQUE","EVT-IMCA-0796","Unique event fingerprint","International Marine Contractors Association (IMCA)","https://www.imca-int.com/resources/safety/safety-flashes/2420-near-miss-incorrectly-set-lifeboat-hook/"
"EVT-IMCA-0797","UNIQUE","EVT-IMCA-0797","Unique event fingerprint","International Marine Contractors Association (IMCA)","https://www.imca-int.com/resources/safety/safety-flashes/2420-positive-stop-work-by-master-challenging-sailing-order/"
"EVT-IMCA-0798","UNIQUE","EVT-IMCA-0798","Unique event fingerprint","International Marine Contractors Association (IMCA)","https://www.imca-int.com/resources/safety/safety-flashes/2420-near-misspositive-internal-o-ring-seal-found-damaged-on-fuel-system/"
"EVT-IMCA-0799","UNIQUE","EVT-IMCA-0799","Unique event fingerprint","International Marine Contractors Association (IMCA)","https://www.imca-int.com/resources/safety/safety-flashes/2320-safety-performance-in-the-offshore-renewable-energy-industry/"
"EVT-IMCA-0800","UNIQUE","EVT-IMCA-0800","Unique event fingerprint","International Marine Contractors Association (IMCA)","https://www.imca-int.com/resources/safety/safety-flashes/2320-use-of-face-masks-designated-kn95/"
"EVT-IMCA-0801","UNIQUE","EVT-IMCA-0801","Unique event fingerprint","International Marine Contractors Association (IMCA)","https://www.imca-int.com/resources/safety/safety-flashes/2220-finger-injury-caused-by-incorrectly-secured-console-cover/"
"EVT-IMCA-0802","UNIQUE","EVT-IMCA-0802","Unique event fingerprint","International Marine Contractors Association (IMCA)","https://www.imca-int.com/resources/safety/safety-flashes/2220-hydraulic-sample-extruder-finger-laceration/"
"EVT-IMCA-0803","UNIQUE","EVT-IMCA-0803","Unique event fingerprint","International Marine Contractors Association (IMCA)","https://www.imca-int.com/resources/safety/safety-flashes/2220-lti-loss-of-fingertip-and-nail/"
"EVT-IMCA-0804","UNIQUE","EVT-IMCA-0804","Unique event fingerprint","International Marine Contractors Association (IMCA)","https://www.imca-int.com/resources/safety/safety-flashes/2220-person-injured-when-leg-slipped-through-floor-hatch/"
"EVT-IMCA-0805","UNIQUE","EVT-IMCA-0805","Unique event fingerprint","International Marine Contractors Association (IMCA)","https://www.imca-int.com/resources/safety/safety-flashes/2220-member-of-the-public-was-killed-following-unplanned-movement-of-an-unsecured-load/"
"EVT-IMCA-0806","UNIQUE","EVT-IMCA-0806","Unique event fingerprint","International Marine Contractors Association (IMCA)","https://www.imca-int.com/resources/safety/safety-flashes/2220-cargo-ignited-on-truck-bed-during-transportation/"
"EVT-IMCA-0807","UNIQUE","EVT-IMCA-0807","Unique event fingerprint","International Marine Contractors Association (IMCA)","https://www.imca-int.com/resources/safety/safety-flashes/2120-double-man-overboard-resulting-in-one-fatality/"
"EVT-IMCA-0808","UNIQUE","EVT-IMCA-0808","Unique event fingerprint","International Marine Contractors Association (IMCA)","https://www.imca-int.com/resources/safety/safety-flashes/2120-mob-fatality-from-multi-cat/"
"EVT-IMCA-0809","UNIQUE","EVT-IMCA-0809","Unique event fingerprint","International Marine Contractors Association (IMCA)","https://www.imca-int.com/resources/safety/safety-flashes/2120-mob-fatality-person-fell-between-vessel-and-jetty/"
"EVT-IMCA-0810","UNIQUE","EVT-IMCA-0810","Unique event fingerprint","International Marine Contractors Association (IMCA)","https://www.imca-int.com/resources/safety/safety-flashes/2120-and-finishing-on-a-positive-note-a-cpr-success-story-we-saved-a-life-that-day/"
"EVT-IMCA-0811","UNIQUE","EVT-IMCA-0811","Unique event fingerprint","International Marine Contractors Association (IMCA)","https://www.imca-int.com/resources/safety/safety-flashes/2020-leg-entanglement-from-tag-line-during-cargo-operations/"
"EVT-IMCA-0812","UNIQUE","EVT-IMCA-0812","Unique event fingerprint","International Marine Contractors Association (IMCA)","https://www.imca-int.com/resources/safety/safety-flashes/2020-high-potential-incident-gantry-hoist-failure/"
"EVT-IMCA-0813","UNIQUE","EVT-IMCA-0813","Unique event fingerprint","International Marine Contractors Association (IMCA)","https://www.imca-int.com/resources/safety/safety-flashes/2020-safe-use-of-flexible-intermediate-bulk-container-fibc/"
"EVT-IMCA-0814","UNIQUE","EVT-IMCA-0814","Unique event fingerprint","International Marine Contractors Association (IMCA)","https://www.imca-int.com/resources/safety/safety-flashes/2020-msf-potential-dropped-objects-nets-or-tarps-to-cover-cargo/"
"EVT-IMCA-0815","UNIQUE","EVT-IMCA-0815","Unique event fingerprint","International Marine Contractors Association (IMCA)","https://www.imca-int.com/resources/safety/safety-flashes/2020-manhole-opened-and-not-correctly-closed/"
"EVT-IMCA-0816","UNIQUE","EVT-IMCA-0816","Unique event fingerprint","International Marine Contractors Association (IMCA)","https://www.imca-int.com/resources/safety/safety-flashes/1920-fall-from-a-height-into-a-ballast-tank/"
"EVT-IMCA-0817","UNIQUE","EVT-IMCA-0817","Unique event fingerprint","International Marine Contractors Association (IMCA)","https://www.imca-int.com/resources/safety/safety-flashes/1920-trip-and-fall-down-hotel-stairs-causing-serious-wrist-injury/"
"EVT-IMCA-0818","UNIQUE","EVT-IMCA-0818","Unique event fingerprint","International Marine Contractors Association (IMCA)","https://www.imca-int.com/resources/safety/safety-flashes/1920-man-overboard-from-stinger/"
"EVT-IMCA-0819","UNIQUE","EVT-IMCA-0819","Unique event fingerprint","International Marine Contractors Association (IMCA)","https://www.imca-int.com/resources/safety/safety-flashes/1920-uscg-automatic-identification-system-ais-inaccuracies-led-to-fatalities/"
"EVT-IMCA-0820","UNIQUE","EVT-IMCA-0820","Unique event fingerprint","International Marine Contractors Association (IMCA)","https://www.imca-int.com/resources/safety/safety-flashes/1920-crewman-fatally-injured-while-standing-on-the-stern-ramp-of-seatruck-progress/"
"EVT-IMCA-0821","UNIQUE","EVT-IMCA-0821","Unique event fingerprint","International Marine Contractors Association (IMCA)","https://www.imca-int.com/resources/safety/safety-flashes/1820-serious-injury-caused-by-high-pressure-washer/"
"EVT-IMCA-0822","UNIQUE","EVT-IMCA-0822","Unique event fingerprint","International Marine Contractors Association (IMCA)","https://www.imca-int.com/resources/safety/safety-flashes/1820-msf-water-based-mud-spill-on-deck/"
"EVT-IMCA-0823","UNIQUE","EVT-IMCA-0823","Unique event fingerprint","International Marine Contractors Association (IMCA)","https://www.imca-int.com/resources/safety/safety-flashes/1820-lifting-basket-with-unsecured-cargo-which-fell-out/"
"EVT-IMCA-0824","UNIQUE","EVT-IMCA-0824","Unique event fingerprint","International Marine Contractors Association (IMCA)","https://www.imca-int.com/resources/safety/safety-flashes/1820-near-misspositive-crew-exercised-stop-work-on-new-gangway/"
"EVT-IMCA-0825","UNIQUE","EVT-IMCA-0825","Unique event fingerprint","International Marine Contractors Association (IMCA)","https://www.imca-int.com/resources/safety/safety-flashes/1820-serious-incidents-involving-the-weather/"
"EVT-IMCA-0826","UNIQUE","EVT-IMCA-0826","Unique event fingerprint","International Marine Contractors Association (IMCA)","https://www.imca-int.com/resources/safety/safety-flashes/1720-inadvertent-activation-of-condensed-aerosol-fire-extinguishing-system-leads-to-a-fatality/"
"EVT-IMCA-0827","UNIQUE","EVT-IMCA-0827","Unique event fingerprint","International Marine Contractors Association (IMCA)","https://www.imca-int.com/resources/safety/safety-flashes/1720-engine-room-fire-a-small-rag-left-after-maintenance/"
"EVT-IMCA-0828","UNIQUE","EVT-IMCA-0828","Unique event fingerprint","International Marine Contractors Association (IMCA)","https://www.imca-int.com/resources/safety/safety-flashes/1720-fire-in-the-engine-room/"
"EVT-IMCA-0829","UNIQUE","EVT-IMCA-0829","Unique event fingerprint","International Marine Contractors Association (IMCA)","https://www.imca-int.com/resources/safety/safety-flashes/1720-uk-hse-workers-injured-by-unplanned-release-of-mud-slurry/"
"EVT-IMCA-0830","UNIQUE","EVT-IMCA-0830","Unique event fingerprint","International Marine Contractors Association (IMCA)","https://www.imca-int.com/resources/safety/safety-flashes/1620-fall-from-height-leading-to-injury/"
"EVT-IMCA-0831","UNIQUE","EVT-IMCA-0831","Unique event fingerprint","International Marine Contractors Association (IMCA)","https://www.imca-int.com/resources/safety/safety-flashes/1620-sewage-spilled-onto-the-quayside/"
"EVT-IMCA-0832","UNIQUE","EVT-IMCA-0832","Unique event fingerprint","International Marine Contractors Association (IMCA)","https://www.imca-int.com/resources/safety/safety-flashes/1620-fall-from-the-quayside-into-water/"
"EVT-IMCA-0833","UNIQUE","EVT-IMCA-0833","Unique event fingerprint","International Marine Contractors Association (IMCA)","https://www.imca-int.com/resources/safety/safety-flashes/1620-pedestal-drill-chuck-assembly-detached-causing-head-injury/"
"EVT-IMCA-0834","UNIQUE","EVT-IMCA-0834","Unique event fingerprint","International Marine Contractors Association (IMCA)","https://www.imca-int.com/resources/safety/safety-flashes/1620-lightning-conductor-fell-dropped-object-near-miss/"
"EVT-IMCA-0835","UNIQUE","EVT-IMCA-0835","Unique event fingerprint","International Marine Contractors Association (IMCA)","https://www.imca-int.com/resources/safety/safety-flashes/1520-positive-observation-installation-of-disinfection-tunnels/"
"EVT-IMCA-0836","UNIQUE","EVT-IMCA-0836","Unique event fingerprint","International Marine Contractors Association (IMCA)","https://www.imca-int.com/resources/safety/safety-flashes/1520-positive-observation-plexiglass-shields-installed-in-company-shared-vehicles/"
"EVT-IMCA-0837","UNIQUE","EVT-IMCA-0837","Unique event fingerprint","International Marine Contractors Association (IMCA)","https://www.imca-int.com/resources/safety/safety-flashes/1520-covid-19-positive-observation-maintaining-social-distancing-during-toolbox-talks-and-meetings/"
"EVT-IMCA-0838","UNIQUE","EVT-IMCA-0838","Unique event fingerprint","International Marine Contractors Association (IMCA)","https://www.imca-int.com/resources/safety/safety-flashes/1520-ignited-hand-sanitiser/"
"EVT-IMCA-0839","UNIQUE","EVT-IMCA-0839","Unique event fingerprint","International Marine Contractors Association (IMCA)","https://www.imca-int.com/resources/safety/safety-flashes/1420-lifting-operations-wire-hoist-rope-failure/"
"EVT-IMCA-0840","UNIQUE","EVT-IMCA-0840","Unique event fingerprint","International Marine Contractors Association (IMCA)","https://www.imca-int.com/resources/safety/safety-flashes/1420-fire-in-engine-room-and-subsequent-collision-with-structure-on-transport-barge/"
"EVT-IMCA-0841","UNIQUE","EVT-IMCA-0841","Unique event fingerprint","International Marine Contractors Association (IMCA)","https://www.imca-int.com/resources/safety/safety-flashes/1420-lti-worker-lost-his-thumb/"
"EVT-IMCA-0842","UNIQUE","EVT-IMCA-0842","Unique event fingerprint","International Marine Contractors Association (IMCA)","https://www.imca-int.com/resources/safety/safety-flashes/1420-lti-near-miss-dropped-clump-weight/"
"EVT-IMCA-0843","UNIQUE","EVT-IMCA-0843","Unique event fingerprint","International Marine Contractors Association (IMCA)","https://www.imca-int.com/resources/safety/safety-flashes/1420-vessel-gangway-rolled-off-platform-tower-and-fell-to-the-quayside-in-high-wind/"
"EVT-IMCA-0844","UNIQUE","EVT-IMCA-0844","Unique event fingerprint","International Marine Contractors Association (IMCA)","https://www.imca-int.com/resources/safety/safety-flashes/1320-recent-uk-maib-investigations-shifting-of-cargo-and-loss-of-cargo/"
"EVT-IMCA-0845","UNIQUE","EVT-IMCA-0845","Unique event fingerprint","International Marine Contractors Association (IMCA)","https://www.imca-int.com/resources/safety/safety-flashes/1320-grounding-of-ro-ro-freight-vessel-seatruck-performance/"
"EVT-IMCA-0846","UNIQUE","EVT-IMCA-0846","Unique event fingerprint","International Marine Contractors Association (IMCA)","https://www.imca-int.com/resources/safety/safety-flashes/1320-vessel-flooding-incident/"
"EVT-IMCA-0847","UNIQUE","EVT-IMCA-0847","Unique event fingerprint","International Marine Contractors Association (IMCA)","https://www.imca-int.com/resources/safety/safety-flashes/1320-uk-hse-worker-fell-into-lift-shaft-safety-controls-bypassed/"
"EVT-IMCA-0848","UNIQUE","EVT-IMCA-0848","Unique event fingerprint","International Marine Contractors Association (IMCA)","https://www.imca-int.com/resources/safety/safety-flashes/0920-potential-for-diver-injury-operating-a-hand-held-torque-wrench/"
"EVT-IMCA-0849","UNIQUE","EVT-IMCA-0849","Unique event fingerprint","International Marine Contractors Association (IMCA)","https://www.imca-int.com/resources/safety/safety-flashes/1220-chain-hoist-failure-resulting-in-a-serious-near-miss/"
"EVT-IMCA-0850","UNIQUE","EVT-IMCA-0850","Unique event fingerprint","International Marine Contractors Association (IMCA)","https://www.imca-int.com/resources/safety/safety-flashes/1220-worker-fell-from-height-and-suffered-life-changing-injuries/"
"EVT-IMCA-0851","UNIQUE","EVT-IMCA-0851","Unique event fingerprint","International Marine Contractors Association (IMCA)","https://www.imca-int.com/resources/safety/safety-flashes/1220-near-miss-engine-room-hatch-left-open-without-barriers/"
"EVT-IMCA-0852","UNIQUE","EVT-IMCA-0852","Unique event fingerprint","International Marine Contractors Association (IMCA)","https://www.imca-int.com/resources/safety/safety-flashes/1220-agitator-started-moving-during-mud-tank-cleaning-leading-to-injury/"
"EVT-IMCA-0853","UNIQUE","EVT-IMCA-0853","Unique event fingerprint","International Marine Contractors Association (IMCA)","https://www.imca-int.com/resources/safety/safety-flashes/1120-covid-19-update/"
"EVT-IMCA-0854","UNIQUE","EVT-IMCA-0854","Unique event fingerprint","International Marine Contractors Association (IMCA)","https://www.imca-int.com/resources/safety/safety-flashes/1020-dropped-load-and-failed-chain/"
"EVT-IMCA-0855","UNIQUE","EVT-IMCA-0855","Unique event fingerprint","International Marine Contractors Association (IMCA)","https://www.imca-int.com/resources/safety/safety-flashes/1020-lifting-operation-resulting-in-dropped-objects-from-flexible-intermediate-bulk-container/"
"EVT-IMCA-0856","UNIQUE","EVT-IMCA-0856","Unique event fingerprint","International Marine Contractors Association (IMCA)","https://www.imca-int.com/resources/safety/safety-flashes/1020-marine-safety-forum-two-incidents-relating-to-fast-rescue-craft/"
"EVT-IMCA-0857","UNIQUE","EVT-IMCA-0857","Unique event fingerprint","International Marine Contractors Association (IMCA)","https://www.imca-int.com/resources/safety/safety-flashes/1020-trencher-angle-inadvertently-altered/"
"EVT-IMCA-0858","UNIQUE","EVT-IMCA-0858","Unique event fingerprint","International Marine Contractors Association (IMCA)","https://www.imca-int.com/resources/safety/safety-flashes/1020-damage-and-engine-room-flooding-following-contact-by-tugboat/"
"EVT-IMCA-0859","UNIQUE","EVT-IMCA-0859","Unique event fingerprint","International Marine Contractors Association (IMCA)","https://www.imca-int.com/resources/safety/safety-flashes/0920-lti-finger-injury-caused-while-working-with-oil-drums/"
"EVT-IMCA-0860","UNIQUE","EVT-IMCA-0860","Unique event fingerprint","International Marine Contractors Association (IMCA)","https://www.imca-int.com/resources/safety/safety-flashes/0920-high-potential-lti-rigger-ear-injury/"
"EVT-IMCA-0861","UNIQUE","EVT-IMCA-0861","Unique event fingerprint","International Marine Contractors Association (IMCA)","https://www.imca-int.com/resources/safety/safety-flashes/0920-near-miss-failure-of-work-procedures-during-hot-work-at-height/"
"EVT-IMCA-0862","UNIQUE","EVT-IMCA-0862","Unique event fingerprint","International Marine Contractors Association (IMCA)","https://www.imca-int.com/resources/safety/safety-flashes/0820-joint-statement-imo-who-on-the-response-to-the-covid-19-outbreak/"
"EVT-IMCA-0863","UNIQUE","EVT-IMCA-0863","Unique event fingerprint","International Marine Contractors Association (IMCA)","https://www.imca-int.com/resources/safety/safety-flashes/0820-impact-of-coronavirus-disease-covid-19-outbreak-on-singapore-registered-ships/"
"EVT-IMCA-0864","UNIQUE","EVT-IMCA-0864","Unique event fingerprint","International Marine Contractors Association (IMCA)","https://www.imca-int.com/resources/safety/safety-flashes/0820-statement-on-covid-19-from-uae-ministry-of-foreign-affairs-and-international-cooperation/"
"EVT-IMCA-0865","UNIQUE","EVT-IMCA-0865","Unique event fingerprint","International Marine Contractors Association (IMCA)","https://www.imca-int.com/resources/safety/safety-flashes/0720-high-potential-dropped-objects-from-wind-turbine-nacelle-crane/"
"EVT-IMCA-0866","UNIQUE","EVT-IMCA-0866","Unique event fingerprint","International Marine Contractors Association (IMCA)","https://www.imca-int.com/resources/safety/safety-flashes/0720-high-potential-dropped-object-chains/"
"EVT-IMCA-0867","UNIQUE","EVT-IMCA-0867","Unique event fingerprint","International Marine Contractors Association (IMCA)","https://www.imca-int.com/resources/safety/safety-flashes/0720-high-potential-near-miss-dropped-object-from-turbine-tower/"
"EVT-IMCA-0868","UNIQUE","EVT-IMCA-0868","Unique event fingerprint","International Marine Contractors Association (IMCA)","https://www.imca-int.com/resources/safety/safety-flashes/620-electric-shock-resulting-in-burn/"
"EVT-IMCA-0869","UNIQUE","EVT-IMCA-0869","Unique event fingerprint","International Marine Contractors Association (IMCA)","https://www.imca-int.com/resources/safety/safety-flashes/620-short-circuit-on-440v-ac-bus-bars-arc-flash/"
"EVT-IMCA-0870","UNIQUE","EVT-IMCA-0870","Unique event fingerprint","International Marine Contractors Association (IMCA)","https://www.imca-int.com/resources/safety/safety-flashes/620-two-electrical-incidents-uk-hse/"
"EVT-IMCA-0871","UNIQUE","EVT-IMCA-0871","Unique event fingerprint","International Marine Contractors Association (IMCA)","https://www.imca-int.com/resources/safety/safety-flashes/620-uk-hse-fatal-injury-following-catastrophic-failure-of-pressure-test-equipment/"
"EVT-IMCA-0872","UNIQUE","EVT-IMCA-0872","Unique event fingerprint","International Marine Contractors Association (IMCA)","https://www.imca-int.com/resources/safety/safety-flashes/620-plastic-cover-on-smoke-detector/"
"EVT-IMCA-0873","UNIQUE","EVT-IMCA-0873","Unique event fingerprint","International Marine Contractors Association (IMCA)","https://www.imca-int.com/resources/safety/safety-flashes/0520-dropped-object-near-miss-crane-boom-bumper-stop-falls-off/"
"EVT-IMCA-0874","UNIQUE","EVT-IMCA-0874","Unique event fingerprint","International Marine Contractors Association (IMCA)","https://www.imca-int.com/resources/safety/safety-flashes/0520-high-potential-near-miss-dropped-object/"
"EVT-IMCA-0875","UNIQUE","EVT-IMCA-0875","Unique event fingerprint","International Marine Contractors Association (IMCA)","https://www.imca-int.com/resources/safety/safety-flashes/0520-dropped-object-from-crane/"
"EVT-IMCA-0876","UNIQUE","EVT-IMCA-0876","Unique event fingerprint","International Marine Contractors Association (IMCA)","https://www.imca-int.com/resources/safety/safety-flashes/0520-wrapped-cargo-slipped-during-loading-and-fell/"
"EVT-IMCA-0877","UNIQUE","EVT-IMCA-0877","Unique event fingerprint","International Marine Contractors Association (IMCA)","https://www.imca-int.com/resources/safety/safety-flashes/0520-unsafe-lifting-operations-potential-dropped-object/"
"EVT-IMCA-0878","UNIQUE","EVT-IMCA-0878","Unique event fingerprint","International Marine Contractors Association (IMCA)","https://www.imca-int.com/resources/safety/safety-flashes/0520-basket-snagged-on-ship-s-structure/"
"EVT-IMCA-0879","UNIQUE","EVT-IMCA-0879","Unique event fingerprint","International Marine Contractors Association (IMCA)","https://www.imca-int.com/resources/safety/safety-flashes/0420-coronavirus-outbreak/"
"EVT-IMCA-0880","UNIQUE","EVT-IMCA-0880","Unique event fingerprint","International Marine Contractors Association (IMCA)","https://www.imca-int.com/resources/safety/safety-flashes/0320-near-miss-during-helicopter-operations/"
"EVT-IMCA-0881","UNIQUE","EVT-IMCA-0881","Unique event fingerprint","International Marine Contractors Association (IMCA)","https://www.imca-int.com/resources/safety/safety-flashes/0320-explosion-and-fire-on-board-the-chemical-tanker-stolt-groenland/"
"EVT-IMCA-0882","UNIQUE","EVT-IMCA-0882","Unique event fingerprint","International Marine Contractors Association (IMCA)","https://www.imca-int.com/resources/safety/safety-flashes/0320-worker-fell-into-sea-from-gangway-and-drowned/"
"EVT-IMCA-0883","UNIQUE","EVT-IMCA-0883","Unique event fingerprint","International Marine Contractors Association (IMCA)","https://www.imca-int.com/resources/safety/safety-flashes/0320-maib-fatal-man-overboard-incident-whilst-boarding-tug/"
"EVT-IMCA-0884","UNIQUE","EVT-IMCA-0884","Unique event fingerprint","International Marine Contractors Association (IMCA)","https://www.imca-int.com/resources/safety/safety-flashes/0320-poor-condition-of-on-board-equipment/"
"EVT-IMCA-0885","UNIQUE","EVT-IMCA-0885","Unique event fingerprint","International Marine Contractors Association (IMCA)","https://www.imca-int.com/resources/safety/safety-flashes/0220-crew-member-fainted-after-working-in-water-ballast-tank/"
"EVT-IMCA-0886","UNIQUE","EVT-IMCA-0886","Unique event fingerprint","International Marine Contractors Association (IMCA)","https://www.imca-int.com/resources/safety/safety-flashes/0220-failure-of-life-raft-securing-strap/"
"EVT-IMCA-0887","UNIQUE","EVT-IMCA-0887","Unique event fingerprint","International Marine Contractors Association (IMCA)","https://www.imca-int.com/resources/safety/safety-flashes/0220-lti-step-into-open-deck-hatch-causes-fall/"
"EVT-IMCA-0888","UNIQUE","EVT-IMCA-0888","Unique event fingerprint","International Marine Contractors Association (IMCA)","https://www.imca-int.com/resources/safety/safety-flashes/0220-there-s-something-in-my-eye/"
"EVT-IMCA-0889","UNIQUE","EVT-IMCA-0889","Unique event fingerprint","International Marine Contractors Association (IMCA)","https://www.imca-int.com/resources/safety/safety-flashes/0220-water-ingress-during-tropical-storm/"
"EVT-IMCA-0890","UNIQUE","EVT-IMCA-0890","Unique event fingerprint","International Marine Contractors Association (IMCA)","https://www.imca-int.com/resources/safety/safety-flashes/3019-diver-trapped-by-anchor-chain/"
"EVT-IMCA-0891","UNIQUE","EVT-IMCA-0891","Unique event fingerprint","International Marine Contractors Association (IMCA)","https://www.imca-int.com/resources/safety/safety-flashes/3019-failed-shackle-on-vessel-life-raft/"
"EVT-IMCA-0892","UNIQUE","EVT-IMCA-0892","Unique event fingerprint","International Marine Contractors Association (IMCA)","https://www.imca-int.com/resources/safety/safety-flashes/3019-uncontrolled-movement-of-retractable-gangway/"
"EVT-IMCA-0893","UNIQUE","EVT-IMCA-0893","Unique event fingerprint","International Marine Contractors Association (IMCA)","https://www.imca-int.com/resources/safety/safety-flashes/3019-exploding-television-recovered-from-sea/"
"EVT-IMCA-0894","UNIQUE","EVT-IMCA-0894","Unique event fingerprint","International Marine Contractors Association (IMCA)","https://www.imca-int.com/resources/safety/safety-flashes/3019-unknown-floating-objects-in-500m-safety-zone/"
"EVT-IMCA-0895","UNIQUE","EVT-IMCA-0895","Unique event fingerprint","International Marine Contractors Association (IMCA)","https://www.imca-int.com/resources/safety/safety-flashes/3019-vessel-hit-and-destroyed-fender/"
"EVT-IMCA-0896","UNIQUE","EVT-IMCA-0896","Unique event fingerprint","International Marine Contractors Association (IMCA)","https://www.imca-int.com/resources/safety/safety-flashes/3019-improper-use-of-heaving-line/"
"EVT-IMCA-0897","UNIQUE","EVT-IMCA-0897","Unique event fingerprint","International Marine Contractors Association (IMCA)","https://www.imca-int.com/resources/safety/safety-flashes/2819-man-overboard-fall-from-a-pilot-ladder/"
"EVT-IMCA-0898","UNIQUE","EVT-IMCA-0898","Unique event fingerprint","International Marine Contractors Association (IMCA)","https://www.imca-int.com/resources/safety/safety-flashes/2819-high-potential-incident-man-injured-while-falling-overboard-mob/"
"EVT-IMCA-0899","UNIQUE","EVT-IMCA-0899","Unique event fingerprint","International Marine Contractors Association (IMCA)","https://www.imca-int.com/resources/safety/safety-flashes/2819-unsafe-boarding-during-unmooring-operation/"
"EVT-IMCA-0900","UNIQUE","EVT-IMCA-0900","Unique event fingerprint","International Marine Contractors Association (IMCA)","https://www.imca-int.com/resources/safety/safety-flashes/2819-raising-awareness-on-safety-barriers-such-as-railings-and-gratings/"
"EVT-IMCA-0901","UNIQUE","EVT-IMCA-0901","Unique event fingerprint","International Marine Contractors Association (IMCA)","https://www.imca-int.com/resources/safety/safety-flashes/2819-welder-at-work-injured-during-close-simops/"
"EVT-IMCA-0902","UNIQUE","EVT-IMCA-0902","Unique event fingerprint","International Marine Contractors Association (IMCA)","https://www.imca-int.com/resources/safety/safety-flashes/2919-important-safety-notice-to-users-of-certain-crosby-shackle-products/"
"EVT-IMCA-0903","UNIQUE","EVT-IMCA-0903","Unique event fingerprint","International Marine Contractors Association (IMCA)","https://www.imca-int.com/resources/safety/safety-flashes/2719-high-potential-near-miss-guide-cone-funnel-dropped/"
"EVT-IMCA-0904","UNIQUE","EVT-IMCA-0904","Unique event fingerprint","International Marine Contractors Association (IMCA)","https://www.imca-int.com/resources/safety/safety-flashes/2719-main-rov-lift-wire-umbilical-and-bullet-parted/"
"EVT-IMCA-0905","UNIQUE","EVT-IMCA-0905","Unique event fingerprint","International Marine Contractors Association (IMCA)","https://www.imca-int.com/resources/safety/safety-flashes/2719-cabling-in-rov-hanger-inadvertently-severed-by-the-rov-launch-and-recovery-frame/"
"EVT-IMCA-0906","UNIQUE","EVT-IMCA-0906","Unique event fingerprint","International Marine Contractors Association (IMCA)","https://www.imca-int.com/resources/safety/safety-flashes/2719-crush-injury-to-hand-while-attempting-to-secure-crane-hook/"
"EVT-IMCA-0907","UNIQUE","EVT-IMCA-0907","Unique event fingerprint","International Marine Contractors Association (IMCA)","https://www.imca-int.com/resources/safety/safety-flashes/2719-hand-injury-during-lift-operations/"
"EVT-IMCA-0908","UNIQUE","EVT-IMCA-0908","Unique event fingerprint","International Marine Contractors Association (IMCA)","https://www.imca-int.com/resources/safety/safety-flashes/2719-finger-trapped-and-injured-whilst-moving-hatch-covers/"
"EVT-IMCA-0909","UNIQUE","EVT-IMCA-0909","Unique event fingerprint","International Marine Contractors Association (IMCA)","https://www.imca-int.com/resources/safety/safety-flashes/2619-grounding-of-bulk-carrier-kuzma-minin-at-falmouth/"
"EVT-IMCA-0910","UNIQUE","EVT-IMCA-0910","Unique event fingerprint","International Marine Contractors Association (IMCA)","https://www.imca-int.com/resources/safety/safety-flashes/2619-use-of-surge-protected-devices-on-board-vessels/"
"EVT-IMCA-0911","UNIQUE","EVT-IMCA-0911","Unique event fingerprint","International Marine Contractors Association (IMCA)","https://www.imca-int.com/resources/safety/safety-flashes/2619-petzl-pixa-lights-as-potential-dropped-objects/"
"EVT-IMCA-0912","UNIQUE","EVT-IMCA-0912","Unique event fingerprint","International Marine Contractors Association (IMCA)","https://www.imca-int.com/resources/safety/safety-flashes/2619-snake-on-board-vessel/"
"EVT-IMCA-0913","UNIQUE","EVT-IMCA-0913","Unique event fingerprint","International Marine Contractors Association (IMCA)","https://www.imca-int.com/resources/safety/safety-flashes/2619-near-miss-emergency-stop-pressed-accidentally/"
"EVT-IMCA-0914","UNIQUE","EVT-IMCA-0914","Unique event fingerprint","International Marine Contractors Association (IMCA)","https://www.imca-int.com/resources/safety/safety-flashes/2519-battery-fire-with-subsequent-gas-explosion-warning-about-lithium-ion-power-following-ferry-fire/"
"EVT-IMCA-0915","UNIQUE","EVT-IMCA-0915","Unique event fingerprint","International Marine Contractors Association (IMCA)","https://www.imca-int.com/resources/safety/safety-flashes/2519-lithium-batteries-fire-following-the-failure-of-a-helicopter-start-power-unit/"
"EVT-IMCA-0916","UNIQUE","EVT-IMCA-0916","Unique event fingerprint","International Marine Contractors Association (IMCA)","https://www.imca-int.com/resources/safety/safety-flashes/2519-fire-hazard-posed-by-personal-electronic-devices/"
"EVT-IMCA-0917","UNIQUE","EVT-IMCA-0917","Unique event fingerprint","International Marine Contractors Association (IMCA)","https://www.imca-int.com/resources/safety/safety-flashes/2519-near-miss-fire-blanket-caught-fire-during-third-party-hot-work/"
"EVT-IMCA-0918","UNIQUE","EVT-IMCA-0918","Unique event fingerprint","International Marine Contractors Association (IMCA)","https://www.imca-int.com/resources/safety/safety-flashes/2519-ruptured-acetylene-hose-fire/"
"EVT-IMCA-0919","UNIQUE","EVT-IMCA-0919","Unique event fingerprint","International Marine Contractors Association (IMCA)","https://www.imca-int.com/resources/safety/safety-flashes/2419-update-to-sf-1119-fatality-and-multiple-injuries-flash-fire-onboard-pipe-lay-barge/"
"EVT-IMCA-0920","UNIQUE","EVT-IMCA-0920","Unique event fingerprint","International Marine Contractors Association (IMCA)","https://www.imca-int.com/resources/safety/safety-flashes/2319-for-want-of-a-watchman-the-ship-was-lost/"
"EVT-IMCA-0921","UNIQUE","EVT-IMCA-0921","Unique event fingerprint","International Marine Contractors Association (IMCA)","https://www.imca-int.com/resources/safety/safety-flashes/2319-uk-hse-investigation-into-offshore-gas-explosion/"
"EVT-IMCA-0922","UNIQUE","EVT-IMCA-0922","Unique event fingerprint","International Marine Contractors Association (IMCA)","https://www.imca-int.com/resources/safety/safety-flashes/2319-uk-hse-prosecution-following-2011-fatal-explosion-in-oil-refinery/"
"EVT-IMCA-0923","UNIQUE","EVT-IMCA-0923","Unique event fingerprint","International Marine Contractors Association (IMCA)","https://www.imca-int.com/resources/safety/safety-flashes/2319-near-miss-diving-operations-while-alongside/"
"EVT-IMCA-0924","UNIQUE","EVT-IMCA-0924","Unique event fingerprint","International Marine Contractors Association (IMCA)","https://www.imca-int.com/resources/safety/safety-flashes/2319-loss-of-rig-anchor-wire-from-vessel-karm-fork/"
"EVT-IMCA-0925","UNIQUE","EVT-IMCA-0925","Unique event fingerprint","International Marine Contractors Association (IMCA)","https://www.imca-int.com/resources/safety/safety-flashes/2219-grease-itself-is-a-dropped-object/"
"EVT-IMCA-0926","UNIQUE","EVT-IMCA-0926","Unique event fingerprint","International Marine Contractors Association (IMCA)","https://www.imca-int.com/resources/safety/safety-flashes/2219-dropped-wooden-block-in-conductor-support-frame/"
"EVT-IMCA-0927","UNIQUE","EVT-IMCA-0927","Unique event fingerprint","International Marine Contractors Association (IMCA)","https://www.imca-int.com/resources/safety/safety-flashes/2219-near-miss-absence-of-safety-pin-in-the-anchor-swivel-shackle/"
"EVT-IMCA-0928","UNIQUE","EVT-IMCA-0928","Unique event fingerprint","International Marine Contractors Association (IMCA)","https://www.imca-int.com/resources/safety/safety-flashes/2219-fatal-fall-from-height-on-board-seatruck-pace-in-liverpool-in-december-2018/"
"EVT-IMCA-0929","UNIQUE","EVT-IMCA-0929","Unique event fingerprint","International Marine Contractors Association (IMCA)","https://www.imca-int.com/resources/safety/safety-flashes/2219-bbc-news-worker-loses-hand-after-he-was-injured-with-faulty-hydraulic-cutting-gear/"
"EVT-IMCA-0930","UNIQUE","EVT-IMCA-0930","Unique event fingerprint","International Marine Contractors Association (IMCA)","https://www.imca-int.com/resources/safety/safety-flashes/2119-high-potential-near-miss-rescue-boat-davit-failure-msf/"
"EVT-IMCA-0931","UNIQUE","EVT-IMCA-0931","Unique event fingerprint","International Marine Contractors Association (IMCA)","https://www.imca-int.com/resources/safety/safety-flashes/2119-davit-failures/"
"EVT-IMCA-0932","UNIQUE","EVT-IMCA-0932","Unique event fingerprint","International Marine Contractors Association (IMCA)","https://www.imca-int.com/resources/safety/safety-flashes/2119-listing-of-crew-boat-due-to-water-ingress/"
"EVT-IMCA-0933","UNIQUE","EVT-IMCA-0933","Unique event fingerprint","International Marine Contractors Association (IMCA)","https://www.imca-int.com/resources/safety/safety-flashes/2119-routine-test-of-lifeboat-launch-results-in-fatalities/"
"EVT-IMCA-0934","UNIQUE","EVT-IMCA-0934","Unique event fingerprint","International Marine Contractors Association (IMCA)","https://www.imca-int.com/resources/safety/safety-flashes/2019-mooring-incident-mooring-line-slipped-off-and-snapped-back/"
"EVT-IMCA-0935","UNIQUE","EVT-IMCA-0935","Unique event fingerprint","International Marine Contractors Association (IMCA)","https://www.imca-int.com/resources/safety/safety-flashes/2019-lti-fall-from-height/"
"EVT-IMCA-0936","UNIQUE","EVT-IMCA-0936","Unique event fingerprint","International Marine Contractors Association (IMCA)","https://www.imca-int.com/resources/safety/safety-flashes/2019-accidental-activation-of-emergency-stop-during-saturation-diving-operations/"
"EVT-IMCA-0937","UNIQUE","EVT-IMCA-0937","Unique event fingerprint","International Marine Contractors Association (IMCA)","https://www.imca-int.com/resources/safety/safety-flashes/2019-near-miss-diver-s-umbilical-trapped/"
"EVT-IMCA-0938","UNIQUE","EVT-IMCA-0938","Unique event fingerprint","International Marine Contractors Association (IMCA)","https://www.imca-int.com/resources/safety/safety-flashes/2019-lti-during-mooring-operations/"
"EVT-IMCA-0939","UNIQUE","EVT-IMCA-0939","Unique event fingerprint","International Marine Contractors Association (IMCA)","https://www.imca-int.com/resources/safety/safety-flashes/1919-near-miss-fire-epoxy-overheating/"
"EVT-IMCA-0940","UNIQUE","EVT-IMCA-0940","Unique event fingerprint","International Marine Contractors Association (IMCA)","https://www.imca-int.com/resources/safety/safety-flashes/1919-near-miss-fireexplosion-thermal-runaway-lead-acid-battery/"
"EVT-IMCA-0941","UNIQUE","EVT-IMCA-0941","Unique event fingerprint","International Marine Contractors Association (IMCA)","https://www.imca-int.com/resources/safety/safety-flashes/1919-fire-in-incinerator-exhaust-gas-manifold/"
"EVT-IMCA-0942","UNIQUE","EVT-IMCA-0942","Unique event fingerprint","International Marine Contractors Association (IMCA)","https://www.imca-int.com/resources/safety/safety-flashes/1919-seawater-entering-cabin-caused-electrical-fault/"
"EVT-IMCA-0943","UNIQUE","EVT-IMCA-0943","Unique event fingerprint","International Marine Contractors Association (IMCA)","https://www.imca-int.com/resources/safety/safety-flashes/1919-fire-main-dust-cap-blown-away-by-pressure-from-the-line/"
"EVT-IMCA-0944","UNIQUE","EVT-IMCA-0944","Unique event fingerprint","International Marine Contractors Association (IMCA)","https://www.imca-int.com/resources/safety/safety-flashes/1919-smouldering-coiled-extension-cable/"
"EVT-IMCA-0945","UNIQUE","EVT-IMCA-0945","Unique event fingerprint","International Marine Contractors Association (IMCA)","https://www.imca-int.com/resources/safety/safety-flashes/1819-important-safety-notice-for-users-of-crosby-s-1326-1820mm-shur-loc-hook-with-16t-wll-pn-100434/"
"EVT-IMCA-0946","UNIQUE","EVT-IMCA-0946","Unique event fingerprint","International Marine Contractors Association (IMCA)","https://www.imca-int.com/resources/safety/safety-flashes/1819-crane-anti-two-block-securing-wire-failure/"
"EVT-IMCA-0947","UNIQUE","EVT-IMCA-0947","Unique event fingerprint","International Marine Contractors Association (IMCA)","https://www.imca-int.com/resources/safety/safety-flashes/1819-mattress-beam-landed-very-close-to-divers/"
"EVT-IMCA-0948","UNIQUE","EVT-IMCA-0948","Unique event fingerprint","International Marine Contractors Association (IMCA)","https://www.imca-int.com/resources/safety/safety-flashes/1819-near-miss-two-dropped-objects-msf/"
"EVT-IMCA-0949","UNIQUE","EVT-IMCA-0949","Unique event fingerprint","International Marine Contractors Association (IMCA)","https://www.imca-int.com/resources/safety/safety-flashes/1719-high-potential-near-miss-storage-box-dropped-from-forklift/"
"EVT-IMCA-0950","UNIQUE","EVT-IMCA-0950","Unique event fingerprint","International Marine Contractors Association (IMCA)","https://www.imca-int.com/resources/safety/safety-flashes/1719-dropped-load-bottled-water-during-lifting-operations/"
"EVT-IMCA-0951","UNIQUE","EVT-IMCA-0951","Unique event fingerprint","International Marine Contractors Association (IMCA)","https://www.imca-int.com/resources/safety/safety-flashes/1719-near-miss-dropped-magnet-during-dry-docking/"
"EVT-IMCA-0952","UNIQUE","EVT-IMCA-0952","Unique event fingerprint","International Marine Contractors Association (IMCA)","https://www.imca-int.com/resources/safety/safety-flashes/1719-high-potential-near-miss-dropped-object-during-piggyback-drilling-operations/"
"EVT-IMCA-0953","UNIQUE","EVT-IMCA-0953","Unique event fingerprint","International Marine Contractors Association (IMCA)","https://www.imca-int.com/resources/safety/safety-flashes/1719-quayside-dropped-object/"
"EVT-IMCA-0954","UNIQUE","EVT-IMCA-0954","Unique event fingerprint","International Marine Contractors Association (IMCA)","https://www.imca-int.com/resources/safety/safety-flashes/1719-dropped-flexible-pipe-incident/"
"EVT-IMCA-0955","UNIQUE","EVT-IMCA-0955","Unique event fingerprint","International Marine Contractors Association (IMCA)","https://www.imca-int.com/resources/safety/safety-flashes/1619-lti-foot-injury-after-standing-on-rotating-winch-drum/"
"EVT-IMCA-0956","UNIQUE","EVT-IMCA-0956","Unique event fingerprint","International Marine Contractors Association (IMCA)","https://www.imca-int.com/resources/safety/safety-flashes/1619-sprained-ankle-whilst-climbing-on-equipment/"
"EVT-IMCA-0957","UNIQUE","EVT-IMCA-0957","Unique event fingerprint","International Marine Contractors Association (IMCA)","https://www.imca-int.com/resources/safety/safety-flashes/1619-line-of-fire-cutting-injury-to-index-finger/"
"EVT-IMCA-0958","UNIQUE","EVT-IMCA-0958","Unique event fingerprint","International Marine Contractors Association (IMCA)","https://www.imca-int.com/resources/safety/safety-flashes/1619-man-overboard-fatality/"
"EVT-IMCA-0959","UNIQUE","EVT-IMCA-0959","Unique event fingerprint","International Marine Contractors Association (IMCA)","https://www.imca-int.com/resources/safety/safety-flashes/1619-two-incidents-relating-to-life-raftslife-boats/"
"EVT-IMCA-0960","UNIQUE","EVT-IMCA-0960","Unique event fingerprint","International Marine Contractors Association (IMCA)","https://www.imca-int.com/resources/safety/safety-flashes/1519-well-drilled-in-the-wrong-place-breaches-railway-tunnel/"
"EVT-IMCA-0961","UNIQUE","EVT-IMCA-0961","Unique event fingerprint","International Marine Contractors Association (IMCA)","https://www.imca-int.com/resources/safety/safety-flashes/1519-space-heater-caught-fire/"
"EVT-IMCA-0962","UNIQUE","EVT-IMCA-0962","Unique event fingerprint","International Marine Contractors Association (IMCA)","https://www.imca-int.com/resources/safety/safety-flashes/1519-main-engine-turbocharger-lagging-on-fire/"
"EVT-IMCA-0963","UNIQUE","EVT-IMCA-0963","Unique event fingerprint","International Marine Contractors Association (IMCA)","https://www.imca-int.com/resources/safety/safety-flashes/1519-near-miss-uncontrolled-movement-of-gangway/"
"EVT-IMCA-0964","UNIQUE","EVT-IMCA-0964","Unique event fingerprint","International Marine Contractors Association (IMCA)","https://www.imca-int.com/resources/safety/safety-flashes/1519-have-a-regime-when-the-current-s-abeam-ensure-adequate-manoeuvring-space/"
"EVT-IMCA-0965","UNIQUE","EVT-IMCA-0965","Unique event fingerprint","International Marine Contractors Association (IMCA)","https://www.imca-int.com/resources/safety/safety-flashes/1419-high-potential-near-miss-person-found-unconscious-in-confined-space/"
"EVT-IMCA-0966","UNIQUE","EVT-IMCA-0966","Unique event fingerprint","International Marine Contractors Association (IMCA)","https://www.imca-int.com/resources/safety/safety-flashes/1419-three-hand-injuries/"
"EVT-IMCA-0967","UNIQUE","EVT-IMCA-0967","Unique event fingerprint","International Marine Contractors Association (IMCA)","https://www.imca-int.com/resources/safety/safety-flashes/1419-confined-spaces-silent-and-invisible-killers/"
"EVT-IMCA-0968","UNIQUE","EVT-IMCA-0968","Unique event fingerprint","International Marine Contractors Association (IMCA)","https://www.imca-int.com/resources/safety/safety-flashes/1419-three-fatalities-stored-energy-falling-objects-traffic-management/"
"EVT-IMCA-0969","UNIQUE","EVT-IMCA-0969","Unique event fingerprint","International Marine Contractors Association (IMCA)","https://www.imca-int.com/resources/safety/safety-flashes/1319-galley-electric-shock-uncontrolled-portable-electrical-equipment/"
"EVT-IMCA-0970","UNIQUE","EVT-IMCA-0970","Unique event fingerprint","International Marine Contractors Association (IMCA)","https://www.imca-int.com/resources/safety/safety-flashes/1319-use-of-220v-ac-power-tools-and-equipment/"
"EVT-IMCA-0971","UNIQUE","EVT-IMCA-0971","Unique event fingerprint","International Marine Contractors Association (IMCA)","https://www.imca-int.com/resources/safety/safety-flashes/1319-don-t-put-your-finger-in-the-wrong-place-failure-to-isolate-equipment-causes-serious-finger-injury/"
"EVT-IMCA-0972","UNIQUE","EVT-IMCA-0972","Unique event fingerprint","International Marine Contractors Association (IMCA)","https://www.imca-int.com/resources/safety/safety-flashes/1319-the-wear-and-care-of-safety-helmets/"
"EVT-IMCA-0973","UNIQUE","EVT-IMCA-0973","Unique event fingerprint","International Marine Contractors Association (IMCA)","https://www.imca-int.com/resources/safety/safety-flashes/1219-partial-pressure-of-oxygen-ppo2-getting-low-in-bell/"
"EVT-IMCA-0974","UNIQUE","EVT-IMCA-0974","Unique event fingerprint","International Marine Contractors Association (IMCA)","https://www.imca-int.com/resources/safety/safety-flashes/1219-oxygen-service-regulators/"
"EVT-IMCA-0975","UNIQUE","EVT-IMCA-0975","Unique event fingerprint","International Marine Contractors Association (IMCA)","https://www.imca-int.com/resources/safety/safety-flashes/1219-theft-from-vessel-at-anchor/"
"EVT-IMCA-0976","UNIQUE","EVT-IMCA-0976","Unique event fingerprint","International Marine Contractors Association (IMCA)","https://www.imca-int.com/resources/safety/safety-flashes/1219-dropped-load-water/"
"EVT-IMCA-0977","UNIQUE","EVT-IMCA-0977","Unique event fingerprint","International Marine Contractors Association (IMCA)","https://www.imca-int.com/resources/safety/safety-flashes/1219-high-potential-near-miss-unsecured-sheave/"
"EVT-IMCA-0978","UNIQUE","EVT-IMCA-0978","Unique event fingerprint","International Marine Contractors Association (IMCA)","https://www.imca-int.com/resources/safety/safety-flashes/1219-two-battery-issues-step-change/"
"EVT-IMCA-0979","UNIQUE","EVT-IMCA-0979","Unique event fingerprint","International Marine Contractors Association (IMCA)","https://www.imca-int.com/resources/safety/safety-flashes/1119-fatality-and-multiple-injuries-flash-fire-incident-onboard-pipelay-barge/"
"EVT-IMCA-0980","UNIQUE","EVT-IMCA-0980","Unique event fingerprint","International Marine Contractors Association (IMCA)","https://www.imca-int.com/resources/safety/safety-flashes/1019-diver-fatality-during-subsea-lifting-operations-update/"
"EVT-IMCA-0981","UNIQUE","EVT-IMCA-0981","Unique event fingerprint","International Marine Contractors Association (IMCA)","https://www.imca-int.com/resources/safety/safety-flashes/1019-helium-gas-quad-gas-variances-across-quadrants/"
"EVT-IMCA-0982","UNIQUE","EVT-IMCA-0982","Unique event fingerprint","International Marine Contractors Association (IMCA)","https://www.imca-int.com/resources/safety/safety-flashes/1019-weight-dropped-to-the-seabed-narrowly-missing-diving-bell/"
"EVT-IMCA-0983","UNIQUE","EVT-IMCA-0983","Unique event fingerprint","International Marine Contractors Association (IMCA)","https://www.imca-int.com/resources/safety/safety-flashes/1019-near-miss-fire-of-electrical-distribution-board-during-diving-operations/"
"EVT-IMCA-0984","UNIQUE","EVT-IMCA-0984","Unique event fingerprint","International Marine Contractors Association (IMCA)","https://www.imca-int.com/resources/safety/safety-flashes/0919-line-of-firepinch-point-fractured-fingers/"
"EVT-IMCA-0985","UNIQUE","EVT-IMCA-0985","Unique event fingerprint","International Marine Contractors Association (IMCA)","https://www.imca-int.com/resources/safety/safety-flashes/0919-rigger-sustains-injury-to-left-hand/"
"EVT-IMCA-0986","UNIQUE","EVT-IMCA-0986","Unique event fingerprint","International Marine Contractors Association (IMCA)","https://www.imca-int.com/resources/safety/safety-flashes/0919-slip-on-wet-surface-marine-safety-forum/"
"EVT-IMCA-0987","UNIQUE","EVT-IMCA-0987","Unique event fingerprint","International Marine Contractors Association (IMCA)","https://www.imca-int.com/resources/safety/safety-flashes/0919-unsafe-actions-and-conditions-inhibited-alarm-buttons/"
"EVT-IMCA-0988","UNIQUE","EVT-IMCA-0988","Unique event fingerprint","International Marine Contractors Association (IMCA)","https://www.imca-int.com/resources/safety/safety-flashes/0819-fishing-nets-caught-in-propellers/"
"EVT-IMCA-0989","UNIQUE","EVT-IMCA-0989","Unique event fingerprint","International Marine Contractors Association (IMCA)","https://www.imca-int.com/resources/safety/safety-flashes/0819-oil-spill-during-bunkering/"
"EVT-IMCA-0990","UNIQUE","EVT-IMCA-0990","Unique event fingerprint","International Marine Contractors Association (IMCA)","https://www.imca-int.com/resources/safety/safety-flashes/0819-damaged-high-pressure-content-gauge-hoses-on-bail-outs/"
"EVT-IMCA-0991","UNIQUE","EVT-IMCA-0991","Unique event fingerprint","International Marine Contractors Association (IMCA)","https://www.imca-int.com/resources/safety/safety-flashes/0819-fire-smoke-coming-from-an-expired-line-throwing-apparatus-lta-cartridge-kept-for-disposal/"
"EVT-IMCA-0992","UNIQUE","EVT-IMCA-0992","Unique event fingerprint","International Marine Contractors Association (IMCA)","https://www.imca-int.com/resources/safety/safety-flashes/0819-hot-water-fitting-failure-results-in-3m-loss-of-depth-in-diving-bell/"
"EVT-IMCA-0993","UNIQUE","EVT-IMCA-0993","Unique event fingerprint","International Marine Contractors Association (IMCA)","https://www.imca-int.com/resources/safety/safety-flashes/0719-unpublished-safety-incidents/"
"EVT-IMCA-0994","UNIQUE","EVT-IMCA-0994","Unique event fingerprint","International Marine Contractors Association (IMCA)","https://www.imca-int.com/resources/safety/safety-flashes/0719-transferee-stepping-from-gangway-to-staircase-during-rotation/"
"EVT-IMCA-0995","UNIQUE","EVT-IMCA-0995","Unique event fingerprint","International Marine Contractors Association (IMCA)","https://www.imca-int.com/resources/safety/safety-flashes/0719-near-miss-cargo-shifted-on-deck-in-heavy-weather/"
"EVT-IMCA-0996","UNIQUE","EVT-IMCA-0996","Unique event fingerprint","International Marine Contractors Association (IMCA)","https://www.imca-int.com/resources/safety/safety-flashes/0719-uncontrolled-release-of-walk-to-work-gangway/"
"EVT-IMCA-0997","UNIQUE","EVT-IMCA-0997","Unique event fingerprint","International Marine Contractors Association (IMCA)","https://www.imca-int.com/resources/safety/safety-flashes/0719-vessel-hit-moored-barge-whilst-turning/"
"EVT-IMCA-0998","UNIQUE","EVT-IMCA-0998","Unique event fingerprint","International Marine Contractors Association (IMCA)","https://www.imca-int.com/resources/safety/safety-flashes/0619-latent-trip-hazards/"
"EVT-IMCA-0999","UNIQUE","EVT-IMCA-0999","Unique event fingerprint","International Marine Contractors Association (IMCA)","https://www.imca-int.com/resources/safety/safety-flashes/0619-near-miss-crewman-struck-on-head-by-crane-hook-marine-safety-forum/"
"EVT-IMCA-1000","UNIQUE","EVT-IMCA-1000","Unique event fingerprint","International Marine Contractors Association (IMCA)","https://www.imca-int.com/resources/safety/safety-flashes/0619-personal-injury-following-ppe-violation-and-slip-and-fall-on-deck/"
"EVT-IMCA-1001","UNIQUE","EVT-IMCA-1001","Unique event fingerprint","International Marine Contractors Association (IMCA)","https://www.imca-int.com/resources/safety/safety-flashes/0619-hand-injury-during-closing-of-hatch/"
"EVT-IMCA-1002","UNIQUE","EVT-IMCA-1002","Unique event fingerprint","International Marine Contractors Association (IMCA)","https://www.imca-int.com/resources/safety/safety-flashes/0619-lti-head-injury/"
"EVT-IMCA-1003","UNIQUE","EVT-IMCA-1003","Unique event fingerprint","International Marine Contractors Association (IMCA)","https://www.imca-int.com/resources/safety/safety-flashes/0519-high-potential-near-miss-passenger-on-a-ctv-narrowly-avoided-being-crushed-between-vessels/"
"EVT-IMCA-1004","UNIQUE","EVT-IMCA-1004","Unique event fingerprint","International Marine Contractors Association (IMCA)","https://www.imca-int.com/resources/safety/safety-flashes/0519-near-miss-potential-fall-through-ctv-hatch/"
"EVT-IMCA-1005","UNIQUE","EVT-IMCA-1005","Unique event fingerprint","International Marine Contractors Association (IMCA)","https://www.imca-int.com/resources/safety/safety-flashes/0519-near-miss-diver-reports-tight-gas/"
"EVT-IMCA-1006","UNIQUE","EVT-IMCA-1006","Unique event fingerprint","International Marine Contractors Association (IMCA)","https://www.imca-int.com/resources/safety/safety-flashes/0519-near-miss-winch-wire-snagged-and-released-suddenly/"
"EVT-IMCA-1007","UNIQUE","EVT-IMCA-1007","Unique event fingerprint","International Marine Contractors Association (IMCA)","https://www.imca-int.com/resources/safety/safety-flashes/0419-galley-safety-rice-cooker-smouldering/"
"EVT-IMCA-1008","UNIQUE","EVT-IMCA-1008","Unique event fingerprint","International Marine Contractors Association (IMCA)","https://www.imca-int.com/resources/safety/safety-flashes/0419-near-miss-potential-fire-overheating-of-oil-in-deep-frying-pan/"
"EVT-IMCA-1009","UNIQUE","EVT-IMCA-1009","Unique event fingerprint","International Marine Contractors Association (IMCA)","https://www.imca-int.com/resources/safety/safety-flashes/0419-sparks-from-funnel-caused-small-fire/"
"EVT-IMCA-1010","UNIQUE","EVT-IMCA-1010","Unique event fingerprint","International Marine Contractors Association (IMCA)","https://www.imca-int.com/resources/safety/safety-flashes/0419-hazard-hunt-fire-dampers-and-fixed-firefighting-systems/"
"EVT-IMCA-1011","UNIQUE","EVT-IMCA-1011","Unique event fingerprint","International Marine Contractors Association (IMCA)","https://www.imca-int.com/resources/safety/safety-flashes/0319-product-caution-notice-relating-to-commercial-diving-equipment-gas-conditioner-charges/"
"EVT-IMCA-1012","UNIQUE","EVT-IMCA-1012","Unique event fingerprint","International Marine Contractors Association (IMCA)","https://www.imca-int.com/resources/safety/safety-flashes/0319-corrosion-failure-of-bolts-on-a-cargo-barge-bollard/"
"EVT-IMCA-1013","UNIQUE","EVT-IMCA-1013","Unique event fingerprint","International Marine Contractors Association (IMCA)","https://www.imca-int.com/resources/safety/safety-flashes/0319-lti-engineer-injured-following-engine-room-sliptrip/"
"EVT-IMCA-1014","UNIQUE","EVT-IMCA-1014","Unique event fingerprint","International Marine Contractors Association (IMCA)","https://www.imca-int.com/resources/safety/safety-flashes/0319-subcontractor-rov-control-room-damaged-by-fire/"
"EVT-IMCA-1015","UNIQUE","EVT-IMCA-1015","Unique event fingerprint","International Marine Contractors Association (IMCA)","https://www.imca-int.com/resources/safety/safety-flashes/0219-lti-finger-injury-during-work-with-rotating-machinery/"
"EVT-IMCA-1016","UNIQUE","EVT-IMCA-1016","Unique event fingerprint","International Marine Contractors Association (IMCA)","https://www.imca-int.com/resources/safety/safety-flashes/0219-bsee-worker-injured-in-fall-from-height-into-water/"
"EVT-IMCA-1017","UNIQUE","EVT-IMCA-1017","Unique event fingerprint","International Marine Contractors Association (IMCA)","https://www.imca-int.com/resources/safety/safety-flashes/0219-hazard-hunt-pilot-ladders-and-gangways/"
"EVT-IMCA-1018","UNIQUE","EVT-IMCA-1018","Unique event fingerprint","International Marine Contractors Association (IMCA)","https://www.imca-int.com/resources/safety/safety-flashes/0219-high-potential-near-miss-dropped-line-pipe-after-vacuum-lifter-failed/"
"EVT-IMCA-1019","UNIQUE","EVT-IMCA-1019","Unique event fingerprint","International Marine Contractors Association (IMCA)","https://www.imca-int.com/resources/safety/safety-flashes/0219-high-potential-near-miss-dropped-object-flood-lamp/"
"EVT-IMCA-1020","UNIQUE","EVT-IMCA-1020","Unique event fingerprint","International Marine Contractors Association (IMCA)","https://www.imca-int.com/resources/safety/safety-flashes/0119-confined-space-entry-person-overcome-by-fumes-and-rendered-unconscious/"
"EVT-IMCA-1021","UNIQUE","EVT-IMCA-1021","Unique event fingerprint","International Marine Contractors Association (IMCA)","https://www.imca-int.com/resources/safety/safety-flashes/0119-confined-space-fatality-on-board-the-fishing-vessel-sunbeam/"
"EVT-IMCA-1022","UNIQUE","EVT-IMCA-1022","Unique event fingerprint","International Marine Contractors Association (IMCA)","https://www.imca-int.com/resources/safety/safety-flashes/0119-confined-space-entry-worker-died-inside-pump-room/"
"EVT-IMCA-1023","UNIQUE","EVT-IMCA-1023","Unique event fingerprint","International Marine Contractors Association (IMCA)","https://www.imca-int.com/resources/safety/safety-flashes/0119-person-felt-unwell-while-working-in-confined-space/"
"EVT-IMCA-1024","UNIQUE","EVT-IMCA-1024","Unique event fingerprint","International Marine Contractors Association (IMCA)","https://www.imca-int.com/resources/safety/safety-flashes/2918-umbilical-termination-failure-and-loss-of-rov/"
"EVT-IMCA-1025","UNIQUE","EVT-IMCA-1025","Unique event fingerprint","International Marine Contractors Association (IMCA)","https://www.imca-int.com/resources/safety/safety-flashes/2918-fires-caused-by-electronic-device-chargers/"
"EVT-IMCA-1026","UNIQUE","EVT-IMCA-1026","Unique event fingerprint","International Marine Contractors Association (IMCA)","https://www.imca-int.com/resources/safety/safety-flashes/2918-high-potential-near-miss-anchor-brake-failure/"
"EVT-IMCA-1027","UNIQUE","EVT-IMCA-1027","Unique event fingerprint","International Marine Contractors Association (IMCA)","https://www.imca-int.com/resources/safety/safety-flashes/2918-unsafe-backloading-of-equipment/"
"EVT-IMCA-1028","UNIQUE","EVT-IMCA-1028","Unique event fingerprint","International Marine Contractors Association (IMCA)","https://www.imca-int.com/resources/safety/safety-flashes/2918-fatal-injury-during-lifting-operations-maersk-interceptor/"
"EVT-IMCA-1029","UNIQUE","EVT-IMCA-1029","Unique event fingerprint","International Marine Contractors Association (IMCA)","https://www.imca-int.com/resources/safety/safety-flashes/2918-msf-near-miss-potential-dropped-object-during-cargo-operations/"
"EVT-IMCA-1030","UNIQUE","EVT-IMCA-1030","Unique event fingerprint","International Marine Contractors Association (IMCA)","https://www.imca-int.com/resources/safety/safety-flashes/2818-lti-severe-burn-from-short-circuited-li-ion-battery/"
"EVT-IMCA-1031","UNIQUE","EVT-IMCA-1031","Unique event fingerprint","International Marine Contractors Association (IMCA)","https://www.imca-int.com/resources/safety/safety-flashes/2818-uk-hse-worker-suffers-life-changing-crush-injuries-rotating-machine/"
"EVT-IMCA-1032","UNIQUE","EVT-IMCA-1032","Unique event fingerprint","International Marine Contractors Association (IMCA)","https://www.imca-int.com/resources/safety/safety-flashes/2818-msf-two-ltis-a-slip-and-a-fall-and-trapping-a-thumb/"
"EVT-IMCA-1033","UNIQUE","EVT-IMCA-1033","Unique event fingerprint","International Marine Contractors Association (IMCA)","https://www.imca-int.com/resources/safety/safety-flashes/2818-suspected-case-of-legionella-onboard-vessel/"
"EVT-IMCA-1034","UNIQUE","EVT-IMCA-1034","Unique event fingerprint","International Marine Contractors Association (IMCA)","https://www.imca-int.com/resources/safety/safety-flashes/2818-sharp-wire-injury-during-routine-maintenance/"
"EVT-IMCA-1035","UNIQUE","EVT-IMCA-1035","Unique event fingerprint","International Marine Contractors Association (IMCA)","https://www.imca-int.com/resources/safety/safety-flashes/2718-third-party-high-potential-near-miss-dropped-gangway/"
"EVT-IMCA-1036","UNIQUE","EVT-IMCA-1036","Unique event fingerprint","International Marine Contractors Association (IMCA)","https://www.imca-int.com/resources/safety/safety-flashes/2718-don-t-forget-about-gangways-uscg-pilot-dies-in-gangway-accident/"
"EVT-IMCA-1037","UNIQUE","EVT-IMCA-1037","Unique event fingerprint","International Marine Contractors Association (IMCA)","https://www.imca-int.com/resources/safety/safety-flashes/2718-crisis-management-rail-industry-high-potential-near-miss/"
"EVT-IMCA-1038","UNIQUE","EVT-IMCA-1038","Unique event fingerprint","International Marine Contractors Association (IMCA)","https://www.imca-int.com/resources/safety/safety-flashes/2718-bsee-failure-of-crane-hydraulic-boom-cylinders/"
"EVT-IMCA-1039","UNIQUE","EVT-IMCA-1039","Unique event fingerprint","International Marine Contractors Association (IMCA)","https://www.imca-int.com/resources/safety/safety-flashes/2718-pipelay-technician-sustained-cut-to-wrist-whilst-handling-testing-equipment/"
"EVT-IMCA-1040","UNIQUE","EVT-IMCA-1040","Unique event fingerprint","International Marine Contractors Association (IMCA)","https://www.imca-int.com/resources/safety/safety-flashes/2618-lti-rigger-tripped-over-quayside-obstacle-in-the-dark-and-fell/"
"EVT-IMCA-1041","UNIQUE","EVT-IMCA-1041","Unique event fingerprint","International Marine Contractors Association (IMCA)","https://www.imca-int.com/resources/safety/safety-flashes/2618-glow-sticks-breaking-open-chemical-splash-risk/"
"EVT-IMCA-1042","UNIQUE","EVT-IMCA-1042","Unique event fingerprint","International Marine Contractors Association (IMCA)","https://www.imca-int.com/resources/safety/safety-flashes/2618-high-potential-dropped-object-during-lifting-operations/"
"EVT-IMCA-1043","UNIQUE","EVT-IMCA-1043","Unique event fingerprint","International Marine Contractors Association (IMCA)","https://www.imca-int.com/resources/safety/safety-flashes/2618-high-potential-near-miss-tensioner-pad-dropped-to-under-deck-carousel/"
"EVT-IMCA-1044","UNIQUE","EVT-IMCA-1044","Unique event fingerprint","International Marine Contractors Association (IMCA)","https://www.imca-int.com/resources/safety/safety-flashes/2518-finger-injury-diver-caught-finger-in-bell-door/"
"EVT-IMCA-1045","UNIQUE","EVT-IMCA-1045","Unique event fingerprint","International Marine Contractors Association (IMCA)","https://www.imca-int.com/resources/safety/safety-flashes/2518-near-miss-unplanned-deployment-of-plet-outrigger/"
"EVT-IMCA-1046","UNIQUE","EVT-IMCA-1046","Unique event fingerprint","International Marine Contractors Association (IMCA)","https://www.imca-int.com/resources/safety/safety-flashes/2518-lti-finger-injury-during-lifting-operations/"
"EVT-IMCA-1047","UNIQUE","EVT-IMCA-1047","Unique event fingerprint","International Marine Contractors Association (IMCA)","https://www.imca-int.com/resources/safety/safety-flashes/2518-injury-sustained-during-manual-handling-of-sharp-object/"
"EVT-IMCA-1048","UNIQUE","EVT-IMCA-1048","Unique event fingerprint","International Marine Contractors Association (IMCA)","https://www.imca-int.com/resources/safety/safety-flashes/2418-electrician-received-electric-shock-from-a-bare-cable/"
"EVT-IMCA-1049","UNIQUE","EVT-IMCA-1049","Unique event fingerprint","International Marine Contractors Association (IMCA)","https://www.imca-int.com/resources/safety/safety-flashes/2418-ocimf-pilot-ladder-side-rope-failure-unsafe-pilot-transfer/"
"EVT-IMCA-1050","UNIQUE","EVT-IMCA-1050","Unique event fingerprint","International Marine Contractors Association (IMCA)","https://www.imca-int.com/resources/safety/safety-flashes/2418-pallet-failure-high-potential-dropped-object-during-lifting-operations/"
"EVT-IMCA-1051","UNIQUE","EVT-IMCA-1051","Unique event fingerprint","International Marine Contractors Association (IMCA)","https://www.imca-int.com/resources/safety/safety-flashes/2418-incorrectly-weighted-monkey-s-fist/"
"EVT-IMCA-1052","UNIQUE","EVT-IMCA-1052","Unique event fingerprint","International Marine Contractors Association (IMCA)","https://www.imca-int.com/resources/safety/safety-flashes/2418-release-of-stored-energy-from-coiled-superloops/"
"EVT-IMCA-1053","UNIQUE","EVT-IMCA-1053","Unique event fingerprint","International Marine Contractors Association (IMCA)","https://www.imca-int.com/resources/safety/safety-flashes/2418-potential-interference-of-vhf-fm-radio-and-ais-reception/"
"EVT-IMCA-1054","UNIQUE","EVT-IMCA-1054","Unique event fingerprint","International Marine Contractors Association (IMCA)","https://www.imca-int.com/resources/safety/safety-flashes/2318-electric-arc-incident/"
"EVT-IMCA-1055","UNIQUE","EVT-IMCA-1055","Unique event fingerprint","International Marine Contractors Association (IMCA)","https://www.imca-int.com/resources/safety/safety-flashes/2318-robbery-at-anchor-vessel-security/"
"EVT-IMCA-1056","UNIQUE","EVT-IMCA-1056","Unique event fingerprint","International Marine Contractors Association (IMCA)","https://www.imca-int.com/resources/safety/safety-flashes/2318-grinding-using-a-cutting-disc/"
"EVT-IMCA-1057","UNIQUE","EVT-IMCA-1057","Unique event fingerprint","International Marine Contractors Association (IMCA)","https://www.imca-int.com/resources/safety/safety-flashes/2318-snagged-lift-during-deck-cargo-operations/"
"EVT-IMCA-1058","UNIQUE","EVT-IMCA-1058","Unique event fingerprint","International Marine Contractors Association (IMCA)","https://www.imca-int.com/resources/safety/safety-flashes/2218-seamanship-vessel-collision-with-fishing-boat/"
"EVT-IMCA-1059","UNIQUE","EVT-IMCA-1059","Unique event fingerprint","International Marine Contractors Association (IMCA)","https://www.imca-int.com/resources/safety/safety-flashes/2218-high-potential-near-miss-line-of-fire-during-mooring-operations/"
"EVT-IMCA-1060","UNIQUE","EVT-IMCA-1060","Unique event fingerprint","International Marine Contractors Association (IMCA)","https://www.imca-int.com/resources/safety/safety-flashes/2218-lost-time-injury-lti-fall-on-staircase/"
"EVT-IMCA-1061","UNIQUE","EVT-IMCA-1061","Unique event fingerprint","International Marine Contractors Association (IMCA)","https://www.imca-int.com/resources/safety/safety-flashes/2218-serious-injury-from-rotating-winch/"
"EVT-IMCA-1062","UNIQUE","EVT-IMCA-1062","Unique event fingerprint","International Marine Contractors Association (IMCA)","https://www.imca-int.com/resources/safety/safety-flashes/2218-fatal-traffic-accident-on-board-a-large-vessel/"
"EVT-IMCA-1063","UNIQUE","EVT-IMCA-1063","Unique event fingerprint","International Marine Contractors Association (IMCA)","https://www.imca-int.com/resources/safety/safety-flashes/2218-recurring-hand-injury/"
"EVT-IMCA-1064","UNIQUE","EVT-IMCA-1064","Unique event fingerprint","International Marine Contractors Association (IMCA)","https://www.imca-int.com/resources/safety/safety-flashes/2118-unplanned-deployment-of-free-fall-lifeboat/"
"EVT-IMCA-1065","UNIQUE","EVT-IMCA-1065","Unique event fingerprint","International Marine Contractors Association (IMCA)","https://www.imca-int.com/resources/safety/safety-flashes/2118-life-raft-self-activates-and-falls-to-the-quayside/"
"EVT-IMCA-1066","UNIQUE","EVT-IMCA-1066","Unique event fingerprint","International Marine Contractors Association (IMCA)","https://www.imca-int.com/resources/safety/safety-flashes/2118-costly-damage-to-azimuth-thruster-caused-by-fishing-gear/"
"EVT-IMCA-1067","UNIQUE","EVT-IMCA-1067","Unique event fingerprint","International Marine Contractors Association (IMCA)","https://www.imca-int.com/resources/safety/safety-flashes/2118-control-module-failure-caused-main-engine-sudden-reduction-to-idle-speed/"
"EVT-IMCA-1068","UNIQUE","EVT-IMCA-1068","Unique event fingerprint","International Marine Contractors Association (IMCA)","https://www.imca-int.com/resources/safety/safety-flashes/2118-inadequate-maintenance-and-securing-arrangements-of-emergency-exit-hatches/"
"EVT-IMCA-1069","UNIQUE","EVT-IMCA-1069","Unique event fingerprint","International Marine Contractors Association (IMCA)","https://www.imca-int.com/resources/safety/safety-flashes/2018-pro-active-intervention-prevented-high-potential-dropped-objects/"
"EVT-IMCA-1070","UNIQUE","EVT-IMCA-1070","Unique event fingerprint","International Marine Contractors Association (IMCA)","https://www.imca-int.com/resources/safety/safety-flashes/2018-dropped-pipe-incidents-with-potentially-fatal-consequences/"
"EVT-IMCA-1071","UNIQUE","EVT-IMCA-1071","Unique event fingerprint","International Marine Contractors Association (IMCA)","https://www.imca-int.com/resources/safety/safety-flashes/2018-dropped-object-crane-floodlight/"
"EVT-IMCA-1072","UNIQUE","EVT-IMCA-1072","Unique event fingerprint","International Marine Contractors Association (IMCA)","https://www.imca-int.com/resources/safety/safety-flashes/2018-two-serious-dropped-object-near-miss/"
"EVT-IMCA-1073","UNIQUE","EVT-IMCA-1073","Unique event fingerprint","International Marine Contractors Association (IMCA)","https://www.imca-int.com/resources/safety/safety-flashes/2018-dropped-object-first-aid-injury-during-rov-maintenance/"
"EVT-IMCA-1074","UNIQUE","EVT-IMCA-1074","Unique event fingerprint","International Marine Contractors Association (IMCA)","https://www.imca-int.com/resources/safety/safety-flashes/2018-potential-dropped-objects-in-frame-pockets/"
"EVT-IMCA-1075","UNIQUE","EVT-IMCA-1075","Unique event fingerprint","International Marine Contractors Association (IMCA)","https://www.imca-int.com/resources/safety/safety-flashes/1918-diver-fatality-during-subsea-lifting-operations/"
"EVT-IMCA-1076","UNIQUE","EVT-IMCA-1076","Unique event fingerprint","International Marine Contractors Association (IMCA)","https://www.imca-int.com/resources/safety/safety-flashes/1918-two-accident-advisories-relating-to-diver-fatalities/"
"EVT-IMCA-1077","UNIQUE","EVT-IMCA-1077","Unique event fingerprint","International Marine Contractors Association (IMCA)","https://www.imca-int.com/resources/safety/safety-flashes/1818-fire-in-the-accommodation-electronic-items-in-cabins/"
"EVT-IMCA-1078","UNIQUE","EVT-IMCA-1078","Unique event fingerprint","International Marine Contractors Association (IMCA)","https://www.imca-int.com/resources/safety/safety-flashes/1818-auto-ignition-of-laundry-items/"
"EVT-IMCA-1079","UNIQUE","EVT-IMCA-1079","Unique event fingerprint","International Marine Contractors Association (IMCA)","https://www.imca-int.com/resources/safety/safety-flashes/1818-high-potential-near-miss-working-on-pressurised-pipeline/"
"EVT-IMCA-1080","UNIQUE","EVT-IMCA-1080","Unique event fingerprint","International Marine Contractors Association (IMCA)","https://www.imca-int.com/resources/safety/safety-flashes/1818-near-miss-unplanned-release-of-2-blasting-hose-outlet-from-air-receiver-coupling-clamp/"
"EVT-IMCA-1081","UNIQUE","EVT-IMCA-1081","Unique event fingerprint","International Marine Contractors Association (IMCA)","https://www.imca-int.com/resources/safety/safety-flashes/1818-unplanned-stored-pressure-release-worker-struck-by-gas-cylinder-company-fined/"
"EVT-IMCA-1082","UNIQUE","EVT-IMCA-1082","Unique event fingerprint","International Marine Contractors Association (IMCA)","https://www.imca-int.com/resources/safety/safety-flashes/1818-serious-injury-caused-by-energy-isolation-failure/"
"EVT-IMCA-1083","UNIQUE","EVT-IMCA-1083","Unique event fingerprint","International Marine Contractors Association (IMCA)","https://www.imca-int.com/resources/safety/safety-flashes/1718-floating-production-platform-evacuated-amid-power-outage/"
"EVT-IMCA-1084","UNIQUE","EVT-IMCA-1084","Unique event fingerprint","International Marine Contractors Association (IMCA)","https://www.imca-int.com/resources/safety/safety-flashes/1718-wire-rope-sling-failed-during-lifting-operations/"
"EVT-IMCA-1085","UNIQUE","EVT-IMCA-1085","Unique event fingerprint","International Marine Contractors Association (IMCA)","https://www.imca-int.com/resources/safety/safety-flashes/1718-near-miss-onboard-o2-bottle-leaked-into-diving-bell/"
"EVT-IMCA-1086","UNIQUE","EVT-IMCA-1086","Unique event fingerprint","International Marine Contractors Association (IMCA)","https://www.imca-int.com/resources/safety/safety-flashes/1718-high-potential-near-miss-unplanned-handling-of-unexploded-ordnance/"
"EVT-IMCA-1087","UNIQUE","EVT-IMCA-1087","Unique event fingerprint","International Marine Contractors Association (IMCA)","https://www.imca-int.com/resources/safety/safety-flashes/2016-near-miss-divers-umbilical-rupture-during-routine-maintenance/"
"EVT-IMCA-1088","UNIQUE","EVT-IMCA-1088","Unique event fingerprint","International Marine Contractors Association (IMCA)","https://www.imca-int.com/resources/safety/safety-flashes/1618-lost-time-injury-lti-ankle-injuries-during-loading-operations/"
"EVT-IMCA-1089","UNIQUE","EVT-IMCA-1089","Unique event fingerprint","International Marine Contractors Association (IMCA)","https://www.imca-int.com/resources/safety/safety-flashes/1618-injured-finger-during-cargo-operations/"
"EVT-IMCA-1090","UNIQUE","EVT-IMCA-1090","Unique event fingerprint","International Marine Contractors Association (IMCA)","https://www.imca-int.com/resources/safety/safety-flashes/1618-finger-injury-caused-by-falling-wire-wedge/"
"EVT-IMCA-1091","UNIQUE","EVT-IMCA-1091","Unique event fingerprint","International Marine Contractors Association (IMCA)","https://www.imca-int.com/resources/safety/safety-flashes/1618-there-s-something-in-my-eye/"
"EVT-IMCA-1092","UNIQUE","EVT-IMCA-1092","Unique event fingerprint","International Marine Contractors Association (IMCA)","https://www.imca-int.com/resources/safety/safety-flashes/1518-vessel-collision-with-fixed-structure-on-wind-farm/"
"EVT-IMCA-1093","UNIQUE","EVT-IMCA-1093","Unique event fingerprint","International Marine Contractors Association (IMCA)","https://www.imca-int.com/resources/safety/safety-flashes/1518-crewman-received-415v-electric-shock/"
"EVT-IMCA-1094","UNIQUE","EVT-IMCA-1094","Unique event fingerprint","International Marine Contractors Association (IMCA)","https://www.imca-int.com/resources/safety/safety-flashes/1518-uscg-bollard-failures-at-marine-facilities/"
"EVT-IMCA-1095","UNIQUE","EVT-IMCA-1095","Unique event fingerprint","International Marine Contractors Association (IMCA)","https://www.imca-int.com/resources/safety/safety-flashes/1518-fuel-spray-fire/"
"EVT-IMCA-1096","UNIQUE","EVT-IMCA-1096","Unique event fingerprint","International Marine Contractors Association (IMCA)","https://www.imca-int.com/resources/safety/safety-flashes/1518-lti-diver-injured-during-water-jetting-operations/"
"EVT-IMCA-1097","UNIQUE","EVT-IMCA-1097","Unique event fingerprint","International Marine Contractors Association (IMCA)","https://www.imca-int.com/resources/safety/safety-flashes/1518-uscg-two-alerts-relating-to-gas-releases/"
"EVT-IMCA-1098","UNIQUE","EVT-IMCA-1098","Unique event fingerprint","International Marine Contractors Association (IMCA)","https://www.imca-int.com/resources/safety/safety-flashes/1418-man-overboard-personnel-transfers-by-swing-rope-and-personnel-basket/"
"EVT-IMCA-1099","UNIQUE","EVT-IMCA-1099","Unique event fingerprint","International Marine Contractors Association (IMCA)","https://www.imca-int.com/resources/safety/safety-flashes/1418-stored-energy-injury-caused-by-failure-of-expansion-joint-in-fire-fighting-equipment/"
"EVT-IMCA-1100","UNIQUE","EVT-IMCA-1100","Unique event fingerprint","International Marine Contractors Association (IMCA)","https://www.imca-int.com/resources/safety/safety-flashes/1418-three-fires/"
"EVT-IMCA-1101","UNIQUE","EVT-IMCA-1101","Unique event fingerprint","International Marine Contractors Association (IMCA)","https://www.imca-int.com/resources/safety/safety-flashes/1418-vessel-engine-block-blown-open-in-and-around-cylinder/"
"EVT-IMCA-1102","UNIQUE","EVT-IMCA-1102","Unique event fingerprint","International Marine Contractors Association (IMCA)","https://www.imca-int.com/resources/safety/safety-flashes/1418-accidental-activation-of-expired-pyrotechnics-hand-flare/"
"EVT-IMCA-1103","UNIQUE","EVT-IMCA-1103","Unique event fingerprint","International Marine Contractors Association (IMCA)","https://www.imca-int.com/resources/safety/safety-flashes/1418-hangar-door-failure-and-collapse/"
"EVT-IMCA-1104","UNIQUE","EVT-IMCA-1104","Unique event fingerprint","International Marine Contractors Association (IMCA)","https://www.imca-int.com/resources/safety/safety-flashes/1318-lost-time-injury-lti-fractured-elbow-fall-injury/"
"EVT-IMCA-1105","UNIQUE","EVT-IMCA-1105","Unique event fingerprint","International Marine Contractors Association (IMCA)","https://www.imca-int.com/resources/safety/safety-flashes/1318-lti-cut-to-hand-from-protruding-hose-clip-marine-safety-forum/"
"EVT-IMCA-1106","UNIQUE","EVT-IMCA-1106","Unique event fingerprint","International Marine Contractors Association (IMCA)","https://www.imca-int.com/resources/safety/safety-flashes/1318-two-dropped-object-near-misses/"
"EVT-IMCA-1107","UNIQUE","EVT-IMCA-1107","Unique event fingerprint","International Marine Contractors Association (IMCA)","https://www.imca-int.com/resources/safety/safety-flashes/1318-msf-three-potential-near-misses-during-cargo-operations/"
"EVT-IMCA-1108","UNIQUE","EVT-IMCA-1108","Unique event fingerprint","International Marine Contractors Association (IMCA)","https://www.imca-int.com/resources/safety/safety-flashes/1218-uscg-the-role-of-main-propulsion-lube-oil-system-in-the-loss-of-the-el-faro/"
"EVT-IMCA-1109","UNIQUE","EVT-IMCA-1109","Unique event fingerprint","International Marine Contractors Association (IMCA)","https://www.imca-int.com/resources/safety/safety-flashes/1218-helicopter-navigation-experienced-magnetic-interference/"
"EVT-IMCA-1110","UNIQUE","EVT-IMCA-1110","Unique event fingerprint","International Marine Contractors Association (IMCA)","https://www.imca-int.com/resources/safety/safety-flashes/1218-unapproved-repair-of-diver-gas-supply-umbilical/"
"EVT-IMCA-1111","UNIQUE","EVT-IMCA-1111","Unique event fingerprint","International Marine Contractors Association (IMCA)","https://www.imca-int.com/resources/safety/safety-flashes/1218-accidental-drinking-of-thinners-stored-in-mineral-water-bottle/"
"EVT-IMCA-1112","UNIQUE","EVT-IMCA-1112","Unique event fingerprint","International Marine Contractors Association (IMCA)","https://www.imca-int.com/resources/safety/safety-flashes/1218-rodent-caused-short-circuiting-of-440v-bus-bar/"
"EVT-IMCA-1113","UNIQUE","EVT-IMCA-1113","Unique event fingerprint","International Marine Contractors Association (IMCA)","https://www.imca-int.com/resources/safety/safety-flashes/1218-recent-prosecutions-by-the-uk-hse/"
"EVT-IMCA-1114","UNIQUE","EVT-IMCA-1114","Unique event fingerprint","International Marine Contractors Association (IMCA)","https://www.imca-int.com/resources/safety/safety-flashes/1118-uncontrolled-movement-of-a-riser/"
"EVT-IMCA-1115","UNIQUE","EVT-IMCA-1115","Unique event fingerprint","International Marine Contractors Association (IMCA)","https://www.imca-int.com/resources/safety/safety-flashes/1118-high-potential-near-miss-worker-inadvertently-lifted-by-crane-marine-safety-forum/"
"EVT-IMCA-1116","UNIQUE","EVT-IMCA-1116","Unique event fingerprint","International Marine Contractors Association (IMCA)","https://www.imca-int.com/resources/safety/safety-flashes/1118-near-miss-potential-dropped-objects-on-temporary-buoy-modules-tbms/"
"EVT-IMCA-1117","UNIQUE","EVT-IMCA-1117","Unique event fingerprint","International Marine Contractors Association (IMCA)","https://www.imca-int.com/resources/safety/safety-flashes/1118-two-potential-dropped-objects-marine-safety-forum/"
"EVT-IMCA-1118","UNIQUE","EVT-IMCA-1118","Unique event fingerprint","International Marine Contractors Association (IMCA)","https://www.imca-int.com/resources/safety/safety-flashes/1018-incorrectly-selected-oxygen-welding-gas-hose-bursts-catches-fire/"
"EVT-IMCA-1119","UNIQUE","EVT-IMCA-1119","Unique event fingerprint","International Marine Contractors Association (IMCA)","https://www.imca-int.com/resources/safety/safety-flashes/1018-edges-and-ledges-a-slip-on-deck-resulted-in-injury/"
"EVT-IMCA-1120","UNIQUE","EVT-IMCA-1120","Unique event fingerprint","International Marine Contractors Association (IMCA)","https://www.imca-int.com/resources/safety/safety-flashes/1018-vessel-ran-aground-following-error-on-chart/"
"EVT-IMCA-1121","UNIQUE","EVT-IMCA-1121","Unique event fingerprint","International Marine Contractors Association (IMCA)","https://www.imca-int.com/resources/safety/safety-flashes/1018-vessel-made-contact-with-rig-legs/"
"EVT-IMCA-1122","UNIQUE","EVT-IMCA-1122","Unique event fingerprint","International Marine Contractors Association (IMCA)","https://www.imca-int.com/resources/safety/safety-flashes/1018-corrosion-cracking-of-strain-hardened-type-304-stainless-steel-bolts/"
"EVT-IMCA-1123","UNIQUE","EVT-IMCA-1123","Unique event fingerprint","International Marine Contractors Association (IMCA)","https://www.imca-int.com/resources/safety/safety-flashes/0918-dropped-object-intermediate-bulk-container-ibc/"
"EVT-IMCA-1124","UNIQUE","EVT-IMCA-1124","Unique event fingerprint","International Marine Contractors Association (IMCA)","https://www.imca-int.com/resources/safety/safety-flashes/0918-bsee-potentially-catastrophic-crane-and-lifting-incidents/"
"EVT-IMCA-1125","UNIQUE","EVT-IMCA-1125","Unique event fingerprint","International Marine Contractors Association (IMCA)","https://www.imca-int.com/resources/safety/safety-flashes/0918-worker-hit-by-steel-plate-falling-from-crane/"
"EVT-IMCA-1126","UNIQUE","EVT-IMCA-1126","Unique event fingerprint","International Marine Contractors Association (IMCA)","https://www.imca-int.com/resources/safety/safety-flashes/0918-missing-protection-cover-becomes-potential-dropped-object/"
"EVT-IMCA-1127","UNIQUE","EVT-IMCA-1127","Unique event fingerprint","International Marine Contractors Association (IMCA)","https://www.imca-int.com/resources/safety/safety-flashes/0918-load-fell-from-trailer-after-it-was-inadequately-secured/"
"EVT-IMCA-1128","UNIQUE","EVT-IMCA-1128","Unique event fingerprint","International Marine Contractors Association (IMCA)","https://www.imca-int.com/resources/safety/safety-flashes/0818-near-miss-diver-s-umbilical-snagged-by-work-basket-during-recovery-to-surface/"
"EVT-IMCA-1129","UNIQUE","EVT-IMCA-1129","Unique event fingerprint","International Marine Contractors Association (IMCA)","https://www.imca-int.com/resources/safety/safety-flashes/0818-rope-on-propeller-causing-partial-loss-of-propulsion/"
"EVT-IMCA-1130","UNIQUE","EVT-IMCA-1130","Unique event fingerprint","International Marine Contractors Association (IMCA)","https://www.imca-int.com/resources/safety/safety-flashes/0818-unsafe-attempt-of-personnel-transfer-between-vessels/"
"EVT-IMCA-1131","UNIQUE","EVT-IMCA-1131","Unique event fingerprint","International Marine Contractors Association (IMCA)","https://www.imca-int.com/resources/safety/safety-flashes/0818-port-company-fined-after-600kg-fibc-bag-falls-on-employee/"
"EVT-IMCA-1132","UNIQUE","EVT-IMCA-1132","Unique event fingerprint","International Marine Contractors Association (IMCA)","https://www.imca-int.com/resources/safety/safety-flashes/0818-finger-burnt-by-overheating-electrical-component/"
"EVT-IMCA-1133","UNIQUE","EVT-IMCA-1133","Unique event fingerprint","International Marine Contractors Association (IMCA)","https://www.imca-int.com/resources/safety/safety-flashes/0718-sustained-load-cracking-in-aluminium-cylinders-manufactured-from-aluminium-alloys-he30aa6082-and-aa6351/"
"EVT-IMCA-1134","UNIQUE","EVT-IMCA-1134","Unique event fingerprint","International Marine Contractors Association (IMCA)","https://www.imca-int.com/resources/safety/safety-flashes/0718-technical-service-bulletin-from-brocorankin-br22-plus-exothermic-cutting-torch/"
"EVT-IMCA-1135","UNIQUE","EVT-IMCA-1135","Unique event fingerprint","International Marine Contractors Association (IMCA)","https://www.imca-int.com/resources/safety/safety-flashes/0618-catastrophic-engine-failure-resulting-in-a-fire-on-a-crew-transfer-vessel/"
"EVT-IMCA-1136","UNIQUE","EVT-IMCA-1136","Unique event fingerprint","International Marine Contractors Association (IMCA)","https://www.imca-int.com/resources/safety/safety-flashes/0618-finger-injury-during-recovery-of-daughter-craft/"
"EVT-IMCA-1137","UNIQUE","EVT-IMCA-1137","Unique event fingerprint","International Marine Contractors Association (IMCA)","https://www.imca-int.com/resources/safety/safety-flashes/0618-workboat-failed-during-transfer-operations-due-to-fuel-contamination/"
"EVT-IMCA-1138","UNIQUE","EVT-IMCA-1138","Unique event fingerprint","International Marine Contractors Association (IMCA)","https://www.imca-int.com/resources/safety/safety-flashes/0618-vesselplatform-collision-mooring-bollard-broken-by-vessel/"
"EVT-IMCA-1139","UNIQUE","EVT-IMCA-1139","Unique event fingerprint","International Marine Contractors Association (IMCA)","https://www.imca-int.com/resources/safety/safety-flashes/0618-accidental-mixing-of-different-fuel-oils/"
"EVT-IMCA-1140","UNIQUE","EVT-IMCA-1140","Unique event fingerprint","International Marine Contractors Association (IMCA)","https://www.imca-int.com/resources/safety/safety-flashes/0618-unexpected-release-of-water-during-annual-maintenance-of-co2-fixed-firefighting-system/"
"EVT-IMCA-1141","UNIQUE","EVT-IMCA-1141","Unique event fingerprint","International Marine Contractors Association (IMCA)","https://www.imca-int.com/resources/safety/safety-flashes/0518-fatality-worker-crushed-between-two-items-of-moving-plant/"
"EVT-IMCA-1142","UNIQUE","EVT-IMCA-1142","Unique event fingerprint","International Marine Contractors Association (IMCA)","https://www.imca-int.com/resources/safety/safety-flashes/0518-worker-lost-his-leg-when-he-was-hit-by-a-forklift-truck-during-lifting-operations/"
"EVT-IMCA-1143","UNIQUE","EVT-IMCA-1143","Unique event fingerprint","International Marine Contractors Association (IMCA)","https://www.imca-int.com/resources/safety/safety-flashes/0518-worker-fatally-injured-in-falling-from-a-scissor-lift-platform-which-collided-with-another-vehicle/"
"EVT-IMCA-1144","UNIQUE","EVT-IMCA-1144","Unique event fingerprint","International Marine Contractors Association (IMCA)","https://www.imca-int.com/resources/safety/safety-flashes/0518-worker-struck-and-injured-by-tipper-truck/"
"EVT-IMCA-1145","UNIQUE","EVT-IMCA-1145","Unique event fingerprint","International Marine Contractors Association (IMCA)","https://www.imca-int.com/resources/safety/safety-flashes/0418-near-miss-potential-dropped-object-left-on-top-of-cargo/"
"EVT-IMCA-1146","UNIQUE","EVT-IMCA-1146","Unique event fingerprint","International Marine Contractors Association (IMCA)","https://www.imca-int.com/resources/safety/safety-flashes/0418-potential-dropped-objects-left-on-loaded-cargo/"
"EVT-IMCA-1147","UNIQUE","EVT-IMCA-1147","Unique event fingerprint","International Marine Contractors Association (IMCA)","https://www.imca-int.com/resources/safety/safety-flashes/0418-high-potential-near-miss-dropped-object-spark-arrestor/"
"EVT-IMCA-1148","UNIQUE","EVT-IMCA-1148","Unique event fingerprint","International Marine Contractors Association (IMCA)","https://www.imca-int.com/resources/safety/safety-flashes/0418-high-potential-dropped-object-satellite-dome-fell-from-mast/"
"EVT-IMCA-1149","UNIQUE","EVT-IMCA-1149","Unique event fingerprint","International Marine Contractors Association (IMCA)","https://www.imca-int.com/resources/safety/safety-flashes/0418-galvanic-corrosion-causes-dropped-object-satellite-dome-fell-from-mast/"
"EVT-IMCA-1150","UNIQUE","EVT-IMCA-1150","Unique event fingerprint","International Marine Contractors Association (IMCA)","https://www.imca-int.com/resources/safety/safety-flashes/0318-snapped-mooring-line/"
"EVT-IMCA-1151","UNIQUE","EVT-IMCA-1151","Unique event fingerprint","International Marine Contractors Association (IMCA)","https://www.imca-int.com/resources/safety/safety-flashes/0318-gangway-damaged-when-lifting-line-parted/"
"EVT-IMCA-1152","UNIQUE","EVT-IMCA-1152","Unique event fingerprint","International Marine Contractors Association (IMCA)","https://www.imca-int.com/resources/safety/safety-flashes/0318-fast-rescue-craft-damaged-by-inappropriate-use/"
"EVT-IMCA-1153","UNIQUE","EVT-IMCA-1153","Unique event fingerprint","International Marine Contractors Association (IMCA)","https://www.imca-int.com/resources/safety/safety-flashes/0318-inadequate-handling-and-storage-of-potentially-hazardous-substances/"
"EVT-IMCA-1154","UNIQUE","EVT-IMCA-1154","Unique event fingerprint","International Marine Contractors Association (IMCA)","https://www.imca-int.com/resources/safety/safety-flashes/0318-near-miss-potential-fire-in-the-laundry-room/"
"EVT-IMCA-1155","UNIQUE","EVT-IMCA-1155","Unique event fingerprint","International Marine Contractors Association (IMCA)","https://www.imca-int.com/resources/safety/safety-flashes/0318-fixed-co2-fire-extinguishing-systems-us-coast-guard-alert/"
"EVT-IMCA-1156","UNIQUE","EVT-IMCA-1156","Unique event fingerprint","International Marine Contractors Association (IMCA)","https://www.imca-int.com/resources/safety/safety-flashes/0218-lti-feet-trapped-in-motion-compensated-telescopic-gangway/"
"EVT-IMCA-1157","UNIQUE","EVT-IMCA-1157","Unique event fingerprint","International Marine Contractors Association (IMCA)","https://www.imca-int.com/resources/safety/safety-flashes/0218-lifeboat-damaged-during-deployment-drill/"
"EVT-IMCA-1158","UNIQUE","EVT-IMCA-1158","Unique event fingerprint","International Marine Contractors Association (IMCA)","https://www.imca-int.com/resources/safety/safety-flashes/0218-high-potential-near-miss-ab-slipped-over-the-side-during-mooring-operations/"
"EVT-IMCA-1159","UNIQUE","EVT-IMCA-1159","Unique event fingerprint","International Marine Contractors Association (IMCA)","https://www.imca-int.com/resources/safety/safety-flashes/0218-lti-finger-injury-while-using-safe-hands-tool/"
"EVT-IMCA-1160","UNIQUE","EVT-IMCA-1160","Unique event fingerprint","International Marine Contractors Association (IMCA)","https://www.imca-int.com/resources/safety/safety-flashes/0218-near-miss-potential-dropped-object-due-to-unsecured-door/"
"EVT-IMCA-1161","UNIQUE","EVT-IMCA-1161","Unique event fingerprint","International Marine Contractors Association (IMCA)","https://www.imca-int.com/resources/safety/safety-flashes/3217-load-exceeding-safe-working-load-swl-leads-to-overstressed-and-damaged-rigging/"
"EVT-IMCA-1162","UNIQUE","EVT-IMCA-1162","Unique event fingerprint","International Marine Contractors Association (IMCA)","https://www.imca-int.com/resources/safety/safety-flashes/3217-failure-of-steel-wire-sling/"
"EVT-IMCA-1163","UNIQUE","EVT-IMCA-1163","Unique event fingerprint","International Marine Contractors Association (IMCA)","https://www.imca-int.com/resources/safety/safety-flashes/3217-arm-injury-whilst-using-pillar-drill/"
"EVT-IMCA-1164","UNIQUE","EVT-IMCA-1164","Unique event fingerprint","International Marine Contractors Association (IMCA)","https://www.imca-int.com/resources/safety/safety-flashes/3217-finger-injury-while-using-a-crowbar-to-try-to-shift-a-large-shackle/"
"EVT-IMCA-1165","UNIQUE","EVT-IMCA-1165","Unique event fingerprint","International Marine Contractors Association (IMCA)","https://www.imca-int.com/resources/safety/safety-flashes/3217-unplanned-release-of-stored-energy-worker-struck-and-injured-by-tensioning-tool/"
"EVT-IMCA-1166","UNIQUE","EVT-IMCA-1166","Unique event fingerprint","International Marine Contractors Association (IMCA)","https://www.imca-int.com/resources/safety/safety-flashes/3217-near-miss-worker-temporarily-trapped-in-confined-space/"
"EVT-IMCA-1167","UNIQUE","EVT-IMCA-1167","Unique event fingerprint","International Marine Contractors Association (IMCA)","https://www.imca-int.com/resources/safety/safety-flashes/3117-potential-engine-room-flooding-maintenance-and-equipment-failure-issues-on-a-laid-up-vessel/"
"EVT-IMCA-1168","UNIQUE","EVT-IMCA-1168","Unique event fingerprint","International Marine Contractors Association (IMCA)","https://www.imca-int.com/resources/safety/safety-flashes/3117-bow-thruster-room-flooded-during-fresh-water-transfer-operation/"
"EVT-IMCA-1169","UNIQUE","EVT-IMCA-1169","Unique event fingerprint","International Marine Contractors Association (IMCA)","https://www.imca-int.com/resources/safety/safety-flashes/3117-lost-time-injury-person-slipped-on-the-stairs-and-broke-his-arm/"
"EVT-IMCA-1170","UNIQUE","EVT-IMCA-1170","Unique event fingerprint","International Marine Contractors Association (IMCA)","https://www.imca-int.com/resources/safety/safety-flashes/3117-fires-on-materials-made-of-fibre-reinforced-plastic-frp/"
"EVT-IMCA-1171","UNIQUE","EVT-IMCA-1171","Unique event fingerprint","International Marine Contractors Association (IMCA)","https://www.imca-int.com/resources/safety/safety-flashes/3117-two-cases-of-contaminated-drinking-water/"
"EVT-IMCA-1172","UNIQUE","EVT-IMCA-1172","Unique event fingerprint","International Marine Contractors Association (IMCA)","https://www.imca-int.com/resources/safety/safety-flashes/3017-self-employed-diver-sentenced-for-falsifying-diving-medical-certificate/"
"EVT-IMCA-1173","UNIQUE","EVT-IMCA-1173","Unique event fingerprint","International Marine Contractors Association (IMCA)","https://www.imca-int.com/resources/safety/safety-flashes/3017-worker-suffers-life-changing-injury-after-pressure-test-failure/"
"EVT-IMCA-1174","UNIQUE","EVT-IMCA-1174","Unique event fingerprint","International Marine Contractors Association (IMCA)","https://www.imca-int.com/resources/safety/safety-flashes/3017-four-hand-and-finger-injury-incidents/"
"EVT-IMCA-1175","UNIQUE","EVT-IMCA-1175","Unique event fingerprint","International Marine Contractors Association (IMCA)","https://www.imca-int.com/resources/safety/safety-flashes/3017-two-industrial-vehicle-incidents/"
"EVT-IMCA-1176","UNIQUE","EVT-IMCA-1176","Unique event fingerprint","International Marine Contractors Association (IMCA)","https://www.imca-int.com/resources/safety/safety-flashes/2917-uscg-remain-upright-by-fully-understanding-vessel-stability/"
"EVT-IMCA-1177","UNIQUE","EVT-IMCA-1177","Unique event fingerprint","International Marine Contractors Association (IMCA)","https://www.imca-int.com/resources/safety/safety-flashes/2917-dropped-object-window-fell-from-crane-cabin/"
"EVT-IMCA-1178","UNIQUE","EVT-IMCA-1178","Unique event fingerprint","International Marine Contractors Association (IMCA)","https://www.imca-int.com/resources/safety/safety-flashes/2917-unlabelled-containers-chemicals-stored-in-drinking-water-bottles/"
"EVT-IMCA-1179","UNIQUE","EVT-IMCA-1179","Unique event fingerprint","International Marine Contractors Association (IMCA)","https://www.imca-int.com/resources/safety/safety-flashes/2917-near-miss-water-bottles-reused-for-fuel-storage/"
"EVT-IMCA-1180","UNIQUE","EVT-IMCA-1180","Unique event fingerprint","International Marine Contractors Association (IMCA)","https://www.imca-int.com/resources/safety/safety-flashes/2817-km-37kss-helmet-neck-dam-near-miss/"
"EVT-IMCA-1181","UNIQUE","EVT-IMCA-1181","Unique event fingerprint","International Marine Contractors Association (IMCA)","https://www.imca-int.com/resources/safety/safety-flashes/2817-near-miss-worker-in-dockyard-almost-struck-by-a-cherry-picker-crane/"
"EVT-IMCA-1182","UNIQUE","EVT-IMCA-1182","Unique event fingerprint","International Marine Contractors Association (IMCA)","https://www.imca-int.com/resources/safety/safety-flashes/2817-finger-injury-during-work-with-rotating-machinery/"
"EVT-IMCA-1183","UNIQUE","EVT-IMCA-1183","Unique event fingerprint","International Marine Contractors Association (IMCA)","https://www.imca-int.com/resources/safety/safety-flashes/2817-lost-time-injury-lti-finger-injury-during-main-engine-exhaust-valve-overhaul/"
"EVT-IMCA-1184","UNIQUE","EVT-IMCA-1184","Unique event fingerprint","International Marine Contractors Association (IMCA)","https://www.imca-int.com/resources/safety/safety-flashes/2817-finger-injury-what-happens-when-you-don-t-use-the-right-tool-for-the-right-job/"
"EVT-IMCA-1185","UNIQUE","EVT-IMCA-1185","Unique event fingerprint","International Marine Contractors Association (IMCA)","https://www.imca-int.com/resources/safety/safety-flashes/2817-two-yard-based-fatal-road-traffic-accidents-uk-hse/"
"EVT-IMCA-1186","UNIQUE","EVT-IMCA-1186","Unique event fingerprint","International Marine Contractors Association (IMCA)","https://www.imca-int.com/resources/safety/safety-flashes/2917-loss-of-tow-and-subsequent-foundering-of-two-vessels/"
"EVT-IMCA-1187","UNIQUE","EVT-IMCA-1187","Unique event fingerprint","International Marine Contractors Association (IMCA)","https://www.imca-int.com/resources/safety/safety-flashes/2717-laptop-battery-fire/"
"EVT-IMCA-1188","UNIQUE","EVT-IMCA-1188","Unique event fingerprint","International Marine Contractors Association (IMCA)","https://www.imca-int.com/resources/safety/safety-flashes/2717-two-near-miss-incidents-with-a-risk-of-scalding/"
"EVT-IMCA-1189","UNIQUE","EVT-IMCA-1189","Unique event fingerprint","International Marine Contractors Association (IMCA)","https://www.imca-int.com/resources/safety/safety-flashes/2717-high-potential-dropped-object-near-miss-steel-ferrule-failure/"
"EVT-IMCA-1190","UNIQUE","EVT-IMCA-1190","Unique event fingerprint","International Marine Contractors Association (IMCA)","https://www.imca-int.com/resources/safety/safety-flashes/2717-a-structural-failure-leads-to-uncontrolled-motion-of-a-billy-pugh-basket-and-injuries-to-crew/"
"EVT-IMCA-1191","UNIQUE","EVT-IMCA-1191","Unique event fingerprint","International Marine Contractors Association (IMCA)","https://www.imca-int.com/resources/safety/safety-flashes/2717-safety-alert-regarding-the-product-eurogrit-asbestos-contamination/"
"EVT-IMCA-1192","UNIQUE","EVT-IMCA-1192","Unique event fingerprint","International Marine Contractors Association (IMCA)","https://www.imca-int.com/resources/safety/safety-flashes/2717-product-safety-retrofit-notice-mak-automated-flanged-valves-3-4-6-8-and-12-600/"
"EVT-IMCA-1193","UNIQUE","EVT-IMCA-1193","Unique event fingerprint","International Marine Contractors Association (IMCA)","https://www.imca-int.com/resources/safety/safety-flashes/2717-safety-features-of-the-siemens-maxum-edition-ii-gas-chromatograph/"
"EVT-IMCA-1194","UNIQUE","EVT-IMCA-1194","Unique event fingerprint","International Marine Contractors Association (IMCA)","https://www.imca-int.com/resources/safety/safety-flashes/2617-loss-of-sight-in-right-eye-misdiagnosis-of-illness/"
"EVT-IMCA-1195","UNIQUE","EVT-IMCA-1195","Unique event fingerprint","International Marine Contractors Association (IMCA)","https://www.imca-int.com/resources/safety/safety-flashes/2617-high-potential-dropped-object-near-miss-object-fell-from-cargo/"
"EVT-IMCA-1196","UNIQUE","EVT-IMCA-1196","Unique event fingerprint","International Marine Contractors Association (IMCA)","https://www.imca-int.com/resources/safety/safety-flashes/2617-pin-from-crane-block-sheave-guard-fell-25-m/"
"EVT-IMCA-1197","UNIQUE","EVT-IMCA-1197","Unique event fingerprint","International Marine Contractors Association (IMCA)","https://www.imca-int.com/resources/safety/safety-flashes/2617-stored-energy-near-miss-person-nearly-hit-by-equipment-caught-during-light-daughtercraft-operations/"
"EVT-IMCA-1198","UNIQUE","EVT-IMCA-1198","Unique event fingerprint","International Marine Contractors Association (IMCA)","https://www.imca-int.com/resources/safety/safety-flashes/2617-uk-hse-worker-loses-fingers-in-crush-injury-during-lifting-operations/"
"EVT-IMCA-1199","UNIQUE","EVT-IMCA-1199","Unique event fingerprint","International Marine Contractors Association (IMCA)","https://www.imca-int.com/resources/safety/safety-flashes/2617-us-coast-guard-safety-alert-0717-co2-hazards/"
"EVT-IMCA-1200","UNIQUE","EVT-IMCA-1200","Unique event fingerprint","International Marine Contractors Association (IMCA)","https://www.imca-int.com/resources/safety/safety-flashes/2517-fatality-crew-member-crushed-between-tms-and-snubber-ring/"
"EVT-IMCA-1201","UNIQUE","EVT-IMCA-1201","Unique event fingerprint","International Marine Contractors Association (IMCA)","https://www.imca-int.com/resources/safety/safety-flashes/2417-lost-time-injury-lti-loose-grating-fell-from-crane-a-man-fell-through-and-was-injured/"
"EVT-IMCA-1202","UNIQUE","EVT-IMCA-1202","Unique event fingerprint","International Marine Contractors Association (IMCA)","https://www.imca-int.com/resources/safety/safety-flashes/2417-near-miss-grating-dislodged-and-fell-leading-to-crewman-slipping/"
"EVT-IMCA-1203","UNIQUE","EVT-IMCA-1203","Unique event fingerprint","International Marine Contractors Association (IMCA)","https://www.imca-int.com/resources/safety/safety-flashes/2417-flooding-in-steering-gear-compartment/"
"EVT-IMCA-1204","UNIQUE","EVT-IMCA-1204","Unique event fingerprint","International Marine Contractors Association (IMCA)","https://www.imca-int.com/resources/safety/safety-flashes/2417-small-boat-deployment-near-miss-incident/"
"EVT-IMCA-1205","UNIQUE","EVT-IMCA-1205","Unique event fingerprint","International Marine Contractors Association (IMCA)","https://www.imca-int.com/resources/safety/safety-flashes/2417-fatality-overpressure-of-an-explosion-proof-enclosure/"
"EVT-IMCA-1206","UNIQUE","EVT-IMCA-1206","Unique event fingerprint","International Marine Contractors Association (IMCA)","https://www.imca-int.com/resources/safety/safety-flashes/2317-property-damage-platform-supply-vessel-collided-with-legs-of-jack-up-rig/"
"EVT-IMCA-1207","UNIQUE","EVT-IMCA-1207","Unique event fingerprint","International Marine Contractors Association (IMCA)","https://www.imca-int.com/resources/safety/safety-flashes/2317-two-near-misses-loads-fell-from-height-to-deck/"
"EVT-IMCA-1208","UNIQUE","EVT-IMCA-1208","Unique event fingerprint","International Marine Contractors Association (IMCA)","https://www.imca-int.com/resources/safety/safety-flashes/2317-failure-of-pipework-in-fuel-tanks/"
"EVT-IMCA-1209","UNIQUE","EVT-IMCA-1209","Unique event fingerprint","International Marine Contractors Association (IMCA)","https://www.imca-int.com/resources/safety/safety-flashes/2317-lost-time-injury-lti-finger-laceration-due-to-use-of-knife/"
"EVT-IMCA-1210","UNIQUE","EVT-IMCA-1210","Unique event fingerprint","International Marine Contractors Association (IMCA)","https://www.imca-int.com/resources/safety/safety-flashes/2317-crewman-got-cement-dust-in-his-eyes/"
"EVT-IMCA-1211","UNIQUE","EVT-IMCA-1211","Unique event fingerprint","International Marine Contractors Association (IMCA)","https://www.imca-int.com/resources/safety/safety-flashes/2217-counterfeit-training-certificates/"
"EVT-IMCA-1212","UNIQUE","EVT-IMCA-1212","Unique event fingerprint","International Marine Contractors Association (IMCA)","https://www.imca-int.com/resources/safety/safety-flashes/2217-passenger-safety-in-retrofitted-mini-vansbuses/"
"EVT-IMCA-1213","UNIQUE","EVT-IMCA-1213","Unique event fingerprint","International Marine Contractors Association (IMCA)","https://www.imca-int.com/resources/safety/safety-flashes/2217-worker-trapped-and-injured-by-reversing-vehicle/"
"EVT-IMCA-1214","UNIQUE","EVT-IMCA-1214","Unique event fingerprint","International Marine Contractors Association (IMCA)","https://www.imca-int.com/resources/safety/safety-flashes/2217-worker-was-injured-by-a-forklift-truck/"
"EVT-IMCA-1215","UNIQUE","EVT-IMCA-1215","Unique event fingerprint","International Marine Contractors Association (IMCA)","https://www.imca-int.com/resources/safety/safety-flashes/2217-worker-crushed-by-droppedfalling-object/"
"EVT-IMCA-1216","UNIQUE","EVT-IMCA-1216","Unique event fingerprint","International Marine Contractors Association (IMCA)","https://www.imca-int.com/resources/safety/safety-flashes/2117-dropped-object-near-miss-hammer-dropped-from-scaffolding/"
"EVT-IMCA-1217","UNIQUE","EVT-IMCA-1217","Unique event fingerprint","International Marine Contractors Association (IMCA)","https://www.imca-int.com/resources/safety/safety-flashes/2117-high-potential-near-miss-dropped-object-buffer-plate-fell-from-crane-boom/"
"EVT-IMCA-1218","UNIQUE","EVT-IMCA-1218","Unique event fingerprint","International Marine Contractors Association (IMCA)","https://www.imca-int.com/resources/safety/safety-flashes/2117-bunkering-hose-dropped-to-deck-incorrect-lifting-procedure/"
"EVT-IMCA-1219","UNIQUE","EVT-IMCA-1219","Unique event fingerprint","International Marine Contractors Association (IMCA)","https://www.imca-int.com/resources/safety/safety-flashes/2117-uncontrolled-movement-of-crane-block-and-pennant-during-lifting-operations-at-sea/"
"EVT-IMCA-1220","UNIQUE","EVT-IMCA-1220","Unique event fingerprint","International Marine Contractors Association (IMCA)","https://www.imca-int.com/resources/safety/safety-flashes/2117-high-potential-near-miss-slip-on-tag-line-during-crane-operations/"
"EVT-IMCA-1221","UNIQUE","EVT-IMCA-1221","Unique event fingerprint","International Marine Contractors Association (IMCA)","https://www.imca-int.com/resources/safety/safety-flashes/2117-fatality-during-unpacking-of-heavy-electrical-panel-equipment/"
"EVT-IMCA-1222","UNIQUE","EVT-IMCA-1222","Unique event fingerprint","International Marine Contractors Association (IMCA)","https://www.imca-int.com/resources/safety/safety-flashes/2017-power-loss-within-dive-control/"
"EVT-IMCA-1223","UNIQUE","EVT-IMCA-1223","Unique event fingerprint","International Marine Contractors Association (IMCA)","https://www.imca-int.com/resources/safety/safety-flashes/2017-incorrect-pressure-gauge-on-high-pressure-supply-line/"
"EVT-IMCA-1224","UNIQUE","EVT-IMCA-1224","Unique event fingerprint","International Marine Contractors Association (IMCA)","https://www.imca-int.com/resources/safety/safety-flashes/2017-oxygen-and-acetylene-hose-caught-fire/"
"EVT-IMCA-1225","UNIQUE","EVT-IMCA-1225","Unique event fingerprint","International Marine Contractors Association (IMCA)","https://www.imca-int.com/resources/safety/safety-flashes/2017-high-potential-near-miss-failure-of-valve-on-gas-bottle/"
"EVT-IMCA-1226","UNIQUE","EVT-IMCA-1226","Unique event fingerprint","International Marine Contractors Association (IMCA)","https://www.imca-int.com/resources/safety/safety-flashes/1917-lti-injury-to-right-wrist/"
"EVT-IMCA-1227","UNIQUE","EVT-IMCA-1227","Unique event fingerprint","International Marine Contractors Association (IMCA)","https://www.imca-int.com/resources/safety/safety-flashes/1917-lti-crush-injury-to-middle-and-index-finger/"
"EVT-IMCA-1228","UNIQUE","EVT-IMCA-1228","Unique event fingerprint","International Marine Contractors Association (IMCA)","https://www.imca-int.com/resources/safety/safety-flashes/1917-two-cases-of-hand-injuries-uk-hse/"
"EVT-IMCA-1229","UNIQUE","EVT-IMCA-1229","Unique event fingerprint","International Marine Contractors Association (IMCA)","https://www.imca-int.com/resources/safety/safety-flashes/1917-hand-injury-whilst-using-pillar-drill/"
"EVT-IMCA-1230","UNIQUE","EVT-IMCA-1230","Unique event fingerprint","International Marine Contractors Association (IMCA)","https://www.imca-int.com/resources/safety/safety-flashes/1817-high-potential-incident-fast-rescue-craft-capsized/"
"EVT-IMCA-1231","UNIQUE","EVT-IMCA-1231","Unique event fingerprint","International Marine Contractors Association (IMCA)","https://www.imca-int.com/resources/safety/safety-flashes/1817-painter-parted-during-small-boat-operations/"
"EVT-IMCA-1232","UNIQUE","EVT-IMCA-1232","Unique event fingerprint","International Marine Contractors Association (IMCA)","https://www.imca-int.com/resources/safety/safety-flashes/1817-near-miss-failure-of-subsea-lifting-equipment/"
"EVT-IMCA-1233","UNIQUE","EVT-IMCA-1233","Unique event fingerprint","International Marine Contractors Association (IMCA)","https://www.imca-int.com/resources/safety/safety-flashes/1817-near-miss-single-wire-strand-protruded-from-original-lay/"
"EVT-IMCA-1234","UNIQUE","EVT-IMCA-1234","Unique event fingerprint","International Marine Contractors Association (IMCA)","https://www.imca-int.com/resources/safety/safety-flashes/1817-parting-of-hawser-and-bulk-cargo-hose-during-tandem-mooring/"
"EVT-IMCA-1235","UNIQUE","EVT-IMCA-1235","Unique event fingerprint","International Marine Contractors Association (IMCA)","https://www.imca-int.com/resources/safety/safety-flashes/1817-unsafe-mooring-practices/"
"EVT-IMCA-1236","UNIQUE","EVT-IMCA-1236","Unique event fingerprint","International Marine Contractors Association (IMCA)","https://www.imca-int.com/resources/safety/safety-flashes/1717-fall-from-height-lti/"
"EVT-IMCA-1237","UNIQUE","EVT-IMCA-1237","Unique event fingerprint","International Marine Contractors Association (IMCA)","https://www.imca-int.com/resources/safety/safety-flashes/1717-fall-from-height-during-yard-visit/"
"EVT-IMCA-1238","UNIQUE","EVT-IMCA-1238","Unique event fingerprint","International Marine Contractors Association (IMCA)","https://www.imca-int.com/resources/safety/safety-flashes/1717-crewman-found-collapsed-seasickness/"
"EVT-IMCA-1239","UNIQUE","EVT-IMCA-1239","Unique event fingerprint","International Marine Contractors Association (IMCA)","https://www.imca-int.com/resources/safety/safety-flashes/1717-worker-fainted-and-was-injured-during-tanker-operations-in-a-tropical-climate/"
"EVT-IMCA-1240","UNIQUE","EVT-IMCA-1240","Unique event fingerprint","International Marine Contractors Association (IMCA)","https://www.imca-int.com/resources/safety/safety-flashes/1717-worker-suffers-hand-injury/"
"EVT-IMCA-1241","UNIQUE","EVT-IMCA-1241","Unique event fingerprint","International Marine Contractors Association (IMCA)","https://www.imca-int.com/resources/safety/safety-flashes/1717-worker-severely-burnt-following-oxygen-explosion/"
"EVT-IMCA-1242","UNIQUE","EVT-IMCA-1242","Unique event fingerprint","International Marine Contractors Association (IMCA)","https://www.imca-int.com/resources/safety/safety-flashes/1717-stored-energy-worker-scalded-when-hot-ash-dropped-into-water/"
"EVT-IMCA-1243","UNIQUE","EVT-IMCA-1243","Unique event fingerprint","International Marine Contractors Association (IMCA)","https://www.imca-int.com/resources/safety/safety-flashes/1617-lti-hand-injury-resulting-from-clothing-catching-on-door/"
"EVT-IMCA-1244","UNIQUE","EVT-IMCA-1244","Unique event fingerprint","International Marine Contractors Association (IMCA)","https://www.imca-int.com/resources/safety/safety-flashes/1617-lti-finger-injury-during-pilot-ladder-preparation/"
"EVT-IMCA-1245","UNIQUE","EVT-IMCA-1245","Unique event fingerprint","International Marine Contractors Association (IMCA)","https://www.imca-int.com/resources/safety/safety-flashes/1617-lti-crewman-burnt-in-fire-following-release-of-flammable-gas-from-hand-rail/"
"EVT-IMCA-1246","UNIQUE","EVT-IMCA-1246","Unique event fingerprint","International Marine Contractors Association (IMCA)","https://www.imca-int.com/resources/safety/safety-flashes/1617-fuel-spray-fire-deja-vu-prepare-and-prevent-it-from-happening-to-you/"
"EVT-IMCA-1247","UNIQUE","EVT-IMCA-1247","Unique event fingerprint","International Marine Contractors Association (IMCA)","https://www.imca-int.com/resources/safety/safety-flashes/1617-chemical-spill-leads-to-costly-deck-replacement/"
"EVT-IMCA-1248","UNIQUE","EVT-IMCA-1248","Unique event fingerprint","International Marine Contractors Association (IMCA)","https://www.imca-int.com/resources/safety/safety-flashes/1617-lti-burn-to-hand-while-working-in-laundry/"
"EVT-IMCA-1249","UNIQUE","EVT-IMCA-1249","Unique event fingerprint","International Marine Contractors Association (IMCA)","https://www.imca-int.com/resources/safety/safety-flashes/1517-equipment-failure-leading-to-crane-collapse/"
"EVT-IMCA-1250","UNIQUE","EVT-IMCA-1250","Unique event fingerprint","International Marine Contractors Association (IMCA)","https://www.imca-int.com/resources/safety/safety-flashes/1517-near-miss-fault-spotted-in-subsea-lifting-wire/"
"EVT-IMCA-1251","UNIQUE","EVT-IMCA-1251","Unique event fingerprint","International Marine Contractors Association (IMCA)","https://www.imca-int.com/resources/safety/safety-flashes/1517-high-potential-near-miss-mooring-rope-parted/"
"EVT-IMCA-1252","UNIQUE","EVT-IMCA-1252","Unique event fingerprint","International Marine Contractors Association (IMCA)","https://www.imca-int.com/resources/safety/safety-flashes/1517-collared-eyebolts-as-lifting-equipment/"
"EVT-IMCA-1253","UNIQUE","EVT-IMCA-1253","Unique event fingerprint","International Marine Contractors Association (IMCA)","https://www.imca-int.com/resources/safety/safety-flashes/1517-near-miss-snagged-lifting-bridle/"
"EVT-IMCA-1254","UNIQUE","EVT-IMCA-1254","Unique event fingerprint","International Marine Contractors Association (IMCA)","https://www.imca-int.com/resources/safety/safety-flashes/1417-near-misses-during-diving-operations/"
"EVT-IMCA-1255","UNIQUE","EVT-IMCA-1255","Unique event fingerprint","International Marine Contractors Association (IMCA)","https://www.imca-int.com/resources/safety/safety-flashes/1417-near-miss-broken-chain-on-self-propelled-hyperbaric-lifeboat-sphl-recovery-rigging/"
"EVT-IMCA-1256","UNIQUE","EVT-IMCA-1256","Unique event fingerprint","International Marine Contractors Association (IMCA)","https://www.imca-int.com/resources/safety/safety-flashes/1417-both-anchors-lost-due-to-chain-fouling/"
"EVT-IMCA-1257","UNIQUE","EVT-IMCA-1257","Unique event fingerprint","International Marine Contractors Association (IMCA)","https://www.imca-int.com/resources/safety/safety-flashes/1417-engine-room-emergency-hatch-damage/"
"EVT-IMCA-1258","UNIQUE","EVT-IMCA-1258","Unique event fingerprint","International Marine Contractors Association (IMCA)","https://www.imca-int.com/resources/safety/safety-flashes/1417-failure-of-casting-foundation-brackets-for-steering-gear/"
"EVT-IMCA-1259","UNIQUE","EVT-IMCA-1259","Unique event fingerprint","International Marine Contractors Association (IMCA)","https://www.imca-int.com/resources/safety/safety-flashes/1417-huge-leak-discovered-in-fresh-water-system/"
"EVT-IMCA-1260","UNIQUE","EVT-IMCA-1260","Unique event fingerprint","International Marine Contractors Association (IMCA)","https://www.imca-int.com/resources/safety/safety-flashes/1317-lti-finger-injury-sustained-handling-heavy-shackle-pin/"
"EVT-IMCA-1261","UNIQUE","EVT-IMCA-1261","Unique event fingerprint","International Marine Contractors Association (IMCA)","https://www.imca-int.com/resources/safety/safety-flashes/1317-person-accidentally-drank-hazardous-substance-unmarked-bottle/"
"EVT-IMCA-1262","UNIQUE","EVT-IMCA-1262","Unique event fingerprint","International Marine Contractors Association (IMCA)","https://www.imca-int.com/resources/safety/safety-flashes/1317-drill-bit-snapped-finger-injury-sustained/"
"EVT-IMCA-1263","UNIQUE","EVT-IMCA-1263","Unique event fingerprint","International Marine Contractors Association (IMCA)","https://www.imca-int.com/resources/safety/safety-flashes/1317-lti-tugger-winch-incident-msf/"
"EVT-IMCA-1264","UNIQUE","EVT-IMCA-1264","Unique event fingerprint","International Marine Contractors Association (IMCA)","https://www.imca-int.com/resources/safety/safety-flashes/1317-fatal-fall-aboard-the-tanker-marinor/"
"EVT-IMCA-1265","UNIQUE","EVT-IMCA-1265","Unique event fingerprint","International Marine Contractors Association (IMCA)","https://www.imca-int.com/resources/safety/safety-flashes/1217-how-ppe-works-fire-and-thermal-protection/"
"EVT-IMCA-1266","UNIQUE","EVT-IMCA-1266","Unique event fingerprint","International Marine Contractors Association (IMCA)","https://www.imca-int.com/resources/safety/safety-flashes/1217-galley-fire-failure-to-follow-stoveoven-installation-instructions/"
"EVT-IMCA-1267","UNIQUE","EVT-IMCA-1267","Unique event fingerprint","International Marine Contractors Association (IMCA)","https://www.imca-int.com/resources/safety/safety-flashes/1217-dangerous-modifications-found-within-a-gas-valve-unit-room/"
"EVT-IMCA-1268","UNIQUE","EVT-IMCA-1268","Unique event fingerprint","International Marine Contractors Association (IMCA)","https://www.imca-int.com/resources/safety/safety-flashes/1217-battery-fire/"
"EVT-IMCA-1269","UNIQUE","EVT-IMCA-1269","Unique event fingerprint","International Marine Contractors Association (IMCA)","https://www.imca-int.com/resources/safety/safety-flashes/1217-catastrophic-fire-and-explosion-on-nearby-vessel/"
"EVT-IMCA-1270","UNIQUE","EVT-IMCA-1270","Unique event fingerprint","International Marine Contractors Association (IMCA)","https://www.imca-int.com/resources/safety/safety-flashes/1217-near-miss-fire-hazard-from-leaking-fuel-supply-line/"
"EVT-IMCA-1271","UNIQUE","EVT-IMCA-1271","Unique event fingerprint","International Marine Contractors Association (IMCA)","https://www.imca-int.com/resources/safety/safety-flashes/1117-dropped-object-injury-equipment-shifted-when-it-was-incorrectly-unsecured/"
"EVT-IMCA-1272","UNIQUE","EVT-IMCA-1272","Unique event fingerprint","International Marine Contractors Association (IMCA)","https://www.imca-int.com/resources/safety/safety-flashes/1117-lti-as-a-result-of-a-load-dropped-from-lifting-magnet/"
"EVT-IMCA-1273","UNIQUE","EVT-IMCA-1273","Unique event fingerprint","International Marine Contractors Association (IMCA)","https://www.imca-int.com/resources/safety/safety-flashes/1117-dropped-object-lay-tower-adjuster-leg-pin/"
"EVT-IMCA-1274","UNIQUE","EVT-IMCA-1274","Unique event fingerprint","International Marine Contractors Association (IMCA)","https://www.imca-int.com/resources/safety/safety-flashes/1117-near-miss-multiple-potential-dropped-objects-discovered-during-loading-of-spooling-unit/"
"EVT-IMCA-1275","UNIQUE","EVT-IMCA-1275","Unique event fingerprint","International Marine Contractors Association (IMCA)","https://www.imca-int.com/resources/safety/safety-flashes/1117-high-potential-near-miss-incorrectly-secured-overhead-equipment/"
"EVT-IMCA-1276","UNIQUE","EVT-IMCA-1276","Unique event fingerprint","International Marine Contractors Association (IMCA)","https://www.imca-int.com/resources/safety/safety-flashes/1017-more-than-a-dropped-object-the-need-for-vigilance-during-cargo-operations/"
"EVT-IMCA-1277","UNIQUE","EVT-IMCA-1277","Unique event fingerprint","International Marine Contractors Association (IMCA)","https://www.imca-int.com/resources/safety/safety-flashes/1017-unsecured-cargo-inside-containers/"
"EVT-IMCA-1278","UNIQUE","EVT-IMCA-1278","Unique event fingerprint","International Marine Contractors Association (IMCA)","https://www.imca-int.com/resources/safety/safety-flashes/1017-damage-to-rescue-boat-during-lowering/"
"EVT-IMCA-1279","UNIQUE","EVT-IMCA-1279","Unique event fingerprint","International Marine Contractors Association (IMCA)","https://www.imca-int.com/resources/safety/safety-flashes/1017-near-miss-incorrect-rigging-of-life-raft-hydrostatic-release/"
"EVT-IMCA-1280","UNIQUE","EVT-IMCA-1280","Unique event fingerprint","International Marine Contractors Association (IMCA)","https://www.imca-int.com/resources/safety/safety-flashes/1017-line-parting-as-a-result-of-socket-failure-during-grapnel-operations/"
"EVT-IMCA-1281","UNIQUE","EVT-IMCA-1281","Unique event fingerprint","International Marine Contractors Association (IMCA)","https://www.imca-int.com/resources/safety/safety-flashes/1017-lti-contact-with-refrigerant-gas-causing-hand-injury/"
"EVT-IMCA-1282","UNIQUE","EVT-IMCA-1282","Unique event fingerprint","International Marine Contractors Association (IMCA)","https://www.imca-int.com/resources/safety/safety-flashes/0917-lost-time-injury-lti-deadman-anchor-dma-toppled-over-injuring-a-diver/"
"EVT-IMCA-1283","UNIQUE","EVT-IMCA-1283","Unique event fingerprint","International Marine Contractors Association (IMCA)","https://www.imca-int.com/resources/safety/safety-flashes/0917-diving-bell-tup-o-ring-seal-damage/"
"EVT-IMCA-1284","UNIQUE","EVT-IMCA-1284","Unique event fingerprint","International Marine Contractors Association (IMCA)","https://www.imca-int.com/resources/safety/safety-flashes/0917-diver-s-worksite-identification-errors/"
"EVT-IMCA-1285","UNIQUE","EVT-IMCA-1285","Unique event fingerprint","International Marine Contractors Association (IMCA)","https://www.imca-int.com/resources/safety/safety-flashes/0917-lti-leg-injury-caused-during-high-pressure-hp-water-jetting/"
"EVT-IMCA-1286","UNIQUE","EVT-IMCA-1286","Unique event fingerprint","International Marine Contractors Association (IMCA)","https://www.imca-int.com/resources/safety/safety-flashes/0917-near-miss-gas-release-from-subsea-pipeline/"
"EVT-IMCA-1287","UNIQUE","EVT-IMCA-1287","Unique event fingerprint","International Marine Contractors Association (IMCA)","https://www.imca-int.com/resources/safety/safety-flashes/0817-serious-finger-injury-procedures-during-engine-maintenance/"
"EVT-IMCA-1288","UNIQUE","EVT-IMCA-1288","Unique event fingerprint","International Marine Contractors Association (IMCA)","https://www.imca-int.com/resources/safety/safety-flashes/0817-eye-injury-crewman-got-something-in-his-eye-when-removing-his-ppe/"
"EVT-IMCA-1289","UNIQUE","EVT-IMCA-1289","Unique event fingerprint","International Marine Contractors Association (IMCA)","https://www.imca-int.com/resources/safety/safety-flashes/0817-lost-time-injury-lti-leg-injured-while-dealing-with-vent-flaps/"
"EVT-IMCA-1290","UNIQUE","EVT-IMCA-1290","Unique event fingerprint","International Marine Contractors Association (IMCA)","https://www.imca-int.com/resources/safety/safety-flashes/0717-maib-two-recent-vessel-collisions/"
"EVT-IMCA-1291","UNIQUE","EVT-IMCA-1291","Unique event fingerprint","International Marine Contractors Association (IMCA)","https://www.imca-int.com/resources/safety/safety-flashes/0717-vessel-mast-struck-bridge-equipment-damage/"
"EVT-IMCA-1292","UNIQUE","EVT-IMCA-1292","Unique event fingerprint","International Marine Contractors Association (IMCA)","https://www.imca-int.com/resources/safety/safety-flashes/0717-vessel-activities-near-platforms-two-incidents/"
"EVT-IMCA-1293","UNIQUE","EVT-IMCA-1293","Unique event fingerprint","International Marine Contractors Association (IMCA)","https://www.imca-int.com/resources/safety/safety-flashes/0717-step-change-cargo-operations-offshore-causing-damage/"
"EVT-IMCA-1294","UNIQUE","EVT-IMCA-1294","Unique event fingerprint","International Marine Contractors Association (IMCA)","https://www.imca-int.com/resources/safety/safety-flashes/0717-pilot-ladder-requirements/"
"EVT-IMCA-1295","UNIQUE","EVT-IMCA-1295","Unique event fingerprint","International Marine Contractors Association (IMCA)","https://www.imca-int.com/resources/safety/safety-flashes/0617-fire-in-the-deep-fat-fryer/"
"EVT-IMCA-1296","UNIQUE","EVT-IMCA-1296","Unique event fingerprint","International Marine Contractors Association (IMCA)","https://www.imca-int.com/resources/safety/safety-flashes/0617-near-miss-fire-hazard-arising-from-failed-fuel-pipe-connection/"
"EVT-IMCA-1297","UNIQUE","EVT-IMCA-1297","Unique event fingerprint","International Marine Contractors Association (IMCA)","https://www.imca-int.com/resources/safety/safety-flashes/0617-near-miss-fire-hazard-from-engine-room-equipment-failure/"
"EVT-IMCA-1298","UNIQUE","EVT-IMCA-1298","Unique event fingerprint","International Marine Contractors Association (IMCA)","https://www.imca-int.com/resources/safety/safety-flashes/0617-near-miss-emergency-fire-pump-could-not-be-started-from-the-bridge/"
"EVT-IMCA-1299","UNIQUE","EVT-IMCA-1299","Unique event fingerprint","International Marine Contractors Association (IMCA)","https://www.imca-int.com/resources/safety/safety-flashes/0517-clarification-from-nopsema-quality-assurance-of-diving-system-audits/"
"EVT-IMCA-1300","UNIQUE","EVT-IMCA-1300","Unique event fingerprint","International Marine Contractors Association (IMCA)","https://www.imca-int.com/resources/safety/safety-flashes/0517-near-miss-suspected-high-levels-of-co2-in-diver-breathing-gas/"
"EVT-IMCA-1301","UNIQUE","EVT-IMCA-1301","Unique event fingerprint","International Marine Contractors Association (IMCA)","https://www.imca-int.com/resources/safety/safety-flashes/0517-bailout-cylinder-and-pillar-valve-compatibility-failure/"
"EVT-IMCA-1302","UNIQUE","EVT-IMCA-1302","Unique event fingerprint","International Marine Contractors Association (IMCA)","https://www.imca-int.com/resources/safety/safety-flashes/0417-crewman-struck-and-injured-by-forklift-truck/"
"EVT-IMCA-1303","UNIQUE","EVT-IMCA-1303","Unique event fingerprint","International Marine Contractors Association (IMCA)","https://www.imca-int.com/resources/safety/safety-flashes/0417-two-falls-one-from-a-telehandler-in-a-shipyard-failure-to-think-through-risks/"
"EVT-IMCA-1304","UNIQUE","EVT-IMCA-1304","Unique event fingerprint","International Marine Contractors Association (IMCA)","https://www.imca-int.com/resources/safety/safety-flashes/0317-near-miss-unidentified-differential-pressure-led-to-diver-s-umbilical-getting-trapped/"
"EVT-IMCA-1305","UNIQUE","EVT-IMCA-1305","Unique event fingerprint","International Marine Contractors Association (IMCA)","https://www.imca-int.com/resources/safety/safety-flashes/0217-fatal-fall-from-height-during-cargo-operations-johanna-c/"
"EVT-IMCA-1306","UNIQUE","EVT-IMCA-1306","Unique event fingerprint","International Marine Contractors Association (IMCA)","https://www.imca-int.com/resources/safety/safety-flashes/0217-man-overboard-fatality-tragic-consequences-of-failing-to-follow-safety-procedures/"
"EVT-IMCA-1307","UNIQUE","EVT-IMCA-1307","Unique event fingerprint","International Marine Contractors Association (IMCA)","https://www.imca-int.com/resources/safety/safety-flashes/3516-fire-in-engine-room/"
"EVT-IMCA-1308","UNIQUE","EVT-IMCA-1308","Unique event fingerprint","International Marine Contractors Association (IMCA)","https://www.imca-int.com/resources/safety/safety-flashes/3516-awareness-co2-flooding-system-activation-points/"
"EVT-IMCA-1309","UNIQUE","EVT-IMCA-1309","Unique event fingerprint","International Marine Contractors Association (IMCA)","https://www.imca-int.com/resources/safety/safety-flashes/3516-corrosion-damage-failed-fire-hydrant/"
"EVT-IMCA-1310","UNIQUE","EVT-IMCA-1310","Unique event fingerprint","International Marine Contractors Association (IMCA)","https://www.imca-int.com/resources/safety/safety-flashes/3516-fuel-spill-during-in-port-bunkering/"
"EVT-IMCA-1311","UNIQUE","EVT-IMCA-1311","Unique event fingerprint","International Marine Contractors Association (IMCA)","https://www.imca-int.com/resources/safety/safety-flashes/3516-incidents-in-small-workboats-used-in-the-offshore-renewables-sector/"
"EVT-IMCA-1312","UNIQUE","EVT-IMCA-1312","Unique event fingerprint","International Marine Contractors Association (IMCA)","https://www.imca-int.com/resources/safety/safety-flashes/3516-first-aid-injury-person-scalded-by-steam-condensate/"
"EVT-IMCA-1313","UNIQUE","EVT-IMCA-1313","Unique event fingerprint","International Marine Contractors Association (IMCA)","https://www.imca-int.com/resources/safety/safety-flashes/3416-offshore-crane-safety-systems/"
"EVT-IMCA-1314","UNIQUE","EVT-IMCA-1314","Unique event fingerprint","International Marine Contractors Association (IMCA)","https://www.imca-int.com/resources/safety/safety-flashes/3316-vessel-made-contact-with-quay/"
"EVT-IMCA-1315","UNIQUE","EVT-IMCA-1315","Unique event fingerprint","International Marine Contractors Association (IMCA)","https://www.imca-int.com/resources/safety/safety-flashes/3316-near-miss-dropped-object-from-crane/"
"EVT-IMCA-1316","UNIQUE","EVT-IMCA-1316","Unique event fingerprint","International Marine Contractors Association (IMCA)","https://www.imca-int.com/resources/safety/safety-flashes/3316-fatalities-pipe-fell-from-skids/"
"EVT-IMCA-1317","UNIQUE","EVT-IMCA-1317","Unique event fingerprint","International Marine Contractors Association (IMCA)","https://www.imca-int.com/resources/safety/safety-flashes/3316-first-aid-injury-electric-shock/"
"EVT-IMCA-1318","UNIQUE","EVT-IMCA-1318","Unique event fingerprint","International Marine Contractors Association (IMCA)","https://www.imca-int.com/resources/safety/safety-flashes/3316-unsafe-boarding-of-vessels/"
"EVT-IMCA-1319","UNIQUE","EVT-IMCA-1319","Unique event fingerprint","International Marine Contractors Association (IMCA)","https://www.imca-int.com/resources/safety/safety-flashes/3316-injury-after-crewman-fell-downstairs-on-external-stairway/"
"EVT-IMCA-1320","UNIQUE","EVT-IMCA-1320","Unique event fingerprint","International Marine Contractors Association (IMCA)","https://www.imca-int.com/resources/safety/safety-flashes/3316-failure-to-report-hydraulic-leak-subsea/"
"EVT-IMCA-1321","UNIQUE","EVT-IMCA-1321","Unique event fingerprint","International Marine Contractors Association (IMCA)","https://www.imca-int.com/resources/safety/safety-flashes/3216-don-t-lose-your-tow-in-heavy-weather/"
"EVT-IMCA-1322","UNIQUE","EVT-IMCA-1322","Unique event fingerprint","International Marine Contractors Association (IMCA)","https://www.imca-int.com/resources/safety/safety-flashes/3216-be-alarmed-by-all-alarms/"
"EVT-IMCA-1323","UNIQUE","EVT-IMCA-1323","Unique event fingerprint","International Marine Contractors Association (IMCA)","https://www.imca-int.com/resources/safety/safety-flashes/3216-lifeboat-launch-capability-compromised/"
"EVT-IMCA-1324","UNIQUE","EVT-IMCA-1324","Unique event fingerprint","International Marine Contractors Association (IMCA)","https://www.imca-int.com/resources/safety/safety-flashes/3216-pallet-strop-hook-broke-and-hit-ab/"
"EVT-IMCA-1325","UNIQUE","EVT-IMCA-1325","Unique event fingerprint","International Marine Contractors Association (IMCA)","https://www.imca-int.com/resources/safety/safety-flashes/3216-person-hit-by-mudclay-during-anchor-handling-operations/"
"EVT-IMCA-1326","UNIQUE","EVT-IMCA-1326","Unique event fingerprint","International Marine Contractors Association (IMCA)","https://www.imca-int.com/resources/safety/safety-flashes/3416-dropped-object-near-miss-crane-rest-damage/"
"EVT-IMCA-1327","UNIQUE","EVT-IMCA-1327","Unique event fingerprint","International Marine Contractors Association (IMCA)","https://www.imca-int.com/resources/safety/safety-flashes/3416-near-miss-dropped-steel-plate/"
"EVT-IMCA-1328","UNIQUE","EVT-IMCA-1328","Unique event fingerprint","International Marine Contractors Association (IMCA)","https://www.imca-int.com/resources/safety/safety-flashes/3416-fatal-fall-from-height/"
"EVT-IMCA-1329","UNIQUE","EVT-IMCA-1329","Unique event fingerprint","International Marine Contractors Association (IMCA)","https://www.imca-int.com/resources/safety/safety-flashes/3416-high-potential-near-miss-failure-in-safety-gate/"
"EVT-IMCA-1330","UNIQUE","EVT-IMCA-1330","Unique event fingerprint","International Marine Contractors Association (IMCA)","https://www.imca-int.com/resources/safety/safety-flashes/3116-diver-loss-of-consciousness-during-underwater-burning-activities/"
"EVT-IMCA-1331","UNIQUE","EVT-IMCA-1331","Unique event fingerprint","International Marine Contractors Association (IMCA)","https://www.imca-int.com/resources/safety/safety-flashes/3116-hand-injury-during-diving-operations/"
"EVT-IMCA-1332","UNIQUE","EVT-IMCA-1332","Unique event fingerprint","International Marine Contractors Association (IMCA)","https://www.imca-int.com/resources/safety/safety-flashes/3116-near-miss-leopard-seal-interference-with-diver/"
"EVT-IMCA-1333","UNIQUE","EVT-IMCA-1333","Unique event fingerprint","International Marine Contractors Association (IMCA)","https://www.imca-int.com/resources/safety/safety-flashes/3116-correct-installation-methods-for-diving-umbilicals-and-hoses/"
"EVT-IMCA-1334","UNIQUE","EVT-IMCA-1334","Unique event fingerprint","International Marine Contractors Association (IMCA)","https://www.imca-int.com/resources/safety/safety-flashes/3116-sphl-battery-charging-build-up-of-hydrogen/"
"EVT-IMCA-1335","UNIQUE","EVT-IMCA-1335","Unique event fingerprint","International Marine Contractors Association (IMCA)","https://www.imca-int.com/resources/safety/safety-flashes/1013-fuel-oil-bunkering-safety/"
"EVT-IMCA-1336","UNIQUE","EVT-IMCA-1336","Unique event fingerprint","International Marine Contractors Association (IMCA)","https://www.imca-int.com/resources/safety/safety-flashes/3016-fatal-fall-from-tug-svitzer-moira/"
"EVT-IMCA-1337","UNIQUE","EVT-IMCA-1337","Unique event fingerprint","International Marine Contractors Association (IMCA)","https://www.imca-int.com/resources/safety/safety-flashes/3016-lti-eye-injury-following-incident-with-microwaved-food/"
"EVT-IMCA-1338","UNIQUE","EVT-IMCA-1338","Unique event fingerprint","International Marine Contractors Association (IMCA)","https://www.imca-int.com/resources/safety/safety-flashes/3016-scalding-injury-to-crew-member/"
"EVT-IMCA-1339","UNIQUE","EVT-IMCA-1339","Unique event fingerprint","International Marine Contractors Association (IMCA)","https://www.imca-int.com/resources/safety/safety-flashes/3016-near-miss-hose-parted/"
"EVT-IMCA-1340","UNIQUE","EVT-IMCA-1340","Unique event fingerprint","International Marine Contractors Association (IMCA)","https://www.imca-int.com/resources/safety/safety-flashes/3016-life-jacket-maintenance/"
"EVT-IMCA-1341","UNIQUE","EVT-IMCA-1341","Unique event fingerprint","International Marine Contractors Association (IMCA)","https://www.imca-int.com/resources/safety/safety-flashes/2916-spilt-acid-during-lifting-operations/"
"EVT-IMCA-1342","UNIQUE","EVT-IMCA-1342","Unique event fingerprint","International Marine Contractors Association (IMCA)","https://www.imca-int.com/resources/safety/safety-flashes/2916-crane-malfunction-during-lifting-operations/"
"EVT-IMCA-1343","UNIQUE","EVT-IMCA-1343","Unique event fingerprint","International Marine Contractors Association (IMCA)","https://www.imca-int.com/resources/safety/safety-flashes/2916-ccu-door-unlatched-whilst-being-lifted-from-psv-to-platform/"
"EVT-IMCA-1344","UNIQUE","EVT-IMCA-1344","Unique event fingerprint","International Marine Contractors Association (IMCA)","https://www.imca-int.com/resources/safety/safety-flashes/2916-able-seaman-injured-when-vessel-moved-during-cargo-operations/"
"EVT-IMCA-1345","UNIQUE","EVT-IMCA-1345","Unique event fingerprint","International Marine Contractors Association (IMCA)","https://www.imca-int.com/resources/safety/safety-flashes/2916-dropped-object-awareness/"
"EVT-IMCA-1346","UNIQUE","EVT-IMCA-1346","Unique event fingerprint","International Marine Contractors Association (IMCA)","https://www.imca-int.com/resources/safety/safety-flashes/2816-crewman-suffers-cut-to-hand-but-gloves-prevented-it-being-much-worse/"
"EVT-IMCA-1347","UNIQUE","EVT-IMCA-1347","Unique event fingerprint","International Marine Contractors Association (IMCA)","https://www.imca-int.com/resources/safety/safety-flashes/2816-line-of-fire-lti-finger-injury-during-lifting-operations/"
"EVT-IMCA-1348","UNIQUE","EVT-IMCA-1348","Unique event fingerprint","International Marine Contractors Association (IMCA)","https://www.imca-int.com/resources/safety/safety-flashes/2816-serious-finger-injury-during-valve-installation/"
"EVT-IMCA-1349","UNIQUE","EVT-IMCA-1349","Unique event fingerprint","International Marine Contractors Association (IMCA)","https://www.imca-int.com/resources/safety/safety-flashes/2816-unsafe-method-of-rope-work-resulted-in-severe-hand-injury/"
"EVT-IMCA-1350","UNIQUE","EVT-IMCA-1350","Unique event fingerprint","International Marine Contractors Association (IMCA)","https://www.imca-int.com/resources/safety/safety-flashes/2816-manufacturing-firm-fined-after-worker-s-arm-injured-in-roller/"
"EVT-IMCA-1351","UNIQUE","EVT-IMCA-1351","Unique event fingerprint","International Marine Contractors Association (IMCA)","https://www.imca-int.com/resources/safety/safety-flashes/2816-portable-grinders-hand-safety/"
"EVT-IMCA-1352","UNIQUE","EVT-IMCA-1352","Unique event fingerprint","International Marine Contractors Association (IMCA)","https://www.imca-int.com/resources/safety/safety-flashes/2716-near-miss-open-hatches-left-without-barriers/"
"EVT-IMCA-1353","UNIQUE","EVT-IMCA-1353","Unique event fingerprint","International Marine Contractors Association (IMCA)","https://www.imca-int.com/resources/safety/safety-flashes/2716-near-miss-person-almost-fell-from-height-during-anchor-chain-preparations/"
"EVT-IMCA-1354","UNIQUE","EVT-IMCA-1354","Unique event fingerprint","International Marine Contractors Association (IMCA)","https://www.imca-int.com/resources/safety/safety-flashes/2716-medical-treatment-person-fell-down-unprotected-hatch/"
"EVT-IMCA-1355","UNIQUE","EVT-IMCA-1355","Unique event fingerprint","International Marine Contractors Association (IMCA)","https://www.imca-int.com/resources/safety/safety-flashes/2716-dbi-sala-lad-saf-sleeve-stop-use-and-voluntary-recallreplacement/"
"EVT-IMCA-1356","UNIQUE","EVT-IMCA-1356","Unique event fingerprint","International Marine Contractors Association (IMCA)","https://www.imca-int.com/resources/safety/safety-flashes/2616-near-miss-release-of-trapped-pressure-after-rov-dive/"
"EVT-IMCA-1357","UNIQUE","EVT-IMCA-1357","Unique event fingerprint","International Marine Contractors Association (IMCA)","https://www.imca-int.com/resources/safety/safety-flashes/2616-failure-of-threads-follow-up-to-corrosion-coupon-plug-ejected-from-pressurized-pipeline/"
"EVT-IMCA-1358","UNIQUE","EVT-IMCA-1358","Unique event fingerprint","International Marine Contractors Association (IMCA)","https://www.imca-int.com/resources/safety/safety-flashes/2516-fire-fighting-water-jet-hits-antenna-failure-of-limits-stops-and-safeties/"
"EVT-IMCA-1359","UNIQUE","EVT-IMCA-1359","Unique event fingerprint","International Marine Contractors Association (IMCA)","https://www.imca-int.com/resources/safety/safety-flashes/2516-pp3-9v-battery-explosion/"
"EVT-IMCA-1360","UNIQUE","EVT-IMCA-1360","Unique event fingerprint","International Marine Contractors Association (IMCA)","https://www.imca-int.com/resources/safety/safety-flashes/2516-collision-between-vessels/"
"EVT-IMCA-1361","UNIQUE","EVT-IMCA-1361","Unique event fingerprint","International Marine Contractors Association (IMCA)","https://www.imca-int.com/resources/safety/safety-flashes/2516-high-potential-near-miss-incident-440v-cable-damaged-by-grinder/"
"EVT-IMCA-1362","UNIQUE","EVT-IMCA-1362","Unique event fingerprint","International Marine Contractors Association (IMCA)","https://www.imca-int.com/resources/safety/safety-flashes/2516-consequences-of-launching-a-drone-from-a-vessel-in-the-suez-canal/"
"EVT-IMCA-1363","UNIQUE","EVT-IMCA-1363","Unique event fingerprint","International Marine Contractors Association (IMCA)","https://www.imca-int.com/resources/safety/safety-flashes/2416-fatal-engine-room-fire-on-suction-dredger-arco-avon/"
"EVT-IMCA-1364","UNIQUE","EVT-IMCA-1364","Unique event fingerprint","International Marine Contractors Association (IMCA)","https://www.imca-int.com/resources/safety/safety-flashes/2416-near-miss-welding-in-no-hot-work-zone/"
"EVT-IMCA-1365","UNIQUE","EVT-IMCA-1365","Unique event fingerprint","International Marine Contractors Association (IMCA)","https://www.imca-int.com/resources/safety/safety-flashes/2416-fire-in-vessel-accommodation-overheating-notebook-computer/"
"EVT-IMCA-1366","UNIQUE","EVT-IMCA-1366","Unique event fingerprint","International Marine Contractors Association (IMCA)","https://www.imca-int.com/resources/safety/safety-flashes/2316-dropped-pallet-during-loading-of-stores/"
"EVT-IMCA-1367","UNIQUE","EVT-IMCA-1367","Unique event fingerprint","International Marine Contractors Association (IMCA)","https://www.imca-int.com/resources/safety/safety-flashes/2316-dropped-object-fell-from-crane-poor-communicationlack-of-awarenesscontrol-of-work/"
"EVT-IMCA-1368","UNIQUE","EVT-IMCA-1368","Unique event fingerprint","International Marine Contractors Association (IMCA)","https://www.imca-int.com/resources/safety/safety-flashes/2316-dropped-object-failure-of-split-head-elbow-on-bolts/"
"EVT-IMCA-1369","UNIQUE","EVT-IMCA-1369","Unique event fingerprint","International Marine Contractors Association (IMCA)","https://www.imca-int.com/resources/safety/safety-flashes/2316-working-at-height-use-of-wooden-handled-hammers/"
"EVT-IMCA-1370","UNIQUE","EVT-IMCA-1370","Unique event fingerprint","International Marine Contractors Association (IMCA)","https://www.imca-int.com/resources/safety/safety-flashes/2316-high-potential-near-miss-dropped-object/"
"EVT-IMCA-1371","UNIQUE","EVT-IMCA-1371","Unique event fingerprint","International Marine Contractors Association (IMCA)","https://www.imca-int.com/resources/safety/safety-flashes/2216-confined-space-fatality-sharp-lady/"
"EVT-IMCA-1372","UNIQUE","EVT-IMCA-1372","Unique event fingerprint","International Marine Contractors Association (IMCA)","https://www.imca-int.com/resources/safety/safety-flashes/2216-near-miss-during-cable-handling-standing-in-the-bight/"
"EVT-IMCA-1373","UNIQUE","EVT-IMCA-1373","Unique event fingerprint","International Marine Contractors Association (IMCA)","https://www.imca-int.com/resources/safety/safety-flashes/2216-potential-dropped-object-during-cargo-offloading-operations/"
"EVT-IMCA-1374","UNIQUE","EVT-IMCA-1374","Unique event fingerprint","International Marine Contractors Association (IMCA)","https://www.imca-int.com/resources/safety/safety-flashes/2216-lifting-bridle-snagged-failure-to-stop-the-job/"
"EVT-IMCA-1375","UNIQUE","EVT-IMCA-1375","Unique event fingerprint","International Marine Contractors Association (IMCA)","https://www.imca-int.com/resources/safety/safety-flashes/2216-crewman-badly-scalded-during-tank-cleaning/"
"EVT-IMCA-1376","UNIQUE","EVT-IMCA-1376","Unique event fingerprint","International Marine Contractors Association (IMCA)","https://www.imca-int.com/resources/safety/safety-flashes/2116-proper-care-of-oxy-acetylene-cutting-and-welding-equipment/"
"EVT-IMCA-1377","UNIQUE","EVT-IMCA-1377","Unique event fingerprint","International Marine Contractors Association (IMCA)","https://www.imca-int.com/resources/safety/safety-flashes/2116-mast-head-securing-wire-parted/"
"EVT-IMCA-1378","UNIQUE","EVT-IMCA-1378","Unique event fingerprint","International Marine Contractors Association (IMCA)","https://www.imca-int.com/resources/safety/safety-flashes/2116-lifting-sling-failure-on-freefall-lifeboat/"
"EVT-IMCA-1379","UNIQUE","EVT-IMCA-1379","Unique event fingerprint","International Marine Contractors Association (IMCA)","https://www.imca-int.com/resources/safety/safety-flashes/2116-hyperbaric-lifeboat-emergency-lifting-chain-link-failure/"
"EVT-IMCA-1380","UNIQUE","EVT-IMCA-1380","Unique event fingerprint","International Marine Contractors Association (IMCA)","https://www.imca-int.com/resources/safety/safety-flashes/2116-load-chain-failure-owing-to-corrosion/"
"EVT-IMCA-1381","UNIQUE","EVT-IMCA-1381","Unique event fingerprint","International Marine Contractors Association (IMCA)","https://www.imca-int.com/resources/safety/safety-flashes/2016-near-miss-unintentional-release-of-diving-helmet-neck-damhelmet-securing-arrangements/"
"EVT-IMCA-1382","UNIQUE","EVT-IMCA-1382","Unique event fingerprint","International Marine Contractors Association (IMCA)","https://www.imca-int.com/resources/safety/safety-flashes/2016-unintentional-release-of-diving-helmet-neck-damhelmet-securing-arrangements/"
"EVT-IMCA-1383","UNIQUE","EVT-IMCA-1383","Unique event fingerprint","International Marine Contractors Association (IMCA)","https://www.imca-int.com/resources/safety/safety-flashes/2016-fatal-diver-incident-due-to-uncontrolled-differential-pressure/"
"EVT-IMCA-1384","UNIQUE","EVT-IMCA-1384","Unique event fingerprint","International Marine Contractors Association (IMCA)","https://www.imca-int.com/resources/safety/safety-flashes/2016-loss-of-3-tonne-lift-bags-owing-to-equipment-failure/"
"EVT-IMCA-1385","UNIQUE","EVT-IMCA-1385","Unique event fingerprint","International Marine Contractors Association (IMCA)","https://www.imca-int.com/resources/safety/safety-flashes/1916-injury-caused-by-shifting-load-of-pipes/"
"EVT-IMCA-1386","UNIQUE","EVT-IMCA-1386","Unique event fingerprint","International Marine Contractors Association (IMCA)","https://www.imca-int.com/resources/safety/safety-flashes/1916-lost-time-injury-lti-loss-of-end-of-thumb/"
"EVT-IMCA-1387","UNIQUE","EVT-IMCA-1387","Unique event fingerprint","International Marine Contractors Association (IMCA)","https://www.imca-int.com/resources/safety/safety-flashes/1916-routine-task-non-routine-result-a-fall-from-a-crane-ladder-leads-to-an-lti/"
"EVT-IMCA-1388","UNIQUE","EVT-IMCA-1388","Unique event fingerprint","International Marine Contractors Association (IMCA)","https://www.imca-int.com/resources/safety/safety-flashes/1916-restricted-work-case-rwc-injury-to-eye-during-deck-washing/"
"EVT-IMCA-1389","UNIQUE","EVT-IMCA-1389","Unique event fingerprint","International Marine Contractors Association (IMCA)","https://www.imca-int.com/resources/safety/safety-flashes/1916-worker-seriously-injured-when-1-tonne-load-fell-on-him/"
"EVT-IMCA-1390","UNIQUE","EVT-IMCA-1390","Unique event fingerprint","International Marine Contractors Association (IMCA)","https://www.imca-int.com/resources/safety/safety-flashes/1816-stored-pressure-near-miss-buckle-detector-expelled-from-pipe-during-recovery/"
"EVT-IMCA-1391","UNIQUE","EVT-IMCA-1391","Unique event fingerprint","International Marine Contractors Association (IMCA)","https://www.imca-int.com/resources/safety/safety-flashes/1816-stored-pressure-release-near-miss-small-part-expelled-from-hydraulic-winch/"
"EVT-IMCA-1392","UNIQUE","EVT-IMCA-1392","Unique event fingerprint","International Marine Contractors Association (IMCA)","https://www.imca-int.com/resources/safety/safety-flashes/1816-stored-pressure-corrosion-coupon-plug-ejected-from-pressurised-pipeline/"
"EVT-IMCA-1393","UNIQUE","EVT-IMCA-1393","Unique event fingerprint","International Marine Contractors Association (IMCA)","https://www.imca-int.com/resources/safety/safety-flashes/1816-minor-fuel-spill-during-offshore-transfer/"
"EVT-IMCA-1394","UNIQUE","EVT-IMCA-1394","Unique event fingerprint","International Marine Contractors Association (IMCA)","https://www.imca-int.com/resources/safety/safety-flashes/1816-accidental-discharge-of-bilge-water-in-dry-dock/"
"EVT-IMCA-1395","UNIQUE","EVT-IMCA-1395","Unique event fingerprint","International Marine Contractors Association (IMCA)","https://www.imca-int.com/resources/safety/safety-flashes/1716-near-miss-cargo-shifted-in-heavy-seas-whilst-alongside-platform/"
"EVT-IMCA-1396","UNIQUE","EVT-IMCA-1396","Unique event fingerprint","International Marine Contractors Association (IMCA)","https://www.imca-int.com/resources/safety/safety-flashes/1716-mooring-rope-fouled-the-propeller-and-parted/"
"EVT-IMCA-1397","UNIQUE","EVT-IMCA-1397","Unique event fingerprint","International Marine Contractors Association (IMCA)","https://www.imca-int.com/resources/safety/safety-flashes/1716-collision-whilst-drifting/"
"EVT-IMCA-1398","UNIQUE","EVT-IMCA-1398","Unique event fingerprint","International Marine Contractors Association (IMCA)","https://www.imca-int.com/resources/safety/safety-flashes/1716-platform-supply-vessel-involved-in-a-near-miss-whilst-on-location/"
"EVT-IMCA-1399","UNIQUE","EVT-IMCA-1399","Unique event fingerprint","International Marine Contractors Association (IMCA)","https://www.imca-int.com/resources/safety/safety-flashes/1716-near-miss-bilge-cover-left-open/"
"EVT-IMCA-1400","UNIQUE","EVT-IMCA-1400","Unique event fingerprint","International Marine Contractors Association (IMCA)","https://www.imca-int.com/resources/safety/safety-flashes/1716-product-awareness-orange-smoke-hand-distress-signal/"
"EVT-IMCA-1401","UNIQUE","EVT-IMCA-1401","Unique event fingerprint","International Marine Contractors Association (IMCA)","https://www.imca-int.com/resources/safety/safety-flashes/1616-dropped-object-signage-dropped-from-crane-boom/"
"EVT-IMCA-1402","UNIQUE","EVT-IMCA-1402","Unique event fingerprint","International Marine Contractors Association (IMCA)","https://www.imca-int.com/resources/safety/safety-flashes/1616-high-potential-near-miss-damage-to-small-boat-during-offshore-survey-operations/"
"EVT-IMCA-1403","UNIQUE","EVT-IMCA-1403","Unique event fingerprint","International Marine Contractors Association (IMCA)","https://www.imca-int.com/resources/safety/safety-flashes/1616-corrosion-of-hollow-section-members-on-offshore-drilling-structures/"
"EVT-IMCA-1404","UNIQUE","EVT-IMCA-1404","Unique event fingerprint","International Marine Contractors Association (IMCA)","https://www.imca-int.com/resources/safety/safety-flashes/1616-near-miss-rigging-recovered-with-missing-nut-from-tri-plate-shackle/"
"EVT-IMCA-1405","UNIQUE","EVT-IMCA-1405","Unique event fingerprint","International Marine Contractors Association (IMCA)","https://www.imca-int.com/resources/safety/safety-flashes/1616-mobile-phone-charger-failures/"
"EVT-IMCA-1406","UNIQUE","EVT-IMCA-1406","Unique event fingerprint","International Marine Contractors Association (IMCA)","https://www.imca-int.com/resources/safety/safety-flashes/1516-preliminary-report-into-helicopter-crash-near-bergen/"
"EVT-IMCA-1407","UNIQUE","EVT-IMCA-1407","Unique event fingerprint","International Marine Contractors Association (IMCA)","https://www.imca-int.com/resources/safety/safety-flashes/1416-serious-incident-pad-eye-fell-from-crane-boom-and-struck-rigger/"
"EVT-IMCA-1408","UNIQUE","EVT-IMCA-1408","Unique event fingerprint","International Marine Contractors Association (IMCA)","https://www.imca-int.com/resources/safety/safety-flashes/1416-potential-dropped-object-inbound-cargo/"
"EVT-IMCA-1409","UNIQUE","EVT-IMCA-1409","Unique event fingerprint","International Marine Contractors Association (IMCA)","https://www.imca-int.com/resources/safety/safety-flashes/1416-dropped-object-tank-dog/"
"EVT-IMCA-1410","UNIQUE","EVT-IMCA-1410","Unique event fingerprint","International Marine Contractors Association (IMCA)","https://www.imca-int.com/resources/safety/safety-flashes/1316-counterfeit-admiralty-products/"
"EVT-IMCA-1411","UNIQUE","EVT-IMCA-1411","Unique event fingerprint","International Marine Contractors Association (IMCA)","https://www.imca-int.com/resources/safety/safety-flashes/1316-life-jacket-failures/"
"EVT-IMCA-1412","UNIQUE","EVT-IMCA-1412","Unique event fingerprint","International Marine Contractors Association (IMCA)","https://www.imca-int.com/resources/safety/safety-flashes/1316-product-awareness-chains-for-lifting-harding-ff1200-lifeboat/"
"EVT-IMCA-1413","UNIQUE","EVT-IMCA-1413","Unique event fingerprint","International Marine Contractors Association (IMCA)","https://www.imca-int.com/resources/safety/safety-flashes/1216-first-aid-injury-person-struck-by-wire-under-tension/"
"EVT-IMCA-1414","UNIQUE","EVT-IMCA-1414","Unique event fingerprint","International Marine Contractors Association (IMCA)","https://www.imca-int.com/resources/safety/safety-flashes/1216-lost-time-injury-lti-serious-hand-injury-during-high-pressure-washing-operations/"
"EVT-IMCA-1415","UNIQUE","EVT-IMCA-1415","Unique event fingerprint","International Marine Contractors Association (IMCA)","https://www.imca-int.com/resources/safety/safety-flashes/1216-failure-of-fire-extinguishers-owing-to-corrosion/"
"EVT-IMCA-1416","UNIQUE","EVT-IMCA-1416","Unique event fingerprint","International Marine Contractors Association (IMCA)","https://www.imca-int.com/resources/safety/safety-flashes/1216-condensate-leak/"
"EVT-IMCA-1417","UNIQUE","EVT-IMCA-1417","Unique event fingerprint","International Marine Contractors Association (IMCA)","https://www.imca-int.com/resources/safety/safety-flashes/1216-fatalities-caused-by-crane-collapse-following-metal-fatigue/"
"EVT-IMCA-1418","UNIQUE","EVT-IMCA-1418","Unique event fingerprint","International Marine Contractors Association (IMCA)","https://www.imca-int.com/resources/safety/safety-flashes/1116-fatality-crew-member-struck-by-forklift-during-quayside-operations/"
"EVT-IMCA-1419","UNIQUE","EVT-IMCA-1419","Unique event fingerprint","International Marine Contractors Association (IMCA)","https://www.imca-int.com/resources/safety/safety-flashes/1016-vessel-in-collision-with-floating-dock/"
"EVT-IMCA-1420","UNIQUE","EVT-IMCA-1420","Unique event fingerprint","International Marine Contractors Association (IMCA)","https://www.imca-int.com/resources/safety/safety-flashes/1016-damage-to-hand-rails-during-mooring-operations/"
"EVT-IMCA-1421","UNIQUE","EVT-IMCA-1421","Unique event fingerprint","International Marine Contractors Association (IMCA)","https://www.imca-int.com/resources/safety/safety-flashes/1016-equipment-damaged-during-cargo-operations/"
"EVT-IMCA-1422","UNIQUE","EVT-IMCA-1422","Unique event fingerprint","International Marine Contractors Association (IMCA)","https://www.imca-int.com/resources/safety/safety-flashes/1016-mooring-near-miss-lines-break-during-un-docking-operation/"
"EVT-IMCA-1423","UNIQUE","EVT-IMCA-1423","Unique event fingerprint","International Marine Contractors Association (IMCA)","https://www.imca-int.com/resources/safety/safety-flashes/0816-fatality-stored-pressure-release/"
"EVT-IMCA-1424","UNIQUE","EVT-IMCA-1424","Unique event fingerprint","International Marine Contractors Association (IMCA)","https://www.imca-int.com/resources/safety/safety-flashes/0816-lost-time-injury-lti-finger-injury-whilst-working-in-engine-room/"
"EVT-IMCA-1425","UNIQUE","EVT-IMCA-1425","Unique event fingerprint","International Marine Contractors Association (IMCA)","https://www.imca-int.com/resources/safety/safety-flashes/0816-serious-hand-injury-worker-injured-by-machinery/"
"EVT-IMCA-1426","UNIQUE","EVT-IMCA-1426","Unique event fingerprint","International Marine Contractors Association (IMCA)","https://www.imca-int.com/resources/safety/safety-flashes/0816-near-miss-dropped-torque-tool/"
"EVT-IMCA-1427","UNIQUE","EVT-IMCA-1427","Unique event fingerprint","International Marine Contractors Association (IMCA)","https://www.imca-int.com/resources/safety/safety-flashes/0816-dropped-object-fell-12m-and-hit-worker/"
"EVT-IMCA-1428","UNIQUE","EVT-IMCA-1428","Unique event fingerprint","International Marine Contractors Association (IMCA)","https://www.imca-int.com/resources/safety/safety-flashes/0916-august-2013-super-puma-helicopter-crash/"
"EVT-IMCA-1429","UNIQUE","EVT-IMCA-1429","Unique event fingerprint","International Marine Contractors Association (IMCA)","https://www.imca-int.com/resources/safety/safety-flashes/0716-near-miss-laundry-fire-hazards/"
"EVT-IMCA-1430","UNIQUE","EVT-IMCA-1430","Unique event fingerprint","International Marine Contractors Association (IMCA)","https://www.imca-int.com/resources/safety/safety-flashes/0716-mooring-port-operator-fined-after-worker-injured-by-capstan/"
"EVT-IMCA-1431","UNIQUE","EVT-IMCA-1431","Unique event fingerprint","International Marine Contractors Association (IMCA)","https://www.imca-int.com/resources/safety/safety-flashes/0716-near-miss-mooring-without-port-assistance/"
"EVT-IMCA-1432","UNIQUE","EVT-IMCA-1432","Unique event fingerprint","International Marine Contractors Association (IMCA)","https://www.imca-int.com/resources/safety/safety-flashes/0716-listing-flooding-and-grounding-of-vehicle-carrier-hoegh-osaka/"
"EVT-IMCA-1433","UNIQUE","EVT-IMCA-1433","Unique event fingerprint","International Marine Contractors Association (IMCA)","https://www.imca-int.com/resources/safety/safety-flashes/0616-malaria-fatality/"
"EVT-IMCA-1434","UNIQUE","EVT-IMCA-1434","Unique event fingerprint","International Marine Contractors Association (IMCA)","https://www.imca-int.com/resources/safety/safety-flashes/0616-the-zika-virus/"
"EVT-IMCA-1435","UNIQUE","EVT-IMCA-1435","Unique event fingerprint","International Marine Contractors Association (IMCA)","https://www.imca-int.com/resources/safety/safety-flashes/0516-helicopter-rotor-downdraft-hazards-oil-gas-uk-oguk/"
"EVT-IMCA-1436","UNIQUE","EVT-IMCA-1436","Unique event fingerprint","International Marine Contractors Association (IMCA)","https://www.imca-int.com/resources/safety/safety-flashes/0516-near-miss-fouled-diver-umbilical/"
"EVT-IMCA-1437","UNIQUE","EVT-IMCA-1437","Unique event fingerprint","International Marine Contractors Association (IMCA)","https://www.imca-int.com/resources/safety/safety-flashes/0516-sliptrip-resulting-in-lost-time-injury-lti/"
"EVT-IMCA-1438","UNIQUE","EVT-IMCA-1438","Unique event fingerprint","International Marine Contractors Association (IMCA)","https://www.imca-int.com/resources/safety/safety-flashes/0516-false-or-scam-emails-warning/"
"EVT-IMCA-1439","UNIQUE","EVT-IMCA-1439","Unique event fingerprint","International Marine Contractors Association (IMCA)","https://www.imca-int.com/resources/safety/safety-flashes/0416-near-miss-non-fatal-man-overboard-incident/"
"EVT-IMCA-1440","UNIQUE","EVT-IMCA-1440","Unique event fingerprint","International Marine Contractors Association (IMCA)","https://www.imca-int.com/resources/safety/safety-flashes/0416-near-miss-pilot-ladder-failure/"
"EVT-IMCA-1441","UNIQUE","EVT-IMCA-1441","Unique event fingerprint","International Marine Contractors Association (IMCA)","https://www.imca-int.com/resources/safety/safety-flashes/0416-person-accidentally-drank-hazardous-substance/"
"EVT-IMCA-1442","UNIQUE","EVT-IMCA-1442","Unique event fingerprint","International Marine Contractors Association (IMCA)","https://www.imca-int.com/resources/safety/safety-flashes/0416-finger-injury-during-maintenance-work-restricted-work-case/"
"EVT-IMCA-1443","UNIQUE","EVT-IMCA-1443","Unique event fingerprint","International Marine Contractors Association (IMCA)","https://www.imca-int.com/resources/safety/safety-flashes/0416-finger-injury-pinch-point/"
"EVT-IMCA-1444","UNIQUE","EVT-IMCA-1444","Unique event fingerprint","International Marine Contractors Association (IMCA)","https://www.imca-int.com/resources/safety/safety-flashes/0316-lost-time-injury-lti-stored-pressure-release-crewman-lost-an-eye/"
"EVT-IMCA-1445","UNIQUE","EVT-IMCA-1445","Unique event fingerprint","International Marine Contractors Association (IMCA)","https://www.imca-int.com/resources/safety/safety-flashes/0316-crew-transfer-vessel-ctv-personnel-transfers/"
"EVT-IMCA-1446","UNIQUE","EVT-IMCA-1446","Unique event fingerprint","International Marine Contractors Association (IMCA)","https://www.imca-int.com/resources/safety/safety-flashes/0316-fire-spontaneous-combustion-of-towels/"
"EVT-IMCA-1447","UNIQUE","EVT-IMCA-1447","Unique event fingerprint","International Marine Contractors Association (IMCA)","https://www.imca-int.com/resources/safety/safety-flashes/0316-breathing-air-cylinder-air-valve-broken-off/"
"EVT-IMCA-1448","UNIQUE","EVT-IMCA-1448","Unique event fingerprint","International Marine Contractors Association (IMCA)","https://www.imca-int.com/resources/safety/safety-flashes/0216-worker-killed-when-struck-by-a-load-on-a-moving-crane/"
"EVT-IMCA-1449","UNIQUE","EVT-IMCA-1449","Unique event fingerprint","International Marine Contractors Association (IMCA)","https://www.imca-int.com/resources/safety/safety-flashes/0216-fatal-fall-during-cargo-loading-operations/"
"EVT-IMCA-1450","UNIQUE","EVT-IMCA-1450","Unique event fingerprint","International Marine Contractors Association (IMCA)","https://www.imca-int.com/resources/safety/safety-flashes/0216-lost-time-injury-lti-finger-injury-watertight-sliding-door/"
"EVT-IMCA-1451","EVENT_DUPLICATE","EVT-IMCA-1370","Matching normalized title and incident narrative fingerprint","International Marine Contractors Association (IMCA)","https://www.imca-int.com/resources/safety/safety-flashes/0216-high-potential-near-miss-dropped-object/"
"EVT-IMCA-1452","UNIQUE","EVT-IMCA-1452","Unique event fingerprint","International Marine Contractors Association (IMCA)","https://www.imca-int.com/resources/safety/safety-flashes/0116-high-potential-near-miss-failure-of-both-divers-breathing-air-supply-and-dive-stage-recovery-winch/"
"EVT-IMCA-1453","UNIQUE","EVT-IMCA-1453","Unique event fingerprint","International Marine Contractors Association (IMCA)","https://www.imca-int.com/resources/safety/safety-flashes/0116-injuries-due-to-failure-of-divers-emergency-gas-cylinder-use-of-incompatible-threads/"
"EVT-IMCA-1454","UNIQUE","EVT-IMCA-1454","Unique event fingerprint","International Marine Contractors Association (IMCA)","https://www.imca-int.com/resources/safety/safety-flashes/0116-high-potential-near-miss-poor-o2-content-in-supplied-air-diver-temporarily-lost-consciousness/"
"EVT-IMCA-1455","UNIQUE","EVT-IMCA-1455","Unique event fingerprint","International Marine Contractors Association (IMCA)","https://www.imca-int.com/resources/safety/safety-flashes/2215-confined-space-entry-incidents-a-reminder/"
"EVT-IMCA-1456","UNIQUE","EVT-IMCA-1456","Unique event fingerprint","International Marine Contractors Association (IMCA)","https://www.imca-int.com/resources/safety/safety-flashes/2215-catastrophic-failure-of-a-pipework-clamp-connector/"
"EVT-IMCA-1457","UNIQUE","EVT-IMCA-1457","Unique event fingerprint","International Marine Contractors Association (IMCA)","https://www.imca-int.com/resources/safety/safety-flashes/2215-near-miss-contained-hydraulic-oil-spillages-from-cranes/"
"EVT-IMCA-1458","UNIQUE","EVT-IMCA-1458","Unique event fingerprint","International Marine Contractors Association (IMCA)","https://www.imca-int.com/resources/safety/safety-flashes/2215-near-miss-corrosion-related-failure-of-bolts-used-to-secure-lifeboat-winches/"
"EVT-IMCA-1459","UNIQUE","EVT-IMCA-1459","Unique event fingerprint","International Marine Contractors Association (IMCA)","https://www.imca-int.com/resources/safety/safety-flashes/2215-hydraulic-company-sentenced-after-employee-loses-sight-in-one-eye/"
"EVT-IMCA-1460","UNIQUE","EVT-IMCA-1460","Unique event fingerprint","International Marine Contractors Association (IMCA)","https://www.imca-int.com/resources/safety/safety-flashes/2215-nopsema-fire-risks-associated-with-electric-storage-batteries/"
"EVT-IMCA-1461","UNIQUE","EVT-IMCA-1461","Unique event fingerprint","International Marine Contractors Association (IMCA)","https://www.imca-int.com/resources/safety/safety-flashes/2115-high-potential-near-miss-swl-plate-fell-from-crane-auxiliary-block/"
"EVT-IMCA-1462","UNIQUE","EVT-IMCA-1462","Unique event fingerprint","International Marine Contractors Association (IMCA)","https://www.imca-int.com/resources/safety/safety-flashes/2115-dropped-object-near-miss-small-parts-falling-from-crane-rest/"
"EVT-IMCA-1463","UNIQUE","EVT-IMCA-1463","Unique event fingerprint","International Marine Contractors Association (IMCA)","https://www.imca-int.com/resources/safety/safety-flashes/2115-fatality-during-loading-operations/"
"EVT-IMCA-1464","UNIQUE","EVT-IMCA-1464","Unique event fingerprint","International Marine Contractors Association (IMCA)","https://www.imca-int.com/resources/safety/safety-flashes/2115-near-miss-corrosion-caused-crane-boom-failure-during-heavy-lifting/"
"EVT-IMCA-1465","UNIQUE","EVT-IMCA-1465","Unique event fingerprint","International Marine Contractors Association (IMCA)","https://www.imca-int.com/resources/safety/safety-flashes/1319-non-fatal-man-overboard-incident/"
"EVT-IMCA-1466","UNIQUE","EVT-IMCA-1466","Unique event fingerprint","International Marine Contractors Association (IMCA)","https://www.imca-int.com/resources/safety/safety-flashes/2015-recent-slips-trips-and-falls-involving-stairs/"
"EVT-IMCA-1467","UNIQUE","EVT-IMCA-1467","Unique event fingerprint","International Marine Contractors Association (IMCA)","https://www.imca-int.com/resources/safety/safety-flashes/2015-crewman-falls-down-open-hatchway-during-simultaneous-operations/"
"EVT-IMCA-1468","EVENT_DUPLICATE","EVT-IMCA-1465","Matching normalized title and incident narrative fingerprint","International Marine Contractors Association (IMCA)","https://www.imca-int.com/resources/safety/safety-flashes/2015-non-fatal-man-overboard-incident/"
"EVT-IMCA-1469","UNIQUE","EVT-IMCA-1469","Unique event fingerprint","International Marine Contractors Association (IMCA)","https://www.imca-int.com/resources/safety/safety-flashes/1915-near-miss-during-transfer-operations-from-a-crew-transfer-vessel-ctv-to-a-turbine-tower/"
"EVT-IMCA-1470","UNIQUE","EVT-IMCA-1470","Unique event fingerprint","International Marine Contractors Association (IMCA)","https://www.imca-int.com/resources/safety/safety-flashes/1915-rigging-incident-damage-to-bow-hand-rail-on-a-crew-transfer-vessel-ctv/"
"EVT-IMCA-1471","UNIQUE","EVT-IMCA-1471","Unique event fingerprint","International Marine Contractors Association (IMCA)","https://www.imca-int.com/resources/safety/safety-flashes/1915-an-error-with-fire-flaps-led-to-engine-space-flooding-causing-costly-damage/"
"EVT-IMCA-1472","UNIQUE","EVT-IMCA-1472","Unique event fingerprint","International Marine Contractors Association (IMCA)","https://www.imca-int.com/resources/safety/safety-flashes/1915-vessel-made-contact-with-installation/"
"EVT-IMCA-1473","UNIQUE","EVT-IMCA-1473","Unique event fingerprint","International Marine Contractors Association (IMCA)","https://www.imca-int.com/resources/safety/safety-flashes/1815-small-change-to-the-disclaimer-for-all-safety-flashes/"
"EVT-IMCA-1474","UNIQUE","EVT-IMCA-1474","Unique event fingerprint","International Marine Contractors Association (IMCA)","https://www.imca-int.com/resources/safety/safety-flashes/1815-maintenance-of-automatic-external-defibrillators-aeds/"
"EVT-IMCA-1475","UNIQUE","EVT-IMCA-1475","Unique event fingerprint","International Marine Contractors Association (IMCA)","https://www.imca-int.com/resources/safety/safety-flashes/1815-three-incidents-of-decompression-illness-dci/"
"EVT-IMCA-1476","UNIQUE","EVT-IMCA-1476","Unique event fingerprint","International Marine Contractors Association (IMCA)","https://www.imca-int.com/resources/safety/safety-flashes/1815-lost-time-injury-lti-following-stored-energy-release-and-subsequent-serious-infection-of-wound/"
"EVT-IMCA-1477","UNIQUE","EVT-IMCA-1477","Unique event fingerprint","International Marine Contractors Association (IMCA)","https://www.imca-int.com/resources/safety/safety-flashes/1715-amsa-free-fall-lifeboat-safety/"
"EVT-IMCA-1478","UNIQUE","EVT-IMCA-1478","Unique event fingerprint","International Marine Contractors Association (IMCA)","https://www.imca-int.com/resources/safety/safety-flashes/1715-high-potential-near-miss-failure-of-lifeboat-release-hook-mechanism/"
"EVT-IMCA-1479","UNIQUE","EVT-IMCA-1479","Unique event fingerprint","International Marine Contractors Association (IMCA)","https://www.imca-int.com/resources/safety/safety-flashes/1615-older-norfolk-range-powder-extinguishers-from-before-2009/"
"EVT-IMCA-1480","UNIQUE","EVT-IMCA-1480","Unique event fingerprint","International Marine Contractors Association (IMCA)","https://www.imca-int.com/resources/safety/safety-flashes/1615-cargo-contamination-causing-ltis-during-clean-up/"
"EVT-IMCA-1481","UNIQUE","EVT-IMCA-1481","Unique event fingerprint","International Marine Contractors Association (IMCA)","https://www.imca-int.com/resources/safety/safety-flashes/1615-line-of-fire-injury-man-struck-in-face-by-hammer/"
"EVT-IMCA-1482","UNIQUE","EVT-IMCA-1482","Unique event fingerprint","International Marine Contractors Association (IMCA)","https://www.imca-int.com/resources/safety/safety-flashes/1615-rwc-caught-between-finger-smashed-by-tooling/"
"EVT-IMCA-1483","UNIQUE","EVT-IMCA-1483","Unique event fingerprint","International Marine Contractors Association (IMCA)","https://www.imca-int.com/resources/safety/safety-flashes/1615-everyday-activity-unwanted-outcome-poor-manual-handling-leads-to-back-strain/"
"EVT-IMCA-1484","UNIQUE","EVT-IMCA-1484","Unique event fingerprint","International Marine Contractors Association (IMCA)","https://www.imca-int.com/resources/safety/safety-flashes/1515-wsh-dropped-objects-fatalities-workers-struck-by-fallen-loads-during-lifting-operations/"
"EVT-IMCA-1485","UNIQUE","EVT-IMCA-1485","Unique event fingerprint","International Marine Contractors Association (IMCA)","https://www.imca-int.com/resources/safety/safety-flashes/1515-spillage-of-methanol-during-cargo-operations/"
"EVT-IMCA-1486","UNIQUE","EVT-IMCA-1486","Unique event fingerprint","International Marine Contractors Association (IMCA)","https://www.imca-int.com/resources/safety/safety-flashes/1515-incidents-involving-poor-crane-operations/"
"EVT-IMCA-1487","UNIQUE","EVT-IMCA-1487","Unique event fingerprint","International Marine Contractors Association (IMCA)","https://www.imca-int.com/resources/safety/safety-flashes/1415-high-potential-incidents-and-fatalities-in-2014-international-association-of-oil-gas-producers-iogp/"
"EVT-IMCA-1488","UNIQUE","EVT-IMCA-1488","Unique event fingerprint","International Marine Contractors Association (IMCA)","https://www.imca-int.com/resources/safety/safety-flashes/1415-fall-from-height-in-a-confined-space/"
"EVT-IMCA-1489","UNIQUE","EVT-IMCA-1489","Unique event fingerprint","International Marine Contractors Association (IMCA)","https://www.imca-int.com/resources/safety/safety-flashes/1415-electrical-shock-failure-of-isolations-and-barriers/"
"EVT-IMCA-1490","UNIQUE","EVT-IMCA-1490","Unique event fingerprint","International Marine Contractors Association (IMCA)","https://www.imca-int.com/resources/safety/safety-flashes/1415-crewman-struck-by-sling-during-anchor-handling-operations/"
"EVT-IMCA-1491","UNIQUE","EVT-IMCA-1491","Unique event fingerprint","International Marine Contractors Association (IMCA)","https://www.imca-int.com/resources/safety/safety-flashes/1415-dropped-object-near-miss-lifting/"
"EVT-IMCA-1492","UNIQUE","EVT-IMCA-1492","Unique event fingerprint","International Marine Contractors Association (IMCA)","https://www.imca-int.com/resources/safety/safety-flashes/1415-dropped-object-near-miss-rov-wire-rope/"
"EVT-IMCA-1493","UNIQUE","EVT-IMCA-1493","Unique event fingerprint","International Marine Contractors Association (IMCA)","https://www.imca-int.com/resources/safety/safety-flashes/1415-confined-space-fatality-in-shipyard/"
"EVT-IMCA-1494","UNIQUE","EVT-IMCA-1494","Unique event fingerprint","International Marine Contractors Association (IMCA)","https://www.imca-int.com/resources/safety/safety-flashes/1415-electrician-fatally-electrocuted/"
"EVT-IMCA-1495","UNIQUE","EVT-IMCA-1495","Unique event fingerprint","International Marine Contractors Association (IMCA)","https://www.imca-int.com/resources/safety/safety-flashes/1315-grounding-and-flooding-of-ferry-complacency/"
"EVT-IMCA-1496","UNIQUE","EVT-IMCA-1496","Unique event fingerprint","International Marine Contractors Association (IMCA)","https://www.imca-int.com/resources/safety/safety-flashes/1315-lost-time-injury-lti-rigger-struck-by-rigging-under-tension/"
"EVT-IMCA-1497","UNIQUE","EVT-IMCA-1497","Unique event fingerprint","International Marine Contractors Association (IMCA)","https://www.imca-int.com/resources/safety/safety-flashes/1315-fire-hydrants-fitted-with-incorrect-coupling-size/"
"EVT-IMCA-1498","UNIQUE","EVT-IMCA-1498","Unique event fingerprint","International Marine Contractors Association (IMCA)","https://www.imca-int.com/resources/safety/safety-flashes/1215-near-miss-hipo-engine-started-and-running-whilst-crew-member-working-on-shaft-generator/"
"EVT-IMCA-1499","UNIQUE","EVT-IMCA-1499","Unique event fingerprint","International Marine Contractors Association (IMCA)","https://www.imca-int.com/resources/safety/safety-flashes/1215-fingerhand-injuries/"
"EVT-IMCA-1500","UNIQUE","EVT-IMCA-1500","Unique event fingerprint","International Marine Contractors Association (IMCA)","https://www.imca-int.com/resources/safety/safety-flashes/1215-collision-between-crew-boat-and-anchored-barge/"
"EVT-IMCA-1501","UNIQUE","EVT-IMCA-1501","Unique event fingerprint","International Marine Contractors Association (IMCA)","https://www.imca-int.com/resources/safety/safety-flashes/1215-confined-space-entry-fatalities/"
"EVT-IMCA-1502","UNIQUE","EVT-IMCA-1502","Unique event fingerprint","International Marine Contractors Association (IMCA)","https://www.imca-int.com/resources/safety/safety-flashes/1215-thermal-tunnel-buoyancy-when-deployed-subsea/"
"EVT-IMCA-1503","UNIQUE","EVT-IMCA-1503","Unique event fingerprint","International Marine Contractors Association (IMCA)","https://www.imca-int.com/resources/safety/safety-flashes/1115-lost-time-injury-lti-and-restricted-workday-case-rwc-following-failure-of-diving-bell-door-system/"
"EVT-IMCA-1504","UNIQUE","EVT-IMCA-1504","Unique event fingerprint","International Marine Contractors Association (IMCA)","https://www.imca-int.com/resources/safety/safety-flashes/1115-near-miss-broken-chain-on-sling-of-personnel-lifting-basket/"
"EVT-IMCA-1505","UNIQUE","EVT-IMCA-1505","Unique event fingerprint","International Marine Contractors Association (IMCA)","https://www.imca-int.com/resources/safety/safety-flashes/1115-uncontrolled-exposure-to-hand-arm-vibration-havs/"
"EVT-IMCA-1506","UNIQUE","EVT-IMCA-1506","Unique event fingerprint","International Marine Contractors Association (IMCA)","https://www.imca-int.com/resources/safety/safety-flashes/1115-mooring-line-failure-resulting-in-serious-injury/"
"EVT-IMCA-1507","UNIQUE","EVT-IMCA-1507","Unique event fingerprint","International Marine Contractors Association (IMCA)","https://www.imca-int.com/resources/safety/safety-flashes/1115-msf-near-miss-dropped-object-protector-plate-drops-from-crane/"
"EVT-IMCA-1508","UNIQUE","EVT-IMCA-1508","Unique event fingerprint","International Marine Contractors Association (IMCA)","https://www.imca-int.com/resources/safety/safety-flashes/1015-near-miss-dropped-object-fell-from-crane-boom/"
"EVT-IMCA-1509","UNIQUE","EVT-IMCA-1509","Unique event fingerprint","International Marine Contractors Association (IMCA)","https://www.imca-int.com/resources/safety/safety-flashes/1015-dropped-object-near-miss-antenna-parts-worked-loose-and-fell-to-deck/"
"EVT-IMCA-1510","UNIQUE","EVT-IMCA-1510","Unique event fingerprint","International Marine Contractors Association (IMCA)","https://www.imca-int.com/resources/safety/safety-flashes/1015-control-of-sub-contractor-personnel-unplanned-and-uncertified-lifting-operations/"
"EVT-IMCA-1511","UNIQUE","EVT-IMCA-1511","Unique event fingerprint","International Marine Contractors Association (IMCA)","https://www.imca-int.com/resources/safety/safety-flashes/1015-poor-storage-leading-to-failure-and-disintegration-of-cutting-discs/"
"EVT-IMCA-1512","UNIQUE","EVT-IMCA-1512","Unique event fingerprint","International Marine Contractors Association (IMCA)","https://www.imca-int.com/resources/safety/safety-flashes/1015-msf-daughter-craft-man-overboard-incident/"
"EVT-IMCA-1513","UNIQUE","EVT-IMCA-1513","Unique event fingerprint","International Marine Contractors Association (IMCA)","https://www.imca-int.com/resources/safety/safety-flashes/1015-msf-lithium-battery-contents-in-eyes/"
"EVT-IMCA-1514","UNIQUE","EVT-IMCA-1514","Unique event fingerprint","International Marine Contractors Association (IMCA)","https://www.imca-int.com/resources/safety/safety-flashes/0915-routine-task-non-routine-result-batteries-stored-sideways-leak-battery-acid/"
"EVT-IMCA-1515","UNIQUE","EVT-IMCA-1515","Unique event fingerprint","International Marine Contractors Association (IMCA)","https://www.imca-int.com/resources/safety/safety-flashes/0915-routine-task-non-routine-result-finger-injury-during-welding/"
"EVT-IMCA-1516","UNIQUE","EVT-IMCA-1516","Unique event fingerprint","International Marine Contractors Association (IMCA)","https://www.imca-int.com/resources/safety/safety-flashes/0915-msf-near-miss-trapped-tagline-pins-banksman-against-stanchion/"
"EVT-IMCA-1517","UNIQUE","EVT-IMCA-1517","Unique event fingerprint","International Marine Contractors Association (IMCA)","https://www.imca-int.com/resources/safety/safety-flashes/0915-msf-vessel-electrical-equipment-caught-fire/"
"EVT-IMCA-1518","UNIQUE","EVT-IMCA-1518","Unique event fingerprint","International Marine Contractors Association (IMCA)","https://www.imca-int.com/resources/safety/safety-flashes/0915-dmaib-fire-on-offshore-renewables-industry-crew-transfer-vehicle-ctv/"
"EVT-IMCA-1519","UNIQUE","EVT-IMCA-1519","Unique event fingerprint","International Marine Contractors Association (IMCA)","https://www.imca-int.com/resources/safety/safety-flashes/0915-aberdeen-harbour-annual-summary-of-marine-safety-reports-for-2013/"
"EVT-IMCA-1520","UNIQUE","EVT-IMCA-1520","Unique event fingerprint","International Marine Contractors Association (IMCA)","https://www.imca-int.com/resources/safety/safety-flashes/0815-rov-main-lift-umbilical-failure/"
"EVT-IMCA-1521","UNIQUE","EVT-IMCA-1521","Unique event fingerprint","International Marine Contractors Association (IMCA)","https://www.imca-int.com/resources/safety/safety-flashes/0815-near-miss-hot-work-in-no-weld-zone/"
"EVT-IMCA-1522","UNIQUE","EVT-IMCA-1522","Unique event fingerprint","International Marine Contractors Association (IMCA)","https://www.imca-int.com/resources/safety/safety-flashes/0815-near-miss-fire-axe-falls-out-of-cabinet-almost-hits-a-fireman-s-toes/"
"EVT-IMCA-1523","UNIQUE","EVT-IMCA-1523","Unique event fingerprint","International Marine Contractors Association (IMCA)","https://www.imca-int.com/resources/safety/safety-flashes/0815-uscg-fatalities-in-engine-room-fire-caused-by-fuel-spray-ignition/"
"EVT-IMCA-1524","UNIQUE","EVT-IMCA-1524","Unique event fingerprint","International Marine Contractors Association (IMCA)","https://www.imca-int.com/resources/safety/safety-flashes/0815-msf-bulk-hose-drawn-into-thruster-severe-damage-and-delay/"
"EVT-IMCA-1525","UNIQUE","EVT-IMCA-1525","Unique event fingerprint","International Marine Contractors Association (IMCA)","https://www.imca-int.com/resources/safety/safety-flashes/0715-second-hand-equipment-causes-engine-breakdown/"
"EVT-IMCA-1526","UNIQUE","EVT-IMCA-1526","Unique event fingerprint","International Marine Contractors Association (IMCA)","https://www.imca-int.com/resources/safety/safety-flashes/0715-near-miss-unexpected-water-ingress-during-fault-finding-of-a-cracked-water-pipe/"
"EVT-IMCA-1527","UNIQUE","EVT-IMCA-1527","Unique event fingerprint","International Marine Contractors Association (IMCA)","https://www.imca-int.com/resources/safety/safety-flashes/0715-near-miss-equipment-failure-broken-mast-arms/"
"EVT-IMCA-1528","UNIQUE","EVT-IMCA-1528","Unique event fingerprint","International Marine Contractors Association (IMCA)","https://www.imca-int.com/resources/safety/safety-flashes/0715-minor-damage-to-pontoon-cleat-during-crew-transfer-vessel-mooring-operations/"
"EVT-IMCA-1529","UNIQUE","EVT-IMCA-1529","Unique event fingerprint","International Marine Contractors Association (IMCA)","https://www.imca-int.com/resources/safety/safety-flashes/0615-objects-dropped-from-pipelay-tower/"
"EVT-IMCA-1530","UNIQUE","EVT-IMCA-1530","Unique event fingerprint","International Marine Contractors Association (IMCA)","https://www.imca-int.com/resources/safety/safety-flashes/0615-failure-of-underwater-pan-and-tilt-rotator-unit/"
"EVT-IMCA-1531","UNIQUE","EVT-IMCA-1531","Unique event fingerprint","International Marine Contractors Association (IMCA)","https://www.imca-int.com/resources/safety/safety-flashes/0615-marine-risk-management-within-the-safety-zone/"
"EVT-IMCA-1532","UNIQUE","EVT-IMCA-1532","Unique event fingerprint","International Marine Contractors Association (IMCA)","https://www.imca-int.com/resources/safety/safety-flashes/0615-near-miss-incidents-crew-transfer-vehicles-approaching-wind-turbines/"
"EVT-IMCA-1533","UNIQUE","EVT-IMCA-1533","Unique event fingerprint","International Marine Contractors Association (IMCA)","https://www.imca-int.com/resources/safety/safety-flashes/0615-badly-sprained-ankle-resulting-in-lti/"
"EVT-IMCA-1534","UNIQUE","EVT-IMCA-1534","Unique event fingerprint","International Marine Contractors Association (IMCA)","https://www.imca-int.com/resources/safety/safety-flashes/0515-fatal-incident-during-change-out-of-chain-wheel-gypsy-on-anchor-handling-tug-supply-ahts-vessel/"
"EVT-IMCA-1535","UNIQUE","EVT-IMCA-1535","Unique event fingerprint","International Marine Contractors Association (IMCA)","https://www.imca-int.com/resources/safety/safety-flashes/0515-lifting-equipment-failure-objects-dropped-into-moonpool/"
"EVT-IMCA-1536","UNIQUE","EVT-IMCA-1536","Unique event fingerprint","International Marine Contractors Association (IMCA)","https://www.imca-int.com/resources/safety/safety-flashes/0515-winch-brake-failure/"
"EVT-IMCA-1537","UNIQUE","EVT-IMCA-1537","Unique event fingerprint","International Marine Contractors Association (IMCA)","https://www.imca-int.com/resources/safety/safety-flashes/0515-msf-routine-task-badly-cut-finger-changing-mop-head/"
"EVT-IMCA-1538","UNIQUE","EVT-IMCA-1538","Unique event fingerprint","International Marine Contractors Association (IMCA)","https://www.imca-int.com/resources/safety/safety-flashes/0515-msf-hand-injury-during-stowing-of-anchor-chains/"
"EVT-IMCA-1539","UNIQUE","EVT-IMCA-1539","Unique event fingerprint","International Marine Contractors Association (IMCA)","https://www.imca-int.com/resources/safety/safety-flashes/0515-msf-pinch-point-finger-injury-during-hose-handling/"
"EVT-IMCA-1540","UNIQUE","EVT-IMCA-1540","Unique event fingerprint","International Marine Contractors Association (IMCA)","https://www.imca-int.com/resources/safety/safety-flashes/0415-electric-shock-incident/"
"EVT-IMCA-1541","UNIQUE","EVT-IMCA-1541","Unique event fingerprint","International Marine Contractors Association (IMCA)","https://www.imca-int.com/resources/safety/safety-flashes/0415-lost-time-injury-lti-during-lifting-operations-backloading-tubular-cargo/"
"EVT-IMCA-1542","UNIQUE","EVT-IMCA-1542","Unique event fingerprint","International Marine Contractors Association (IMCA)","https://www.imca-int.com/resources/safety/safety-flashes/0415-stored-pressure-release-hydraulic-oil/"
"EVT-IMCA-1543","UNIQUE","EVT-IMCA-1543","Unique event fingerprint","International Marine Contractors Association (IMCA)","https://www.imca-int.com/resources/safety/safety-flashes/0415-diver-fainted/"
"EVT-IMCA-1544","UNIQUE","EVT-IMCA-1544","Unique event fingerprint","International Marine Contractors Association (IMCA)","https://www.imca-int.com/resources/safety/safety-flashes/0415-near-miss-quarantine-of-fall-arrest-equipment/"
"EVT-IMCA-1545","UNIQUE","EVT-IMCA-1545","Unique event fingerprint","International Marine Contractors Association (IMCA)","https://www.imca-int.com/resources/safety/safety-flashes/0415-near-miss-drawstring-on-storm-jacket-nearly-drawn-into-rotating-equipment/"
"EVT-IMCA-1546","UNIQUE","EVT-IMCA-1546","Unique event fingerprint","International Marine Contractors Association (IMCA)","https://www.imca-int.com/resources/safety/safety-flashes/0415-msf-fire-in-engine-room-on-platform-supply-vessel/"
"EVT-IMCA-1547","UNIQUE","EVT-IMCA-1547","Unique event fingerprint","International Marine Contractors Association (IMCA)","https://www.imca-int.com/resources/safety/safety-flashes/0315-capstan-wire-parted-during-deployment-of-anchor-buoy/"
"EVT-IMCA-1548","UNIQUE","EVT-IMCA-1548","Unique event fingerprint","International Marine Contractors Association (IMCA)","https://www.imca-int.com/resources/safety/safety-flashes/0315-diver-sustains-water-jetting-injury/"
"EVT-IMCA-1549","UNIQUE","EVT-IMCA-1549","Unique event fingerprint","International Marine Contractors Association (IMCA)","https://www.imca-int.com/resources/safety/safety-flashes/0315-msf-near-miss-supply-vessel-in-path-of-helicopter-making-approach-to-platform/"
"EVT-IMCA-1550","UNIQUE","EVT-IMCA-1550","Unique event fingerprint","International Marine Contractors Association (IMCA)","https://www.imca-int.com/resources/safety/safety-flashes/0315-near-miss-manual-handling-in-the-office/"
"EVT-IMCA-1551","UNIQUE","EVT-IMCA-1551","Unique event fingerprint","International Marine Contractors Association (IMCA)","https://www.imca-int.com/resources/safety/safety-flashes/0315-near-miss-potential-fall-from-height-during-launch-of-rescue-craft/"
"EVT-IMCA-1552","UNIQUE","EVT-IMCA-1552","Unique event fingerprint","International Marine Contractors Association (IMCA)","https://www.imca-int.com/resources/safety/safety-flashes/0315-man-overboard-mob-rescue-lifting-slings-parted/"
"EVT-IMCA-1553","UNIQUE","EVT-IMCA-1553","Unique event fingerprint","International Marine Contractors Association (IMCA)","https://www.imca-int.com/resources/safety/safety-flashes/0215-dropped-object-near-miss-falling-crane-block/"
"EVT-IMCA-1554","UNIQUE","EVT-IMCA-1554","Unique event fingerprint","International Marine Contractors Association (IMCA)","https://www.imca-int.com/resources/safety/safety-flashes/0215-msf-dropped-object-near-misses/"
"EVT-IMCA-1555","UNIQUE","EVT-IMCA-1555","Unique event fingerprint","International Marine Contractors Association (IMCA)","https://www.imca-int.com/resources/safety/safety-flashes/0215-dropped-object-failure-of-lump-hammer/"
"EVT-IMCA-1556","UNIQUE","EVT-IMCA-1556","Unique event fingerprint","International Marine Contractors Association (IMCA)","https://www.imca-int.com/resources/safety/safety-flashes/0215-near-miss-missing-nut-and-split-pin-on-shackle/"
"EVT-IMCA-1557","UNIQUE","EVT-IMCA-1557","Unique event fingerprint","International Marine Contractors Association (IMCA)","https://www.imca-int.com/resources/safety/safety-flashes/0215-near-miss-man-overboard/"
"EVT-IMCA-1558","UNIQUE","EVT-IMCA-1558","Unique event fingerprint","International Marine Contractors Association (IMCA)","https://www.imca-int.com/resources/safety/safety-flashes/0215-wsh-fatality-worker-crushed-by-engine-piston-assembly/"
"EVT-IMCA-1559","UNIQUE","EVT-IMCA-1559","Unique event fingerprint","International Marine Contractors Association (IMCA)","https://www.imca-int.com/resources/safety/safety-flashes/0115-lost-time-injury-lti-hand-injury-during-mooring-operations/"
"EVT-IMCA-1560","UNIQUE","EVT-IMCA-1560","Unique event fingerprint","International Marine Contractors Association (IMCA)","https://www.imca-int.com/resources/safety/safety-flashes/0115-near-miss-safe-use-of-chains-in-rigging/"
"EVT-IMCA-1561","UNIQUE","EVT-IMCA-1561","Unique event fingerprint","International Marine Contractors Association (IMCA)","https://www.imca-int.com/resources/safety/safety-flashes/0115-near-miss-anchoring-of-rigging-to-uncertified-points/"
"EVT-IMCA-1562","UNIQUE","EVT-IMCA-1562","Unique event fingerprint","International Marine Contractors Association (IMCA)","https://www.imca-int.com/resources/safety/safety-flashes/0115-s92-helicopter-pressure-refuelling-incident/"
"EVT-IMCA-1563","UNIQUE","EVT-IMCA-1563","Unique event fingerprint","International Marine Contractors Association (IMCA)","https://www.imca-int.com/resources/safety/safety-flashes/0115-disposal-of-flammable-substances-with-ignition-sources/"
"EVT-IMCA-1564","UNIQUE","EVT-IMCA-1564","Unique event fingerprint","International Marine Contractors Association (IMCA)","https://www.imca-int.com/resources/safety/safety-flashes/0115-unplanned-release-of-960-litres-of-hydraulic-oil/"
"EVT-IMCA-1565","UNIQUE","EVT-IMCA-1565","Unique event fingerprint","International Marine Contractors Association (IMCA)","https://www.imca-int.com/resources/safety/safety-flashes/0115-high-potential-dropped-object/"
"EVT-IMCA-1566","UNIQUE","EVT-IMCA-1566","Unique event fingerprint","International Marine Contractors Association (IMCA)","https://www.imca-int.com/resources/safety/safety-flashes/1914-injuries-due-to-failure-of-diver-s-emergency-gas-cylinder/"
"EVT-IMCA-1567","UNIQUE","EVT-IMCA-1567","Unique event fingerprint","International Marine Contractors Association (IMCA)","https://www.imca-int.com/resources/safety/safety-flashes/1914-near-miss-dropped-object-from-cargo/"
"EVT-IMCA-1568","UNIQUE","EVT-IMCA-1568","Unique event fingerprint","International Marine Contractors Association (IMCA)","https://www.imca-int.com/resources/safety/safety-flashes/1914-collision-and-near-miss-caused-by-guard-vessel/"
"EVT-IMCA-1569","UNIQUE","EVT-IMCA-1569","Unique event fingerprint","International Marine Contractors Association (IMCA)","https://www.imca-int.com/resources/safety/safety-flashes/1914-wsh-fatality-worker-hit-by-ship-crane-during-lifting-operation/"
"EVT-IMCA-1570","UNIQUE","EVT-IMCA-1570","Unique event fingerprint","International Marine Contractors Association (IMCA)","https://www.imca-int.com/resources/safety/safety-flashes/1914-fire-in-wheelhouse-on-offshore-renewables-crew-transfer-vessel/"
"EVT-IMCA-1571","EVENT_DUPLICATE","EVT-IMCA-0760","Matching normalized title and incident narrative fingerprint","International Marine Contractors Association (IMCA)","https://www.imca-int.com/resources/safety/safety-flashes/1914-confined-space-entry-fatality/"
"EVT-IMCA-1572","UNIQUE","EVT-IMCA-1572","Unique event fingerprint","International Marine Contractors Association (IMCA)","https://www.imca-int.com/resources/safety/safety-flashes/1814-failure-of-bell-winch-clutch-coupling-during-bell-recovery/"
"EVT-IMCA-1573","UNIQUE","EVT-IMCA-1573","Unique event fingerprint","International Marine Contractors Association (IMCA)","https://www.imca-int.com/resources/safety/safety-flashes/1814-master-link-failure-during-testing-of-overboarding-chute/"
"EVT-IMCA-1574","UNIQUE","EVT-IMCA-1574","Unique event fingerprint","International Marine Contractors Association (IMCA)","https://www.imca-int.com/resources/safety/safety-flashes/1814-hydraulic-umbilical-winch-operation-trapped-thumb/"
"EVT-IMCA-1575","UNIQUE","EVT-IMCA-1575","Unique event fingerprint","International Marine Contractors Association (IMCA)","https://www.imca-int.com/resources/safety/safety-flashes/1814-injuries-sustained-whilst-trying-to-stop-moving-objects/"
"EVT-IMCA-1576","UNIQUE","EVT-IMCA-1576","Unique event fingerprint","International Marine Contractors Association (IMCA)","https://www.imca-int.com/resources/safety/safety-flashes/1814-dropped-object-incidents/"
"EVT-IMCA-1577","UNIQUE","EVT-IMCA-1577","Unique event fingerprint","International Marine Contractors Association (IMCA)","https://www.imca-int.com/resources/safety/safety-flashes/1814-near-miss-inadequate-insulation-of-690v-bus-bars/"
"EVT-IMCA-1578","UNIQUE","EVT-IMCA-1578","Unique event fingerprint","International Marine Contractors Association (IMCA)","https://www.imca-int.com/resources/safety/safety-flashes/1714-lost-time-injury-lti-fall-overboardfall-from-height/"
"EVT-IMCA-1579","UNIQUE","EVT-IMCA-1579","Unique event fingerprint","International Marine Contractors Association (IMCA)","https://www.imca-int.com/resources/safety/safety-flashes/1714-lithium-battery-pack-explosion/"
"EVT-IMCA-1580","UNIQUE","EVT-IMCA-1580","Unique event fingerprint","International Marine Contractors Association (IMCA)","https://www.imca-int.com/resources/safety/safety-flashes/1714-hydraulic-injection-injuries/"
"EVT-IMCA-1581","UNIQUE","EVT-IMCA-1581","Unique event fingerprint","International Marine Contractors Association (IMCA)","https://www.imca-int.com/resources/safety/safety-flashes/1714-uncontrolled-rotation-of-96m-reel/"
"EVT-IMCA-1582","UNIQUE","EVT-IMCA-1582","Unique event fingerprint","International Marine Contractors Association (IMCA)","https://www.imca-int.com/resources/safety/safety-flashes/1714-slips-trips-and-falls-raising-awareness/"
"EVT-IMCA-1583","UNIQUE","EVT-IMCA-1583","Unique event fingerprint","International Marine Contractors Association (IMCA)","https://www.imca-int.com/resources/safety/safety-flashes/1614-near-miss-engine-room-flooding/"
"EVT-IMCA-1584","UNIQUE","EVT-IMCA-1584","Unique event fingerprint","International Marine Contractors Association (IMCA)","https://www.imca-int.com/resources/safety/safety-flashes/1614-dropped-object-incident/"
"EVT-IMCA-1585","UNIQUE","EVT-IMCA-1585","Unique event fingerprint","International Marine Contractors Association (IMCA)","https://www.imca-int.com/resources/safety/safety-flashes/1614-near-miss-failure-of-diving-helmet-communications-module/"
"EVT-IMCA-1586","UNIQUE","EVT-IMCA-1586","Unique event fingerprint","International Marine Contractors Association (IMCA)","https://www.imca-int.com/resources/safety/safety-flashes/1614-msf-near-miss-incident-involving-dry-bulk-pressure-system/"
"EVT-IMCA-1587","UNIQUE","EVT-IMCA-1587","Unique event fingerprint","International Marine Contractors Association (IMCA)","https://www.imca-int.com/resources/safety/safety-flashes/1614-ruptured-hydraulic-hoses/"
"EVT-IMCA-1588","UNIQUE","EVT-IMCA-1588","Unique event fingerprint","International Marine Contractors Association (IMCA)","https://www.imca-int.com/resources/safety/safety-flashes/1614-msf-person-struck-by-tugger-wire-assembly/"
"EVT-IMCA-1589","UNIQUE","EVT-IMCA-1589","Unique event fingerprint","International Marine Contractors Association (IMCA)","https://www.imca-int.com/resources/safety/safety-flashes/1514-dropped-object-near-miss-unsecured-plastic-box-fell-from-load-being-lifted-by-mobile-crane/"
"EVT-IMCA-1590","UNIQUE","EVT-IMCA-1590","Unique event fingerprint","International Marine Contractors Association (IMCA)","https://www.imca-int.com/resources/safety/safety-flashes/1514-440v-electrical-shock-incident/"
"EVT-IMCA-1591","UNIQUE","EVT-IMCA-1591","Unique event fingerprint","International Marine Contractors Association (IMCA)","https://www.imca-int.com/resources/safety/safety-flashes/1514-diver-injured-after-being-trapped-underwater/"
"EVT-IMCA-1592","UNIQUE","EVT-IMCA-1592","Unique event fingerprint","International Marine Contractors Association (IMCA)","https://www.imca-int.com/resources/safety/safety-flashes/1514-alternator-bearing-collapse-caused-small-fire/"
"EVT-IMCA-1593","UNIQUE","EVT-IMCA-1593","Unique event fingerprint","International Marine Contractors Association (IMCA)","https://www.imca-int.com/resources/safety/safety-flashes/1514-confined-space-entry-multiple-fatalities/"
"EVT-IMCA-1594","UNIQUE","EVT-IMCA-1594","Unique event fingerprint","International Marine Contractors Association (IMCA)","https://www.imca-int.com/resources/safety/safety-flashes/1514-marine-safe-australia-hand-injuries/"
"EVT-IMCA-1595","UNIQUE","EVT-IMCA-1595","Unique event fingerprint","International Marine Contractors Association (IMCA)","https://www.imca-int.com/resources/safety/safety-flashes/1414-high-potential-stored-energy-incident-inner-buoyancy-module-clamp-failure-during-removal/"
"EVT-IMCA-1596","UNIQUE","EVT-IMCA-1596","Unique event fingerprint","International Marine Contractors Association (IMCA)","https://www.imca-int.com/resources/safety/safety-flashes/1414-near-miss-incorrect-length-retaining-screws-fitted-on-divers-helmet/"
"EVT-IMCA-1597","UNIQUE","EVT-IMCA-1597","Unique event fingerprint","International Marine Contractors Association (IMCA)","https://www.imca-int.com/resources/safety/safety-flashes/1414-lost-time-injury-lti-trip-incident/"
"EVT-IMCA-1598","UNIQUE","EVT-IMCA-1598","Unique event fingerprint","International Marine Contractors Association (IMCA)","https://www.imca-int.com/resources/safety/safety-flashes/1414-lost-time-injury-lti-trip-incident-during-routine-task/"
"EVT-IMCA-1599","UNIQUE","EVT-IMCA-1599","Unique event fingerprint","International Marine Contractors Association (IMCA)","https://www.imca-int.com/resources/safety/safety-flashes/1414-high-potential-dropped-object-incident/"
"EVT-IMCA-1600","UNIQUE","EVT-IMCA-1600","Unique event fingerprint","International Marine Contractors Association (IMCA)","https://www.imca-int.com/resources/safety/safety-flashes/1414-msf-disposal-of-pyrotechnics/"
"EVT-IMCA-1601","UNIQUE","EVT-IMCA-1601","Unique event fingerprint","International Marine Contractors Association (IMCA)","https://www.imca-int.com/resources/safety/safety-flashes/1414-lifting-and-rigging-plans/"
"EVT-IMCA-1602","UNIQUE","EVT-IMCA-1602","Unique event fingerprint","International Marine Contractors Association (IMCA)","https://www.imca-int.com/resources/safety/safety-flashes/1314-bell-re-claim-failure-resulting-in-minor-injury/"
"EVT-IMCA-1603","UNIQUE","EVT-IMCA-1603","Unique event fingerprint","International Marine Contractors Association (IMCA)","https://www.imca-int.com/resources/safety/safety-flashes/1314-near-miss-unauthorised-release-of-shore-controlled-mooring-lines/"
"EVT-IMCA-1604","UNIQUE","EVT-IMCA-1604","Unique event fingerprint","International Marine Contractors Association (IMCA)","https://www.imca-int.com/resources/safety/safety-flashes/1314-failure-of-lifeboat-release-hook-mechanism/"
"EVT-IMCA-1605","UNIQUE","EVT-IMCA-1605","Unique event fingerprint","International Marine Contractors Association (IMCA)","https://www.imca-int.com/resources/safety/safety-flashes/1314-main-rov-lift-umbilical-parted/"
"EVT-IMCA-1606","UNIQUE","EVT-IMCA-1606","Unique event fingerprint","International Marine Contractors Association (IMCA)","https://www.imca-int.com/resources/safety/safety-flashes/1314-unplanned-vessel-contact-with-an-installation-during-lifting-operations/"
"EVT-IMCA-1607","UNIQUE","EVT-IMCA-1607","Unique event fingerprint","International Marine Contractors Association (IMCA)","https://www.imca-int.com/resources/safety/safety-flashes/1314-potential-dropped-object-poor-housekeeping/"
"EVT-IMCA-1608","UNIQUE","EVT-IMCA-1608","Unique event fingerprint","International Marine Contractors Association (IMCA)","https://www.imca-int.com/resources/safety/safety-flashes/1014-engine-room-fire-1/"
"EVT-IMCA-1609","UNIQUE","EVT-IMCA-1609","Unique event fingerprint","International Marine Contractors Association (IMCA)","https://www.imca-int.com/resources/safety/safety-flashes/1214-punctured-welding-hose-flash-fire/"
"EVT-IMCA-1610","UNIQUE","EVT-IMCA-1610","Unique event fingerprint","International Marine Contractors Association (IMCA)","https://www.imca-int.com/resources/safety/safety-flashes/1214-lost-time-injury-lti-winch-base-plate-failure/"
"EVT-IMCA-1611","UNIQUE","EVT-IMCA-1611","Unique event fingerprint","International Marine Contractors Association (IMCA)","https://www.imca-int.com/resources/safety/safety-flashes/1214-lost-time-injury-lti-during-mooring-operations/"
"EVT-IMCA-1612","UNIQUE","EVT-IMCA-1612","Unique event fingerprint","International Marine Contractors Association (IMCA)","https://www.imca-int.com/resources/safety/safety-flashes/1214-near-miss-loose-life-jackets-caused-man-overboard-mob-alert/"
"EVT-IMCA-1613","UNIQUE","EVT-IMCA-1613","Unique event fingerprint","International Marine Contractors Association (IMCA)","https://www.imca-int.com/resources/safety/safety-flashes/1214-lost-time-injury-lti-trapped-finger/"
"EVT-IMCA-1614","UNIQUE","EVT-IMCA-1614","Unique event fingerprint","International Marine Contractors Association (IMCA)","https://www.imca-int.com/resources/safety/safety-flashes/1214-fatality-man-overboard/"
"EVT-IMCA-1615","UNIQUE","EVT-IMCA-1615","Unique event fingerprint","International Marine Contractors Association (IMCA)","https://www.imca-int.com/resources/safety/safety-flashes/1114-failure-of-master-link-during-subsea-lifting-operations/"
"EVT-IMCA-1616","UNIQUE","EVT-IMCA-1616","Unique event fingerprint","International Marine Contractors Association (IMCA)","https://www.imca-int.com/resources/safety/safety-flashes/1114-lost-time-injury-lti-hand-severed-during-mooring-operations/"
"EVT-IMCA-1617","UNIQUE","EVT-IMCA-1617","Unique event fingerprint","International Marine Contractors Association (IMCA)","https://www.imca-int.com/resources/safety/safety-flashes/1114-lost-time-injury-lti-severe-hand-injury-in-galley/"
"EVT-IMCA-1618","UNIQUE","EVT-IMCA-1618","Unique event fingerprint","International Marine Contractors Association (IMCA)","https://www.imca-int.com/resources/safety/safety-flashes/1114-near-miss-collapse-of-rov-launch-and-recovery-system-lars/"
"EVT-IMCA-1619","UNIQUE","EVT-IMCA-1619","Unique event fingerprint","International Marine Contractors Association (IMCA)","https://www.imca-int.com/resources/safety/safety-flashes/1114-hydraulic-hose-failure-caused-collapse-of-heavy-haulage-trailer/"
"EVT-IMCA-1620","UNIQUE","EVT-IMCA-1620","Unique event fingerprint","International Marine Contractors Association (IMCA)","https://www.imca-int.com/resources/safety/safety-flashes/1114-inadequate-snap-hooks-on-life-jackets/"
"EVT-IMCA-1621","UNIQUE","EVT-IMCA-1621","Unique event fingerprint","International Marine Contractors Association (IMCA)","https://www.imca-int.com/resources/safety/safety-flashes/1014-fire-in-engine-room-on-platform-supply-vessel/"
"EVT-IMCA-1622","UNIQUE","EVT-IMCA-1622","Unique event fingerprint","International Marine Contractors Association (IMCA)","https://www.imca-int.com/resources/safety/safety-flashes/1014-serious-engine-room-fire-whilst-divers-in-saturation/"
"EVT-IMCA-1623","UNIQUE","EVT-IMCA-1623","Unique event fingerprint","International Marine Contractors Association (IMCA)","https://www.imca-int.com/resources/safety/safety-flashes/1014-fire-in-engine-room-on-platform-supply-vessel-1/"
"EVT-IMCA-1624","UNIQUE","EVT-IMCA-1624","Unique event fingerprint","International Marine Contractors Association (IMCA)","https://www.imca-int.com/resources/safety/safety-flashes/1014-fire-in-engine-space-on-crew-transfer-vessel-ctv/"
"EVT-IMCA-1625","UNIQUE","EVT-IMCA-1625","Unique event fingerprint","International Marine Contractors Association (IMCA)","https://www.imca-int.com/resources/safety/safety-flashes/1014-engine-room-fire/"
"EVT-IMCA-1626","UNIQUE","EVT-IMCA-1626","Unique event fingerprint","International Marine Contractors Association (IMCA)","https://www.imca-int.com/resources/safety/safety-flashes/0914-vessel-blackout-during-close-standby/"
"EVT-IMCA-1627","UNIQUE","EVT-IMCA-1627","Unique event fingerprint","International Marine Contractors Association (IMCA)","https://www.imca-int.com/resources/safety/safety-flashes/0914-serious-dropped-object-incidents/"
"EVT-IMCA-1628","UNIQUE","EVT-IMCA-1628","Unique event fingerprint","International Marine Contractors Association (IMCA)","https://www.imca-int.com/resources/safety/safety-flashes/0914-lost-time-injury-lti-serious-hand-injury-caught-in-the-bight/"
"EVT-IMCA-1629","UNIQUE","EVT-IMCA-1629","Unique event fingerprint","International Marine Contractors Association (IMCA)","https://www.imca-int.com/resources/safety/safety-flashes/0914-first-aid-incident-during-at-sea-fuel-transfer-mooring-lines/"
"EVT-IMCA-1630","UNIQUE","EVT-IMCA-1630","Unique event fingerprint","International Marine Contractors Association (IMCA)","https://www.imca-int.com/resources/safety/safety-flashes/0914-pressure-vessel-systems-response-to-fatal-accident/"
"EVT-IMCA-1631","UNIQUE","EVT-IMCA-1631","Unique event fingerprint","International Marine Contractors Association (IMCA)","https://www.imca-int.com/resources/safety/safety-flashes/0814-crewman-struck-by-dropped-object/"
"EVT-IMCA-1632","UNIQUE","EVT-IMCA-1632","Unique event fingerprint","International Marine Contractors Association (IMCA)","https://www.imca-int.com/resources/safety/safety-flashes/0814-unsecured-object-lifted-by-helicopter-downwash/"
"EVT-IMCA-1633","UNIQUE","EVT-IMCA-1633","Unique event fingerprint","International Marine Contractors Association (IMCA)","https://www.imca-int.com/resources/safety/safety-flashes/0814-crewman-suffered-first-aid-injury-during-cutting-operations/"
"EVT-IMCA-1634","UNIQUE","EVT-IMCA-1634","Unique event fingerprint","International Marine Contractors Association (IMCA)","https://www.imca-int.com/resources/safety/safety-flashes/0814-cutting-torch-hose-separates-from-flame-arrestor/"
"EVT-IMCA-1635","UNIQUE","EVT-IMCA-1635","Unique event fingerprint","International Marine Contractors Association (IMCA)","https://www.imca-int.com/resources/safety/safety-flashes/0814-near-miss-potential-fire-hazard-from-halogen-lamp/"
"EVT-IMCA-1636","UNIQUE","EVT-IMCA-1636","Unique event fingerprint","International Marine Contractors Association (IMCA)","https://www.imca-int.com/resources/safety/safety-flashes/0714-first-aid-injury-thermos-cup-exploded-after-being-in-hyperbaric-environment/"
"EVT-IMCA-1637","UNIQUE","EVT-IMCA-1637","Unique event fingerprint","International Marine Contractors Association (IMCA)","https://www.imca-int.com/resources/safety/safety-flashes/0714-hand-injury-during-retrieval-of-personal-protective-equipment-ppe-stored-inside-a-compressor-unit/"
"EVT-IMCA-1638","UNIQUE","EVT-IMCA-1638","Unique event fingerprint","International Marine Contractors Association (IMCA)","https://www.imca-int.com/resources/safety/safety-flashes/0714-crane-wire-rope-grip-incorrectly-fitted/"
"EVT-IMCA-1639","UNIQUE","EVT-IMCA-1639","Unique event fingerprint","International Marine Contractors Association (IMCA)","https://www.imca-int.com/resources/safety/safety-flashes/0714-crew-transfer-vessel-in-collision-with-anchor-wire/"
"EVT-IMCA-1640","UNIQUE","EVT-IMCA-1640","Unique event fingerprint","International Marine Contractors Association (IMCA)","https://www.imca-int.com/resources/safety/safety-flashes/0714-injury-caused-by-movement-of-wire-rope-under-tension/"
"EVT-IMCA-1641","UNIQUE","EVT-IMCA-1641","Unique event fingerprint","International Marine Contractors Association (IMCA)","https://www.imca-int.com/resources/safety/safety-flashes/0714-master-link-and-sub-link-failures-on-lifting-equipment/"
"EVT-IMCA-1642","UNIQUE","EVT-IMCA-1642","Unique event fingerprint","International Marine Contractors Association (IMCA)","https://www.imca-int.com/resources/safety/safety-flashes/0614-fatality-during-air-diving-operations/"
"EVT-IMCA-1643","UNIQUE","EVT-IMCA-1643","Unique event fingerprint","International Marine Contractors Association (IMCA)","https://www.imca-int.com/resources/safety/safety-flashes/0614-near-miss-strong-sun-glare-contributes-to-heavy-impact-on-boat-landing/"
"EVT-IMCA-1644","UNIQUE","EVT-IMCA-1644","Unique event fingerprint","International Marine Contractors Association (IMCA)","https://www.imca-int.com/resources/safety/safety-flashes/0614-near-miss-incidents-during-personnel-transfer-to-offshore-renewable-energy-installations/"
"EVT-IMCA-1645","UNIQUE","EVT-IMCA-1645","Unique event fingerprint","International Marine Contractors Association (IMCA)","https://www.imca-int.com/resources/safety/safety-flashes/0614-navigational-near-miss-in-restricted-visibility/"
"EVT-IMCA-1646","UNIQUE","EVT-IMCA-1646","Unique event fingerprint","International Marine Contractors Association (IMCA)","https://www.imca-int.com/resources/safety/safety-flashes/0614-hand-injury-grease-injection-into-small-finger/"
"EVT-IMCA-1647","UNIQUE","EVT-IMCA-1647","Unique event fingerprint","International Marine Contractors Association (IMCA)","https://www.imca-int.com/resources/safety/safety-flashes/0614-equipment-damaged-by-waterspout/"
"EVT-IMCA-1648","UNIQUE","EVT-IMCA-1648","Unique event fingerprint","International Marine Contractors Association (IMCA)","https://www.imca-int.com/resources/safety/safety-flashes/0614-pontoon-compartment-explosion-on-floating-roof-tanks/"
"EVT-IMCA-1649","UNIQUE","EVT-IMCA-1649","Unique event fingerprint","International Marine Contractors Association (IMCA)","https://www.imca-int.com/resources/safety/safety-flashes/0514-decompression-illness-dci-incident-during-routine-decompression-of-divers-from-saturation/"
"EVT-IMCA-1650","UNIQUE","EVT-IMCA-1650","Unique event fingerprint","International Marine Contractors Association (IMCA)","https://www.imca-int.com/resources/safety/safety-flashes/0514-restricted-work-case-rwc-injury-to-foot-caused-by-moving-roller/"
"EVT-IMCA-1651","UNIQUE","EVT-IMCA-1651","Unique event fingerprint","International Marine Contractors Association (IMCA)","https://www.imca-int.com/resources/safety/safety-flashes/0514-snubber-failure/"
"EVT-IMCA-1652","UNIQUE","EVT-IMCA-1652","Unique event fingerprint","International Marine Contractors Association (IMCA)","https://www.imca-int.com/resources/safety/safety-flashes/0514-epirb-precautionary-bulletin/"
"EVT-IMCA-1653","UNIQUE","EVT-IMCA-1653","Unique event fingerprint","International Marine Contractors Association (IMCA)","https://www.imca-int.com/resources/safety/safety-flashes/0514-overloading-leads-to-catastrophic-failure-of-crane-boom/"
"EVT-IMCA-1654","UNIQUE","EVT-IMCA-1654","Unique event fingerprint","International Marine Contractors Association (IMCA)","https://www.imca-int.com/resources/safety/safety-flashes/0414-lost-time-injury-lti-thumb-laceration/"
"EVT-IMCA-1655","UNIQUE","EVT-IMCA-1655","Unique event fingerprint","International Marine Contractors Association (IMCA)","https://www.imca-int.com/resources/safety/safety-flashes/0414-near-miss-failure-to-reconnect-fire-suppression-systems/"
"EVT-IMCA-1656","UNIQUE","EVT-IMCA-1656","Unique event fingerprint","International Marine Contractors Association (IMCA)","https://www.imca-int.com/resources/safety/safety-flashes/0414-oil-spill-incident/"
"EVT-IMCA-1657","UNIQUE","EVT-IMCA-1657","Unique event fingerprint","International Marine Contractors Association (IMCA)","https://www.imca-int.com/resources/safety/safety-flashes/0414-potential-dropped-objects-found-lodged-in-holes-on-a-freight-container/"
"EVT-IMCA-1658","UNIQUE","EVT-IMCA-1658","Unique event fingerprint","International Marine Contractors Association (IMCA)","https://www.imca-int.com/resources/safety/safety-flashes/0414-lower-stairwell-step-collapses-causing-injury/"
"EVT-IMCA-1659","UNIQUE","EVT-IMCA-1659","Unique event fingerprint","International Marine Contractors Association (IMCA)","https://www.imca-int.com/resources/safety/safety-flashes/0314-loss-of-consciousness-due-to-exposure-to-h2s/"
"EVT-IMCA-1660","UNIQUE","EVT-IMCA-1660","Unique event fingerprint","International Marine Contractors Association (IMCA)","https://www.imca-int.com/resources/safety/safety-flashes/0314-dropped-fluorescent-light-tube/"
"EVT-IMCA-1661","UNIQUE","EVT-IMCA-1661","Unique event fingerprint","International Marine Contractors Association (IMCA)","https://www.imca-int.com/resources/safety/safety-flashes/0314-entanglement-in-moving-or-rotating-machinery/"
"EVT-IMCA-1662","UNIQUE","EVT-IMCA-1662","Unique event fingerprint","International Marine Contractors Association (IMCA)","https://www.imca-int.com/resources/safety/safety-flashes/0314-fire-and-subsequent-foundering-of-wind-farm-support-workboat/"
"EVT-IMCA-1663","UNIQUE","EVT-IMCA-1663","Unique event fingerprint","International Marine Contractors Association (IMCA)","https://www.imca-int.com/resources/safety/safety-flashes/0314-watertight-doors-left-open-at-sea/"
"EVT-IMCA-1664","UNIQUE","EVT-IMCA-1664","Unique event fingerprint","International Marine Contractors Association (IMCA)","https://www.imca-int.com/resources/safety/safety-flashes/0214-hose-fire-caused-by-flashback-in-oxygen-and-acetylene-hoses/"
"EVT-IMCA-1665","UNIQUE","EVT-IMCA-1665","Unique event fingerprint","International Marine Contractors Association (IMCA)","https://www.imca-int.com/resources/safety/safety-flashes/0214-fatality-in-ballast-water-tank-working-at-height-in-a-confined-space/"
"EVT-IMCA-1666","UNIQUE","EVT-IMCA-1666","Unique event fingerprint","International Marine Contractors Association (IMCA)","https://www.imca-int.com/resources/safety/safety-flashes/0214-damaged-wire-rope-slings/"
"EVT-IMCA-1667","UNIQUE","EVT-IMCA-1667","Unique event fingerprint","International Marine Contractors Association (IMCA)","https://www.imca-int.com/resources/safety/safety-flashes/0214-vibration-induced-fatigue-on-process-pipework/"
"EVT-IMCA-1668","UNIQUE","EVT-IMCA-1668","Unique event fingerprint","International Marine Contractors Association (IMCA)","https://www.imca-int.com/resources/safety/safety-flashes/0114-uncontrolled-descent-of-diving-bell/"
"EVT-IMCA-1669","UNIQUE","EVT-IMCA-1669","Unique event fingerprint","International Marine Contractors Association (IMCA)","https://www.imca-int.com/resources/safety/safety-flashes/0114-high-potential-dropped-object-rigger-struck-by-falling-object/"
"EVT-IMCA-1670","UNIQUE","EVT-IMCA-1670","Unique event fingerprint","International Marine Contractors Association (IMCA)","https://www.imca-int.com/resources/safety/safety-flashes/0114-poor-cargo-stowage-material-damage-on-container/"
"EVT-IMCA-1671","UNIQUE","EVT-IMCA-1671","Unique event fingerprint","International Marine Contractors Association (IMCA)","https://www.imca-int.com/resources/safety/safety-flashes/0114-first-aid-injury-deep-cut-to-forearm/"
"EVT-IMCA-1672","UNIQUE","EVT-IMCA-1672","Unique event fingerprint","International Marine Contractors Association (IMCA)","https://www.imca-int.com/resources/safety/safety-flashes/1813-serious-working-at-height-incidents/"
"EVT-IMCA-1673","UNIQUE","EVT-IMCA-1673","Unique event fingerprint","International Marine Contractors Association (IMCA)","https://www.imca-int.com/resources/safety/safety-flashes/1813-near-miss-rov-shackle-potential-dropped-object/"
"EVT-IMCA-1674","UNIQUE","EVT-IMCA-1674","Unique event fingerprint","International Marine Contractors Association (IMCA)","https://www.imca-int.com/resources/safety/safety-flashes/1813-high-potential-near-miss-incompatible-pillar-valve-assembly/"
"EVT-IMCA-1675","UNIQUE","EVT-IMCA-1675","Unique event fingerprint","International Marine Contractors Association (IMCA)","https://www.imca-int.com/resources/safety/safety-flashes/1813-fatality-during-lifting-operations/"
"EVT-IMCA-1676","UNIQUE","EVT-IMCA-1676","Unique event fingerprint","International Marine Contractors Association (IMCA)","https://www.imca-int.com/resources/safety/safety-flashes/1713-msf-lost-time-injury-lti-pilot-ladder-failure/"
"EVT-IMCA-1677","UNIQUE","EVT-IMCA-1677","Unique event fingerprint","International Marine Contractors Association (IMCA)","https://www.imca-int.com/resources/safety/safety-flashes/1713-nopsema-near-miss-fast-rescue-craft-unplanned-descent/"
"EVT-IMCA-1678","UNIQUE","EVT-IMCA-1678","Unique event fingerprint","International Marine Contractors Association (IMCA)","https://www.imca-int.com/resources/safety/safety-flashes/1713-high-potential-dropped-object-steel-bar-10-m/"
"EVT-IMCA-1679","UNIQUE","EVT-IMCA-1679","Unique event fingerprint","International Marine Contractors Association (IMCA)","https://www.imca-int.com/resources/safety/safety-flashes/0213-serious-dp-diving-incident/"
"EVT-IMCA-1680","UNIQUE","EVT-IMCA-1680","Unique event fingerprint","International Marine Contractors Association (IMCA)","https://www.imca-int.com/resources/safety/safety-flashes/1713-small-workboats-used-on-offshore-wind-farms-combined-report-on-windcat-9-and-island-panther-incidents/"
"EVT-IMCA-1681","UNIQUE","EVT-IMCA-1681","Unique event fingerprint","International Marine Contractors Association (IMCA)","https://www.imca-int.com/resources/safety/safety-flashes/1713-pilot-ladder-safety/"
"EVT-IMCA-1682","UNIQUE","EVT-IMCA-1682","Unique event fingerprint","International Marine Contractors Association (IMCA)","https://www.imca-int.com/resources/safety/safety-flashes/1613-irukandji-jellyfish-awareness-australia/"
"EVT-IMCA-1683","EVENT_DUPLICATE","EVT-IMCA-1614","Matching normalized title and incident narrative fingerprint","International Marine Contractors Association (IMCA)","https://www.imca-int.com/resources/safety/safety-flashes/1613-fatality-man-overboard/"
"EVT-IMCA-1684","UNIQUE","EVT-IMCA-1684","Unique event fingerprint","International Marine Contractors Association (IMCA)","https://www.imca-int.com/resources/safety/safety-flashes/1613-what-is-a-safety-flash/"
"EVT-IMCA-1685","UNIQUE","EVT-IMCA-1685","Unique event fingerprint","International Marine Contractors Association (IMCA)","https://www.imca-int.com/resources/safety/safety-flashes/1613-lost-time-injury-lti-crewman-injured-foot-during-offshore-renewables-mooring-operation/"
"EVT-IMCA-1686","UNIQUE","EVT-IMCA-1686","Unique event fingerprint","International Marine Contractors Association (IMCA)","https://www.imca-int.com/resources/safety/safety-flashes/1613-msf-hand-injuries/"
"EVT-IMCA-1687","UNIQUE","EVT-IMCA-1687","Unique event fingerprint","International Marine Contractors Association (IMCA)","https://www.imca-int.com/resources/safety/safety-flashes/1513-lost-time-injury-lti-dropped-object-incident/"
"EVT-IMCA-1688","UNIQUE","EVT-IMCA-1688","Unique event fingerprint","International Marine Contractors Association (IMCA)","https://www.imca-int.com/resources/safety/safety-flashes/1513-incidents-involving-use-of-scaffolding/"
"EVT-IMCA-1689","UNIQUE","EVT-IMCA-1689","Unique event fingerprint","International Marine Contractors Association (IMCA)","https://www.imca-int.com/resources/safety/safety-flashes/1513-fire-on-board-and-sinking-of-liftboat-mako/"
"EVT-IMCA-1690","UNIQUE","EVT-IMCA-1690","Unique event fingerprint","International Marine Contractors Association (IMCA)","https://www.imca-int.com/resources/safety/safety-flashes/1513-diving-helmet-failure-of-sealed-pull-pin/"
"EVT-IMCA-1691","UNIQUE","EVT-IMCA-1691","Unique event fingerprint","International Marine Contractors Association (IMCA)","https://www.imca-int.com/resources/safety/safety-flashes/1513-msf-injury-failure-of-hatch-holdback-arrangements/"
"EVT-IMCA-1692","UNIQUE","EVT-IMCA-1692","Unique event fingerprint","International Marine Contractors Association (IMCA)","https://www.imca-int.com/resources/safety/safety-flashes/1413-msf-gangway-detached-from-vessel/"
"EVT-IMCA-1693","UNIQUE","EVT-IMCA-1693","Unique event fingerprint","International Marine Contractors Association (IMCA)","https://www.imca-int.com/resources/safety/safety-flashes/1413-msf-high-potential-near-miss-during-cargo-operations/"
"EVT-IMCA-1694","UNIQUE","EVT-IMCA-1694","Unique event fingerprint","International Marine Contractors Association (IMCA)","https://www.imca-int.com/resources/safety/safety-flashes/1413-msf-bulk-hose-entanglement-with-azi-pod-propulsion-unit/"
"EVT-IMCA-1695","UNIQUE","EVT-IMCA-1695","Unique event fingerprint","International Marine Contractors Association (IMCA)","https://www.imca-int.com/resources/safety/safety-flashes/1413-msf-injuries-on-mud-mixers/"
"EVT-IMCA-1696","UNIQUE","EVT-IMCA-1696","Unique event fingerprint","International Marine Contractors Association (IMCA)","https://www.imca-int.com/resources/safety/safety-flashes/1413-msf-fast-rescue-craft-unplanned-descent/"
"EVT-IMCA-1697","UNIQUE","EVT-IMCA-1697","Unique event fingerprint","International Marine Contractors Association (IMCA)","https://www.imca-int.com/resources/safety/safety-flashes/1313-near-miss-un-noticed-expiry-and-deterioration-of-carbon-dioxide-absorbent-material/"
"EVT-IMCA-1698","UNIQUE","EVT-IMCA-1698","Unique event fingerprint","International Marine Contractors Association (IMCA)","https://www.imca-int.com/resources/safety/safety-flashes/1313-bunkering-hose-cut-by-propeller/"
"EVT-IMCA-1699","UNIQUE","EVT-IMCA-1699","Unique event fingerprint","International Marine Contractors Association (IMCA)","https://www.imca-int.com/resources/safety/safety-flashes/1313-msf-crewman-injured-whilst-changing-out-crane-wire/"
"EVT-IMCA-1700","UNIQUE","EVT-IMCA-1700","Unique event fingerprint","International Marine Contractors Association (IMCA)","https://www.imca-int.com/resources/safety/safety-flashes/1313spillage-of-oil-based-mud/"
"EVT-IMCA-1701","UNIQUE","EVT-IMCA-1701","Unique event fingerprint","International Marine Contractors Association (IMCA)","https://www.imca-int.com/resources/safety/safety-flashes/1313-dropped-object-near-miss-wind-sensor/"
"EVT-IMCA-1702","UNIQUE","EVT-IMCA-1702","Unique event fingerprint","International Marine Contractors Association (IMCA)","https://www.imca-int.com/resources/safety/safety-flashes/1213-lost-time-injury-lti-crewman-injured-during-opening-of-tanks/"
"EVT-IMCA-1703","UNIQUE","EVT-IMCA-1703","Unique event fingerprint","International Marine Contractors Association (IMCA)","https://www.imca-int.com/resources/safety/safety-flashes/1213-incidents-of-failure-of-jet-drives-on-wind-farm-service-vessels/"
"EVT-IMCA-1704","UNIQUE","EVT-IMCA-1704","Unique event fingerprint","International Marine Contractors Association (IMCA)","https://www.imca-int.com/resources/safety/safety-flashes/1213-wind-farm-service-vessel-in-collision-with-wind-turbine-foundation/"
"EVT-IMCA-1705","UNIQUE","EVT-IMCA-1705","Unique event fingerprint","International Marine Contractors Association (IMCA)","https://www.imca-int.com/resources/safety/safety-flashes/1213-risks-associated-with-pneumatic-hose-couplings-update/"
"EVT-IMCA-1706","UNIQUE","EVT-IMCA-1706","Unique event fingerprint","International Marine Contractors Association (IMCA)","https://www.imca-int.com/resources/safety/safety-flashes/1113-uscg-homeport-marine-safety-alert-recent-failures-of-dynamic-positioning-dp-systems-on-modus/"
"EVT-IMCA-1707","UNIQUE","EVT-IMCA-1707","Unique event fingerprint","International Marine Contractors Association (IMCA)","https://www.imca-int.com/resources/safety/safety-flashes/1213-near-miss-falling-transponder-on-main-deck/"
"EVT-IMCA-1708","UNIQUE","EVT-IMCA-1708","Unique event fingerprint","International Marine Contractors Association (IMCA)","https://www.imca-int.com/resources/safety/safety-flashes/1013-high-potential-near-miss-lifting-equipment-failure/"
"EVT-IMCA-1709","UNIQUE","EVT-IMCA-1709","Unique event fingerprint","International Marine Contractors Association (IMCA)","https://www.imca-int.com/resources/safety/safety-flashes/1013-loading-and-securing-of-cargo/"
"EVT-IMCA-1710","UNIQUE","EVT-IMCA-1710","Unique event fingerprint","International Marine Contractors Association (IMCA)","https://www.imca-int.com/resources/safety/safety-flashes/1013-use-of-portable-electrical-deck-equipment/"
"EVT-IMCA-1711","UNIQUE","EVT-IMCA-1711","Unique event fingerprint","International Marine Contractors Association (IMCA)","https://www.imca-int.com/resources/safety/safety-flashes/1013-uscg-surge-protective-devices-onboard-vessels/"
"EVT-IMCA-1712","UNIQUE","EVT-IMCA-1712","Unique event fingerprint","International Marine Contractors Association (IMCA)","https://www.imca-int.com/resources/safety/safety-flashes/0913-high-potential-near-miss-dropped-rovtms-leading-to-equipment-damage/"
"EVT-IMCA-1713","UNIQUE","EVT-IMCA-1713","Unique event fingerprint","International Marine Contractors Association (IMCA)","https://www.imca-int.com/resources/safety/safety-flashes/0913-failure-of-lifting-equipment-dropped-rov/"
"EVT-IMCA-1714","UNIQUE","EVT-IMCA-1714","Unique event fingerprint","International Marine Contractors Association (IMCA)","https://www.imca-int.com/resources/safety/safety-flashes/0913-improper-securing-of-cargo/"
"EVT-IMCA-1715","UNIQUE","EVT-IMCA-1715","Unique event fingerprint","International Marine Contractors Association (IMCA)","https://www.imca-int.com/resources/safety/safety-flashes/0913-generator-fire-incident/"
"EVT-IMCA-1716","UNIQUE","EVT-IMCA-1716","Unique event fingerprint","International Marine Contractors Association (IMCA)","https://www.imca-int.com/resources/safety/safety-flashes/0913-nopsema-increase-in-dropped-object-events/"
"EVT-IMCA-1717","UNIQUE","EVT-IMCA-1717","Unique event fingerprint","International Marine Contractors Association (IMCA)","https://www.imca-int.com/resources/safety/safety-flashes/0813-substandard-nitrogen-quads-delivered-to-shipyard/"
"EVT-IMCA-1718","UNIQUE","EVT-IMCA-1718","Unique event fingerprint","International Marine Contractors Association (IMCA)","https://www.imca-int.com/resources/safety/safety-flashes/0813-small-boat-cradle-collapsed-during-poor-weather-conditions/"
"EVT-IMCA-1719","UNIQUE","EVT-IMCA-1719","Unique event fingerprint","International Marine Contractors Association (IMCA)","https://www.imca-int.com/resources/safety/safety-flashes/0813-crane-wire-parting/"
"EVT-IMCA-1720","UNIQUE","EVT-IMCA-1720","Unique event fingerprint","International Marine Contractors Association (IMCA)","https://www.imca-int.com/resources/safety/safety-flashes/0813-crewman-injured-no-control-of-work/"
"EVT-IMCA-1721","UNIQUE","EVT-IMCA-1721","Unique event fingerprint","International Marine Contractors Association (IMCA)","https://www.imca-int.com/resources/safety/safety-flashes/0813-fire-caused-by-hot-work/"
"EVT-IMCA-1722","UNIQUE","EVT-IMCA-1722","Unique event fingerprint","International Marine Contractors Association (IMCA)","https://www.imca-int.com/resources/safety/safety-flashes/0813-counterfeit-portable-fire-extinguishers/"
"EVT-IMCA-1723","UNIQUE","EVT-IMCA-1723","Unique event fingerprint","International Marine Contractors Association (IMCA)","https://www.imca-int.com/resources/safety/safety-flashes/0713-dropped-object-injury/"
"EVT-IMCA-1724","UNIQUE","EVT-IMCA-1724","Unique event fingerprint","International Marine Contractors Association (IMCA)","https://www.imca-int.com/resources/safety/safety-flashes/0713-gangway-safety-a-review-of-recent-incidents-and-near-misses-involving-vessel-gangways/"
"EVT-IMCA-1725","UNIQUE","EVT-IMCA-1725","Unique event fingerprint","International Marine Contractors Association (IMCA)","https://www.imca-int.com/resources/safety/safety-flashes/0713-lost-time-injury-lti-serious-foot-injury/"
"EVT-IMCA-1726","UNIQUE","EVT-IMCA-1726","Unique event fingerprint","International Marine Contractors Association (IMCA)","https://www.imca-int.com/resources/safety/safety-flashes/0713-near-miss-failure-of-gas-quad-fitting/"
"EVT-IMCA-1727","UNIQUE","EVT-IMCA-1727","Unique event fingerprint","International Marine Contractors Association (IMCA)","https://www.imca-int.com/resources/safety/safety-flashes/0713-lost-time-injury-lti-fall-from-height/"
"EVT-IMCA-1728","UNIQUE","EVT-IMCA-1728","Unique event fingerprint","International Marine Contractors Association (IMCA)","https://www.imca-int.com/resources/safety/safety-flashes/0713-risk-associated-with-pneumatic-hose-couplings/"
"EVT-IMCA-1729","UNIQUE","EVT-IMCA-1729","Unique event fingerprint","International Marine Contractors Association (IMCA)","https://www.imca-int.com/resources/safety/safety-flashes/0613-crew-transfer-vessel-trapped-under-a-boat-landing/"
"EVT-IMCA-1730","UNIQUE","EVT-IMCA-1730","Unique event fingerprint","International Marine Contractors Association (IMCA)","https://www.imca-int.com/resources/safety/safety-flashes/0613-loss-of-rov-after-umbilical-termination-failure-and-damage-to-rov-during-recovery/"
"EVT-IMCA-1731","UNIQUE","EVT-IMCA-1731","Unique event fingerprint","International Marine Contractors Association (IMCA)","https://www.imca-int.com/resources/safety/safety-flashes/0613-near-miss-dropped-object-falling-camera/"
"EVT-IMCA-1732","UNIQUE","EVT-IMCA-1732","Unique event fingerprint","International Marine Contractors Association (IMCA)","https://www.imca-int.com/resources/safety/safety-flashes/0613-near-miss-dropped-objects-during-lifting-operations/"
"EVT-IMCA-1733","UNIQUE","EVT-IMCA-1733","Unique event fingerprint","International Marine Contractors Association (IMCA)","https://www.imca-int.com/resources/safety/safety-flashes/0613-failure-of-connector-on-marine-riser/"
"EVT-IMCA-1734","UNIQUE","EVT-IMCA-1734","Unique event fingerprint","International Marine Contractors Association (IMCA)","https://www.imca-int.com/resources/safety/safety-flashes/0513-explosion-causing-fatal-injury-during-maintenance-of-metocean-buoy/"
"EVT-IMCA-1735","UNIQUE","EVT-IMCA-1735","Unique event fingerprint","International Marine Contractors Association (IMCA)","https://www.imca-int.com/resources/safety/safety-flashes/0513-battery-damage-caused-by-charger-failure/"
"EVT-IMCA-1736","UNIQUE","EVT-IMCA-1736","Unique event fingerprint","International Marine Contractors Association (IMCA)","https://www.imca-int.com/resources/safety/safety-flashes/0513-near-miss-exposed-live-electrical-cable/"
"EVT-IMCA-1737","UNIQUE","EVT-IMCA-1737","Unique event fingerprint","International Marine Contractors Association (IMCA)","https://www.imca-int.com/resources/safety/safety-flashes/0513-finger-and-hand-injuries/"
"EVT-IMCA-1738","UNIQUE","EVT-IMCA-1738","Unique event fingerprint","International Marine Contractors Association (IMCA)","https://www.imca-int.com/resources/safety/safety-flashes/0513-high-potential-near-miss-during-equipment-testing/"
"EVT-IMCA-1739","UNIQUE","EVT-IMCA-1739","Unique event fingerprint","International Marine Contractors Association (IMCA)","https://www.imca-int.com/resources/safety/safety-flashes/0513-pressure-switch-location-for-fixed-fire-suppression-systems/"
"EVT-IMCA-1740","UNIQUE","EVT-IMCA-1740","Unique event fingerprint","International Marine Contractors Association (IMCA)","https://www.imca-int.com/resources/safety/safety-flashes/0413-near-miss-dropped-handrailgate-near-moonpool/"
"EVT-IMCA-1741","UNIQUE","EVT-IMCA-1741","Unique event fingerprint","International Marine Contractors Association (IMCA)","https://www.imca-int.com/resources/safety/safety-flashes/0413-lost-time-injury-lti-fall-from-height-leading-to-multiple-fractures/"
"EVT-IMCA-1742","UNIQUE","EVT-IMCA-1742","Unique event fingerprint","International Marine Contractors Association (IMCA)","https://www.imca-int.com/resources/safety/safety-flashes/0413-near-miss-scaffolding-collapse/"
"EVT-IMCA-1743","UNIQUE","EVT-IMCA-1743","Unique event fingerprint","International Marine Contractors Association (IMCA)","https://www.imca-int.com/resources/safety/safety-flashes/0413-outbreak-of-salmonella-and-gastroenteritis-on-an-offshore-facility/"
"EVT-IMCA-1744","UNIQUE","EVT-IMCA-1744","Unique event fingerprint","International Marine Contractors Association (IMCA)","https://www.imca-int.com/resources/safety/safety-flashes/0413-fatal-crush-injury-during-vessel-hull-maintenance/"
"EVT-IMCA-1745","UNIQUE","EVT-IMCA-1745","Unique event fingerprint","International Marine Contractors Association (IMCA)","https://www.imca-int.com/resources/safety/safety-flashes/0313-fatality-during-basket-transfer/"
"EVT-IMCA-1746","UNIQUE","EVT-IMCA-1746","Unique event fingerprint","International Marine Contractors Association (IMCA)","https://www.imca-int.com/resources/safety/safety-flashes/0313-diver-emergency-decompression-following-construction-barge-anchor-loss-during-tropical-storm/"
"EVT-IMCA-1747","UNIQUE","EVT-IMCA-1747","Unique event fingerprint","International Marine Contractors Association (IMCA)","https://www.imca-int.com/resources/safety/safety-flashes/0313-lost-time-injury-lti-broken-thumb/"
"EVT-IMCA-1748","UNIQUE","EVT-IMCA-1748","Unique event fingerprint","International Marine Contractors Association (IMCA)","https://www.imca-int.com/resources/safety/safety-flashes/0313-diving-decompression-chambers-not-fit-for-purpose/"
"EVT-IMCA-1749","UNIQUE","EVT-IMCA-1749","Unique event fingerprint","International Marine Contractors Association (IMCA)","https://www.imca-int.com/resources/safety/safety-flashes/0313-fatal-wind-farm-accident/"
"EVT-IMCA-1750","UNIQUE","EVT-IMCA-1750","Unique event fingerprint","International Marine Contractors Association (IMCA)","https://www.imca-int.com/resources/safety/safety-flashes/0113-near-miss-shackle-configuration/"
"EVT-IMCA-1751","UNIQUE","EVT-IMCA-1751","Unique event fingerprint","International Marine Contractors Association (IMCA)","https://www.imca-int.com/resources/safety/safety-flashes/0113-damage-to-crane-winch/"
"EVT-IMCA-1752","UNIQUE","EVT-IMCA-1752","Unique event fingerprint","International Marine Contractors Association (IMCA)","https://www.imca-int.com/resources/safety/safety-flashes/0113-first-aid-injury-contact-with-spinning-spooler-arm/"
"EVT-IMCA-1753","UNIQUE","EVT-IMCA-1753","Unique event fingerprint","International Marine Contractors Association (IMCA)","https://www.imca-int.com/resources/safety/safety-flashes/0113-luff-ram-clevis-failures/"
"EVT-IMCA-1754","UNIQUE","EVT-IMCA-1754","Unique event fingerprint","International Marine Contractors Association (IMCA)","https://www.imca-int.com/resources/safety/safety-flashes/0113-lost-time-injury-lti-crewman-broke-leg-falling-into-tank/"
"EVT-IMCA-1755","UNIQUE","EVT-IMCA-1755","Unique event fingerprint","International Marine Contractors Association (IMCA)","https://www.imca-int.com/resources/safety/safety-flashes/1312-near-miss-poorly-secured-load-during-lifting-operations/"
"EVT-IMCA-1756","UNIQUE","EVT-IMCA-1756","Unique event fingerprint","International Marine Contractors Association (IMCA)","https://www.imca-int.com/resources/safety/safety-flashes/1312-lost-time-injury-lti-person-fell-over-on-helideck-and-broke-arm/"
"EVT-IMCA-1757","UNIQUE","EVT-IMCA-1757","Unique event fingerprint","International Marine Contractors Association (IMCA)","https://www.imca-int.com/resources/safety/safety-flashes/1312-lost-time-injury-lti-serious-hand-injury-during-subsea-lifting-operations/"
"EVT-IMCA-1758","UNIQUE","EVT-IMCA-1758","Unique event fingerprint","International Marine Contractors Association (IMCA)","https://www.imca-int.com/resources/safety/safety-flashes/1312-lost-time-injury-lti-caused-by-inadvertent-activation-of-expired-line-throwing-device/"
"EVT-IMCA-1759","UNIQUE","EVT-IMCA-1759","Unique event fingerprint","International Marine Contractors Association (IMCA)","https://www.imca-int.com/resources/safety/safety-flashes/1312-fire-in-engine-room-workshop/"
"EVT-IMCA-1760","UNIQUE","EVT-IMCA-1760","Unique event fingerprint","International Marine Contractors Association (IMCA)","https://www.imca-int.com/resources/safety/safety-flashes/1212-lifeboat-damaged-whilst-being-lowered-on-davit/"
"EVT-IMCA-1761","EVENT_DUPLICATE","EVT-IMCA-1370","Matching normalized title and incident narrative fingerprint","International Marine Contractors Association (IMCA)","https://www.imca-int.com/resources/safety/safety-flashes/1212-high-potential-near-miss-dropped-object/"
"EVT-IMCA-1762","UNIQUE","EVT-IMCA-1762","Unique event fingerprint","International Marine Contractors Association (IMCA)","https://www.imca-int.com/resources/safety/safety-flashes/1212-us-coast-guard-alert-problem-with-certain-kinds-of-personal-flotation-device/"
"EVT-IMCA-1763","UNIQUE","EVT-IMCA-1763","Unique event fingerprint","International Marine Contractors Association (IMCA)","https://www.imca-int.com/resources/safety/safety-flashes/1212-near-miss-dropped-object/"
"EVT-IMCA-1764","UNIQUE","EVT-IMCA-1764","Unique event fingerprint","International Marine Contractors Association (IMCA)","https://www.imca-int.com/resources/safety/safety-flashes/1112-lost-time-injury-lti-hand-injury/"
"EVT-IMCA-1765","UNIQUE","EVT-IMCA-1765","Unique event fingerprint","International Marine Contractors Association (IMCA)","https://www.imca-int.com/resources/safety/safety-flashes/1112-near-miss-dropped-object-turnbuckle-pin/"
"EVT-IMCA-1766","UNIQUE","EVT-IMCA-1766","Unique event fingerprint","International Marine Contractors Association (IMCA)","https://www.imca-int.com/resources/safety/safety-flashes/1112-lost-time-injury-lti-crush-injury-arm-trapped-by-movement-of-crane-block/"
"EVT-IMCA-1767","UNIQUE","EVT-IMCA-1767","Unique event fingerprint","International Marine Contractors Association (IMCA)","https://www.imca-int.com/resources/safety/safety-flashes/1112-near-miss-faulty-lifebuoys-discovered/"
"EVT-IMCA-1768","UNIQUE","EVT-IMCA-1768","Unique event fingerprint","International Marine Contractors Association (IMCA)","https://www.imca-int.com/resources/safety/safety-flashes/1112-able-seaman-injured-by-shifting-cargo/"
"EVT-IMCA-1769","UNIQUE","EVT-IMCA-1769","Unique event fingerprint","International Marine Contractors Association (IMCA)","https://www.imca-int.com/resources/safety/safety-flashes/1012-diver-injured-during-subsea-lifting-operations/"
"EVT-IMCA-1770","UNIQUE","EVT-IMCA-1770","Unique event fingerprint","International Marine Contractors Association (IMCA)","https://www.imca-int.com/resources/safety/safety-flashes/1012-tombarra-fall-wire-fatality-updated-reports/"
"EVT-IMCA-1771","UNIQUE","EVT-IMCA-1771","Unique event fingerprint","International Marine Contractors Association (IMCA)","https://www.imca-int.com/resources/safety/safety-flashes/1012-lifejacket-recall-mullion-compact-150n-iso-12402/"
"EVT-IMCA-1772","UNIQUE","EVT-IMCA-1772","Unique event fingerprint","International Marine Contractors Association (IMCA)","https://www.imca-int.com/resources/safety/safety-flashes/1012-damage-to-davit-mounted-small-boats/"
"EVT-IMCA-1773","UNIQUE","EVT-IMCA-1773","Unique event fingerprint","International Marine Contractors Association (IMCA)","https://www.imca-int.com/resources/safety/safety-flashes/1012-hand-injury-during-o2-handling-and-equipment-maintenance/"
"EVT-IMCA-1774","UNIQUE","EVT-IMCA-1774","Unique event fingerprint","International Marine Contractors Association (IMCA)","https://www.imca-int.com/resources/safety/safety-flashes/0912-inadvertent-lowering-of-lifeboat/"
"EVT-IMCA-1775","UNIQUE","EVT-IMCA-1775","Unique event fingerprint","International Marine Contractors Association (IMCA)","https://www.imca-int.com/resources/safety/safety-flashes/0912-near-miss-cement-tank-hatch-failure/"
"EVT-IMCA-1776","UNIQUE","EVT-IMCA-1776","Unique event fingerprint","International Marine Contractors Association (IMCA)","https://www.imca-int.com/resources/safety/safety-flashes/0912-lost-time-injury-lti-hand-cut-during-cutting-operations/"
"EVT-IMCA-1777","UNIQUE","EVT-IMCA-1777","Unique event fingerprint","International Marine Contractors Association (IMCA)","https://www.imca-int.com/resources/safety/safety-flashes/0912-near-miss-potential-fall-when-tms-protection-gate-came-loose/"
"EVT-IMCA-1778","UNIQUE","EVT-IMCA-1778","Unique event fingerprint","International Marine Contractors Association (IMCA)","https://www.imca-int.com/resources/safety/safety-flashes/0812-near-miss-bell-umbilical-damage-incident/"
"EVT-IMCA-1779","UNIQUE","EVT-IMCA-1779","Unique event fingerprint","International Marine Contractors Association (IMCA)","https://www.imca-int.com/resources/safety/safety-flashes/0812-near-miss-failure-of-load-during-lifting/"
"EVT-IMCA-1780","UNIQUE","EVT-IMCA-1780","Unique event fingerprint","International Marine Contractors Association (IMCA)","https://www.imca-int.com/resources/safety/safety-flashes/0812-platform-supply-vessel-comes-into-contact-with-fixed-platform/"
"EVT-IMCA-1781","UNIQUE","EVT-IMCA-1781","Unique event fingerprint","International Marine Contractors Association (IMCA)","https://www.imca-int.com/resources/safety/safety-flashes/0812-near-miss-dropped-objects/"
"EVT-IMCA-1782","UNIQUE","EVT-IMCA-1782","Unique event fingerprint","International Marine Contractors Association (IMCA)","https://www.imca-int.com/resources/safety/safety-flashes/0712-lost-time-injury-lti-incident-with-circular-saw-leads-to-loss-of-thumb/"
"EVT-IMCA-1783","UNIQUE","EVT-IMCA-1783","Unique event fingerprint","International Marine Contractors Association (IMCA)","https://www.imca-int.com/resources/safety/safety-flashes/0712-small-fire-and-minor-injury-during-gas-cutting/"
"EVT-IMCA-1784","UNIQUE","EVT-IMCA-1784","Unique event fingerprint","International Marine Contractors Association (IMCA)","https://www.imca-int.com/resources/safety/safety-flashes/0712-two-recent-cases-of-hand-and-arm-injuries/"
"EVT-IMCA-1785","EVENT_DUPLICATE","EVT-IMCA-0760","Matching normalized title and incident narrative fingerprint","International Marine Contractors Association (IMCA)","https://www.imca-int.com/resources/safety/safety-flashes/0712-confined-space-entry-fatality/"
"EVT-IMCA-1786","UNIQUE","EVT-IMCA-1786","Unique event fingerprint","International Marine Contractors Association (IMCA)","https://www.imca-int.com/resources/safety/safety-flashes/0712-fall-fatality-during-platform-abandonment/"
"EVT-IMCA-1787","UNIQUE","EVT-IMCA-1787","Unique event fingerprint","International Marine Contractors Association (IMCA)","https://www.imca-int.com/resources/safety/safety-flashes/0612-near-miss-live-electrical-cable/"
"EVT-IMCA-1788","UNIQUE","EVT-IMCA-1788","Unique event fingerprint","International Marine Contractors Association (IMCA)","https://www.imca-int.com/resources/safety/safety-flashes/0612-failure-to-follow-gas-quad-procedure/"
"EVT-IMCA-1789","UNIQUE","EVT-IMCA-1789","Unique event fingerprint","International Marine Contractors Association (IMCA)","https://www.imca-int.com/resources/safety/safety-flashes/0612-near-miss-saturation-diver-lost-gas-supply/"
"EVT-IMCA-1790","UNIQUE","EVT-IMCA-1790","Unique event fingerprint","International Marine Contractors Association (IMCA)","https://www.imca-int.com/resources/safety/safety-flashes/0612-two-recent-incidents-involving-injuries/"
"EVT-IMCA-1791","UNIQUE","EVT-IMCA-1791","Unique event fingerprint","International Marine Contractors Association (IMCA)","https://www.imca-int.com/resources/safety/safety-flashes/0612-near-miss-cable-reel-deck-cargo-broke-loose/"
"EVT-IMCA-1792","UNIQUE","EVT-IMCA-1792","Unique event fingerprint","International Marine Contractors Association (IMCA)","https://www.imca-int.com/resources/safety/safety-flashes/0512-uncontrolled-ascent-of-lift-bag/"
"EVT-IMCA-1793","UNIQUE","EVT-IMCA-1793","Unique event fingerprint","International Marine Contractors Association (IMCA)","https://www.imca-int.com/resources/safety/safety-flashes/0512-near-miss-person-fell-from-boarding-ladder/"
"EVT-IMCA-1794","UNIQUE","EVT-IMCA-1794","Unique event fingerprint","International Marine Contractors Association (IMCA)","https://www.imca-int.com/resources/safety/safety-flashes/0512-lost-time-injury-lti-crewman-s-finger-pinched-when-moving-the-gangway/"
"EVT-IMCA-1795","UNIQUE","EVT-IMCA-1795","Unique event fingerprint","International Marine Contractors Association (IMCA)","https://www.imca-int.com/resources/safety/safety-flashes/0512-snagging-damage-during-lifting-operations/"
"EVT-IMCA-1796","UNIQUE","EVT-IMCA-1796","Unique event fingerprint","International Marine Contractors Association (IMCA)","https://www.imca-int.com/resources/safety/safety-flashes/0512-msf-near-miss-dropped-objects/"
"EVT-IMCA-1797","UNIQUE","EVT-IMCA-1797","Unique event fingerprint","International Marine Contractors Association (IMCA)","https://www.imca-int.com/resources/safety/safety-flashes/0412-lacerated-finger-during-rigging-operations/"
"EVT-IMCA-1798","UNIQUE","EVT-IMCA-1798","Unique event fingerprint","International Marine Contractors Association (IMCA)","https://www.imca-int.com/resources/safety/safety-flashes/0412-near-miss-during-subsea-cutting-operations/"
"EVT-IMCA-1799","UNIQUE","EVT-IMCA-1799","Unique event fingerprint","International Marine Contractors Association (IMCA)","https://www.imca-int.com/resources/safety/safety-flashes/0412-cargo-hose-incidents/"
"EVT-IMCA-1800","UNIQUE","EVT-IMCA-1800","Unique event fingerprint","International Marine Contractors Association (IMCA)","https://www.imca-int.com/resources/safety/safety-flashes/0412-crane-and-supply-boat-lifting-incident/"
"EVT-IMCA-1801","UNIQUE","EVT-IMCA-1801","Unique event fingerprint","International Marine Contractors Association (IMCA)","https://www.imca-int.com/resources/safety/safety-flashes/0412-near-miss-cargo-carrying-unit-ccu-flipped-over-during-lifting-operations/"
"EVT-IMCA-1802","UNIQUE","EVT-IMCA-1802","Unique event fingerprint","International Marine Contractors Association (IMCA)","https://www.imca-int.com/resources/safety/safety-flashes/0312-near-miss-220v-cable-not-isolated-during-work/"
"EVT-IMCA-1803","UNIQUE","EVT-IMCA-1803","Unique event fingerprint","International Marine Contractors Association (IMCA)","https://www.imca-int.com/resources/safety/safety-flashes/0312-lifting-post-failure-on-survey-equipment/"
"EVT-IMCA-1804","UNIQUE","EVT-IMCA-1804","Unique event fingerprint","International Marine Contractors Association (IMCA)","https://www.imca-int.com/resources/safety/safety-flashes/0312-near-miss-supply-vessel-pulls-platform-crane-overboard/"
"EVT-IMCA-1805","UNIQUE","EVT-IMCA-1805","Unique event fingerprint","International Marine Contractors Association (IMCA)","https://www.imca-int.com/resources/safety/safety-flashes/0312-bypassing-of-storage-tanks-safety-features/"
"EVT-IMCA-1806","UNIQUE","EVT-IMCA-1806","Unique event fingerprint","International Marine Contractors Association (IMCA)","https://www.imca-int.com/resources/safety/safety-flashes/0312-watertight-doors-and-hatches-routinely-left-open-at-sea/"
"EVT-IMCA-1807","UNIQUE","EVT-IMCA-1807","Unique event fingerprint","International Marine Contractors Association (IMCA)","https://www.imca-int.com/resources/safety/safety-flashes/0212-equipment-at-height-not-properly-secured/"
"EVT-IMCA-1808","UNIQUE","EVT-IMCA-1808","Unique event fingerprint","International Marine Contractors Association (IMCA)","https://www.imca-int.com/resources/safety/safety-flashes/0212-near-miss-serious-subsea-burning-incident/"
"EVT-IMCA-1809","UNIQUE","EVT-IMCA-1809","Unique event fingerprint","International Marine Contractors Association (IMCA)","https://www.imca-int.com/resources/safety/safety-flashes/0212-major-injury-suffered-in-confined-space-incident/"
"EVT-IMCA-1810","UNIQUE","EVT-IMCA-1810","Unique event fingerprint","International Marine Contractors Association (IMCA)","https://www.imca-int.com/resources/safety/safety-flashes/0212-man-drowned-after-falling-into-dock-when-disembarking-through-pilot-gate/"
"EVT-IMCA-1811","UNIQUE","EVT-IMCA-1811","Unique event fingerprint","International Marine Contractors Association (IMCA)","https://www.imca-int.com/resources/safety/safety-flashes/0212-snagged-cargo-carrying-unit-during-offshore-discharge/"
"EVT-IMCA-1812","UNIQUE","EVT-IMCA-1812","Unique event fingerprint","International Marine Contractors Association (IMCA)","https://www.imca-int.com/resources/safety/safety-flashes/0112-near-miss-crane-hook-block-dropped-to-deck/"
"EVT-IMCA-1813","UNIQUE","EVT-IMCA-1813","Unique event fingerprint","International Marine Contractors Association (IMCA)","https://www.imca-int.com/resources/safety/safety-flashes/0112-lost-time-incident-lti-laceration-to-finger/"
"EVT-IMCA-1814","UNIQUE","EVT-IMCA-1814","Unique event fingerprint","International Marine Contractors Association (IMCA)","https://www.imca-int.com/resources/safety/safety-flashes/0112-near-miss-rov-broke-free-of-cargo-strops-during-heavy-seas/"
"EVT-IMCA-1815","UNIQUE","EVT-IMCA-1815","Unique event fingerprint","International Marine Contractors Association (IMCA)","https://www.imca-int.com/resources/safety/safety-flashes/0112-h2s-leak-umbilical-laying/"
"EVT-IMCA-1816","UNIQUE","EVT-IMCA-1816","Unique event fingerprint","International Marine Contractors Association (IMCA)","https://www.imca-int.com/resources/safety/safety-flashes/0112-dropped-object-injury-resulting-from-failure-caused-by-corrosion/"
"EVT-IMCA-1817","UNIQUE","EVT-IMCA-1817","Unique event fingerprint","International Marine Contractors Association (IMCA)","https://www.imca-int.com/resources/safety/safety-flashes/1411-near-miss-diver-loss-of-gas/"
"EVT-IMCA-1818","UNIQUE","EVT-IMCA-1818","Unique event fingerprint","International Marine Contractors Association (IMCA)","https://www.imca-int.com/resources/safety/safety-flashes/1411-identification-of-differential-pressures-subsea-during-diving-operations/"
"EVT-IMCA-1819","UNIQUE","EVT-IMCA-1819","Unique event fingerprint","International Marine Contractors Association (IMCA)","https://www.imca-int.com/resources/safety/safety-flashes/1411-crewman-injured-when-steel-plates-fell-against-him/"
"EVT-IMCA-1820","UNIQUE","EVT-IMCA-1820","Unique event fingerprint","International Marine Contractors Association (IMCA)","https://www.imca-int.com/resources/safety/safety-flashes/1411-lifeboat-falls-after-equipment-failure/"
"EVT-IMCA-1821","UNIQUE","EVT-IMCA-1821","Unique event fingerprint","International Marine Contractors Association (IMCA)","https://www.imca-int.com/resources/safety/safety-flashes/1411-diver-helmet-hat-light/"
"EVT-IMCA-1822","UNIQUE","EVT-IMCA-1822","Unique event fingerprint","International Marine Contractors Association (IMCA)","https://www.imca-int.com/resources/safety/safety-flashes/1411-failure-of-pallet-lifters/"
"EVT-IMCA-1823","UNIQUE","EVT-IMCA-1823","Unique event fingerprint","International Marine Contractors Association (IMCA)","https://www.imca-int.com/resources/safety/safety-flashes/1411-near-miss-during-anchor-line-recovery/"
"EVT-IMCA-1824","UNIQUE","EVT-IMCA-1824","Unique event fingerprint","International Marine Contractors Association (IMCA)","https://www.imca-int.com/resources/safety/safety-flashes/1411-poor-condition-of-lifting-strops/"
"EVT-IMCA-1825","UNIQUE","EVT-IMCA-1825","Unique event fingerprint","International Marine Contractors Association (IMCA)","https://www.imca-int.com/resources/safety/safety-flashes/1411-leak-of-oil-based-mud-from-drain-valve/"
"EVT-IMCA-1826","UNIQUE","EVT-IMCA-1826","Unique event fingerprint","International Marine Contractors Association (IMCA)","https://www.imca-int.com/resources/safety/safety-flashes/1411-biocide-incident/"
"EVT-IMCA-1827","UNIQUE","EVT-IMCA-1827","Unique event fingerprint","International Marine Contractors Association (IMCA)","https://www.imca-int.com/resources/safety/safety-flashes/1311-near-miss-dropped-taut-wire-clump-weight/"
"EVT-IMCA-1828","UNIQUE","EVT-IMCA-1828","Unique event fingerprint","International Marine Contractors Association (IMCA)","https://www.imca-int.com/resources/safety/safety-flashes/1311-lost-time-injury-lti-thumb-injury/"
"EVT-IMCA-1829","UNIQUE","EVT-IMCA-1829","Unique event fingerprint","International Marine Contractors Association (IMCA)","https://www.imca-int.com/resources/safety/safety-flashes/1311-near-miss-winch-wire-parted-and-crane-block-dropped/"
"EVT-IMCA-1830","UNIQUE","EVT-IMCA-1830","Unique event fingerprint","International Marine Contractors Association (IMCA)","https://www.imca-int.com/resources/safety/safety-flashes/1311-fall-protection-product-recall/"
"EVT-IMCA-1831","UNIQUE","EVT-IMCA-1831","Unique event fingerprint","International Marine Contractors Association (IMCA)","https://www.imca-int.com/resources/safety/safety-flashes/1311-failure-of-rescue-boat-release-mechanism/"
"EVT-IMCA-1832","UNIQUE","EVT-IMCA-1832","Unique event fingerprint","International Marine Contractors Association (IMCA)","https://www.imca-int.com/resources/safety/safety-flashes/1311-person-injured-by-parts-ejected-under-pressure/"
"EVT-IMCA-1833","UNIQUE","EVT-IMCA-1833","Unique event fingerprint","International Marine Contractors Association (IMCA)","https://www.imca-int.com/resources/safety/safety-flashes/1311-fatal-diving-incident/"
"EVT-IMCA-1834","UNIQUE","EVT-IMCA-1834","Unique event fingerprint","International Marine Contractors Association (IMCA)","https://www.imca-int.com/resources/safety/safety-flashes/1211-offshore-tank-container-rigging-failure/"
"EVT-IMCA-1835","UNIQUE","EVT-IMCA-1835","Unique event fingerprint","International Marine Contractors Association (IMCA)","https://www.imca-int.com/resources/safety/safety-flashes/1211-near-miss-dropped-object-6kg-sledge-hammer-head/"
"EVT-IMCA-1836","UNIQUE","EVT-IMCA-1836","Unique event fingerprint","International Marine Contractors Association (IMCA)","https://www.imca-int.com/resources/safety/safety-flashes/1211-near-miss-crane-winch-wire-damaged-crane-cab-during-heavy-seas/"
"EVT-IMCA-1837","UNIQUE","EVT-IMCA-1837","Unique event fingerprint","International Marine Contractors Association (IMCA)","https://www.imca-int.com/resources/safety/safety-flashes/1211-near-miss-diver-working-under-suspended-load/"
"EVT-IMCA-1838","UNIQUE","EVT-IMCA-1838","Unique event fingerprint","International Marine Contractors Association (IMCA)","https://www.imca-int.com/resources/safety/safety-flashes/1211-fast-rescue-boat-dropped-18-m-into-sea-injuring-crew/"
"EVT-IMCA-1839","UNIQUE","EVT-IMCA-1839","Unique event fingerprint","International Marine Contractors Association (IMCA)","https://www.imca-int.com/resources/safety/safety-flashes/1211-dynamic-positioning-dp-system-failure/"
"EVT-IMCA-1840","UNIQUE","EVT-IMCA-1840","Unique event fingerprint","International Marine Contractors Association (IMCA)","https://www.imca-int.com/resources/safety/safety-flashes/1211-engine-room-co2-isolating-valve/"
"EVT-IMCA-1841","UNIQUE","EVT-IMCA-1841","Unique event fingerprint","International Marine Contractors Association (IMCA)","https://www.imca-int.com/resources/safety/safety-flashes/1211-engine-room-fire-on-offshore-vessel/"
"EVT-IMCA-1842","UNIQUE","EVT-IMCA-1842","Unique event fingerprint","International Marine Contractors Association (IMCA)","https://www.imca-int.com/resources/safety/safety-flashes/1111-failure-of-pressure-washer/"
"EVT-IMCA-1843","UNIQUE","EVT-IMCA-1843","Unique event fingerprint","International Marine Contractors Association (IMCA)","https://www.imca-int.com/resources/safety/safety-flashes/1111-equipment-damage-dropped-rovtether-management-system-tms/"
"EVT-IMCA-1844","UNIQUE","EVT-IMCA-1844","Unique event fingerprint","International Marine Contractors Association (IMCA)","https://www.imca-int.com/resources/safety/safety-flashes/1111-grinding-disc-with-defects/"
"EVT-IMCA-1845","UNIQUE","EVT-IMCA-1845","Unique event fingerprint","International Marine Contractors Association (IMCA)","https://www.imca-int.com/resources/safety/safety-flashes/1111-gas-detector-safety-alert/"
"EVT-IMCA-1846","UNIQUE","EVT-IMCA-1846","Unique event fingerprint","International Marine Contractors Association (IMCA)","https://www.imca-int.com/resources/safety/safety-flashes/1111-collision-between-osv-and-barge/"
"EVT-IMCA-1847","UNIQUE","EVT-IMCA-1847","Unique event fingerprint","International Marine Contractors Association (IMCA)","https://www.imca-int.com/resources/safety/safety-flashes/1111-oil-spill-in-port-whilst-discharging-waste-oil/"
"EVT-IMCA-1848","UNIQUE","EVT-IMCA-1848","Unique event fingerprint","International Marine Contractors Association (IMCA)","https://www.imca-int.com/resources/safety/safety-flashes/1111-fire-extinguisher-recall-faulty-equipment/"
"EVT-IMCA-1849","UNIQUE","EVT-IMCA-1849","Unique event fingerprint","International Marine Contractors Association (IMCA)","https://www.imca-int.com/resources/safety/safety-flashes/1111-pilot-ladder-failure/"
"EVT-IMCA-1850","UNIQUE","EVT-IMCA-1850","Unique event fingerprint","International Marine Contractors Association (IMCA)","https://www.imca-int.com/resources/safety/safety-flashes/1011-oxygen-regulator-explodes-causing-injury/"
"EVT-IMCA-1851","UNIQUE","EVT-IMCA-1851","Unique event fingerprint","International Marine Contractors Association (IMCA)","https://www.imca-int.com/resources/safety/safety-flashes/1011-lifeboat-drill-near-casualty/"
"EVT-IMCA-1852","UNIQUE","EVT-IMCA-1852","Unique event fingerprint","International Marine Contractors Association (IMCA)","https://www.imca-int.com/resources/safety/safety-flashes/1011-gimballed-frying-pan-handle-assembly-failure/"
"EVT-IMCA-1853","UNIQUE","EVT-IMCA-1853","Unique event fingerprint","International Marine Contractors Association (IMCA)","https://www.imca-int.com/resources/safety/safety-flashes/1011-serious-injury-as-a-result-of-a-fall-from-height/"
"EVT-IMCA-1854","UNIQUE","EVT-IMCA-1854","Unique event fingerprint","International Marine Contractors Association (IMCA)","https://www.imca-int.com/resources/safety/safety-flashes/1011-fatality-during-rope-access-work/"
"EVT-IMCA-1855","UNIQUE","EVT-IMCA-1855","Unique event fingerprint","International Marine Contractors Association (IMCA)","https://www.imca-int.com/resources/safety/safety-flashes/1011-collision-between-vessel-and-installation-resulting-in-damage-to-both/"
"EVT-IMCA-1856","UNIQUE","EVT-IMCA-1856","Unique event fingerprint","International Marine Contractors Association (IMCA)","https://www.imca-int.com/resources/safety/safety-flashes/1011-mooring-line-operational-safety/"
"EVT-IMCA-1857","UNIQUE","EVT-IMCA-1857","Unique event fingerprint","International Marine Contractors Association (IMCA)","https://www.imca-int.com/resources/safety/safety-flashes/0911-failure-of-fall-wire-update-to-safety-flash-0511/"
"EVT-IMCA-1858","UNIQUE","EVT-IMCA-1858","Unique event fingerprint","International Marine Contractors Association (IMCA)","https://www.imca-int.com/resources/safety/safety-flashes/0811-hand-injury-while-using-hydraulic-impact-wrench/"
"EVT-IMCA-1859","UNIQUE","EVT-IMCA-1859","Unique event fingerprint","International Marine Contractors Association (IMCA)","https://www.imca-int.com/resources/safety/safety-flashes/0811-recent-near-miss-incidents-involving-potential-dropped-objects/"
"EVT-IMCA-1860","UNIQUE","EVT-IMCA-1860","Unique event fingerprint","International Marine Contractors Association (IMCA)","https://www.imca-int.com/resources/safety/safety-flashes/0811-electrician-received-electric-shock/"
"EVT-IMCA-1861","UNIQUE","EVT-IMCA-1861","Unique event fingerprint","International Marine Contractors Association (IMCA)","https://www.imca-int.com/resources/safety/safety-flashes/0811-fatality-after-capsize-of-workboat-with-eight-persons-onboard/"
"EVT-IMCA-1862","UNIQUE","EVT-IMCA-1862","Unique event fingerprint","International Marine Contractors Association (IMCA)","https://www.imca-int.com/resources/safety/safety-flashes/0711-reliance-on-crane-limits-caused-crane-damage-and-dropped-objects/"
"EVT-IMCA-1863","UNIQUE","EVT-IMCA-1863","Unique event fingerprint","International Marine Contractors Association (IMCA)","https://www.imca-int.com/resources/safety/safety-flashes/0711-galley-fryer-fire/"
"EVT-IMCA-1864","UNIQUE","EVT-IMCA-1864","Unique event fingerprint","International Marine Contractors Association (IMCA)","https://www.imca-int.com/resources/safety/safety-flashes/0711-shackles-in-rigging-assembly-below-required-safe-working-load-swl/"
"EVT-IMCA-1865","UNIQUE","EVT-IMCA-1865","Unique event fingerprint","International Marine Contractors Association (IMCA)","https://www.imca-int.com/resources/safety/safety-flashes/0711-near-miss-personnel-almost-caught-between-crane-house-and-scaffold-pipe/"
"EVT-IMCA-1866","UNIQUE","EVT-IMCA-1866","Unique event fingerprint","International Marine Contractors Association (IMCA)","https://www.imca-int.com/resources/safety/safety-flashes/0711-injury-failure-of-subsea-hp-water-jetting-gun/"
"EVT-IMCA-1867","UNIQUE","EVT-IMCA-1867","Unique event fingerprint","International Marine Contractors Association (IMCA)","https://www.imca-int.com/resources/safety/safety-flashes/0711-incorrect-information-in-user-manual-for-fixed-fire-fighting-system/"
"EVT-IMCA-1868","UNIQUE","EVT-IMCA-1868","Unique event fingerprint","International Marine Contractors Association (IMCA)","https://www.imca-int.com/resources/safety/safety-flashes/0611-person-fell-after-safety-lanyard-failed/"
"EVT-IMCA-1869","UNIQUE","EVT-IMCA-1869","Unique event fingerprint","International Marine Contractors Association (IMCA)","https://www.imca-int.com/resources/safety/safety-flashes/0611-confined-space-multiple-fatalities/"
"EVT-IMCA-1870","UNIQUE","EVT-IMCA-1870","Unique event fingerprint","International Marine Contractors Association (IMCA)","https://www.imca-int.com/resources/safety/safety-flashes/0611-failed-chain-link-catastrophic-failures-in-mooring-system/"
"EVT-IMCA-1871","UNIQUE","EVT-IMCA-1871","Unique event fingerprint","International Marine Contractors Association (IMCA)","https://www.imca-int.com/resources/safety/safety-flashes/0611-confined-space-multiple-fatalities-slop-tank/"
"EVT-IMCA-1872","UNIQUE","EVT-IMCA-1872","Unique event fingerprint","International Marine Contractors Association (IMCA)","https://www.imca-int.com/resources/safety/safety-flashes/0511-near-miss-security-of-equipment/"
"EVT-IMCA-1873","UNIQUE","EVT-IMCA-1873","Unique event fingerprint","International Marine Contractors Association (IMCA)","https://www.imca-int.com/resources/safety/safety-flashes/0511-improper-use-of-tools-bruising/"
"EVT-IMCA-1874","UNIQUE","EVT-IMCA-1874","Unique event fingerprint","International Marine Contractors Association (IMCA)","https://www.imca-int.com/resources/safety/safety-flashes/0511-lack-of-safety-awareness-crush-injury-during-lifting-operations/"
"EVT-IMCA-1875","UNIQUE","EVT-IMCA-1875","Unique event fingerprint","International Marine Contractors Association (IMCA)","https://www.imca-int.com/resources/safety/safety-flashes/0511-diver-safety-high-pressure-water-jetting/"
"EVT-IMCA-1876","UNIQUE","EVT-IMCA-1876","Unique event fingerprint","International Marine Contractors Association (IMCA)","https://www.imca-int.com/resources/safety/safety-flashes/0511-failure-of-fall-wire-fatality/"
"EVT-IMCA-1877","UNIQUE","EVT-IMCA-1877","Unique event fingerprint","International Marine Contractors Association (IMCA)","https://www.imca-int.com/resources/safety/safety-flashes/0511-anchor-handling-incident/"
"EVT-IMCA-1878","UNIQUE","EVT-IMCA-1878","Unique event fingerprint","International Marine Contractors Association (IMCA)","https://www.imca-int.com/resources/safety/safety-flashes/0411-crane-boom-dropped-object/"
"EVT-IMCA-1879","UNIQUE","EVT-IMCA-1879","Unique event fingerprint","International Marine Contractors Association (IMCA)","https://www.imca-int.com/resources/safety/safety-flashes/0411-low-pressure-mud-hose-parted/"
"EVT-IMCA-1880","UNIQUE","EVT-IMCA-1880","Unique event fingerprint","International Marine Contractors Association (IMCA)","https://www.imca-int.com/resources/safety/safety-flashes/0411-hot-work-conducted-within-the-500-metres-safety-zone/"
"EVT-IMCA-1881","UNIQUE","EVT-IMCA-1881","Unique event fingerprint","International Marine Contractors Association (IMCA)","https://www.imca-int.com/resources/safety/safety-flashes/0311-failure-of-hydraulic-fitting-at-pressure/"
"EVT-IMCA-1882","UNIQUE","EVT-IMCA-1882","Unique event fingerprint","International Marine Contractors Association (IMCA)","https://www.imca-int.com/resources/safety/safety-flashes/0311-crane-motion-reference-unit-mru-malfunctions-after-overheating/"
"EVT-IMCA-1883","UNIQUE","EVT-IMCA-1883","Unique event fingerprint","International Marine Contractors Association (IMCA)","https://www.imca-int.com/resources/safety/safety-flashes/0311-fake-emergency-escape-breathing-device-eebd-sets/"
"EVT-IMCA-1884","UNIQUE","EVT-IMCA-1884","Unique event fingerprint","International Marine Contractors Association (IMCA)","https://www.imca-int.com/resources/safety/safety-flashes/0211-kirby-morgan-sl-17c-partially-detached-from-neck-dam/"
"EVT-IMCA-1885","UNIQUE","EVT-IMCA-1885","Unique event fingerprint","International Marine Contractors Association (IMCA)","https://www.imca-int.com/resources/safety/safety-flashes/0211-serious-hand-injury-during-use-of-deck-scaler/"
"EVT-IMCA-1886","UNIQUE","EVT-IMCA-1886","Unique event fingerprint","International Marine Contractors Association (IMCA)","https://www.imca-int.com/resources/safety/safety-flashes/0211-service-bulletin-integrated-flywheel-generators-ifg/"
"EVT-IMCA-1887","UNIQUE","EVT-IMCA-1887","Unique event fingerprint","International Marine Contractors Association (IMCA)","https://www.imca-int.com/resources/safety/safety-flashes/0111-broken-right-hand-index-finger/"
"EVT-IMCA-1888","UNIQUE","EVT-IMCA-1888","Unique event fingerprint","International Marine Contractors Association (IMCA)","https://www.imca-int.com/resources/safety/safety-flashes/0111-inappropriate-use-of-snap-hooks/"
"EVT-IMCA-1889","UNIQUE","EVT-IMCA-1889","Unique event fingerprint","International Marine Contractors Association (IMCA)","https://www.imca-int.com/resources/safety/safety-flashes/0111-functional-safety-of-control-systems/"
"EVT-IMCA-1890","UNIQUE","EVT-IMCA-1890","Unique event fingerprint","International Marine Contractors Association (IMCA)","https://www.imca-int.com/resources/safety/safety-flashes/0111-serious-failure-of-co2-fire-fighting-system/"
"EVT-IMCA-1891","UNIQUE","EVT-IMCA-1891","Unique event fingerprint","International Marine Contractors Association (IMCA)","https://www.imca-int.com/resources/safety/safety-flashes/0111-lifting-operations-securing-equipment/"
"EVT-IMCA-1892","UNIQUE","EVT-IMCA-1892","Unique event fingerprint","International Marine Contractors Association (IMCA)","https://www.imca-int.com/resources/safety/safety-flashes/0111-failure-of-home-made-equipment/"
"EVT-IMCA-1893","UNIQUE","EVT-IMCA-1893","Unique event fingerprint","International Marine Contractors Association (IMCA)","https://www.imca-int.com/resources/safety/safety-flashes/0810-welding-of-shackles/"
"EVT-IMCA-1894","UNIQUE","EVT-IMCA-1894","Unique event fingerprint","International Marine Contractors Association (IMCA)","https://www.imca-int.com/resources/safety/safety-flashes/0810-lacerated-chin-caused-by-flying-wedge/"
"EVT-IMCA-1895","UNIQUE","EVT-IMCA-1895","Unique event fingerprint","International Marine Contractors Association (IMCA)","https://www.imca-int.com/resources/safety/safety-flashes/0810-failure-to-calibrate-mru-led-to-near-miss/"
"EVT-IMCA-1896","UNIQUE","EVT-IMCA-1896","Unique event fingerprint","International Marine Contractors Association (IMCA)","https://www.imca-int.com/resources/safety/safety-flashes/0810-diver-safety-nitrox-generator-use/"
"EVT-IMCA-1897","UNIQUE","EVT-IMCA-1897","Unique event fingerprint","International Marine Contractors Association (IMCA)","https://www.imca-int.com/resources/safety/safety-flashes/0810-right-hand-hit-by-flying-wedge/"
"EVT-IMCA-1898","UNIQUE","EVT-IMCA-1898","Unique event fingerprint","International Marine Contractors Association (IMCA)","https://www.imca-int.com/resources/safety/safety-flashes/0810-subsea-oxy-arc-cutting-risk-of-explosion/"
"EVT-IMCA-1899","UNIQUE","EVT-IMCA-1899","Unique event fingerprint","International Marine Contractors Association (IMCA)","https://www.imca-int.com/resources/safety/safety-flashes/0710-near-miss-falling-object/"
"EVT-IMCA-1900","UNIQUE","EVT-IMCA-1900","Unique event fingerprint","International Marine Contractors Association (IMCA)","https://www.imca-int.com/resources/safety/safety-flashes/0710-crewman-fatally-injured-during-mooring-operations/"
"EVT-IMCA-1901","UNIQUE","EVT-IMCA-1901","Unique event fingerprint","International Marine Contractors Association (IMCA)","https://www.imca-int.com/resources/safety/safety-flashes/0710-precautions-against-jellyfish-sting-during-diving-operations/"
"EVT-IMCA-1902","UNIQUE","EVT-IMCA-1902","Unique event fingerprint","International Marine Contractors Association (IMCA)","https://www.imca-int.com/resources/safety/safety-flashes/0710-fatality-fall-from-height/"
"EVT-IMCA-1903","UNIQUE","EVT-IMCA-1903","Unique event fingerprint","International Marine Contractors Association (IMCA)","https://www.imca-int.com/resources/safety/safety-flashes/0610-lost-time-injury-lti-severed-tendon/"
"EVT-IMCA-1904","UNIQUE","EVT-IMCA-1904","Unique event fingerprint","International Marine Contractors Association (IMCA)","https://www.imca-int.com/resources/safety/safety-flashes/0610-minor-chest-burns-suffered-by-rope-access-technician/"
"EVT-IMCA-1905","UNIQUE","EVT-IMCA-1905","Unique event fingerprint","International Marine Contractors Association (IMCA)","https://www.imca-int.com/resources/safety/safety-flashes/0610-near-miss-safety-device-hard-link-damaged-during-hot-work/"
"EVT-IMCA-1906","UNIQUE","EVT-IMCA-1906","Unique event fingerprint","International Marine Contractors Association (IMCA)","https://www.imca-int.com/resources/safety/safety-flashes/0610-tug-capsized-during-operations/"
"EVT-IMCA-1907","UNIQUE","EVT-IMCA-1907","Unique event fingerprint","International Marine Contractors Association (IMCA)","https://www.imca-int.com/resources/safety/safety-flashes/0610-load-dropped-owing-to-incorrect-manufacture-of-flemish-eye-crane-pennant/"
"EVT-IMCA-1908","UNIQUE","EVT-IMCA-1908","Unique event fingerprint","International Marine Contractors Association (IMCA)","https://www.imca-int.com/resources/safety/safety-flashes/0510-near-miss-burnt-out-electrical-socket/"
"EVT-IMCA-1909","UNIQUE","EVT-IMCA-1909","Unique event fingerprint","International Marine Contractors Association (IMCA)","https://www.imca-int.com/resources/safety/safety-flashes/0510-water-ingress-to-bow-thruster-space/"
"EVT-IMCA-1910","UNIQUE","EVT-IMCA-1910","Unique event fingerprint","International Marine Contractors Association (IMCA)","https://www.imca-int.com/resources/safety/safety-flashes/0510-diver-injury-during-air-cylinder-recharging/"
"EVT-IMCA-1911","UNIQUE","EVT-IMCA-1911","Unique event fingerprint","International Marine Contractors Association (IMCA)","https://www.imca-int.com/resources/safety/safety-flashes/0510-near-miss-crane-wire-grease-and-headache-ball/"
"EVT-IMCA-1912","UNIQUE","EVT-IMCA-1912","Unique event fingerprint","International Marine Contractors Association (IMCA)","https://www.imca-int.com/resources/safety/safety-flashes/0510-oxy-arc-umbilical-handling-winch-fire-on-deck/"
"EVT-IMCA-1913","UNIQUE","EVT-IMCA-1913","Unique event fingerprint","International Marine Contractors Association (IMCA)","https://www.imca-int.com/resources/safety/safety-flashes/0610-third-degree-burn-sustained-during-rope-access-hot-work/"
"EVT-IMCA-1914","UNIQUE","EVT-IMCA-1914","Unique event fingerprint","International Marine Contractors Association (IMCA)","https://www.imca-int.com/resources/safety/safety-flashes/0410-person-injured-by-mooring-lines/"
"EVT-IMCA-1915","UNIQUE","EVT-IMCA-1915","Unique event fingerprint","International Marine Contractors Association (IMCA)","https://www.imca-int.com/resources/safety/safety-flashes/0410-high-potential-dropped-object-near-miss-antenna-fell-to-deck/"
"EVT-IMCA-1916","UNIQUE","EVT-IMCA-1916","Unique event fingerprint","International Marine Contractors Association (IMCA)","https://www.imca-int.com/resources/safety/safety-flashes/0410-serious-shortcomings-with-hydrostatic-release-units/"
"EVT-IMCA-1917","UNIQUE","EVT-IMCA-1917","Unique event fingerprint","International Marine Contractors Association (IMCA)","https://www.imca-int.com/resources/safety/safety-flashes/0410-failure-of-life-rafts-during-servicing/"
"EVT-IMCA-1918","UNIQUE","EVT-IMCA-1918","Unique event fingerprint","International Marine Contractors Association (IMCA)","https://www.imca-int.com/resources/safety/safety-flashes/0410-co2-systems-safety-pins/"
"EVT-IMCA-1919","UNIQUE","EVT-IMCA-1919","Unique event fingerprint","International Marine Contractors Association (IMCA)","https://www.imca-int.com/resources/safety/safety-flashes/0410-failure-of-fixed-high-expansion-foam/"
"EVT-IMCA-1920","UNIQUE","EVT-IMCA-1920","Unique event fingerprint","International Marine Contractors Association (IMCA)","https://www.imca-int.com/resources/safety/safety-flashes/0310-incident-during-entry-to-diving-bell/"
"EVT-IMCA-1921","UNIQUE","EVT-IMCA-1921","Unique event fingerprint","International Marine Contractors Association (IMCA)","https://www.imca-int.com/resources/safety/safety-flashes/0310-uncontrolled-ascent-loss-of-lift-bag-to-surface/"
"EVT-IMCA-1922","UNIQUE","EVT-IMCA-1922","Unique event fingerprint","International Marine Contractors Association (IMCA)","https://www.imca-int.com/resources/safety/safety-flashes/0310-gangway-failure/"
"EVT-IMCA-1923","UNIQUE","EVT-IMCA-1923","Unique event fingerprint","International Marine Contractors Association (IMCA)","https://www.imca-int.com/resources/safety/safety-flashes/0310-missing-dangerous-goods-declaration/"
"EVT-IMCA-1924","UNIQUE","EVT-IMCA-1924","Unique event fingerprint","International Marine Contractors Association (IMCA)","https://www.imca-int.com/resources/safety/safety-flashes/0210-crewman-received-440v-electric-shock/"
"EVT-IMCA-1925","UNIQUE","EVT-IMCA-1925","Unique event fingerprint","International Marine Contractors Association (IMCA)","https://www.imca-int.com/resources/safety/safety-flashes/0210-near-miss-improper-use-of-fall-arrest-equipment-leads-to-fall/"
"EVT-IMCA-1926","UNIQUE","EVT-IMCA-1926","Unique event fingerprint","International Marine Contractors Association (IMCA)","https://www.imca-int.com/resources/safety/safety-flashes/0210-failure-of-hose-reel-bearing-housing/"
"EVT-IMCA-1927","UNIQUE","EVT-IMCA-1927","Unique event fingerprint","International Marine Contractors Association (IMCA)","https://www.imca-int.com/resources/safety/safety-flashes/0210-inadvertent-opening-of-circuit-breakers/"
"EVT-IMCA-1928","UNIQUE","EVT-IMCA-1928","Unique event fingerprint","International Marine Contractors Association (IMCA)","https://www.imca-int.com/resources/safety/safety-flashes/0210-hole-burnt-in-vessel-deck-during-removal-of-sea-fastenings/"
"EVT-IMCA-1929","UNIQUE","EVT-IMCA-1929","Unique event fingerprint","International Marine Contractors Association (IMCA)","https://www.imca-int.com/resources/safety/safety-flashes/0210-fatality-during-anchor-handling-operation/"
"EVT-IMCA-1930","UNIQUE","EVT-IMCA-1930","Unique event fingerprint","International Marine Contractors Association (IMCA)","https://www.imca-int.com/resources/safety/safety-flashes/0110-diver-fouled-on-descending-load/"
"EVT-IMCA-1931","UNIQUE","EVT-IMCA-1931","Unique event fingerprint","International Marine Contractors Association (IMCA)","https://www.imca-int.com/resources/safety/safety-flashes/0110-diver-falls-into-bell-maintenance-pit/"
"EVT-IMCA-1932","UNIQUE","EVT-IMCA-1932","Unique event fingerprint","International Marine Contractors Association (IMCA)","https://www.imca-int.com/resources/safety/safety-flashes/0110-fatality-on-the-diving-support-vessel-wellservicer/"
"EVT-IMCA-1933","UNIQUE","EVT-IMCA-1933","Unique event fingerprint","International Marine Contractors Association (IMCA)","https://www.imca-int.com/resources/safety/safety-flashes/0110-bail-out-whip-failures/"
"EVT-IMCA-1934","UNIQUE","EVT-IMCA-1934","Unique event fingerprint","International Marine Contractors Association (IMCA)","https://www.imca-int.com/resources/safety/safety-flashes/1809-fatality-during-pressure-test/"
"EVT-IMCA-1935","UNIQUE","EVT-IMCA-1935","Unique event fingerprint","International Marine Contractors Association (IMCA)","https://www.imca-int.com/resources/safety/safety-flashes/1809-fatal-incident-onboard-a-dive-support-vessel/"
"EVT-IMCA-1936","UNIQUE","EVT-IMCA-1936","Unique event fingerprint","International Marine Contractors Association (IMCA)","https://www.imca-int.com/resources/safety/safety-flashes/1809-lost-time-injury-lti-to-leg/"
"EVT-IMCA-1937","UNIQUE","EVT-IMCA-1937","Unique event fingerprint","International Marine Contractors Association (IMCA)","https://www.imca-int.com/resources/safety/safety-flashes/1809-loss-of-rov-dropped-object/"
"EVT-IMCA-1938","UNIQUE","EVT-IMCA-1938","Unique event fingerprint","International Marine Contractors Association (IMCA)","https://www.imca-int.com/resources/safety/safety-flashes/1709-injury-during-personnel-transfer-capsule-operation/"
"EVT-IMCA-1939","UNIQUE","EVT-IMCA-1939","Unique event fingerprint","International Marine Contractors Association (IMCA)","https://www.imca-int.com/resources/safety/safety-flashes/1709-loading-and-securing-of-containers/"
"EVT-IMCA-1940","UNIQUE","EVT-IMCA-1940","Unique event fingerprint","International Marine Contractors Association (IMCA)","https://www.imca-int.com/resources/safety/safety-flashes/1609-near-miss-unexpected-lowering-of-a-suspended-load/"
"EVT-IMCA-1941","UNIQUE","EVT-IMCA-1941","Unique event fingerprint","International Marine Contractors Association (IMCA)","https://www.imca-int.com/resources/safety/safety-flashes/1609-near-miss-loss-of-a-small-crane-cherry-picker-wire/"
"EVT-IMCA-1942","UNIQUE","EVT-IMCA-1942","Unique event fingerprint","International Marine Contractors Association (IMCA)","https://www.imca-int.com/resources/safety/safety-flashes/1609-hand-injury-injection-of-hydraulic-fluid/"
"EVT-IMCA-1943","UNIQUE","EVT-IMCA-1943","Unique event fingerprint","International Marine Contractors Association (IMCA)","https://www.imca-int.com/resources/safety/safety-flashes/1609-tumble-dryer-fire-onboard-a-vessel/"
"EVT-IMCA-1944","UNIQUE","EVT-IMCA-1944","Unique event fingerprint","International Marine Contractors Association (IMCA)","https://www.imca-int.com/resources/safety/safety-flashes/1609-bell-bottom-door-hydraulic-operating-system-failure/"
"EVT-IMCA-1945","UNIQUE","EVT-IMCA-1945","Unique event fingerprint","International Marine Contractors Association (IMCA)","https://www.imca-int.com/resources/safety/safety-flashes/1609-near-miss-rov-fuse-bolt-failure/"
"EVT-IMCA-1946","UNIQUE","EVT-IMCA-1946","Unique event fingerprint","International Marine Contractors Association (IMCA)","https://www.imca-int.com/resources/safety/safety-flashes/1509-trapped-diver-umbilical-incident-resulting-in-diver-fatality/"
"EVT-IMCA-1947","UNIQUE","EVT-IMCA-1947","Unique event fingerprint","International Marine Contractors Association (IMCA)","https://www.imca-int.com/resources/safety/safety-flashes/1509-lost-time-injury-lti-gangway-deployment/"
"EVT-IMCA-1948","UNIQUE","EVT-IMCA-1948","Unique event fingerprint","International Marine Contractors Association (IMCA)","https://www.imca-int.com/resources/safety/safety-flashes/1509-helicopter-task-group-update-briefing-on-s-92-helicopter-fleet/"
"EVT-IMCA-1949","UNIQUE","EVT-IMCA-1949","Unique event fingerprint","International Marine Contractors Association (IMCA)","https://www.imca-int.com/resources/safety/safety-flashes/1509-importance-of-inspecting-fall-protection-equipment/"
"EVT-IMCA-1950","UNIQUE","EVT-IMCA-1950","Unique event fingerprint","International Marine Contractors Association (IMCA)","https://www.imca-int.com/resources/safety/safety-flashes/1409-failure-of-gas-supply-to-diving-bell/"
"EVT-IMCA-1951","UNIQUE","EVT-IMCA-1951","Unique event fingerprint","International Marine Contractors Association (IMCA)","https://www.imca-int.com/resources/safety/safety-flashes/1409-torn-ankle-ligaments/"
"EVT-IMCA-1952","UNIQUE","EVT-IMCA-1952","Unique event fingerprint","International Marine Contractors Association (IMCA)","https://www.imca-int.com/resources/safety/safety-flashes/1409-potential-threat-to-aviation-posed-by-skysails/"
"EVT-IMCA-1953","UNIQUE","EVT-IMCA-1953","Unique event fingerprint","International Marine Contractors Association (IMCA)","https://www.imca-int.com/resources/safety/safety-flashes/1309-use-of-pre-mixed-nitrox-gases/"
"EVT-IMCA-1954","UNIQUE","EVT-IMCA-1954","Unique event fingerprint","International Marine Contractors Association (IMCA)","https://www.imca-int.com/resources/safety/safety-flashes/1209-pillar-valve-failure/"
"EVT-IMCA-1955","UNIQUE","EVT-IMCA-1955","Unique event fingerprint","International Marine Contractors Association (IMCA)","https://www.imca-int.com/resources/safety/safety-flashes/1209-dropped-object-near-miss/"
"EVT-IMCA-1956","UNIQUE","EVT-IMCA-1956","Unique event fingerprint","International Marine Contractors Association (IMCA)","https://www.imca-int.com/resources/safety/safety-flashes/1209-lift-bag-lost-when-rigging-parted/"
"EVT-IMCA-1957","UNIQUE","EVT-IMCA-1957","Unique event fingerprint","International Marine Contractors Association (IMCA)","https://www.imca-int.com/resources/safety/safety-flashes/1109-falling-object-struck-by-crane-stopstriker-plate/"
"EVT-IMCA-1958","UNIQUE","EVT-IMCA-1958","Unique event fingerprint","International Marine Contractors Association (IMCA)","https://www.imca-int.com/resources/safety/safety-flashes/1009-compact-fluorescent-lights-interfering-with-communications-equipment/"
"EVT-IMCA-1959","UNIQUE","EVT-IMCA-1959","Unique event fingerprint","International Marine Contractors Association (IMCA)","https://www.imca-int.com/resources/safety/safety-flashes/1009-high-potential-near-miss-during-back-loading/"
"EVT-IMCA-1960","UNIQUE","EVT-IMCA-1960","Unique event fingerprint","International Marine Contractors Association (IMCA)","https://www.imca-int.com/resources/safety/safety-flashes/1009-lifeboat-davit-failure/"
"EVT-IMCA-1961","UNIQUE","EVT-IMCA-1961","Unique event fingerprint","International Marine Contractors Association (IMCA)","https://www.imca-int.com/resources/safety/safety-flashes/1009-uncontrolled-movement-of-a-frame/"
"EVT-IMCA-1962","UNIQUE","EVT-IMCA-1962","Unique event fingerprint","International Marine Contractors Association (IMCA)","https://www.imca-int.com/resources/safety/safety-flashes/0809-near-miss-dropped-clump-weight/"
"EVT-IMCA-1963","UNIQUE","EVT-IMCA-1963","Unique event fingerprint","International Marine Contractors Association (IMCA)","https://www.imca-int.com/resources/safety/safety-flashes/0809-reintroduction-of-personal-locator-beacons-on-helicopter-flights/"
"EVT-IMCA-1964","UNIQUE","EVT-IMCA-1964","Unique event fingerprint","International Marine Contractors Association (IMCA)","https://www.imca-int.com/resources/safety/safety-flashes/0809-sodasorb-burn-injury/"
"EVT-IMCA-1965","UNIQUE","EVT-IMCA-1965","Unique event fingerprint","International Marine Contractors Association (IMCA)","https://www.imca-int.com/resources/safety/safety-flashes/0809-fall-from-height/"
"EVT-IMCA-1966","UNIQUE","EVT-IMCA-1966","Unique event fingerprint","International Marine Contractors Association (IMCA)","https://www.imca-int.com/resources/safety/safety-flashes/0909poor-maintenance-and-subsequent-failure-of-welding-equipment/"
"EVT-IMCA-1967","UNIQUE","EVT-IMCA-1967","Unique event fingerprint","International Marine Contractors Association (IMCA)","https://www.imca-int.com/resources/safety/safety-flashes/0709-fatal-electrocution/"
"EVT-IMCA-1968","UNIQUE","EVT-IMCA-1968","Unique event fingerprint","International Marine Contractors Association (IMCA)","https://www.imca-int.com/resources/safety/safety-flashes/0709-electric-shock-near-miss/"
"EVT-IMCA-1969","UNIQUE","EVT-IMCA-1969","Unique event fingerprint","International Marine Contractors Association (IMCA)","https://www.imca-int.com/resources/safety/safety-flashes/0709-lifeboat-d-ring-failure/"
"EVT-IMCA-1970","UNIQUE","EVT-IMCA-1970","Unique event fingerprint","International Marine Contractors Association (IMCA)","https://www.imca-int.com/resources/safety/safety-flashes/0709-worker-fatally-injured-during-pipelay-operations/"
"EVT-IMCA-1971","UNIQUE","EVT-IMCA-1971","Unique event fingerprint","International Marine Contractors Association (IMCA)","https://www.imca-int.com/resources/safety/safety-flashes/0609-super-puma-helicopter-accident-initial-report/"
"EVT-IMCA-1972","UNIQUE","EVT-IMCA-1972","Unique event fingerprint","International Marine Contractors Association (IMCA)","https://www.imca-int.com/resources/safety/safety-flashes/0609-failed-nipple-on-bolt-tensioning-jack/"
"EVT-IMCA-1973","UNIQUE","EVT-IMCA-1973","Unique event fingerprint","International Marine Contractors Association (IMCA)","https://www.imca-int.com/resources/safety/safety-flashes/0609-fatality-during-lifting-operations/"
"EVT-IMCA-1974","UNIQUE","EVT-IMCA-1974","Unique event fingerprint","International Marine Contractors Association (IMCA)","https://www.imca-int.com/resources/safety/safety-flashes/0509-fire-in-vertical-lay-system-moonpool/"
"EVT-IMCA-1975","UNIQUE","EVT-IMCA-1975","Unique event fingerprint","International Marine Contractors Association (IMCA)","https://www.imca-int.com/resources/safety/safety-flashes/0409-burns-suffered-in-confined-space/"
"EVT-IMCA-1976","UNIQUE","EVT-IMCA-1976","Unique event fingerprint","International Marine Contractors Association (IMCA)","https://www.imca-int.com/resources/safety/safety-flashes/0409-hand-injury-caused-when-worker-tripped-over-hazard/"
"EVT-IMCA-1977","UNIQUE","EVT-IMCA-1977","Unique event fingerprint","International Marine Contractors Association (IMCA)","https://www.imca-int.com/resources/safety/safety-flashes/0409-mooring-incidents/"
"EVT-IMCA-1978","UNIQUE","EVT-IMCA-1978","Unique event fingerprint","International Marine Contractors Association (IMCA)","https://www.imca-int.com/resources/safety/safety-flashes/0309-diver-entrapment/"
"EVT-IMCA-1979","UNIQUE","EVT-IMCA-1979","Unique event fingerprint","International Marine Contractors Association (IMCA)","https://www.imca-int.com/resources/safety/safety-flashes/0309-dive-bell-gas-loss-during-internal-bell-checks/"
"EVT-IMCA-1980","UNIQUE","EVT-IMCA-1980","Unique event fingerprint","International Marine Contractors Association (IMCA)","https://www.imca-int.com/resources/safety/safety-flashes/0309-crushed-finger/"
"EVT-IMCA-1981","UNIQUE","EVT-IMCA-1981","Unique event fingerprint","International Marine Contractors Association (IMCA)","https://www.imca-int.com/resources/safety/safety-flashes/0309-bolt-failures-on-lawson-rov-launch-and-recovery-systems/"
"EVT-IMCA-1982","UNIQUE","EVT-IMCA-1982","Unique event fingerprint","International Marine Contractors Association (IMCA)","https://www.imca-int.com/resources/safety/safety-flashes/0309-near-miss-incident-involving-a-diver-s-umbilical/"
"EVT-IMCA-1983","UNIQUE","EVT-IMCA-1983","Unique event fingerprint","International Marine Contractors Association (IMCA)","https://www.imca-int.com/resources/safety/safety-flashes/0209-winch-drum-failure-deep-water-operations/"
"EVT-IMCA-1984","UNIQUE","EVT-IMCA-1984","Unique event fingerprint","International Marine Contractors Association (IMCA)","https://www.imca-int.com/resources/safety/safety-flashes/0209-schat-harding-product-awareness-notice-free-fall-lifeboat-hooks/"
"EVT-IMCA-1985","UNIQUE","EVT-IMCA-1985","Unique event fingerprint","International Marine Contractors Association (IMCA)","https://www.imca-int.com/resources/safety/safety-flashes/0109-anchor-drag-near-miss-incident/"
"EVT-IMCA-1986","UNIQUE","EVT-IMCA-1986","Unique event fingerprint","International Marine Contractors Association (IMCA)","https://www.imca-int.com/resources/safety/safety-flashes/0109-dangers-of-medicine-abuse/"
"EVT-IMCA-1987","UNIQUE","EVT-IMCA-1987","Unique event fingerprint","International Marine Contractors Association (IMCA)","https://www.imca-int.com/resources/safety/safety-flashes/0109-counterfeit-hydrostatic-release-mechanisms-for-life-rafts/"
"EVT-IMCA-1988","UNIQUE","EVT-IMCA-1988","Unique event fingerprint","International Marine Contractors Association (IMCA)","https://www.imca-int.com/resources/safety/safety-flashes/1808-mini-transponder-falling-from-crane-wire-to-deck/"
"EVT-IMCA-1989","UNIQUE","EVT-IMCA-1989","Unique event fingerprint","International Marine Contractors Association (IMCA)","https://www.imca-int.com/resources/safety/safety-flashes/1808-failure-of-pipe-handling-system-causes-injuries-and-fatalities/"
"EVT-IMCA-1990","UNIQUE","EVT-IMCA-1990","Unique event fingerprint","International Marine Contractors Association (IMCA)","https://www.imca-int.com/resources/safety/safety-flashes/1708-accidental-shutdown-of-main-engines/"
"EVT-IMCA-1991","UNIQUE","EVT-IMCA-1991","Unique event fingerprint","International Marine Contractors Association (IMCA)","https://www.imca-int.com/resources/safety/safety-flashes/1708-fatality-struck-down-by-falling-object-during-lifting-operation/"
"EVT-IMCA-1992","UNIQUE","EVT-IMCA-1992","Unique event fingerprint","International Marine Contractors Association (IMCA)","https://www.imca-int.com/resources/safety/safety-flashes/1708-stored-energy-injury-sustained-whilst-removing-metal-straps/"
"EVT-IMCA-1993","UNIQUE","EVT-IMCA-1993","Unique event fingerprint","International Marine Contractors Association (IMCA)","https://www.imca-int.com/resources/safety/safety-flashes/1708-failure-of-webbing-strop-during-lifting-operations/"
"EVT-IMCA-1994","UNIQUE","EVT-IMCA-1994","Unique event fingerprint","International Marine Contractors Association (IMCA)","https://www.imca-int.com/resources/safety/safety-flashes/1708-uncontrolled-movement-of-crane-jib-during-inspection/"
"EVT-IMCA-1995","UNIQUE","EVT-IMCA-1995","Unique event fingerprint","International Marine Contractors Association (IMCA)","https://www.imca-int.com/resources/safety/safety-flashes/1708-failure-of-lifting-padeye/"
"EVT-IMCA-1996","UNIQUE","EVT-IMCA-1996","Unique event fingerprint","International Marine Contractors Association (IMCA)","https://www.imca-int.com/resources/safety/safety-flashes/1608-laptop-battery-fire-and-explosion/"
"EVT-IMCA-1997","UNIQUE","EVT-IMCA-1997","Unique event fingerprint","International Marine Contractors Association (IMCA)","https://www.imca-int.com/resources/safety/safety-flashes/1608-pallet-lifter-failure/"
"EVT-IMCA-1998","UNIQUE","EVT-IMCA-1998","Unique event fingerprint","International Marine Contractors Association (IMCA)","https://www.imca-int.com/resources/safety/safety-flashes/1608-fire-risks-of-intermediate-bulk-containers-ibcs/"
"EVT-IMCA-1999","UNIQUE","EVT-IMCA-1999","Unique event fingerprint","International Marine Contractors Association (IMCA)","https://www.imca-int.com/resources/safety/safety-flashes/1508-crew-member-injured-during-rov-maintenance/"
"EVT-IMCA-2000","UNIQUE","EVT-IMCA-2000","Unique event fingerprint","International Marine Contractors Association (IMCA)","https://www.imca-int.com/resources/safety/safety-flashes/1508-risk-of-electrocution-during-routine-work/"
"EVT-IMCA-2001","UNIQUE","EVT-IMCA-2001","Unique event fingerprint","International Marine Contractors Association (IMCA)","https://www.imca-int.com/resources/safety/safety-flashes/1508-uncontrolled-ascent-of-spool-and-diver-during-a-lifting-bag-operation/"
"EVT-IMCA-2002","UNIQUE","EVT-IMCA-2002","Unique event fingerprint","International Marine Contractors Association (IMCA)","https://www.imca-int.com/resources/safety/safety-flashes/1508-near-miss-incident-involving-a-diver-s-umbilical/"
"EVT-IMCA-2003","UNIQUE","EVT-IMCA-2003","Unique event fingerprint","International Marine Contractors Association (IMCA)","https://www.imca-int.com/resources/safety/safety-flashes/1408-serious-injury-incident-during-routine-crane-maintenance/"
"EVT-IMCA-2004","UNIQUE","EVT-IMCA-2004","Unique event fingerprint","International Marine Contractors Association (IMCA)","https://www.imca-int.com/resources/safety/safety-flashes/1408-failure-of-fall-arresters/"
"EVT-IMCA-2005","UNIQUE","EVT-IMCA-2005","Unique event fingerprint","International Marine Contractors Association (IMCA)","https://www.imca-int.com/resources/safety/safety-flashes/1308-faulty-governors/"
"EVT-IMCA-2006","UNIQUE","EVT-IMCA-2006","Unique event fingerprint","International Marine Contractors Association (IMCA)","https://www.imca-int.com/resources/safety/safety-flashes/1208-ballast-tank-hydrogen/"
"EVT-IMCA-2007","UNIQUE","EVT-IMCA-2007","Unique event fingerprint","International Marine Contractors Association (IMCA)","https://www.imca-int.com/resources/safety/safety-flashes/1208-incorrectly-colour-coded-oxygen-cylinders/"
"EVT-IMCA-2008","UNIQUE","EVT-IMCA-2008","Unique event fingerprint","International Marine Contractors Association (IMCA)","https://www.imca-int.com/resources/safety/safety-flashes/1208-hand-injury/"
"EVT-IMCA-2009","UNIQUE","EVT-IMCA-2009","Unique event fingerprint","International Marine Contractors Association (IMCA)","https://www.imca-int.com/resources/safety/safety-flashes/1108-catastrophic-failure-of-vessel-main-crane-wire/"
"EVT-IMCA-2010","UNIQUE","EVT-IMCA-2010","Unique event fingerprint","International Marine Contractors Association (IMCA)","https://www.imca-int.com/resources/safety/safety-flashes/1108-incorrect-lifting-equipment-used/"
"EVT-IMCA-2011","UNIQUE","EVT-IMCA-2011","Unique event fingerprint","International Marine Contractors Association (IMCA)","https://www.imca-int.com/resources/safety/safety-flashes/1008-unsecured-object-fell-and-injured-crewman/"
"EVT-IMCA-2012","UNIQUE","EVT-IMCA-2012","Unique event fingerprint","International Marine Contractors Association (IMCA)","https://www.imca-int.com/resources/safety/safety-flashes/1008-dry-suit-inflation-installation-onto-a-km-37-helmet/"
"EVT-IMCA-2013","UNIQUE","EVT-IMCA-2013","Unique event fingerprint","International Marine Contractors Association (IMCA)","https://www.imca-int.com/resources/safety/safety-flashes/1008-gps-antenna-problems/"
"EVT-IMCA-2014","UNIQUE","EVT-IMCA-2014","Unique event fingerprint","International Marine Contractors Association (IMCA)","https://www.imca-int.com/resources/safety/safety-flashes/1008-fire-watches-for-surface-welding-and-burning-operations/"
"EVT-IMCA-2015","UNIQUE","EVT-IMCA-2015","Unique event fingerprint","International Marine Contractors Association (IMCA)","https://www.imca-int.com/resources/safety/safety-flashes/0908-loss-of-dp-position-caused-by-incorrect-gyro-heading/"
"EVT-IMCA-2016","UNIQUE","EVT-IMCA-2016","Unique event fingerprint","International Marine Contractors Association (IMCA)","https://www.imca-int.com/resources/safety/safety-flashes/0908-abrasion-of-metal-casing/"
"EVT-IMCA-2017","UNIQUE","EVT-IMCA-2017","Unique event fingerprint","International Marine Contractors Association (IMCA)","https://www.imca-int.com/resources/safety/safety-flashes/0808-fall-through-open-hatch-in-walkway/"
"EVT-IMCA-2018","UNIQUE","EVT-IMCA-2018","Unique event fingerprint","International Marine Contractors Association (IMCA)","https://www.imca-int.com/resources/safety/safety-flashes/0808-near-miss-involving-knuckle-boom-crane-hydraulic-pump-selection/"
"EVT-IMCA-2019","UNIQUE","EVT-IMCA-2019","Unique event fingerprint","International Marine Contractors Association (IMCA)","https://www.imca-int.com/resources/safety/safety-flashes/0808-partial-parting-of-a-bell-main-lift-wire/"
"EVT-IMCA-2020","UNIQUE","EVT-IMCA-2020","Unique event fingerprint","International Marine Contractors Association (IMCA)","https://www.imca-int.com/resources/safety/safety-flashes/0708-fatal-accident-in-connection-with-the-operation-of-an-a-frame-based-launch-and-recovery-system-lars-used-for-rov-operations/"
"EVT-IMCA-2021","UNIQUE","EVT-IMCA-2021","Unique event fingerprint","International Marine Contractors Association (IMCA)","https://www.imca-int.com/resources/safety/safety-flashes/0608-sikorsky-s76aplus-and-s76aplusplus-helicopters/"
"EVT-IMCA-2022","UNIQUE","EVT-IMCA-2022","Unique event fingerprint","International Marine Contractors Association (IMCA)","https://www.imca-int.com/resources/safety/safety-flashes/0508-movement-of-vessel-during-crane-operations-caused-near-miss/"
"EVT-IMCA-2023","UNIQUE","EVT-IMCA-2023","Unique event fingerprint","International Marine Contractors Association (IMCA)","https://www.imca-int.com/resources/safety/safety-flashes/0508-report-on-the-loss-of-the-bourbon-dolphin/"
"EVT-IMCA-2024","UNIQUE","EVT-IMCA-2024","Unique event fingerprint","International Marine Contractors Association (IMCA)","https://www.imca-int.com/resources/safety/safety-flashes/0408-unauthorised-modification-to-electrical-plant-equipment/"
"EVT-IMCA-2025","UNIQUE","EVT-IMCA-2025","Unique event fingerprint","International Marine Contractors Association (IMCA)","https://www.imca-int.com/resources/safety/safety-flashes/0408-ddc-chamber-viewport-catastrophic-failure/"
"EVT-IMCA-2026","UNIQUE","EVT-IMCA-2026","Unique event fingerprint","International Marine Contractors Association (IMCA)","https://www.imca-int.com/resources/safety/safety-flashes/0308-rov-pilot-injured-by-fibre-optic-glass/"
"EVT-IMCA-2027","UNIQUE","EVT-IMCA-2027","Unique event fingerprint","International Marine Contractors Association (IMCA)","https://www.imca-int.com/resources/safety/safety-flashes/0308-lifting-incident/"
"EVT-IMCA-2028","UNIQUE","EVT-IMCA-2028","Unique event fingerprint","International Marine Contractors Association (IMCA)","https://www.imca-int.com/resources/safety/safety-flashes/0208-finger-injury-whilst-casting-off-towing-line/"
"EVT-IMCA-2029","UNIQUE","EVT-IMCA-2029","Unique event fingerprint","International Marine Contractors Association (IMCA)","https://www.imca-int.com/resources/safety/safety-flashes/0208-serious-hand-injury/"
"EVT-IMCA-2030","UNIQUE","EVT-IMCA-2030","Unique event fingerprint","International Marine Contractors Association (IMCA)","https://www.imca-int.com/resources/safety/safety-flashes/0208-use-of-spelter-sockets/"
"EVT-IMCA-2031","UNIQUE","EVT-IMCA-2031","Unique event fingerprint","International Marine Contractors Association (IMCA)","https://www.imca-int.com/resources/safety/safety-flashes/0208-lift-bags-broke-free/"
"EVT-IMCA-2032","UNIQUE","EVT-IMCA-2032","Unique event fingerprint","International Marine Contractors Association (IMCA)","https://www.imca-int.com/resources/safety/safety-flashes/0108-management-of-simultaneous-operations-during-demobilisation/"
"EVT-IMCA-2033","UNIQUE","EVT-IMCA-2033","Unique event fingerprint","International Marine Contractors Association (IMCA)","https://www.imca-int.com/resources/safety/safety-flashes/1007-small-fire-caused-by-portable-fan-heater/"
"EVT-IMCA-2034","UNIQUE","EVT-IMCA-2034","Unique event fingerprint","International Marine Contractors Association (IMCA)","https://www.imca-int.com/resources/safety/safety-flashes/1007-bell-contamination/"
"EVT-IMCA-2035","UNIQUE","EVT-IMCA-2035","Unique event fingerprint","International Marine Contractors Association (IMCA)","https://www.imca-int.com/resources/safety/safety-flashes/1007-failure-of-a-high-pressure-gas-charging-hose/"
"EVT-IMCA-2036","UNIQUE","EVT-IMCA-2036","Unique event fingerprint","International Marine Contractors Association (IMCA)","https://www.imca-int.com/resources/safety/safety-flashes/1007-divex-hse-alert-hse003-2007-helinaut-sacrificial-hose-whips/"
"EVT-IMCA-2037","UNIQUE","EVT-IMCA-2037","Unique event fingerprint","International Marine Contractors Association (IMCA)","https://www.imca-int.com/resources/safety/safety-flashes/1007-divex-hse-alert-hse001-2007-valve-seat-retainer/"
"EVT-IMCA-2038","UNIQUE","EVT-IMCA-2038","Unique event fingerprint","International Marine Contractors Association (IMCA)","https://www.imca-int.com/resources/safety/safety-flashes/0907-pinch-points-on-winches-hand-safety/"
"EVT-IMCA-2039","UNIQUE","EVT-IMCA-2039","Unique event fingerprint","International Marine Contractors Association (IMCA)","https://www.imca-int.com/resources/safety/safety-flashes/0907-uncontrolled-lifts-of-hinged-deck-hatches/"
"EVT-IMCA-2040","UNIQUE","EVT-IMCA-2040","Unique event fingerprint","International Marine Contractors Association (IMCA)","https://www.imca-int.com/resources/safety/safety-flashes/0907-lifting-rigging-on-frog-personnel-transfer-capsule/"
"EVT-IMCA-2041","UNIQUE","EVT-IMCA-2041","Unique event fingerprint","International Marine Contractors Association (IMCA)","https://www.imca-int.com/resources/safety/safety-flashes/0907-confined-space-fatality/"
"EVT-IMCA-2042","UNIQUE","EVT-IMCA-2042","Unique event fingerprint","International Marine Contractors Association (IMCA)","https://www.imca-int.com/resources/safety/safety-flashes/0807-failure-of-welding-on-hyperbaric-rescue-chamber-medical-lock-door-assembly/"
"EVT-IMCA-2043","UNIQUE","EVT-IMCA-2043","Unique event fingerprint","International Marine Contractors Association (IMCA)","https://www.imca-int.com/resources/safety/safety-flashes/0707-wire-inserts-in-anchor-line-parted/"
"EVT-IMCA-2044","UNIQUE","EVT-IMCA-2044","Unique event fingerprint","International Marine Contractors Association (IMCA)","https://www.imca-int.com/resources/safety/safety-flashes/0707-failure-of-chamber-door-hydraulic-actuator/"
"EVT-IMCA-2045","UNIQUE","EVT-IMCA-2045","Unique event fingerprint","International Marine Contractors Association (IMCA)","https://www.imca-int.com/resources/safety/safety-flashes/0707-failure-of-chamber-door-spindles-and-seals/"
"EVT-IMCA-2046","UNIQUE","EVT-IMCA-2046","Unique event fingerprint","International Marine Contractors Association (IMCA)","https://www.imca-int.com/resources/safety/safety-flashes/0707-loss-of-subsurface-buoys/"
"EVT-IMCA-2047","UNIQUE","EVT-IMCA-2047","Unique event fingerprint","International Marine Contractors Association (IMCA)","https://www.imca-int.com/resources/safety/safety-flashes/0707-failure-of-an-air-lift-bag-attachment-point/"
"EVT-IMCA-2048","UNIQUE","EVT-IMCA-2048","Unique event fingerprint","International Marine Contractors Association (IMCA)","https://www.imca-int.com/resources/safety/safety-flashes/0607-diver-injury-using-cavitation-blaster/"
"EVT-IMCA-2049","UNIQUE","EVT-IMCA-2049","Unique event fingerprint","International Marine Contractors Association (IMCA)","https://www.imca-int.com/resources/safety/safety-flashes/0607-weld-failure-on-kirby-morgan-km17b-505-055-neck-clamp/"
"EVT-IMCA-2050","UNIQUE","EVT-IMCA-2050","Unique event fingerprint","International Marine Contractors Association (IMCA)","https://www.imca-int.com/resources/safety/safety-flashes/0507-interim-measures-after-the-bourbon-dolphin-incident/"
"EVT-IMCA-2051","UNIQUE","EVT-IMCA-2051","Unique event fingerprint","International Marine Contractors Association (IMCA)","https://www.imca-int.com/resources/safety/safety-flashes/0407-forklift-truck-incident/"
"EVT-IMCA-2052","UNIQUE","EVT-IMCA-2052","Unique event fingerprint","International Marine Contractors Association (IMCA)","https://www.imca-int.com/resources/safety/safety-flashes/0307-near-miss-hyperbaric-fire-extinguisher-incident/"
"EVT-IMCA-2053","UNIQUE","EVT-IMCA-2053","Unique event fingerprint","International Marine Contractors Association (IMCA)","https://www.imca-int.com/resources/safety/safety-flashes/0207-galley-equipment-broke-free-of-fastenings-during-severe-weather/"
"EVT-IMCA-2054","UNIQUE","EVT-IMCA-2054","Unique event fingerprint","International Marine Contractors Association (IMCA)","https://www.imca-int.com/resources/safety/safety-flashes/0207-kirby-morgan-safety-bulletin-helmet-shell-repair-caution/"
"EVT-IMCA-2055","UNIQUE","EVT-IMCA-2055","Unique event fingerprint","International Marine Contractors Association (IMCA)","https://www.imca-int.com/resources/safety/safety-flashes/0207-divex-hse-alert-valve-seat-retainer/"
"EVT-IMCA-2056","UNIQUE","EVT-IMCA-2056","Unique event fingerprint","International Marine Contractors Association (IMCA)","https://www.imca-int.com/resources/safety/safety-flashes/0107-subsea-chain-lever-hoist-failure/"
"EVT-IMCA-2057","UNIQUE","EVT-IMCA-2057","Unique event fingerprint","International Marine Contractors Association (IMCA)","https://www.imca-int.com/resources/safety/safety-flashes/0107-pipe-under-tension-on-a-reel/"
"EVT-IMCA-2058","UNIQUE","EVT-IMCA-2058","Unique event fingerprint","International Marine Contractors Association (IMCA)","https://www.imca-int.com/resources/safety/safety-flashes/1406-dp-run-off-incident-class-2-dp-vessel/"
"EVT-IMCA-2059","UNIQUE","EVT-IMCA-2059","Unique event fingerprint","International Marine Contractors Association (IMCA)","https://www.imca-int.com/resources/safety/safety-flashes/1406-near-miss-divers-nearly-hit-by-weight-on-taut-wire/"
"EVT-IMCA-2060","UNIQUE","EVT-IMCA-2060","Unique event fingerprint","International Marine Contractors Association (IMCA)","https://www.imca-int.com/resources/safety/safety-flashes/1306-flash-fire-in-gas-supply-equipment-onboard-dive-support-vessel/"
"EVT-IMCA-2061","UNIQUE","EVT-IMCA-2061","Unique event fingerprint","International Marine Contractors Association (IMCA)","https://www.imca-int.com/resources/safety/safety-flashes/1306-open-lifeboat-corroded-tie-band-side-plates/"
"EVT-IMCA-2062","UNIQUE","EVT-IMCA-2062","Unique event fingerprint","International Marine Contractors Association (IMCA)","https://www.imca-int.com/resources/safety/safety-flashes/1206-wire-break-in-wind-sensor-caused-dp-drive-off/"
"EVT-IMCA-2063","UNIQUE","EVT-IMCA-2063","Unique event fingerprint","International Marine Contractors Association (IMCA)","https://www.imca-int.com/resources/safety/safety-flashes/1106-parting-of-slings-causing-fall-of-heavy-object-onto-seabed/"
"EVT-IMCA-2064","UNIQUE","EVT-IMCA-2064","Unique event fingerprint","International Marine Contractors Association (IMCA)","https://www.imca-int.com/resources/safety/safety-flashes/1106-warning-regarding-imenco-minilatch-rov-fell-onto-deck/"
"EVT-IMCA-2065","UNIQUE","EVT-IMCA-2065","Unique event fingerprint","International Marine Contractors Association (IMCA)","https://www.imca-int.com/resources/safety/safety-flashes/1006-lifting-wire-strop-failure-during-air-bag-lift/"
"EVT-IMCA-2066","UNIQUE","EVT-IMCA-2066","Unique event fingerprint","International Marine Contractors Association (IMCA)","https://www.imca-int.com/resources/safety/safety-flashes/0906-near-miss-involving-hyfex-fire-extinguisher-refill-kits/"
"EVT-IMCA-2067","UNIQUE","EVT-IMCA-2067","Unique event fingerprint","International Marine Contractors Association (IMCA)","https://www.imca-int.com/resources/safety/safety-flashes/0906-fatal-accident-with-lifting-appliance/"
"EVT-IMCA-2068","UNIQUE","EVT-IMCA-2068","Unique event fingerprint","International Marine Contractors Association (IMCA)","https://www.imca-int.com/resources/safety/safety-flashes/0906-small-fire-caused-by-toaster-in-mess-room/"
"EVT-IMCA-2069","UNIQUE","EVT-IMCA-2069","Unique event fingerprint","International Marine Contractors Association (IMCA)","https://www.imca-int.com/resources/safety/safety-flashes/0806-trapped-pressure-release-incident/"
"EVT-IMCA-2070","UNIQUE","EVT-IMCA-2070","Unique event fingerprint","International Marine Contractors Association (IMCA)","https://www.imca-int.com/resources/safety/safety-flashes/0806-serious-injury-during-pipestalk-rolling-operation/"
"EVT-IMCA-2071","UNIQUE","EVT-IMCA-2071","Unique event fingerprint","International Marine Contractors Association (IMCA)","https://www.imca-int.com/resources/safety/safety-flashes/0706-near-miss-potential-use-of-petroleum-based-grease-in-an-oxygen-rich-environment/"
"EVT-IMCA-2072","UNIQUE","EVT-IMCA-2072","Unique event fingerprint","International Marine Contractors Association (IMCA)","https://www.imca-int.com/resources/safety/safety-flashes/0706-kirby-morgan-one-way-valves-follow-up-to-imca-safety-flash-0905-item-1/"
"EVT-IMCA-2073","UNIQUE","EVT-IMCA-2073","Unique event fingerprint","International Marine Contractors Association (IMCA)","https://www.imca-int.com/resources/safety/safety-flashes/0706-recall-due-to-failure-of-parts-in-dacon-rescue-scoops/"
"EVT-IMCA-2074","UNIQUE","EVT-IMCA-2074","Unique event fingerprint","International Marine Contractors Association (IMCA)","https://www.imca-int.com/resources/safety/safety-flashes/0706-crane-incident/"
"EVT-IMCA-2075","UNIQUE","EVT-IMCA-2075","Unique event fingerprint","International Marine Contractors Association (IMCA)","https://www.imca-int.com/resources/safety/safety-flashes/0606-near-miss-missing-grating-on-platform-in-fuel-tank/"
"EVT-IMCA-2076","UNIQUE","EVT-IMCA-2076","Unique event fingerprint","International Marine Contractors Association (IMCA)","https://www.imca-int.com/resources/safety/safety-flashes/0606-recall-of-pains-wessex-white-collision-warning-hand-flares/"
"EVT-IMCA-2077","UNIQUE","EVT-IMCA-2077","Unique event fingerprint","International Marine Contractors Association (IMCA)","https://www.imca-int.com/resources/safety/safety-flashes/0506-flash-fire-in-field-joint-coating-station/"
"EVT-IMCA-2078","UNIQUE","EVT-IMCA-2078","Unique event fingerprint","International Marine Contractors Association (IMCA)","https://www.imca-int.com/resources/safety/safety-flashes/0506-burns-caused-by-release-of-steam-and-boiling-water-from-overheated-pump/"
"EVT-IMCA-2079","UNIQUE","EVT-IMCA-2079","Unique event fingerprint","International Marine Contractors Association (IMCA)","https://www.imca-int.com/resources/safety/safety-flashes/0506-isolation-of-fuel-tanks/"
"EVT-IMCA-2080","UNIQUE","EVT-IMCA-2080","Unique event fingerprint","International Marine Contractors Association (IMCA)","https://www.imca-int.com/resources/safety/safety-flashes/0506-hand-injury-sustained-by-diver/"
"EVT-IMCA-2081","UNIQUE","EVT-IMCA-2081","Unique event fingerprint","International Marine Contractors Association (IMCA)","https://www.imca-int.com/resources/safety/safety-flashes/0406-fatality-falling-object/"
"EVT-IMCA-2082","UNIQUE","EVT-IMCA-2082","Unique event fingerprint","International Marine Contractors Association (IMCA)","https://www.imca-int.com/resources/safety/safety-flashes/0406-wrist-injury-sustained-during-vessel-maintenance/"
"EVT-IMCA-2083","UNIQUE","EVT-IMCA-2083","Unique event fingerprint","International Marine Contractors Association (IMCA)","https://www.imca-int.com/resources/safety/safety-flashes/0306-recent-dp-incident-onboard-a-dsv/"
"EVT-IMCA-2084","UNIQUE","EVT-IMCA-2084","Unique event fingerprint","International Marine Contractors Association (IMCA)","https://www.imca-int.com/resources/safety/safety-flashes/0206-falling-object-failure-of-lifting-appliance/"
"EVT-IMCA-2085","UNIQUE","EVT-IMCA-2085","Unique event fingerprint","International Marine Contractors Association (IMCA)","https://www.imca-int.com/resources/safety/safety-flashes/0206-fatal-fall-in-shipyard/"
"EVT-IMCA-2086","UNIQUE","EVT-IMCA-2086","Unique event fingerprint","International Marine Contractors Association (IMCA)","https://www.imca-int.com/resources/safety/safety-flashes/0206-worker-sustained-severe-facial-injuries-during-vessel-maintenance/"
"EVT-IMCA-2087","EVENT_DUPLICATE","EVT-IMCA-2080","Matching normalized title and incident narrative fingerprint","International Marine Contractors Association (IMCA)","https://www.imca-int.com/resources/safety/safety-flashes/0206-hand-injury-sustained-by-diver/"
"EVT-IMCA-2088","UNIQUE","EVT-IMCA-2088","Unique event fingerprint","International Marine Contractors Association (IMCA)","https://www.imca-int.com/resources/safety/safety-flashes/0106-breathing-gas-contamination/"
"EVT-IMCA-2089","UNIQUE","EVT-IMCA-2089","Unique event fingerprint","International Marine Contractors Association (IMCA)","https://www.imca-int.com/resources/safety/safety-flashes/0106-fatality-fall-from-height-in-shipyard/"
"EVT-IMCA-2090","UNIQUE","EVT-IMCA-2090","Unique event fingerprint","International Marine Contractors Association (IMCA)","https://www.imca-int.com/resources/safety/safety-flashes/0106-falling-object-load-dropped-by-crane/"
"EVT-IMCA-2091","UNIQUE","EVT-IMCA-2091","Unique event fingerprint","International Marine Contractors Association (IMCA)","https://www.imca-int.com/resources/safety/safety-flashes/0106-hammer-dropped-from-height/"
"EVT-IMCA-2092","UNIQUE","EVT-IMCA-2092","Unique event fingerprint","International Marine Contractors Association (IMCA)","https://www.imca-int.com/resources/safety/safety-flashes/0106-falling-object-grating-fell-onto-pipe-deck/"
"EVT-IMCA-2093","UNIQUE","EVT-IMCA-2093","Unique event fingerprint","International Marine Contractors Association (IMCA)","https://www.imca-int.com/resources/safety/safety-flashes/0104-near-miss-during-connector-pressure-tests/"
"EVT-IMCA-2094","UNIQUE","EVT-IMCA-2094","Unique event fingerprint","International Marine Contractors Association (IMCA)","https://www.imca-int.com/resources/safety/safety-flashes/1205-failure-of-high-pressure-fitting/"
"EVT-IMCA-2095","UNIQUE","EVT-IMCA-2095","Unique event fingerprint","International Marine Contractors Association (IMCA)","https://www.imca-int.com/resources/safety/safety-flashes/1205-lifting-fatality/"
"EVT-IMCA-2096","UNIQUE","EVT-IMCA-2096","Unique event fingerprint","International Marine Contractors Association (IMCA)","https://www.imca-int.com/resources/safety/safety-flashes/1105-engine-room-fires-appropriate-use-of-insulating-material-on-hot-surfaces/"
"EVT-IMCA-2097","UNIQUE","EVT-IMCA-2097","Unique event fingerprint","International Marine Contractors Association (IMCA)","https://www.imca-int.com/resources/safety/safety-flashes/1105-near-miss-during-diving-operations/"
"EVT-IMCA-2098","UNIQUE","EVT-IMCA-2098","Unique event fingerprint","International Marine Contractors Association (IMCA)","https://www.imca-int.com/resources/safety/safety-flashes/1105-engine-room-flooding/"
"EVT-IMCA-2099","UNIQUE","EVT-IMCA-2099","Unique event fingerprint","International Marine Contractors Association (IMCA)","https://www.imca-int.com/resources/safety/safety-flashes/1105-object-falling-from-height/"
"EVT-IMCA-2100","UNIQUE","EVT-IMCA-2100","Unique event fingerprint","International Marine Contractors Association (IMCA)","https://www.imca-int.com/resources/safety/safety-flashes/1105-near-miss-during-lifting-operations/"
"EVT-IMCA-2101","UNIQUE","EVT-IMCA-2101","Unique event fingerprint","International Marine Contractors Association (IMCA)","https://www.imca-int.com/resources/safety/safety-flashes/1105-near-miss-dropped-object-narrowly-misses-worker/"
"EVT-IMCA-2102","UNIQUE","EVT-IMCA-2102","Unique event fingerprint","International Marine Contractors Association (IMCA)","https://www.imca-int.com/resources/safety/safety-flashes/1005-engine-room-fire/"
"EVT-IMCA-2103","UNIQUE","EVT-IMCA-2103","Unique event fingerprint","International Marine Contractors Association (IMCA)","https://www.imca-int.com/resources/safety/safety-flashes/1005-explosion-in-ballast-tank-causing-loss-of-life/"
"EVT-IMCA-2104","UNIQUE","EVT-IMCA-2104","Unique event fingerprint","International Marine Contractors Association (IMCA)","https://www.imca-int.com/resources/safety/safety-flashes/1005-lost-anchor-chain/"
"EVT-IMCA-2105","UNIQUE","EVT-IMCA-2105","Unique event fingerprint","International Marine Contractors Association (IMCA)","https://www.imca-int.com/resources/safety/safety-flashes/1005-near-miss-during-heavy-lift-operations/"
"EVT-IMCA-2106","UNIQUE","EVT-IMCA-2106","Unique event fingerprint","International Marine Contractors Association (IMCA)","https://www.imca-int.com/resources/safety/safety-flashes/1005-crane-wire-failure/"
"EVT-IMCA-2107","UNIQUE","EVT-IMCA-2107","Unique event fingerprint","International Marine Contractors Association (IMCA)","https://www.imca-int.com/resources/safety/safety-flashes/0805-jellyfish-incident/"
"EVT-IMCA-2108","UNIQUE","EVT-IMCA-2108","Unique event fingerprint","International Marine Contractors Association (IMCA)","https://www.imca-int.com/resources/safety/safety-flashes/0805-caution-notice-electric-gasmizer-gas-booster/"
"EVT-IMCA-2109","UNIQUE","EVT-IMCA-2109","Unique event fingerprint","International Marine Contractors Association (IMCA)","https://www.imca-int.com/resources/safety/safety-flashes/0805-diving-bell-clamp-mating-screws/"
"EVT-IMCA-2110","UNIQUE","EVT-IMCA-2110","Unique event fingerprint","International Marine Contractors Association (IMCA)","https://www.imca-int.com/resources/safety/safety-flashes/0905-malfunction-of-kirby-morgan-b17-side-block-non-return-valve/"
"EVT-IMCA-2111","UNIQUE","EVT-IMCA-2111","Unique event fingerprint","International Marine Contractors Association (IMCA)","https://www.imca-int.com/resources/safety/safety-flashes/0905-serious-injury-during-crane-operations/"
"EVT-IMCA-2112","UNIQUE","EVT-IMCA-2112","Unique event fingerprint","International Marine Contractors Association (IMCA)","https://www.imca-int.com/resources/safety/safety-flashes/0605-hand-grinder-injuries/"
"EVT-IMCA-2113","UNIQUE","EVT-IMCA-2113","Unique event fingerprint","International Marine Contractors Association (IMCA)","https://www.imca-int.com/resources/safety/safety-flashes/0605-leaking-oxygen-valve/"
"EVT-IMCA-2114","UNIQUE","EVT-IMCA-2114","Unique event fingerprint","International Marine Contractors Association (IMCA)","https://www.imca-int.com/resources/safety/safety-flashes/0605-near-miss-flooding-of-a-diver-s-helmet/"
"EVT-IMCA-2115","UNIQUE","EVT-IMCA-2115","Unique event fingerprint","International Marine Contractors Association (IMCA)","https://www.imca-int.com/resources/safety/safety-flashes/0705-rov-free-fall-incident/"
"EVT-IMCA-2116","UNIQUE","EVT-IMCA-2116","Unique event fingerprint","International Marine Contractors Association (IMCA)","https://www.imca-int.com/resources/safety/safety-flashes/0705-product-safety-recall-kongsberg-rpt-transponders/"
"EVT-IMCA-2117","UNIQUE","EVT-IMCA-2117","Unique event fingerprint","International Marine Contractors Association (IMCA)","https://www.imca-int.com/resources/safety/safety-flashes/0505-starting-air-system-incident/"
"EVT-IMCA-2118","UNIQUE","EVT-IMCA-2118","Unique event fingerprint","International Marine Contractors Association (IMCA)","https://www.imca-int.com/resources/safety/safety-flashes/0505-pollution-caused-by-burst-hydraulic-hose/"
"EVT-IMCA-2119","UNIQUE","EVT-IMCA-2119","Unique event fingerprint","International Marine Contractors Association (IMCA)","https://www.imca-int.com/resources/safety/safety-flashes/0505-caution-notice-kirby-morgan-regulators/"
"EVT-IMCA-2120","UNIQUE","EVT-IMCA-2120","Unique event fingerprint","International Marine Contractors Association (IMCA)","https://www.imca-int.com/resources/safety/safety-flashes/0405-incident-involving-cameron-high-pressure-accumulator-follow-up-to-safety-flash-0305-item-7/"
"EVT-IMCA-2121","UNIQUE","EVT-IMCA-2121","Unique event fingerprint","International Marine Contractors Association (IMCA)","https://www.imca-int.com/resources/safety/safety-flashes/0305-finger-injury-during-loading-operations/"
"EVT-IMCA-2122","UNIQUE","EVT-IMCA-2122","Unique event fingerprint","International Marine Contractors Association (IMCA)","https://www.imca-int.com/resources/safety/safety-flashes/0305-injury-while-grinding-without-ppe/"
"EVT-IMCA-2123","UNIQUE","EVT-IMCA-2123","Unique event fingerprint","International Marine Contractors Association (IMCA)","https://www.imca-int.com/resources/safety/safety-flashes/0305-gas-leak-during-removal-of-temperature-sensor-from-thermowell/"
"EVT-IMCA-2124","UNIQUE","EVT-IMCA-2124","Unique event fingerprint","International Marine Contractors Association (IMCA)","https://www.imca-int.com/resources/safety/safety-flashes/0305-diver-injury-from-implosion-of-a-fishing-buoy/"
"EVT-IMCA-2125","UNIQUE","EVT-IMCA-2125","Unique event fingerprint","International Marine Contractors Association (IMCA)","https://www.imca-int.com/resources/safety/safety-flashes/0305-floating-ignition-source-drifts-near-to-production-platform/"
"EVT-IMCA-2126","UNIQUE","EVT-IMCA-2126","Unique event fingerprint","International Marine Contractors Association (IMCA)","https://www.imca-int.com/resources/safety/safety-flashes/0305-diver-hand-burn-injury-during-underwater-cutting-operation/"
"EVT-IMCA-2127","UNIQUE","EVT-IMCA-2127","Unique event fingerprint","International Marine Contractors Association (IMCA)","https://www.imca-int.com/resources/safety/safety-flashes/0305-incident-involving-cameron-high-pressure-accumulator/"
"EVT-IMCA-2128","UNIQUE","EVT-IMCA-2128","Unique event fingerprint","International Marine Contractors Association (IMCA)","https://www.imca-int.com/resources/safety/safety-flashes/0305-fatality-swinging-load-incident/"
"EVT-IMCA-2129","UNIQUE","EVT-IMCA-2129","Unique event fingerprint","International Marine Contractors Association (IMCA)","https://www.imca-int.com/resources/safety/safety-flashes/0305-fire-caused-at-the-stern-of-a-dive-support-vessel-by-flaring-gas-from-a-rig/"
"EVT-IMCA-2130","UNIQUE","EVT-IMCA-2130","Unique event fingerprint","International Marine Contractors Association (IMCA)","https://www.imca-int.com/resources/safety/safety-flashes/0305-uncontrolled-ascent-of-lay-down-head/"
"EVT-IMCA-2131","UNIQUE","EVT-IMCA-2131","Unique event fingerprint","International Marine Contractors Association (IMCA)","https://www.imca-int.com/resources/safety/safety-flashes/0305-fatality-grinder-incident/"
"EVT-IMCA-2132","UNIQUE","EVT-IMCA-2132","Unique event fingerprint","International Marine Contractors Association (IMCA)","https://www.imca-int.com/resources/safety/safety-flashes/0305-near-miss-diver-s-umbilical-severed-by-propeller/"
"EVT-IMCA-2133","UNIQUE","EVT-IMCA-2133","Unique event fingerprint","International Marine Contractors Association (IMCA)","https://www.imca-int.com/resources/safety/safety-flashes/0305-mrsa-and-appropriate-use-of-antibiotics/"
"EVT-IMCA-2134","UNIQUE","EVT-IMCA-2134","Unique event fingerprint","International Marine Contractors Association (IMCA)","https://www.imca-int.com/resources/safety/safety-flashes/0305-transponder-pressure-relief-system-failure/"
"EVT-IMCA-2135","UNIQUE","EVT-IMCA-2135","Unique event fingerprint","International Marine Contractors Association (IMCA)","https://www.imca-int.com/resources/safety/safety-flashes/0205-fatality-fall-from-height/"
"EVT-IMCA-2136","UNIQUE","EVT-IMCA-2136","Unique event fingerprint","International Marine Contractors Association (IMCA)","https://www.imca-int.com/resources/safety/safety-flashes/0205-vertical-lay-system-dropped-during-quayside-mobilisation/"
"EVT-IMCA-2137","UNIQUE","EVT-IMCA-2137","Unique event fingerprint","International Marine Contractors Association (IMCA)","https://www.imca-int.com/resources/safety/safety-flashes/0205-fire-at-sea/"
"EVT-IMCA-2138","UNIQUE","EVT-IMCA-2138","Unique event fingerprint","International Marine Contractors Association (IMCA)","https://www.imca-int.com/resources/safety/safety-flashes/0205-securing-of-loads/"
"EVT-IMCA-2139","UNIQUE","EVT-IMCA-2139","Unique event fingerprint","International Marine Contractors Association (IMCA)","https://www.imca-int.com/resources/safety/safety-flashes/0105-correct-specification-of-shackles/"
"EVT-IMCA-2140","UNIQUE","EVT-IMCA-2140","Unique event fingerprint","International Marine Contractors Association (IMCA)","https://www.imca-int.com/resources/safety/safety-flashes/0105-helideck-foam-sample/"
"EVT-IMCA-2141","UNIQUE","EVT-IMCA-2141","Unique event fingerprint","International Marine Contractors Association (IMCA)","https://www.imca-int.com/resources/safety/safety-flashes/0105-lifting-techniques/"
"EVT-IMCA-2142","UNIQUE","EVT-IMCA-2142","Unique event fingerprint","International Marine Contractors Association (IMCA)","https://www.imca-int.com/resources/safety/safety-flashes/0105-driving-policy/"
"EVT-IMCA-2143","UNIQUE","EVT-IMCA-2143","Unique event fingerprint","International Marine Contractors Association (IMCA)","https://www.imca-int.com/resources/safety/safety-flashes/0105-dropped-objects-from-scaffolding/"
"EVT-IMCA-2144","UNIQUE","EVT-IMCA-2144","Unique event fingerprint","International Marine Contractors Association (IMCA)","https://www.imca-int.com/resources/safety/safety-flashes/0105-dropped-object-during-delivery-of-offshore-container/"
"EVT-IMCA-2145","UNIQUE","EVT-IMCA-2145","Unique event fingerprint","International Marine Contractors Association (IMCA)","https://www.imca-int.com/resources/safety/safety-flashes/1104-copies-of-crosby-shackles/"
"EVT-IMCA-2146","UNIQUE","EVT-IMCA-2146","Unique event fingerprint","International Marine Contractors Association (IMCA)","https://www.imca-int.com/resources/safety/safety-flashes/1004-uncontrolled-decompression-of-diving-bell/"
"EVT-IMCA-2147","UNIQUE","EVT-IMCA-2147","Unique event fingerprint","International Marine Contractors Association (IMCA)","https://www.imca-int.com/resources/safety/safety-flashes/1004-fatality-fall-from-scaffold-openingbreakdown-in-co-ordinationcommunication/"
"EVT-IMCA-2148","UNIQUE","EVT-IMCA-2148","Unique event fingerprint","International Marine Contractors Association (IMCA)","https://www.imca-int.com/resources/safety/safety-flashes/1004-lightning-strike/"
"EVT-IMCA-2149","UNIQUE","EVT-IMCA-2149","Unique event fingerprint","International Marine Contractors Association (IMCA)","https://www.imca-int.com/resources/safety/safety-flashes/1004-head-injury/"
"EVT-IMCA-2150","UNIQUE","EVT-IMCA-2150","Unique event fingerprint","International Marine Contractors Association (IMCA)","https://www.imca-int.com/resources/safety/safety-flashes/1004-loss-of-position-of-dp-dsv/"
"EVT-IMCA-2151","UNIQUE","EVT-IMCA-2151","Unique event fingerprint","International Marine Contractors Association (IMCA)","https://www.imca-int.com/resources/safety/safety-flashes/0904-possible-choking-incident-diver-s-helmet/"
"EVT-IMCA-2152","UNIQUE","EVT-IMCA-2152","Unique event fingerprint","International Marine Contractors Association (IMCA)","https://www.imca-int.com/resources/safety/safety-flashes/0904-pipe-handling-frame-incident-during-diving-operation/"
"EVT-IMCA-2153","UNIQUE","EVT-IMCA-2153","Unique event fingerprint","International Marine Contractors Association (IMCA)","https://www.imca-int.com/resources/safety/safety-flashes/0904-uncontrolled-decompression-during-gangway-move/"
"EVT-IMCA-2154","UNIQUE","EVT-IMCA-2154","Unique event fingerprint","International Marine Contractors Association (IMCA)","https://www.imca-int.com/resources/safety/safety-flashes/0804-diving-helmets-damage-to-emergency-valve/"
"EVT-IMCA-2155","UNIQUE","EVT-IMCA-2155","Unique event fingerprint","International Marine Contractors Association (IMCA)","https://www.imca-int.com/resources/safety/safety-flashes/0804-disguised-transportable-gas-cylinders/"
"EVT-IMCA-2156","UNIQUE","EVT-IMCA-2156","Unique event fingerprint","International Marine Contractors Association (IMCA)","https://www.imca-int.com/resources/safety/safety-flashes/0704-exhaust-valve-cage-assembly-blow-out/"
"EVT-IMCA-2157","UNIQUE","EVT-IMCA-2157","Unique event fingerprint","International Marine Contractors Association (IMCA)","https://www.imca-int.com/resources/safety/safety-flashes/0604-heave-compensation-software-anomaly/"
"EVT-IMCA-2158","UNIQUE","EVT-IMCA-2158","Unique event fingerprint","International Marine Contractors Association (IMCA)","https://www.imca-int.com/resources/safety/safety-flashes/0504-remote-pulling-operations-warning/"
"EVT-IMCA-2159","UNIQUE","EVT-IMCA-2159","Unique event fingerprint","International Marine Contractors Association (IMCA)","https://www.imca-int.com/resources/safety/safety-flashes/0504-fire-in-switchboard-room/"
"EVT-IMCA-2160","UNIQUE","EVT-IMCA-2160","Unique event fingerprint","International Marine Contractors Association (IMCA)","https://www.imca-int.com/resources/safety/safety-flashes/0504-pipe-stacking-incident/"
"EVT-IMCA-2161","UNIQUE","EVT-IMCA-2161","Unique event fingerprint","International Marine Contractors Association (IMCA)","https://www.imca-int.com/resources/safety/safety-flashes/0504-shore-leave/"
"EVT-IMCA-2162","UNIQUE","EVT-IMCA-2162","Unique event fingerprint","International Marine Contractors Association (IMCA)","https://www.imca-int.com/resources/safety/safety-flashes/0504-staphylococcal-infection-in-deep-water-saturation-dive-to-200-metres/"
"EVT-IMCA-2163","UNIQUE","EVT-IMCA-2163","Unique event fingerprint","International Marine Contractors Association (IMCA)","https://www.imca-int.com/resources/safety/safety-flashes/0504-near-miss-internal-bell-door/"
"EVT-IMCA-2164","UNIQUE","EVT-IMCA-2164","Unique event fingerprint","International Marine Contractors Association (IMCA)","https://www.imca-int.com/resources/safety/safety-flashes/0504-underwater-explosions/"
"EVT-IMCA-2165","UNIQUE","EVT-IMCA-2165","Unique event fingerprint","International Marine Contractors Association (IMCA)","https://www.imca-int.com/resources/safety/safety-flashes/0404-serious-injury-in-towing-operation/"
"EVT-IMCA-2166","UNIQUE","EVT-IMCA-2166","Unique event fingerprint","International Marine Contractors Association (IMCA)","https://www.imca-int.com/resources/safety/safety-flashes/0404-diver-struck-by-lifting-frame-while-installing-concrete-mattresses/"
"EVT-IMCA-2167","UNIQUE","EVT-IMCA-2167","Unique event fingerprint","International Marine Contractors Association (IMCA)","https://www.imca-int.com/resources/safety/safety-flashes/0404-late-onset-of-decompression-illness-dci/"
"EVT-IMCA-2168","UNIQUE","EVT-IMCA-2168","Unique event fingerprint","International Marine Contractors Association (IMCA)","https://www.imca-int.com/resources/safety/safety-flashes/0204-near-miss-incident-involving-subsea-headache-ball/"
"EVT-IMCA-2169","UNIQUE","EVT-IMCA-2169","Unique event fingerprint","International Marine Contractors Association (IMCA)","https://www.imca-int.com/resources/safety/safety-flashes/0204-near-miss-involving-bail-out-bottle-pillar-valve/"
"EVT-IMCA-2170","UNIQUE","EVT-IMCA-2170","Unique event fingerprint","International Marine Contractors Association (IMCA)","https://www.imca-int.com/resources/safety/safety-flashes/0204-snaking-air-hose/"
"EVT-IMCA-2171","UNIQUE","EVT-IMCA-2171","Unique event fingerprint","International Marine Contractors Association (IMCA)","https://www.imca-int.com/resources/safety/safety-flashes/remove-this-or-use-for-another-sf/"
"EVT-IMCA-2172","UNIQUE","EVT-IMCA-2172","Unique event fingerprint","International Marine Contractors Association (IMCA)","https://www.imca-int.com/resources/safety/safety-flashes/0204-lack-of-access-provided/"
"EVT-IMCA-2173","UNIQUE","EVT-IMCA-2173","Unique event fingerprint","International Marine Contractors Association (IMCA)","https://www.imca-int.com/resources/safety/safety-flashes/0204-use-of-prescription-medicinesdrugs/"
"EVT-IMCA-2174","UNIQUE","EVT-IMCA-2174","Unique event fingerprint","International Marine Contractors Association (IMCA)","https://www.imca-int.com/resources/safety/safety-flashes/0204-open-porthole/"
"EVT-IMCA-2175","UNIQUE","EVT-IMCA-2175","Unique event fingerprint","International Marine Contractors Association (IMCA)","https://www.imca-int.com/resources/safety/safety-flashes/0204-near-miss-sailing-close-to-a-construction-barge/"
"EVT-IMCA-2176","UNIQUE","EVT-IMCA-2176","Unique event fingerprint","International Marine Contractors Association (IMCA)","https://www.imca-int.com/resources/safety/safety-flashes/0104-diver-s-lost-gas-incident/"
"EVT-IMCA-2177","UNIQUE","EVT-IMCA-2177","Unique event fingerprint","International Marine Contractors Association (IMCA)","https://www.imca-int.com/resources/safety/safety-flashes/0104-oxygen-near-miss/"
"EVT-IMCA-2178","UNIQUE","EVT-IMCA-2178","Unique event fingerprint","International Marine Contractors Association (IMCA)","https://www.imca-int.com/resources/safety/safety-flashes/1303-faulty-directional-flow-arrow-on-valve/"
"EVT-IMCA-2179","UNIQUE","EVT-IMCA-2179","Unique event fingerprint","International Marine Contractors Association (IMCA)","https://www.imca-int.com/resources/safety/safety-flashes/1303-incident-involving-a-mckissick-n419-snatch-block/"
"EVT-IMCA-2180","UNIQUE","EVT-IMCA-2180","Unique event fingerprint","International Marine Contractors Association (IMCA)","https://www.imca-int.com/resources/safety/safety-flashes/1303-incorrect-pressure-rated-manifold-fitted-to-diver-s-bail-out/"
"EVT-IMCA-2181","UNIQUE","EVT-IMCA-2181","Unique event fingerprint","International Marine Contractors Association (IMCA)","https://www.imca-int.com/resources/safety/safety-flashes/1203-near-miss-involving-diver-s-neck-dam/"
"EVT-IMCA-2182","UNIQUE","EVT-IMCA-2182","Unique event fingerprint","International Marine Contractors Association (IMCA)","https://www.imca-int.com/resources/safety/safety-flashes/1203-regulator-fire/"
"EVT-IMCA-2183","UNIQUE","EVT-IMCA-2183","Unique event fingerprint","International Marine Contractors Association (IMCA)","https://www.imca-int.com/resources/safety/safety-flashes/1103-topic-working-with-tubulars-incident-report/"
"EVT-IMCA-2184","UNIQUE","EVT-IMCA-2184","Unique event fingerprint","International Marine Contractors Association (IMCA)","https://www.imca-int.com/resources/safety/safety-flashes/1103-airline-coupling-failure/"
"EVT-IMCA-2185","UNIQUE","EVT-IMCA-2185","Unique event fingerprint","International Marine Contractors Association (IMCA)","https://www.imca-int.com/resources/safety/safety-flashes/1103-internal-explosion-within-12v-forklift-battery/"
"EVT-IMCA-2186","UNIQUE","EVT-IMCA-2186","Unique event fingerprint","International Marine Contractors Association (IMCA)","https://www.imca-int.com/resources/safety/safety-flashes/1103-fire-inside-falcom-steamer/"
"EVT-IMCA-2187","UNIQUE","EVT-IMCA-2187","Unique event fingerprint","International Marine Contractors Association (IMCA)","https://www.imca-int.com/resources/safety/safety-flashes/1103-loss-of-mooring-chain-to-fpso/"
"EVT-IMCA-2188","UNIQUE","EVT-IMCA-2188","Unique event fingerprint","International Marine Contractors Association (IMCA)","https://www.imca-int.com/resources/safety/safety-flashes/1103-filtration-materials/"
"EVT-IMCA-2189","UNIQUE","EVT-IMCA-2189","Unique event fingerprint","International Marine Contractors Association (IMCA)","https://www.imca-int.com/resources/safety/safety-flashes/1103-follow-up-to-toxic-gas-emission-from-transponder-lithium-batteries/"
"EVT-IMCA-2190","UNIQUE","EVT-IMCA-2190","Unique event fingerprint","International Marine Contractors Association (IMCA)","https://www.imca-int.com/resources/safety/safety-flashes/1003-near-miss-modification-of-machinery/"
"EVT-IMCA-2191","UNIQUE","EVT-IMCA-2191","Unique event fingerprint","International Marine Contractors Association (IMCA)","https://www.imca-int.com/resources/safety/safety-flashes/1003-fatality-fall-from-height-arising-from-a-failure-to-use-personal-protective-equipment/"
"EVT-IMCA-2192","UNIQUE","EVT-IMCA-2192","Unique event fingerprint","International Marine Contractors Association (IMCA)","https://www.imca-int.com/resources/safety/safety-flashes/1003-diver-fatality-underwater-explosion/"
"EVT-IMCA-2193","UNIQUE","EVT-IMCA-2193","Unique event fingerprint","International Marine Contractors Association (IMCA)","https://www.imca-int.com/resources/safety/safety-flashes/1003-incident-involving-a-crane-boom/"
"EVT-IMCA-2194","UNIQUE","EVT-IMCA-2194","Unique event fingerprint","International Marine Contractors Association (IMCA)","https://www.imca-int.com/resources/safety/safety-flashes/0903-use-of-rags-potential-puncture-wound/"
"EVT-IMCA-2195","UNIQUE","EVT-IMCA-2195","Unique event fingerprint","International Marine Contractors Association (IMCA)","https://www.imca-int.com/resources/safety/safety-flashes/0903-working-with-hoses-and-pressure/"
"EVT-IMCA-2196","UNIQUE","EVT-IMCA-2196","Unique event fingerprint","International Marine Contractors Association (IMCA)","https://www.imca-int.com/resources/safety/safety-flashes/0903-slips-trips-and-falls-resulting-from-loose-cables-and-hoses-on-walkways/"
"EVT-IMCA-2197","UNIQUE","EVT-IMCA-2197","Unique event fingerprint","International Marine Contractors Association (IMCA)","https://www.imca-int.com/resources/safety/safety-flashes/0903-respiratory-equipment/"
"EVT-IMCA-2198","UNIQUE","EVT-IMCA-2198","Unique event fingerprint","International Marine Contractors Association (IMCA)","https://www.imca-int.com/resources/safety/safety-flashes/0903-machine-guarding/"
"EVT-IMCA-2199","UNIQUE","EVT-IMCA-2199","Unique event fingerprint","International Marine Contractors Association (IMCA)","https://www.imca-int.com/resources/safety/safety-flashes/0903-dangers-when-mooring-and-unmooring/"
"EVT-IMCA-2200","UNIQUE","EVT-IMCA-2200","Unique event fingerprint","International Marine Contractors Association (IMCA)","https://www.imca-int.com/resources/safety/safety-flashes/0903-electrical-safety/"
"EVT-IMCA-2201","UNIQUE","EVT-IMCA-2201","Unique event fingerprint","International Marine Contractors Association (IMCA)","https://www.imca-int.com/resources/safety/safety-flashes/0903-care-using-hand-tools/"
"EVT-IMCA-2202","UNIQUE","EVT-IMCA-2202","Unique event fingerprint","International Marine Contractors Association (IMCA)","https://www.imca-int.com/resources/safety/safety-flashes/0803-container-door-hinges-failure-container-door-fell-on-deck/"
"EVT-IMCA-2203","UNIQUE","EVT-IMCA-2203","Unique event fingerprint","International Marine Contractors Association (IMCA)","https://www.imca-int.com/resources/safety/safety-flashes/0803-fatality-pressure-build-up-leading-to-sudden-release-of-mechanical-plug/"
"EVT-IMCA-2204","UNIQUE","EVT-IMCA-2204","Unique event fingerprint","International Marine Contractors Association (IMCA)","https://www.imca-int.com/resources/safety/safety-flashes/0803-attempted-service-to-microwave-results-in-fatal-electrocution/"
"EVT-IMCA-2205","UNIQUE","EVT-IMCA-2205","Unique event fingerprint","International Marine Contractors Association (IMCA)","https://www.imca-int.com/resources/safety/safety-flashes/0803-cracked-fuel-line-results-in-an-engine-fire/"
"EVT-IMCA-2206","UNIQUE","EVT-IMCA-2206","Unique event fingerprint","International Marine Contractors Association (IMCA)","https://www.imca-int.com/resources/safety/safety-flashes/0803-exposure-to-co2-release-from-dry-ice-storage/"
"EVT-IMCA-2207","UNIQUE","EVT-IMCA-2207","Unique event fingerprint","International Marine Contractors Association (IMCA)","https://www.imca-int.com/resources/safety/safety-flashes/0803-lifeboat-davit-sheave-incident/"
"EVT-IMCA-2208","UNIQUE","EVT-IMCA-2208","Unique event fingerprint","International Marine Contractors Association (IMCA)","https://www.imca-int.com/resources/safety/safety-flashes/0703-webbing-strop-failure-during-transponder-recovery/"
"EVT-IMCA-2209","UNIQUE","EVT-IMCA-2209","Unique event fingerprint","International Marine Contractors Association (IMCA)","https://www.imca-int.com/resources/safety/safety-flashes/0703-defective-hammer-shaft/"
"EVT-IMCA-2210","UNIQUE","EVT-IMCA-2210","Unique event fingerprint","International Marine Contractors Association (IMCA)","https://www.imca-int.com/resources/safety/safety-flashes/0703-fatality-fall-from-suspended-work-platform/"
"EVT-IMCA-2211","UNIQUE","EVT-IMCA-2211","Unique event fingerprint","International Marine Contractors Association (IMCA)","https://www.imca-int.com/resources/safety/safety-flashes/0703-fire-incidents/"
"EVT-IMCA-2212","UNIQUE","EVT-IMCA-2212","Unique event fingerprint","International Marine Contractors Association (IMCA)","https://www.imca-int.com/resources/safety/safety-flashes/0603-tagline-incident/"
"EVT-IMCA-2213","UNIQUE","EVT-IMCA-2213","Unique event fingerprint","International Marine Contractors Association (IMCA)","https://www.imca-int.com/resources/safety/safety-flashes/0603-inflatable-lifejackets-fail-to-inflate/"
"EVT-IMCA-2214","UNIQUE","EVT-IMCA-2214","Unique event fingerprint","International Marine Contractors Association (IMCA)","https://www.imca-int.com/resources/safety/safety-flashes/0603-sars/"
"EVT-IMCA-2215","UNIQUE","EVT-IMCA-2215","Unique event fingerprint","International Marine Contractors Association (IMCA)","https://www.imca-int.com/resources/safety/safety-flashes/0603-positioning-of-emergency-positioning-indicating-radio-beacon/"
"EVT-IMCA-2216","UNIQUE","EVT-IMCA-2216","Unique event fingerprint","International Marine Contractors Association (IMCA)","https://www.imca-int.com/resources/safety/safety-flashes/0603-mugging-and-robbery/"
"EVT-IMCA-2217","UNIQUE","EVT-IMCA-2217","Unique event fingerprint","International Marine Contractors Association (IMCA)","https://www.imca-int.com/resources/safety/safety-flashes/0603-fatality-injury-from-an-air-hose/"
"EVT-IMCA-2218","UNIQUE","EVT-IMCA-2218","Unique event fingerprint","International Marine Contractors Association (IMCA)","https://www.imca-int.com/resources/safety/safety-flashes/0503-fall-hazards-associated-with-temporary-deck-openings/"
"EVT-IMCA-2219","UNIQUE","EVT-IMCA-2219","Unique event fingerprint","International Marine Contractors Association (IMCA)","https://www.imca-int.com/resources/safety/safety-flashes/0503-fatality-during-cable-pulling-operations/"
"EVT-IMCA-2220","UNIQUE","EVT-IMCA-2220","Unique event fingerprint","International Marine Contractors Association (IMCA)","https://www.imca-int.com/resources/safety/safety-flashes/0503-jet-pump-incidents/"
"EVT-IMCA-2221","UNIQUE","EVT-IMCA-2221","Unique event fingerprint","International Marine Contractors Association (IMCA)","https://www.imca-int.com/resources/safety/safety-flashes/0503-thumb-cut-removal-of-guardingsafety-observation/"
"EVT-IMCA-2222","UNIQUE","EVT-IMCA-2222","Unique event fingerprint","International Marine Contractors Association (IMCA)","https://www.imca-int.com/resources/safety/safety-flashes/0503-trapping-incident-related-to-mooring-system/"
"EVT-IMCA-2223","UNIQUE","EVT-IMCA-2223","Unique event fingerprint","International Marine Contractors Association (IMCA)","https://www.imca-int.com/resources/safety/safety-flashes/0503-potential-for-fire-from-misuse-of-a-coffee-thermos/"
"EVT-IMCA-2224","UNIQUE","EVT-IMCA-2224","Unique event fingerprint","International Marine Contractors Association (IMCA)","https://www.imca-int.com/resources/safety/safety-flashes/0503-robbery-at-gunpoint/"
"EVT-IMCA-2225","UNIQUE","EVT-IMCA-2225","Unique event fingerprint","International Marine Contractors Association (IMCA)","https://www.imca-int.com/resources/safety/safety-flashes/0503-incident-during-winch-to-winch-wire-transfer-operations/"
"EVT-IMCA-2226","UNIQUE","EVT-IMCA-2226","Unique event fingerprint","International Marine Contractors Association (IMCA)","https://www.imca-int.com/resources/safety/safety-flashes/0503-slip-on-stairs/"
"EVT-IMCA-2227","UNIQUE","EVT-IMCA-2227","Unique event fingerprint","International Marine Contractors Association (IMCA)","https://www.imca-int.com/resources/safety/safety-flashes/0403-diving-fatality/"
"EVT-IMCA-2228","UNIQUE","EVT-IMCA-2228","Unique event fingerprint","International Marine Contractors Association (IMCA)","https://www.imca-int.com/resources/safety/safety-flashes/0303-security-of-shipping-in-the-mediterranean-and-middle-east/"
"EVT-IMCA-2229","UNIQUE","EVT-IMCA-2229","Unique event fingerprint","International Marine Contractors Association (IMCA)","https://www.imca-int.com/resources/safety/safety-flashes/0303-incident-during-core-drilling-operation/"
"EVT-IMCA-2230","UNIQUE","EVT-IMCA-2230","Unique event fingerprint","International Marine Contractors Association (IMCA)","https://www.imca-int.com/resources/safety/safety-flashes/0303-near-miss-involving-oxy-acetylene-cutting-of-plate/"
"EVT-IMCA-2231","UNIQUE","EVT-IMCA-2231","Unique event fingerprint","International Marine Contractors Association (IMCA)","https://www.imca-int.com/resources/safety/safety-flashes/0303-fatality-fall-from-rig-of-a-container/"
"EVT-IMCA-2232","UNIQUE","EVT-IMCA-2232","Unique event fingerprint","International Marine Contractors Association (IMCA)","https://www.imca-int.com/resources/safety/safety-flashes/0303-fatality-during-diving-operation/"
"EVT-IMCA-2233","UNIQUE","EVT-IMCA-2233","Unique event fingerprint","International Marine Contractors Association (IMCA)","https://www.imca-int.com/resources/safety/safety-flashes/0303-serious-crane-incident/"
"EVT-IMCA-2234","UNIQUE","EVT-IMCA-2234","Unique event fingerprint","International Marine Contractors Association (IMCA)","https://www.imca-int.com/resources/safety/safety-flashes/0303-fatality-trapping-in-machinery/"
"EVT-IMCA-2235","UNIQUE","EVT-IMCA-2235","Unique event fingerprint","International Marine Contractors Association (IMCA)","https://www.imca-int.com/resources/safety/safety-flashes/0303-incidents-submitted-to-imo-relating-to-vessels-carrying-smcs/"
"EVT-IMCA-2236","UNIQUE","EVT-IMCA-2236","Unique event fingerprint","International Marine Contractors Association (IMCA)","https://www.imca-int.com/resources/safety/safety-flashes/0303-fatality-and-serious-injuries-during-heavy-lift-operation/"
"EVT-IMCA-2237","UNIQUE","EVT-IMCA-2237","Unique event fingerprint","International Marine Contractors Association (IMCA)","https://www.imca-int.com/resources/safety/safety-flashes/0203-incidents-involving-accommodation-ladders/"
"EVT-IMCA-2238","UNIQUE","EVT-IMCA-2238","Unique event fingerprint","International Marine Contractors Association (IMCA)","https://www.imca-int.com/resources/safety/safety-flashes/0203-incident-during-lift-bag-operations/"
"EVT-IMCA-2239","UNIQUE","EVT-IMCA-2239","Unique event fingerprint","International Marine Contractors Association (IMCA)","https://www.imca-int.com/resources/safety/safety-flashes/0203-fatality-results-from-failure-of-ship-s-mooring-fittings-and-supporting-structure/"
"EVT-IMCA-2240","UNIQUE","EVT-IMCA-2240","Unique event fingerprint","International Marine Contractors Association (IMCA)","https://www.imca-int.com/resources/safety/safety-flashes/0203-fatality-results-from-incorrect-handling-of-equipment/"
"EVT-IMCA-2241","EVENT_DUPLICATE","EVT-IMCA-2236","Matching normalized title and incident narrative fingerprint","International Marine Contractors Association (IMCA)","https://www.imca-int.com/resources/safety/safety-flashes/0203-fatality-and-serious-injuries-during-heavy-lift-operation/"
"EVT-IMCA-2242","UNIQUE","EVT-IMCA-2242","Unique event fingerprint","International Marine Contractors Association (IMCA)","https://www.imca-int.com/resources/safety/safety-flashes/0203-penetration-injury-to-eye-during-blending-repair-weld/"
"EVT-IMCA-2243","UNIQUE","EVT-IMCA-2243","Unique event fingerprint","International Marine Contractors Association (IMCA)","https://www.imca-int.com/resources/safety/safety-flashes/0203-injury-involving-contact-with-a-vehicle-battery/"
"EVT-IMCA-2244","EVENT_DUPLICATE","EVT-IMCA-2189","Matching normalized title and incident narrative fingerprint","International Marine Contractors Association (IMCA)","https://www.imca-int.com/resources/safety/safety-flashes/0103-follow-up-to-toxic-gas-emission-from-transponder-lithium-batteries/"
"EVT-IMCA-2245","UNIQUE","EVT-IMCA-2245","Unique event fingerprint","International Marine Contractors Association (IMCA)","https://www.imca-int.com/resources/safety/safety-flashes/0103-near-miss-involving-winch-failure/"
"EVT-IMCA-2246","UNIQUE","EVT-IMCA-2246","Unique event fingerprint","International Marine Contractors Association (IMCA)","https://www.imca-int.com/resources/safety/safety-flashes/0103-punctured-aerosol-results-in-chemical-burns/"
"EVT-IMCA-2247","UNIQUE","EVT-IMCA-2247","Unique event fingerprint","International Marine Contractors Association (IMCA)","https://www.imca-int.com/resources/safety/safety-flashes/0103-fatality-during-helicopter-escape-training/"
"EVT-IMCA-2248","UNIQUE","EVT-IMCA-2248","Unique event fingerprint","International Marine Contractors Association (IMCA)","https://www.imca-int.com/resources/safety/safety-flashes/0103-engine-start-air-fitting-incident/"
"EVT-IMCA-2249","UNIQUE","EVT-IMCA-2249","Unique event fingerprint","International Marine Contractors Association (IMCA)","https://www.imca-int.com/resources/safety/safety-flashes/0103-wind-sensors-showing-incorrect-readings/"
"EVT-IMCA-2250","UNIQUE","EVT-IMCA-2250","Unique event fingerprint","International Marine Contractors Association (IMCA)","https://www.imca-int.com/resources/safety/safety-flashes/0103-diving-fatality/"
"EVT-IMCA-2251","UNIQUE","EVT-IMCA-2251","Unique event fingerprint","International Marine Contractors Association (IMCA)","https://www.imca-int.com/resources/safety/safety-flashes/1813-fatality-during-lifting-operations-2002/"
"EVT-IMCA-2252","UNIQUE","EVT-IMCA-2252","Unique event fingerprint","International Marine Contractors Association (IMCA)","https://www.imca-int.com/resources/safety/safety-flashes/1102-failure-during-lift-bag-operations/"
"EVT-IMCA-2253","UNIQUE","EVT-IMCA-2253","Unique event fingerprint","International Marine Contractors Association (IMCA)","https://www.imca-int.com/resources/safety/safety-flashes/1102-fatality-during-lifting-operations/"
"EVT-IMCA-2254","UNIQUE","EVT-IMCA-2254","Unique event fingerprint","International Marine Contractors Association (IMCA)","https://www.imca-int.com/resources/safety/safety-flashes/1102-filter-failure-in-diver-gas-reclaims-boosters/"
"EVT-IMCA-2255","UNIQUE","EVT-IMCA-2255","Unique event fingerprint","International Marine Contractors Association (IMCA)","https://www.imca-int.com/resources/safety/safety-flashes/1102-epirb-antenna-failures/"
"EVT-IMCA-2256","UNIQUE","EVT-IMCA-2256","Unique event fingerprint","International Marine Contractors Association (IMCA)","https://www.imca-int.com/resources/safety/safety-flashes/1102-saturn-engine-safety-notice/"
"EVT-IMCA-2257","UNIQUE","EVT-IMCA-2257","Unique event fingerprint","International Marine Contractors Association (IMCA)","https://www.imca-int.com/resources/safety/safety-flashes/1002-pipe-stacking-fatality/"
"EVT-IMCA-2258","UNIQUE","EVT-IMCA-2258","Unique event fingerprint","International Marine Contractors Association (IMCA)","https://www.imca-int.com/resources/safety/safety-flashes/1002-dangers-from-insecure-crane-loads/"
"EVT-IMCA-2259","UNIQUE","EVT-IMCA-2259","Unique event fingerprint","International Marine Contractors Association (IMCA)","https://www.imca-int.com/resources/safety/safety-flashes/1002-securing-of-office-equipment-on-vessels/"
"EVT-IMCA-2260","UNIQUE","EVT-IMCA-2260","Unique event fingerprint","International Marine Contractors Association (IMCA)","https://www.imca-int.com/resources/safety/safety-flashes/1002-near-miss-broken-high-pressure-oxygen-fitting/"
"EVT-IMCA-2261","UNIQUE","EVT-IMCA-2261","Unique event fingerprint","International Marine Contractors Association (IMCA)","https://www.imca-int.com/resources/safety/safety-flashes/0902-failure-of-bail-out-regulator/"
"EVT-IMCA-2262","UNIQUE","EVT-IMCA-2262","Unique event fingerprint","International Marine Contractors Association (IMCA)","https://www.imca-int.com/resources/safety/safety-flashes/0902-loss-of-a-vessel/"
"EVT-IMCA-2263","UNIQUE","EVT-IMCA-2263","Unique event fingerprint","International Marine Contractors Association (IMCA)","https://www.imca-int.com/resources/safety/safety-flashes/0802-update-on-dsi-air-helmets-leakage-of-water-into-regulator/"
"EVT-IMCA-2264","UNIQUE","EVT-IMCA-2264","Unique event fingerprint","International Marine Contractors Association (IMCA)","https://www.imca-int.com/resources/safety/safety-flashes/0702-power-management-system-dynamic-positioning-dp-incident/"
"EVT-IMCA-2265","UNIQUE","EVT-IMCA-2265","Unique event fingerprint","International Marine Contractors Association (IMCA)","https://www.imca-int.com/resources/safety/safety-flashes/0602-dynamic-positioning-dp-vessel-blackout/"
"EVT-IMCA-2266","UNIQUE","EVT-IMCA-2266","Unique event fingerprint","International Marine Contractors Association (IMCA)","https://www.imca-int.com/resources/safety/safety-flashes/0502-failure-of-lifeboat-lowering-mechanism/"
"EVT-IMCA-2267","UNIQUE","EVT-IMCA-2267","Unique event fingerprint","International Marine Contractors Association (IMCA)","https://www.imca-int.com/resources/safety/safety-flashes/0502-warning-signs-not-respected/"
"EVT-IMCA-2268","UNIQUE","EVT-IMCA-2268","Unique event fingerprint","International Marine Contractors Association (IMCA)","https://www.imca-int.com/resources/safety/safety-flashes/0502-faulty-bevel-machine-trolley/"
"EVT-IMCA-2269","UNIQUE","EVT-IMCA-2269","Unique event fingerprint","International Marine Contractors Association (IMCA)","https://www.imca-int.com/resources/safety/safety-flashes/0502-lifting-operation-incident/"
"EVT-IMCA-2270","UNIQUE","EVT-IMCA-2270","Unique event fingerprint","International Marine Contractors Association (IMCA)","https://www.imca-int.com/resources/safety/safety-flashes/0502-corrosion-pitting-on-bailout-cylinder/"
"EVT-IMCA-2271","UNIQUE","EVT-IMCA-2271","Unique event fingerprint","International Marine Contractors Association (IMCA)","https://www.imca-int.com/resources/safety/safety-flashes/0502-toxic-gas-emission-from-transponder/"
"EVT-IMCA-2272","UNIQUE","EVT-IMCA-2272","Unique event fingerprint","International Marine Contractors Association (IMCA)","https://www.imca-int.com/resources/safety/safety-flashes/0402-dsi-air-helmets-leakage-of-water-into-regulator/"
"EVT-IMCA-2273","UNIQUE","EVT-IMCA-2273","Unique event fingerprint","International Marine Contractors Association (IMCA)","https://www.imca-int.com/resources/safety/safety-flashes/0302-guidewire-anchor-failure/"
"EVT-IMCA-2274","UNIQUE","EVT-IMCA-2274","Unique event fingerprint","International Marine Contractors Association (IMCA)","https://www.imca-int.com/resources/safety/safety-flashes/0302-caution-advised-on-cellphone-use-due-to-ignition-fears/"
"EVT-IMCA-2275","UNIQUE","EVT-IMCA-2275","Unique event fingerprint","International Marine Contractors Association (IMCA)","https://www.imca-int.com/resources/safety/safety-flashes/0302-explosion-of-hose-ball-valve-assembly/"
"EVT-IMCA-2276","UNIQUE","EVT-IMCA-2276","Unique event fingerprint","International Marine Contractors Association (IMCA)","https://www.imca-int.com/resources/safety/safety-flashes/0302-improper-use-of-lifting-equipment/"
"EVT-IMCA-2277","UNIQUE","EVT-IMCA-2277","Unique event fingerprint","International Marine Contractors Association (IMCA)","https://www.imca-int.com/resources/safety/safety-flashes/0202-helideck-operations/"
"EVT-IMCA-2278","UNIQUE","EVT-IMCA-2278","Unique event fingerprint","International Marine Contractors Association (IMCA)","https://www.imca-int.com/resources/safety/safety-flashes/0202-incorrectly-supplied-diving-equipment/"
"EVT-IMCA-2279","UNIQUE","EVT-IMCA-2279","Unique event fingerprint","International Marine Contractors Association (IMCA)","https://www.imca-int.com/resources/safety/safety-flashes/0202-near-miss-incident-involving-insecure-load/"
"EVT-IMCA-2280","UNIQUE","EVT-IMCA-2280","Unique event fingerprint","International Marine Contractors Association (IMCA)","https://www.imca-int.com/resources/safety/safety-flashes/0102-aluminium-fresh-water-tanks-near-collapse-due-to-serious-corrosion/"
"EVT-IMCA-2281","UNIQUE","EVT-IMCA-2281","Unique event fingerprint","International Marine Contractors Association (IMCA)","https://www.imca-int.com/resources/safety/safety-flashes/0102-lacerated-wound-and-fracture-of-the-knee/"
"EVT-IMCA-2282","UNIQUE","EVT-IMCA-2282","Unique event fingerprint","International Marine Contractors Association (IMCA)","https://www.imca-int.com/resources/safety/safety-flashes/0102-dangers-of-battery-charging/"
"EVT-IMCA-2283","UNIQUE","EVT-IMCA-2283","Unique event fingerprint","International Marine Contractors Association (IMCA)","https://www.imca-int.com/resources/safety/safety-flashes/0102-drugs-tampering/"
"EVT-IMCA-2284","UNIQUE","EVT-IMCA-2284","Unique event fingerprint","International Marine Contractors Association (IMCA)","https://www.imca-int.com/resources/safety/safety-flashes/0102-ikaros-mob-mkii-smokelight-units-model-345105/"
"EVT-IMCA-2285","UNIQUE","EVT-IMCA-2285","Unique event fingerprint","International Marine Contractors Association (IMCA)","https://www.imca-int.com/resources/safety/safety-flashes/1301-retrieval-of-buoys/"
"EVT-IMCA-2286","UNIQUE","EVT-IMCA-2286","Unique event fingerprint","International Marine Contractors Association (IMCA)","https://www.imca-int.com/resources/safety/safety-flashes/1301-electrical-fire-in-engine-room/"
"EVT-IMCA-2287","UNIQUE","EVT-IMCA-2287","Unique event fingerprint","International Marine Contractors Association (IMCA)","https://www.imca-int.com/resources/safety/safety-flashes/1301-fatality-during-maintenance-of-elevator-lift/"
"EVT-IMCA-2288","UNIQUE","EVT-IMCA-2288","Unique event fingerprint","International Marine Contractors Association (IMCA)","https://www.imca-int.com/resources/safety/safety-flashes/1301-need-for-supplied-air-in-the-vicinity-of-man-way-during-nitrogen-purge/"
"EVT-IMCA-2289","UNIQUE","EVT-IMCA-2289","Unique event fingerprint","International Marine Contractors Association (IMCA)","https://www.imca-int.com/resources/safety/safety-flashes/1301-grit-hose-parting-near-miss-incident/"
"EVT-IMCA-2290","UNIQUE","EVT-IMCA-2290","Unique event fingerprint","International Marine Contractors Association (IMCA)","https://www.imca-int.com/resources/safety/safety-flashes/1301-improper-slinging-of-cargo/"
"EVT-IMCA-2291","UNIQUE","EVT-IMCA-2291","Unique event fingerprint","International Marine Contractors Association (IMCA)","https://www.imca-int.com/resources/safety/safety-flashes/1301-exploding-light-and-smoke-marker/"
"EVT-IMCA-2292","UNIQUE","EVT-IMCA-2292","Unique event fingerprint","International Marine Contractors Association (IMCA)","https://www.imca-int.com/resources/safety/safety-flashes/1301-fatality-involving-offshore-drilling-pipe-rack-flingers/"
"EVT-IMCA-2293","UNIQUE","EVT-IMCA-2293","Unique event fingerprint","International Marine Contractors Association (IMCA)","https://www.imca-int.com/resources/safety/safety-flashes/1301-winch-incident/"
"EVT-IMCA-2294","UNIQUE","EVT-IMCA-2294","Unique event fingerprint","International Marine Contractors Association (IMCA)","https://www.imca-int.com/resources/safety/safety-flashes/1301-msa-surety-sure-stop-shock-absorbers/"
"EVT-IMCA-2295","UNIQUE","EVT-IMCA-2295","Unique event fingerprint","International Marine Contractors Association (IMCA)","https://www.imca-int.com/resources/safety/safety-flashes/1201-dropped-object-risk/"
"EVT-IMCA-2296","UNIQUE","EVT-IMCA-2296","Unique event fingerprint","International Marine Contractors Association (IMCA)","https://www.imca-int.com/resources/safety/safety-flashes/1201-negative-pressure-injury-to-a-diver/"
"EVT-IMCA-2297","UNIQUE","EVT-IMCA-2297","Unique event fingerprint","International Marine Contractors Association (IMCA)","https://www.imca-int.com/resources/safety/safety-flashes/1201-serious-incident-while-checking-man-overboard-and-buoy-smoke-marker/"
"EVT-IMCA-2298","UNIQUE","EVT-IMCA-2298","Unique event fingerprint","International Marine Contractors Association (IMCA)","https://www.imca-int.com/resources/safety/safety-flashes/1201-incident-as-a-result-of-failure-of-a-bollard/"
"EVT-IMCA-2299","UNIQUE","EVT-IMCA-2299","Unique event fingerprint","International Marine Contractors Association (IMCA)","https://www.imca-int.com/resources/safety/safety-flashes/1201-failure-of-cable-socks-chinese-fingers-on-subsea-rigging/"
"EVT-IMCA-2300","UNIQUE","EVT-IMCA-2300","Unique event fingerprint","International Marine Contractors Association (IMCA)","https://www.imca-int.com/resources/safety/safety-flashes/1201-medical-device-recall-defibrillator/"
"EVT-IMCA-2301","UNIQUE","EVT-IMCA-2301","Unique event fingerprint","International Marine Contractors Association (IMCA)","https://www.imca-int.com/resources/safety/safety-flashes/1101-dead-man-anchor-supplied-unfit-for-purpose/"
"EVT-IMCA-2302","UNIQUE","EVT-IMCA-2302","Unique event fingerprint","International Marine Contractors Association (IMCA)","https://www.imca-int.com/resources/safety/safety-flashes/1101-vessel-and-port-security/"
"EVT-IMCA-2303","UNIQUE","EVT-IMCA-2303","Unique event fingerprint","International Marine Contractors Association (IMCA)","https://www.imca-int.com/resources/safety/safety-flashes/1101-near-miss-incident-lowering-concrete-mattress/"
"EVT-IMCA-2304","UNIQUE","EVT-IMCA-2304","Unique event fingerprint","International Marine Contractors Association (IMCA)","https://www.imca-int.com/resources/safety/safety-flashes/1101-insecure-crane-lighting/"
"EVT-IMCA-2305","UNIQUE","EVT-IMCA-2305","Unique event fingerprint","International Marine Contractors Association (IMCA)","https://www.imca-int.com/resources/safety/safety-flashes/1101-reaction-brackets-on-the-divex-sls-system-backpack/"
"EVT-IMCA-2306","UNIQUE","EVT-IMCA-2306","Unique event fingerprint","International Marine Contractors Association (IMCA)","https://www.imca-int.com/resources/safety/safety-flashes/1101-failure-of-rov-lift-umbilical-winch-brake-update/"
"EVT-IMCA-2307","UNIQUE","EVT-IMCA-2307","Unique event fingerprint","International Marine Contractors Association (IMCA)","https://www.imca-int.com/resources/safety/safety-flashes/1001-fire-extinguishers-potential-missingbroken-dip-tubes-on-hyfex-models/"
"EVT-IMCA-2308","EVENT_DUPLICATE","EVT-IMCA-2306","Matching normalized title and incident narrative fingerprint","International Marine Contractors Association (IMCA)","https://www.imca-int.com/resources/safety/safety-flashes/0901-failure-of-rov-lift-umbilical-winch-brake-update/"
"EVT-IMCA-2309","UNIQUE","EVT-IMCA-2309","Unique event fingerprint","International Marine Contractors Association (IMCA)","https://www.imca-int.com/resources/safety/safety-flashes/0901-hazard-potential-from-equipment-using-enclosed-rechargeable-batteries/"
"EVT-IMCA-2310","UNIQUE","EVT-IMCA-2310","Unique event fingerprint","International Marine Contractors Association (IMCA)","https://www.imca-int.com/resources/safety/safety-flashes/0901-rov-winch-failure/"
"EVT-IMCA-2311","UNIQUE","EVT-IMCA-2311","Unique event fingerprint","International Marine Contractors Association (IMCA)","https://www.imca-int.com/resources/safety/safety-flashes/0901-failure-of-plastic-floatation-buoy/"
"EVT-IMCA-2312","UNIQUE","EVT-IMCA-2312","Unique event fingerprint","International Marine Contractors Association (IMCA)","https://www.imca-int.com/resources/safety/safety-flashes/0801-failure-of-rov-lift-umbilical-winch-brake/"
"EVT-IMCA-2313","UNIQUE","EVT-IMCA-2313","Unique event fingerprint","International Marine Contractors Association (IMCA)","https://www.imca-int.com/resources/safety/safety-flashes/0801-failure-of-winch-brake-on-air-diving-bell-system/"
"EVT-IMCA-2314","UNIQUE","EVT-IMCA-2314","Unique event fingerprint","International Marine Contractors Association (IMCA)","https://www.imca-int.com/resources/safety/safety-flashes/0801-incident-involving-oxy-acetylene-cutting/"
"EVT-IMCA-2315","UNIQUE","EVT-IMCA-2315","Unique event fingerprint","International Marine Contractors Association (IMCA)","https://www.imca-int.com/resources/safety/safety-flashes/0701-failure-of-a-shackle/"
"EVT-IMCA-2316","UNIQUE","EVT-IMCA-2316","Unique event fingerprint","International Marine Contractors Association (IMCA)","https://www.imca-int.com/resources/safety/safety-flashes/0701-dangerous-occurrence-involving-a-mobile-crane/"
"EVT-IMCA-2317","UNIQUE","EVT-IMCA-2317","Unique event fingerprint","International Marine Contractors Association (IMCA)","https://www.imca-int.com/resources/safety/safety-flashes/0701-explosion-caused-by-ignition-of-paint-vapour/"
"EVT-IMCA-2318","UNIQUE","EVT-IMCA-2318","Unique event fingerprint","International Marine Contractors Association (IMCA)","https://www.imca-int.com/resources/safety/safety-flashes/0701-grinding-stone-incident/"
"EVT-IMCA-2319","UNIQUE","EVT-IMCA-2319","Unique event fingerprint","International Marine Contractors Association (IMCA)","https://www.imca-int.com/resources/safety/safety-flashes/0701-oxy-arc-cutting/"
"EVT-IMCA-2320","UNIQUE","EVT-IMCA-2320","Unique event fingerprint","International Marine Contractors Association (IMCA)","https://www.imca-int.com/resources/safety/safety-flashes/0701-checking-of-safety-helmets/"
"EVT-IMCA-2321","UNIQUE","EVT-IMCA-2321","Unique event fingerprint","International Marine Contractors Association (IMCA)","https://www.imca-int.com/resources/safety/safety-flashes/0601-corrosion-of-band-securing-screw-on-diver-band-mask/"
"EVT-IMCA-2322","UNIQUE","EVT-IMCA-2322","Unique event fingerprint","International Marine Contractors Association (IMCA)","https://www.imca-int.com/resources/safety/safety-flashes/0601-fast-rescue-boats-zodiac/"
"EVT-IMCA-2323","UNIQUE","EVT-IMCA-2323","Unique event fingerprint","International Marine Contractors Association (IMCA)","https://www.imca-int.com/resources/safety/safety-flashes/0601-use-of-hand-held-disc-grinders/"
"EVT-IMCA-2324","UNIQUE","EVT-IMCA-2324","Unique event fingerprint","International Marine Contractors Association (IMCA)","https://www.imca-int.com/resources/safety/safety-flashes/0601-fork-lift-truck-operation/"
"EVT-IMCA-2325","UNIQUE","EVT-IMCA-2325","Unique event fingerprint","International Marine Contractors Association (IMCA)","https://www.imca-int.com/resources/safety/safety-flashes/0501-accidents-when-using-power-operated-watertight-doors/"
"EVT-IMCA-2326","EVENT_DUPLICATE","EVT-IMCA-1933","Matching normalized title and incident narrative fingerprint","International Marine Contractors Association (IMCA)","https://www.imca-int.com/resources/safety/safety-flashes/0401-bail-out-whip-failures/"
"EVT-IMCA-2327","UNIQUE","EVT-IMCA-2327","Unique event fingerprint","International Marine Contractors Association (IMCA)","https://www.imca-int.com/resources/safety/safety-flashes/0301-rov-personnel-injury/"
"EVT-IMCA-2328","UNIQUE","EVT-IMCA-2328","Unique event fingerprint","International Marine Contractors Association (IMCA)","https://www.imca-int.com/resources/safety/safety-flashes/0301-crane-incident/"
"EVT-IMCA-2329","UNIQUE","EVT-IMCA-2329","Unique event fingerprint","International Marine Contractors Association (IMCA)","https://www.imca-int.com/resources/safety/safety-flashes/0301-emergency-release-of-anchor-winches-by-means-of-stored-energy/"
"EVT-IMCA-2330","UNIQUE","EVT-IMCA-2330","Unique event fingerprint","International Marine Contractors Association (IMCA)","https://www.imca-int.com/resources/safety/safety-flashes/0301-leg-injuries-knee-injury-ankle-injury-1-ankle-injury-2/"
"EVT-IMCA-2331","UNIQUE","EVT-IMCA-2331","Unique event fingerprint","International Marine Contractors Association (IMCA)","https://www.imca-int.com/resources/safety/safety-flashes/0301-workshop-finger-injury/"
"EVT-IMCA-2332","UNIQUE","EVT-IMCA-2332","Unique event fingerprint","International Marine Contractors Association (IMCA)","https://www.imca-int.com/resources/safety/safety-flashes/0301-failure-of-bulk-loading-bag/"
"EVT-IMCA-2333","UNIQUE","EVT-IMCA-2333","Unique event fingerprint","International Marine Contractors Association (IMCA)","https://www.imca-int.com/resources/safety/safety-flashes/0301-battery-failure-on-lifejacket-light/"
"EVT-IMCA-2334","UNIQUE","EVT-IMCA-2334","Unique event fingerprint","International Marine Contractors Association (IMCA)","https://www.imca-int.com/resources/safety/safety-flashes/0201-fall-from-height/"
"EVT-IMCA-2335","UNIQUE","EVT-IMCA-2335","Unique event fingerprint","International Marine Contractors Association (IMCA)","https://www.imca-int.com/resources/safety/safety-flashes/0201-overloading-of-survival-craft/"
"EVT-IMCA-2336","UNIQUE","EVT-IMCA-2336","Unique event fingerprint","International Marine Contractors Association (IMCA)","https://www.imca-int.com/resources/safety/safety-flashes/0201-recall-of-divex-lp-helmet-bail-out-whips-and-interstage-hoses/"
"EVT-IMCA-2337","UNIQUE","EVT-IMCA-2337","Unique event fingerprint","International Marine Contractors Association (IMCA)","https://www.imca-int.com/resources/safety/safety-flashes/0101-diving-fatality/"
"EVT-IMCA-2338","UNIQUE","EVT-IMCA-2338","Unique event fingerprint","International Marine Contractors Association (IMCA)","https://www.imca-int.com/resources/safety/safety-flashes/0101-sea-fastening/"
"EVT-IMCA-2339","UNIQUE","EVT-IMCA-2339","Unique event fingerprint","International Marine Contractors Association (IMCA)","https://www.imca-int.com/resources/safety/safety-flashes/0101-fatal-accident-involving-a-horizontal-watertight-sliding-door/"
"EVT-IMCA-2340","UNIQUE","EVT-IMCA-2340","Unique event fingerprint","International Marine Contractors Association (IMCA)","https://www.imca-int.com/resources/safety/safety-flashes/0800-dangerous-transformers/"
"EVT-IMCA-2341","UNIQUE","EVT-IMCA-2341","Unique event fingerprint","International Marine Contractors Association (IMCA)","https://www.imca-int.com/resources/safety/safety-flashes/0800-incompatible-threads-on-the-bell-onboard-gas-bottles/"
"EVT-IMCA-2342","UNIQUE","EVT-IMCA-2342","Unique event fingerprint","International Marine Contractors Association (IMCA)","https://www.imca-int.com/resources/safety/safety-flashes/0700-anchor-handling-on-deck/"
"EVT-IMCA-2343","UNIQUE","EVT-IMCA-2343","Unique event fingerprint","International Marine Contractors Association (IMCA)","https://www.imca-int.com/resources/safety/safety-flashes/0700-flat-woven-webbing-slings-made-from-man-made-fibre/"
"EVT-IMCA-2344","UNIQUE","EVT-IMCA-2344","Unique event fingerprint","International Marine Contractors Association (IMCA)","https://www.imca-int.com/resources/safety/safety-flashes/0700-new-concern-related-to-divex-lp-hoses/"
"EVT-IMCA-2345","UNIQUE","EVT-IMCA-2345","Unique event fingerprint","International Marine Contractors Association (IMCA)","https://www.imca-int.com/resources/safety/safety-flashes/0600-transponderbeacon-explosion/"
"EVT-IMCA-2346","UNIQUE","EVT-IMCA-2346","Unique event fingerprint","International Marine Contractors Association (IMCA)","https://www.imca-int.com/resources/safety/safety-flashes/0600-personnel-lifting-system-fatality/"
"EVT-IMCA-2347","UNIQUE","EVT-IMCA-2347","Unique event fingerprint","International Marine Contractors Association (IMCA)","https://www.imca-int.com/resources/safety/safety-flashes/0600-serious-fire-extinguisher-alert/"
"EVT-IMCA-2348","UNIQUE","EVT-IMCA-2348","Unique event fingerprint","International Marine Contractors Association (IMCA)","https://www.imca-int.com/resources/safety/safety-flashes/0600-hydraulic-injury-to-hand/"
"EVT-IMCA-2349","UNIQUE","EVT-IMCA-2349","Unique event fingerprint","International Marine Contractors Association (IMCA)","https://www.imca-int.com/resources/safety/safety-flashes/0500-confined-space-incident/"
"EVT-IMCA-2350","UNIQUE","EVT-IMCA-2350","Unique event fingerprint","International Marine Contractors Association (IMCA)","https://www.imca-int.com/resources/safety/safety-flashes/0500-termination-of-elastic-shock-cords/"
"EVT-IMCA-2351","UNIQUE","EVT-IMCA-2351","Unique event fingerprint","International Marine Contractors Association (IMCA)","https://www.imca-int.com/resources/safety/safety-flashes/0500-near-miss-with-cherry-picker-wire/"
"EVT-IMCA-2352","UNIQUE","EVT-IMCA-2352","Unique event fingerprint","International Marine Contractors Association (IMCA)","https://www.imca-int.com/resources/safety/safety-flashes/0500-information-on-material-change-to-sl-17-yoke/"
"EVT-IMCA-2353","UNIQUE","EVT-IMCA-2353","Unique event fingerprint","International Marine Contractors Association (IMCA)","https://www.imca-int.com/resources/safety/safety-flashes/0400-gas-transfer-during-project-mobilisation/"
"EVT-IMCA-2354","UNIQUE","EVT-IMCA-2354","Unique event fingerprint","International Marine Contractors Association (IMCA)","https://www.imca-int.com/resources/safety/safety-flashes/0400-incident-during-restart-of-a-compressor/"
"EVT-IMCA-2355","UNIQUE","EVT-IMCA-2355","Unique event fingerprint","International Marine Contractors Association (IMCA)","https://www.imca-int.com/resources/safety/safety-flashes/0400-gas-transfer-during-demobilisation/"
"EVT-IMCA-2356","UNIQUE","EVT-IMCA-2356","Unique event fingerprint","International Marine Contractors Association (IMCA)","https://www.imca-int.com/resources/safety/safety-flashes/0300-recall-notice-divex-lp-hoses/"
"EVT-IMCA-2357","UNIQUE","EVT-IMCA-2357","Unique event fingerprint","International Marine Contractors Association (IMCA)","https://www.imca-int.com/resources/safety/safety-flashes/0300-transport-of-weldingburning-gas/"
"EVT-IMCA-2358","UNIQUE","EVT-IMCA-2358","Unique event fingerprint","International Marine Contractors Association (IMCA)","https://www.imca-int.com/resources/safety/safety-flashes/0300-parting-of-a-crane-lift-wire/"
"EVT-IMCA-2359","UNIQUE","EVT-IMCA-2359","Unique event fingerprint","International Marine Contractors Association (IMCA)","https://www.imca-int.com/resources/safety/safety-flashes/0300-fast-rescue-craft-incident/"
"EVT-IMCA-2360","UNIQUE","EVT-IMCA-2360","Unique event fingerprint","International Marine Contractors Association (IMCA)","https://www.imca-int.com/resources/safety/safety-flashes/0300-winching-equipment/"
"EVT-IMCA-2361","UNIQUE","EVT-IMCA-2361","Unique event fingerprint","International Marine Contractors Association (IMCA)","https://www.imca-int.com/resources/safety/safety-flashes/0300-gas-cylinder-valves-potential-failures/"
"EVT-IMCA-2362","UNIQUE","EVT-IMCA-2362","Unique event fingerprint","International Marine Contractors Association (IMCA)","https://www.imca-int.com/resources/safety/safety-flashes/0300-rigging-incident/"
"EVT-IMCA-2363","UNIQUE","EVT-IMCA-2363","Unique event fingerprint","International Marine Contractors Association (IMCA)","https://www.imca-int.com/resources/safety/safety-flashes/0300-incident-on-a-diving-support-vessel-during-heliox-gas-transfer/"
"EVT-IMCA-2364","UNIQUE","EVT-IMCA-2364","Unique event fingerprint","International Marine Contractors Association (IMCA)","https://www.imca-int.com/resources/safety/safety-flashes/0200-emergency-communications-system-incident/"
"EVT-IMCA-2365","UNIQUE","EVT-IMCA-2365","Unique event fingerprint","International Marine Contractors Association (IMCA)","https://www.imca-int.com/resources/safety/safety-flashes/0200-interspiro-diving-mask/"
"EVT-IMCA-2366","UNIQUE","EVT-IMCA-2366","Unique event fingerprint","International Marine Contractors Association (IMCA)","https://www.imca-int.com/resources/safety/safety-flashes/0200-electrical-flash-burns/"
"EVT-IMCA-2367","UNIQUE","EVT-IMCA-2367","Unique event fingerprint","International Marine Contractors Association (IMCA)","https://www.imca-int.com/resources/safety/safety-flashes/0200-damage-to-main-hoist-rope-on-liebherr-10801-crane/"
"EVT-IMCA-2368","UNIQUE","EVT-IMCA-2368","Unique event fingerprint","International Marine Contractors Association (IMCA)","https://www.imca-int.com/resources/safety/safety-flashes/0100-diving-helmet-locking-collars/"
"EVT-IMCA-2369","UNIQUE","EVT-IMCA-2369","Unique event fingerprint","International Marine Contractors Association (IMCA)","https://www.imca-int.com/resources/safety/safety-flashes/0100-metrex-m3610-multimeter-incident/"
"EVT-IMCA-2370","UNIQUE","EVT-IMCA-2370","Unique event fingerprint","International Marine Contractors Association (IMCA)","https://www.imca-int.com/resources/safety/safety-flashes/0100-thruster-feedback-incident/"
"EVT-IMCA-2371","UNIQUE","EVT-IMCA-2371","Unique event fingerprint","International Marine Contractors Association (IMCA)","https://www.imca-int.com/resources/safety/safety-flashes/0100-lifeboat-winch-failure/"
"EVT-IMCA-2372","UNIQUE","EVT-IMCA-2372","Unique event fingerprint","International Marine Contractors Association (IMCA)","https://www.imca-int.com/resources/safety/safety-flashes/0100-microwaving-water/"
"EVT-IMCA-2373","UNIQUE","EVT-IMCA-2373","Unique event fingerprint","International Marine Contractors Association (IMCA)","https://www.imca-int.com/resources/safety/safety-flashes/0100-swivel-ring-flange-failures/"
"EVT-IMCA-2374","UNIQUE","EVT-IMCA-2374","Unique event fingerprint","International Marine Contractors Association (IMCA)","https://www.imca-int.com/resources/safety/safety-flashes/0100-commissioning-and-verification-of-newly-installed-modified-diving-system-equipment/"
"EVT-IMCA-2375","UNIQUE","EVT-IMCA-2375","Unique event fingerprint","International Marine Contractors Association (IMCA)","https://www.imca-int.com/resources/safety/safety-flashes/0200-grinding-disc-failures/"
"EVT-IMCA-2376","UNIQUE","EVT-IMCA-2376","Unique event fingerprint","International Marine Contractors Association (IMCA)","https://www.imca-int.com/resources/safety/safety-flashes/0799-hydraulic-hand-pump-enerpac-hose-failure/"
"EVT-IMCA-2377","UNIQUE","EVT-IMCA-2377","Unique event fingerprint","International Marine Contractors Association (IMCA)","https://www.imca-int.com/resources/safety/safety-flashes/0799-condition-of-container-doors/"
"EVT-IMCA-2378","UNIQUE","EVT-IMCA-2378","Unique event fingerprint","International Marine Contractors Association (IMCA)","https://www.imca-int.com/resources/safety/safety-flashes/0799-crane-accidents/"
"EVT-IMCA-2379","UNIQUE","EVT-IMCA-2379","Unique event fingerprint","International Marine Contractors Association (IMCA)","https://www.imca-int.com/resources/safety/safety-flashes/0799-crane-whip-line-incident/"
"EVT-IMCA-2380","UNIQUE","EVT-IMCA-2380","Unique event fingerprint","International Marine Contractors Association (IMCA)","https://www.imca-int.com/resources/safety/safety-flashes/0799-forged-diving-certificates/"
"EVT-IMCA-2381","UNIQUE","EVT-IMCA-2381","Unique event fingerprint","International Marine Contractors Association (IMCA)","https://www.imca-int.com/resources/safety/safety-flashes/0699-sopep-oil-booms/"
"EVT-IMCA-2382","UNIQUE","EVT-IMCA-2382","Unique event fingerprint","International Marine Contractors Association (IMCA)","https://www.imca-int.com/resources/safety/safety-flashes/0699-automatic-control-navigation-problem/"
"EVT-IMCA-2383","UNIQUE","EVT-IMCA-2383","Unique event fingerprint","International Marine Contractors Association (IMCA)","https://www.imca-int.com/resources/safety/safety-flashes/0699-failure-of-a-bsp-cap-under-pressure-on-well-service-work/"
"EVT-IMCA-2384","UNIQUE","EVT-IMCA-2384","Unique event fingerprint","International Marine Contractors Association (IMCA)","https://www.imca-int.com/resources/safety/safety-flashes/0599-transponder-explosion/"
"EVT-IMCA-2385","UNIQUE","EVT-IMCA-2385","Unique event fingerprint","International Marine Contractors Association (IMCA)","https://www.imca-int.com/resources/safety/safety-flashes/0599-lifeboat-drop-test/"
"EVT-IMCA-2386","UNIQUE","EVT-IMCA-2386","Unique event fingerprint","International Marine Contractors Association (IMCA)","https://www.imca-int.com/resources/safety/safety-flashes/0499-offshore-telescopic-gangway/"
"EVT-IMCA-2387","UNIQUE","EVT-IMCA-2387","Unique event fingerprint","International Marine Contractors Association (IMCA)","https://www.imca-int.com/resources/safety/safety-flashes/0499-potentially-defective-ball-valves/"
"EVT-IMCA-2388","UNIQUE","EVT-IMCA-2388","Unique event fingerprint","International Marine Contractors Association (IMCA)","https://www.imca-int.com/resources/safety/safety-flashes/0499-joystick-controls/"
"EVT-IMCA-2389","UNIQUE","EVT-IMCA-2389","Unique event fingerprint","International Marine Contractors Association (IMCA)","https://www.imca-int.com/resources/safety/safety-flashes/0399-plough-recovery-incident/"
"EVT-IMCA-2390","UNIQUE","EVT-IMCA-2390","Unique event fingerprint","International Marine Contractors Association (IMCA)","https://www.imca-int.com/resources/safety/safety-flashes/0399-regen-plumbing-incident/"
"EVT-IMCA-2391","UNIQUE","EVT-IMCA-2391","Unique event fingerprint","International Marine Contractors Association (IMCA)","https://www.imca-int.com/resources/safety/safety-flashes/0399-eureka-wire-locks/"
"EVT-IMCA-2392","UNIQUE","EVT-IMCA-2392","Unique event fingerprint","International Marine Contractors Association (IMCA)","https://www.imca-int.com/resources/safety/safety-flashes/0399-loose-bolts-on-turbine-engine-exhaust-stack/"
"EVT-IMCA-2393","UNIQUE","EVT-IMCA-2393","Unique event fingerprint","International Marine Contractors Association (IMCA)","https://www.imca-int.com/resources/safety/safety-flashes/0199-subsea-lifting-and-dropped-loads/"
"EVT-IMCA-2394","UNIQUE","EVT-IMCA-2394","Unique event fingerprint","International Marine Contractors Association (IMCA)","https://www.imca-int.com/resources/safety/safety-flashes/0199-structural-failure-of-a-transponder-housing/"
"EVT-IMCA-2395","UNIQUE","EVT-IMCA-2395","Unique event fingerprint","International Marine Contractors Association (IMCA)","https://www.imca-int.com/resources/safety/safety-flashes/0199-underwater-rigging-failure/"
"EVT-IMCA-2396","UNIQUE","EVT-IMCA-2396","Unique event fingerprint","International Marine Contractors Association (IMCA)","https://www.imca-int.com/resources/safety/safety-flashes/0299-video-lifeboat-on-load-release-gear/"
"EVT-IMCA-2397","UNIQUE","EVT-IMCA-2397","Unique event fingerprint","International Marine Contractors Association (IMCA)","https://www.imca-int.com/resources/safety/safety-flashes/0299-lifeboat-safety-guidelines/"
"EVT-IMCA-2398","UNIQUE","EVT-IMCA-2398","Unique event fingerprint","International Marine Contractors Association (IMCA)","https://www.imca-int.com/resources/safety/safety-flashes/0299-lifeboat-brake-release-failure/"
"EVT-IMCA-2399","UNIQUE","EVT-IMCA-2399","Unique event fingerprint","International Marine Contractors Association (IMCA)","https://www.imca-int.com/resources/safety/safety-flashes/0299-lifeboat-incident-as-a-result-of-a-suspension-chain-failure/"
"EVT-IMCA-2400","UNIQUE","EVT-IMCA-2400","Unique event fingerprint","International Marine Contractors Association (IMCA)","https://www.imca-int.com/resources/safety/safety-flashes/0398-crane-wire-failure/"
"EVT-IMCA-2401","UNIQUE","EVT-IMCA-2401","Unique event fingerprint","International Marine Contractors Association (IMCA)","https://www.imca-int.com/resources/safety/safety-flashes/0397-anchor-handling-incident/"
"EVT-HSE-0001","UNIQUE","EVT-HSE-0001","Unique event fingerprint","Health and Safety Executive (UK HSE)","https://www.hse.gov.uk/safetybulletins/service-lifts-in-offshore-onshore-turbines.htm"
"EVT-HSE-0002","UNIQUE","EVT-HSE-0002","Unique event fingerprint","Health and Safety Executive (UK HSE)","https://www.hse.gov.uk/safetybulletins/wind-turbine-generator-service-lifts.htm"
"EVT-HSE-0003","UNIQUE","EVT-HSE-0003","Unique event fingerprint","Health and Safety Executive (UK HSE)","https://www.hse.gov.uk/safetybulletins/grating-systems.htm"
"EVT-HSE-0004","UNIQUE","EVT-HSE-0004","Unique event fingerprint","Health and Safety Executive (UK HSE)","https://www.hse.gov.uk/safetybulletins/bendpak-vehicle-lifts2.htm"
"EVT-HSE-0005","UNIQUE","EVT-HSE-0005","Unique event fingerprint","Health and Safety Executive (UK HSE)","https://www.hse.gov.uk/safetybulletins/forklift-fires.htm"
"EVT-HSE-0006","UNIQUE","EVT-HSE-0006","Unique event fingerprint","Health and Safety Executive (UK HSE)","https://www.hse.gov.uk/safetybulletins/hydrogen-sulphide.htm"
"EVT-HSE-0007","UNIQUE","EVT-HSE-0007","Unique event fingerprint","Health and Safety Executive (UK HSE)","https://www.hse.gov.uk/safetybulletins/floor-grating-systems.htm"
"EVT-HSE-0008","UNIQUE","EVT-HSE-0008","Unique event fingerprint","Health and Safety Executive (UK HSE)","https://www.hse.gov.uk/safetybulletins/mast-climbing-work-platforms-mechanical-failure.htm"
