event_id,source_organization,document_id,url,reason,audit_status,possible_recovery,review_required
EVT-BSEE-0101,Bureau of Safety and Environmental Enforcement (BSEE),SRC-BSEE-0101,https://www.bsee.gov/safety-alerts/bsee-saftey-alert-416-investigation-into-grating-failure-fatality-reveals-deficiencies,Missing physical document artifact in packaged repository (catalog metadata only),QUARANTINED_UNVERIFIED_ARTIFACT,Download original PDF/HTML from source URL and verify SHA-256,True
EVT-BSEE-0102,Bureau of Safety and Environmental Enforcement (BSEE),SRC-BSEE-0102,https://www.bsee.gov/safety-alerts/bsee-safety-alert-415-inadequate-preparations-in-advance-of-inclement-weather-results,Missing physical document artifact in packaged repository (catalog metadata only),QUARANTINED_UNVERIFIED_ARTIFACT,Download original PDF/HTML from source URL and verify SHA-256,True
EVT-BSEE-0103,Bureau of Safety and Environmental Enforcement (BSEE),SRC-BSEE-0103,https://www.bsee.gov/safety-alerts/bsee-safety-alert-414-ship-allisions-result-in-severe-damage-to-fixed-facilities,Missing physical document artifact in packaged repository (catalog metadata only),QUARANTINED_UNVERIFIED_ARTIFACT,Download original PDF/HTML from source URL and verify SHA-256,True
EVT-BSEE-0104,Bureau of Safety and Environmental Enforcement (BSEE),SRC-BSEE-0104,https://www.bsee.gov/safety-alerts/bsee-safety-alert-413-hazards-identified-in-level-i-surveys-not-communicated-to,Missing physical document artifact in packaged repository (catalog metadata only),QUARANTINED_UNVERIFIED_ARTIFACT,Download original PDF/HTML from source URL and verify SHA-256,True
EVT-BSEE-0105,Bureau of Safety and Environmental Enforcement (BSEE),SRC-BSEE-0105,https://www.bsee.gov/safety-alerts/bsee-safety-alert-412-failure-to-follow-procedures-results-in-pollution-incidents,Missing physical document artifact in packaged repository (catalog metadata only),QUARANTINED_UNVERIFIED_ARTIFACT,Download original PDF/HTML from source URL and verify SHA-256,True
EVT-BSEE-0106,Bureau of Safety and Environmental Enforcement (BSEE),SRC-BSEE-0106,https://www.bsee.gov/safety-alerts/bsee-safety-alert-411-electrical-fire-damages-equipment-in-motor-control-center,Missing physical document artifact in packaged repository (catalog metadata only),QUARANTINED_UNVERIFIED_ARTIFACT,Download original PDF/HTML from source URL and verify SHA-256,True
EVT-BSEE-0107,Bureau of Safety and Environmental Enforcement (BSEE),SRC-BSEE-0107,https://www.bsee.gov/safety-alerts/safety-alert-410-damaged-electric-cord-results-in-arc,Missing physical document artifact in packaged repository (catalog metadata only),QUARANTINED_UNVERIFIED_ARTIFACT,Download original PDF/HTML from source URL and verify SHA-256,True
EVT-BSEE-0108,Bureau of Safety and Environmental Enforcement (BSEE),SRC-BSEE-0108,https://www.bsee.gov/safety-alerts/bsee-safety-alert-409-fall-from-platform-results-in-a-fatality,Missing physical document artifact in packaged repository (catalog metadata only),QUARANTINED_UNVERIFIED_ARTIFACT,Download original PDF/HTML from source URL and verify SHA-256,True
EVT-BSEE-0109,Bureau of Safety and Environmental Enforcement (BSEE),SRC-BSEE-0109,https://www.bsee.gov/safety-alerts/bsee-safety-alert-408-fire-damages-a-platforms-living-quarters-and-nearby-areas,Missing physical document artifact in packaged repository (catalog metadata only),QUARANTINED_UNVERIFIED_ARTIFACT,Download original PDF/HTML from source URL and verify SHA-256,True
EVT-BSEE-0110,Bureau of Safety and Environmental Enforcement (BSEE),SRC-BSEE-0110,https://www.bsee.gov/safety-alerts/bsee-safety-alert-407-risk-based-inspections-of-subsea-leak-detection-technology,Missing physical document artifact in packaged repository (catalog metadata only),QUARANTINED_UNVERIFIED_ARTIFACT,Download original PDF/HTML from source URL and verify SHA-256,True
EVT-BSEE-0111,Bureau of Safety and Environmental Enforcement (BSEE),SRC-BSEE-0111,https://www.bsee.gov/safety-alerts/bsee-safety-alert-406-labeling-removing-storing-and-installing-hatch-covers,Missing physical document artifact in packaged repository (catalog metadata only),QUARANTINED_UNVERIFIED_ARTIFACT,Download original PDF/HTML from source URL and verify SHA-256,True
EVT-BSEE-0112,Bureau of Safety and Environmental Enforcement (BSEE),SRC-BSEE-0112,https://www.bsee.gov/safety-alerts/bsee-safety-alert-405-blind-shear-rams-damaged-after-inadvertently-closing-on-tool,Missing physical document artifact in packaged repository (catalog metadata only),QUARANTINED_UNVERIFIED_ARTIFACT,Download original PDF/HTML from source URL and verify SHA-256,True
EVT-BSEE-0113,Bureau of Safety and Environmental Enforcement (BSEE),SRC-BSEE-0113,https://www.bsee.gov/safety-alerts/bsee-safety-alert-404-bsee-establishes-goal-to-reduce-lifting-incidents-by-50,Missing physical document artifact in packaged repository (catalog metadata only),QUARANTINED_UNVERIFIED_ARTIFACT,Download original PDF/HTML from source URL and verify SHA-256,True
EVT-BSEE-0114,Bureau of Safety and Environmental Enforcement (BSEE),SRC-BSEE-0114,https://www.bsee.gov/safety-alerts/bsee-safety-alert-403-findings-from-pandemic-management-risk-based-inspections,Missing physical document artifact in packaged repository (catalog metadata only),QUARANTINED_UNVERIFIED_ARTIFACT,Download original PDF/HTML from source URL and verify SHA-256,True
EVT-BSEE-0115,Bureau of Safety and Environmental Enforcement (BSEE),SRC-BSEE-0115,https://www.bsee.gov/safety-alerts/bsee-safety-alert-402-deficiencies-in-process-piping-cause-gas-release-incidents,Missing physical document artifact in packaged repository (catalog metadata only),QUARANTINED_UNVERIFIED_ARTIFACT,Download original PDF/HTML from source URL and verify SHA-256,True
EVT-BSEE-0116,Bureau of Safety and Environmental Enforcement (BSEE),SRC-BSEE-0116,https://www.bsee.gov/safety-alerts/bsee-safety-alert-401-bsee-identifies-improvements-to-hurricane-preparedness-during,Missing physical document artifact in packaged repository (catalog metadata only),QUARANTINED_UNVERIFIED_ARTIFACT,Download original PDF/HTML from source URL and verify SHA-256,True
EVT-BSEE-0117,Bureau of Safety and Environmental Enforcement (BSEE),SRC-BSEE-0117,https://www.bsee.gov/safety-alerts/bsee-safety-alert-400-trapped-pressure-ejects-rod-from-chamber-and-strikes-subsea,Missing physical document artifact in packaged repository (catalog metadata only),QUARANTINED_UNVERIFIED_ARTIFACT,Download original PDF/HTML from source URL and verify SHA-256,True
EVT-BSEE-0118,Bureau of Safety and Environmental Enforcement (BSEE),SRC-BSEE-0118,https://www.bsee.gov/safety-alerts/bsee-safety-alert-399-grating-failures-cause-a-fatality-and-a-serious-near-miss,Missing physical document artifact in packaged repository (catalog metadata only),QUARANTINED_UNVERIFIED_ARTIFACT,Download original PDF/HTML from source URL and verify SHA-256,True
EVT-BSEE-0119,Bureau of Safety and Environmental Enforcement (BSEE),SRC-BSEE-0119,https://www.bsee.gov/safety-alerts/bsee-safety-alert-398-lifeboat-failures-and-damage-occur-during-maintenance,Missing physical document artifact in packaged repository (catalog metadata only),QUARANTINED_UNVERIFIED_ARTIFACT,Download original PDF/HTML from source URL and verify SHA-256,True
EVT-BSEE-0120,Bureau of Safety and Environmental Enforcement (BSEE),SRC-BSEE-0120,https://www.bsee.gov/safety-alerts/bsee-safety-alert-397-fire-tube-hazards-increase-risk-of-flame-migration,Missing physical document artifact in packaged repository (catalog metadata only),QUARANTINED_UNVERIFIED_ARTIFACT,Download original PDF/HTML from source URL and verify SHA-256,True
EVT-BSEE-0121,Bureau of Safety and Environmental Enforcement (BSEE),SRC-BSEE-0121,https://www.bsee.gov/safety-alerts/bsee-safety-alert-396-risk-of-fires-from-adjustable-speed-drives-asds,Missing physical document artifact in packaged repository (catalog metadata only),QUARANTINED_UNVERIFIED_ARTIFACT,Download original PDF/HTML from source URL and verify SHA-256,True
EVT-BSEE-0122,Bureau of Safety and Environmental Enforcement (BSEE),SRC-BSEE-0122,https://www.bsee.gov/safety-alerts/bsee-safety-alert-395-electrical-equipment-in-hazardous-locations-increase-risk-of,Missing physical document artifact in packaged repository (catalog metadata only),QUARANTINED_UNVERIFIED_ARTIFACT,Download original PDF/HTML from source URL and verify SHA-256,True
EVT-BSEE-0123,Bureau of Safety and Environmental Enforcement (BSEE),SRC-BSEE-0123,https://www.bsee.gov/safety-alerts/bsee-safety-alert-394-recently-discovered-cybersecurity-vulnerabilities-may-impact,Missing physical document artifact in packaged repository (catalog metadata only),QUARANTINED_UNVERIFIED_ARTIFACT,Download original PDF/HTML from source URL and verify SHA-256,True
EVT-BSEE-0124,Bureau of Safety and Environmental Enforcement (BSEE),SRC-BSEE-0124,https://www.bsee.gov/safety-alerts/safety-alert-393-adverse-weather-and-sea-conditions-complicate-dynamic-lifts,Missing physical document artifact in packaged repository (catalog metadata only),QUARANTINED_UNVERIFIED_ARTIFACT,Download original PDF/HTML from source URL and verify SHA-256,True
EVT-BSEE-0125,Bureau of Safety and Environmental Enforcement (BSEE),SRC-BSEE-0125,https://www.bsee.gov/safety-alerts/safety-alert-392-personnel-transfer-injuries-escalate-over-1-year-period,Missing physical document artifact in packaged repository (catalog metadata only),QUARANTINED_UNVERIFIED_ARTIFACT,Download original PDF/HTML from source URL and verify SHA-256,True
EVT-BSEE-0126,Bureau of Safety and Environmental Enforcement (BSEE),SRC-BSEE-0126,https://www.bsee.gov/safety-alerts/safety-alert-391-improper-use-of-equipment-results-in-shock-loaded-crane-and-damaged,Missing physical document artifact in packaged repository (catalog metadata only),QUARANTINED_UNVERIFIED_ARTIFACT,Download original PDF/HTML from source URL and verify SHA-256,True
EVT-BSEE-0127,Bureau of Safety and Environmental Enforcement (BSEE),SRC-BSEE-0127,https://www.bsee.gov/safety-alerts/safety-alert-390-incorrect-elevator-assembly-injures-an-electric-line-helper,Missing physical document artifact in packaged repository (catalog metadata only),QUARANTINED_UNVERIFIED_ARTIFACT,Download original PDF/HTML from source URL and verify SHA-256,True
EVT-BSEE-0128,Bureau of Safety and Environmental Enforcement (BSEE),SRC-BSEE-0128,https://www.bsee.gov/safety-alerts/safety-alert-389-fatality-caused-by-freefalling-pipe-underscores-the-need-to-adhere-to,Missing physical document artifact in packaged repository (catalog metadata only),QUARANTINED_UNVERIFIED_ARTIFACT,Download original PDF/HTML from source URL and verify SHA-256,True
EVT-BSEE-0129,Bureau of Safety and Environmental Enforcement (BSEE),SRC-BSEE-0129,https://www.bsee.gov/safety-alerts/safety-alert-388-malfunctioning-storage-batteries-cause-fires-and-explosions,Missing physical document artifact in packaged repository (catalog metadata only),QUARANTINED_UNVERIFIED_ARTIFACT,Download original PDF/HTML from source URL and verify SHA-256,True
EVT-BSEE-0130,Bureau of Safety and Environmental Enforcement (BSEE),SRC-BSEE-0130,https://www.bsee.gov/safety-alerts/bsee-safety-alert-387-chemical-packing-leads-to-fire-extinguisher-failure,Missing physical document artifact in packaged repository (catalog metadata only),QUARANTINED_UNVERIFIED_ARTIFACT,Download original PDF/HTML from source URL and verify SHA-256,True
EVT-BSEE-0131,Bureau of Safety and Environmental Enforcement (BSEE),SRC-BSEE-0131,https://www.bsee.gov/safety-alerts/bsee-safety-alert-386-turbo-and-exhaust-manifold-fires-related-to-engines,Missing physical document artifact in packaged repository (catalog metadata only),QUARANTINED_UNVERIFIED_ARTIFACT,Download original PDF/HTML from source URL and verify SHA-256,True
EVT-BSEE-0132,Bureau of Safety and Environmental Enforcement (BSEE),SRC-BSEE-0132,https://www.bsee.gov/safety-alerts/bsee-safety-alert-385-improper-installation-of-safety-device,Missing physical document artifact in packaged repository (catalog metadata only),QUARANTINED_UNVERIFIED_ARTIFACT,Download original PDF/HTML from source URL and verify SHA-256,True
EVT-BSEE-0133,Bureau of Safety and Environmental Enforcement (BSEE),SRC-BSEE-0133,https://www.bsee.gov/safety-alerts/bsee-safety-alert-384-preventing-static-discharge,Missing physical document artifact in packaged repository (catalog metadata only),QUARANTINED_UNVERIFIED_ARTIFACT,Download original PDF/HTML from source URL and verify SHA-256,True
EVT-BSEE-0134,Bureau of Safety and Environmental Enforcement (BSEE),SRC-BSEE-0134,https://www.bsee.gov/safety-alerts/safety-alert-383-lifting-incidents-involving-tote-tanks,Missing physical document artifact in packaged repository (catalog metadata only),QUARANTINED_UNVERIFIED_ARTIFACT,Download original PDF/HTML from source URL and verify SHA-256,True
EVT-BSEE-0135,Bureau of Safety and Environmental Enforcement (BSEE),SRC-BSEE-0135,https://www.bsee.gov/safety-alerts/bsee-safety-alert-382-bseesafe-subscribers,Missing physical document artifact in packaged repository (catalog metadata only),QUARANTINED_UNVERIFIED_ARTIFACT,Download original PDF/HTML from source URL and verify SHA-256,True
EVT-BSEE-0136,Bureau of Safety and Environmental Enforcement (BSEE),SRC-BSEE-0136,https://www.bsee.gov/safety-alerts/bsee-safety-alert-381-common-operator-deficiencies-discovered-by-sems,Missing physical document artifact in packaged repository (catalog metadata only),QUARANTINED_UNVERIFIED_ARTIFACT,Download original PDF/HTML from source URL and verify SHA-256,True
EVT-BSEE-0137,Bureau of Safety and Environmental Enforcement (BSEE),SRC-BSEE-0137,https://www.bsee.gov/safety-alerts/safety-alert-380-subsea-jumper-failure-leads-to-leak,Missing physical document artifact in packaged repository (catalog metadata only),QUARANTINED_UNVERIFIED_ARTIFACT,Download original PDF/HTML from source URL and verify SHA-256,True
EVT-BSEE-0138,Bureau of Safety and Environmental Enforcement (BSEE),SRC-BSEE-0138,https://www.bsee.gov/safety-alerts/safety-alert-379-broken-compressor-heat-exchanger-causes-fire,Missing physical document artifact in packaged repository (catalog metadata only),QUARANTINED_UNVERIFIED_ARTIFACT,Download original PDF/HTML from source URL and verify SHA-256,True
EVT-BSEE-0139,Bureau of Safety and Environmental Enforcement (BSEE),SRC-BSEE-0139,https://www.bsee.gov/safety-alerts/safety-alert-378-unsecured-trough-drain-grating-poses-tripping-hazard,Missing physical document artifact in packaged repository (catalog metadata only),QUARANTINED_UNVERIFIED_ARTIFACT,Download original PDF/HTML from source URL and verify SHA-256,True
EVT-BSEE-0140,Bureau of Safety and Environmental Enforcement (BSEE),SRC-BSEE-0140,https://www.bsee.gov/safety-alerts/safety-alert-377-improperly-bypassed-safety-devices-poses-work-and-environmental,Missing physical document artifact in packaged repository (catalog metadata only),QUARANTINED_UNVERIFIED_ARTIFACT,Download original PDF/HTML from source URL and verify SHA-256,True
EVT-BSEE-0141,Bureau of Safety and Environmental Enforcement (BSEE),SRC-BSEE-0141,https://www.bsee.gov/safety-alerts/safety-alert-376-rig-floorman-pinned-by-moving-equipment,Missing physical document artifact in packaged repository (catalog metadata only),QUARANTINED_UNVERIFIED_ARTIFACT,Download original PDF/HTML from source URL and verify SHA-256,True
EVT-BSEE-0142,Bureau of Safety and Environmental Enforcement (BSEE),SRC-BSEE-0142,https://www.bsee.gov/safety-alerts/safety-alert-375-oem-publishes-safety-notice-on-defective-shackles,Missing physical document artifact in packaged repository (catalog metadata only),QUARANTINED_UNVERIFIED_ARTIFACT,Download original PDF/HTML from source URL and verify SHA-256,True
EVT-BSEE-0143,Bureau of Safety and Environmental Enforcement (BSEE),SRC-BSEE-0143,https://www.bsee.gov/safety-alerts/safety-alert-374-air-compressor-flaws-lead-to-engine-fire,Missing physical document artifact in packaged repository (catalog metadata only),QUARANTINED_UNVERIFIED_ARTIFACT,Download original PDF/HTML from source URL and verify SHA-256,True
EVT-BSEE-0144,Bureau of Safety and Environmental Enforcement (BSEE),SRC-BSEE-0144,https://www.bsee.gov/safety-alerts/safety-alert-373-lightning-strikes-threaten-aircraft-on-helidecks,Missing physical document artifact in packaged repository (catalog metadata only),QUARANTINED_UNVERIFIED_ARTIFACT,Download original PDF/HTML from source URL and verify SHA-256,True
EVT-BSEE-0145,Bureau of Safety and Environmental Enforcement (BSEE),SRC-BSEE-0145,https://www.bsee.gov/safety-alerts/safety-alert-372-improper-use-of-equipment-causes-blasting-cap-misfire,Missing physical document artifact in packaged repository (catalog metadata only),QUARANTINED_UNVERIFIED_ARTIFACT,Download original PDF/HTML from source URL and verify SHA-256,True
EVT-BSEE-0146,Bureau of Safety and Environmental Enforcement (BSEE),SRC-BSEE-0146,https://www.bsee.gov/safety-alerts/safety-alert-371-conductor-failures-put-workers-safety-and-the-environment-at-risk,Missing physical document artifact in packaged repository (catalog metadata only),QUARANTINED_UNVERIFIED_ARTIFACT,Download original PDF/HTML from source URL and verify SHA-256,True
EVT-BSEE-0147,Bureau of Safety and Environmental Enforcement (BSEE),SRC-BSEE-0147,https://www.bsee.gov/safety-alerts/safety-alert-370-overcharged-battery-in-non-ventilated-box,Missing physical document artifact in packaged repository (catalog metadata only),QUARANTINED_UNVERIFIED_ARTIFACT,Download original PDF/HTML from source URL and verify SHA-256,True
EVT-BSEE-0148,Bureau of Safety and Environmental Enforcement (BSEE),SRC-BSEE-0148,https://www.bsee.gov/safety-alerts/safety-alert-369-non-oem-parts-were-significant-causal-factors-in-two-recent-loss-of,Missing physical document artifact in packaged repository (catalog metadata only),QUARANTINED_UNVERIFIED_ARTIFACT,Download original PDF/HTML from source URL and verify SHA-256,True
EVT-BSEE-0149,Bureau of Safety and Environmental Enforcement (BSEE),SRC-BSEE-0149,https://www.bsee.gov/safety-alerts/inadvertent-opening-of-valve-under-pressure-causes-injury,Missing physical document artifact in packaged repository (catalog metadata only),QUARANTINED_UNVERIFIED_ARTIFACT,Download original PDF/HTML from source URL and verify SHA-256,True
EVT-BSEE-0150,Bureau of Safety and Environmental Enforcement (BSEE),SRC-BSEE-0150,https://www.bsee.gov/safety-alerts/safety-alert-367-saturated-glycol-handling-leads-to-fire,Missing physical document artifact in packaged repository (catalog metadata only),QUARANTINED_UNVERIFIED_ARTIFACT,Download original PDF/HTML from source URL and verify SHA-256,True
EVT-BSEE-0151,Bureau of Safety and Environmental Enforcement (BSEE),SRC-BSEE-0151,https://www.bsee.gov/safety-alerts/safety-alert-366-dangerous-levels-of-h2s-detected-at-offshore-facilities,Missing physical document artifact in packaged repository (catalog metadata only),QUARANTINED_UNVERIFIED_ARTIFACT,Download original PDF/HTML from source URL and verify SHA-256,True
EVT-BSEE-0152,Bureau of Safety and Environmental Enforcement (BSEE),SRC-BSEE-0152,https://www.bsee.gov/safety-alerts/safety-alert-365-bsee-identified-grating-and-open-hole-hazards-during-risk-based,Missing physical document artifact in packaged repository (catalog metadata only),QUARANTINED_UNVERIFIED_ARTIFACT,Download original PDF/HTML from source URL and verify SHA-256,True
EVT-BSEE-0153,Bureau of Safety and Environmental Enforcement (BSEE),SRC-BSEE-0153,https://www.bsee.gov/safety-alerts/safety-alert-364-improper-riser-tension-leads-to-subsea-bop-falling-off-wellhead,Missing physical document artifact in packaged repository (catalog metadata only),QUARANTINED_UNVERIFIED_ARTIFACT,Download original PDF/HTML from source URL and verify SHA-256,True
EVT-BSEE-0154,Bureau of Safety and Environmental Enforcement (BSEE),SRC-BSEE-0154,https://www.bsee.gov/safety-alerts/safety-alert-362-poor-tag-line-awareness-leads-to-multiple-incidents,Missing physical document artifact in packaged repository (catalog metadata only),QUARANTINED_UNVERIFIED_ARTIFACT,Download original PDF/HTML from source URL and verify SHA-256,True
EVT-BSEE-0155,Bureau of Safety and Environmental Enforcement (BSEE),SRC-BSEE-0155,https://www.bsee.gov/safety-alerts/safety-alert-361-multiple-crane-incidents-during-heavy-lifting-operations,Missing physical document artifact in packaged repository (catalog metadata only),QUARANTINED_UNVERIFIED_ARTIFACT,Download original PDF/HTML from source URL and verify SHA-256,True
EVT-BSEE-0156,Bureau of Safety and Environmental Enforcement (BSEE),SRC-BSEE-0156,https://www.bsee.gov/safety-alerts/safety-alert-360-collision-leads-to-significant-near-miss,Missing physical document artifact in packaged repository (catalog metadata only),QUARANTINED_UNVERIFIED_ARTIFACT,Download original PDF/HTML from source URL and verify SHA-256,True
EVT-BSEE-0157,Bureau of Safety and Environmental Enforcement (BSEE),SRC-BSEE-0157,https://www.bsee.gov/safety-alerts/safety-alert-359-unsafe-use-of-pipe-wrenches-discovered-during-inspection,Missing physical document artifact in packaged repository (catalog metadata only),QUARANTINED_UNVERIFIED_ARTIFACT,Download original PDF/HTML from source URL and verify SHA-256,True
EVT-BSEE-0158,Bureau of Safety and Environmental Enforcement (BSEE),SRC-BSEE-0158,https://www.bsee.gov/safety-alerts/safety-alert-358-dislodged-boom-pawl-pin-unnoticed-by-crane-operator-during-pre-use,Missing physical document artifact in packaged repository (catalog metadata only),QUARANTINED_UNVERIFIED_ARTIFACT,Download original PDF/HTML from source URL and verify SHA-256,True
EVT-BSEE-0159,Bureau of Safety and Environmental Enforcement (BSEE),SRC-BSEE-0159,https://www.bsee.gov/safety-alerts/safety-alert-357-reporting-unsafe-work-conditions,Missing physical document artifact in packaged repository (catalog metadata only),QUARANTINED_UNVERIFIED_ARTIFACT,Download original PDF/HTML from source URL and verify SHA-256,True
EVT-BSEE-0160,Bureau of Safety and Environmental Enforcement (BSEE),SRC-BSEE-0160,https://www.bsee.gov/safety-alerts/safety-alert-356-pipeline-pigs-inadvertently-launched-in-close-proximity-of-personnel,Missing physical document artifact in packaged repository (catalog metadata only),QUARANTINED_UNVERIFIED_ARTIFACT,Download original PDF/HTML from source URL and verify SHA-256,True
EVT-BSEE-0161,Bureau of Safety and Environmental Enforcement (BSEE),SRC-BSEE-0161,https://www.bsee.gov/safety-alerts/safety-alert-355-recent-safety-notices-on-deficient-harnesses-and-gloves,Missing physical document artifact in packaged repository (catalog metadata only),QUARANTINED_UNVERIFIED_ARTIFACT,Download original PDF/HTML from source URL and verify SHA-256,True
EVT-BSEE-0162,Bureau of Safety and Environmental Enforcement (BSEE),SRC-BSEE-0162,https://www.bsee.gov/safety-alerts/safety-alert-354-fire-in-smoking-area-linked-to-cigarette-butt-container,Missing physical document artifact in packaged repository (catalog metadata only),QUARANTINED_UNVERIFIED_ARTIFACT,Download original PDF/HTML from source URL and verify SHA-256,True
EVT-BSEE-0163,Bureau of Safety and Environmental Enforcement (BSEE),SRC-BSEE-0163,https://www.bsee.gov/safety-alerts/safety-alert-353-offshore-employees-fall-through-grating-and-open-hole,Missing physical document artifact in packaged repository (catalog metadata only),QUARANTINED_UNVERIFIED_ARTIFACT,Download original PDF/HTML from source URL and verify SHA-256,True
EVT-BSEE-0164,Bureau of Safety and Environmental Enforcement (BSEE),SRC-BSEE-0164,https://www.bsee.gov/safety-alerts/safety-alert-352-boat-landing-incident,Missing physical document artifact in packaged repository (catalog metadata only),QUARANTINED_UNVERIFIED_ARTIFACT,Download original PDF/HTML from source URL and verify SHA-256,True
EVT-BSEE-0165,Bureau of Safety and Environmental Enforcement (BSEE),SRC-BSEE-0165,https://www.bsee.gov/safety-alerts/safety-alert-351-bsee-identifies-rig-operations-hazards-during-risk-based-inspections,Missing physical document artifact in packaged repository (catalog metadata only),QUARANTINED_UNVERIFIED_ARTIFACT,Download original PDF/HTML from source URL and verify SHA-256,True
EVT-BSEE-0166,Bureau of Safety and Environmental Enforcement (BSEE),SRC-BSEE-0166,https://www.bsee.gov/safety-alerts/safety-alert-350-fires-on-facilities-caused-by-use-of-outdoor-grills,Missing physical document artifact in packaged repository (catalog metadata only),QUARANTINED_UNVERIFIED_ARTIFACT,Download original PDF/HTML from source URL and verify SHA-256,True
EVT-BSEE-0169,Bureau of Safety and Environmental Enforcement (BSEE),SRC-BSEE-0169,https://www.bsee.gov/safety-alerts/safety-alert-347-dropped-riser-joint-nearly-crushes-floorhand,Missing physical document artifact in packaged repository (catalog metadata only),QUARANTINED_UNVERIFIED_ARTIFACT,Download original PDF/HTML from source URL and verify SHA-256,True
EVT-BSEE-0173,Bureau of Safety and Environmental Enforcement (BSEE),SRC-BSEE-0173,https://www.bsee.gov/safety-alerts/safety-alert-343-working-at-heights-near-or-over-water,Missing physical document artifact in packaged repository (catalog metadata only),QUARANTINED_UNVERIFIED_ARTIFACT,Download original PDF/HTML from source URL and verify SHA-256,True
EVT-BSEE-0174,Bureau of Safety and Environmental Enforcement (BSEE),SRC-BSEE-0174,https://www.bsee.gov/safety-alerts/safety-alert-342-hydraulic-boom-cylinder-failures,Missing physical document artifact in packaged repository (catalog metadata only),QUARANTINED_UNVERIFIED_ARTIFACT,Download original PDF/HTML from source URL and verify SHA-256,True
EVT-BSEE-0276,Bureau of Safety and Environmental Enforcement (BSEE),SRC-BSEE-0276,https://www.bsee.gov/safety-alerts/incident-and-investigations/safety-alert-239-casing-bleed-down-into-plastic-drum,Missing physical document artifact in packaged repository (catalog metadata only),QUARANTINED_UNVERIFIED_ARTIFACT,Download original PDF/HTML from source URL and verify SHA-256,True
EVT-BSEE-0277,Bureau of Safety and Environmental Enforcement (BSEE),SRC-BSEE-0277,https://www.bsee.gov/safety-alerts/safety/safety-alert-238-floorhand-crushed-during-a-through-rotary-man-riding-operation,Missing physical document artifact in packaged repository (catalog metadata only),QUARANTINED_UNVERIFIED_ARTIFACT,Download original PDF/HTML from source URL and verify SHA-256,True
EVT-BSEE-0289,Bureau of Safety and Environmental Enforcement (BSEE),SRC-BSEE-0289,https://www.bsee.gov/safety-alerts/safety/safety-alert-230-equipment-failure-on-deepwater-rig-while-running-casing-in,Missing physical document artifact in packaged repository (catalog metadata only),QUARANTINED_UNVERIFIED_ARTIFACT,Download original PDF/HTML from source URL and verify SHA-256,True
EVT-BSEE-0306,Bureau of Safety and Environmental Enforcement (BSEE),SRC-BSEE-0306,https://www.bsee.gov/safety-alerts/safety/safety-alert-213-marine-riser-failure,Missing physical document artifact in packaged repository (catalog metadata only),QUARANTINED_UNVERIFIED_ARTIFACT,Download original PDF/HTML from source URL and verify SHA-256,True
EVT-BSEE-0337,Bureau of Safety and Environmental Enforcement (BSEE),SRC-BSEE-0337,https://www.bsee.gov/safety-alerts/safety/safety-alert-182-post-hurricane-startup-procedures-fail-to-identify-pipeline,Missing physical document artifact in packaged repository (catalog metadata only),QUARANTINED_UNVERIFIED_ARTIFACT,Download original PDF/HTML from source URL and verify SHA-256,True
EVT-BSEE-0341,Bureau of Safety and Environmental Enforcement (BSEE),SRC-BSEE-0341,https://www.bsee.gov/safety-alerts/safety/safety-alert-178-trawl-net-snags-pipeline-resulting-in-oil-spill,Missing physical document artifact in packaged repository (catalog metadata only),QUARANTINED_UNVERIFIED_ARTIFACT,Download original PDF/HTML from source URL and verify SHA-256,True
EVT-BSEE-0342,Bureau of Safety and Environmental Enforcement (BSEE),SRC-BSEE-0342,https://www.bsee.gov/safety-alerts/safety/safety-alert-177-casing-blowdown-accident-and-fatality,Missing physical document artifact in packaged repository (catalog metadata only),QUARANTINED_UNVERIFIED_ARTIFACT,Download original PDF/HTML from source URL and verify SHA-256,True
EVT-BSEE-0354,Bureau of Safety and Environmental Enforcement (BSEE),SRC-BSEE-0354,https://www.bsee.gov/safety-alerts/safety/safety-alert-165-shallow-gas-flows-while-cementing-surface-casing,Missing physical document artifact in packaged repository (catalog metadata only),QUARANTINED_UNVERIFIED_ARTIFACT,Download original PDF/HTML from source URL and verify SHA-256,True
EVT-BSEE-0357,Bureau of Safety and Environmental Enforcement (BSEE),SRC-BSEE-0357,https://www.bsee.gov/safety-alerts/safety/safety-alert-162-accidents-on-the-ocs-involving-drilling-rigs-derrick-barges,Missing physical document artifact in packaged repository (catalog metadata only),QUARANTINED_UNVERIFIED_ARTIFACT,Download original PDF/HTML from source URL and verify SHA-256,True
EVT-BSEE-0359,Bureau of Safety and Environmental Enforcement (BSEE),SRC-BSEE-0359,https://www.bsee.gov/safety-alerts/safety/safety-alert-160-exposed-subsea-valve-assemblies-create-hazards,Missing physical document artifact in packaged repository (catalog metadata only),QUARANTINED_UNVERIFIED_ARTIFACT,Download original PDF/HTML from source URL and verify SHA-256,True
EVT-BSEE-0360,Bureau of Safety and Environmental Enforcement (BSEE),SRC-BSEE-0360,https://www.bsee.gov/safety-alerts/safety/safety-alert-159-welder-burned-in-pipeline-accident,Missing physical document artifact in packaged repository (catalog metadata only),QUARANTINED_UNVERIFIED_ARTIFACT,Download original PDF/HTML from source URL and verify SHA-256,True
EVT-BSEE-0362,Bureau of Safety and Environmental Enforcement (BSEE),SRC-BSEE-0362,https://www.bsee.gov/safety-alerts/safety/safety-alert-157-wireline-accident-involving-the-formation-of-an-ice-plug-in,Missing physical document artifact in packaged repository (catalog metadata only),QUARANTINED_UNVERIFIED_ARTIFACT,Download original PDF/HTML from source URL and verify SHA-256,True
EVT-BSEE-0365,Bureau of Safety and Environmental Enforcement (BSEE),SRC-BSEE-0365,https://www.bsee.gov/safety-alerts/safety/safety-alert-154-flash-fire-during-portable-well-testing-operations,Missing physical document artifact in packaged repository (catalog metadata only),QUARANTINED_UNVERIFIED_ARTIFACT,Download original PDF/HTML from source URL and verify SHA-256,True
EVT-BSEE-0367,Bureau of Safety and Environmental Enforcement (BSEE),SRC-BSEE-0367,https://www.bsee.gov/safety-alerts/safety/safety-alert-152-circulating-with-natural-gas-through-coil-tubing,Missing physical document artifact in packaged repository (catalog metadata only),QUARANTINED_UNVERIFIED_ARTIFACT,Download original PDF/HTML from source URL and verify SHA-256,True
EVT-BSEE-0370,Bureau of Safety and Environmental Enforcement (BSEE),SRC-BSEE-0370,https://www.bsee.gov/safety-alerts/safety/safety-alert-149-compressor-blowdown-leads-to-fire,Missing physical document artifact in packaged repository (catalog metadata only),QUARANTINED_UNVERIFIED_ARTIFACT,Download original PDF/HTML from source URL and verify SHA-256,True
EVT-BSEE-0371,Bureau of Safety and Environmental Enforcement (BSEE),SRC-BSEE-0371,https://www.bsee.gov/safety-alerts/safety/safety-alert-148-pipe-nipple-fatigue-and-inadequate-insulation-cause-compressor,Missing physical document artifact in packaged repository (catalog metadata only),QUARANTINED_UNVERIFIED_ARTIFACT,Download original PDF/HTML from source URL and verify SHA-256,True
EVT-BSEE-0372,Bureau of Safety and Environmental Enforcement (BSEE),SRC-BSEE-0372,https://www.bsee.gov/safety-alerts/safety/safety-alert-147-fire-from-generator-engine-exhaust-leak-igniting-fiberglass,Missing physical document artifact in packaged repository (catalog metadata only),QUARANTINED_UNVERIFIED_ARTIFACT,Download original PDF/HTML from source URL and verify SHA-256,True
EVT-BSEE-0373,Bureau of Safety and Environmental Enforcement (BSEE),SRC-BSEE-0373,https://www.bsee.gov/safety-alerts/safety/safety-alert-146-fire-during-production-equipment-dismantling-operations,Missing physical document artifact in packaged repository (catalog metadata only),QUARANTINED_UNVERIFIED_ARTIFACT,Download original PDF/HTML from source URL and verify SHA-256,True
EVT-BSEE-0374,Bureau of Safety and Environmental Enforcement (BSEE),SRC-BSEE-0374,https://www.bsee.gov/safety-alerts/safety/safety-alert-145-tubing-string-equipment-failure-during-a-plug-and-abandonment,Missing physical document artifact in packaged repository (catalog metadata only),QUARANTINED_UNVERIFIED_ARTIFACT,Download original PDF/HTML from source URL and verify SHA-256,True
EVT-BSEE-0375,Bureau of Safety and Environmental Enforcement (BSEE),SRC-BSEE-0375,https://www.bsee.gov/safety-alerts/safety/safety-alert-144-uncontrolled-shallow-gas-flow,Missing physical document artifact in packaged repository (catalog metadata only),QUARANTINED_UNVERIFIED_ARTIFACT,Download original PDF/HTML from source URL and verify SHA-256,True
EVT-BSEE-0376,Bureau of Safety and Environmental Enforcement (BSEE),SRC-BSEE-0376,https://www.bsee.gov/safety-alerts/safety/safety-alert-143-compressor-fire-during-maintenance-operation,Missing physical document artifact in packaged repository (catalog metadata only),QUARANTINED_UNVERIFIED_ARTIFACT,Download original PDF/HTML from source URL and verify SHA-256,True
EVT-BSEE-0377,Bureau of Safety and Environmental Enforcement (BSEE),SRC-BSEE-0377,https://www.bsee.gov/safety-alerts/safety/safety-alert-142-pollution-because-of-failure-of-level-safety-high-sensor-and,Missing physical document artifact in packaged repository (catalog metadata only),QUARANTINED_UNVERIFIED_ARTIFACT,Download original PDF/HTML from source URL and verify SHA-256,True
EVT-BSEE-0378,Bureau of Safety and Environmental Enforcement (BSEE),SRC-BSEE-0378,https://www.bsee.gov/safety-alerts/safety/safety-alert-141-fire-in-rental-generator-on-production-platform,Missing physical document artifact in packaged repository (catalog metadata only),QUARANTINED_UNVERIFIED_ARTIFACT,Download original PDF/HTML from source URL and verify SHA-256,True
EVT-BSEE-0379,Bureau of Safety and Environmental Enforcement (BSEE),SRC-BSEE-0379,https://www.bsee.gov/safety-alerts/safety/safety-alert-140-uncontrolled-well-flow-and-pollution-during-workover,Missing physical document artifact in packaged repository (catalog metadata only),QUARANTINED_UNVERIFIED_ARTIFACT,Download original PDF/HTML from source URL and verify SHA-256,True
EVT-BSEE-0380,Bureau of Safety and Environmental Enforcement (BSEE),SRC-BSEE-0380,https://www.bsee.gov/safety-alerts/safety/safety-alert-139-pollution-from-production-operations-due-to-rupture-disc,Missing physical document artifact in packaged repository (catalog metadata only),QUARANTINED_UNVERIFIED_ARTIFACT,Download original PDF/HTML from source URL and verify SHA-256,True
EVT-BSEE-0381,Bureau of Safety and Environmental Enforcement (BSEE),SRC-BSEE-0381,https://www.bsee.gov/safety-alerts/safety/safety-alert-138-fire-and-injury-during-welding-operations-in-derrick,Missing physical document artifact in packaged repository (catalog metadata only),QUARANTINED_UNVERIFIED_ARTIFACT,Download original PDF/HTML from source URL and verify SHA-256,True
EVT-BSEE-0382,Bureau of Safety and Environmental Enforcement (BSEE),SRC-BSEE-0382,https://www.bsee.gov/safety-alerts/safety/safety-alert-137-personal-injury-during-well-test,Missing physical document artifact in packaged repository (catalog metadata only),QUARANTINED_UNVERIFIED_ARTIFACT,Download original PDF/HTML from source URL and verify SHA-256,True
EVT-BSEE-0383,Bureau of Safety and Environmental Enforcement (BSEE),SRC-BSEE-0383,https://www.bsee.gov/safety-alerts/safety/safety-alert-136-air-volume-tank-explosion,Missing physical document artifact in packaged repository (catalog metadata only),QUARANTINED_UNVERIFIED_ARTIFACT,Download original PDF/HTML from source URL and verify SHA-256,True
EVT-BSEE-0384,Bureau of Safety and Environmental Enforcement (BSEE),SRC-BSEE-0384,https://www.bsee.gov/safety-alerts/safety/safety-alert-135-pollution-from-diesel-fuel-tank-transfer,Missing physical document artifact in packaged repository (catalog metadata only),QUARANTINED_UNVERIFIED_ARTIFACT,Download original PDF/HTML from source URL and verify SHA-256,True
EVT-BSEE-0385,Bureau of Safety and Environmental Enforcement (BSEE),SRC-BSEE-0385,https://www.bsee.gov/safety-alerts/safety/safety-alert-134-pipeline-pump-fire,Missing physical document artifact in packaged repository (catalog metadata only),QUARANTINED_UNVERIFIED_ARTIFACT,Download original PDF/HTML from source URL and verify SHA-256,True
EVT-BSEE-0386,Bureau of Safety and Environmental Enforcement (BSEE),SRC-BSEE-0386,https://www.bsee.gov/safety-alerts/safety/safety-alert-133-degreaser-fire,Missing physical document artifact in packaged repository (catalog metadata only),QUARANTINED_UNVERIFIED_ARTIFACT,Download original PDF/HTML from source URL and verify SHA-256,True
EVT-BSEE-0387,Bureau of Safety and Environmental Enforcement (BSEE),SRC-BSEE-0387,https://www.bsee.gov/safety-alerts/safety/safety-alert-132-supply-gas-fire,Missing physical document artifact in packaged repository (catalog metadata only),QUARANTINED_UNVERIFIED_ARTIFACT,Download original PDF/HTML from source URL and verify SHA-256,True
EVT-BSEE-0388,Bureau of Safety and Environmental Enforcement (BSEE),SRC-BSEE-0388,https://www.bsee.gov/safety-alerts/safety/safety-alert-131-pollution,Missing physical document artifact in packaged repository (catalog metadata only),QUARANTINED_UNVERIFIED_ARTIFACT,Download original PDF/HTML from source URL and verify SHA-256,True
EVT-BSEE-0389,Bureau of Safety and Environmental Enforcement (BSEE),SRC-BSEE-0389,https://www.bsee.gov/safety-alerts/safety/safety-alert-130-fire,Missing physical document artifact in packaged repository (catalog metadata only),QUARANTINED_UNVERIFIED_ARTIFACT,Download original PDF/HTML from source URL and verify SHA-256,True
EVT-BSEE-0390,Bureau of Safety and Environmental Enforcement (BSEE),SRC-BSEE-0390,https://www.bsee.gov/safety-alerts/safety/safety-alert-129-welding-explosion-and-injury,Missing physical document artifact in packaged repository (catalog metadata only),QUARANTINED_UNVERIFIED_ARTIFACT,Download original PDF/HTML from source URL and verify SHA-256,True
EVT-BSEE-0391,Bureau of Safety and Environmental Enforcement (BSEE),SRC-BSEE-0391,https://www.bsee.gov/safety-alerts/safety/safety-alert-128-platform-fire,Missing physical document artifact in packaged repository (catalog metadata only),QUARANTINED_UNVERIFIED_ARTIFACT,Download original PDF/HTML from source URL and verify SHA-256,True
EVT-BSEE-0392,Bureau of Safety and Environmental Enforcement (BSEE),SRC-BSEE-0392,https://www.bsee.gov/safety-alerts/blowout-prevention/safety-alert-127-injury-while-retesting-blowout-preventers,Missing physical document artifact in packaged repository (catalog metadata only),QUARANTINED_UNVERIFIED_ARTIFACT,Download original PDF/HTML from source URL and verify SHA-256,True
EVT-BSEE-0393,Bureau of Safety and Environmental Enforcement (BSEE),SRC-BSEE-0393,https://www.bsee.gov/safety-alerts/safety/safety-alert-126-weldingburning-accidents,Missing physical document artifact in packaged repository (catalog metadata only),QUARANTINED_UNVERIFIED_ARTIFACT,Download original PDF/HTML from source URL and verify SHA-256,True
EVT-BSEE-0394,Bureau of Safety and Environmental Enforcement (BSEE),SRC-BSEE-0394,https://www.bsee.gov/safety-alerts/safety/safety-alert-125-crane-accidents,Missing physical document artifact in packaged repository (catalog metadata only),QUARANTINED_UNVERIFIED_ARTIFACT,Download original PDF/HTML from source URL and verify SHA-256,True
EVT-BSEE-0395,Bureau of Safety and Environmental Enforcement (BSEE),SRC-BSEE-0395,https://www.bsee.gov/safety-alerts/safety/safety-alert-124-pedestal-crane-boom-wire-rope-failure,Missing physical document artifact in packaged repository (catalog metadata only),QUARANTINED_UNVERIFIED_ARTIFACT,Download original PDF/HTML from source URL and verify SHA-256,True
EVT-BSEE-0396,Bureau of Safety and Environmental Enforcement (BSEE),SRC-BSEE-0396,https://www.bsee.gov/safety-alerts/blowout-prevention/safety-alert-123-shallow-gas-blowout,Missing physical document artifact in packaged repository (catalog metadata only),QUARANTINED_UNVERIFIED_ARTIFACT,Download original PDF/HTML from source URL and verify SHA-256,True
EVT-BSEE-0397,Bureau of Safety and Environmental Enforcement (BSEE),SRC-BSEE-0397,https://www.bsee.gov/safety-alerts/safety/safety-alert-122-injury-due-to-failure-to-coordinate-activities,Missing physical document artifact in packaged repository (catalog metadata only),QUARANTINED_UNVERIFIED_ARTIFACT,Download original PDF/HTML from source URL and verify SHA-256,True
EVT-BSEE-0398,Bureau of Safety and Environmental Enforcement (BSEE),SRC-BSEE-0398,https://www.bsee.gov/safety-alerts/safety/safety-alert-121-injury-during-cementing-operations,Missing physical document artifact in packaged repository (catalog metadata only),QUARANTINED_UNVERIFIED_ARTIFACT,Download original PDF/HTML from source URL and verify SHA-256,True
EVT-BSEE-0399,Bureau of Safety and Environmental Enforcement (BSEE),SRC-BSEE-0399,https://www.bsee.gov/safety-alerts/safety/safety-alert-120-fire-during-turbine-compressor-start-up,Missing physical document artifact in packaged repository (catalog metadata only),QUARANTINED_UNVERIFIED_ARTIFACT,Download original PDF/HTML from source URL and verify SHA-256,True
EVT-BSEE-0400,Bureau of Safety and Environmental Enforcement (BSEE),SRC-BSEE-0400,https://www.bsee.gov/safety-alerts/safety/safety-alert-119-successful-diverter-system-operation-to-control-shallow-gas,Missing physical document artifact in packaged repository (catalog metadata only),QUARANTINED_UNVERIFIED_ARTIFACT,Download original PDF/HTML from source URL and verify SHA-256,True
EVT-BSEE-0401,Bureau of Safety and Environmental Enforcement (BSEE),SRC-BSEE-0401,https://www.bsee.gov/safety-alerts/safety/safety-alert-118-prohibited-use-of-polychlorinated-biphenyls-pcbs,Missing physical document artifact in packaged repository (catalog metadata only),QUARANTINED_UNVERIFIED_ARTIFACT,Download original PDF/HTML from source URL and verify SHA-256,True
EVT-BSEE-0402,Bureau of Safety and Environmental Enforcement (BSEE),SRC-BSEE-0402,https://www.bsee.gov/safety-alerts/safety/safety-alert-117-fatality-while-testing-gas-turbine-meter,Missing physical document artifact in packaged repository (catalog metadata only),QUARANTINED_UNVERIFIED_ARTIFACT,Download original PDF/HTML from source URL and verify SHA-256,True
EVT-BSEE-0403,Bureau of Safety and Environmental Enforcement (BSEE),SRC-BSEE-0403,https://www.bsee.gov/safety-alerts/safety/safety-alert-116-fire-while-starting-diesel-engine-with-gas-driven-engine,Missing physical document artifact in packaged repository (catalog metadata only),QUARANTINED_UNVERIFIED_ARTIFACT,Download original PDF/HTML from source URL and verify SHA-256,True
EVT-BSEE-0404,Bureau of Safety and Environmental Enforcement (BSEE),SRC-BSEE-0404,https://www.bsee.gov/safety-alerts/safety/safety-alert-115-fire,Missing physical document artifact in packaged repository (catalog metadata only),QUARANTINED_UNVERIFIED_ARTIFACT,Download original PDF/HTML from source URL and verify SHA-256,True
EVT-BSEE-0405,Bureau of Safety and Environmental Enforcement (BSEE),SRC-BSEE-0405,https://www.bsee.gov/safety-alerts/safety/safety-alert-114-fire,Missing physical document artifact in packaged repository (catalog metadata only),QUARANTINED_UNVERIFIED_ARTIFACT,Download original PDF/HTML from source URL and verify SHA-256,True
EVT-BSEE-0406,Bureau of Safety and Environmental Enforcement (BSEE),SRC-BSEE-0406,https://www.bsee.gov/safety-alerts/safety/safety-alert-113-fire,Missing physical document artifact in packaged repository (catalog metadata only),QUARANTINED_UNVERIFIED_ARTIFACT,Download original PDF/HTML from source URL and verify SHA-256,True
EVT-BSEE-0407,Bureau of Safety and Environmental Enforcement (BSEE),SRC-BSEE-0407,https://www.bsee.gov/safety-alerts/safety/safety-alert-112-fire,Missing physical document artifact in packaged repository (catalog metadata only),QUARANTINED_UNVERIFIED_ARTIFACT,Download original PDF/HTML from source URL and verify SHA-256,True
EVT-BSEE-0408,Bureau of Safety and Environmental Enforcement (BSEE),SRC-BSEE-0408,https://www.bsee.gov/safety-alerts/safety/safety-alert-111-blowout-and-fire,Missing physical document artifact in packaged repository (catalog metadata only),QUARANTINED_UNVERIFIED_ARTIFACT,Download original PDF/HTML from source URL and verify SHA-256,True
EVT-BSEE-0409,Bureau of Safety and Environmental Enforcement (BSEE),SRC-BSEE-0409,https://www.bsee.gov/safety-alerts/safety/safety-alert-110-fire,Missing physical document artifact in packaged repository (catalog metadata only),QUARANTINED_UNVERIFIED_ARTIFACT,Download original PDF/HTML from source URL and verify SHA-256,True
EVT-BSEE-0410,Bureau of Safety and Environmental Enforcement (BSEE),SRC-BSEE-0410,https://www.bsee.gov/safety-alerts/safety/safety-alert-109-fire,Missing physical document artifact in packaged repository (catalog metadata only),QUARANTINED_UNVERIFIED_ARTIFACT,Download original PDF/HTML from source URL and verify SHA-256,True
EVT-BSEE-0411,Bureau of Safety and Environmental Enforcement (BSEE),SRC-BSEE-0411,https://www.bsee.gov/safety-alerts/safety/safety-alert-108-explosion-and-fire,Missing physical document artifact in packaged repository (catalog metadata only),QUARANTINED_UNVERIFIED_ARTIFACT,Download original PDF/HTML from source URL and verify SHA-256,True
EVT-BSEE-0412,Bureau of Safety and Environmental Enforcement (BSEE),SRC-BSEE-0412,https://www.bsee.gov/safety-alerts/safety/safety-alert-107-fire,Missing physical document artifact in packaged repository (catalog metadata only),QUARANTINED_UNVERIFIED_ARTIFACT,Download original PDF/HTML from source URL and verify SHA-256,True
EVT-BSEE-0413,Bureau of Safety and Environmental Enforcement (BSEE),SRC-BSEE-0413,https://www.bsee.gov/safety-alerts/blowout-prevention/safety-alert-106-blowout,Missing physical document artifact in packaged repository (catalog metadata only),QUARANTINED_UNVERIFIED_ARTIFACT,Download original PDF/HTML from source URL and verify SHA-256,True
EVT-BSEE-0414,Bureau of Safety and Environmental Enforcement (BSEE),SRC-BSEE-0414,https://www.bsee.gov/safety-alerts/safety/safety-alert-105-welding-accident,Missing physical document artifact in packaged repository (catalog metadata only),QUARANTINED_UNVERIFIED_ARTIFACT,Download original PDF/HTML from source URL and verify SHA-256,True
EVT-BSEE-0415,Bureau of Safety and Environmental Enforcement (BSEE),SRC-BSEE-0415,https://www.bsee.gov/safety-alerts/safety/safety-alert-104-crane-accident,Missing physical document artifact in packaged repository (catalog metadata only),QUARANTINED_UNVERIFIED_ARTIFACT,Download original PDF/HTML from source URL and verify SHA-256,True
EVT-BSEE-0416,Bureau of Safety and Environmental Enforcement (BSEE),SRC-BSEE-0416,https://www.bsee.gov/safety-alerts/blowout-prevention/safety-alert-103-blowout,Missing physical document artifact in packaged repository (catalog metadata only),QUARANTINED_UNVERIFIED_ARTIFACT,Download original PDF/HTML from source URL and verify SHA-256,True
EVT-BSEE-0417,Bureau of Safety and Environmental Enforcement (BSEE),SRC-BSEE-0417,https://www.bsee.gov/safety-alerts/safety/safety-alert-102-fire,Missing physical document artifact in packaged repository (catalog metadata only),QUARANTINED_UNVERIFIED_ARTIFACT,Download original PDF/HTML from source URL and verify SHA-256,True
EVT-BSEE-0418,Bureau of Safety and Environmental Enforcement (BSEE),SRC-BSEE-0418,https://www.bsee.gov/safety-alerts/safety/safety-alert-101-explosion,Missing physical document artifact in packaged repository (catalog metadata only),QUARANTINED_UNVERIFIED_ARTIFACT,Download original PDF/HTML from source URL and verify SHA-256,True
EVT-BSEE-0419,Bureau of Safety and Environmental Enforcement (BSEE),SRC-BSEE-0419,https://www.bsee.gov/safety-alerts/safety/safety-alert-100-explosion-fire,Missing physical document artifact in packaged repository (catalog metadata only),QUARANTINED_UNVERIFIED_ARTIFACT,Download original PDF/HTML from source URL and verify SHA-256,True
EVT-BSEE-0420,Bureau of Safety and Environmental Enforcement (BSEE),SRC-BSEE-0420,https://www.bsee.gov/safety-alerts/incident-and-investigations/safety-alert-99-construction-accident-fatality,Missing physical document artifact in packaged repository (catalog metadata only),QUARANTINED_UNVERIFIED_ARTIFACT,Download original PDF/HTML from source URL and verify SHA-256,True
EVT-BSEE-0421,Bureau of Safety and Environmental Enforcement (BSEE),SRC-BSEE-0421,https://www.bsee.gov/safety-alerts/safety/safety-alert-98-flash-fire,Missing physical document artifact in packaged repository (catalog metadata only),QUARANTINED_UNVERIFIED_ARTIFACT,Download original PDF/HTML from source URL and verify SHA-256,True
EVT-BSEE-0422,Bureau of Safety and Environmental Enforcement (BSEE),SRC-BSEE-0422,https://www.bsee.gov/safety-alerts/safety-alert-97-welding-fire,Missing physical document artifact in packaged repository (catalog metadata only),QUARANTINED_UNVERIFIED_ARTIFACT,Download original PDF/HTML from source URL and verify SHA-256,True
EVT-BSEE-0423,Bureau of Safety and Environmental Enforcement (BSEE),SRC-BSEE-0423,https://www.bsee.gov/safety-alerts/incident-and-investigations/safety-alert-96-crane-accident,Missing physical document artifact in packaged repository (catalog metadata only),QUARANTINED_UNVERIFIED_ARTIFACT,Download original PDF/HTML from source URL and verify SHA-256,True
EVT-BSEE-0424,Bureau of Safety and Environmental Enforcement (BSEE),SRC-BSEE-0424,https://www.bsee.gov/safety-alerts/incident-and-investigations/safety-alert-95-crane-accident-fatality,Missing physical document artifact in packaged repository (catalog metadata only),QUARANTINED_UNVERIFIED_ARTIFACT,Download original PDF/HTML from source URL and verify SHA-256,True
EVT-BSEE-0425,Bureau of Safety and Environmental Enforcement (BSEE),SRC-BSEE-0425,https://www.bsee.gov/safety-alerts/incident-and-investigations/safety-alert-94-pig-trap-ruptures,Missing physical document artifact in packaged repository (catalog metadata only),QUARANTINED_UNVERIFIED_ARTIFACT,Download original PDF/HTML from source URL and verify SHA-256,True
EVT-BSEE-0426,Bureau of Safety and Environmental Enforcement (BSEE),SRC-BSEE-0426,https://www.bsee.gov/safety-alerts/incident-and-investigations/safety-alert-93-flowline-parts-injury,Missing physical document artifact in packaged repository (catalog metadata only),QUARANTINED_UNVERIFIED_ARTIFACT,Download original PDF/HTML from source URL and verify SHA-256,True
EVT-BSEE-0427,Bureau of Safety and Environmental Enforcement (BSEE),SRC-BSEE-0427,https://www.bsee.gov/safety-alerts/incident-and-investigations/safety-alert-92-testing-of-subsurface-safety-valves,Missing physical document artifact in packaged repository (catalog metadata only),QUARANTINED_UNVERIFIED_ARTIFACT,Download original PDF/HTML from source URL and verify SHA-256,True
EVT-BSEE-0428,Bureau of Safety and Environmental Enforcement (BSEE),SRC-BSEE-0428,https://www.bsee.gov/safety-alerts/incident-and-investigations/safety-alert-91-fall-fatality,Missing physical document artifact in packaged repository (catalog metadata only),QUARANTINED_UNVERIFIED_ARTIFACT,Download original PDF/HTML from source URL and verify SHA-256,True
EVT-BSEE-0429,Bureau of Safety and Environmental Enforcement (BSEE),SRC-BSEE-0429,https://www.bsee.gov/safety-alerts/incident-and-investigations/safety-alert-90-hose-ruptures-fatality,Missing physical document artifact in packaged repository (catalog metadata only),QUARANTINED_UNVERIFIED_ARTIFACT,Download original PDF/HTML from source URL and verify SHA-256,True
EVT-BSEE-0430,Bureau of Safety and Environmental Enforcement (BSEE),SRC-BSEE-0430,https://www.bsee.gov/safety-alerts/incident-and-investigations/safety-alert-89-blowout-and-fire-8-fatalities,Missing physical document artifact in packaged repository (catalog metadata only),QUARANTINED_UNVERIFIED_ARTIFACT,Download original PDF/HTML from source URL and verify SHA-256,True
EVT-BSEE-0431,Bureau of Safety and Environmental Enforcement (BSEE),SRC-BSEE-0431,https://www.bsee.gov/safety-alerts/incident-and-investigations/safety-alert-88-fire-men-burned,Missing physical document artifact in packaged repository (catalog metadata only),QUARANTINED_UNVERIFIED_ARTIFACT,Download original PDF/HTML from source URL and verify SHA-256,True
EVT-BSEE-0432,Bureau of Safety and Environmental Enforcement (BSEE),SRC-BSEE-0432,https://www.bsee.gov/safety-alerts/safety/safety-alert-87-oil-spill,Missing physical document artifact in packaged repository (catalog metadata only),QUARANTINED_UNVERIFIED_ARTIFACT,Download original PDF/HTML from source URL and verify SHA-256,True
EVT-BSEE-0433,Bureau of Safety and Environmental Enforcement (BSEE),SRC-BSEE-0433,https://www.bsee.gov/safety-alerts/incident-and-investigations/safety-alert-86-fatality,Missing physical document artifact in packaged repository (catalog metadata only),QUARANTINED_UNVERIFIED_ARTIFACT,Download original PDF/HTML from source URL and verify SHA-256,True
EVT-BSEE-0434,Bureau of Safety and Environmental Enforcement (BSEE),SRC-BSEE-0434,https://www.bsee.gov/safety-alerts/news-item/safety-alert-86-stabbing-board-struck-by-travelling-block,Missing physical document artifact in packaged repository (catalog metadata only),QUARANTINED_UNVERIFIED_ARTIFACT,Download original PDF/HTML from source URL and verify SHA-256,True
EVT-BSEE-0435,Bureau of Safety and Environmental Enforcement (BSEE),SRC-BSEE-0435,https://www.bsee.gov/safety-alerts/incident-and-investigations/safety-alert-85-fire-two-fatalities,Missing physical document artifact in packaged repository (catalog metadata only),QUARANTINED_UNVERIFIED_ARTIFACT,Download original PDF/HTML from source URL and verify SHA-256,True
EVT-BSEE-0436,Bureau of Safety and Environmental Enforcement (BSEE),SRC-BSEE-0436,https://www.bsee.gov/safety-alerts/incident-and-investigations/safety-alert-84-fatality,Missing physical document artifact in packaged repository (catalog metadata only),QUARANTINED_UNVERIFIED_ARTIFACT,Download original PDF/HTML from source URL and verify SHA-256,True
EVT-BSEE-0437,Bureau of Safety and Environmental Enforcement (BSEE),SRC-BSEE-0437,https://www.bsee.gov/safety-alerts/incident-and-investigations/safety-alert-83-fire-oil-sprays-from-valve,Missing physical document artifact in packaged repository (catalog metadata only),QUARANTINED_UNVERIFIED_ARTIFACT,Download original PDF/HTML from source URL and verify SHA-256,True
EVT-BSEE-0438,Bureau of Safety and Environmental Enforcement (BSEE),SRC-BSEE-0438,https://www.bsee.gov/safety-alerts/incident-and-investigations/safety-alert-82-compressor-fires,Missing physical document artifact in packaged repository (catalog metadata only),QUARANTINED_UNVERIFIED_ARTIFACT,Download original PDF/HTML from source URL and verify SHA-256,True
EVT-BSEE-0439,Bureau of Safety and Environmental Enforcement (BSEE),SRC-BSEE-0439,https://www.bsee.gov/safety-alerts/incident-and-investigations/safety-alert-81-blowout,Missing physical document artifact in packaged repository (catalog metadata only),QUARANTINED_UNVERIFIED_ARTIFACT,Download original PDF/HTML from source URL and verify SHA-256,True
EVT-BSEE-0440,Bureau of Safety and Environmental Enforcement (BSEE),SRC-BSEE-0440,https://www.bsee.gov/safety-alerts/incident-and-investigations/safety-alert-80-gas-fire-extensive-platform-damage,Missing physical document artifact in packaged repository (catalog metadata only),QUARANTINED_UNVERIFIED_ARTIFACT,Download original PDF/HTML from source URL and verify SHA-256,True
EVT-BSEE-0441,Bureau of Safety and Environmental Enforcement (BSEE),SRC-BSEE-0441,https://www.bsee.gov/safety-alerts/safety/safety-alert-79-fatality-and-injury-crane-accident,Missing physical document artifact in packaged repository (catalog metadata only),QUARANTINED_UNVERIFIED_ARTIFACT,Download original PDF/HTML from source URL and verify SHA-256,True
EVT-BSEE-0442,Bureau of Safety and Environmental Enforcement (BSEE),SRC-BSEE-0442,https://www.bsee.gov/safety-alerts/incident-and-investigations/safety-alert-78-explosion-and-fire,Missing physical document artifact in packaged repository (catalog metadata only),QUARANTINED_UNVERIFIED_ARTIFACT,Download original PDF/HTML from source URL and verify SHA-256,True
EVT-BSEE-0443,Bureau of Safety and Environmental Enforcement (BSEE),SRC-BSEE-0443,https://www.bsee.gov/safety-alerts/safety/safety-alert-77-fire-generator-building,Missing physical document artifact in packaged repository (catalog metadata only),QUARANTINED_UNVERIFIED_ARTIFACT,Download original PDF/HTML from source URL and verify SHA-256,True
EVT-BSEE-0444,Bureau of Safety and Environmental Enforcement (BSEE),SRC-BSEE-0444,https://www.bsee.gov/safety-alerts/incident-and-investigations/safety-alert-76-injury-glass-liquid-level-gauge-ruptures,Missing physical document artifact in packaged repository (catalog metadata only),QUARANTINED_UNVERIFIED_ARTIFACT,Download original PDF/HTML from source URL and verify SHA-256,True
EVT-BSEE-0445,Bureau of Safety and Environmental Enforcement (BSEE),SRC-BSEE-0445,https://www.bsee.gov/safety-alerts/incident-and-investigations/safety-alert-075-helicopter-crashes-17-fatalities,Missing physical document artifact in packaged repository (catalog metadata only),QUARANTINED_UNVERIFIED_ARTIFACT,Download original PDF/HTML from source URL and verify SHA-256,True
EVT-BSEE-0446,Bureau of Safety and Environmental Enforcement (BSEE),SRC-BSEE-0446,https://www.bsee.gov/safety-alerts/incident-and-investigations/safety-alert-74-oil-spill-transfer-hose-a-reissuance,Missing physical document artifact in packaged repository (catalog metadata only),QUARANTINED_UNVERIFIED_ARTIFACT,Download original PDF/HTML from source URL and verify SHA-256,True
EVT-BSEE-0447,Bureau of Safety and Environmental Enforcement (BSEE),SRC-BSEE-0447,https://www.bsee.gov/safety-alerts/incident-and-investigations/safety-alert-73-gas-leak-from-subsea-bop-stack-while,Missing physical document artifact in packaged repository (catalog metadata only),QUARANTINED_UNVERIFIED_ARTIFACT,Download original PDF/HTML from source URL and verify SHA-256,True
EVT-BSEE-0448,Bureau of Safety and Environmental Enforcement (BSEE),SRC-BSEE-0448,https://www.bsee.gov/safety-alerts/safety/safety-alert-72-explosion-fire,Missing physical document artifact in packaged repository (catalog metadata only),QUARANTINED_UNVERIFIED_ARTIFACT,Download original PDF/HTML from source URL and verify SHA-256,True
EVT-BSEE-0449,Bureau of Safety and Environmental Enforcement (BSEE),SRC-BSEE-0449,https://www.bsee.gov/safety-alerts/incident-and-investigations/safety-alert-71-fire-boiler-ignited,Missing physical document artifact in packaged repository (catalog metadata only),QUARANTINED_UNVERIFIED_ARTIFACT,Download original PDF/HTML from source URL and verify SHA-256,True
EVT-BSEE-0450,Bureau of Safety and Environmental Enforcement (BSEE),SRC-BSEE-0450,https://www.bsee.gov/safety-alerts/incident-and-investigations/safety-alert-70-blowout-during-workover,Missing physical document artifact in packaged repository (catalog metadata only),QUARANTINED_UNVERIFIED_ARTIFACT,Download original PDF/HTML from source URL and verify SHA-256,True
EVT-BSEE-0451,Bureau of Safety and Environmental Enforcement (BSEE),SRC-BSEE-0451,https://www.bsee.gov/safety-alerts/incident-and-investigations/safety-alert-69-blowout-platform-loss,Missing physical document artifact in packaged repository (catalog metadata only),QUARANTINED_UNVERIFIED_ARTIFACT,Download original PDF/HTML from source URL and verify SHA-256,True
EVT-BSEE-0452,Bureau of Safety and Environmental Enforcement (BSEE),SRC-BSEE-0452,https://www.bsee.gov/safety-alerts/incident-and-investigations/safety-alert-68-explosion,Missing physical document artifact in packaged repository (catalog metadata only),QUARANTINED_UNVERIFIED_ARTIFACT,Download original PDF/HTML from source URL and verify SHA-256,True
EVT-BSEE-0453,Bureau of Safety and Environmental Enforcement (BSEE),SRC-BSEE-0453,https://www.bsee.gov/safety-alerts/incident-and-investigations/safety-alert-67-fatality,Missing physical document artifact in packaged repository (catalog metadata only),QUARANTINED_UNVERIFIED_ARTIFACT,Download original PDF/HTML from source URL and verify SHA-256,True
EVT-BSEE-0454,Bureau of Safety and Environmental Enforcement (BSEE),SRC-BSEE-0454,https://www.bsee.gov/safety-alerts/incident-and-investigations/safety-alert-66-blowouts-from-surface-casing-conductor,Missing physical document artifact in packaged repository (catalog metadata only),QUARANTINED_UNVERIFIED_ARTIFACT,Download original PDF/HTML from source URL and verify SHA-256,True
EVT-BSEE-0455,Bureau of Safety and Environmental Enforcement (BSEE),SRC-BSEE-0455,https://www.bsee.gov/safety-alerts/incident-and-investigations/safety-alert-65-fatality-crane-accident,Missing physical document artifact in packaged repository (catalog metadata only),QUARANTINED_UNVERIFIED_ARTIFACT,Download original PDF/HTML from source URL and verify SHA-256,True
EVT-BSEE-0456,Bureau of Safety and Environmental Enforcement (BSEE),SRC-BSEE-0456,https://www.bsee.gov/safety-alerts/safety/safety-alert-64-uncontrolled-gas-flow,Missing physical document artifact in packaged repository (catalog metadata only),QUARANTINED_UNVERIFIED_ARTIFACT,Download original PDF/HTML from source URL and verify SHA-256,True
EVT-BSEE-0457,Bureau of Safety and Environmental Enforcement (BSEE),SRC-BSEE-0457,https://www.bsee.gov/safety-alerts/safety/safety-alert-63-oil-spill-fuel-transfer-hose-broke,Missing physical document artifact in packaged repository (catalog metadata only),QUARANTINED_UNVERIFIED_ARTIFACT,Download original PDF/HTML from source URL and verify SHA-256,True
EVT-BSEE-0458,Bureau of Safety and Environmental Enforcement (BSEE),SRC-BSEE-0458,https://www.bsee.gov/safety-alerts/incident-and-investigations/safety-alert-62-snubbing-operations-fire-man-burned,Missing physical document artifact in packaged repository (catalog metadata only),QUARANTINED_UNVERIFIED_ARTIFACT,Download original PDF/HTML from source URL and verify SHA-256,True
EVT-BSEE-0459,Bureau of Safety and Environmental Enforcement (BSEE),SRC-BSEE-0459,https://www.bsee.gov/safety-alerts/safety/safety-alert-61-explosion-fire,Missing physical document artifact in packaged repository (catalog metadata only),QUARANTINED_UNVERIFIED_ARTIFACT,Download original PDF/HTML from source URL and verify SHA-256,True
EVT-BSEE-0460,Bureau of Safety and Environmental Enforcement (BSEE),SRC-BSEE-0460,https://www.bsee.gov/safety-alerts/safety/safety-alert-60-gas-starter-fire-man-burned,Missing physical document artifact in packaged repository (catalog metadata only),QUARANTINED_UNVERIFIED_ARTIFACT,Download original PDF/HTML from source URL and verify SHA-256,True
EVT-BSEE-0461,Bureau of Safety and Environmental Enforcement (BSEE),SRC-BSEE-0461,https://www.bsee.gov/safety-alerts/incident-and-investigations/safety-alert-59-compressor-explosion,Missing physical document artifact in packaged repository (catalog metadata only),QUARANTINED_UNVERIFIED_ARTIFACT,Download original PDF/HTML from source URL and verify SHA-256,True
EVT-BSEE-0462,Bureau of Safety and Environmental Enforcement (BSEE),SRC-BSEE-0462,https://www.bsee.gov/safety-alerts/safety/safety-alert-58-fatality-stabbing-board-falls,Missing physical document artifact in packaged repository (catalog metadata only),QUARANTINED_UNVERIFIED_ARTIFACT,Download original PDF/HTML from source URL and verify SHA-256,True
EVT-BSEE-0464,Bureau of Safety and Environmental Enforcement (BSEE),SRC-BSEE-0464,https://www.bsee.gov/safety-alerts/incident-and-investigations/safety-alert-57-fatality-crane-accident,Missing physical document artifact in packaged repository (catalog metadata only),QUARANTINED_UNVERIFIED_ARTIFACT,Download original PDF/HTML from source URL and verify SHA-256,True
EVT-BSEE-0465,Bureau of Safety and Environmental Enforcement (BSEE),SRC-BSEE-0465,https://www.bsee.gov/safety-alerts/inspection-and-enforcement/safety-alert-56-fire-glycol-ignited,Missing physical document artifact in packaged repository (catalog metadata only),QUARANTINED_UNVERIFIED_ARTIFACT,Download original PDF/HTML from source URL and verify SHA-256,True
EVT-BSEE-0466,Bureau of Safety and Environmental Enforcement (BSEE),SRC-BSEE-0466,https://www.bsee.gov/safety-alerts/incident-and-investigations/safety-alert-55-safety-equipment-failure,Missing physical document artifact in packaged repository (catalog metadata only),QUARANTINED_UNVERIFIED_ARTIFACT,Download original PDF/HTML from source URL and verify SHA-256,True
EVT-BSEE-0467,Bureau of Safety and Environmental Enforcement (BSEE),SRC-BSEE-0467,https://www.bsee.gov/safety-alerts/safety/safety-alert-54-welding-fire,Missing physical document artifact in packaged repository (catalog metadata only),QUARANTINED_UNVERIFIED_ARTIFACT,Download original PDF/HTML from source URL and verify SHA-256,True
EVT-BSEE-0468,Bureau of Safety and Environmental Enforcement (BSEE),SRC-BSEE-0468,https://www.bsee.gov/safety-alerts/inspection-and-enforcement/safety-alert-54-venoco-inc-platforms-gail-and-grace,Missing physical document artifact in packaged repository (catalog metadata only),QUARANTINED_UNVERIFIED_ARTIFACT,Download original PDF/HTML from source URL and verify SHA-256,True
EVT-BSEE-0469,Bureau of Safety and Environmental Enforcement (BSEE),SRC-BSEE-0469,https://www.bsee.gov/safety-alerts/incident-and-investigations/safety-alert-53-compressor-explosion,Missing physical document artifact in packaged repository (catalog metadata only),QUARANTINED_UNVERIFIED_ARTIFACT,Download original PDF/HTML from source URL and verify SHA-256,True
EVT-BSEE-0470,Bureau of Safety and Environmental Enforcement (BSEE),SRC-BSEE-0470,https://www.bsee.gov/safety-alerts/safety/safety-alert-52-fire-fuel-hose-ruptured,Missing physical document artifact in packaged repository (catalog metadata only),QUARANTINED_UNVERIFIED_ARTIFACT,Download original PDF/HTML from source URL and verify SHA-256,True
EVT-BSEE-0471,Bureau of Safety and Environmental Enforcement (BSEE),SRC-BSEE-0471,https://www.bsee.gov/safety-alerts/safety/safety-alert-51-fatality-falling-object,Missing physical document artifact in packaged repository (catalog metadata only),QUARANTINED_UNVERIFIED_ARTIFACT,Download original PDF/HTML from source URL and verify SHA-256,True
EVT-BSEE-0472,Bureau of Safety and Environmental Enforcement (BSEE),SRC-BSEE-0472,https://www.bsee.gov/safety-alerts/safety/safety-alert-51-helmerich-payne-inc-platform-heritage-drilling-contractor-for,Missing physical document artifact in packaged repository (catalog metadata only),QUARANTINED_UNVERIFIED_ARTIFACT,Download original PDF/HTML from source URL and verify SHA-256,True
EVT-BSEE-0473,Bureau of Safety and Environmental Enforcement (BSEE),SRC-BSEE-0473,https://www.bsee.gov/safety-alerts/incident-and-investigations/safety-alert-50-flash-fire-man-burned,Missing physical document artifact in packaged repository (catalog metadata only),QUARANTINED_UNVERIFIED_ARTIFACT,Download original PDF/HTML from source URL and verify SHA-256,True
EVT-BSEE-0474,Bureau of Safety and Environmental Enforcement (BSEE),SRC-BSEE-0474,https://www.bsee.gov/safety-alerts/safety/safety-alert-50-dos-cuadras-offshore-resources-platforms-b-c-and-habitat,Missing physical document artifact in packaged repository (catalog metadata only),QUARANTINED_UNVERIFIED_ARTIFACT,Download original PDF/HTML from source URL and verify SHA-256,True
EVT-BSEE-0475,Bureau of Safety and Environmental Enforcement (BSEE),SRC-BSEE-0475,https://www.bsee.gov/safety-alerts/safety/safety-alert-49-oil-spill-safety-equipment-failure,Missing physical document artifact in packaged repository (catalog metadata only),QUARANTINED_UNVERIFIED_ARTIFACT,Download original PDF/HTML from source URL and verify SHA-256,True
EVT-BSEE-0476,Bureau of Safety and Environmental Enforcement (BSEE),SRC-BSEE-0476,https://www.bsee.gov/safety-alerts/exploration-and-production/safety-alert-49-plains-exploration-production-company,Missing physical document artifact in packaged repository (catalog metadata only),QUARANTINED_UNVERIFIED_ARTIFACT,Download original PDF/HTML from source URL and verify SHA-256,True
EVT-BSEE-0477,Bureau of Safety and Environmental Enforcement (BSEE),SRC-BSEE-0477,https://www.bsee.gov/safety-alerts/safety/safety-alert-48-flash-fire-men-burned,Missing physical document artifact in packaged repository (catalog metadata only),QUARANTINED_UNVERIFIED_ARTIFACT,Download original PDF/HTML from source URL and verify SHA-256,True
EVT-BSEE-0478,Bureau of Safety and Environmental Enforcement (BSEE),SRC-BSEE-0478,https://www.bsee.gov/safety-alerts/safety/safety-alert-48-safety-award-for-excellence-camarillo-district-pacific-ocs,Missing physical document artifact in packaged repository (catalog metadata only),QUARANTINED_UNVERIFIED_ARTIFACT,Download original PDF/HTML from source URL and verify SHA-256,True
EVT-BSEE-0479,Bureau of Safety and Environmental Enforcement (BSEE),SRC-BSEE-0479,https://www.bsee.gov/safety-alerts/safety/safety-alert-47-fatality-man-struck-by-falling-object,Missing physical document artifact in packaged repository (catalog metadata only),QUARANTINED_UNVERIFIED_ARTIFACT,Download original PDF/HTML from source URL and verify SHA-256,True
EVT-BSEE-0480,Bureau of Safety and Environmental Enforcement (BSEE),SRC-BSEE-0480,https://www.bsee.gov/safety-alerts/safety/safety-alert-47-nuevo-energy-company-platforms-a-b-and-c,Missing physical document artifact in packaged repository (catalog metadata only),QUARANTINED_UNVERIFIED_ARTIFACT,Download original PDF/HTML from source URL and verify SHA-256,True
EVT-BSEE-0481,Bureau of Safety and Environmental Enforcement (BSEE),SRC-BSEE-0481,https://www.bsee.gov/safety-alerts/safety/safety-alert-046-fire-lube-oil-on-engine-exhaust,Missing physical document artifact in packaged repository (catalog metadata only),QUARANTINED_UNVERIFIED_ARTIFACT,Download original PDF/HTML from source URL and verify SHA-256,True
EVT-BSEE-0483,Bureau of Safety and Environmental Enforcement (BSEE),SRC-BSEE-0483,https://www.bsee.gov/safety-alerts/safety/safety-alert-45-tubing-blows-out-of-well-men-injured,Missing physical document artifact in packaged repository (catalog metadata only),QUARANTINED_UNVERIFIED_ARTIFACT,Download original PDF/HTML from source URL and verify SHA-256,True
EVT-BSEE-0484,Bureau of Safety and Environmental Enforcement (BSEE),SRC-BSEE-0484,https://www.bsee.gov/safety-alerts/safety/safety-alert-45-arguello-inc-production-department-platform-harvest,Missing physical document artifact in packaged repository (catalog metadata only),QUARANTINED_UNVERIFIED_ARTIFACT,Download original PDF/HTML from source URL and verify SHA-256,True
EVT-BSEE-0485,Bureau of Safety and Environmental Enforcement (BSEE),SRC-BSEE-0485,https://www.bsee.gov/safety-alerts/safety/safety-alert-44-man-falls-fatality,Missing physical document artifact in packaged repository (catalog metadata only),QUARANTINED_UNVERIFIED_ARTIFACT,Download original PDF/HTML from source URL and verify SHA-256,True
EVT-BSEE-0486,Bureau of Safety and Environmental Enforcement (BSEE),SRC-BSEE-0486,https://www.bsee.gov/safety-alerts/safety/safety-alert-44-exxonmobile-production-company-platform-heritage-santa-ynez,Missing physical document artifact in packaged repository (catalog metadata only),QUARANTINED_UNVERIFIED_ARTIFACT,Download original PDF/HTML from source URL and verify SHA-256,True
EVT-BSEE-0487,Bureau of Safety and Environmental Enforcement (BSEE),SRC-BSEE-0487,https://www.bsee.gov/safety-alerts/safety/safety-alert-43-shallow-gas-blowout,Missing physical document artifact in packaged repository (catalog metadata only),QUARANTINED_UNVERIFIED_ARTIFACT,Download original PDF/HTML from source URL and verify SHA-256,True
EVT-BSEE-0488,Bureau of Safety and Environmental Enforcement (BSEE),SRC-BSEE-0488,https://www.bsee.gov/safety-alerts/safety/safety-alert-43-torch-operating-company-torch-rig-services-platforms-henry-and,Missing physical document artifact in packaged repository (catalog metadata only),QUARANTINED_UNVERIFIED_ARTIFACT,Download original PDF/HTML from source URL and verify SHA-256,True
EVT-BSEE-0489,Bureau of Safety and Environmental Enforcement (BSEE),SRC-BSEE-0489,https://www.bsee.gov/safety-alerts/safety-alert-42-hydraulic-pump-reservoir-ruptures-minor-injury,Missing physical document artifact in packaged repository (catalog metadata only),QUARANTINED_UNVERIFIED_ARTIFACT,Download original PDF/HTML from source URL and verify SHA-256,True
EVT-BSEE-0490,Bureau of Safety and Environmental Enforcement (BSEE),SRC-BSEE-0490,https://www.bsee.gov/safety-alerts/safety/safety-alert-42-arguello-inc-platforms-harvest-hermosa-hidalgo,Missing physical document artifact in packaged repository (catalog metadata only),QUARANTINED_UNVERIFIED_ARTIFACT,Download original PDF/HTML from source URL and verify SHA-256,True
EVT-BSEE-0491,Bureau of Safety and Environmental Enforcement (BSEE),SRC-BSEE-0491,https://www.bsee.gov/safety-alerts/safety-enforcement-sed-safety-and-incident-investigations-siid/safety-alert-42,Missing physical document artifact in packaged repository (catalog metadata only),QUARANTINED_UNVERIFIED_ARTIFACT,Download original PDF/HTML from source URL and verify SHA-256,True
EVT-BSEE-0492,Bureau of Safety and Environmental Enforcement (BSEE),SRC-BSEE-0492,https://www.bsee.gov/safety-alerts/safety/safety-alert-41-fatality,Missing physical document artifact in packaged repository (catalog metadata only),QUARANTINED_UNVERIFIED_ARTIFACT,Download original PDF/HTML from source URL and verify SHA-256,True
EVT-BSEE-0493,Bureau of Safety and Environmental Enforcement (BSEE),SRC-BSEE-0493,https://www.bsee.gov/safety-alerts/safety/safety-alert-41-pool-offshore-platforms-harvest-hermosa-hidalgo-drilling,Missing physical document artifact in packaged repository (catalog metadata only),QUARANTINED_UNVERIFIED_ARTIFACT,Download original PDF/HTML from source URL and verify SHA-256,True
EVT-BSEE-0494,Bureau of Safety and Environmental Enforcement (BSEE),SRC-BSEE-0494,https://www.bsee.gov/safety-alerts/safety/safety-alert-40-beam-falls-man-injured,Missing physical document artifact in packaged repository (catalog metadata only),QUARANTINED_UNVERIFIED_ARTIFACT,Download original PDF/HTML from source URL and verify SHA-256,True
EVT-BSEE-0495,Bureau of Safety and Environmental Enforcement (BSEE),SRC-BSEE-0495,https://www.bsee.gov/safety-alerts/safety/safety-alert-40-exxonmobile-production-company-platform-harmony,Missing physical document artifact in packaged repository (catalog metadata only),QUARANTINED_UNVERIFIED_ARTIFACT,Download original PDF/HTML from source URL and verify SHA-256,True
EVT-BSEE-0496,Bureau of Safety and Environmental Enforcement (BSEE),SRC-BSEE-0496,https://www.bsee.gov/safety-alerts/incident-and-investigations/safety-alert-39-fire-hydraulic-hose-ruptures,Missing physical document artifact in packaged repository (catalog metadata only),QUARANTINED_UNVERIFIED_ARTIFACT,Download original PDF/HTML from source URL and verify SHA-256,True
EVT-BSEE-0497,Bureau of Safety and Environmental Enforcement (BSEE),SRC-BSEE-0497,https://www.bsee.gov/safety-alerts/safety/safety-alert-39-helmerich-payne-inc-exxon-platform-heritage-drilling-contractor,Missing physical document artifact in packaged repository (catalog metadata only),QUARANTINED_UNVERIFIED_ARTIFACT,Download original PDF/HTML from source URL and verify SHA-256,True
EVT-BSEE-0498,Bureau of Safety and Environmental Enforcement (BSEE),SRC-BSEE-0498,https://www.bsee.gov/safety-alerts/incident-and-investigations/safety-alert-38-fatality-man-knocked-overboard,Missing physical document artifact in packaged repository (catalog metadata only),QUARANTINED_UNVERIFIED_ARTIFACT,Download original PDF/HTML from source URL and verify SHA-256,True
EVT-BSEE-0499,Bureau of Safety and Environmental Enforcement (BSEE),SRC-BSEE-0499,https://www.bsee.gov/safety-alerts/safety/safety-alert-38-helmerich-payne-inc-platform-heritage-drilling-contractor-for,Missing physical document artifact in packaged repository (catalog metadata only),QUARANTINED_UNVERIFIED_ARTIFACT,Download original PDF/HTML from source URL and verify SHA-256,True
EVT-BSEE-0500,Bureau of Safety and Environmental Enforcement (BSEE),SRC-BSEE-0500,https://www.bsee.gov/safety-alerts/blowout-prevention/safety-alert-37-man-falls-serious-injury,Missing physical document artifact in packaged repository (catalog metadata only),QUARANTINED_UNVERIFIED_ARTIFACT,Download original PDF/HTML from source URL and verify SHA-256,True
EVT-BSEE-0501,Bureau of Safety and Environmental Enforcement (BSEE),SRC-BSEE-0501,https://www.bsee.gov/safety-alerts/safety/safety-alert-37-torch-operating-company-platform-gilda-production-contractor,Missing physical document artifact in packaged repository (catalog metadata only),QUARANTINED_UNVERIFIED_ARTIFACT,Download original PDF/HTML from source URL and verify SHA-256,True
EVT-BSEE-0502,Bureau of Safety and Environmental Enforcement (BSEE),SRC-BSEE-0502,https://www.bsee.gov/safety-alerts/safety/safety-alert-36-fatality,Missing physical document artifact in packaged repository (catalog metadata only),QUARANTINED_UNVERIFIED_ARTIFACT,Download original PDF/HTML from source URL and verify SHA-256,True
EVT-BSEE-0503,Bureau of Safety and Environmental Enforcement (BSEE),SRC-BSEE-0503,https://www.bsee.gov/safety-alerts/safety/safety-alert-36-torch-operating-company-platform-irene-production,Missing physical document artifact in packaged repository (catalog metadata only),QUARANTINED_UNVERIFIED_ARTIFACT,Download original PDF/HTML from source URL and verify SHA-256,True
EVT-BSEE-0504,Bureau of Safety and Environmental Enforcement (BSEE),SRC-BSEE-0504,https://www.bsee.gov/safety-alerts/safety/safety-alert-35-fire-choke-cap-blows-off,Missing physical document artifact in packaged repository (catalog metadata only),QUARANTINED_UNVERIFIED_ARTIFACT,Download original PDF/HTML from source URL and verify SHA-256,True
EVT-BSEE-0505,Bureau of Safety and Environmental Enforcement (BSEE),SRC-BSEE-0505,https://www.bsee.gov/safety-alerts/safety/safety-alert-35-helmerich-payne-inc-platform-heritage-drilling-contractor-for,Missing physical document artifact in packaged repository (catalog metadata only),QUARANTINED_UNVERIFIED_ARTIFACT,Download original PDF/HTML from source URL and verify SHA-256,True
EVT-BSEE-0506,Bureau of Safety and Environmental Enforcement (BSEE),SRC-BSEE-0506,https://www.bsee.gov/safety-alerts/safety/safety-alert-34-fire-leaking-glass-sight-gage,Missing physical document artifact in packaged repository (catalog metadata only),QUARANTINED_UNVERIFIED_ARTIFACT,Download original PDF/HTML from source URL and verify SHA-256,True
EVT-BSEE-0507,Bureau of Safety and Environmental Enforcement (BSEE),SRC-BSEE-0507,https://www.bsee.gov/safety-alerts/safety/safety-alert-34-exxon-company-usa-platforms-harmony-and-heritage-production,Missing physical document artifact in packaged repository (catalog metadata only),QUARANTINED_UNVERIFIED_ARTIFACT,Download original PDF/HTML from source URL and verify SHA-256,True
EVT-BSEE-0508,Bureau of Safety and Environmental Enforcement (BSEE),SRC-BSEE-0508,https://www.bsee.gov/safety-alerts/safety/safety-alert-33-flash-fire-men-burned,Missing physical document artifact in packaged repository (catalog metadata only),QUARANTINED_UNVERIFIED_ARTIFACT,Download original PDF/HTML from source URL and verify SHA-256,True
EVT-BSEE-0509,Bureau of Safety and Environmental Enforcement (BSEE),SRC-BSEE-0509,https://www.bsee.gov/safety-alerts/safety/safety-alert-33-chevron-usa-inc-venture-profit-center-production-and-drilling,Missing physical document artifact in packaged repository (catalog metadata only),QUARANTINED_UNVERIFIED_ARTIFACT,Download original PDF/HTML from source URL and verify SHA-256,True
EVT-BSEE-0510,Bureau of Safety and Environmental Enforcement (BSEE),SRC-BSEE-0510,https://www.bsee.gov/safety-alerts/safety/safety-alert-32-exxon-company-usa-platform-harmoney-santa-ynez-unit,Missing physical document artifact in packaged repository (catalog metadata only),QUARANTINED_UNVERIFIED_ARTIFACT,Download original PDF/HTML from source URL and verify SHA-256,True
EVT-BSEE-0511,Bureau of Safety and Environmental Enforcement (BSEE),SRC-BSEE-0511,https://www.bsee.gov/safety-alerts/safety/safety-alert-31-oil-spill-loading-diesel-fuel,Missing physical document artifact in packaged repository (catalog metadata only),QUARANTINED_UNVERIFIED_ARTIFACT,Download original PDF/HTML from source URL and verify SHA-256,True
EVT-BSEE-0512,Bureau of Safety and Environmental Enforcement (BSEE),SRC-BSEE-0512,https://www.bsee.gov/safety-alerts/safety/safety-alert-31-texaco-exploration-and-production-inc-platform-harvest,Missing physical document artifact in packaged repository (catalog metadata only),QUARANTINED_UNVERIFIED_ARTIFACT,Download original PDF/HTML from source URL and verify SHA-256,True
EVT-BSEE-0513,Bureau of Safety and Environmental Enforcement (BSEE),SRC-BSEE-0513,https://www.bsee.gov/safety-alerts/safety/safety-alert-30-fire-in-generator-turbine,Missing physical document artifact in packaged repository (catalog metadata only),QUARANTINED_UNVERIFIED_ARTIFACT,Download original PDF/HTML from source URL and verify SHA-256,True
EVT-BSEE-0514,Bureau of Safety and Environmental Enforcement (BSEE),SRC-BSEE-0514,https://www.bsee.gov/safety-alerts/safety/safety-alert-30-dual-drilling-platform-hermosa,Missing physical document artifact in packaged repository (catalog metadata only),QUARANTINED_UNVERIFIED_ARTIFACT,Download original PDF/HTML from source URL and verify SHA-256,True
EVT-BSEE-0515,Bureau of Safety and Environmental Enforcement (BSEE),SRC-BSEE-0515,https://www.bsee.gov/safety-alerts/safety/safety-alert-29-unocal-energy-resources-division-unocal-corporation-platform,Missing physical document artifact in packaged repository (catalog metadata only),QUARANTINED_UNVERIFIED_ARTIFACT,Download original PDF/HTML from source URL and verify SHA-256,True
EVT-BSEE-0516,Bureau of Safety and Environmental Enforcement (BSEE),SRC-BSEE-0516,https://www.bsee.gov/safety-alerts/safety-alert-29,Missing physical document artifact in packaged repository (catalog metadata only),QUARANTINED_UNVERIFIED_ARTIFACT,Download original PDF/HTML from source URL and verify SHA-256,True
EVT-BSEE-0517,Bureau of Safety and Environmental Enforcement (BSEE),SRC-BSEE-0517,https://www.bsee.gov/safety-alerts/safety/safety-alert-28-weld-fails-derrick-collapses,Missing physical document artifact in packaged repository (catalog metadata only),QUARANTINED_UNVERIFIED_ARTIFACT,Download original PDF/HTML from source URL and verify SHA-256,True
EVT-BSEE-0518,Bureau of Safety and Environmental Enforcement (BSEE),SRC-BSEE-0518,https://www.bsee.gov/safety-alerts/safety/safety-alert-28-exxon-company-usa-platforms-harmony-and-heritage-santa-ynez,Missing physical document artifact in packaged repository (catalog metadata only),QUARANTINED_UNVERIFIED_ARTIFACT,Download original PDF/HTML from source URL and verify SHA-256,True
EVT-BSEE-0519,Bureau of Safety and Environmental Enforcement (BSEE),SRC-BSEE-0519,https://www.bsee.gov/safety-alerts/safety/safety-alert-27-gas-in-generator-room-explodes,Missing physical document artifact in packaged repository (catalog metadata only),QUARANTINED_UNVERIFIED_ARTIFACT,Download original PDF/HTML from source URL and verify SHA-256,True
EVT-BSEE-0520,Bureau of Safety and Environmental Enforcement (BSEE),SRC-BSEE-0520,https://www.bsee.gov/safety-alerts/safety/safety-alert-27-exxon-company-usa-platform-harmony-santa-ynez-unit,Missing physical document artifact in packaged repository (catalog metadata only),QUARANTINED_UNVERIFIED_ARTIFACT,Download original PDF/HTML from source URL and verify SHA-256,True
EVT-BSEE-0521,Bureau of Safety and Environmental Enforcement (BSEE),SRC-BSEE-0521,https://www.bsee.gov/safety-alerts/safety/safety-alert-26-crown-block-on-workover-rig-fails-fatality,Missing physical document artifact in packaged repository (catalog metadata only),QUARANTINED_UNVERIFIED_ARTIFACT,Download original PDF/HTML from source URL and verify SHA-256,True
EVT-BSEE-0522,Bureau of Safety and Environmental Enforcement (BSEE),SRC-BSEE-0522,https://www.bsee.gov/safety-alerts/safety/safety-alert-26-chevron-usa-inc-ventura-profit-center-production-and-drilling,Missing physical document artifact in packaged repository (catalog metadata only),QUARANTINED_UNVERIFIED_ARTIFACT,Download original PDF/HTML from source URL and verify SHA-256,True
EVT-BSEE-0523,Bureau of Safety and Environmental Enforcement (BSEE),SRC-BSEE-0523,https://www.bsee.gov/safety-alerts/safety/safety-alert-25-man-falls-from-derrick-ladder-fatality,Missing physical document artifact in packaged repository (catalog metadata only),QUARANTINED_UNVERIFIED_ARTIFACT,Download original PDF/HTML from source URL and verify SHA-256,True
EVT-BSEE-0524,Bureau of Safety and Environmental Enforcement (BSEE),SRC-BSEE-0524,https://www.bsee.gov/safety-alerts/safety/safety-alert-25-exxon-company-usa-platforms-harmony-and-heritage-santa-ynez,Missing physical document artifact in packaged repository (catalog metadata only),QUARANTINED_UNVERIFIED_ARTIFACT,Download original PDF/HTML from source URL and verify SHA-256,True
EVT-BSEE-0525,Bureau of Safety and Environmental Enforcement (BSEE),SRC-BSEE-0525,https://www.bsee.gov/safety-alerts/safety/safety-alert-24-shallow-gas-blowouts-one-rig-lost,Missing physical document artifact in packaged repository (catalog metadata only),QUARANTINED_UNVERIFIED_ARTIFACT,Download original PDF/HTML from source URL and verify SHA-256,True
EVT-BSEE-0526,Bureau of Safety and Environmental Enforcement (BSEE),SRC-BSEE-0526,https://www.bsee.gov/safety-alerts/safety/safety-alert-24-chevron-platform-gail,Missing physical document artifact in packaged repository (catalog metadata only),QUARANTINED_UNVERIFIED_ARTIFACT,Download original PDF/HTML from source URL and verify SHA-256,True
EVT-BSEE-0527,Bureau of Safety and Environmental Enforcement (BSEE),SRC-BSEE-0527,https://www.bsee.gov/safety-alerts/safety/safety-alert-23-sump-tank-fire-man-burned,Missing physical document artifact in packaged repository (catalog metadata only),QUARANTINED_UNVERIFIED_ARTIFACT,Download original PDF/HTML from source URL and verify SHA-256,True
EVT-BSEE-0528,Bureau of Safety and Environmental Enforcement (BSEE),SRC-BSEE-0528,https://www.bsee.gov/safety-alerts/safety/safety-alert-23-texaco-exploration-and-production-inc-platform-harvest,Missing physical document artifact in packaged repository (catalog metadata only),QUARANTINED_UNVERIFIED_ARTIFACT,Download original PDF/HTML from source URL and verify SHA-256,True
EVT-BSEE-0529,Bureau of Safety and Environmental Enforcement (BSEE),SRC-BSEE-0529,https://www.bsee.gov/safety-alerts/safety/safety-alert-22-cap-blows-off-of-choke-body-man-burned,Missing physical document artifact in packaged repository (catalog metadata only),QUARANTINED_UNVERIFIED_ARTIFACT,Download original PDF/HTML from source URL and verify SHA-256,True
EVT-BSEE-0530,Bureau of Safety and Environmental Enforcement (BSEE),SRC-BSEE-0530,https://www.bsee.gov/safety-alerts/safety/safety-alert-22-hydrogen-sulfide-h2s-gas-release-from-piping-corrosion-failure,Missing physical document artifact in packaged repository (catalog metadata only),QUARANTINED_UNVERIFIED_ARTIFACT,Download original PDF/HTML from source URL and verify SHA-256,True
EVT-BSEE-0532,Bureau of Safety and Environmental Enforcement (BSEE),SRC-BSEE-0532,https://www.bsee.gov/safety-alerts/safety/safety-alert-22-unocal-platform-henry-ocs-p-0240-santa-barbara-channel,Missing physical document artifact in packaged repository (catalog metadata only),QUARANTINED_UNVERIFIED_ARTIFACT,Download original PDF/HTML from source URL and verify SHA-256,True
EVT-BSEE-0533,Bureau of Safety and Environmental Enforcement (BSEE),SRC-BSEE-0533,https://www.bsee.gov/safety-alerts/safety/safety-alert-21-pollution-from-production-operations-due-to-improper-diversion,Missing physical document artifact in packaged repository (catalog metadata only),QUARANTINED_UNVERIFIED_ARTIFACT,Download original PDF/HTML from source URL and verify SHA-256,True
EVT-BSEE-0534,Bureau of Safety and Environmental Enforcement (BSEE),SRC-BSEE-0534,https://www.bsee.gov/safety-alerts/safety/safety-alert-21-traveling-block-falls-fatality,Missing physical document artifact in packaged repository (catalog metadata only),QUARANTINED_UNVERIFIED_ARTIFACT,Download original PDF/HTML from source URL and verify SHA-256,True
EVT-BSEE-0535,Bureau of Safety and Environmental Enforcement (BSEE),SRC-BSEE-0535,https://www.bsee.gov/safety-alerts/alerts/safety-alert-20-skim-pile-sheening-incident,Missing physical document artifact in packaged repository (catalog metadata only),QUARANTINED_UNVERIFIED_ARTIFACT,Download original PDF/HTML from source URL and verify SHA-256,True
EVT-BSEE-0536,Bureau of Safety and Environmental Enforcement (BSEE),SRC-BSEE-0536,https://www.bsee.gov/safety-alerts/incident-and-investigations/safety-alert-20-crane-accident-fatality,Missing physical document artifact in packaged repository (catalog metadata only),QUARANTINED_UNVERIFIED_ARTIFACT,Download original PDF/HTML from source URL and verify SHA-256,True
EVT-BSEE-0537,Bureau of Safety and Environmental Enforcement (BSEE),SRC-BSEE-0537,https://www.bsee.gov/safety-alerts/safety/safety-alert-20-exxon-offshore-storage-treating-vessel-santa-ynez,Missing physical document artifact in packaged repository (catalog metadata only),QUARANTINED_UNVERIFIED_ARTIFACT,Download original PDF/HTML from source URL and verify SHA-256,True
EVT-BSEE-0538,Bureau of Safety and Environmental Enforcement (BSEE),SRC-BSEE-0538,https://www.bsee.gov/safety-alerts/safety/safety-alert-19-pump-can-pollution-incident,Missing physical document artifact in packaged repository (catalog metadata only),QUARANTINED_UNVERIFIED_ARTIFACT,Download original PDF/HTML from source URL and verify SHA-256,True
EVT-BSEE-0540,Bureau of Safety and Environmental Enforcement (BSEE),SRC-BSEE-0540,https://www.bsee.gov/safety-alerts/incident-and-investigations/safety-alert-19-safety-system-failure-oil-spill,Missing physical document artifact in packaged repository (catalog metadata only),QUARANTINED_UNVERIFIED_ARTIFACT,Download original PDF/HTML from source URL and verify SHA-256,True
EVT-BSEE-0541,Bureau of Safety and Environmental Enforcement (BSEE),SRC-BSEE-0541,https://www.bsee.gov/safety-alerts/safety/safety-alert-18-well-control-equipment-circumvention,Missing physical document artifact in packaged repository (catalog metadata only),QUARANTINED_UNVERIFIED_ARTIFACT,Download original PDF/HTML from source URL and verify SHA-256,True
EVT-BSEE-0542,Bureau of Safety and Environmental Enforcement (BSEE),SRC-BSEE-0542,https://www.bsee.gov/safety-alerts/safety/safety-alert-18-men-drowned,Missing physical document artifact in packaged repository (catalog metadata only),QUARANTINED_UNVERIFIED_ARTIFACT,Download original PDF/HTML from source URL and verify SHA-256,True
EVT-BSEE-0543,Bureau of Safety and Environmental Enforcement (BSEE),SRC-BSEE-0543,https://www.bsee.gov/safety-alerts/inspection-and-enforcement/safety-alert-18-safety-award,Missing physical document artifact in packaged repository (catalog metadata only),QUARANTINED_UNVERIFIED_ARTIFACT,Download original PDF/HTML from source URL and verify SHA-256,True
EVT-BSEE-0544,Bureau of Safety and Environmental Enforcement (BSEE),SRC-BSEE-0544,https://www.bsee.gov/safety-alerts/safety/safety-alert-17-electrical-wiring-inspection-and-maintenance,Missing physical document artifact in packaged repository (catalog metadata only),QUARANTINED_UNVERIFIED_ARTIFACT,Download original PDF/HTML from source URL and verify SHA-256,True
EVT-BSEE-0545,Bureau of Safety and Environmental Enforcement (BSEE),SRC-BSEE-0545,https://www.bsee.gov/safety-alerts/safety/safety-alert-17-fire-men-burned,Missing physical document artifact in packaged repository (catalog metadata only),QUARANTINED_UNVERIFIED_ARTIFACT,Download original PDF/HTML from source URL and verify SHA-256,True
EVT-BSEE-0546,Bureau of Safety and Environmental Enforcement (BSEE),SRC-BSEE-0546,https://www.bsee.gov/safety-alerts/safety/safety-alert-17-unocal-production-department-platform-irene,Missing physical document artifact in packaged repository (catalog metadata only),QUARANTINED_UNVERIFIED_ARTIFACT,Download original PDF/HTML from source URL and verify SHA-256,True
EVT-BSEE-0547,Bureau of Safety and Environmental Enforcement (BSEE),SRC-BSEE-0547,https://www.bsee.gov/safety-alerts/safety/safety-alert-16-rupture-of-sour-gas-piping-0,Missing physical document artifact in packaged repository (catalog metadata only),QUARANTINED_UNVERIFIED_ARTIFACT,Download original PDF/HTML from source URL and verify SHA-256,True
EVT-BSEE-0549,Bureau of Safety and Environmental Enforcement (BSEE),SRC-BSEE-0549,https://www.bsee.gov/safety-alerts/safety/safety-alert-16-fatality,Missing physical document artifact in packaged repository (catalog metadata only),QUARANTINED_UNVERIFIED_ARTIFACT,Download original PDF/HTML from source URL and verify SHA-256,True
EVT-BSEE-0550,Bureau of Safety and Environmental Enforcement (BSEE),SRC-BSEE-0550,https://www.bsee.gov/safety-alerts/regulations-and-guidance/safety-alert-16-shell-western-ep-inc-beta-production,Missing physical document artifact in packaged repository (catalog metadata only),QUARANTINED_UNVERIFIED_ARTIFACT,Download original PDF/HTML from source URL and verify SHA-256,True
EVT-BSEE-0551,Bureau of Safety and Environmental Enforcement (BSEE),SRC-BSEE-0551,https://www.bsee.gov/safety-alerts/safety/safety-alert-15-electrical-cable-testing,Missing physical document artifact in packaged repository (catalog metadata only),QUARANTINED_UNVERIFIED_ARTIFACT,Download original PDF/HTML from source URL and verify SHA-256,True
EVT-BSEE-0552,Bureau of Safety and Environmental Enforcement (BSEE),SRC-BSEE-0552,https://www.bsee.gov/safety-alerts/safety/safety-alert-15-fatality-lubricator-fails,Missing physical document artifact in packaged repository (catalog metadata only),QUARANTINED_UNVERIFIED_ARTIFACT,Download original PDF/HTML from source URL and verify SHA-256,True
EVT-BSEE-0553,Bureau of Safety and Environmental Enforcement (BSEE),SRC-BSEE-0553,https://www.bsee.gov/safety-alerts/safety/safety-alert-15-shell-california-production-inc-beta-production,Missing physical document artifact in packaged repository (catalog metadata only),QUARANTINED_UNVERIFIED_ARTIFACT,Download original PDF/HTML from source URL and verify SHA-256,True
EVT-BSEE-0554,Bureau of Safety and Environmental Enforcement (BSEE),SRC-BSEE-0554,https://www.bsee.gov/safety-alerts/safety/safety-alert-14-carbon-monoxide,Missing physical document artifact in packaged repository (catalog metadata only),QUARANTINED_UNVERIFIED_ARTIFACT,Download original PDF/HTML from source URL and verify SHA-256,True
EVT-BSEE-0555,Bureau of Safety and Environmental Enforcement (BSEE),SRC-BSEE-0555,https://www.bsee.gov/safety-alerts/safety/safety-alert-14-fire-capsized-barge-ruptures-gas-line,Missing physical document artifact in packaged repository (catalog metadata only),QUARANTINED_UNVERIFIED_ARTIFACT,Download original PDF/HTML from source URL and verify SHA-256,True
EVT-BSEE-0556,Bureau of Safety and Environmental Enforcement (BSEE),SRC-BSEE-0556,https://www.bsee.gov/safety-alerts/safety/safety-alert-14-sun-exploration-and-production-company,Missing physical document artifact in packaged repository (catalog metadata only),QUARANTINED_UNVERIFIED_ARTIFACT,Download original PDF/HTML from source URL and verify SHA-256,True
EVT-BSEE-0557,Bureau of Safety and Environmental Enforcement (BSEE),SRC-BSEE-0557,https://www.bsee.gov/safety-alerts/alerts/safety-alert-13-crane-accident,Missing physical document artifact in packaged repository (catalog metadata only),QUARANTINED_UNVERIFIED_ARTIFACT,Download original PDF/HTML from source URL and verify SHA-256,True
EVT-BSEE-0558,Bureau of Safety and Environmental Enforcement (BSEE),SRC-BSEE-0558,https://www.bsee.gov/safety-alerts/safety/safety-alert-13-fire-chlorine-gas,Missing physical document artifact in packaged repository (catalog metadata only),QUARANTINED_UNVERIFIED_ARTIFACT,Download original PDF/HTML from source URL and verify SHA-256,True
EVT-BSEE-0559,Bureau of Safety and Environmental Enforcement (BSEE),SRC-BSEE-0559,https://www.bsee.gov/safety-alerts/safety/safety-alert-13-ventura-district-pacific-ocs-region-shell-california-production,Missing physical document artifact in packaged repository (catalog metadata only),QUARANTINED_UNVERIFIED_ARTIFACT,Download original PDF/HTML from source URL and verify SHA-256,True
EVT-BSEE-0560,Bureau of Safety and Environmental Enforcement (BSEE),SRC-BSEE-0560,https://www.bsee.gov/safety-alerts/safety/safety-alert-12-accidents,Missing physical document artifact in packaged repository (catalog metadata only),QUARANTINED_UNVERIFIED_ARTIFACT,Download original PDF/HTML from source URL and verify SHA-256,True
EVT-BSEE-0561,Bureau of Safety and Environmental Enforcement (BSEE),SRC-BSEE-0561,https://www.bsee.gov/safety-alerts/alerts/safety-alert-12-boat-collides-with-well,Missing physical document artifact in packaged repository (catalog metadata only),QUARANTINED_UNVERIFIED_ARTIFACT,Download original PDF/HTML from source URL and verify SHA-256,True
EVT-BSEE-0562,Bureau of Safety and Environmental Enforcement (BSEE),SRC-BSEE-0562,https://www.bsee.gov/safety-alerts/incident-and-investigations/safety-alert-11-cranehelicopter-operations,Missing physical document artifact in packaged repository (catalog metadata only),QUARANTINED_UNVERIFIED_ARTIFACT,Download original PDF/HTML from source URL and verify SHA-256,True
EVT-BSEE-0563,Bureau of Safety and Environmental Enforcement (BSEE),SRC-BSEE-0563,https://www.bsee.gov/safety-alerts/alerts/safety-alert-10-lifting-operations,Missing physical document artifact in packaged repository (catalog metadata only),QUARANTINED_UNVERIFIED_ARTIFACT,Download original PDF/HTML from source URL and verify SHA-256,True
EVT-BSEE-0564,Bureau of Safety and Environmental Enforcement (BSEE),SRC-BSEE-0564,https://www.bsee.gov/safety-alerts/sems/safety-alert-10-stem-blowout-of-grove-b-4-ball-valves,Missing physical document artifact in packaged repository (catalog metadata only),QUARANTINED_UNVERIFIED_ARTIFACT,Download original PDF/HTML from source URL and verify SHA-256,True
EVT-BSEE-0565,Bureau of Safety and Environmental Enforcement (BSEE),SRC-BSEE-0565,https://www.bsee.gov/safety-alerts/safety/safety-alert-9-platform-helideck-obstructions,Missing physical document artifact in packaged repository (catalog metadata only),QUARANTINED_UNVERIFIED_ARTIFACT,Download original PDF/HTML from source URL and verify SHA-256,True
EVT-BSEE-0566,Bureau of Safety and Environmental Enforcement (BSEE),SRC-BSEE-0566,https://www.bsee.gov/safety-alerts/safety/safety-alert-9-series-of-accidents,Missing physical document artifact in packaged repository (catalog metadata only),QUARANTINED_UNVERIFIED_ARTIFACT,Download original PDF/HTML from source URL and verify SHA-256,True
EVT-BSEE-0567,Bureau of Safety and Environmental Enforcement (BSEE),SRC-BSEE-0567,https://www.bsee.gov/safety-alerts/news-item/safety-alert-9-fatality-february-2-1978,Missing physical document artifact in packaged repository (catalog metadata only),QUARANTINED_UNVERIFIED_ARTIFACT,Download original PDF/HTML from source URL and verify SHA-256,True
EVT-BSEE-0568,Bureau of Safety and Environmental Enforcement (BSEE),SRC-BSEE-0568,https://www.bsee.gov/safety-alerts/safety/safety-alert-8-lifting-operations,Missing physical document artifact in packaged repository (catalog metadata only),QUARANTINED_UNVERIFIED_ARTIFACT,Download original PDF/HTML from source URL and verify SHA-256,True
EVT-BSEE-0569,Bureau of Safety and Environmental Enforcement (BSEE),SRC-BSEE-0569,https://www.bsee.gov/safety-alerts/safety/safety-alert-8-catalytic-gas-heaters,Missing physical document artifact in packaged repository (catalog metadata only),QUARANTINED_UNVERIFIED_ARTIFACT,Download original PDF/HTML from source URL and verify SHA-256,True
EVT-BSEE-0570,Bureau of Safety and Environmental Enforcement (BSEE),SRC-BSEE-0570,https://www.bsee.gov/safety-alerts/safety/safety-alert-7-platform-helideck-closing-procedures,Missing physical document artifact in packaged repository (catalog metadata only),QUARANTINED_UNVERIFIED_ARTIFACT,Download original PDF/HTML from source URL and verify SHA-256,True
EVT-BSEE-0572,Bureau of Safety and Environmental Enforcement (BSEE),SRC-BSEE-0572,https://www.bsee.gov/safety-alerts/sems/safety-alert-6-barrels-of-deadly-poisonous-cyanide-adrift-in-the-gulf,Missing physical document artifact in packaged repository (catalog metadata only),QUARANTINED_UNVERIFIED_ARTIFACT,Download original PDF/HTML from source URL and verify SHA-256,True
EVT-BSEE-0573,Bureau of Safety and Environmental Enforcement (BSEE),SRC-BSEE-0573,https://www.bsee.gov/safety-alerts/safety/safety-alert-6-pipeline-damaged-by-grappling-hook-may-15-1991,Missing physical document artifact in packaged repository (catalog metadata only),QUARANTINED_UNVERIFIED_ARTIFACT,Download original PDF/HTML from source URL and verify SHA-256,True
EVT-BSEE-0574,Bureau of Safety and Environmental Enforcement (BSEE),SRC-BSEE-0574,https://www.bsee.gov/safety-alerts/safety-enforcement-sed/safety-alert-5-flash-firesexplosions,Missing physical document artifact in packaged repository (catalog metadata only),QUARANTINED_UNVERIFIED_ARTIFACT,Download original PDF/HTML from source URL and verify SHA-256,True
EVT-BSEE-0575,Bureau of Safety and Environmental Enforcement (BSEE),SRC-BSEE-0575,https://www.bsee.gov/safety-alerts/safety-enforcement-sed/safety-alert-4-flash-fire-cutting-and-welding,Missing physical document artifact in packaged repository (catalog metadata only),QUARANTINED_UNVERIFIED_ARTIFACT,Download original PDF/HTML from source URL and verify SHA-256,True
EVT-BSEE-0576,Bureau of Safety and Environmental Enforcement (BSEE),SRC-BSEE-0576,https://www.bsee.gov/safety-alerts/safety/safety-alert-3-flash-fire-glycol-gas-dehydrator-unit,Missing physical document artifact in packaged repository (catalog metadata only),QUARANTINED_UNVERIFIED_ARTIFACT,Download original PDF/HTML from source URL and verify SHA-256,True
EVT-BSEE-0577,Bureau of Safety and Environmental Enforcement (BSEE),SRC-BSEE-0577,https://www.bsee.gov/safety-alerts/human-factors/safety-alert-3-drill-ship-damage-by-liquid-nitrogen-spill-january-29,Missing physical document artifact in packaged repository (catalog metadata only),QUARANTINED_UNVERIFIED_ARTIFACT,Download original PDF/HTML from source URL and verify SHA-256,True
EVT-BSEE-0578,Bureau of Safety and Environmental Enforcement (BSEE),SRC-BSEE-0578,https://www.bsee.gov/safety-alerts/safety/safety-alert-2-shallow-drilling-hazards,Missing physical document artifact in packaged repository (catalog metadata only),QUARANTINED_UNVERIFIED_ARTIFACT,Download original PDF/HTML from source URL and verify SHA-256,True
EVT-BSEE-0579,Bureau of Safety and Environmental Enforcement (BSEE),SRC-BSEE-0579,https://www.bsee.gov/safety-alerts/hurricanes/joint-safety-alert-2-deepwater-horizon-explosion-and-fire-resulting-in,Missing physical document artifact in packaged repository (catalog metadata only),QUARANTINED_UNVERIFIED_ARTIFACT,Download original PDF/HTML from source URL and verify SHA-256,True
EVT-BSEE-0580,Bureau of Safety and Environmental Enforcement (BSEE),SRC-BSEE-0580,https://www.bsee.gov/safety-alerts/safety/safety-alert-1-flash-fire-from-liquid-phase-heat-transfer-unit,Missing physical document artifact in packaged repository (catalog metadata only),QUARANTINED_UNVERIFIED_ARTIFACT,Download original PDF/HTML from source URL and verify SHA-256,True
EVT-BSEE-0581,Bureau of Safety and Environmental Enforcement (BSEE),SRC-BSEE-0581,https://www.bsee.gov/safety-alerts/news-item/safety-alert-1-well-kick-due-to-swabbing-may-1976,Missing physical document artifact in packaged repository (catalog metadata only),QUARANTINED_UNVERIFIED_ARTIFACT,Download original PDF/HTML from source URL and verify SHA-256,True
EVT-IMCA-0002,International Marine Contractors Association (IMCA),SRC-IMCA-0002,https://www.imca-int.com/resources/safety/safety-flashes/1626-galley-fire-alarm-during-diving-operations/,Missing physical document artifact in packaged repository (catalog metadata only),QUARANTINED_UNVERIFIED_ARTIFACT,Download original PDF/HTML from source URL and verify SHA-256,True
EVT-IMCA-0004,International Marine Contractors Association (IMCA),SRC-IMCA-0004,https://www.imca-int.com/resources/safety/safety-flashes/1626-unauthorized-modification-of-main-engine-fuel-pump-linkage/,Missing physical document artifact in packaged repository (catalog metadata only),QUARANTINED_UNVERIFIED_ARTIFACT,Download original PDF/HTML from source URL and verify SHA-256,True
EVT-IMCA-0005,International Marine Contractors Association (IMCA),SRC-IMCA-0005,https://www.imca-int.com/resources/safety/safety-flashes/1626-mooring-rope-caught-in-stern-thruster/,Missing physical document artifact in packaged repository (catalog metadata only),QUARANTINED_UNVERIFIED_ARTIFACT,Download original PDF/HTML from source URL and verify SHA-256,True
EVT-IMCA-0006,International Marine Contractors Association (IMCA),SRC-IMCA-0006,https://www.imca-int.com/resources/safety/safety-flashes/1626-msf-hose-got-tangled-in-an-azimuth-thruster/,Missing physical document artifact in packaged repository (catalog metadata only),QUARANTINED_UNVERIFIED_ARTIFACT,Download original PDF/HTML from source URL and verify SHA-256,True
EVT-IMCA-0007,International Marine Contractors Association (IMCA),SRC-IMCA-0007,https://www.imca-int.com/resources/safety/safety-flashes/1526-gps-jamming-and-spoofing-good-practice-example/,Missing physical document artifact in packaged repository (catalog metadata only),QUARANTINED_UNVERIFIED_ARTIFACT,Download original PDF/HTML from source URL and verify SHA-256,True
EVT-IMCA-0008,International Marine Contractors Association (IMCA),SRC-IMCA-0008,https://www.imca-int.com/resources/safety/safety-flashes/1526-lti-shoulder-strain-when-crew-member-was-descending-the-stairs/,Missing physical document artifact in packaged repository (catalog metadata only),QUARANTINED_UNVERIFIED_ARTIFACT,Download original PDF/HTML from source URL and verify SHA-256,True
EVT-IMCA-0009,International Marine Contractors Association (IMCA),SRC-IMCA-0009,https://www.imca-int.com/resources/safety/safety-flashes/1526-emergency-escape-hatch-found-blocked/,Missing physical document artifact in packaged repository (catalog metadata only),QUARANTINED_UNVERIFIED_ARTIFACT,Download original PDF/HTML from source URL and verify SHA-256,True
EVT-IMCA-0010,International Marine Contractors Association (IMCA),SRC-IMCA-0010,https://www.imca-int.com/resources/safety/safety-flashes/1526-crew-member-sustained-hand-injury-during-lifting-operations/,Missing physical document artifact in packaged repository (catalog metadata only),QUARANTINED_UNVERIFIED_ARTIFACT,Download original PDF/HTML from source URL and verify SHA-256,True
EVT-IMCA-0055,International Marine Contractors Association (IMCA),SRC-IMCA-0055,https://www.imca-int.com/resources/safety/safety-flashes/0526-working-in-a-confined-space-without-a-permit-to-work/,Missing physical document artifact in packaged repository (catalog metadata only),QUARANTINED_UNVERIFIED_ARTIFACT,Download original PDF/HTML from source URL and verify SHA-256,True
EVT-IMCA-0056,International Marine Contractors Association (IMCA),SRC-IMCA-0056,https://www.imca-int.com/resources/safety/safety-flashes/0526-unsafe-handling-of-gas-cylinders/,Missing physical document artifact in packaged repository (catalog metadata only),QUARANTINED_UNVERIFIED_ARTIFACT,Download original PDF/HTML from source URL and verify SHA-256,True
EVT-IMCA-0057,International Marine Contractors Association (IMCA),SRC-IMCA-0057,https://www.imca-int.com/resources/safety/safety-flashes/0526-msf-unsecured-bulk-hose-near-miss/,Missing physical document artifact in packaged repository (catalog metadata only),QUARANTINED_UNVERIFIED_ARTIFACT,Download original PDF/HTML from source URL and verify SHA-256,True
EVT-IMCA-0059,International Marine Contractors Association (IMCA),SRC-IMCA-0059,https://www.imca-int.com/resources/safety/safety-flashes/0426-w2w-gangway-bumper-damaged-during-demonstration/,Missing physical document artifact in packaged repository (catalog metadata only),QUARANTINED_UNVERIFIED_ARTIFACT,Download original PDF/HTML from source URL and verify SHA-256,True
EVT-IMCA-0060,International Marine Contractors Association (IMCA),SRC-IMCA-0060,https://www.imca-int.com/resources/safety/safety-flashes/0426-towing-wire-parted/,Missing physical document artifact in packaged repository (catalog metadata only),QUARANTINED_UNVERIFIED_ARTIFACT,Download original PDF/HTML from source URL and verify SHA-256,True
EVT-IMCA-0064,International Marine Contractors Association (IMCA),SRC-IMCA-0064,https://www.imca-int.com/resources/safety/safety-flashes/0326-missing-protection-progressive-wear-on-hydraulic-hoses-causes-damage/,Missing physical document artifact in packaged repository (catalog metadata only),QUARANTINED_UNVERIFIED_ARTIFACT,Download original PDF/HTML from source URL and verify SHA-256,True
EVT-IMCA-0126,International Marine Contractors Association (IMCA),SRC-IMCA-0126,https://www.imca-int.com/resources/safety/safety-flashes/1325-near-miss-high-voltage-arc-inside-tether-termination-manifold/,Missing physical document artifact in packaged repository (catalog metadata only),QUARANTINED_UNVERIFIED_ARTIFACT,Download original PDF/HTML from source URL and verify SHA-256,True
EVT-IMCA-0205,International Marine Contractors Association (IMCA),SRC-IMCA-0205,https://www.imca-int.com/resources/safety/safety-flashes/2024-msf-safety-pins-left-in-fire-suppression-system-high-potential-near-miss/,Missing physical document artifact in packaged repository (catalog metadata only),QUARANTINED_UNVERIFIED_ARTIFACT,Download original PDF/HTML from source URL and verify SHA-256,True
EVT-IMCA-0256,International Marine Contractors Association (IMCA),SRC-IMCA-0256,https://www.imca-int.com/resources/safety/safety-flashes/1024-ctv-crew-member-snagged-on-tag-line-and-lifted-off-feet/,Missing physical document artifact in packaged repository (catalog metadata only),QUARANTINED_UNVERIFIED_ARTIFACT,Download original PDF/HTML from source URL and verify SHA-256,True
EVT-IMCA-0270,International Marine Contractors Association (IMCA),SRC-IMCA-0270,https://www.imca-int.com/resources/safety/safety-flashes/0724-implosion-of-chemical-tank/,Missing physical document artifact in packaged repository (catalog metadata only),QUARANTINED_UNVERIFIED_ARTIFACT,Download original PDF/HTML from source URL and verify SHA-256,True
EVT-IMCA-0283,International Marine Contractors Association (IMCA),SRC-IMCA-0283,https://www.imca-int.com/resources/safety/safety-flashes/0524-uk-hse-crane-boom-collapse/,Missing physical document artifact in packaged repository (catalog metadata only),QUARANTINED_UNVERIFIED_ARTIFACT,Download original PDF/HTML from source URL and verify SHA-256,True
EVT-IMCA-0284,International Marine Contractors Association (IMCA),SRC-IMCA-0284,https://www.imca-int.com/resources/safety/safety-flashes/0424-unauthorised-entry-into-confined-space/,Missing physical document artifact in packaged repository (catalog metadata only),QUARANTINED_UNVERIFIED_ARTIFACT,Download original PDF/HTML from source URL and verify SHA-256,True
EVT-IMCA-0287,International Marine Contractors Association (IMCA),SRC-IMCA-0287,https://www.imca-int.com/resources/safety/safety-flashes/0424-uscg-wire-rope-hazard-management-dropped-turbine-nacelle/,Missing physical document artifact in packaged repository (catalog metadata only),QUARANTINED_UNVERIFIED_ARTIFACT,Download original PDF/HTML from source URL and verify SHA-256,True
EVT-IMCA-0291,International Marine Contractors Association (IMCA),SRC-IMCA-0291,https://www.imca-int.com/resources/safety/safety-flashes/0324-failure-of-self-righting-frame-on-fast-rescue-craft-frc/,Missing physical document artifact in packaged repository (catalog metadata only),QUARANTINED_UNVERIFIED_ARTIFACT,Download original PDF/HTML from source URL and verify SHA-256,True
EVT-IMCA-0292,International Marine Contractors Association (IMCA),SRC-IMCA-0292,https://www.imca-int.com/resources/safety/safety-flashes/0324-fall-protection-defective-safety-harness/,Missing physical document artifact in packaged repository (catalog metadata only),QUARANTINED_UNVERIFIED_ARTIFACT,Download original PDF/HTML from source URL and verify SHA-256,True
EVT-IMCA-0293,International Marine Contractors Association (IMCA),SRC-IMCA-0293,https://www.imca-int.com/resources/safety/safety-flashes/0324-msf-two-dropped-object-incidents/,Missing physical document artifact in packaged repository (catalog metadata only),QUARANTINED_UNVERIFIED_ARTIFACT,Download original PDF/HTML from source URL and verify SHA-256,True
EVT-IMCA-0294,International Marine Contractors Association (IMCA),SRC-IMCA-0294,https://www.imca-int.com/resources/safety/safety-flashes/0224-day-signal-mast-broke-off-and-fell-to-deck/,Missing physical document artifact in packaged repository (catalog metadata only),QUARANTINED_UNVERIFIED_ARTIFACT,Download original PDF/HTML from source URL and verify SHA-256,True
EVT-IMCA-0295,International Marine Contractors Association (IMCA),SRC-IMCA-0295,https://www.imca-int.com/resources/safety/safety-flashes/0224-person-injured-going-down-ladder/,Missing physical document artifact in packaged repository (catalog metadata only),QUARANTINED_UNVERIFIED_ARTIFACT,Download original PDF/HTML from source URL and verify SHA-256,True
EVT-IMCA-0296,International Marine Contractors Association (IMCA),SRC-IMCA-0296,https://www.imca-int.com/resources/safety/safety-flashes/0224-lti-forklift-knocked-spooler-bar-onto-person-s-leg/,Missing physical document artifact in packaged repository (catalog metadata only),QUARANTINED_UNVERIFIED_ARTIFACT,Download original PDF/HTML from source URL and verify SHA-256,True
EVT-IMCA-0297,International Marine Contractors Association (IMCA),SRC-IMCA-0297,https://www.imca-int.com/resources/safety/safety-flashes/0224-msf-lti-engineer-scalded/,Missing physical document artifact in packaged repository (catalog metadata only),QUARANTINED_UNVERIFIED_ARTIFACT,Download original PDF/HTML from source URL and verify SHA-256,True
EVT-IMCA-0298,International Marine Contractors Association (IMCA),SRC-IMCA-0298,https://www.imca-int.com/resources/safety/safety-flashes/0224-uk-maib-deep-fat-fryer-fire/,Missing physical document artifact in packaged repository (catalog metadata only),QUARANTINED_UNVERIFIED_ARTIFACT,Download original PDF/HTML from source URL and verify SHA-256,True
EVT-IMCA-0299,International Marine Contractors Association (IMCA),SRC-IMCA-0299,https://www.imca-int.com/resources/safety/safety-flashes/0124-diver-in-the-bell-hit-by-falling-object/,Missing physical document artifact in packaged repository (catalog metadata only),QUARANTINED_UNVERIFIED_ARTIFACT,Download original PDF/HTML from source URL and verify SHA-256,True
EVT-IMCA-0300,International Marine Contractors Association (IMCA),SRC-IMCA-0300,https://www.imca-int.com/resources/safety/safety-flashes/0124-divers-lifted-off-seabed-by-clump-weight/,Missing physical document artifact in packaged repository (catalog metadata only),QUARANTINED_UNVERIFIED_ARTIFACT,Download original PDF/HTML from source URL and verify SHA-256,True
EVT-IMCA-0301,International Marine Contractors Association (IMCA),SRC-IMCA-0301,https://www.imca-int.com/resources/safety/safety-flashes/0124-leak-in-hot-water-system-for-saturation-divers/,Missing physical document artifact in packaged repository (catalog metadata only),QUARANTINED_UNVERIFIED_ARTIFACT,Download original PDF/HTML from source URL and verify SHA-256,True
EVT-IMCA-0302,International Marine Contractors Association (IMCA),SRC-IMCA-0302,https://www.imca-int.com/resources/safety/safety-flashes/0124-chain-hoist-paid-out-unsupervised-near-running-main-engine/,Missing physical document artifact in packaged repository (catalog metadata only),QUARANTINED_UNVERIFIED_ARTIFACT,Download original PDF/HTML from source URL and verify SHA-256,True
EVT-IMCA-0303,International Marine Contractors Association (IMCA),SRC-IMCA-0303,https://www.imca-int.com/resources/safety/safety-flashes/0124-uk-maib-workboat-collision-with-wind-turbine-platform/,Missing physical document artifact in packaged repository (catalog metadata only),QUARANTINED_UNVERIFIED_ARTIFACT,Download original PDF/HTML from source URL and verify SHA-256,True
EVT-IMCA-0304,International Marine Contractors Association (IMCA),SRC-IMCA-0304,https://www.imca-int.com/resources/safety/safety-flashes/2923-failure-of-personal-isolation-procedures-crane-became-damaged-when-it-was-used-inappropriately/,Missing physical document artifact in packaged repository (catalog metadata only),QUARANTINED_UNVERIFIED_ARTIFACT,Download original PDF/HTML from source URL and verify SHA-256,True
EVT-IMCA-0305,International Marine Contractors Association (IMCA),SRC-IMCA-0305,https://www.imca-int.com/resources/safety/safety-flashes/2923-worker-cut-hand-on-broken-mirror/,Missing physical document artifact in packaged repository (catalog metadata only),QUARANTINED_UNVERIFIED_ARTIFACT,Download original PDF/HTML from source URL and verify SHA-256,True
EVT-IMCA-0306,International Marine Contractors Association (IMCA),SRC-IMCA-0306,https://www.imca-int.com/resources/safety/safety-flashes/2923-lti-finger-crushed-whilst-operating-safety-gate/,Missing physical document artifact in packaged repository (catalog metadata only),QUARANTINED_UNVERIFIED_ARTIFACT,Download original PDF/HTML from source URL and verify SHA-256,True
EVT-IMCA-0307,International Marine Contractors Association (IMCA),SRC-IMCA-0307,https://www.imca-int.com/resources/safety/safety-flashes/2923-two-hand-injuries/,Missing physical document artifact in packaged repository (catalog metadata only),QUARANTINED_UNVERIFIED_ARTIFACT,Download original PDF/HTML from source URL and verify SHA-256,True
EVT-IMCA-0308,International Marine Contractors Association (IMCA),SRC-IMCA-0308,https://www.imca-int.com/resources/safety/safety-flashes/2923-line-of-fire-near-miss-during-lifting-operations/,Missing physical document artifact in packaged repository (catalog metadata only),QUARANTINED_UNVERIFIED_ARTIFACT,Download original PDF/HTML from source URL and verify SHA-256,True
EVT-IMCA-0309,International Marine Contractors Association (IMCA),SRC-IMCA-0309,https://www.imca-int.com/resources/safety/safety-flashes/2823-ntsb-lithium-ion-battery-fire-destroys-vessel-bridge/,Missing physical document artifact in packaged repository (catalog metadata only),QUARANTINED_UNVERIFIED_ARTIFACT,Download original PDF/HTML from source URL and verify SHA-256,True
EVT-IMCA-0310,International Marine Contractors Association (IMCA),SRC-IMCA-0310,https://www.imca-int.com/resources/safety/safety-flashes/2823-uk-maib-shifting-of-centre-of-gravity-of-load/,Missing physical document artifact in packaged repository (catalog metadata only),QUARANTINED_UNVERIFIED_ARTIFACT,Download original PDF/HTML from source URL and verify SHA-256,True
EVT-IMCA-0311,International Marine Contractors Association (IMCA),SRC-IMCA-0311,https://www.imca-int.com/resources/safety/safety-flashes/2823-uk-maib-electrician-injured-in-explosion/,Missing physical document artifact in packaged repository (catalog metadata only),QUARANTINED_UNVERIFIED_ARTIFACT,Download original PDF/HTML from source URL and verify SHA-256,True
EVT-IMCA-0312,International Marine Contractors Association (IMCA),SRC-IMCA-0312,https://www.imca-int.com/resources/safety/safety-flashes/2823-lti-fingers-injured-during-fender-lifting-operation/,Missing physical document artifact in packaged repository (catalog metadata only),QUARANTINED_UNVERIFIED_ARTIFACT,Download original PDF/HTML from source URL and verify SHA-256,True
EVT-IMCA-0313,International Marine Contractors Association (IMCA),SRC-IMCA-0313,https://www.imca-int.com/resources/safety/safety-flashes/2823-lti-gangway-collapsed/,Missing physical document artifact in packaged repository (catalog metadata only),QUARANTINED_UNVERIFIED_ARTIFACT,Download original PDF/HTML from source URL and verify SHA-256,True
EVT-IMCA-0314,International Marine Contractors Association (IMCA),SRC-IMCA-0314,https://www.imca-int.com/resources/safety/safety-flashes/2723-case-study-confined-space-fatalities-due-to-hydrogen-sulphide/,Missing physical document artifact in packaged repository (catalog metadata only),QUARANTINED_UNVERIFIED_ARTIFACT,Download original PDF/HTML from source URL and verify SHA-256,True
EVT-IMCA-0315,International Marine Contractors Association (IMCA),SRC-IMCA-0315,https://www.imca-int.com/resources/safety/safety-flashes/2723-case-study-saturation-diver-fatality-due-to-hydrogen-sulphide/,Missing physical document artifact in packaged repository (catalog metadata only),QUARANTINED_UNVERIFIED_ARTIFACT,Download original PDF/HTML from source URL and verify SHA-256,True
EVT-IMCA-0316,International Marine Contractors Association (IMCA),SRC-IMCA-0316,https://www.imca-int.com/resources/safety/safety-flashes/2723-failure-of-proportional-valve-in-saturation-chamber-control/,Missing physical document artifact in packaged repository (catalog metadata only),QUARANTINED_UNVERIFIED_ARTIFACT,Download original PDF/HTML from source URL and verify SHA-256,True
EVT-IMCA-0317,International Marine Contractors Association (IMCA),SRC-IMCA-0317,https://www.imca-int.com/resources/safety/safety-flashes/2723-compressed-air-rather-than-oxygen-supplied-to-divers/,Missing physical document artifact in packaged repository (catalog metadata only),QUARANTINED_UNVERIFIED_ARTIFACT,Download original PDF/HTML from source URL and verify SHA-256,True
EVT-IMCA-0318,International Marine Contractors Association (IMCA),SRC-IMCA-0318,https://www.imca-int.com/resources/safety/safety-flashes/2623-positive-master-stopped-unsafe-fuel-transfer-whilst-vessel-alongside-rig/,Missing physical document artifact in packaged repository (catalog metadata only),QUARANTINED_UNVERIFIED_ARTIFACT,Download original PDF/HTML from source URL and verify SHA-256,True
EVT-IMCA-0319,International Marine Contractors Association (IMCA),SRC-IMCA-0319,https://www.imca-int.com/resources/safety/safety-flashes/2623-vehicle-incident-driver-tiredness/,Missing physical document artifact in packaged repository (catalog metadata only),QUARANTINED_UNVERIFIED_ARTIFACT,Download original PDF/HTML from source URL and verify SHA-256,True
EVT-IMCA-0320,International Marine Contractors Association (IMCA),SRC-IMCA-0320,https://www.imca-int.com/resources/safety/safety-flashes/2623-failure-of-ahc-cylinder-causing-oil-leak-to-deck/,Missing physical document artifact in packaged repository (catalog metadata only),QUARANTINED_UNVERIFIED_ARTIFACT,Download original PDF/HTML from source URL and verify SHA-256,True
EVT-IMCA-0321,International Marine Contractors Association (IMCA),SRC-IMCA-0321,https://www.imca-int.com/resources/safety/safety-flashes/2623-high-potential-near-miss-dropped-paraguard-stretcher-during-drill/,Missing physical document artifact in packaged repository (catalog metadata only),QUARANTINED_UNVERIFIED_ARTIFACT,Download original PDF/HTML from source URL and verify SHA-256,True
EVT-IMCA-0322,International Marine Contractors Association (IMCA),SRC-IMCA-0322,https://www.imca-int.com/resources/safety/safety-flashes/2623-high-potential-near-miss-crane-part-fell-to-deck/,Missing physical document artifact in packaged repository (catalog metadata only),QUARANTINED_UNVERIFIED_ARTIFACT,Download original PDF/HTML from source URL and verify SHA-256,True
EVT-IMCA-0323,International Marine Contractors Association (IMCA),SRC-IMCA-0323,https://www.imca-int.com/resources/safety/safety-flashes/2523-fire-in-rov-workshop/,Missing physical document artifact in packaged repository (catalog metadata only),QUARANTINED_UNVERIFIED_ARTIFACT,Download original PDF/HTML from source URL and verify SHA-256,True
EVT-IMCA-0324,International Marine Contractors Association (IMCA),SRC-IMCA-0324,https://www.imca-int.com/resources/safety/safety-flashes/2523-fire-fighting-equipment-in-poor-condition/,Missing physical document artifact in packaged repository (catalog metadata only),QUARANTINED_UNVERIFIED_ARTIFACT,Download original PDF/HTML from source URL and verify SHA-256,True
EVT-IMCA-0325,International Marine Contractors Association (IMCA),SRC-IMCA-0325,https://www.imca-int.com/resources/safety/safety-flashes/2523-fire-extinguisher-fails-during-pressure-testing/,Missing physical document artifact in packaged repository (catalog metadata only),QUARANTINED_UNVERIFIED_ARTIFACT,Download original PDF/HTML from source URL and verify SHA-256,True
EVT-IMCA-0326,International Marine Contractors Association (IMCA),SRC-IMCA-0326,https://www.imca-int.com/resources/safety/safety-flashes/2523-serious-lti-person-struck-in-rigging-accident/,Missing physical document artifact in packaged repository (catalog metadata only),QUARANTINED_UNVERIFIED_ARTIFACT,Download original PDF/HTML from source URL and verify SHA-256,True
EVT-IMCA-0327,International Marine Contractors Association (IMCA),SRC-IMCA-0327,https://www.imca-int.com/resources/safety/safety-flashes/2523-near-miss-dropped-object-during-lifeboat-testing/,Missing physical document artifact in packaged repository (catalog metadata only),QUARANTINED_UNVERIFIED_ARTIFACT,Download original PDF/HTML from source URL and verify SHA-256,True
EVT-IMCA-0328,International Marine Contractors Association (IMCA),SRC-IMCA-0328,https://www.imca-int.com/resources/safety/safety-flashes/2423-job-stopped-safely-safe-working-load-limits-exceeded/,Missing physical document artifact in packaged repository (catalog metadata only),QUARANTINED_UNVERIFIED_ARTIFACT,Download original PDF/HTML from source URL and verify SHA-256,True
EVT-IMCA-0329,International Marine Contractors Association (IMCA),SRC-IMCA-0329,https://www.imca-int.com/resources/safety/safety-flashes/2423-unprotected-openings-in-floor-grating-work-stopped/,Missing physical document artifact in packaged repository (catalog metadata only),QUARANTINED_UNVERIFIED_ARTIFACT,Download original PDF/HTML from source URL and verify SHA-256,True
EVT-IMCA-0330,International Marine Contractors Association (IMCA),SRC-IMCA-0330,https://www.imca-int.com/resources/safety/safety-flashes/2423-uncertified-bosun-s-chairs/,Missing physical document artifact in packaged repository (catalog metadata only),QUARANTINED_UNVERIFIED_ARTIFACT,Download original PDF/HTML from source URL and verify SHA-256,True
EVT-IMCA-0331,International Marine Contractors Association (IMCA),SRC-IMCA-0331,https://www.imca-int.com/resources/safety/safety-flashes/2423-fire-in-the-laundry-room/,Missing physical document artifact in packaged repository (catalog metadata only),QUARANTINED_UNVERIFIED_ARTIFACT,Download original PDF/HTML from source URL and verify SHA-256,True
EVT-IMCA-0332,International Marine Contractors Association (IMCA),SRC-IMCA-0332,https://www.imca-int.com/resources/safety/safety-flashes/2423-bsee-heat-related-illnesses-occurring-offshore/,Missing physical document artifact in packaged repository (catalog metadata only),QUARANTINED_UNVERIFIED_ARTIFACT,Download original PDF/HTML from source URL and verify SHA-256,True
EVT-IMCA-0333,International Marine Contractors Association (IMCA),SRC-IMCA-0333,https://www.imca-int.com/resources/safety/safety-flashes/2323-unsafe-flooring-led-to-man-overboard-fatality/,Missing physical document artifact in packaged repository (catalog metadata only),QUARANTINED_UNVERIFIED_ARTIFACT,Download original PDF/HTML from source URL and verify SHA-256,True
EVT-IMCA-0334,International Marine Contractors Association (IMCA),SRC-IMCA-0334,https://www.imca-int.com/resources/safety/safety-flashes/2323-rope-access-technician-slipped-and-dislocated-shoulder/,Missing physical document artifact in packaged repository (catalog metadata only),QUARANTINED_UNVERIFIED_ARTIFACT,Download original PDF/HTML from source URL and verify SHA-256,True
EVT-IMCA-0335,International Marine Contractors Association (IMCA),SRC-IMCA-0335,https://www.imca-int.com/resources/safety/safety-flashes/2323-lti-worker-fractured-arm-during-mooring-line-handling/,Missing physical document artifact in packaged repository (catalog metadata only),QUARANTINED_UNVERIFIED_ARTIFACT,Download original PDF/HTML from source URL and verify SHA-256,True
EVT-IMCA-0336,International Marine Contractors Association (IMCA),SRC-IMCA-0336,https://www.imca-int.com/resources/safety/safety-flashes/2323-serious-hand-injury-during-mooring-operations/,Missing physical document artifact in packaged repository (catalog metadata only),QUARANTINED_UNVERIFIED_ARTIFACT,Download original PDF/HTML from source URL and verify SHA-256,True
EVT-IMCA-0337,International Marine Contractors Association (IMCA),SRC-IMCA-0337,https://www.imca-int.com/resources/safety/safety-flashes/2323-lti-fingertip-pinched-by-wire-sling/,Missing physical document artifact in packaged repository (catalog metadata only),QUARANTINED_UNVERIFIED_ARTIFACT,Download original PDF/HTML from source URL and verify SHA-256,True
EVT-IMCA-0338,International Marine Contractors Association (IMCA),SRC-IMCA-0338,https://www.imca-int.com/resources/safety/safety-flashes/2223-fall-from-pilot-ladder/,Missing physical document artifact in packaged repository (catalog metadata only),QUARANTINED_UNVERIFIED_ARTIFACT,Download original PDF/HTML from source URL and verify SHA-256,True
EVT-IMCA-0339,International Marine Contractors Association (IMCA),SRC-IMCA-0339,https://www.imca-int.com/resources/safety/safety-flashes/2223-bsee-hazards-to-personnel-during-lifting-operations/,Missing physical document artifact in packaged repository (catalog metadata only),QUARANTINED_UNVERIFIED_ARTIFACT,Download original PDF/HTML from source URL and verify SHA-256,True
EVT-IMCA-0340,International Marine Contractors Association (IMCA),SRC-IMCA-0340,https://www.imca-int.com/resources/safety/safety-flashes/2223-uk-hse-worker-struck-in-the-face-by-a-crane-hook/,Missing physical document artifact in packaged repository (catalog metadata only),QUARANTINED_UNVERIFIED_ARTIFACT,Download original PDF/HTML from source URL and verify SHA-256,True
EVT-IMCA-0341,International Marine Contractors Association (IMCA),SRC-IMCA-0341,https://www.imca-int.com/resources/safety/safety-flashes/2223-fatality-due-to-fire-incident-and-fall-from-height/,Missing physical document artifact in packaged repository (catalog metadata only),QUARANTINED_UNVERIFIED_ARTIFACT,Download original PDF/HTML from source URL and verify SHA-256,True
EVT-IMCA-0342,International Marine Contractors Association (IMCA),SRC-IMCA-0342,https://www.imca-int.com/resources/safety/safety-flashes/2223-finger-injury-while-setting-up-pipe-cutting-operation/,Missing physical document artifact in packaged repository (catalog metadata only),QUARANTINED_UNVERIFIED_ARTIFACT,Download original PDF/HTML from source URL and verify SHA-256,True
EVT-IMCA-0343,International Marine Contractors Association (IMCA),SRC-IMCA-0343,https://www.imca-int.com/resources/safety/safety-flashes/2123-fatality-during-transfer-of-pipes/,Missing physical document artifact in packaged repository (catalog metadata only),QUARANTINED_UNVERIFIED_ARTIFACT,Download original PDF/HTML from source URL and verify SHA-256,True
EVT-IMCA-0344,International Marine Contractors Association (IMCA),SRC-IMCA-0344,https://www.imca-int.com/resources/safety/safety-flashes/2123-getting-fall-arrest-equipment-right/,Missing physical document artifact in packaged repository (catalog metadata only),QUARANTINED_UNVERIFIED_ARTIFACT,Download original PDF/HTML from source URL and verify SHA-256,True
EVT-IMCA-0345,International Marine Contractors Association (IMCA),SRC-IMCA-0345,https://www.imca-int.com/resources/safety/safety-flashes/2123-paper-shredder-explosion/,Missing physical document artifact in packaged repository (catalog metadata only),QUARANTINED_UNVERIFIED_ARTIFACT,Download original PDF/HTML from source URL and verify SHA-256,True
EVT-IMCA-0346,International Marine Contractors Association (IMCA),SRC-IMCA-0346,https://www.imca-int.com/resources/safety/safety-flashes/2123-msf-air-cylinder-high-pressure-discharge/,Missing physical document artifact in packaged repository (catalog metadata only),QUARANTINED_UNVERIFIED_ARTIFACT,Download original PDF/HTML from source URL and verify SHA-256,True
EVT-IMCA-0347,International Marine Contractors Association (IMCA),SRC-IMCA-0347,https://www.imca-int.com/resources/safety/safety-flashes/2123-bsee-improper-use-and-application-of-high-pressure-hoses/,Missing physical document artifact in packaged repository (catalog metadata only),QUARANTINED_UNVERIFIED_ARTIFACT,Download original PDF/HTML from source URL and verify SHA-256,True
EVT-IMCA-0348,International Marine Contractors Association (IMCA),SRC-IMCA-0348,https://www.imca-int.com/resources/safety/safety-flashes/2023-lti-person-fractured-pelvis-in-a-fall-from-a-ladder/,Missing physical document artifact in packaged repository (catalog metadata only),QUARANTINED_UNVERIFIED_ARTIFACT,Download original PDF/HTML from source URL and verify SHA-256,True
EVT-IMCA-0349,International Marine Contractors Association (IMCA),SRC-IMCA-0349,https://www.imca-int.com/resources/safety/safety-flashes/2023-caught-between-unplanned-movement-of-equipment-leads-to-severe-injuries/,Missing physical document artifact in packaged repository (catalog metadata only),QUARANTINED_UNVERIFIED_ARTIFACT,Download original PDF/HTML from source URL and verify SHA-256,True
EVT-IMCA-0350,International Marine Contractors Association (IMCA),SRC-IMCA-0350,https://www.imca-int.com/resources/safety/safety-flashes/2023-unplanned-rotation-of-drilling-machinery/,Missing physical document artifact in packaged repository (catalog metadata only),QUARANTINED_UNVERIFIED_ARTIFACT,Download original PDF/HTML from source URL and verify SHA-256,True
EVT-IMCA-0351,International Marine Contractors Association (IMCA),SRC-IMCA-0351,https://www.imca-int.com/resources/safety/safety-flashes/2023-chirp-crew-vigilance-prevents-mooring-incident/,Missing physical document artifact in packaged repository (catalog metadata only),QUARANTINED_UNVERIFIED_ARTIFACT,Download original PDF/HTML from source URL and verify SHA-256,True
EVT-IMCA-0352,International Marine Contractors Association (IMCA),SRC-IMCA-0352,https://www.imca-int.com/resources/safety/safety-flashes/2023-msf-two-recent-dropped-object-incidents/,Missing physical document artifact in packaged repository (catalog metadata only),QUARANTINED_UNVERIFIED_ARTIFACT,Download original PDF/HTML from source URL and verify SHA-256,True
EVT-IMCA-0353,International Marine Contractors Association (IMCA),SRC-IMCA-0353,https://www.imca-int.com/resources/safety/safety-flashes/1923-unexpected-descent-and-ascent-of-mattress-lifting-frame/,Missing physical document artifact in packaged repository (catalog metadata only),QUARANTINED_UNVERIFIED_ARTIFACT,Download original PDF/HTML from source URL and verify SHA-256,True
EVT-IMCA-0354,International Marine Contractors Association (IMCA),SRC-IMCA-0354,https://www.imca-int.com/resources/safety/safety-flashes/1923-high-potential-dropped-chain-assembly/,Missing physical document artifact in packaged repository (catalog metadata only),QUARANTINED_UNVERIFIED_ARTIFACT,Download original PDF/HTML from source URL and verify SHA-256,True
EVT-IMCA-0355,International Marine Contractors Association (IMCA),SRC-IMCA-0355,https://www.imca-int.com/resources/safety/safety-flashes/1923-near-miss-with-high-pressure-gas-due-to-incorrect-procedures/,Missing physical document artifact in packaged repository (catalog metadata only),QUARANTINED_UNVERIFIED_ARTIFACT,Download original PDF/HTML from source URL and verify SHA-256,True
EVT-IMCA-0356,International Marine Contractors Association (IMCA),SRC-IMCA-0356,https://www.imca-int.com/resources/safety/safety-flashes/1923-electrocution-incident-make-sure-electrical-equipment-is-safe/,Missing physical document artifact in packaged repository (catalog metadata only),QUARANTINED_UNVERIFIED_ARTIFACT,Download original PDF/HTML from source URL and verify SHA-256,True
EVT-IMCA-0357,International Marine Contractors Association (IMCA),SRC-IMCA-0357,https://www.imca-int.com/resources/safety/safety-flashes/1923-msf-person-injured-falling-between-decks/,Missing physical document artifact in packaged repository (catalog metadata only),QUARANTINED_UNVERIFIED_ARTIFACT,Download original PDF/HTML from source URL and verify SHA-256,True
EVT-IMCA-0358,International Marine Contractors Association (IMCA),SRC-IMCA-0358,https://www.imca-int.com/resources/safety/safety-flashes/1823-restricted-air-supply-to-diver/,Missing physical document artifact in packaged repository (catalog metadata only),QUARANTINED_UNVERIFIED_ARTIFACT,Download original PDF/HTML from source URL and verify SHA-256,True
EVT-IMCA-0359,International Marine Contractors Association (IMCA),SRC-IMCA-0359,https://www.imca-int.com/resources/safety/safety-flashes/1823-lti-crew-member-fell-down-open-hatch/,Missing physical document artifact in packaged repository (catalog metadata only),QUARANTINED_UNVERIFIED_ARTIFACT,Download original PDF/HTML from source URL and verify SHA-256,True
EVT-IMCA-0360,International Marine Contractors Association (IMCA),SRC-IMCA-0360,https://www.imca-int.com/resources/safety/safety-flashes/1823-fire-in-diesel-generator-following-tests/,Missing physical document artifact in packaged repository (catalog metadata only),QUARANTINED_UNVERIFIED_ARTIFACT,Download original PDF/HTML from source URL and verify SHA-256,True
EVT-IMCA-0361,International Marine Contractors Association (IMCA),SRC-IMCA-0361,https://www.imca-int.com/resources/safety/safety-flashes/1823-chain-caught-and-broke/,Missing physical document artifact in packaged repository (catalog metadata only),QUARANTINED_UNVERIFIED_ARTIFACT,Download original PDF/HTML from source URL and verify SHA-256,True
EVT-IMCA-0362,International Marine Contractors Association (IMCA),SRC-IMCA-0362,https://www.imca-int.com/resources/safety/safety-flashes/1823-bsee-overhaul-ball-falls-to-deck-resulting-in-high-potential-near-miss/,Missing physical document artifact in packaged repository (catalog metadata only),QUARANTINED_UNVERIFIED_ARTIFACT,Download original PDF/HTML from source URL and verify SHA-256,True
EVT-IMCA-0363,International Marine Contractors Association (IMCA),SRC-IMCA-0363,https://www.imca-int.com/resources/safety/safety-flashes/1723-serious-finger-injury-in-power-operated-watertight-sliding-door/,Missing physical document artifact in packaged repository (catalog metadata only),QUARANTINED_UNVERIFIED_ARTIFACT,Download original PDF/HTML from source URL and verify SHA-256,True
EVT-IMCA-0364,International Marine Contractors Association (IMCA),SRC-IMCA-0364,https://www.imca-int.com/resources/safety/safety-flashes/1723-lti-serious-hand-injury-fingers-lost-in-unexpected-hatch-closure/,Missing physical document artifact in packaged repository (catalog metadata only),QUARANTINED_UNVERIFIED_ARTIFACT,Download original PDF/HTML from source URL and verify SHA-256,True
EVT-IMCA-0365,International Marine Contractors Association (IMCA),SRC-IMCA-0365,https://www.imca-int.com/resources/safety/safety-flashes/1723-finger-injury-during-lifting-operations/,Missing physical document artifact in packaged repository (catalog metadata only),QUARANTINED_UNVERIFIED_ARTIFACT,Download original PDF/HTML from source URL and verify SHA-256,True
EVT-IMCA-0366,International Marine Contractors Association (IMCA),SRC-IMCA-0366,https://www.imca-int.com/resources/safety/safety-flashes/1723-finger-injury-during-shackle-handling/,Missing physical document artifact in packaged repository (catalog metadata only),QUARANTINED_UNVERIFIED_ARTIFACT,Download original PDF/HTML from source URL and verify SHA-256,True
EVT-IMCA-0367,International Marine Contractors Association (IMCA),SRC-IMCA-0367,https://www.imca-int.com/resources/safety/safety-flashes/1723-hand-and-finger-injuries/,Missing physical document artifact in packaged repository (catalog metadata only),QUARANTINED_UNVERIFIED_ARTIFACT,Download original PDF/HTML from source URL and verify SHA-256,True
EVT-IMCA-0368,International Marine Contractors Association (IMCA),SRC-IMCA-0368,https://www.imca-int.com/resources/safety/safety-flashes/1623-crew-member-in-small-boat-slipped-and-dislocated-shoulder/,Missing physical document artifact in packaged repository (catalog metadata only),QUARANTINED_UNVERIFIED_ARTIFACT,Download original PDF/HTML from source URL and verify SHA-256,True
EVT-IMCA-0369,International Marine Contractors Association (IMCA),SRC-IMCA-0369,https://www.imca-int.com/resources/safety/safety-flashes/1623-small-boat-crew-exposed-to-fpso-process-water-discharge-fumes-and-aerosol/,Missing physical document artifact in packaged repository (catalog metadata only),QUARANTINED_UNVERIFIED_ARTIFACT,Download original PDF/HTML from source URL and verify SHA-256,True
EVT-IMCA-0370,International Marine Contractors Association (IMCA),SRC-IMCA-0370,https://www.imca-int.com/resources/safety/safety-flashes/1623-lti-crew-person-cracked-shin-bone/,Missing physical document artifact in packaged repository (catalog metadata only),QUARANTINED_UNVERIFIED_ARTIFACT,Download original PDF/HTML from source URL and verify SHA-256,True
EVT-IMCA-0371,International Marine Contractors Association (IMCA),SRC-IMCA-0371,https://www.imca-int.com/resources/safety/safety-flashes/1623-person-slipped-on-stairway-while-wearing-shoe-covers/,Missing physical document artifact in packaged repository (catalog metadata only),QUARANTINED_UNVERIFIED_ARTIFACT,Download original PDF/HTML from source URL and verify SHA-256,True
EVT-IMCA-0372,International Marine Contractors Association (IMCA),SRC-IMCA-0372,https://www.imca-int.com/resources/safety/safety-flashes/1623-bsee-lack-of-training-with-hydraulic-torque-wrench-contributes-to-fatality/,Missing physical document artifact in packaged repository (catalog metadata only),QUARANTINED_UNVERIFIED_ARTIFACT,Download original PDF/HTML from source URL and verify SHA-256,True
EVT-IMCA-0373,International Marine Contractors Association (IMCA),SRC-IMCA-0373,https://www.imca-int.com/resources/safety/safety-flashes/1523-lifting-chains-parted-hydrogen-embrittlement/,Missing physical document artifact in packaged repository (catalog metadata only),QUARANTINED_UNVERIFIED_ARTIFACT,Download original PDF/HTML from source URL and verify SHA-256,True
EVT-IMCA-0374,International Marine Contractors Association (IMCA),SRC-IMCA-0374,https://www.imca-int.com/resources/safety/safety-flashes/1523-davit-hook-failures/,Missing physical document artifact in packaged repository (catalog metadata only),QUARANTINED_UNVERIFIED_ARTIFACT,Download original PDF/HTML from source URL and verify SHA-256,True
EVT-IMCA-0375,International Marine Contractors Association (IMCA),SRC-IMCA-0375,https://www.imca-int.com/resources/safety/safety-flashes/1523-sheave-became-detached-during-lifting-operations/,Missing physical document artifact in packaged repository (catalog metadata only),QUARANTINED_UNVERIFIED_ARTIFACT,Download original PDF/HTML from source URL and verify SHA-256,True
EVT-IMCA-0376,International Marine Contractors Association (IMCA),SRC-IMCA-0376,https://www.imca-int.com/resources/safety/safety-flashes/1523-near-miss-personnel-transfer-basket-hit-structure/,Missing physical document artifact in packaged repository (catalog metadata only),QUARANTINED_UNVERIFIED_ARTIFACT,Download original PDF/HTML from source URL and verify SHA-256,True
EVT-IMCA-0377,International Marine Contractors Association (IMCA),SRC-IMCA-0377,https://www.imca-int.com/resources/safety/safety-flashes/1523-bsee-a-warning-on-tagline-entanglement/,Missing physical document artifact in packaged repository (catalog metadata only),QUARANTINED_UNVERIFIED_ARTIFACT,Download original PDF/HTML from source URL and verify SHA-256,True
EVT-IMCA-0378,International Marine Contractors Association (IMCA),SRC-IMCA-0378,https://www.imca-int.com/resources/safety/safety-flashes/1423-maib-high-pressure-oil-leak-causes-a-fire-in-the-engine-room/,Missing physical document artifact in packaged repository (catalog metadata only),QUARANTINED_UNVERIFIED_ARTIFACT,Download original PDF/HTML from source URL and verify SHA-256,True
EVT-IMCA-0379,International Marine Contractors Association (IMCA),SRC-IMCA-0379,https://www.imca-int.com/resources/safety/safety-flashes/1423-maib-gantry-crane-wire-parted-causing-injury/,Missing physical document artifact in packaged repository (catalog metadata only),QUARANTINED_UNVERIFIED_ARTIFACT,Download original PDF/HTML from source URL and verify SHA-256,True
EVT-IMCA-0380,International Marine Contractors Association (IMCA),SRC-IMCA-0380,https://www.imca-int.com/resources/safety/safety-flashes/1423-maib-a-heavy-sheave-fell-over-causing-an-lti/,Missing physical document artifact in packaged repository (catalog metadata only),QUARANTINED_UNVERIFIED_ARTIFACT,Download original PDF/HTML from source URL and verify SHA-256,True
EVT-IMCA-0381,International Marine Contractors Association (IMCA),SRC-IMCA-0381,https://www.imca-int.com/resources/safety/safety-flashes/1423-maib-who-is-in-control/,Missing physical document artifact in packaged repository (catalog metadata only),QUARANTINED_UNVERIFIED_ARTIFACT,Download original PDF/HTML from source URL and verify SHA-256,True
EVT-IMCA-0382,International Marine Contractors Association (IMCA),SRC-IMCA-0382,https://www.imca-int.com/resources/safety/safety-flashes/1423-maib-lithium-ion-battery-fire/,Missing physical document artifact in packaged repository (catalog metadata only),QUARANTINED_UNVERIFIED_ARTIFACT,Download original PDF/HTML from source URL and verify SHA-256,True
EVT-IMCA-0383,International Marine Contractors Association (IMCA),SRC-IMCA-0383,https://www.imca-int.com/resources/safety/safety-flashes/1323-loss-of-redundancy-in-diving-bell-launch-and-recovery-lars-plc-system/,Missing physical document artifact in packaged repository (catalog metadata only),QUARANTINED_UNVERIFIED_ARTIFACT,Download original PDF/HTML from source URL and verify SHA-256,True
EVT-IMCA-0384,International Marine Contractors Association (IMCA),SRC-IMCA-0384,https://www.imca-int.com/resources/safety/safety-flashes/1323-hand-injury-in-medical-airlock/,Missing physical document artifact in packaged repository (catalog metadata only),QUARANTINED_UNVERIFIED_ARTIFACT,Download original PDF/HTML from source URL and verify SHA-256,True
EVT-IMCA-0385,International Marine Contractors Association (IMCA),SRC-IMCA-0385,https://www.imca-int.com/resources/safety/safety-flashes/1323-painter-line-snapped-and-hit-crew-member-in-the-face/,Missing physical document artifact in packaged repository (catalog metadata only),QUARANTINED_UNVERIFIED_ARTIFACT,Download original PDF/HTML from source URL and verify SHA-256,True
EVT-IMCA-0386,International Marine Contractors Association (IMCA),SRC-IMCA-0386,https://www.imca-int.com/resources/safety/safety-flashes/1323-msf-disposable-vape-self-ignition/,Missing physical document artifact in packaged repository (catalog metadata only),QUARANTINED_UNVERIFIED_ARTIFACT,Download original PDF/HTML from source URL and verify SHA-256,True
EVT-IMCA-0387,International Marine Contractors Association (IMCA),SRC-IMCA-0387,https://www.imca-int.com/resources/safety/safety-flashes/1323-hand-injury-while-using-manual-torque-tool/,Missing physical document artifact in packaged repository (catalog metadata only),QUARANTINED_UNVERIFIED_ARTIFACT,Download original PDF/HTML from source URL and verify SHA-256,True
EVT-IMCA-0388,International Marine Contractors Association (IMCA),SRC-IMCA-0388,https://www.imca-int.com/resources/safety/safety-flashes/1223-differential-pressure-dummy-choke-ejected-close-to-divers/,Missing physical document artifact in packaged repository (catalog metadata only),QUARANTINED_UNVERIFIED_ARTIFACT,Download original PDF/HTML from source URL and verify SHA-256,True
EVT-IMCA-0389,International Marine Contractors Association (IMCA),SRC-IMCA-0389,https://www.imca-int.com/resources/safety/safety-flashes/1223-crane-boom-stopper-fell-to-main-deck/,Missing physical document artifact in packaged repository (catalog metadata only),QUARANTINED_UNVERIFIED_ARTIFACT,Download original PDF/HTML from source URL and verify SHA-256,True
EVT-IMCA-0390,International Marine Contractors Association (IMCA),SRC-IMCA-0390,https://www.imca-int.com/resources/safety/safety-flashes/1223-fire-alarm-activation-in-engine-room/,Missing physical document artifact in packaged repository (catalog metadata only),QUARANTINED_UNVERIFIED_ARTIFACT,Download original PDF/HTML from source URL and verify SHA-256,True
EVT-IMCA-0391,International Marine Contractors Association (IMCA),SRC-IMCA-0391,https://www.imca-int.com/resources/safety/safety-flashes/1223-bsee-swing-rope-transfers/,Missing physical document artifact in packaged repository (catalog metadata only),QUARANTINED_UNVERIFIED_ARTIFACT,Download original PDF/HTML from source URL and verify SHA-256,True
EVT-IMCA-0392,International Marine Contractors Association (IMCA),SRC-IMCA-0392,https://www.imca-int.com/resources/safety/safety-flashes/1223-close-approach-of-ahts-vessel-to-offshore-rig/,Missing physical document artifact in packaged repository (catalog metadata only),QUARANTINED_UNVERIFIED_ARTIFACT,Download original PDF/HTML from source URL and verify SHA-256,True
EVT-IMCA-0393,International Marine Contractors Association (IMCA),SRC-IMCA-0393,https://www.imca-int.com/resources/safety/safety-flashes/1123-uncontrolled-movement-of-spreader-bar/,Missing physical document artifact in packaged repository (catalog metadata only),QUARANTINED_UNVERIFIED_ARTIFACT,Download original PDF/HTML from source URL and verify SHA-256,True
EVT-IMCA-0394,International Marine Contractors Association (IMCA),SRC-IMCA-0394,https://www.imca-int.com/resources/safety/safety-flashes/1123-inspection-notice-from-crosby-on-certain-products/,Missing physical document artifact in packaged repository (catalog metadata only),QUARANTINED_UNVERIFIED_ARTIFACT,Download original PDF/HTML from source URL and verify SHA-256,True
EVT-IMCA-0395,International Marine Contractors Association (IMCA),SRC-IMCA-0395,https://www.imca-int.com/resources/safety/safety-flashes/1123-equipment-starts-unexpectedly/,Missing physical document artifact in packaged repository (catalog metadata only),QUARANTINED_UNVERIFIED_ARTIFACT,Download original PDF/HTML from source URL and verify SHA-256,True
EVT-IMCA-0396,International Marine Contractors Association (IMCA),SRC-IMCA-0396,https://www.imca-int.com/resources/safety/safety-flashes/1123-near-miss-steam-and-water-released-from-filter/,Missing physical document artifact in packaged repository (catalog metadata only),QUARANTINED_UNVERIFIED_ARTIFACT,Download original PDF/HTML from source URL and verify SHA-256,True
EVT-IMCA-0397,International Marine Contractors Association (IMCA),SRC-IMCA-0397,https://www.imca-int.com/resources/safety/safety-flashes/1123-maintenance-and-control-of-fire-doors/,Missing physical document artifact in packaged repository (catalog metadata only),QUARANTINED_UNVERIFIED_ARTIFACT,Download original PDF/HTML from source URL and verify SHA-256,True
EVT-IMCA-0398,International Marine Contractors Association (IMCA),SRC-IMCA-0398,https://www.imca-int.com/resources/safety/safety-flashes/1023-bsee-person-injured-when-safety-mechanisms-failed/,Missing physical document artifact in packaged repository (catalog metadata only),QUARANTINED_UNVERIFIED_ARTIFACT,Download original PDF/HTML from source URL and verify SHA-256,True
EVT-IMCA-0399,International Marine Contractors Association (IMCA),SRC-IMCA-0399,https://www.imca-int.com/resources/safety/safety-flashes/1023-dropped-spanner-falls-15-m/,Missing physical document artifact in packaged repository (catalog metadata only),QUARANTINED_UNVERIFIED_ARTIFACT,Download original PDF/HTML from source URL and verify SHA-256,True
EVT-IMCA-0400,International Marine Contractors Association (IMCA),SRC-IMCA-0400,https://www.imca-int.com/resources/safety/safety-flashes/1023-equipment-damage-dropped-object-from-tiltable-lay-system/,Missing physical document artifact in packaged repository (catalog metadata only),QUARANTINED_UNVERIFIED_ARTIFACT,Download original PDF/HTML from source URL and verify SHA-256,True
EVT-IMCA-0401,International Marine Contractors Association (IMCA),SRC-IMCA-0401,https://www.imca-int.com/resources/safety/safety-flashes/1023-near-miss-personnel-nearly-struck-by-rotating-chain-attached-to-flexible-pipe/,Missing physical document artifact in packaged repository (catalog metadata only),QUARANTINED_UNVERIFIED_ARTIFACT,Download original PDF/HTML from source URL and verify SHA-256,True
EVT-IMCA-0402,International Marine Contractors Association (IMCA),SRC-IMCA-0402,https://www.imca-int.com/resources/safety/safety-flashes/1023-near-miss-messroom-fridge-fell-over-during-rough-seas/,Missing physical document artifact in packaged repository (catalog metadata only),QUARANTINED_UNVERIFIED_ARTIFACT,Download original PDF/HTML from source URL and verify SHA-256,True
EVT-IMCA-0403,International Marine Contractors Association (IMCA),SRC-IMCA-0403,https://www.imca-int.com/resources/safety/safety-flashes/0923-lti-finger-injury-during-mooring-operations/,Missing physical document artifact in packaged repository (catalog metadata only),QUARANTINED_UNVERIFIED_ARTIFACT,Download original PDF/HTML from source URL and verify SHA-256,True
EVT-IMCA-0404,International Marine Contractors Association (IMCA),SRC-IMCA-0404,https://www.imca-int.com/resources/safety/safety-flashes/0923-crew-member-trapped-his-left-index-finger-in-watertight-door/,Missing physical document artifact in packaged repository (catalog metadata only),QUARANTINED_UNVERIFIED_ARTIFACT,Download original PDF/HTML from source URL and verify SHA-256,True
EVT-IMCA-0405,International Marine Contractors Association (IMCA),SRC-IMCA-0405,https://www.imca-int.com/resources/safety/safety-flashes/0923-hand-injury-from-portable-grinder/,Missing physical document artifact in packaged repository (catalog metadata only),QUARANTINED_UNVERIFIED_ARTIFACT,Download original PDF/HTML from source URL and verify SHA-256,True
EVT-IMCA-0406,International Marine Contractors Association (IMCA),SRC-IMCA-0406,https://www.imca-int.com/resources/safety/safety-flashes/0923-cut-and-bruise-to-right-hand-whilst-pressure-testing/,Missing physical document artifact in packaged repository (catalog metadata only),QUARANTINED_UNVERIFIED_ARTIFACT,Download original PDF/HTML from source URL and verify SHA-256,True
EVT-IMCA-0407,International Marine Contractors Association (IMCA),SRC-IMCA-0407,https://www.imca-int.com/resources/safety/safety-flashes/0923-lti-hand-injury-in-galley/,Missing physical document artifact in packaged repository (catalog metadata only),QUARANTINED_UNVERIFIED_ARTIFACT,Download original PDF/HTML from source URL and verify SHA-256,True
EVT-IMCA-0408,International Marine Contractors Association (IMCA),SRC-IMCA-0408,https://www.imca-int.com/resources/safety/safety-flashes/0823-serious-lti-crew-member-slipped-on-deck-breaking-his-leg/,Missing physical document artifact in packaged repository (catalog metadata only),QUARANTINED_UNVERIFIED_ARTIFACT,Download original PDF/HTML from source URL and verify SHA-256,True
EVT-IMCA-0409,International Marine Contractors Association (IMCA),SRC-IMCA-0409,https://www.imca-int.com/resources/safety/safety-flashes/0823-head-injury-when-crew-member-fell-over-in-bathroom-during-heavy-weather/,Missing physical document artifact in packaged repository (catalog metadata only),QUARANTINED_UNVERIFIED_ARTIFACT,Download original PDF/HTML from source URL and verify SHA-256,True
EVT-IMCA-0410,International Marine Contractors Association (IMCA),SRC-IMCA-0410,https://www.imca-int.com/resources/safety/safety-flashes/0823-person-slipped-when-exiting-bathroom-into-cabin/,Missing physical document artifact in packaged repository (catalog metadata only),QUARANTINED_UNVERIFIED_ARTIFACT,Download original PDF/HTML from source URL and verify SHA-256,True
EVT-IMCA-0411,International Marine Contractors Association (IMCA),SRC-IMCA-0411,https://www.imca-int.com/resources/safety/safety-flashes/0823-leak-of-oil-based-mud/,Missing physical document artifact in packaged repository (catalog metadata only),QUARANTINED_UNVERIFIED_ARTIFACT,Download original PDF/HTML from source URL and verify SHA-256,True
EVT-IMCA-0412,International Marine Contractors Association (IMCA),SRC-IMCA-0412,https://www.imca-int.com/resources/safety/safety-flashes/0823-life-raft-secured-incorrectly-on-cradle/,Missing physical document artifact in packaged repository (catalog metadata only),QUARANTINED_UNVERIFIED_ARTIFACT,Download original PDF/HTML from source URL and verify SHA-256,True
EVT-IMCA-0413,International Marine Contractors Association (IMCA),SRC-IMCA-0413,https://www.imca-int.com/resources/safety/safety-flashes/0723-lift-bag-near-miss/,Missing physical document artifact in packaged repository (catalog metadata only),QUARANTINED_UNVERIFIED_ARTIFACT,Download original PDF/HTML from source URL and verify SHA-256,True
EVT-IMCA-0414,International Marine Contractors Association (IMCA),SRC-IMCA-0414,https://www.imca-int.com/resources/safety/safety-flashes/0723-finger-crushed-under-tether-management-system-tms-protection-guard/,Missing physical document artifact in packaged repository (catalog metadata only),QUARANTINED_UNVERIFIED_ARTIFACT,Download original PDF/HTML from source URL and verify SHA-256,True
EVT-IMCA-0415,International Marine Contractors Association (IMCA),SRC-IMCA-0415,https://www.imca-int.com/resources/safety/safety-flashes/0723-sudden-and-uncontrollable-move-of-ar-head/,Missing physical document artifact in packaged repository (catalog metadata only),QUARANTINED_UNVERIFIED_ARTIFACT,Download original PDF/HTML from source URL and verify SHA-256,True
EVT-IMCA-0416,International Marine Contractors Association (IMCA),SRC-IMCA-0416,https://www.imca-int.com/resources/safety/safety-flashes/0623-ineffective-crane-stinger-hook-pin-installation-bsee/,Missing physical document artifact in packaged repository (catalog metadata only),QUARANTINED_UNVERIFIED_ARTIFACT,Download original PDF/HTML from source URL and verify SHA-256,True
EVT-IMCA-0417,International Marine Contractors Association (IMCA),SRC-IMCA-0417,https://www.imca-int.com/resources/safety/safety-flashes/0623-poor-control-of-work-in-dry-dock/,Missing physical document artifact in packaged repository (catalog metadata only),QUARANTINED_UNVERIFIED_ARTIFACT,Download original PDF/HTML from source URL and verify SHA-256,True
EVT-IMCA-0418,International Marine Contractors Association (IMCA),SRC-IMCA-0418,https://www.imca-int.com/resources/safety/safety-flashes/0623-battery-explosion-during-routine-maintenance/,Missing physical document artifact in packaged repository (catalog metadata only),QUARANTINED_UNVERIFIED_ARTIFACT,Download original PDF/HTML from source URL and verify SHA-256,True
EVT-IMCA-0419,International Marine Contractors Association (IMCA),SRC-IMCA-0419,https://www.imca-int.com/resources/safety/safety-flashes/0623-near-miss-foreign-body-in-diver-s-helmet-resulting-in-fall-of-gas-pressure/,Missing physical document artifact in packaged repository (catalog metadata only),QUARANTINED_UNVERIFIED_ARTIFACT,Download original PDF/HTML from source URL and verify SHA-256,True
EVT-IMCA-0420,International Marine Contractors Association (IMCA),SRC-IMCA-0420,https://www.imca-int.com/resources/safety/safety-flashes/0623-compressor-fire/,Missing physical document artifact in packaged repository (catalog metadata only),QUARANTINED_UNVERIFIED_ARTIFACT,Download original PDF/HTML from source URL and verify SHA-256,True
EVT-IMCA-0421,International Marine Contractors Association (IMCA),SRC-IMCA-0421,https://www.imca-int.com/resources/safety/safety-flashes/0523-lti-person-crushed-in-watertight-door/,Missing physical document artifact in packaged repository (catalog metadata only),QUARANTINED_UNVERIFIED_ARTIFACT,Download original PDF/HTML from source URL and verify SHA-256,True
EVT-IMCA-0422,International Marine Contractors Association (IMCA),SRC-IMCA-0422,https://www.imca-int.com/resources/safety/safety-flashes/0523-lti-finger-crushed-while-moving-mobile-gantry-crane/,Missing physical document artifact in packaged repository (catalog metadata only),QUARANTINED_UNVERIFIED_ARTIFACT,Download original PDF/HTML from source URL and verify SHA-256,True
EVT-IMCA-0423,International Marine Contractors Association (IMCA),SRC-IMCA-0423,https://www.imca-int.com/resources/safety/safety-flashes/0523-lti-crew-member-crushed-finger-when-opening-fire-flap/,Missing physical document artifact in packaged repository (catalog metadata only),QUARANTINED_UNVERIFIED_ARTIFACT,Download original PDF/HTML from source URL and verify SHA-256,True
EVT-IMCA-0424,International Marine Contractors Association (IMCA),SRC-IMCA-0424,https://www.imca-int.com/resources/safety/safety-flashes/0523-high-potential-incident-person-struck-by-yokohama-fender/,Missing physical document artifact in packaged repository (catalog metadata only),QUARANTINED_UNVERIFIED_ARTIFACT,Download original PDF/HTML from source URL and verify SHA-256,True
EVT-IMCA-0425,International Marine Contractors Association (IMCA),SRC-IMCA-0425,https://www.imca-int.com/resources/safety/safety-flashes/0523-lti-carbon-monoxide-co-poisoning-during-oxy-acetylene-brazing/,Missing physical document artifact in packaged repository (catalog metadata only),QUARANTINED_UNVERIFIED_ARTIFACT,Download original PDF/HTML from source URL and verify SHA-256,True
EVT-IMCA-0426,International Marine Contractors Association (IMCA),SRC-IMCA-0426,https://www.imca-int.com/resources/safety/safety-flashes/0423-uncertified-lifting-gear-found-in-use/,Missing physical document artifact in packaged repository (catalog metadata only),QUARANTINED_UNVERIFIED_ARTIFACT,Download original PDF/HTML from source URL and verify SHA-256,True
EVT-IMCA-0427,International Marine Contractors Association (IMCA),SRC-IMCA-0427,https://www.imca-int.com/resources/safety/safety-flashes/0423-high-potential-near-miss-uncontrollable-movement-of-auxiliary-whip-line/,Missing physical document artifact in packaged repository (catalog metadata only),QUARANTINED_UNVERIFIED_ARTIFACT,Download original PDF/HTML from source URL and verify SHA-256,True
EVT-IMCA-0428,International Marine Contractors Association (IMCA),SRC-IMCA-0428,https://www.imca-int.com/resources/safety/safety-flashes/0423-dropped-objects-in-dry-dock/,Missing physical document artifact in packaged repository (catalog metadata only),QUARANTINED_UNVERIFIED_ARTIFACT,Download original PDF/HTML from source URL and verify SHA-256,True
EVT-IMCA-0429,International Marine Contractors Association (IMCA),SRC-IMCA-0429,https://www.imca-int.com/resources/safety/safety-flashes/0423-air-hose-connection-failure/,Missing physical document artifact in packaged repository (catalog metadata only),QUARANTINED_UNVERIFIED_ARTIFACT,Download original PDF/HTML from source URL and verify SHA-256,True
EVT-IMCA-0430,International Marine Contractors Association (IMCA),SRC-IMCA-0430,https://www.imca-int.com/resources/safety/safety-flashes/0423-electrolytic-corrosion-failure-of-fire-hose-couplings/,Missing physical document artifact in packaged repository (catalog metadata only),QUARANTINED_UNVERIFIED_ARTIFACT,Download original PDF/HTML from source URL and verify SHA-256,True
EVT-IMCA-0431,International Marine Contractors Association (IMCA),SRC-IMCA-0431,https://www.imca-int.com/resources/safety/safety-flashes/0323-diving-instructor-killed-incorrect-valve-threads/,Missing physical document artifact in packaged repository (catalog metadata only),QUARANTINED_UNVERIFIED_ARTIFACT,Download original PDF/HTML from source URL and verify SHA-256,True
EVT-IMCA-0432,International Marine Contractors Association (IMCA),SRC-IMCA-0432,https://www.imca-int.com/resources/safety/safety-flashes/0323-near-miss-pilot-ladder-side-rope-failed/,Missing physical document artifact in packaged repository (catalog metadata only),QUARANTINED_UNVERIFIED_ARTIFACT,Download original PDF/HTML from source URL and verify SHA-256,True
EVT-IMCA-0433,International Marine Contractors Association (IMCA),SRC-IMCA-0433,https://www.imca-int.com/resources/safety/safety-flashes/0323-lti-finger-injury-during-davit-test/,Missing physical document artifact in packaged repository (catalog metadata only),QUARANTINED_UNVERIFIED_ARTIFACT,Download original PDF/HTML from source URL and verify SHA-256,True
EVT-IMCA-0434,International Marine Contractors Association (IMCA),SRC-IMCA-0434,https://www.imca-int.com/resources/safety/safety-flashes/0323-small-fire-following-hot-work/,Missing physical document artifact in packaged repository (catalog metadata only),QUARANTINED_UNVERIFIED_ARTIFACT,Download original PDF/HTML from source URL and verify SHA-256,True
EVT-IMCA-0435,International Marine Contractors Association (IMCA),SRC-IMCA-0435,https://www.imca-int.com/resources/safety/safety-flashes/0323-single-point-failure-resulting-in-a-dropped-object/,Missing physical document artifact in packaged repository (catalog metadata only),QUARANTINED_UNVERIFIED_ARTIFACT,Download original PDF/HTML from source URL and verify SHA-256,True
EVT-IMCA-0436,International Marine Contractors Association (IMCA),SRC-IMCA-0436,https://www.imca-int.com/resources/safety/safety-flashes/0223-umbilical-management-near-miss/,Missing physical document artifact in packaged repository (catalog metadata only),QUARANTINED_UNVERIFIED_ARTIFACT,Download original PDF/HTML from source URL and verify SHA-256,True
EVT-IMCA-0437,International Marine Contractors Association (IMCA),SRC-IMCA-0437,https://www.imca-int.com/resources/safety/safety-flashes/0223-lost-rov-incident/,Missing physical document artifact in packaged repository (catalog metadata only),QUARANTINED_UNVERIFIED_ARTIFACT,Download original PDF/HTML from source URL and verify SHA-256,True
EVT-IMCA-0438,International Marine Contractors Association (IMCA),SRC-IMCA-0438,https://www.imca-int.com/resources/safety/safety-flashes/0223-blocked-emergency-exit-hatch/,Missing physical document artifact in packaged repository (catalog metadata only),QUARANTINED_UNVERIFIED_ARTIFACT,Download original PDF/HTML from source URL and verify SHA-256,True
EVT-IMCA-0439,International Marine Contractors Association (IMCA),SRC-IMCA-0439,https://www.imca-int.com/resources/safety/safety-flashes/0223-serious-hand-injury-msf/,Missing physical document artifact in packaged repository (catalog metadata only),QUARANTINED_UNVERIFIED_ARTIFACT,Download original PDF/HTML from source URL and verify SHA-256,True
EVT-IMCA-0440,International Marine Contractors Association (IMCA),SRC-IMCA-0440,https://www.imca-int.com/resources/safety/safety-flashes/0223-incorrect-gangway-rigging/,Missing physical document artifact in packaged repository (catalog metadata only),QUARANTINED_UNVERIFIED_ARTIFACT,Download original PDF/HTML from source URL and verify SHA-256,True
EVT-IMCA-0441,International Marine Contractors Association (IMCA),SRC-IMCA-0441,https://www.imca-int.com/resources/safety/safety-flashes/2922-maib-engine-room-fire-flashover/,Missing physical document artifact in packaged repository (catalog metadata only),QUARANTINED_UNVERIFIED_ARTIFACT,Download original PDF/HTML from source URL and verify SHA-256,True
EVT-IMCA-0442,International Marine Contractors Association (IMCA),SRC-IMCA-0442,https://www.imca-int.com/resources/safety/safety-flashes/2922-clogged-tumble-dryer-exhaust-fan-potential-for-fire/,Missing physical document artifact in packaged repository (catalog metadata only),QUARANTINED_UNVERIFIED_ARTIFACT,Download original PDF/HTML from source URL and verify SHA-256,True
EVT-IMCA-0443,International Marine Contractors Association (IMCA),SRC-IMCA-0443,https://www.imca-int.com/resources/safety/safety-flashes/2922-dummy-hot-stab-ejected-during-leak-investigation/,Missing physical document artifact in packaged repository (catalog metadata only),QUARANTINED_UNVERIFIED_ARTIFACT,Download original PDF/HTML from source URL and verify SHA-256,True
EVT-IMCA-0444,International Marine Contractors Association (IMCA),SRC-IMCA-0444,https://www.imca-int.com/resources/safety/safety-flashes/2922-near-miss-load-lifted-without-notice-putting-crew-in-the-line-of-fire/,Missing physical document artifact in packaged repository (catalog metadata only),QUARANTINED_UNVERIFIED_ARTIFACT,Download original PDF/HTML from source URL and verify SHA-256,True
EVT-IMCA-0445,International Marine Contractors Association (IMCA),SRC-IMCA-0445,https://www.imca-int.com/resources/safety/safety-flashes/2922-open-toed-shoes-on-an-escalator-not-work-related/,Missing physical document artifact in packaged repository (catalog metadata only),QUARANTINED_UNVERIFIED_ARTIFACT,Download original PDF/HTML from source URL and verify SHA-256,True
EVT-IMCA-0446,International Marine Contractors Association (IMCA),SRC-IMCA-0446,https://www.imca-int.com/resources/safety/safety-flashes/2822-maib-worker-falls-between-vessel-and-quay/,Missing physical document artifact in packaged repository (catalog metadata only),QUARANTINED_UNVERIFIED_ARTIFACT,Download original PDF/HTML from source URL and verify SHA-256,True
EVT-IMCA-0447,International Marine Contractors Association (IMCA),SRC-IMCA-0447,https://www.imca-int.com/resources/safety/safety-flashes/2822-accidental-swallowing-of-paint-thinners/,Missing physical document artifact in packaged repository (catalog metadata only),QUARANTINED_UNVERIFIED_ARTIFACT,Download original PDF/HTML from source URL and verify SHA-256,True
EVT-IMCA-0448,International Marine Contractors Association (IMCA),SRC-IMCA-0448,https://www.imca-int.com/resources/safety/safety-flashes/2822-near-miss-pipe-dropped-from-pipe-supports/,Missing physical document artifact in packaged repository (catalog metadata only),QUARANTINED_UNVERIFIED_ARTIFACT,Download original PDF/HTML from source URL and verify SHA-256,True
EVT-IMCA-0449,International Marine Contractors Association (IMCA),SRC-IMCA-0449,https://www.imca-int.com/resources/safety/safety-flashes/2822-oil-tank-sight-glass-push-buttons-wired-open/,Missing physical document artifact in packaged repository (catalog metadata only),QUARANTINED_UNVERIFIED_ARTIFACT,Download original PDF/HTML from source URL and verify SHA-256,True
EVT-IMCA-0450,International Marine Contractors Association (IMCA),SRC-IMCA-0450,https://www.imca-int.com/resources/safety/safety-flashes/2822-bsee-unsafe-chemical-use-and-disposal/,Missing physical document artifact in packaged repository (catalog metadata only),QUARANTINED_UNVERIFIED_ARTIFACT,Download original PDF/HTML from source URL and verify SHA-256,True
EVT-IMCA-0451,International Marine Contractors Association (IMCA),SRC-IMCA-0451,https://www.imca-int.com/resources/safety/safety-flashes/2722-maib-pinkie-is-no-longer-perkie/,Missing physical document artifact in packaged repository (catalog metadata only),QUARANTINED_UNVERIFIED_ARTIFACT,Download original PDF/HTML from source URL and verify SHA-256,True
EVT-IMCA-0452,International Marine Contractors Association (IMCA),SRC-IMCA-0452,https://www.imca-int.com/resources/safety/safety-flashes/2722-lti-person-suffered-serious-crush-injuries/,Missing physical document artifact in packaged repository (catalog metadata only),QUARANTINED_UNVERIFIED_ARTIFACT,Download original PDF/HTML from source URL and verify SHA-256,True
EVT-IMCA-0453,International Marine Contractors Association (IMCA),SRC-IMCA-0453,https://www.imca-int.com/resources/safety/safety-flashes/2722-lti-burns-to-forearms/,Missing physical document artifact in packaged repository (catalog metadata only),QUARANTINED_UNVERIFIED_ARTIFACT,Download original PDF/HTML from source URL and verify SHA-256,True
EVT-IMCA-0454,International Marine Contractors Association (IMCA),SRC-IMCA-0454,https://www.imca-int.com/resources/safety/safety-flashes/2722-lti-foot-trapped-between-pipes/,Missing physical document artifact in packaged repository (catalog metadata only),QUARANTINED_UNVERIFIED_ARTIFACT,Download original PDF/HTML from source URL and verify SHA-256,True
EVT-IMCA-0455,International Marine Contractors Association (IMCA),SRC-IMCA-0455,https://www.imca-int.com/resources/safety/safety-flashes/2722-maib-a-scalding-injury/,Missing physical document artifact in packaged repository (catalog metadata only),QUARANTINED_UNVERIFIED_ARTIFACT,Download original PDF/HTML from source URL and verify SHA-256,True
EVT-IMCA-0456,International Marine Contractors Association (IMCA),SRC-IMCA-0456,https://www.imca-int.com/resources/safety/safety-flashes/2622-maib-flooding-and-sinking-of-the-survey-workboat-bella/,Missing physical document artifact in packaged repository (catalog metadata only),QUARANTINED_UNVERIFIED_ARTIFACT,Download original PDF/HTML from source URL and verify SHA-256,True
EVT-IMCA-0457,International Marine Contractors Association (IMCA),SRC-IMCA-0457,https://www.imca-int.com/resources/safety/safety-flashes/2622-vessel-collision-with-underwater-objects-in-harbour/,Missing physical document artifact in packaged repository (catalog metadata only),QUARANTINED_UNVERIFIED_ARTIFACT,Download original PDF/HTML from source URL and verify SHA-256,True
EVT-IMCA-0458,International Marine Contractors Association (IMCA),SRC-IMCA-0458,https://www.imca-int.com/resources/safety/safety-flashes/2622-oil-leakage-from-vessel-crane-onto-quayside/,Missing physical document artifact in packaged repository (catalog metadata only),QUARANTINED_UNVERIFIED_ARTIFACT,Download original PDF/HTML from source URL and verify SHA-256,True
EVT-IMCA-0459,International Marine Contractors Association (IMCA),SRC-IMCA-0459,https://www.imca-int.com/resources/safety/safety-flashes/2622-bsee-a-note-on-repetitive-strain-injuries/,Missing physical document artifact in packaged repository (catalog metadata only),QUARANTINED_UNVERIFIED_ARTIFACT,Download original PDF/HTML from source URL and verify SHA-256,True
EVT-IMCA-0460,International Marine Contractors Association (IMCA),SRC-IMCA-0460,https://www.imca-int.com/resources/safety/safety-flashes/2622-connection-failure-during-lifting-operation/,Missing physical document artifact in packaged repository (catalog metadata only),QUARANTINED_UNVERIFIED_ARTIFACT,Download original PDF/HTML from source URL and verify SHA-256,True
EVT-IMCA-0461,International Marine Contractors Association (IMCA),SRC-IMCA-0461,https://www.imca-int.com/resources/safety/safety-flashes/2522-bsee-hazards-associated-with-cranes-on-idle-facilities/,Missing physical document artifact in packaged repository (catalog metadata only),QUARANTINED_UNVERIFIED_ARTIFACT,Download original PDF/HTML from source URL and verify SHA-256,True
EVT-IMCA-0462,International Marine Contractors Association (IMCA),SRC-IMCA-0462,https://www.imca-int.com/resources/safety/safety-flashes/2522-bsee-unsafe-crane-working-practices-result-in-injury/,Missing physical document artifact in packaged repository (catalog metadata only),QUARANTINED_UNVERIFIED_ARTIFACT,Download original PDF/HTML from source URL and verify SHA-256,True
EVT-IMCA-0463,International Marine Contractors Association (IMCA),SRC-IMCA-0463,https://www.imca-int.com/resources/safety/safety-flashes/2522-uscg-hidden-corrosion-on-deck-fittings-can-cause-dangerous-failures/,Missing physical document artifact in packaged repository (catalog metadata only),QUARANTINED_UNVERIFIED_ARTIFACT,Download original PDF/HTML from source URL and verify SHA-256,True
EVT-IMCA-0464,International Marine Contractors Association (IMCA),SRC-IMCA-0464,https://www.imca-int.com/resources/safety/safety-flashes/2522-maib-mv-teal-bay-mooring-fatality/,Missing physical document artifact in packaged repository (catalog metadata only),QUARANTINED_UNVERIFIED_ARTIFACT,Download original PDF/HTML from source URL and verify SHA-256,True
EVT-IMCA-0465,International Marine Contractors Association (IMCA),SRC-IMCA-0465,https://www.imca-int.com/resources/safety/safety-flashes/2522-failure-of-moorings-during-heavy-weather/,Missing physical document artifact in packaged repository (catalog metadata only),QUARANTINED_UNVERIFIED_ARTIFACT,Download original PDF/HTML from source URL and verify SHA-256,True
EVT-IMCA-0466,International Marine Contractors Association (IMCA),SRC-IMCA-0466,https://www.imca-int.com/resources/safety/safety-flashes/2422-focus-on-third-party-dropped-objects/,Missing physical document artifact in packaged repository (catalog metadata only),QUARANTINED_UNVERIFIED_ARTIFACT,Download original PDF/HTML from source URL and verify SHA-256,True
EVT-IMCA-0467,International Marine Contractors Association (IMCA),SRC-IMCA-0467,https://www.imca-int.com/resources/safety/safety-flashes/2422-hydraulic-oil-leak-to-sea-from-downline-fitting/,Missing physical document artifact in packaged repository (catalog metadata only),QUARANTINED_UNVERIFIED_ARTIFACT,Download original PDF/HTML from source URL and verify SHA-256,True
EVT-IMCA-0468,International Marine Contractors Association (IMCA),SRC-IMCA-0468,https://www.imca-int.com/resources/safety/safety-flashes/2422-bsee-poor-preparation-prior-to-hot-work-leads-to-fires/,Missing physical document artifact in packaged repository (catalog metadata only),QUARANTINED_UNVERIFIED_ARTIFACT,Download original PDF/HTML from source URL and verify SHA-256,True
EVT-IMCA-0469,International Marine Contractors Association (IMCA),SRC-IMCA-0469,https://www.imca-int.com/resources/safety/safety-flashes/2422-failure-to-plan-properly-electrician-sustains-serious-burns-uk-hse/,Missing physical document artifact in packaged repository (catalog metadata only),QUARANTINED_UNVERIFIED_ARTIFACT,Download original PDF/HTML from source URL and verify SHA-256,True
EVT-IMCA-0470,International Marine Contractors Association (IMCA),SRC-IMCA-0470,https://www.imca-int.com/resources/safety/safety-flashes/2422-live-sub-surface-power-cable-inadvertently-cut/,Missing physical document artifact in packaged repository (catalog metadata only),QUARANTINED_UNVERIFIED_ARTIFACT,Download original PDF/HTML from source URL and verify SHA-256,True
EVT-IMCA-0471,International Marine Contractors Association (IMCA),SRC-IMCA-0471,https://www.imca-int.com/resources/safety/safety-flashes/2422-near-miss-oily-rag-activated-smoke-sensor-in-vessel-laundry-area/,Missing physical document artifact in packaged repository (catalog metadata only),QUARANTINED_UNVERIFIED_ARTIFACT,Download original PDF/HTML from source URL and verify SHA-256,True
EVT-IMCA-0472,International Marine Contractors Association (IMCA),SRC-IMCA-0472,https://www.imca-int.com/resources/safety/safety-flashes/2322-serious-injury-during-mooring-operations-rope-parted/,Missing physical document artifact in packaged repository (catalog metadata only),QUARANTINED_UNVERIFIED_ARTIFACT,Download original PDF/HTML from source URL and verify SHA-256,True
EVT-IMCA-0473,International Marine Contractors Association (IMCA),SRC-IMCA-0473,https://www.imca-int.com/resources/safety/safety-flashes/2322-failure-of-slings-during-loading-operations/,Missing physical document artifact in packaged repository (catalog metadata only),QUARANTINED_UNVERIFIED_ARTIFACT,Download original PDF/HTML from source URL and verify SHA-256,True
EVT-IMCA-0474,International Marine Contractors Association (IMCA),SRC-IMCA-0474,https://www.imca-int.com/resources/safety/safety-flashes/2322-bsee-stored-energy-in-slings-causes-multiple-injuries/,Missing physical document artifact in packaged repository (catalog metadata only),QUARANTINED_UNVERIFIED_ARTIFACT,Download original PDF/HTML from source URL and verify SHA-256,True
EVT-IMCA-0475,International Marine Contractors Association (IMCA),SRC-IMCA-0475,https://www.imca-int.com/resources/safety/safety-flashes/2322-damage-to-chain-hoist-subsea/,Missing physical document artifact in packaged repository (catalog metadata only),QUARANTINED_UNVERIFIED_ARTIFACT,Download original PDF/HTML from source URL and verify SHA-256,True
EVT-IMCA-0476,International Marine Contractors Association (IMCA),SRC-IMCA-0476,https://www.imca-int.com/resources/safety/safety-flashes/2322-unsafe-transportation-and-packing-arrangements/,Missing physical document artifact in packaged repository (catalog metadata only),QUARANTINED_UNVERIFIED_ARTIFACT,Download original PDF/HTML from source URL and verify SHA-256,True
EVT-IMCA-0477,International Marine Contractors Association (IMCA),SRC-IMCA-0477,https://www.imca-int.com/resources/safety/safety-flashes/2222-diver-finger-injury-scrubber-blower-fan/,Missing physical document artifact in packaged repository (catalog metadata only),QUARANTINED_UNVERIFIED_ARTIFACT,Download original PDF/HTML from source URL and verify SHA-256,True
EVT-IMCA-0478,International Marine Contractors Association (IMCA),SRC-IMCA-0478,https://www.imca-int.com/resources/safety/safety-flashes/2222-bsee-unsecured-pressurised-hoses-result-in-hand-injuries/,Missing physical document artifact in packaged repository (catalog metadata only),QUARANTINED_UNVERIFIED_ARTIFACT,Download original PDF/HTML from source URL and verify SHA-256,True
EVT-IMCA-0479,International Marine Contractors Association (IMCA),SRC-IMCA-0479,https://www.imca-int.com/resources/safety/safety-flashes/2222-cook-s-arm-scalded-while-removing-food-from-oven/,Missing physical document artifact in packaged repository (catalog metadata only),QUARANTINED_UNVERIFIED_ARTIFACT,Download original PDF/HTML from source URL and verify SHA-256,True
EVT-IMCA-0480,International Marine Contractors Association (IMCA),SRC-IMCA-0480,https://www.imca-int.com/resources/safety/safety-flashes/2222-lti-fractured-finger-during-anchor-handling/,Missing physical document artifact in packaged repository (catalog metadata only),QUARANTINED_UNVERIFIED_ARTIFACT,Download original PDF/HTML from source URL and verify SHA-256,True
EVT-IMCA-0481,International Marine Contractors Association (IMCA),SRC-IMCA-0481,https://www.imca-int.com/resources/safety/safety-flashes/2222-lti-person-struck-by-uncontrolled-swing-in-chain/,Missing physical document artifact in packaged repository (catalog metadata only),QUARANTINED_UNVERIFIED_ARTIFACT,Download original PDF/HTML from source URL and verify SHA-256,True
EVT-IMCA-0482,International Marine Contractors Association (IMCA),SRC-IMCA-0482,https://www.imca-int.com/resources/safety/safety-flashes/2122-bsee-green-hats-training-and-supervision-of-short-service-employees/,Missing physical document artifact in packaged repository (catalog metadata only),QUARANTINED_UNVERIFIED_ARTIFACT,Download original PDF/HTML from source URL and verify SHA-256,True
EVT-IMCA-0483,International Marine Contractors Association (IMCA),SRC-IMCA-0483,https://www.imca-int.com/resources/safety/safety-flashes/2122-american-pi-club-vessel-grounding-fatigue-was-a-factor/,Missing physical document artifact in packaged repository (catalog metadata only),QUARANTINED_UNVERIFIED_ARTIFACT,Download original PDF/HTML from source URL and verify SHA-256,True
EVT-IMCA-0484,International Marine Contractors Association (IMCA),SRC-IMCA-0484,https://www.imca-int.com/resources/safety/safety-flashes/2122-maib-capsize-and-sinking-of-fishing-vessel-joanna-c-vessel-stability/,Missing physical document artifact in packaged repository (catalog metadata only),QUARANTINED_UNVERIFIED_ARTIFACT,Download original PDF/HTML from source URL and verify SHA-256,True
EVT-IMCA-0485,International Marine Contractors Association (IMCA),SRC-IMCA-0485,https://www.imca-int.com/resources/safety/safety-flashes/2022-lti-diver-suffered-crush-injury-to-finger/,Missing physical document artifact in packaged repository (catalog metadata only),QUARANTINED_UNVERIFIED_ARTIFACT,Download original PDF/HTML from source URL and verify SHA-256,True
EVT-IMCA-0486,International Marine Contractors Association (IMCA),SRC-IMCA-0486,https://www.imca-int.com/resources/safety/safety-flashes/2022-high-potential-incident-foot-trapped-under-ram-cylinder/,Missing physical document artifact in packaged repository (catalog metadata only),QUARANTINED_UNVERIFIED_ARTIFACT,Download original PDF/HTML from source URL and verify SHA-256,True
EVT-IMCA-0487,International Marine Contractors Association (IMCA),SRC-IMCA-0487,https://www.imca-int.com/resources/safety/safety-flashes/2022-fall-leading-to-serious-personal-injury/,Missing physical document artifact in packaged repository (catalog metadata only),QUARANTINED_UNVERIFIED_ARTIFACT,Download original PDF/HTML from source URL and verify SHA-256,True
EVT-IMCA-0488,International Marine Contractors Association (IMCA),SRC-IMCA-0488,https://www.imca-int.com/resources/safety/safety-flashes/2022-chemical-burns-to-body/,Missing physical document artifact in packaged repository (catalog metadata only),QUARANTINED_UNVERIFIED_ARTIFACT,Download original PDF/HTML from source URL and verify SHA-256,True
EVT-IMCA-0489,International Marine Contractors Association (IMCA),SRC-IMCA-0489,https://www.imca-int.com/resources/safety/safety-flashes/2022-personal-injury-burns-from-hot-engine-oil-to-body-and-face/,Missing physical document artifact in packaged repository (catalog metadata only),QUARANTINED_UNVERIFIED_ARTIFACT,Download original PDF/HTML from source URL and verify SHA-256,True
EVT-IMCA-0490,International Marine Contractors Association (IMCA),SRC-IMCA-0490,https://www.imca-int.com/resources/safety/safety-flashes/1922-third-party-truck-not-in-appropriate-or-safe-condition/,Missing physical document artifact in packaged repository (catalog metadata only),QUARANTINED_UNVERIFIED_ARTIFACT,Download original PDF/HTML from source URL and verify SHA-256,True
EVT-IMCA-0491,International Marine Contractors Association (IMCA),SRC-IMCA-0491,https://www.imca-int.com/resources/safety/safety-flashes/1922-machinery-breakdown-leads-to-a-collision/,Missing physical document artifact in packaged repository (catalog metadata only),QUARANTINED_UNVERIFIED_ARTIFACT,Download original PDF/HTML from source URL and verify SHA-256,True
EVT-IMCA-0492,International Marine Contractors Association (IMCA),SRC-IMCA-0492,https://www.imca-int.com/resources/safety/safety-flashes/1922-equipment-found-live-drawings-incorrect-for-lock-outtag-out/,Missing physical document artifact in packaged repository (catalog metadata only),QUARANTINED_UNVERIFIED_ARTIFACT,Download original PDF/HTML from source URL and verify SHA-256,True
EVT-IMCA-0493,International Marine Contractors Association (IMCA),SRC-IMCA-0493,https://www.imca-int.com/resources/safety/safety-flashes/1922-msf-co2-system-left-non-operational-after-servicing/,Missing physical document artifact in packaged repository (catalog metadata only),QUARANTINED_UNVERIFIED_ARTIFACT,Download original PDF/HTML from source URL and verify SHA-256,True
EVT-IMCA-0494,International Marine Contractors Association (IMCA),SRC-IMCA-0494,https://www.imca-int.com/resources/safety/safety-flashes/1922-accidental-release-of-free-fall-lifeboat/,Missing physical document artifact in packaged repository (catalog metadata only),QUARANTINED_UNVERIFIED_ARTIFACT,Download original PDF/HTML from source URL and verify SHA-256,True
EVT-IMCA-0495,International Marine Contractors Association (IMCA),SRC-IMCA-0495,https://www.imca-int.com/resources/safety/safety-flashes/1822-flash-fire-on-oxygen-gas-quad-hose/,Missing physical document artifact in packaged repository (catalog metadata only),QUARANTINED_UNVERIFIED_ARTIFACT,Download original PDF/HTML from source URL and verify SHA-256,True
EVT-IMCA-0496,International Marine Contractors Association (IMCA),SRC-IMCA-0496,https://www.imca-int.com/resources/safety/safety-flashes/1822-damage-to-flexible-riser/,Missing physical document artifact in packaged repository (catalog metadata only),QUARANTINED_UNVERIFIED_ARTIFACT,Download original PDF/HTML from source URL and verify SHA-256,True
EVT-IMCA-0497,International Marine Contractors Association (IMCA),SRC-IMCA-0497,https://www.imca-int.com/resources/safety/safety-flashes/1822-uscg-unexpected-dangers-lifeboat-remote-control-wires/,Missing physical document artifact in packaged repository (catalog metadata only),QUARANTINED_UNVERIFIED_ARTIFACT,Download original PDF/HTML from source URL and verify SHA-256,True
EVT-IMCA-0498,International Marine Contractors Association (IMCA),SRC-IMCA-0498,https://www.imca-int.com/resources/safety/safety-flashes/1822-a-focus-on-journey-management/,Missing physical document artifact in packaged repository (catalog metadata only),QUARANTINED_UNVERIFIED_ARTIFACT,Download original PDF/HTML from source URL and verify SHA-256,True
EVT-IMCA-0499,International Marine Contractors Association (IMCA),SRC-IMCA-0499,https://www.imca-int.com/resources/safety/safety-flashes/1822-mixing-of-cleaning-chemicals/,Missing physical document artifact in packaged repository (catalog metadata only),QUARANTINED_UNVERIFIED_ARTIFACT,Download original PDF/HTML from source URL and verify SHA-256,True
EVT-IMCA-0500,International Marine Contractors Association (IMCA),SRC-IMCA-0500,https://www.imca-int.com/resources/safety/safety-flashes/0222-bailout-manifold-failure/,Missing physical document artifact in packaged repository (catalog metadata only),QUARANTINED_UNVERIFIED_ARTIFACT,Download original PDF/HTML from source URL and verify SHA-256,True
EVT-IMCA-0501,International Marine Contractors Association (IMCA),SRC-IMCA-0501,https://www.imca-int.com/resources/safety/safety-flashes/1722-broken-chinese-finger/,Missing physical document artifact in packaged repository (catalog metadata only),QUARANTINED_UNVERIFIED_ARTIFACT,Download original PDF/HTML from source URL and verify SHA-256,True
EVT-IMCA-0502,International Marine Contractors Association (IMCA),SRC-IMCA-0502,https://www.imca-int.com/resources/safety/safety-flashes/1722-incorrect-operations-result-in-failure-of-hoist/,Missing physical document artifact in packaged repository (catalog metadata only),QUARANTINED_UNVERIFIED_ARTIFACT,Download original PDF/HTML from source URL and verify SHA-256,True
EVT-IMCA-0503,International Marine Contractors Association (IMCA),SRC-IMCA-0503,https://www.imca-int.com/resources/safety/safety-flashes/1722-man-overboard-from-anchor-handler-tug/,Missing physical document artifact in packaged repository (catalog metadata only),QUARANTINED_UNVERIFIED_ARTIFACT,Download original PDF/HTML from source URL and verify SHA-256,True
EVT-IMCA-0504,International Marine Contractors Association (IMCA),SRC-IMCA-0504,https://www.imca-int.com/resources/safety/safety-flashes/1722-don-t-assume-verify-and-check/,Missing physical document artifact in packaged repository (catalog metadata only),QUARANTINED_UNVERIFIED_ARTIFACT,Download original PDF/HTML from source URL and verify SHA-256,True
EVT-IMCA-0505,International Marine Contractors Association (IMCA),SRC-IMCA-0505,https://www.imca-int.com/resources/safety/safety-flashes/1722-iogp-squeezed-hand-due-to-unintentional-activation-of-winch/,Missing physical document artifact in packaged repository (catalog metadata only),QUARANTINED_UNVERIFIED_ARTIFACT,Download original PDF/HTML from source URL and verify SHA-256,True
EVT-IMCA-0506,International Marine Contractors Association (IMCA),SRC-IMCA-0506,https://www.imca-int.com/resources/safety/safety-flashes/1622-bseeuscg-dealing-with-extreme-weather-events/,Missing physical document artifact in packaged repository (catalog metadata only),QUARANTINED_UNVERIFIED_ARTIFACT,Download original PDF/HTML from source URL and verify SHA-256,True
EVT-IMCA-0507,International Marine Contractors Association (IMCA),SRC-IMCA-0507,https://www.imca-int.com/resources/safety/safety-flashes/1622-american-pi-club-extreme-bollard-pull/,Missing physical document artifact in packaged repository (catalog metadata only),QUARANTINED_UNVERIFIED_ARTIFACT,Download original PDF/HTML from source URL and verify SHA-256,True
EVT-IMCA-0508,International Marine Contractors Association (IMCA),SRC-IMCA-0508,https://www.imca-int.com/resources/safety/safety-flashes/1622-lost-time-injuries-due-to-a-failed-mooring-line/,Missing physical document artifact in packaged repository (catalog metadata only),QUARANTINED_UNVERIFIED_ARTIFACT,Download original PDF/HTML from source URL and verify SHA-256,True
EVT-IMCA-0509,International Marine Contractors Association (IMCA),SRC-IMCA-0509,https://www.imca-int.com/resources/safety/safety-flashes/1622-lti-struck-when-anchor-wire-end-pulled-free-of-drum-clamps/,Missing physical document artifact in packaged repository (catalog metadata only),QUARANTINED_UNVERIFIED_ARTIFACT,Download original PDF/HTML from source URL and verify SHA-256,True
EVT-IMCA-0510,International Marine Contractors Association (IMCA),SRC-IMCA-0510,https://www.imca-int.com/resources/safety/safety-flashes/1622-damage-to-bulwarks-during-overboarding-of-mattresses/,Missing physical document artifact in packaged repository (catalog metadata only),QUARANTINED_UNVERIFIED_ARTIFACT,Download original PDF/HTML from source URL and verify SHA-256,True
EVT-IMCA-0511,International Marine Contractors Association (IMCA),SRC-IMCA-0511,https://www.imca-int.com/resources/safety/safety-flashes/1522-fatal-crush-incident-between-platform-supply-vessel-and-fast-rescue-craft-2012/,Missing physical document artifact in packaged repository (catalog metadata only),QUARANTINED_UNVERIFIED_ARTIFACT,Download original PDF/HTML from source URL and verify SHA-256,True
EVT-IMCA-0512,International Marine Contractors Association (IMCA),SRC-IMCA-0512,https://www.imca-int.com/resources/safety/safety-flashes/1522-high-potential-electric-shock-near-miss/,Missing physical document artifact in packaged repository (catalog metadata only),QUARANTINED_UNVERIFIED_ARTIFACT,Download original PDF/HTML from source URL and verify SHA-256,True
EVT-IMCA-0513,International Marine Contractors Association (IMCA),SRC-IMCA-0513,https://www.imca-int.com/resources/safety/safety-flashes/1522-fire-at-sea-some-timely-reminders-safety4sea/,Missing physical document artifact in packaged repository (catalog metadata only),QUARANTINED_UNVERIFIED_ARTIFACT,Download original PDF/HTML from source URL and verify SHA-256,True
EVT-IMCA-0514,International Marine Contractors Association (IMCA),SRC-IMCA-0514,https://www.imca-int.com/resources/safety/safety-flashes/1522-ntsb-watertight-doors-vessel-sank-after-flooding/,Missing physical document artifact in packaged repository (catalog metadata only),QUARANTINED_UNVERIFIED_ARTIFACT,Download original PDF/HTML from source URL and verify SHA-256,True
EVT-IMCA-0515,International Marine Contractors Association (IMCA),SRC-IMCA-0515,https://www.imca-int.com/resources/safety/safety-flashes/1522-infection-a-scratched-elbow-turns-into-an-lti/,Missing physical document artifact in packaged repository (catalog metadata only),QUARANTINED_UNVERIFIED_ARTIFACT,Download original PDF/HTML from source URL and verify SHA-256,True
EVT-IMCA-0516,International Marine Contractors Association (IMCA),SRC-IMCA-0516,https://www.imca-int.com/resources/safety/safety-flashes/1422-crosby-important-safety-notice-for-78-65t-anchor-shackles/,Missing physical document artifact in packaged repository (catalog metadata only),QUARANTINED_UNVERIFIED_ARTIFACT,Download original PDF/HTML from source URL and verify SHA-256,True
EVT-IMCA-0517,International Marine Contractors Association (IMCA),SRC-IMCA-0517,https://www.imca-int.com/resources/safety/safety-flashes/1322-surface-decompression-near-miss/,Missing physical document artifact in packaged repository (catalog metadata only),QUARANTINED_UNVERIFIED_ARTIFACT,Download original PDF/HTML from source URL and verify SHA-256,True
EVT-IMCA-0518,International Marine Contractors Association (IMCA),SRC-IMCA-0518,https://www.imca-int.com/resources/safety/safety-flashes/1322-near-miss-grinder-disc-rotation-set-up-in-the-wrong-direction/,Missing physical document artifact in packaged repository (catalog metadata only),QUARANTINED_UNVERIFIED_ARTIFACT,Download original PDF/HTML from source URL and verify SHA-256,True
EVT-IMCA-0519,International Marine Contractors Association (IMCA),SRC-IMCA-0519,https://www.imca-int.com/resources/safety/safety-flashes/1322-uscg-exceeding-electrical-duty-rating-can-lead-to-failure/,Missing physical document artifact in packaged repository (catalog metadata only),QUARANTINED_UNVERIFIED_ARTIFACT,Download original PDF/HTML from source URL and verify SHA-256,True
EVT-IMCA-0520,International Marine Contractors Association (IMCA),SRC-IMCA-0520,https://www.imca-int.com/resources/safety/safety-flashes/1322-searchlight-fell-from-vessel-during-heavy-weather/,Missing physical document artifact in packaged repository (catalog metadata only),QUARANTINED_UNVERIFIED_ARTIFACT,Download original PDF/HTML from source URL and verify SHA-256,True
EVT-IMCA-0521,International Marine Contractors Association (IMCA),SRC-IMCA-0521,https://www.imca-int.com/resources/safety/safety-flashes/1322-msf-corrosion-in-fire-fighting-equipment/,Missing physical document artifact in packaged repository (catalog metadata only),QUARANTINED_UNVERIFIED_ARTIFACT,Download original PDF/HTML from source URL and verify SHA-256,True
EVT-IMCA-0522,International Marine Contractors Association (IMCA),SRC-IMCA-0522,https://www.imca-int.com/resources/safety/safety-flashes/1222-explosion-hot-work-in-a-flammable-atmosphere-transport-malta/,Missing physical document artifact in packaged repository (catalog metadata only),QUARANTINED_UNVERIFIED_ARTIFACT,Download original PDF/HTML from source URL and verify SHA-256,True
EVT-IMCA-0523,International Marine Contractors Association (IMCA),SRC-IMCA-0523,https://www.imca-int.com/resources/safety/safety-flashes/1222-process-safety-fundamentals-iogp-step-change/,Missing physical document artifact in packaged repository (catalog metadata only),QUARANTINED_UNVERIFIED_ARTIFACT,Download original PDF/HTML from source URL and verify SHA-256,True
EVT-IMCA-0524,International Marine Contractors Association (IMCA),SRC-IMCA-0524,https://www.imca-int.com/resources/safety/safety-flashes/1222-iogp-dropped-object-with-potential-for-injury-riser-release/,Missing physical document artifact in packaged repository (catalog metadata only),QUARANTINED_UNVERIFIED_ARTIFACT,Download original PDF/HTML from source URL and verify SHA-256,True
EVT-IMCA-0525,International Marine Contractors Association (IMCA),SRC-IMCA-0525,https://www.imca-int.com/resources/safety/safety-flashes/1222-safe-use-of-ladders-and-stepladders/,Missing physical document artifact in packaged repository (catalog metadata only),QUARANTINED_UNVERIFIED_ARTIFACT,Download original PDF/HTML from source URL and verify SHA-256,True
EVT-IMCA-0526,International Marine Contractors Association (IMCA),SRC-IMCA-0526,https://www.imca-int.com/resources/safety/safety-flashes/1222-this-is-not-a-drill-an-lti-during-a-drill-msf/,Missing physical document artifact in packaged repository (catalog metadata only),QUARANTINED_UNVERIFIED_ARTIFACT,Download original PDF/HTML from source URL and verify SHA-256,True
EVT-IMCA-0527,International Marine Contractors Association (IMCA),SRC-IMCA-0527,https://www.imca-int.com/resources/safety/safety-flashes/1122-riggers-injured-while-disconnecting-rigging/,Missing physical document artifact in packaged repository (catalog metadata only),QUARANTINED_UNVERIFIED_ARTIFACT,Download original PDF/HTML from source URL and verify SHA-256,True
EVT-IMCA-0528,International Marine Contractors Association (IMCA),SRC-IMCA-0528,https://www.imca-int.com/resources/safety/safety-flashes/1122-near-miss-floor-plate-fell-from-main-mast-during-storm/,Missing physical document artifact in packaged repository (catalog metadata only),QUARANTINED_UNVERIFIED_ARTIFACT,Download original PDF/HTML from source URL and verify SHA-256,True
EVT-IMCA-0529,International Marine Contractors Association (IMCA),SRC-IMCA-0529,https://www.imca-int.com/resources/safety/safety-flashes/1122-maib-loss-of-containers-overboard-task-seen-as-routine/,Missing physical document artifact in packaged repository (catalog metadata only),QUARANTINED_UNVERIFIED_ARTIFACT,Download original PDF/HTML from source URL and verify SHA-256,True
EVT-IMCA-0530,International Marine Contractors Association (IMCA),SRC-IMCA-0530,https://www.imca-int.com/resources/safety/safety-flashes/1122-maintenance-and-painting-two-incidents/,Missing physical document artifact in packaged repository (catalog metadata only),QUARANTINED_UNVERIFIED_ARTIFACT,Download original PDF/HTML from source URL and verify SHA-256,True
EVT-IMCA-0531,International Marine Contractors Association (IMCA),SRC-IMCA-0531,https://www.imca-int.com/resources/safety/safety-flashes/1122-msf-manual-handling-injury-during-bulk-hose-operations/,Missing physical document artifact in packaged repository (catalog metadata only),QUARANTINED_UNVERIFIED_ARTIFACT,Download original PDF/HTML from source URL and verify SHA-256,True
EVT-IMCA-0532,International Marine Contractors Association (IMCA),SRC-IMCA-0532,https://www.imca-int.com/resources/safety/safety-flashes/1022-communications-lti-finger-injury-during-lifting-operations/,Missing physical document artifact in packaged repository (catalog metadata only),QUARANTINED_UNVERIFIED_ARTIFACT,Download original PDF/HTML from source URL and verify SHA-256,True
EVT-IMCA-0533,International Marine Contractors Association (IMCA),SRC-IMCA-0533,https://www.imca-int.com/resources/safety/safety-flashes/1022-cobra-system-hose-coupling-cross-threaded/,Missing physical document artifact in packaged repository (catalog metadata only),QUARANTINED_UNVERIFIED_ARTIFACT,Download original PDF/HTML from source URL and verify SHA-256,True
EVT-IMCA-0534,International Marine Contractors Association (IMCA),SRC-IMCA-0534,https://www.imca-int.com/resources/safety/safety-flashes/1022-diver-experienced-an-air-flow-restriction/,Missing physical document artifact in packaged repository (catalog metadata only),QUARANTINED_UNVERIFIED_ARTIFACT,Download original PDF/HTML from source URL and verify SHA-256,True
EVT-IMCA-0535,International Marine Contractors Association (IMCA),SRC-IMCA-0535,https://www.imca-int.com/resources/safety/safety-flashes/1022-subsea-transponder-wire-parted/,Missing physical document artifact in packaged repository (catalog metadata only),QUARANTINED_UNVERIFIED_ARTIFACT,Download original PDF/HTML from source URL and verify SHA-256,True
EVT-IMCA-0536,International Marine Contractors Association (IMCA),SRC-IMCA-0536,https://www.imca-int.com/resources/safety/safety-flashes/1022-maib-blockage-of-fixed-co2-fire-extinguishing-system-pilot-hoses/,Missing physical document artifact in packaged repository (catalog metadata only),QUARANTINED_UNVERIFIED_ARTIFACT,Download original PDF/HTML from source URL and verify SHA-256,True
EVT-IMCA-0537,International Marine Contractors Association (IMCA),SRC-IMCA-0537,https://www.imca-int.com/resources/safety/safety-flashes/0922-maib-safety-digest-12022/,Missing physical document artifact in packaged repository (catalog metadata only),QUARANTINED_UNVERIFIED_ARTIFACT,Download original PDF/HTML from source URL and verify SHA-256,True
EVT-IMCA-0538,International Marine Contractors Association (IMCA),SRC-IMCA-0538,https://www.imca-int.com/resources/safety/safety-flashes/0922-usb-power-bank-lithium-battery-fire/,Missing physical document artifact in packaged repository (catalog metadata only),QUARANTINED_UNVERIFIED_ARTIFACT,Download original PDF/HTML from source URL and verify SHA-256,True
EVT-IMCA-0539,International Marine Contractors Association (IMCA),SRC-IMCA-0539,https://www.imca-int.com/resources/safety/safety-flashes/0922-uscg-lithium-battery-fire/,Missing physical document artifact in packaged repository (catalog metadata only),QUARANTINED_UNVERIFIED_ARTIFACT,Download original PDF/HTML from source URL and verify SHA-256,True
EVT-IMCA-0540,International Marine Contractors Association (IMCA),SRC-IMCA-0540,https://www.imca-int.com/resources/safety/safety-flashes/0922-uk-hse-worker-died-following-fall-from-crane-platform/,Missing physical document artifact in packaged repository (catalog metadata only),QUARANTINED_UNVERIFIED_ARTIFACT,Download original PDF/HTML from source URL and verify SHA-256,True
EVT-IMCA-0541,International Marine Contractors Association (IMCA),SRC-IMCA-0541,https://www.imca-int.com/resources/safety/safety-flashes/0922-riggers-strucktrapped-by-pipe-section/,Missing physical document artifact in packaged repository (catalog metadata only),QUARANTINED_UNVERIFIED_ARTIFACT,Download original PDF/HTML from source URL and verify SHA-256,True
EVT-IMCA-0542,International Marine Contractors Association (IMCA),SRC-IMCA-0542,https://www.imca-int.com/resources/safety/safety-flashes/0822-mooring-near-miss-guide-roller-pin-suffered-material-failure/,Missing physical document artifact in packaged repository (catalog metadata only),QUARANTINED_UNVERIFIED_ARTIFACT,Download original PDF/HTML from source URL and verify SHA-256,True
EVT-IMCA-0543,International Marine Contractors Association (IMCA),SRC-IMCA-0543,https://www.imca-int.com/resources/safety/safety-flashes/0822-american-pi-club-fire-started-from-cutting-torch-work/,Missing physical document artifact in packaged repository (catalog metadata only),QUARANTINED_UNVERIFIED_ARTIFACT,Download original PDF/HTML from source URL and verify SHA-256,True
EVT-IMCA-0544,International Marine Contractors Association (IMCA),SRC-IMCA-0544,https://www.imca-int.com/resources/safety/safety-flashes/0822-ntsb-dangerous-engine-failure-improper-torquing/,Missing physical document artifact in packaged repository (catalog metadata only),QUARANTINED_UNVERIFIED_ARTIFACT,Download original PDF/HTML from source URL and verify SHA-256,True
EVT-IMCA-0545,International Marine Contractors Association (IMCA),SRC-IMCA-0545,https://www.imca-int.com/resources/safety/safety-flashes/0822-msf-unsafe-cargo-transfer-using-pallets/,Missing physical document artifact in packaged repository (catalog metadata only),QUARANTINED_UNVERIFIED_ARTIFACT,Download original PDF/HTML from source URL and verify SHA-256,True
EVT-IMCA-0546,International Marine Contractors Association (IMCA),SRC-IMCA-0546,https://www.imca-int.com/resources/safety/safety-flashes/0822-uk-hse-worker-falls-from-height-during-oil-platform-decommissioning/,Missing physical document artifact in packaged repository (catalog metadata only),QUARANTINED_UNVERIFIED_ARTIFACT,Download original PDF/HTML from source URL and verify SHA-256,True
EVT-IMCA-0547,International Marine Contractors Association (IMCA),SRC-IMCA-0547,https://www.imca-int.com/resources/safety/safety-flashes/0722-maib-unexploded-ordnance-subsea-explosion-causes-injury-and-damage/,Missing physical document artifact in packaged repository (catalog metadata only),QUARANTINED_UNVERIFIED_ARTIFACT,Download original PDF/HTML from source URL and verify SHA-256,True
EVT-IMCA-0548,International Marine Contractors Association (IMCA),SRC-IMCA-0548,https://www.imca-int.com/resources/safety/safety-flashes/0722-maib-flooding-capsize-and-foundering-of-small-vessel-after-issues-with-towing-wires/,Missing physical document artifact in packaged repository (catalog metadata only),QUARANTINED_UNVERIFIED_ARTIFACT,Download original PDF/HTML from source URL and verify SHA-256,True
EVT-IMCA-0549,International Marine Contractors Association (IMCA),SRC-IMCA-0549,https://www.imca-int.com/resources/safety/safety-flashes/0722-overcoming-language-barriers/,Missing physical document artifact in packaged repository (catalog metadata only),QUARANTINED_UNVERIFIED_ARTIFACT,Download original PDF/HTML from source URL and verify SHA-256,True
EVT-IMCA-0550,International Marine Contractors Association (IMCA),SRC-IMCA-0550,https://www.imca-int.com/resources/safety/safety-flashes/0722-msf-contact-between-vessel-and-offshore-installation/,Missing physical document artifact in packaged repository (catalog metadata only),QUARANTINED_UNVERIFIED_ARTIFACT,Download original PDF/HTML from source URL and verify SHA-256,True
EVT-IMCA-0551,International Marine Contractors Association (IMCA),SRC-IMCA-0551,https://www.imca-int.com/resources/safety/safety-flashes/0722-stored-energy-release-two-fatalities-with-tyres-iogp/,Missing physical document artifact in packaged repository (catalog metadata only),QUARANTINED_UNVERIFIED_ARTIFACT,Download original PDF/HTML from source URL and verify SHA-256,True
EVT-IMCA-0552,International Marine Contractors Association (IMCA),SRC-IMCA-0552,https://www.imca-int.com/resources/safety/safety-flashes/0622-fatal-fall-from-collapsing-scaffolding-on-a-merchant-vessel/,Missing physical document artifact in packaged repository (catalog metadata only),QUARANTINED_UNVERIFIED_ARTIFACT,Download original PDF/HTML from source URL and verify SHA-256,True
EVT-IMCA-0553,International Marine Contractors Association (IMCA),SRC-IMCA-0553,https://www.imca-int.com/resources/safety/safety-flashes/0622-non-fatal-man-overboard-incident/,Missing physical document artifact in packaged repository (catalog metadata only),QUARANTINED_UNVERIFIED_ARTIFACT,Download original PDF/HTML from source URL and verify SHA-256,True
EVT-IMCA-0554,International Marine Contractors Association (IMCA),SRC-IMCA-0554,https://www.imca-int.com/resources/safety/safety-flashes/0622-line-of-fire-pinched-finger-between-door-and-frame/,Missing physical document artifact in packaged repository (catalog metadata only),QUARANTINED_UNVERIFIED_ARTIFACT,Download original PDF/HTML from source URL and verify SHA-256,True
EVT-IMCA-0555,International Marine Contractors Association (IMCA),SRC-IMCA-0555,https://www.imca-int.com/resources/safety/safety-flashes/0622-get-it-fixed-deteriorated-seals-on-emergency-hatch/,Missing physical document artifact in packaged repository (catalog metadata only),QUARANTINED_UNVERIFIED_ARTIFACT,Download original PDF/HTML from source URL and verify SHA-256,True
EVT-IMCA-0556,International Marine Contractors Association (IMCA),SRC-IMCA-0556,https://www.imca-int.com/resources/safety/safety-flashes/0622-msf-foreign-object-in-eye/,Missing physical document artifact in packaged repository (catalog metadata only),QUARANTINED_UNVERIFIED_ARTIFACT,Download original PDF/HTML from source URL and verify SHA-256,True
EVT-IMCA-0557,International Marine Contractors Association (IMCA),SRC-IMCA-0557,https://www.imca-int.com/resources/safety/safety-flashes/0522-permit-to-work-and-isolation-procedure-not-followed/,Missing physical document artifact in packaged repository (catalog metadata only),QUARANTINED_UNVERIFIED_ARTIFACT,Download original PDF/HTML from source URL and verify SHA-256,True
EVT-IMCA-0558,International Marine Contractors Association (IMCA),SRC-IMCA-0558,https://www.imca-int.com/resources/safety/safety-flashes/0522-msf-lti-fall-from-height-control-of-work-during-simops/,Missing physical document artifact in packaged repository (catalog metadata only),QUARANTINED_UNVERIFIED_ARTIFACT,Download original PDF/HTML from source URL and verify SHA-256,True
EVT-IMCA-0559,International Marine Contractors Association (IMCA),SRC-IMCA-0559,https://www.imca-int.com/resources/safety/safety-flashes/0522-uk-hse-poor-control-of-work-worker-suffered-serious-injuries/,Missing physical document artifact in packaged repository (catalog metadata only),QUARANTINED_UNVERIFIED_ARTIFACT,Download original PDF/HTML from source URL and verify SHA-256,True
EVT-IMCA-0560,International Marine Contractors Association (IMCA),SRC-IMCA-0560,https://www.imca-int.com/resources/safety/safety-flashes/0522-fractured-finger-while-handling-metal-plates/,Missing physical document artifact in packaged repository (catalog metadata only),QUARANTINED_UNVERIFIED_ARTIFACT,Download original PDF/HTML from source URL and verify SHA-256,True
EVT-IMCA-0561,International Marine Contractors Association (IMCA),SRC-IMCA-0561,https://www.imca-int.com/resources/safety/safety-flashes/0522-uk-hse-liquid-petroleum-gas-lpg-leak/,Missing physical document artifact in packaged repository (catalog metadata only),QUARANTINED_UNVERIFIED_ARTIFACT,Download original PDF/HTML from source URL and verify SHA-256,True
EVT-IMCA-0562,International Marine Contractors Association (IMCA),SRC-IMCA-0562,https://www.imca-int.com/resources/safety/safety-flashes/0422-equipment-on-quay-damaged-when-vessel-started-listing/,Missing physical document artifact in packaged repository (catalog metadata only),QUARANTINED_UNVERIFIED_ARTIFACT,Download original PDF/HTML from source URL and verify SHA-256,True
EVT-IMCA-0563,International Marine Contractors Association (IMCA),SRC-IMCA-0563,https://www.imca-int.com/resources/safety/safety-flashes/0422-uk-hse-offshore-crane-boom-hoist-failures/,Missing physical document artifact in packaged repository (catalog metadata only),QUARANTINED_UNVERIFIED_ARTIFACT,Download original PDF/HTML from source URL and verify SHA-256,True
EVT-IMCA-0564,International Marine Contractors Association (IMCA),SRC-IMCA-0564,https://www.imca-int.com/resources/safety/safety-flashes/0422-cargo-shifted-during-heavy-weather/,Missing physical document artifact in packaged repository (catalog metadata only),QUARANTINED_UNVERIFIED_ARTIFACT,Download original PDF/HTML from source URL and verify SHA-256,True
EVT-IMCA-0565,International Marine Contractors Association (IMCA),SRC-IMCA-0565,https://www.imca-int.com/resources/safety/safety-flashes/0422-ntsb-engine-failure-leads-to-fire-aboard-offshore-supply-vessel/,Missing physical document artifact in packaged repository (catalog metadata only),QUARANTINED_UNVERIFIED_ARTIFACT,Download original PDF/HTML from source URL and verify SHA-256,True
EVT-IMCA-0566,International Marine Contractors Association (IMCA),SRC-IMCA-0566,https://www.imca-int.com/resources/safety/safety-flashes/0422-ntsb-failure-to-disconnect-and-secure-vehicle-batteries-led-to-fire/,Missing physical document artifact in packaged repository (catalog metadata only),QUARANTINED_UNVERIFIED_ARTIFACT,Download original PDF/HTML from source URL and verify SHA-256,True
EVT-IMCA-0567,International Marine Contractors Association (IMCA),SRC-IMCA-0567,https://www.imca-int.com/resources/safety/safety-flashes/0322-near-miss-divers-umbilical-drawn-beneath-a-load/,Missing physical document artifact in packaged repository (catalog metadata only),QUARANTINED_UNVERIFIED_ARTIFACT,Download original PDF/HTML from source URL and verify SHA-256,True
EVT-IMCA-0568,International Marine Contractors Association (IMCA),SRC-IMCA-0568,https://www.imca-int.com/resources/safety/safety-flashes/0322-incorrect-as-built-drawing-configuration/,Missing physical document artifact in packaged repository (catalog metadata only),QUARANTINED_UNVERIFIED_ARTIFACT,Download original PDF/HTML from source URL and verify SHA-256,True
EVT-IMCA-0569,International Marine Contractors Association (IMCA),SRC-IMCA-0569,https://www.imca-int.com/resources/safety/safety-flashes/0322-engine-room-fire-on-a-ferry/,Missing physical document artifact in packaged repository (catalog metadata only),QUARANTINED_UNVERIFIED_ARTIFACT,Download original PDF/HTML from source URL and verify SHA-256,True
EVT-IMCA-0570,International Marine Contractors Association (IMCA),SRC-IMCA-0570,https://www.imca-int.com/resources/safety/safety-flashes/0322-radio-interference-from-damaged-equipment-affects-other-vessels/,Missing physical document artifact in packaged repository (catalog metadata only),QUARANTINED_UNVERIFIED_ARTIFACT,Download original PDF/HTML from source URL and verify SHA-256,True
EVT-IMCA-0571,International Marine Contractors Association (IMCA),SRC-IMCA-0571,https://www.imca-int.com/resources/safety/safety-flashes/0322-life-raft-lashing-parted-in-rough-weather/,Missing physical document artifact in packaged repository (catalog metadata only),QUARANTINED_UNVERIFIED_ARTIFACT,Download original PDF/HTML from source URL and verify SHA-256,True
EVT-IMCA-0572,International Marine Contractors Association (IMCA),SRC-IMCA-0572,https://www.imca-int.com/resources/safety/safety-flashes/0222-master-links-came-free-from-lifeboat-release-hooks-releasing-the-lifeboat/,Missing physical document artifact in packaged repository (catalog metadata only),QUARANTINED_UNVERIFIED_ARTIFACT,Download original PDF/HTML from source URL and verify SHA-256,True
EVT-IMCA-0573,International Marine Contractors Association (IMCA),SRC-IMCA-0573,https://www.imca-int.com/resources/safety/safety-flashes/0222-three-bolts-sheared-on-a-lifting-trunnion/,Missing physical document artifact in packaged repository (catalog metadata only),QUARANTINED_UNVERIFIED_ARTIFACT,Download original PDF/HTML from source URL and verify SHA-256,True
EVT-IMCA-0574,International Marine Contractors Association (IMCA),SRC-IMCA-0574,https://www.imca-int.com/resources/safety/safety-flashes/0222-hose-management-and-chemicals-crew-person-felt-ill/,Missing physical document artifact in packaged repository (catalog metadata only),QUARANTINED_UNVERIFIED_ARTIFACT,Download original PDF/HTML from source URL and verify SHA-256,True
EVT-IMCA-0575,International Marine Contractors Association (IMCA),SRC-IMCA-0575,https://www.imca-int.com/resources/safety/safety-flashes/0222-chemical-reaction-person-injured-during-grouting-operations/,Missing physical document artifact in packaged repository (catalog metadata only),QUARANTINED_UNVERIFIED_ARTIFACT,Download original PDF/HTML from source URL and verify SHA-256,True
EVT-IMCA-0576,International Marine Contractors Association (IMCA),SRC-IMCA-0576,https://www.imca-int.com/resources/safety/safety-flashes/0122-american-pi-club-unfamiliarity-with-semi-portable-fire-extinguishers/,Missing physical document artifact in packaged repository (catalog metadata only),QUARANTINED_UNVERIFIED_ARTIFACT,Download original PDF/HTML from source URL and verify SHA-256,True
EVT-IMCA-0577,International Marine Contractors Association (IMCA),SRC-IMCA-0577,https://www.imca-int.com/resources/safety/safety-flashes/0122-lifejacket-battery-caught-fire/,Missing physical document artifact in packaged repository (catalog metadata only),QUARANTINED_UNVERIFIED_ARTIFACT,Download original PDF/HTML from source URL and verify SHA-256,True
EVT-IMCA-0578,International Marine Contractors Association (IMCA),SRC-IMCA-0578,https://www.imca-int.com/resources/safety/safety-flashes/0122-fire-door-left-wedged-open/,Missing physical document artifact in packaged repository (catalog metadata only),QUARANTINED_UNVERIFIED_ARTIFACT,Download original PDF/HTML from source URL and verify SHA-256,True
EVT-IMCA-0579,International Marine Contractors Association (IMCA),SRC-IMCA-0579,https://www.imca-int.com/resources/safety/safety-flashes/0122-uk-hse-uncontrolled-movement-of-fabrication-caused-injury/,Missing physical document artifact in packaged repository (catalog metadata only),QUARANTINED_UNVERIFIED_ARTIFACT,Download original PDF/HTML from source URL and verify SHA-256,True
EVT-IMCA-0580,International Marine Contractors Association (IMCA),SRC-IMCA-0580,https://www.imca-int.com/resources/safety/safety-flashes/0122-lti-person-fell-down-hatch-inside-crane-pedestal/,Missing physical document artifact in packaged repository (catalog metadata only),QUARANTINED_UNVERIFIED_ARTIFACT,Download original PDF/HTML from source URL and verify SHA-256,True
EVT-IMCA-0581,International Marine Contractors Association (IMCA),SRC-IMCA-0581,https://www.imca-int.com/resources/safety/safety-flashes/3421-failure-of-64mm-polyester-rope-in-subsea-mooring-operations/,Missing physical document artifact in packaged repository (catalog metadata only),QUARANTINED_UNVERIFIED_ARTIFACT,Download original PDF/HTML from source URL and verify SHA-256,True
EVT-IMCA-0582,International Marine Contractors Association (IMCA),SRC-IMCA-0582,https://www.imca-int.com/resources/safety/safety-flashes/3421-rov-main-lift-failure/,Missing physical document artifact in packaged repository (catalog metadata only),QUARANTINED_UNVERIFIED_ARTIFACT,Download original PDF/HTML from source URL and verify SHA-256,True
EVT-IMCA-0583,International Marine Contractors Association (IMCA),SRC-IMCA-0583,https://www.imca-int.com/resources/safety/safety-flashes/3421-importance-of-safety-by-design-acoustic-beacon-damage-in-splash-zone/,Missing physical document artifact in packaged repository (catalog metadata only),QUARANTINED_UNVERIFIED_ARTIFACT,Download original PDF/HTML from source URL and verify SHA-256,True
EVT-IMCA-0584,International Marine Contractors Association (IMCA),SRC-IMCA-0584,https://www.imca-int.com/resources/safety/safety-flashes/3421-oil-leakage-from-cylinder-head-cover/,Missing physical document artifact in packaged repository (catalog metadata only),QUARANTINED_UNVERIFIED_ARTIFACT,Download original PDF/HTML from source URL and verify SHA-256,True
EVT-IMCA-0585,International Marine Contractors Association (IMCA),SRC-IMCA-0585,https://www.imca-int.com/resources/safety/safety-flashes/3421-msf-crankcase-failure/,Missing physical document artifact in packaged repository (catalog metadata only),QUARANTINED_UNVERIFIED_ARTIFACT,Download original PDF/HTML from source URL and verify SHA-256,True
EVT-IMCA-0586,International Marine Contractors Association (IMCA),SRC-IMCA-0586,https://www.imca-int.com/resources/safety/safety-flashes/3321-cyber-security-malicious-spoofing-and-phishing/,Missing physical document artifact in packaged repository (catalog metadata only),QUARANTINED_UNVERIFIED_ARTIFACT,Download original PDF/HTML from source URL and verify SHA-256,True
EVT-IMCA-0587,International Marine Contractors Association (IMCA),SRC-IMCA-0587,https://www.imca-int.com/resources/safety/safety-flashes/3321-watch-your-hands-person-injured-while-using-an-angle-grinder/,Missing physical document artifact in packaged repository (catalog metadata only),QUARANTINED_UNVERIFIED_ARTIFACT,Download original PDF/HTML from source URL and verify SHA-256,True
EVT-IMCA-0588,International Marine Contractors Association (IMCA),SRC-IMCA-0588,https://www.imca-int.com/resources/safety/safety-flashes/3321-uk-hse-employee-in-shipyard-killed-by-falling-steel-post/,Missing physical document artifact in packaged repository (catalog metadata only),QUARANTINED_UNVERIFIED_ARTIFACT,Download original PDF/HTML from source URL and verify SHA-256,True
EVT-IMCA-0589,International Marine Contractors Association (IMCA),SRC-IMCA-0589,https://www.imca-int.com/resources/safety/safety-flashes/3321-uhmpe-pull-in-rope-damaged-during-mooring-connection-to-buoy/,Missing physical document artifact in packaged repository (catalog metadata only),QUARANTINED_UNVERIFIED_ARTIFACT,Download original PDF/HTML from source URL and verify SHA-256,True
EVT-IMCA-0590,International Marine Contractors Association (IMCA),SRC-IMCA-0590,https://www.imca-int.com/resources/safety/safety-flashes/3321-crew-member-stopped-unsafe-cargo-operations/,Missing physical document artifact in packaged repository (catalog metadata only),QUARANTINED_UNVERIFIED_ARTIFACT,Download original PDF/HTML from source URL and verify SHA-256,True
EVT-IMCA-0591,International Marine Contractors Association (IMCA),SRC-IMCA-0591,https://www.imca-int.com/resources/safety/safety-flashes/3221-uscg-unexpected-heavy-weather-dangers/,Missing physical document artifact in packaged repository (catalog metadata only),QUARANTINED_UNVERIFIED_ARTIFACT,Download original PDF/HTML from source URL and verify SHA-256,True
EVT-IMCA-0592,International Marine Contractors Association (IMCA),SRC-IMCA-0592,https://www.imca-int.com/resources/safety/safety-flashes/3221-dropped-object-dislodged-flex-joint-laydown-tool-component/,Missing physical document artifact in packaged repository (catalog metadata only),QUARANTINED_UNVERIFIED_ARTIFACT,Download original PDF/HTML from source URL and verify SHA-256,True
EVT-IMCA-0593,International Marine Contractors Association (IMCA),SRC-IMCA-0593,https://www.imca-int.com/resources/safety/safety-flashes/3221-hydrogen-sulphide-detected-in-a-bilge-tank/,Missing physical document artifact in packaged repository (catalog metadata only),QUARANTINED_UNVERIFIED_ARTIFACT,Download original PDF/HTML from source URL and verify SHA-256,True
EVT-IMCA-0594,International Marine Contractors Association (IMCA),SRC-IMCA-0594,https://www.imca-int.com/resources/safety/safety-flashes/3221-use-of-damaged-electrical-equipment-by-dock-workers/,Missing physical document artifact in packaged repository (catalog metadata only),QUARANTINED_UNVERIFIED_ARTIFACT,Download original PDF/HTML from source URL and verify SHA-256,True
EVT-IMCA-0595,International Marine Contractors Association (IMCA),SRC-IMCA-0595,https://www.imca-int.com/resources/safety/safety-flashes/3221-vessel-ran-aground-causing-major-hull-damage/,Missing physical document artifact in packaged repository (catalog metadata only),QUARANTINED_UNVERIFIED_ARTIFACT,Download original PDF/HTML from source URL and verify SHA-256,True
EVT-IMCA-0596,International Marine Contractors Association (IMCA),SRC-IMCA-0596,https://www.imca-int.com/resources/safety/safety-flashes/3121-mob-person-fell-into-water-during-gangway-installation/,Missing physical document artifact in packaged repository (catalog metadata only),QUARANTINED_UNVERIFIED_ARTIFACT,Download original PDF/HTML from source URL and verify SHA-256,True
EVT-IMCA-0597,International Marine Contractors Association (IMCA),SRC-IMCA-0597,https://www.imca-int.com/resources/safety/safety-flashes/3121-diver-finger-injury-from-lionfish-fin-ray/,Missing physical document artifact in packaged repository (catalog metadata only),QUARANTINED_UNVERIFIED_ARTIFACT,Download original PDF/HTML from source URL and verify SHA-256,True
EVT-IMCA-0598,International Marine Contractors Association (IMCA),SRC-IMCA-0598,https://www.imca-int.com/resources/safety/safety-flashes/3121-fuel-oil-hose-burst-during-bunkering/,Missing physical document artifact in packaged repository (catalog metadata only),QUARANTINED_UNVERIFIED_ARTIFACT,Download original PDF/HTML from source URL and verify SHA-256,True
EVT-IMCA-0599,International Marine Contractors Association (IMCA),SRC-IMCA-0599,https://www.imca-int.com/resources/safety/safety-flashes/3121-shackle-failure-during-over-boarding-of-pennant-wire-and-ballast-chain/,Missing physical document artifact in packaged repository (catalog metadata only),QUARANTINED_UNVERIFIED_ARTIFACT,Download original PDF/HTML from source URL and verify SHA-256,True
EVT-IMCA-0600,International Marine Contractors Association (IMCA),SRC-IMCA-0600,https://www.imca-int.com/resources/safety/safety-flashes/3121-msf-dropped-object-during-cargo-discharge-operations/,Missing physical document artifact in packaged repository (catalog metadata only),QUARANTINED_UNVERIFIED_ARTIFACT,Download original PDF/HTML from source URL and verify SHA-256,True
EVT-IMCA-0601,International Marine Contractors Association (IMCA),SRC-IMCA-0601,https://www.imca-int.com/resources/safety/safety-flashes/3021-de-rusting-incident-resulting-in-eye-injury/,Missing physical document artifact in packaged repository (catalog metadata only),QUARANTINED_UNVERIFIED_ARTIFACT,Download original PDF/HTML from source URL and verify SHA-256,True
EVT-IMCA-0602,International Marine Contractors Association (IMCA),SRC-IMCA-0602,https://www.imca-int.com/resources/safety/safety-flashes/3021-msf-eye-injury-whilst-opening-paint-tin-lid/,Missing physical document artifact in packaged repository (catalog metadata only),QUARANTINED_UNVERIFIED_ARTIFACT,Download original PDF/HTML from source URL and verify SHA-256,True
EVT-IMCA-0603,International Marine Contractors Association (IMCA),SRC-IMCA-0603,https://www.imca-int.com/resources/safety/safety-flashes/3021-hand-pinched-between-cable-and-cable-roller-frame/,Missing physical document artifact in packaged repository (catalog metadata only),QUARANTINED_UNVERIFIED_ARTIFACT,Download original PDF/HTML from source URL and verify SHA-256,True
EVT-IMCA-0604,International Marine Contractors Association (IMCA),SRC-IMCA-0604,https://www.imca-int.com/resources/safety/safety-flashes/3021-failure-of-first-stage-regulator-low-pressure-lp-blanking-cap/,Missing physical document artifact in packaged repository (catalog metadata only),QUARANTINED_UNVERIFIED_ARTIFACT,Download original PDF/HTML from source URL and verify SHA-256,True
EVT-IMCA-0605,International Marine Contractors Association (IMCA),SRC-IMCA-0605,https://www.imca-int.com/resources/safety/safety-flashes/3021-failure-of-cobra-contents-pressure-gauge/,Missing physical document artifact in packaged repository (catalog metadata only),QUARANTINED_UNVERIFIED_ARTIFACT,Download original PDF/HTML from source URL and verify SHA-256,True
EVT-IMCA-0606,International Marine Contractors Association (IMCA),SRC-IMCA-0606,https://www.imca-int.com/resources/safety/safety-flashes/2921-ntsb-the-sinking-of-the-el-faro-an-illustrated-digest/,Missing physical document artifact in packaged repository (catalog metadata only),QUARANTINED_UNVERIFIED_ARTIFACT,Download original PDF/HTML from source URL and verify SHA-256,True
EVT-IMCA-0607,International Marine Contractors Association (IMCA),SRC-IMCA-0607,https://www.imca-int.com/resources/safety/safety-flashes/2921-unexpected-movement-of-conductor-during-diver-dredging-operations/,Missing physical document artifact in packaged repository (catalog metadata only),QUARANTINED_UNVERIFIED_ARTIFACT,Download original PDF/HTML from source URL and verify SHA-256,True
EVT-IMCA-0608,International Marine Contractors Association (IMCA),SRC-IMCA-0608,https://www.imca-int.com/resources/safety/safety-flashes/2921-defective-embarkation-ladder-quarantined-a-reminder/,Missing physical document artifact in packaged repository (catalog metadata only),QUARANTINED_UNVERIFIED_ARTIFACT,Download original PDF/HTML from source URL and verify SHA-256,True
EVT-IMCA-0609,International Marine Contractors Association (IMCA),SRC-IMCA-0609,https://www.imca-int.com/resources/safety/safety-flashes/2921-uscg-corrosion-causing-structural-failure-on-accommodation-ladders/,Missing physical document artifact in packaged repository (catalog metadata only),QUARANTINED_UNVERIFIED_ARTIFACT,Download original PDF/HTML from source URL and verify SHA-256,True
EVT-IMCA-0610,International Marine Contractors Association (IMCA),SRC-IMCA-0610,https://www.imca-int.com/resources/safety/safety-flashes/2921-uk-hse-lubrication-of-circuit-breakers-safety-notice/,Missing physical document artifact in packaged repository (catalog metadata only),QUARANTINED_UNVERIFIED_ARTIFACT,Download original PDF/HTML from source URL and verify SHA-256,True
EVT-IMCA-0611,International Marine Contractors Association (IMCA),SRC-IMCA-0611,https://www.imca-int.com/resources/safety/safety-flashes/2821-portable-electrical-equipment-serious-fire-in-the-accommodation/,Missing physical document artifact in packaged repository (catalog metadata only),QUARANTINED_UNVERIFIED_ARTIFACT,Download original PDF/HTML from source URL and verify SHA-256,True
EVT-IMCA-0612,International Marine Contractors Association (IMCA),SRC-IMCA-0612,https://www.imca-int.com/resources/safety/safety-flashes/2821-rope-under-tension-parted-on-deck/,Missing physical document artifact in packaged repository (catalog metadata only),QUARANTINED_UNVERIFIED_ARTIFACT,Download original PDF/HTML from source URL and verify SHA-256,True
EVT-IMCA-0613,International Marine Contractors Association (IMCA),SRC-IMCA-0613,https://www.imca-int.com/resources/safety/safety-flashes/2821-line-of-fire-near-miss-almost-a-head-injury/,Missing physical document artifact in packaged repository (catalog metadata only),QUARANTINED_UNVERIFIED_ARTIFACT,Download original PDF/HTML from source URL and verify SHA-256,True
EVT-IMCA-0614,International Marine Contractors Association (IMCA),SRC-IMCA-0614,https://www.imca-int.com/resources/safety/safety-flashes/2821-unsafe-personnel-transfer-man-overboard/,Missing physical document artifact in packaged repository (catalog metadata only),QUARANTINED_UNVERIFIED_ARTIFACT,Download original PDF/HTML from source URL and verify SHA-256,True
EVT-IMCA-0615,International Marine Contractors Association (IMCA),SRC-IMCA-0615,https://www.imca-int.com/resources/safety/safety-flashes/2821-shortened-lanyard-on-mob-beacon/,Missing physical document artifact in packaged repository (catalog metadata only),QUARANTINED_UNVERIFIED_ARTIFACT,Download original PDF/HTML from source URL and verify SHA-256,True
EVT-IMCA-0616,International Marine Contractors Association (IMCA),SRC-IMCA-0616,https://www.imca-int.com/resources/safety/safety-flashes/2721-serious-incident-topsides-started-swinging-during-lifting/,Missing physical document artifact in packaged repository (catalog metadata only),QUARANTINED_UNVERIFIED_ARTIFACT,Download original PDF/HTML from source URL and verify SHA-256,True
EVT-IMCA-0617,International Marine Contractors Association (IMCA),SRC-IMCA-0617,https://www.imca-int.com/resources/safety/safety-flashes/2721-maib-crush-fatality-during-lifting-operations/,Missing physical document artifact in packaged repository (catalog metadata only),QUARANTINED_UNVERIFIED_ARTIFACT,Download original PDF/HTML from source URL and verify SHA-256,True
EVT-IMCA-0618,International Marine Contractors Association (IMCA),SRC-IMCA-0618,https://www.imca-int.com/resources/safety/safety-flashes/2721-snagged-load-a-sling-snaps-dropped-objects-persons-injured/,Missing physical document artifact in packaged repository (catalog metadata only),QUARANTINED_UNVERIFIED_ARTIFACT,Download original PDF/HTML from source URL and verify SHA-256,True
EVT-IMCA-0619,International Marine Contractors Association (IMCA),SRC-IMCA-0619,https://www.imca-int.com/resources/safety/safety-flashes/2721-lti-three-fingers-badly-cut-while-handling-a-long-brass-bar/,Missing physical document artifact in packaged repository (catalog metadata only),QUARANTINED_UNVERIFIED_ARTIFACT,Download original PDF/HTML from source URL and verify SHA-256,True
EVT-IMCA-0620,International Marine Contractors Association (IMCA),SRC-IMCA-0620,https://www.imca-int.com/resources/safety/safety-flashes/2721-ntsb-collision-leading-to-loss-of-life-and-damage/,Missing physical document artifact in packaged repository (catalog metadata only),QUARANTINED_UNVERIFIED_ARTIFACT,Download original PDF/HTML from source URL and verify SHA-256,True
EVT-IMCA-0621,International Marine Contractors Association (IMCA),SRC-IMCA-0621,https://www.imca-int.com/resources/safety/safety-flashes/2621-msf-hand-injury-sustained-during-routine-checks/,Missing physical document artifact in packaged repository (catalog metadata only),QUARANTINED_UNVERIFIED_ARTIFACT,Download original PDF/HTML from source URL and verify SHA-256,True
EVT-IMCA-0622,International Marine Contractors Association (IMCA),SRC-IMCA-0622,https://www.imca-int.com/resources/safety/safety-flashes/2621-electrician-suffered-flash-burn-to-hand/,Missing physical document artifact in packaged repository (catalog metadata only),QUARANTINED_UNVERIFIED_ARTIFACT,Download original PDF/HTML from source URL and verify SHA-256,True
EVT-IMCA-0623,International Marine Contractors Association (IMCA),SRC-IMCA-0623,https://www.imca-int.com/resources/safety/safety-flashes/2621-failure-of-in-service-saturation-bailout-bottle/,Missing physical document artifact in packaged repository (catalog metadata only),QUARANTINED_UNVERIFIED_ARTIFACT,Download original PDF/HTML from source URL and verify SHA-256,True
EVT-IMCA-0624,International Marine Contractors Association (IMCA),SRC-IMCA-0624,https://www.imca-int.com/resources/safety/safety-flashes/2621-stuck-emergency-hatch-freed/,Missing physical document artifact in packaged repository (catalog metadata only),QUARANTINED_UNVERIFIED_ARTIFACT,Download original PDF/HTML from source URL and verify SHA-256,True
EVT-IMCA-0625,International Marine Contractors Association (IMCA),SRC-IMCA-0625,https://www.imca-int.com/resources/safety/safety-flashes/2621-uk-hse-employee-scalped-when-hair-trapped-in-a-pillar-drill/,Missing physical document artifact in packaged repository (catalog metadata only),QUARANTINED_UNVERIFIED_ARTIFACT,Download original PDF/HTML from source URL and verify SHA-256,True
EVT-IMCA-0626,International Marine Contractors Association (IMCA),SRC-IMCA-0626,https://www.imca-int.com/resources/safety/safety-flashes/2621-ntsb-safer-seas-digest-2020/,Missing physical document artifact in packaged repository (catalog metadata only),QUARANTINED_UNVERIFIED_ARTIFACT,Download original PDF/HTML from source URL and verify SHA-256,True
EVT-IMCA-0627,International Marine Contractors Association (IMCA),SRC-IMCA-0627,https://www.imca-int.com/resources/safety/safety-flashes/2521-yawing-of-wind-turbine-nacelle-placed-ship-in-line-of-fire/,Missing physical document artifact in packaged repository (catalog metadata only),QUARANTINED_UNVERIFIED_ARTIFACT,Download original PDF/HTML from source URL and verify SHA-256,True
EVT-IMCA-0628,International Marine Contractors Association (IMCA),SRC-IMCA-0628,https://www.imca-int.com/resources/safety/safety-flashes/2521-failed-lifting-equipment-fatality-during-pipe-erection-activities/,Missing physical document artifact in packaged repository (catalog metadata only),QUARANTINED_UNVERIFIED_ARTIFACT,Download original PDF/HTML from source URL and verify SHA-256,True
EVT-IMCA-0629,International Marine Contractors Association (IMCA),SRC-IMCA-0629,https://www.imca-int.com/resources/safety/safety-flashes/2521-uk-hse-employee-fatally-injured-while-moving-heavy-equipment/,Missing physical document artifact in packaged repository (catalog metadata only),QUARANTINED_UNVERIFIED_ARTIFACT,Download original PDF/HTML from source URL and verify SHA-256,True
EVT-IMCA-0630,International Marine Contractors Association (IMCA),SRC-IMCA-0630,https://www.imca-int.com/resources/safety/safety-flashes/2521-lti-person-injured-when-hook-parted-during-lifting-operations/,Missing physical document artifact in packaged repository (catalog metadata only),QUARANTINED_UNVERIFIED_ARTIFACT,Download original PDF/HTML from source URL and verify SHA-256,True
EVT-IMCA-0631,International Marine Contractors Association (IMCA),SRC-IMCA-0631,https://www.imca-int.com/resources/safety/safety-flashes/2421-damaged-electrical-cable/,Missing physical document artifact in packaged repository (catalog metadata only),QUARANTINED_UNVERIFIED_ARTIFACT,Download original PDF/HTML from source URL and verify SHA-256,True
EVT-IMCA-0632,International Marine Contractors Association (IMCA),SRC-IMCA-0632,https://www.imca-int.com/resources/safety/safety-flashes/2421-uk-hse-poorly-maintained-electrical-installation-caused-fatality/,Missing physical document artifact in packaged repository (catalog metadata only),QUARANTINED_UNVERIFIED_ARTIFACT,Download original PDF/HTML from source URL and verify SHA-256,True
EVT-IMCA-0633,International Marine Contractors Association (IMCA),SRC-IMCA-0633,https://www.imca-int.com/resources/safety/safety-flashes/2421-near-miss-damaged-rig-hose/,Missing physical document artifact in packaged repository (catalog metadata only),QUARANTINED_UNVERIFIED_ARTIFACT,Download original PDF/HTML from source URL and verify SHA-256,True
EVT-IMCA-0634,International Marine Contractors Association (IMCA),SRC-IMCA-0634,https://www.imca-int.com/resources/safety/safety-flashes/2421-wrong-key-for-the-co2-room/,Missing physical document artifact in packaged repository (catalog metadata only),QUARANTINED_UNVERIFIED_ARTIFACT,Download original PDF/HTML from source URL and verify SHA-256,True
EVT-IMCA-0635,International Marine Contractors Association (IMCA),SRC-IMCA-0635,https://www.imca-int.com/resources/safety/safety-flashes/2421-condition-of-fire-fighting-installation-and-equipment/,Missing physical document artifact in packaged repository (catalog metadata only),QUARANTINED_UNVERIFIED_ARTIFACT,Download original PDF/HTML from source URL and verify SHA-256,True
EVT-IMCA-0636,International Marine Contractors Association (IMCA),SRC-IMCA-0636,https://www.imca-int.com/resources/safety/safety-flashes/2521-what-are-audits-for-some-ecmid-findings/,Missing physical document artifact in packaged repository (catalog metadata only),QUARANTINED_UNVERIFIED_ARTIFACT,Download original PDF/HTML from source URL and verify SHA-256,True
EVT-IMCA-0637,International Marine Contractors Association (IMCA),SRC-IMCA-0637,https://www.imca-int.com/resources/safety/safety-flashes/2321-lifting-complex-loads-offloading-third-party-equipment/,Missing physical document artifact in packaged repository (catalog metadata only),QUARANTINED_UNVERIFIED_ARTIFACT,Download original PDF/HTML from source URL and verify SHA-256,True
EVT-IMCA-0638,International Marine Contractors Association (IMCA),SRC-IMCA-0638,https://www.imca-int.com/resources/safety/safety-flashes/2321-dropped-object-unexpected-release-of-spool/,Missing physical document artifact in packaged repository (catalog metadata only),QUARANTINED_UNVERIFIED_ARTIFACT,Download original PDF/HTML from source URL and verify SHA-256,True
EVT-IMCA-0639,International Marine Contractors Association (IMCA),SRC-IMCA-0639,https://www.imca-int.com/resources/safety/safety-flashes/2321-nopsema-person-injured-in-chain-hoist-incident/,Missing physical document artifact in packaged repository (catalog metadata only),QUARANTINED_UNVERIFIED_ARTIFACT,Download original PDF/HTML from source URL and verify SHA-256,True
EVT-IMCA-0640,International Marine Contractors Association (IMCA),SRC-IMCA-0640,https://www.imca-int.com/resources/safety/safety-flashes/2321-crane-contact-with-pipelay-tower-resulting-in-dropped-object/,Missing physical document artifact in packaged repository (catalog metadata only),QUARANTINED_UNVERIFIED_ARTIFACT,Download original PDF/HTML from source URL and verify SHA-256,True
EVT-IMCA-0641,International Marine Contractors Association (IMCA),SRC-IMCA-0641,https://www.imca-int.com/resources/safety/safety-flashes/2321-lti-ankle-injury-caused-during-lifting-operation/,Missing physical document artifact in packaged repository (catalog metadata only),QUARANTINED_UNVERIFIED_ARTIFACT,Download original PDF/HTML from source URL and verify SHA-256,True
EVT-IMCA-0642,International Marine Contractors Association (IMCA),SRC-IMCA-0642,https://www.imca-int.com/resources/safety/safety-flashes/2221-us-coast-guard-wire-rope-terminations/,Missing physical document artifact in packaged repository (catalog metadata only),QUARANTINED_UNVERIFIED_ARTIFACT,Download original PDF/HTML from source URL and verify SHA-256,True
EVT-IMCA-0643,International Marine Contractors Association (IMCA),SRC-IMCA-0643,https://www.imca-int.com/resources/safety/safety-flashes/2221-step-change-in-safety-major-accident-hazard-mah-awareness/,Missing physical document artifact in packaged repository (catalog metadata only),QUARANTINED_UNVERIFIED_ARTIFACT,Download original PDF/HTML from source URL and verify SHA-256,True
EVT-IMCA-0644,International Marine Contractors Association (IMCA),SRC-IMCA-0644,https://www.imca-int.com/resources/safety/safety-flashes/2221-uk-hse-oil-company-fined-for-hydrocarbon-release-lack-of-written-procedures/,Missing physical document artifact in packaged repository (catalog metadata only),QUARANTINED_UNVERIFIED_ARTIFACT,Download original PDF/HTML from source URL and verify SHA-256,True
EVT-IMCA-0645,International Marine Contractors Association (IMCA),SRC-IMCA-0645,https://www.imca-int.com/resources/safety/safety-flashes/2221-all-of-a-sudden-this-is-not-a-drill-person-injured-during-a-drill/,Missing physical document artifact in packaged repository (catalog metadata only),QUARANTINED_UNVERIFIED_ARTIFACT,Download original PDF/HTML from source URL and verify SHA-256,True
EVT-IMCA-0646,International Marine Contractors Association (IMCA),SRC-IMCA-0646,https://www.imca-int.com/resources/safety/safety-flashes/2221-wear-a-life-jacket-maib/,Missing physical document artifact in packaged repository (catalog metadata only),QUARANTINED_UNVERIFIED_ARTIFACT,Download original PDF/HTML from source URL and verify SHA-256,True
EVT-IMCA-0647,International Marine Contractors Association (IMCA),SRC-IMCA-0647,https://www.imca-int.com/resources/safety/safety-flashes/2121-cobra-bailout-system-guidance-note/,Missing physical document artifact in packaged repository (catalog metadata only),QUARANTINED_UNVERIFIED_ARTIFACT,Download original PDF/HTML from source URL and verify SHA-256,True
EVT-IMCA-0648,International Marine Contractors Association (IMCA),SRC-IMCA-0648,https://www.imca-int.com/resources/safety/safety-flashes/2121-acetylene-quad-fire-on-quayside/,Missing physical document artifact in packaged repository (catalog metadata only),QUARANTINED_UNVERIFIED_ARTIFACT,Download original PDF/HTML from source URL and verify SHA-256,True
EVT-IMCA-0649,International Marine Contractors Association (IMCA),SRC-IMCA-0649,https://www.imca-int.com/resources/safety/safety-flashes/2121-descending-stairs-safely/,Missing physical document artifact in packaged repository (catalog metadata only),QUARANTINED_UNVERIFIED_ARTIFACT,Download original PDF/HTML from source URL and verify SHA-256,True
EVT-IMCA-0650,International Marine Contractors Association (IMCA),SRC-IMCA-0650,https://www.imca-int.com/resources/safety/safety-flashes/2121-maib-grounding-of-general-cargo-vessel-kaami/,Missing physical document artifact in packaged repository (catalog metadata only),QUARANTINED_UNVERIFIED_ARTIFACT,Download original PDF/HTML from source URL and verify SHA-256,True
EVT-IMCA-0651,International Marine Contractors Association (IMCA),SRC-IMCA-0651,https://www.imca-int.com/resources/safety/safety-flashes/2121-fault-in-high-voltage-equipment/,Missing physical document artifact in packaged repository (catalog metadata only),QUARANTINED_UNVERIFIED_ARTIFACT,Download original PDF/HTML from source URL and verify SHA-256,True
EVT-IMCA-0652,International Marine Contractors Association (IMCA),SRC-IMCA-0652,https://www.imca-int.com/resources/safety/safety-flashes/2021-failure-of-dive-chamber-overhead-door-centre-pin/,Missing physical document artifact in packaged repository (catalog metadata only),QUARANTINED_UNVERIFIED_ARTIFACT,Download original PDF/HTML from source URL and verify SHA-256,True
EVT-IMCA-0653,International Marine Contractors Association (IMCA),SRC-IMCA-0653,https://www.imca-int.com/resources/safety/safety-flashes/2021-hse-catastrophic-failure-of-marine-loading-arm/,Missing physical document artifact in packaged repository (catalog metadata only),QUARANTINED_UNVERIFIED_ARTIFACT,Download original PDF/HTML from source URL and verify SHA-256,True
EVT-IMCA-0654,International Marine Contractors Association (IMCA),SRC-IMCA-0654,https://www.imca-int.com/resources/safety/safety-flashes/2021-wsh-two-workers-passed-out-and-died-in-a-dredgers-ballast-tank/,Missing physical document artifact in packaged repository (catalog metadata only),QUARANTINED_UNVERIFIED_ARTIFACT,Download original PDF/HTML from source URL and verify SHA-256,True
EVT-IMCA-0655,International Marine Contractors Association (IMCA),SRC-IMCA-0655,https://www.imca-int.com/resources/safety/safety-flashes/2021-maib-fatality-during-transfer-from-a-workboat-to-a-barge/,Missing physical document artifact in packaged repository (catalog metadata only),QUARANTINED_UNVERIFIED_ARTIFACT,Download original PDF/HTML from source URL and verify SHA-256,True
EVT-IMCA-0656,International Marine Contractors Association (IMCA),SRC-IMCA-0656,https://www.imca-int.com/resources/safety/safety-flashes/2021-hse-allergic-reaction-at-work/,Missing physical document artifact in packaged repository (catalog metadata only),QUARANTINED_UNVERIFIED_ARTIFACT,Download original PDF/HTML from source URL and verify SHA-256,True
EVT-IMCA-0657,International Marine Contractors Association (IMCA),SRC-IMCA-0657,https://www.imca-int.com/resources/safety/safety-flashes/1921-overheated-transformer-activated-fire-alarm/,Missing physical document artifact in packaged repository (catalog metadata only),QUARANTINED_UNVERIFIED_ARTIFACT,Download original PDF/HTML from source URL and verify SHA-256,True
EVT-IMCA-0658,International Marine Contractors Association (IMCA),SRC-IMCA-0658,https://www.imca-int.com/resources/safety/safety-flashes/1921-mains-extension-melted-not-fully-paid-out/,Missing physical document artifact in packaged repository (catalog metadata only),QUARANTINED_UNVERIFIED_ARTIFACT,Download original PDF/HTML from source URL and verify SHA-256,True
EVT-IMCA-0659,International Marine Contractors Association (IMCA),SRC-IMCA-0659,https://www.imca-int.com/resources/safety/safety-flashes/1921-catering-crew-unfamiliar-with-firefighting-systems-and-emergency-stops/,Missing physical document artifact in packaged repository (catalog metadata only),QUARANTINED_UNVERIFIED_ARTIFACT,Download original PDF/HTML from source URL and verify SHA-256,True
EVT-IMCA-0660,International Marine Contractors Association (IMCA),SRC-IMCA-0660,https://www.imca-int.com/resources/safety/safety-flashes/1921-incidents-relating-to-hatches-and-doors/,Missing physical document artifact in packaged repository (catalog metadata only),QUARANTINED_UNVERIFIED_ARTIFACT,Download original PDF/HTML from source URL and verify SHA-256,True
EVT-IMCA-0661,International Marine Contractors Association (IMCA),SRC-IMCA-0661,https://www.imca-int.com/resources/safety/safety-flashes/1921-msf-cut-hand-whilst-cleaning-hand-safety/,Missing physical document artifact in packaged repository (catalog metadata only),QUARANTINED_UNVERIFIED_ARTIFACT,Download original PDF/HTML from source URL and verify SHA-256,True
EVT-IMCA-0662,International Marine Contractors Association (IMCA),SRC-IMCA-0662,https://www.imca-int.com/resources/safety/safety-flashes/1721-lifting-frame-detached-from-fast-rescue-craft-frc/,Missing physical document artifact in packaged repository (catalog metadata only),QUARANTINED_UNVERIFIED_ARTIFACT,Download original PDF/HTML from source URL and verify SHA-256,True
EVT-IMCA-0663,International Marine Contractors Association (IMCA),SRC-IMCA-0663,https://www.imca-int.com/resources/safety/safety-flashes/1721-failure-of-egs-valve-stem-on-dive-helmet/,Missing physical document artifact in packaged repository (catalog metadata only),QUARANTINED_UNVERIFIED_ARTIFACT,Download original PDF/HTML from source URL and verify SHA-256,True
EVT-IMCA-0664,International Marine Contractors Association (IMCA),SRC-IMCA-0664,https://www.imca-int.com/resources/safety/safety-flashes/1721-dropped-object-during-lifting-operations/,Missing physical document artifact in packaged repository (catalog metadata only),QUARANTINED_UNVERIFIED_ARTIFACT,Download original PDF/HTML from source URL and verify SHA-256,True
EVT-IMCA-0665,International Marine Contractors Association (IMCA),SRC-IMCA-0665,https://www.imca-int.com/resources/safety/safety-flashes/1721-msf-potential-dropped-object/,Missing physical document artifact in packaged repository (catalog metadata only),QUARANTINED_UNVERIFIED_ARTIFACT,Download original PDF/HTML from source URL and verify SHA-256,True
EVT-IMCA-0666,International Marine Contractors Association (IMCA),SRC-IMCA-0666,https://www.imca-int.com/resources/safety/safety-flashes/1721-dropped-object-door-detached-from-tms-during-dive/,Missing physical document artifact in packaged repository (catalog metadata only),QUARANTINED_UNVERIFIED_ARTIFACT,Download original PDF/HTML from source URL and verify SHA-256,True
EVT-IMCA-0667,International Marine Contractors Association (IMCA),SRC-IMCA-0667,https://www.imca-int.com/resources/safety/safety-flashes/1621-fatality-explosive-failure-of-corroded-fire-extinguisher/,Missing physical document artifact in packaged repository (catalog metadata only),QUARANTINED_UNVERIFIED_ARTIFACT,Download original PDF/HTML from source URL and verify SHA-256,True
EVT-IMCA-0668,International Marine Contractors Association (IMCA),SRC-IMCA-0668,https://www.imca-int.com/resources/safety/safety-flashes/1621-msf-tank-corrosion/,Missing physical document artifact in packaged repository (catalog metadata only),QUARANTINED_UNVERIFIED_ARTIFACT,Download original PDF/HTML from source URL and verify SHA-256,True
EVT-IMCA-0669,International Marine Contractors Association (IMCA),SRC-IMCA-0669,https://www.imca-int.com/resources/safety/safety-flashes/1621-ntsb-fire-on-laid-up-dive-support-vessel/,Missing physical document artifact in packaged repository (catalog metadata only),QUARANTINED_UNVERIFIED_ARTIFACT,Download original PDF/HTML from source URL and verify SHA-256,True
EVT-IMCA-0670,International Marine Contractors Association (IMCA),SRC-IMCA-0670,https://www.imca-int.com/resources/safety/safety-flashes/1621-inadvertently-drinking-hazardous-substances/,Missing physical document artifact in packaged repository (catalog metadata only),QUARANTINED_UNVERIFIED_ARTIFACT,Download original PDF/HTML from source URL and verify SHA-256,True
EVT-IMCA-0671,International Marine Contractors Association (IMCA),SRC-IMCA-0671,https://www.imca-int.com/resources/safety/safety-flashes/1621-msf-engine-damage-after-routine-maintenance/,Missing physical document artifact in packaged repository (catalog metadata only),QUARANTINED_UNVERIFIED_ARTIFACT,Download original PDF/HTML from source URL and verify SHA-256,True
EVT-IMCA-0672,International Marine Contractors Association (IMCA),SRC-IMCA-0672,https://www.imca-int.com/resources/safety/safety-flashes/1521-lti-hand-injury-during-diving-operations/,Missing physical document artifact in packaged repository (catalog metadata only),QUARANTINED_UNVERIFIED_ARTIFACT,Download original PDF/HTML from source URL and verify SHA-256,True
EVT-IMCA-0673,International Marine Contractors Association (IMCA),SRC-IMCA-0673,https://www.imca-int.com/resources/safety/safety-flashes/1521-learning-outcomes-from-a-real-time-diver-recovery/,Missing physical document artifact in packaged repository (catalog metadata only),QUARANTINED_UNVERIFIED_ARTIFACT,Download original PDF/HTML from source URL and verify SHA-256,True
EVT-IMCA-0674,International Marine Contractors Association (IMCA),SRC-IMCA-0674,https://www.imca-int.com/resources/safety/safety-flashes/1521-uk-hse-employee-in-a-port-suffers-life-changing-injuries-in-clamp-truck-incident/,Missing physical document artifact in packaged repository (catalog metadata only),QUARANTINED_UNVERIFIED_ARTIFACT,Download original PDF/HTML from source URL and verify SHA-256,True
EVT-IMCA-0675,International Marine Contractors Association (IMCA),SRC-IMCA-0675,https://www.imca-int.com/resources/safety/safety-flashes/1521-inhalation-of-toxic-fumes-during-hot-work/,Missing physical document artifact in packaged repository (catalog metadata only),QUARANTINED_UNVERIFIED_ARTIFACT,Download original PDF/HTML from source URL and verify SHA-256,True
EVT-IMCA-0676,International Marine Contractors Association (IMCA),SRC-IMCA-0676,https://www.imca-int.com/resources/safety/safety-flashes/1521-uk-hse-worker-fatally-injured-in-oil-drum-explosion/,Missing physical document artifact in packaged repository (catalog metadata only),QUARANTINED_UNVERIFIED_ARTIFACT,Download original PDF/HTML from source URL and verify SHA-256,True
EVT-IMCA-0677,International Marine Contractors Association (IMCA),SRC-IMCA-0677,https://www.imca-int.com/resources/safety/safety-flashes/1421-floodlight-dropped-to-deck-corrosion/,Missing physical document artifact in packaged repository (catalog metadata only),QUARANTINED_UNVERIFIED_ARTIFACT,Download original PDF/HTML from source URL and verify SHA-256,True
EVT-IMCA-0678,International Marine Contractors Association (IMCA),SRC-IMCA-0678,https://www.imca-int.com/resources/safety/safety-flashes/1421-maib-anchor-failures/,Missing physical document artifact in packaged repository (catalog metadata only),QUARANTINED_UNVERIFIED_ARTIFACT,Download original PDF/HTML from source URL and verify SHA-256,True
EVT-IMCA-0679,International Marine Contractors Association (IMCA),SRC-IMCA-0679,https://www.imca-int.com/resources/safety/safety-flashes/1421-injuries-sustained-during-maintenance-worker-positioning/,Missing physical document artifact in packaged repository (catalog metadata only),QUARANTINED_UNVERIFIED_ARTIFACT,Download original PDF/HTML from source URL and verify SHA-256,True
EVT-IMCA-0680,International Marine Contractors Association (IMCA),SRC-IMCA-0680,https://www.imca-int.com/resources/safety/safety-flashes/1421-britannia-pi-club-double-fatality-resulting-from-confined-space-entry/,Missing physical document artifact in packaged repository (catalog metadata only),QUARANTINED_UNVERIFIED_ARTIFACT,Download original PDF/HTML from source URL and verify SHA-256,True
EVT-IMCA-0681,International Marine Contractors Association (IMCA),SRC-IMCA-0681,https://www.imca-int.com/resources/safety/safety-flashes/1421-crew-member-thrown-to-the-quay-by-unplanned-movement-of-small-boat/,Missing physical document artifact in packaged repository (catalog metadata only),QUARANTINED_UNVERIFIED_ARTIFACT,Download original PDF/HTML from source URL and verify SHA-256,True
EVT-IMCA-0682,International Marine Contractors Association (IMCA),SRC-IMCA-0682,https://www.imca-int.com/resources/safety/safety-flashes/1321-uk-maib-safety-digest-lessons-from-marine-accident-reports-12021/,Missing physical document artifact in packaged repository (catalog metadata only),QUARANTINED_UNVERIFIED_ARTIFACT,Download original PDF/HTML from source URL and verify SHA-256,True
EVT-IMCA-0683,International Marine Contractors Association (IMCA),SRC-IMCA-0683,https://www.imca-int.com/resources/safety/safety-flashes/1321-chirp-maritime-annual-digest-for-2020/,Missing physical document artifact in packaged repository (catalog metadata only),QUARANTINED_UNVERIFIED_ARTIFACT,Download original PDF/HTML from source URL and verify SHA-256,True
EVT-IMCA-0684,International Marine Contractors Association (IMCA),SRC-IMCA-0684,https://www.imca-int.com/resources/safety/safety-flashes/1321-leg-injury-when-struck-by-rebounding-hammer/,Missing physical document artifact in packaged repository (catalog metadata only),QUARANTINED_UNVERIFIED_ARTIFACT,Download original PDF/HTML from source URL and verify SHA-256,True
EVT-IMCA-0685,International Marine Contractors Association (IMCA),SRC-IMCA-0685,https://www.imca-int.com/resources/safety/safety-flashes/1321-swedish-club-lessons-learned-crew-member-loses-leg-in-mooring-injury/,Missing physical document artifact in packaged repository (catalog metadata only),QUARANTINED_UNVERIFIED_ARTIFACT,Download original PDF/HTML from source URL and verify SHA-256,True
EVT-IMCA-0686,International Marine Contractors Association (IMCA),SRC-IMCA-0686,https://www.imca-int.com/resources/safety/safety-flashes/1321-two-injuries/,Missing physical document artifact in packaged repository (catalog metadata only),QUARANTINED_UNVERIFIED_ARTIFACT,Download original PDF/HTML from source URL and verify SHA-256,True
EVT-IMCA-0687,International Marine Contractors Association (IMCA),SRC-IMCA-0687,https://www.imca-int.com/resources/safety/safety-flashes/1221-update-to-sf-0821-fatality-person-crushed-when-secured-material-fell-on-him/,Missing physical document artifact in packaged repository (catalog metadata only),QUARANTINED_UNVERIFIED_ARTIFACT,Download original PDF/HTML from source URL and verify SHA-256,True
EVT-IMCA-0688,International Marine Contractors Association (IMCA),SRC-IMCA-0688,https://www.imca-int.com/resources/safety/safety-flashes/1221-only-a-centimetre-an-emergency-exit-hatch-blocked-by-mooring-ropes/,Missing physical document artifact in packaged repository (catalog metadata only),QUARANTINED_UNVERIFIED_ARTIFACT,Download original PDF/HTML from source URL and verify SHA-256,True
EVT-IMCA-0689,International Marine Contractors Association (IMCA),SRC-IMCA-0689,https://www.imca-int.com/resources/safety/safety-flashes/1221-potential-dropped-object-from-container/,Missing physical document artifact in packaged repository (catalog metadata only),QUARANTINED_UNVERIFIED_ARTIFACT,Download original PDF/HTML from source URL and verify SHA-256,True
EVT-IMCA-0690,International Marine Contractors Association (IMCA),SRC-IMCA-0690,https://www.imca-int.com/resources/safety/safety-flashes/1221-msf-wearing-and-storage-of-eye-protection/,Missing physical document artifact in packaged repository (catalog metadata only),QUARANTINED_UNVERIFIED_ARTIFACT,Download original PDF/HTML from source URL and verify SHA-256,True
EVT-IMCA-0691,International Marine Contractors Association (IMCA),SRC-IMCA-0691,https://www.imca-int.com/resources/safety/safety-flashes/1221-malaria-hasn-t-gone-away/,Missing physical document artifact in packaged repository (catalog metadata only),QUARANTINED_UNVERIFIED_ARTIFACT,Download original PDF/HTML from source URL and verify SHA-256,True
EVT-IMCA-0692,International Marine Contractors Association (IMCA),SRC-IMCA-0692,https://www.imca-int.com/resources/safety/safety-flashes/1121-maib-engine-failure-and-subsequent-fire/,Missing physical document artifact in packaged repository (catalog metadata only),QUARANTINED_UNVERIFIED_ARTIFACT,Download original PDF/HTML from source URL and verify SHA-256,True
EVT-IMCA-0693,International Marine Contractors Association (IMCA),SRC-IMCA-0693,https://www.imca-int.com/resources/safety/safety-flashes/1121-bsee-crewman-fell-to-his-death-through-faulty-grating/,Missing physical document artifact in packaged repository (catalog metadata only),QUARANTINED_UNVERIFIED_ARTIFACT,Download original PDF/HTML from source URL and verify SHA-256,True
EVT-IMCA-0694,International Marine Contractors Association (IMCA),SRC-IMCA-0694,https://www.imca-int.com/resources/safety/safety-flashes/1121-mooring-increase-in-first-aid-cases-involving-over-exertion/,Missing physical document artifact in packaged repository (catalog metadata only),QUARANTINED_UNVERIFIED_ARTIFACT,Download original PDF/HTML from source URL and verify SHA-256,True
EVT-IMCA-0695,International Marine Contractors Association (IMCA),SRC-IMCA-0695,https://www.imca-int.com/resources/safety/safety-flashes/1121-hand-injury-from-falling-object-during-lifting-operations/,Missing physical document artifact in packaged repository (catalog metadata only),QUARANTINED_UNVERIFIED_ARTIFACT,Download original PDF/HTML from source URL and verify SHA-256,True
EVT-IMCA-0696,International Marine Contractors Association (IMCA),SRC-IMCA-0696,https://www.imca-int.com/resources/safety/safety-flashes/1121-life-raft-dropped-to-the-jetty/,Missing physical document artifact in packaged repository (catalog metadata only),QUARANTINED_UNVERIFIED_ARTIFACT,Download original PDF/HTML from source URL and verify SHA-256,True
EVT-IMCA-0697,International Marine Contractors Association (IMCA),SRC-IMCA-0697,https://www.imca-int.com/resources/safety/safety-flashes/1021-near-miss-vessel-approach-to-wind-turbine-tower/,Missing physical document artifact in packaged repository (catalog metadata only),QUARANTINED_UNVERIFIED_ARTIFACT,Download original PDF/HTML from source URL and verify SHA-256,True
EVT-IMCA-0698,International Marine Contractors Association (IMCA),SRC-IMCA-0698,https://www.imca-int.com/resources/safety/safety-flashes/1021-dropped-0bject-crane-auxiliary-block-dropped-from-crane-boom/,Missing physical document artifact in packaged repository (catalog metadata only),QUARANTINED_UNVERIFIED_ARTIFACT,Download original PDF/HTML from source URL and verify SHA-256,True
EVT-IMCA-0699,International Marine Contractors Association (IMCA),SRC-IMCA-0699,https://www.imca-int.com/resources/safety/safety-flashes/1021-shipyard-worker-receives-electrical-shock/,Missing physical document artifact in packaged repository (catalog metadata only),QUARANTINED_UNVERIFIED_ARTIFACT,Download original PDF/HTML from source URL and verify SHA-256,True
EVT-IMCA-0700,International Marine Contractors Association (IMCA),SRC-IMCA-0700,https://www.imca-int.com/resources/safety/safety-flashes/1021-simops-smoke-from-hot-work-task-enters-confined-space/,Missing physical document artifact in packaged repository (catalog metadata only),QUARANTINED_UNVERIFIED_ARTIFACT,Download original PDF/HTML from source URL and verify SHA-256,True
EVT-IMCA-0701,International Marine Contractors Association (IMCA),SRC-IMCA-0701,https://www.imca-int.com/resources/safety/safety-flashes/1021-lti-during-deck-cargo-operations/,Missing physical document artifact in packaged repository (catalog metadata only),QUARANTINED_UNVERIFIED_ARTIFACT,Download original PDF/HTML from source URL and verify SHA-256,True
EVT-IMCA-0702,International Marine Contractors Association (IMCA),SRC-IMCA-0702,https://www.imca-int.com/resources/safety/safety-flashes/0921-dropped-object-during-crane-operations/,Missing physical document artifact in packaged repository (catalog metadata only),QUARANTINED_UNVERIFIED_ARTIFACT,Download original PDF/HTML from source URL and verify SHA-256,True
EVT-IMCA-0703,International Marine Contractors Association (IMCA),SRC-IMCA-0703,https://www.imca-int.com/resources/safety/safety-flashes/0921-dropped-object-steel-deck-plate-falls-from-pipelay-tower/,Missing physical document artifact in packaged repository (catalog metadata only),QUARANTINED_UNVERIFIED_ARTIFACT,Download original PDF/HTML from source URL and verify SHA-256,True
EVT-IMCA-0704,International Marine Contractors Association (IMCA),SRC-IMCA-0704,https://www.imca-int.com/resources/safety/safety-flashes/0921-incorrect-measurement-and-markings-on-divers-umbilical/,Missing physical document artifact in packaged repository (catalog metadata only),QUARANTINED_UNVERIFIED_ARTIFACT,Download original PDF/HTML from source URL and verify SHA-256,True
EVT-IMCA-0705,International Marine Contractors Association (IMCA),SRC-IMCA-0705,https://www.imca-int.com/resources/safety/safety-flashes/0921-case-study-lone-watchkeeping-grounding-at-night/,Missing physical document artifact in packaged repository (catalog metadata only),QUARANTINED_UNVERIFIED_ARTIFACT,Download original PDF/HTML from source URL and verify SHA-256,True
EVT-IMCA-0706,International Marine Contractors Association (IMCA),SRC-IMCA-0706,https://www.imca-int.com/resources/safety/safety-flashes/0921-engineer-suffered-burn-injuries-in-engine-room-incident/,Missing physical document artifact in packaged repository (catalog metadata only),QUARANTINED_UNVERIFIED_ARTIFACT,Download original PDF/HTML from source URL and verify SHA-256,True
EVT-IMCA-0707,International Marine Contractors Association (IMCA),SRC-IMCA-0707,https://www.imca-int.com/resources/safety/safety-flashes/0821-fatality-person-crushed-when-secured-material-fell-on-him/,Missing physical document artifact in packaged repository (catalog metadata only),QUARANTINED_UNVERIFIED_ARTIFACT,Download original PDF/HTML from source URL and verify SHA-256,True
EVT-IMCA-0708,International Marine Contractors Association (IMCA),SRC-IMCA-0708,https://www.imca-int.com/resources/safety/safety-flashes/0821-crane-wire-parted-during-offshore-operations/,Missing physical document artifact in packaged repository (catalog metadata only),QUARANTINED_UNVERIFIED_ARTIFACT,Download original PDF/HTML from source URL and verify SHA-256,True
EVT-IMCA-0709,International Marine Contractors Association (IMCA),SRC-IMCA-0709,https://www.imca-int.com/resources/safety/safety-flashes/0821-tumble-dryer-fire-lint-ignition/,Missing physical document artifact in packaged repository (catalog metadata only),QUARANTINED_UNVERIFIED_ARTIFACT,Download original PDF/HTML from source URL and verify SHA-256,True
EVT-IMCA-0710,International Marine Contractors Association (IMCA),SRC-IMCA-0710,https://www.imca-int.com/resources/safety/safety-flashes/0821-electric-shock-due-to-water-in-electrical-equipment/,Missing physical document artifact in packaged repository (catalog metadata only),QUARANTINED_UNVERIFIED_ARTIFACT,Download original PDF/HTML from source URL and verify SHA-256,True
EVT-IMCA-0711,International Marine Contractors Association (IMCA),SRC-IMCA-0711,https://www.imca-int.com/resources/safety/safety-flashes/0821-msf-air-cylinder-failure-in-lifeboat/,Missing physical document artifact in packaged repository (catalog metadata only),QUARANTINED_UNVERIFIED_ARTIFACT,Download original PDF/HTML from source URL and verify SHA-256,True
EVT-IMCA-0712,International Marine Contractors Association (IMCA),SRC-IMCA-0712,https://www.imca-int.com/resources/safety/safety-flashes/0721-three-man-overboard-fatalities/,Missing physical document artifact in packaged repository (catalog metadata only),QUARANTINED_UNVERIFIED_ARTIFACT,Download original PDF/HTML from source URL and verify SHA-256,True
EVT-IMCA-0713,International Marine Contractors Association (IMCA),SRC-IMCA-0713,https://www.imca-int.com/resources/safety/safety-flashes/0721-bypassing-safety-controls-violation-of-working-at-height-requirements/,Missing physical document artifact in packaged repository (catalog metadata only),QUARANTINED_UNVERIFIED_ARTIFACT,Download original PDF/HTML from source URL and verify SHA-256,True
EVT-IMCA-0714,International Marine Contractors Association (IMCA),SRC-IMCA-0714,https://www.imca-int.com/resources/safety/safety-flashes/0721-line-of-fire-deck-tugger-wire-failure/,Missing physical document artifact in packaged repository (catalog metadata only),QUARANTINED_UNVERIFIED_ARTIFACT,Download original PDF/HTML from source URL and verify SHA-256,True
EVT-IMCA-0715,International Marine Contractors Association (IMCA),SRC-IMCA-0715,https://www.imca-int.com/resources/safety/safety-flashes/0721-failure-of-natural-fibre-rope-in-embarkation-ladder/,Missing physical document artifact in packaged repository (catalog metadata only),QUARANTINED_UNVERIFIED_ARTIFACT,Download original PDF/HTML from source URL and verify SHA-256,True
EVT-IMCA-0716,International Marine Contractors Association (IMCA),SRC-IMCA-0716,https://www.imca-int.com/resources/safety/safety-flashes/0721-vessel-hull-damage-due-to-quayside-contact/,Missing physical document artifact in packaged repository (catalog metadata only),QUARANTINED_UNVERIFIED_ARTIFACT,Download original PDF/HTML from source URL and verify SHA-256,True
EVT-IMCA-0717,International Marine Contractors Association (IMCA),SRC-IMCA-0717,https://www.imca-int.com/resources/safety/safety-flashes/0621-disabled-audible-alarm-on-fire-alarm-panel/,Missing physical document artifact in packaged repository (catalog metadata only),QUARANTINED_UNVERIFIED_ARTIFACT,Download original PDF/HTML from source URL and verify SHA-256,True
EVT-IMCA-0718,International Marine Contractors Association (IMCA),SRC-IMCA-0718,https://www.imca-int.com/resources/safety/safety-flashes/0621-inappropriate-use-of-pneumatic-line-thrower-for-mooring-line/,Missing physical document artifact in packaged repository (catalog metadata only),QUARANTINED_UNVERIFIED_ARTIFACT,Download original PDF/HTML from source URL and verify SHA-256,True
EVT-IMCA-0719,International Marine Contractors Association (IMCA),SRC-IMCA-0719,https://www.imca-int.com/resources/safety/safety-flashes/0621-issues-relating-to-coronavirus-management/,Missing physical document artifact in packaged repository (catalog metadata only),QUARANTINED_UNVERIFIED_ARTIFACT,Download original PDF/HTML from source URL and verify SHA-256,True
EVT-IMCA-0720,International Marine Contractors Association (IMCA),SRC-IMCA-0720,https://www.imca-int.com/resources/safety/safety-flashes/0621-lead-acid-battery-explosion/,Missing physical document artifact in packaged repository (catalog metadata only),QUARANTINED_UNVERIFIED_ARTIFACT,Download original PDF/HTML from source URL and verify SHA-256,True
EVT-IMCA-0721,International Marine Contractors Association (IMCA),SRC-IMCA-0721,https://www.imca-int.com/resources/safety/safety-flashes/0621-sludge-accumulation-in-fresh-water-tank/,Missing physical document artifact in packaged repository (catalog metadata only),QUARANTINED_UNVERIFIED_ARTIFACT,Download original PDF/HTML from source URL and verify SHA-256,True
EVT-IMCA-0722,International Marine Contractors Association (IMCA),SRC-IMCA-0722,https://www.imca-int.com/resources/safety/safety-flashes/0621-maib-fatal-accident-during-cargo-operations-on-karina-c/,Missing physical document artifact in packaged repository (catalog metadata only),QUARANTINED_UNVERIFIED_ARTIFACT,Download original PDF/HTML from source URL and verify SHA-256,True
EVT-IMCA-0723,International Marine Contractors Association (IMCA),SRC-IMCA-0723,https://www.imca-int.com/resources/safety/safety-flashes/0521-service-letter-from-palfinger-marine-relating-to-davit-types-npd-11300h-and-npd-14800h/,Missing physical document artifact in packaged repository (catalog metadata only),QUARANTINED_UNVERIFIED_ARTIFACT,Download original PDF/HTML from source URL and verify SHA-256,True
EVT-IMCA-0724,International Marine Contractors Association (IMCA),SRC-IMCA-0724,https://www.imca-int.com/resources/safety/safety-flashes/0521-rigging-failure-during-riser-recovery-soft-slings-parted/,Missing physical document artifact in packaged repository (catalog metadata only),QUARANTINED_UNVERIFIED_ARTIFACT,Download original PDF/HTML from source URL and verify SHA-256,True
EVT-IMCA-0725,International Marine Contractors Association (IMCA),SRC-IMCA-0725,https://www.imca-int.com/resources/safety/safety-flashes/0521-failure-of-remote-controlemergency-stop-on-rescue-boat-winch/,Missing physical document artifact in packaged repository (catalog metadata only),QUARANTINED_UNVERIFIED_ARTIFACT,Download original PDF/HTML from source URL and verify SHA-256,True
EVT-IMCA-0726,International Marine Contractors Association (IMCA),SRC-IMCA-0726,https://www.imca-int.com/resources/safety/safety-flashes/0521-msf-near-miss-potential-dropped-object-found-on-bundle-of-casing/,Missing physical document artifact in packaged repository (catalog metadata only),QUARANTINED_UNVERIFIED_ARTIFACT,Download original PDF/HTML from source URL and verify SHA-256,True
EVT-IMCA-0727,International Marine Contractors Association (IMCA),SRC-IMCA-0727,https://www.imca-int.com/resources/safety/safety-flashes/0521-crane-whip-line-parted-during-hook-stop-testing/,Missing physical document artifact in packaged repository (catalog metadata only),QUARANTINED_UNVERIFIED_ARTIFACT,Download original PDF/HTML from source URL and verify SHA-256,True
EVT-IMCA-0728,International Marine Contractors Association (IMCA),SRC-IMCA-0728,https://www.imca-int.com/resources/safety/safety-flashes/0421-hand-injury-when-caught-in-machinery/,Missing physical document artifact in packaged repository (catalog metadata only),QUARANTINED_UNVERIFIED_ARTIFACT,Download original PDF/HTML from source URL and verify SHA-256,True
EVT-IMCA-0729,International Marine Contractors Association (IMCA),SRC-IMCA-0729,https://www.imca-int.com/resources/safety/safety-flashes/0421-injury-to-fingers-during-grinding-activity/,Missing physical document artifact in packaged repository (catalog metadata only),QUARANTINED_UNVERIFIED_ARTIFACT,Download original PDF/HTML from source URL and verify SHA-256,True
EVT-IMCA-0730,International Marine Contractors Association (IMCA),SRC-IMCA-0730,https://www.imca-int.com/resources/safety/safety-flashes/0421-lti-stored-energy-rigger-injured-leg-working-on-quayside/,Missing physical document artifact in packaged repository (catalog metadata only),QUARANTINED_UNVERIFIED_ARTIFACT,Download original PDF/HTML from source URL and verify SHA-256,True
EVT-IMCA-0731,International Marine Contractors Association (IMCA),SRC-IMCA-0731,https://www.imca-int.com/resources/safety/safety-flashes/0421-two-incidents-relating-to-the-condition-of-personal-protective-equipment/,Missing physical document artifact in packaged repository (catalog metadata only),QUARANTINED_UNVERIFIED_ARTIFACT,Download original PDF/HTML from source URL and verify SHA-256,True
EVT-IMCA-0732,International Marine Contractors Association (IMCA),SRC-IMCA-0732,https://www.imca-int.com/resources/safety/safety-flashes/0421-covid-19-improper-risk-management/,Missing physical document artifact in packaged repository (catalog metadata only),QUARANTINED_UNVERIFIED_ARTIFACT,Download original PDF/HTML from source URL and verify SHA-256,True
EVT-IMCA-0733,International Marine Contractors Association (IMCA),SRC-IMCA-0733,https://www.imca-int.com/resources/safety/safety-flashes/0321-dutch-safety-board-fatality-when-mooring-line-snapped/,Missing physical document artifact in packaged repository (catalog metadata only),QUARANTINED_UNVERIFIED_ARTIFACT,Download original PDF/HTML from source URL and verify SHA-256,True
EVT-IMCA-0734,International Marine Contractors Association (IMCA),SRC-IMCA-0734,https://www.imca-int.com/resources/safety/safety-flashes/0321-near-miss-uncontrolled-movement-of-mooring-chain/,Missing physical document artifact in packaged repository (catalog metadata only),QUARANTINED_UNVERIFIED_ARTIFACT,Download original PDF/HTML from source URL and verify SHA-256,True
EVT-IMCA-0735,International Marine Contractors Association (IMCA),SRC-IMCA-0735,https://www.imca-int.com/resources/safety/safety-flashes/0321-lifeboat-wire-rope-failure/,Missing physical document artifact in packaged repository (catalog metadata only),QUARANTINED_UNVERIFIED_ARTIFACT,Download original PDF/HTML from source URL and verify SHA-256,True
EVT-IMCA-0736,International Marine Contractors Association (IMCA),SRC-IMCA-0736,https://www.imca-int.com/resources/safety/safety-flashes/0321-vessel-near-miss-with-wellhead/,Missing physical document artifact in packaged repository (catalog metadata only),QUARANTINED_UNVERIFIED_ARTIFACT,Download original PDF/HTML from source URL and verify SHA-256,True
EVT-IMCA-0737,International Marine Contractors Association (IMCA),SRC-IMCA-0737,https://www.imca-int.com/resources/safety/safety-flashes/0321-positive-vessel-improvements-made-following-a-man-overboard-incident/,Missing physical document artifact in packaged repository (catalog metadata only),QUARANTINED_UNVERIFIED_ARTIFACT,Download original PDF/HTML from source URL and verify SHA-256,True
EVT-IMCA-0738,International Marine Contractors Association (IMCA),SRC-IMCA-0738,https://www.imca-int.com/resources/safety/safety-flashes/0221-ntsb-overturning-of-the-liftboat-kristin-faye/,Missing physical document artifact in packaged repository (catalog metadata only),QUARANTINED_UNVERIFIED_ARTIFACT,Download original PDF/HTML from source URL and verify SHA-256,True
EVT-IMCA-0739,International Marine Contractors Association (IMCA),SRC-IMCA-0739,https://www.imca-int.com/resources/safety/safety-flashes/0221-stop-work-authority-enforced-unsafe-conditions-no-appropriate-lifting-gear-available/,Missing physical document artifact in packaged repository (catalog metadata only),QUARANTINED_UNVERIFIED_ARTIFACT,Download original PDF/HTML from source URL and verify SHA-256,True
EVT-IMCA-0740,International Marine Contractors Association (IMCA),SRC-IMCA-0740,https://www.imca-int.com/resources/safety/safety-flashes/0221-secured-material-fell-against-crewman-causing-injury/,Missing physical document artifact in packaged repository (catalog metadata only),QUARANTINED_UNVERIFIED_ARTIFACT,Download original PDF/HTML from source URL and verify SHA-256,True
EVT-IMCA-0741,International Marine Contractors Association (IMCA),SRC-IMCA-0741,https://www.imca-int.com/resources/safety/safety-flashes/0221-ntsb-flooding-sinking-and-loss-of-tugboat-mangilao/,Missing physical document artifact in packaged repository (catalog metadata only),QUARANTINED_UNVERIFIED_ARTIFACT,Download original PDF/HTML from source URL and verify SHA-256,True
EVT-IMCA-0742,International Marine Contractors Association (IMCA),SRC-IMCA-0742,https://www.imca-int.com/resources/safety/safety-flashes/0221-msf-cargo-snagging/,Missing physical document artifact in packaged repository (catalog metadata only),QUARANTINED_UNVERIFIED_ARTIFACT,Download original PDF/HTML from source URL and verify SHA-256,True
EVT-IMCA-0743,International Marine Contractors Association (IMCA),SRC-IMCA-0743,https://www.imca-int.com/resources/safety/safety-flashes/3420-lti-incident-crew-struck-by-cargo-during-lifting-operations/,Missing physical document artifact in packaged repository (catalog metadata only),QUARANTINED_UNVERIFIED_ARTIFACT,Download original PDF/HTML from source URL and verify SHA-256,True
EVT-IMCA-0744,International Marine Contractors Association (IMCA),SRC-IMCA-0744,https://www.imca-int.com/resources/safety/safety-flashes/3420-serious-lti-deck-crew-member-struck-by-termination-headflexible/,Missing physical document artifact in packaged repository (catalog metadata only),QUARANTINED_UNVERIFIED_ARTIFACT,Download original PDF/HTML from source URL and verify SHA-256,True
EVT-IMCA-0745,International Marine Contractors Association (IMCA),SRC-IMCA-0745,https://www.imca-int.com/resources/safety/safety-flashes/3420-lti-person-injured-by-a-battery-explosion-on-vessel-deck/,Missing physical document artifact in packaged repository (catalog metadata only),QUARANTINED_UNVERIFIED_ARTIFACT,Download original PDF/HTML from source URL and verify SHA-256,True
EVT-IMCA-0746,International Marine Contractors Association (IMCA),SRC-IMCA-0746,https://www.imca-int.com/resources/safety/safety-flashes/3420-unexpected-truck-movement-caused-rigger-to-fall-off-a-ladder/,Missing physical document artifact in packaged repository (catalog metadata only),QUARANTINED_UNVERIFIED_ARTIFACT,Download original PDF/HTML from source URL and verify SHA-256,True
EVT-IMCA-0747,International Marine Contractors Association (IMCA),SRC-IMCA-0747,https://www.imca-int.com/resources/safety/safety-flashes/3420-broken-finger-during-rov-maintenance/,Missing physical document artifact in packaged repository (catalog metadata only),QUARANTINED_UNVERIFIED_ARTIFACT,Download original PDF/HTML from source URL and verify SHA-256,True
EVT-IMCA-0748,International Marine Contractors Association (IMCA),SRC-IMCA-0748,https://www.imca-int.com/resources/safety/safety-flashes/3420-how-ppe-works-a-reminder/,Missing physical document artifact in packaged repository (catalog metadata only),QUARANTINED_UNVERIFIED_ARTIFACT,Download original PDF/HTML from source URL and verify SHA-256,True
EVT-IMCA-0749,International Marine Contractors Association (IMCA),SRC-IMCA-0749,https://www.imca-int.com/resources/safety/safety-flashes/3320-uk-hse-fatal-incident-using-high-pressure-water-jetting-equipment/,Missing physical document artifact in packaged repository (catalog metadata only),QUARANTINED_UNVERIFIED_ARTIFACT,Download original PDF/HTML from source URL and verify SHA-256,True
EVT-IMCA-0750,International Marine Contractors Association (IMCA),SRC-IMCA-0750,https://www.imca-int.com/resources/safety/safety-flashes/3320-air-cylinders-differences-in-working-pressure-and-valve-types/,Missing physical document artifact in packaged repository (catalog metadata only),QUARANTINED_UNVERIFIED_ARTIFACT,Download original PDF/HTML from source URL and verify SHA-256,True
EVT-IMCA-0751,International Marine Contractors Association (IMCA),SRC-IMCA-0751,https://www.imca-int.com/resources/safety/safety-flashes/3320-man-overboard-incident-not-fatal/,Missing physical document artifact in packaged repository (catalog metadata only),QUARANTINED_UNVERIFIED_ARTIFACT,Download original PDF/HTML from source URL and verify SHA-256,True
EVT-IMCA-0752,International Marine Contractors Association (IMCA),SRC-IMCA-0752,https://www.imca-int.com/resources/safety/safety-flashes/3320-injury-caused-by-closing-fire-flap/,Missing physical document artifact in packaged repository (catalog metadata only),QUARANTINED_UNVERIFIED_ARTIFACT,Download original PDF/HTML from source URL and verify SHA-256,True
EVT-IMCA-0753,International Marine Contractors Association (IMCA),SRC-IMCA-0753,https://www.imca-int.com/resources/safety/safety-flashes/3220-cabin-fire-caused-by-light-fitting-overheating/,Missing physical document artifact in packaged repository (catalog metadata only),QUARANTINED_UNVERIFIED_ARTIFACT,Download original PDF/HTML from source URL and verify SHA-256,True
EVT-IMCA-0754,International Marine Contractors Association (IMCA),SRC-IMCA-0754,https://www.imca-int.com/resources/safety/safety-flashes/3220-fire-in-a-safety-locker/,Missing physical document artifact in packaged repository (catalog metadata only),QUARANTINED_UNVERIFIED_ARTIFACT,Download original PDF/HTML from source URL and verify SHA-256,True
EVT-IMCA-0755,International Marine Contractors Association (IMCA),SRC-IMCA-0755,https://www.imca-int.com/resources/safety/safety-flashes/3220-smouldering-fire-in-tumble-dryer/,Missing physical document artifact in packaged repository (catalog metadata only),QUARANTINED_UNVERIFIED_ARTIFACT,Download original PDF/HTML from source URL and verify SHA-256,True
EVT-IMCA-0756,International Marine Contractors Association (IMCA),SRC-IMCA-0756,https://www.imca-int.com/resources/safety/safety-flashes/3220-fires-and-fire-risks-on-vessels/,Missing physical document artifact in packaged repository (catalog metadata only),QUARANTINED_UNVERIFIED_ARTIFACT,Download original PDF/HTML from source URL and verify SHA-256,True
EVT-IMCA-0757,International Marine Contractors Association (IMCA),SRC-IMCA-0757,https://www.imca-int.com/resources/safety/safety-flashes/3320-rigging-failure-clump-weight-dropped-to-seabed/,Missing physical document artifact in packaged repository (catalog metadata only),QUARANTINED_UNVERIFIED_ARTIFACT,Download original PDF/HTML from source URL and verify SHA-256,True
EVT-IMCA-0758,International Marine Contractors Association (IMCA),SRC-IMCA-0758,https://www.imca-int.com/resources/safety/safety-flashes/3120-main-crane-hoist-wire-damage/,Missing physical document artifact in packaged repository (catalog metadata only),QUARANTINED_UNVERIFIED_ARTIFACT,Download original PDF/HTML from source URL and verify SHA-256,True
EVT-IMCA-0759,International Marine Contractors Association (IMCA),SRC-IMCA-0759,https://www.imca-int.com/resources/safety/safety-flashes/3120-serious-injury-incurred-while-removing-wire-rope-sling-from-a-crane-hook/,Missing physical document artifact in packaged repository (catalog metadata only),QUARANTINED_UNVERIFIED_ARTIFACT,Download original PDF/HTML from source URL and verify SHA-256,True
EVT-IMCA-0760,International Marine Contractors Association (IMCA),SRC-IMCA-0760,https://www.imca-int.com/resources/safety/safety-flashes/3120-confined-space-entry-fatality/,Missing physical document artifact in packaged repository (catalog metadata only),QUARANTINED_UNVERIFIED_ARTIFACT,Download original PDF/HTML from source URL and verify SHA-256,True
EVT-IMCA-0761,International Marine Contractors Association (IMCA),SRC-IMCA-0761,https://www.imca-int.com/resources/safety/safety-flashes/3120-pilots-leaving-the-vessel-in-port-in-an-unsafe-manner/,Missing physical document artifact in packaged repository (catalog metadata only),QUARANTINED_UNVERIFIED_ARTIFACT,Download original PDF/HTML from source URL and verify SHA-256,True
EVT-IMCA-0762,International Marine Contractors Association (IMCA),SRC-IMCA-0762,https://www.imca-int.com/resources/safety/safety-flashes/3120-falls-from-step-ladders/,Missing physical document artifact in packaged repository (catalog metadata only),QUARANTINED_UNVERIFIED_ARTIFACT,Download original PDF/HTML from source URL and verify SHA-256,True
EVT-IMCA-0763,International Marine Contractors Association (IMCA),SRC-IMCA-0763,https://www.imca-int.com/resources/safety/safety-flashes/3220-two-incidents-with-electrical-installations-with-potential-for-a-fire/,Missing physical document artifact in packaged repository (catalog metadata only),QUARANTINED_UNVERIFIED_ARTIFACT,Download original PDF/HTML from source URL and verify SHA-256,True
EVT-IMCA-0764,International Marine Contractors Association (IMCA),SRC-IMCA-0764,https://www.imca-int.com/resources/safety/safety-flashes/3020-firefighting-fifi-tank-outlet-blockage/,Missing physical document artifact in packaged repository (catalog metadata only),QUARANTINED_UNVERIFIED_ARTIFACT,Download original PDF/HTML from source URL and verify SHA-256,True
EVT-IMCA-0765,International Marine Contractors Association (IMCA),SRC-IMCA-0765,https://www.imca-int.com/resources/safety/safety-flashes/3020-windfarm-support-vessel-njord-forseti-hit-wind-turbine-tower-jersey-maritime-administration/,Missing physical document artifact in packaged repository (catalog metadata only),QUARANTINED_UNVERIFIED_ARTIFACT,Download original PDF/HTML from source URL and verify SHA-256,True
EVT-IMCA-0766,International Marine Contractors Association (IMCA),SRC-IMCA-0766,https://www.imca-int.com/resources/safety/safety-flashes/3020-two-deaths-of-military-divers/,Missing physical document artifact in packaged repository (catalog metadata only),QUARANTINED_UNVERIFIED_ARTIFACT,Download original PDF/HTML from source URL and verify SHA-256,True
EVT-IMCA-0767,International Marine Contractors Association (IMCA),SRC-IMCA-0767,https://www.imca-int.com/resources/safety/safety-flashes/3020-uk-hse-employees-foot-crushed-by-forklift-at-maritime-freight-logistics-company/,Missing physical document artifact in packaged repository (catalog metadata only),QUARANTINED_UNVERIFIED_ARTIFACT,Download original PDF/HTML from source URL and verify SHA-256,True
EVT-IMCA-0768,International Marine Contractors Association (IMCA),SRC-IMCA-0768,https://www.imca-int.com/resources/safety/safety-flashes/3020-msf-grub-screws-and-perished-valves-trouble-with-methanol-transfer/,Missing physical document artifact in packaged repository (catalog metadata only),QUARANTINED_UNVERIFIED_ARTIFACT,Download original PDF/HTML from source URL and verify SHA-256,True
EVT-IMCA-0769,International Marine Contractors Association (IMCA),SRC-IMCA-0769,https://www.imca-int.com/resources/safety/safety-flashes/2920-crane-hydraulic-hose-caught-on-protruding-grease-fitting/,Missing physical document artifact in packaged repository (catalog metadata only),QUARANTINED_UNVERIFIED_ARTIFACT,Download original PDF/HTML from source URL and verify SHA-256,True
EVT-IMCA-0770,International Marine Contractors Association (IMCA),SRC-IMCA-0770,https://www.imca-int.com/resources/safety/safety-flashes/2920-crushed-finger-injury-during-wire-transfer-operations/,Missing physical document artifact in packaged repository (catalog metadata only),QUARANTINED_UNVERIFIED_ARTIFACT,Download original PDF/HTML from source URL and verify SHA-256,True
EVT-IMCA-0771,International Marine Contractors Association (IMCA),SRC-IMCA-0771,https://www.imca-int.com/resources/safety/safety-flashes/2920-oil-production-riser-gas-ignition/,Missing physical document artifact in packaged repository (catalog metadata only),QUARANTINED_UNVERIFIED_ARTIFACT,Download original PDF/HTML from source URL and verify SHA-256,True
EVT-IMCA-0772,International Marine Contractors Association (IMCA),SRC-IMCA-0772,https://www.imca-int.com/resources/safety/safety-flashes/2920-dropped-object-wireless-crane-control-unit/,Missing physical document artifact in packaged repository (catalog metadata only),QUARANTINED_UNVERIFIED_ARTIFACT,Download original PDF/HTML from source URL and verify SHA-256,True
EVT-IMCA-0773,International Marine Contractors Association (IMCA),SRC-IMCA-0773,https://www.imca-int.com/resources/safety/safety-flashes/2920-positive-parted-mooring-lines-spotted-before-damage-could-occur/,Missing physical document artifact in packaged repository (catalog metadata only),QUARANTINED_UNVERIFIED_ARTIFACT,Download original PDF/HTML from source URL and verify SHA-256,True
EVT-IMCA-0774,International Marine Contractors Association (IMCA),SRC-IMCA-0774,https://www.imca-int.com/resources/safety/safety-flashes/2820-unsafe-lifting-operations/,Missing physical document artifact in packaged repository (catalog metadata only),QUARANTINED_UNVERIFIED_ARTIFACT,Download original PDF/HTML from source URL and verify SHA-256,True
EVT-IMCA-0775,International Marine Contractors Association (IMCA),SRC-IMCA-0775,https://www.imca-int.com/resources/safety/safety-flashes/2820-deliberate-failure-to-follow-instructions-unsafequarantined-tools-brought-back-into-use/,Missing physical document artifact in packaged repository (catalog metadata only),QUARANTINED_UNVERIFIED_ARTIFACT,Download original PDF/HTML from source URL and verify SHA-256,True
EVT-IMCA-0776,International Marine Contractors Association (IMCA),SRC-IMCA-0776,https://www.imca-int.com/resources/safety/safety-flashes/2820-maib-loss-of-cargo-containers-overboard-from-container-ship-ever-smart/,Missing physical document artifact in packaged repository (catalog metadata only),QUARANTINED_UNVERIFIED_ARTIFACT,Download original PDF/HTML from source URL and verify SHA-256,True
EVT-IMCA-0777,International Marine Contractors Association (IMCA),SRC-IMCA-0777,https://www.imca-int.com/resources/safety/safety-flashes/2820-us-coast-guard-damaged-control-cables-can-contribute-to-unintended-opening-of-a-hook/,Missing physical document artifact in packaged repository (catalog metadata only),QUARANTINED_UNVERIFIED_ARTIFACT,Download original PDF/HTML from source URL and verify SHA-256,True
EVT-IMCA-0778,International Marine Contractors Association (IMCA),SRC-IMCA-0778,https://www.imca-int.com/resources/safety/safety-flashes/2820-us-coast-guard-addressing-hazardous-area-electrical-issues/,Missing physical document artifact in packaged repository (catalog metadata only),QUARANTINED_UNVERIFIED_ARTIFACT,Download original PDF/HTML from source URL and verify SHA-256,True
EVT-IMCA-0779,International Marine Contractors Association (IMCA),SRC-IMCA-0779,https://www.imca-int.com/resources/safety/safety-flashes/2720-near-miss-sudden-loss-of-air-from-diver-bail-out-bottle/,Missing physical document artifact in packaged repository (catalog metadata only),QUARANTINED_UNVERIFIED_ARTIFACT,Download original PDF/HTML from source URL and verify SHA-256,True
EVT-IMCA-0780,International Marine Contractors Association (IMCA),SRC-IMCA-0780,https://www.imca-int.com/resources/safety/safety-flashes/2720-serious-leg-injury-from-falling-winch-sheave/,Missing physical document artifact in packaged repository (catalog metadata only),QUARANTINED_UNVERIFIED_ARTIFACT,Download original PDF/HTML from source URL and verify SHA-256,True
EVT-IMCA-0781,International Marine Contractors Association (IMCA),SRC-IMCA-0781,https://www.imca-int.com/resources/safety/safety-flashes/2720-hand-injury-from-portable-hand-held-angle-grinder/,Missing physical document artifact in packaged repository (catalog metadata only),QUARANTINED_UNVERIFIED_ARTIFACT,Download original PDF/HTML from source URL and verify SHA-256,True
EVT-IMCA-0782,International Marine Contractors Association (IMCA),SRC-IMCA-0782,https://www.imca-int.com/resources/safety/safety-flashes/2720-lti-leg-fractured-while-loading-tubulars/,Missing physical document artifact in packaged repository (catalog metadata only),QUARANTINED_UNVERIFIED_ARTIFACT,Download original PDF/HTML from source URL and verify SHA-256,True
EVT-IMCA-0783,International Marine Contractors Association (IMCA),SRC-IMCA-0783,https://www.imca-int.com/resources/safety/safety-flashes/2720-uk-hse-two-workers-suffer-multiple-burn-injuries/,Missing physical document artifact in packaged repository (catalog metadata only),QUARANTINED_UNVERIFIED_ARTIFACT,Download original PDF/HTML from source URL and verify SHA-256,True
EVT-IMCA-0784,International Marine Contractors Association (IMCA),SRC-IMCA-0784,https://www.imca-int.com/resources/safety/safety-flashes/2620-high-potential-drops-near-miss-failed-crane-component/,Missing physical document artifact in packaged repository (catalog metadata only),QUARANTINED_UNVERIFIED_ARTIFACT,Download original PDF/HTML from source URL and verify SHA-256,True
EVT-IMCA-0785,International Marine Contractors Association (IMCA),SRC-IMCA-0785,https://www.imca-int.com/resources/safety/safety-flashes/2620-near-miss-lever-hoist-failure/,Missing physical document artifact in packaged repository (catalog metadata only),QUARANTINED_UNVERIFIED_ARTIFACT,Download original PDF/HTML from source URL and verify SHA-256,True
EVT-IMCA-0786,International Marine Contractors Association (IMCA),SRC-IMCA-0786,https://www.imca-int.com/resources/safety/safety-flashes/2620-provisions-crane-damaged-by-main-deck-crane/,Missing physical document artifact in packaged repository (catalog metadata only),QUARANTINED_UNVERIFIED_ARTIFACT,Download original PDF/HTML from source URL and verify SHA-256,True
EVT-IMCA-0787,International Marine Contractors Association (IMCA),SRC-IMCA-0787,https://www.imca-int.com/resources/safety/safety-flashes/2620-dropped-object-from-derrick/,Missing physical document artifact in packaged repository (catalog metadata only),QUARANTINED_UNVERIFIED_ARTIFACT,Download original PDF/HTML from source URL and verify SHA-256,True
EVT-IMCA-0788,International Marine Contractors Association (IMCA),SRC-IMCA-0788,https://www.imca-int.com/resources/safety/safety-flashes/2620-fall-of-a-suspended-load-on-general-cargo-vessel-zea-servant-injuring-two-crew/,Missing physical document artifact in packaged repository (catalog metadata only),QUARANTINED_UNVERIFIED_ARTIFACT,Download original PDF/HTML from source URL and verify SHA-256,True
EVT-IMCA-0789,International Marine Contractors Association (IMCA),SRC-IMCA-0789,https://www.imca-int.com/resources/safety/safety-flashes/2520-emergency-lithium-battery-failed-catastrophically-in-a-diving-bell/,Missing physical document artifact in packaged repository (catalog metadata only),QUARANTINED_UNVERIFIED_ARTIFACT,Download original PDF/HTML from source URL and verify SHA-256,True
EVT-IMCA-0790,International Marine Contractors Association (IMCA),SRC-IMCA-0790,https://www.imca-int.com/resources/safety/safety-flashes/2520-fire-in-welding-fumes-extraction-system/,Missing physical document artifact in packaged repository (catalog metadata only),QUARANTINED_UNVERIFIED_ARTIFACT,Download original PDF/HTML from source URL and verify SHA-256,True
EVT-IMCA-0791,International Marine Contractors Association (IMCA),SRC-IMCA-0791,https://www.imca-int.com/resources/safety/safety-flashes/2520-high-potential-near-miss-nitrogen-hose-failure-during-transfer-of-gas/,Missing physical document artifact in packaged repository (catalog metadata only),QUARANTINED_UNVERIFIED_ARTIFACT,Download original PDF/HTML from source URL and verify SHA-256,True
EVT-IMCA-0792,International Marine Contractors Association (IMCA),SRC-IMCA-0792,https://www.imca-int.com/resources/safety/safety-flashes/2520-electrical-shock-from-containerised-portable-office/,Missing physical document artifact in packaged repository (catalog metadata only),QUARANTINED_UNVERIFIED_ARTIFACT,Download original PDF/HTML from source URL and verify SHA-256,True
EVT-IMCA-0793,International Marine Contractors Association (IMCA),SRC-IMCA-0793,https://www.imca-int.com/resources/safety/safety-flashes/2520-unsafe-use-of-hand-grinder-with-damaged-disc/,Missing physical document artifact in packaged repository (catalog metadata only),QUARANTINED_UNVERIFIED_ARTIFACT,Download original PDF/HTML from source URL and verify SHA-256,True
EVT-IMCA-0794,International Marine Contractors Association (IMCA),SRC-IMCA-0794,https://www.imca-int.com/resources/safety/safety-flashes/2420-hull-damage-caused-oil-leakage-from-settling-tank/,Missing physical document artifact in packaged repository (catalog metadata only),QUARANTINED_UNVERIFIED_ARTIFACT,Download original PDF/HTML from source URL and verify SHA-256,True
EVT-IMCA-0795,International Marine Contractors Association (IMCA),SRC-IMCA-0795,https://www.imca-int.com/resources/safety/safety-flashes/2420-safe-embarkation-and-disembarkation-of-marine-pilots/,Missing physical document artifact in packaged repository (catalog metadata only),QUARANTINED_UNVERIFIED_ARTIFACT,Download original PDF/HTML from source URL and verify SHA-256,True
EVT-IMCA-0796,International Marine Contractors Association (IMCA),SRC-IMCA-0796,https://www.imca-int.com/resources/safety/safety-flashes/2420-near-miss-incorrectly-set-lifeboat-hook/,Missing physical document artifact in packaged repository (catalog metadata only),QUARANTINED_UNVERIFIED_ARTIFACT,Download original PDF/HTML from source URL and verify SHA-256,True
EVT-IMCA-0797,International Marine Contractors Association (IMCA),SRC-IMCA-0797,https://www.imca-int.com/resources/safety/safety-flashes/2420-positive-stop-work-by-master-challenging-sailing-order/,Missing physical document artifact in packaged repository (catalog metadata only),QUARANTINED_UNVERIFIED_ARTIFACT,Download original PDF/HTML from source URL and verify SHA-256,True
EVT-IMCA-0798,International Marine Contractors Association (IMCA),SRC-IMCA-0798,https://www.imca-int.com/resources/safety/safety-flashes/2420-near-misspositive-internal-o-ring-seal-found-damaged-on-fuel-system/,Missing physical document artifact in packaged repository (catalog metadata only),QUARANTINED_UNVERIFIED_ARTIFACT,Download original PDF/HTML from source URL and verify SHA-256,True
EVT-IMCA-0799,International Marine Contractors Association (IMCA),SRC-IMCA-0799,https://www.imca-int.com/resources/safety/safety-flashes/2320-safety-performance-in-the-offshore-renewable-energy-industry/,Missing physical document artifact in packaged repository (catalog metadata only),QUARANTINED_UNVERIFIED_ARTIFACT,Download original PDF/HTML from source URL and verify SHA-256,True
EVT-IMCA-0800,International Marine Contractors Association (IMCA),SRC-IMCA-0800,https://www.imca-int.com/resources/safety/safety-flashes/2320-use-of-face-masks-designated-kn95/,Missing physical document artifact in packaged repository (catalog metadata only),QUARANTINED_UNVERIFIED_ARTIFACT,Download original PDF/HTML from source URL and verify SHA-256,True
EVT-IMCA-0801,International Marine Contractors Association (IMCA),SRC-IMCA-0801,https://www.imca-int.com/resources/safety/safety-flashes/2220-finger-injury-caused-by-incorrectly-secured-console-cover/,Missing physical document artifact in packaged repository (catalog metadata only),QUARANTINED_UNVERIFIED_ARTIFACT,Download original PDF/HTML from source URL and verify SHA-256,True
EVT-IMCA-0802,International Marine Contractors Association (IMCA),SRC-IMCA-0802,https://www.imca-int.com/resources/safety/safety-flashes/2220-hydraulic-sample-extruder-finger-laceration/,Missing physical document artifact in packaged repository (catalog metadata only),QUARANTINED_UNVERIFIED_ARTIFACT,Download original PDF/HTML from source URL and verify SHA-256,True
EVT-IMCA-0803,International Marine Contractors Association (IMCA),SRC-IMCA-0803,https://www.imca-int.com/resources/safety/safety-flashes/2220-lti-loss-of-fingertip-and-nail/,Missing physical document artifact in packaged repository (catalog metadata only),QUARANTINED_UNVERIFIED_ARTIFACT,Download original PDF/HTML from source URL and verify SHA-256,True
EVT-IMCA-0804,International Marine Contractors Association (IMCA),SRC-IMCA-0804,https://www.imca-int.com/resources/safety/safety-flashes/2220-person-injured-when-leg-slipped-through-floor-hatch/,Missing physical document artifact in packaged repository (catalog metadata only),QUARANTINED_UNVERIFIED_ARTIFACT,Download original PDF/HTML from source URL and verify SHA-256,True
EVT-IMCA-0805,International Marine Contractors Association (IMCA),SRC-IMCA-0805,https://www.imca-int.com/resources/safety/safety-flashes/2220-member-of-the-public-was-killed-following-unplanned-movement-of-an-unsecured-load/,Missing physical document artifact in packaged repository (catalog metadata only),QUARANTINED_UNVERIFIED_ARTIFACT,Download original PDF/HTML from source URL and verify SHA-256,True
EVT-IMCA-0806,International Marine Contractors Association (IMCA),SRC-IMCA-0806,https://www.imca-int.com/resources/safety/safety-flashes/2220-cargo-ignited-on-truck-bed-during-transportation/,Missing physical document artifact in packaged repository (catalog metadata only),QUARANTINED_UNVERIFIED_ARTIFACT,Download original PDF/HTML from source URL and verify SHA-256,True
EVT-IMCA-0807,International Marine Contractors Association (IMCA),SRC-IMCA-0807,https://www.imca-int.com/resources/safety/safety-flashes/2120-double-man-overboard-resulting-in-one-fatality/,Missing physical document artifact in packaged repository (catalog metadata only),QUARANTINED_UNVERIFIED_ARTIFACT,Download original PDF/HTML from source URL and verify SHA-256,True
EVT-IMCA-0808,International Marine Contractors Association (IMCA),SRC-IMCA-0808,https://www.imca-int.com/resources/safety/safety-flashes/2120-mob-fatality-from-multi-cat/,Missing physical document artifact in packaged repository (catalog metadata only),QUARANTINED_UNVERIFIED_ARTIFACT,Download original PDF/HTML from source URL and verify SHA-256,True
EVT-IMCA-0809,International Marine Contractors Association (IMCA),SRC-IMCA-0809,https://www.imca-int.com/resources/safety/safety-flashes/2120-mob-fatality-person-fell-between-vessel-and-jetty/,Missing physical document artifact in packaged repository (catalog metadata only),QUARANTINED_UNVERIFIED_ARTIFACT,Download original PDF/HTML from source URL and verify SHA-256,True
EVT-IMCA-0810,International Marine Contractors Association (IMCA),SRC-IMCA-0810,https://www.imca-int.com/resources/safety/safety-flashes/2120-and-finishing-on-a-positive-note-a-cpr-success-story-we-saved-a-life-that-day/,Missing physical document artifact in packaged repository (catalog metadata only),QUARANTINED_UNVERIFIED_ARTIFACT,Download original PDF/HTML from source URL and verify SHA-256,True
EVT-IMCA-0811,International Marine Contractors Association (IMCA),SRC-IMCA-0811,https://www.imca-int.com/resources/safety/safety-flashes/2020-leg-entanglement-from-tag-line-during-cargo-operations/,Missing physical document artifact in packaged repository (catalog metadata only),QUARANTINED_UNVERIFIED_ARTIFACT,Download original PDF/HTML from source URL and verify SHA-256,True
EVT-IMCA-0812,International Marine Contractors Association (IMCA),SRC-IMCA-0812,https://www.imca-int.com/resources/safety/safety-flashes/2020-high-potential-incident-gantry-hoist-failure/,Missing physical document artifact in packaged repository (catalog metadata only),QUARANTINED_UNVERIFIED_ARTIFACT,Download original PDF/HTML from source URL and verify SHA-256,True
EVT-IMCA-0813,International Marine Contractors Association (IMCA),SRC-IMCA-0813,https://www.imca-int.com/resources/safety/safety-flashes/2020-safe-use-of-flexible-intermediate-bulk-container-fibc/,Missing physical document artifact in packaged repository (catalog metadata only),QUARANTINED_UNVERIFIED_ARTIFACT,Download original PDF/HTML from source URL and verify SHA-256,True
EVT-IMCA-0814,International Marine Contractors Association (IMCA),SRC-IMCA-0814,https://www.imca-int.com/resources/safety/safety-flashes/2020-msf-potential-dropped-objects-nets-or-tarps-to-cover-cargo/,Missing physical document artifact in packaged repository (catalog metadata only),QUARANTINED_UNVERIFIED_ARTIFACT,Download original PDF/HTML from source URL and verify SHA-256,True
EVT-IMCA-0815,International Marine Contractors Association (IMCA),SRC-IMCA-0815,https://www.imca-int.com/resources/safety/safety-flashes/2020-manhole-opened-and-not-correctly-closed/,Missing physical document artifact in packaged repository (catalog metadata only),QUARANTINED_UNVERIFIED_ARTIFACT,Download original PDF/HTML from source URL and verify SHA-256,True
EVT-IMCA-0816,International Marine Contractors Association (IMCA),SRC-IMCA-0816,https://www.imca-int.com/resources/safety/safety-flashes/1920-fall-from-a-height-into-a-ballast-tank/,Missing physical document artifact in packaged repository (catalog metadata only),QUARANTINED_UNVERIFIED_ARTIFACT,Download original PDF/HTML from source URL and verify SHA-256,True
EVT-IMCA-0817,International Marine Contractors Association (IMCA),SRC-IMCA-0817,https://www.imca-int.com/resources/safety/safety-flashes/1920-trip-and-fall-down-hotel-stairs-causing-serious-wrist-injury/,Missing physical document artifact in packaged repository (catalog metadata only),QUARANTINED_UNVERIFIED_ARTIFACT,Download original PDF/HTML from source URL and verify SHA-256,True
EVT-IMCA-0818,International Marine Contractors Association (IMCA),SRC-IMCA-0818,https://www.imca-int.com/resources/safety/safety-flashes/1920-man-overboard-from-stinger/,Missing physical document artifact in packaged repository (catalog metadata only),QUARANTINED_UNVERIFIED_ARTIFACT,Download original PDF/HTML from source URL and verify SHA-256,True
EVT-IMCA-0819,International Marine Contractors Association (IMCA),SRC-IMCA-0819,https://www.imca-int.com/resources/safety/safety-flashes/1920-uscg-automatic-identification-system-ais-inaccuracies-led-to-fatalities/,Missing physical document artifact in packaged repository (catalog metadata only),QUARANTINED_UNVERIFIED_ARTIFACT,Download original PDF/HTML from source URL and verify SHA-256,True
EVT-IMCA-0820,International Marine Contractors Association (IMCA),SRC-IMCA-0820,https://www.imca-int.com/resources/safety/safety-flashes/1920-crewman-fatally-injured-while-standing-on-the-stern-ramp-of-seatruck-progress/,Missing physical document artifact in packaged repository (catalog metadata only),QUARANTINED_UNVERIFIED_ARTIFACT,Download original PDF/HTML from source URL and verify SHA-256,True
EVT-IMCA-0821,International Marine Contractors Association (IMCA),SRC-IMCA-0821,https://www.imca-int.com/resources/safety/safety-flashes/1820-serious-injury-caused-by-high-pressure-washer/,Missing physical document artifact in packaged repository (catalog metadata only),QUARANTINED_UNVERIFIED_ARTIFACT,Download original PDF/HTML from source URL and verify SHA-256,True
EVT-IMCA-0822,International Marine Contractors Association (IMCA),SRC-IMCA-0822,https://www.imca-int.com/resources/safety/safety-flashes/1820-msf-water-based-mud-spill-on-deck/,Missing physical document artifact in packaged repository (catalog metadata only),QUARANTINED_UNVERIFIED_ARTIFACT,Download original PDF/HTML from source URL and verify SHA-256,True
EVT-IMCA-0823,International Marine Contractors Association (IMCA),SRC-IMCA-0823,https://www.imca-int.com/resources/safety/safety-flashes/1820-lifting-basket-with-unsecured-cargo-which-fell-out/,Missing physical document artifact in packaged repository (catalog metadata only),QUARANTINED_UNVERIFIED_ARTIFACT,Download original PDF/HTML from source URL and verify SHA-256,True
EVT-IMCA-0824,International Marine Contractors Association (IMCA),SRC-IMCA-0824,https://www.imca-int.com/resources/safety/safety-flashes/1820-near-misspositive-crew-exercised-stop-work-on-new-gangway/,Missing physical document artifact in packaged repository (catalog metadata only),QUARANTINED_UNVERIFIED_ARTIFACT,Download original PDF/HTML from source URL and verify SHA-256,True
EVT-IMCA-0825,International Marine Contractors Association (IMCA),SRC-IMCA-0825,https://www.imca-int.com/resources/safety/safety-flashes/1820-serious-incidents-involving-the-weather/,Missing physical document artifact in packaged repository (catalog metadata only),QUARANTINED_UNVERIFIED_ARTIFACT,Download original PDF/HTML from source URL and verify SHA-256,True
EVT-IMCA-0826,International Marine Contractors Association (IMCA),SRC-IMCA-0826,https://www.imca-int.com/resources/safety/safety-flashes/1720-inadvertent-activation-of-condensed-aerosol-fire-extinguishing-system-leads-to-a-fatality/,Missing physical document artifact in packaged repository (catalog metadata only),QUARANTINED_UNVERIFIED_ARTIFACT,Download original PDF/HTML from source URL and verify SHA-256,True
EVT-IMCA-0827,International Marine Contractors Association (IMCA),SRC-IMCA-0827,https://www.imca-int.com/resources/safety/safety-flashes/1720-engine-room-fire-a-small-rag-left-after-maintenance/,Missing physical document artifact in packaged repository (catalog metadata only),QUARANTINED_UNVERIFIED_ARTIFACT,Download original PDF/HTML from source URL and verify SHA-256,True
EVT-IMCA-0828,International Marine Contractors Association (IMCA),SRC-IMCA-0828,https://www.imca-int.com/resources/safety/safety-flashes/1720-fire-in-the-engine-room/,Missing physical document artifact in packaged repository (catalog metadata only),QUARANTINED_UNVERIFIED_ARTIFACT,Download original PDF/HTML from source URL and verify SHA-256,True
EVT-IMCA-0829,International Marine Contractors Association (IMCA),SRC-IMCA-0829,https://www.imca-int.com/resources/safety/safety-flashes/1720-uk-hse-workers-injured-by-unplanned-release-of-mud-slurry/,Missing physical document artifact in packaged repository (catalog metadata only),QUARANTINED_UNVERIFIED_ARTIFACT,Download original PDF/HTML from source URL and verify SHA-256,True
EVT-IMCA-0830,International Marine Contractors Association (IMCA),SRC-IMCA-0830,https://www.imca-int.com/resources/safety/safety-flashes/1620-fall-from-height-leading-to-injury/,Missing physical document artifact in packaged repository (catalog metadata only),QUARANTINED_UNVERIFIED_ARTIFACT,Download original PDF/HTML from source URL and verify SHA-256,True
EVT-IMCA-0831,International Marine Contractors Association (IMCA),SRC-IMCA-0831,https://www.imca-int.com/resources/safety/safety-flashes/1620-sewage-spilled-onto-the-quayside/,Missing physical document artifact in packaged repository (catalog metadata only),QUARANTINED_UNVERIFIED_ARTIFACT,Download original PDF/HTML from source URL and verify SHA-256,True
EVT-IMCA-0832,International Marine Contractors Association (IMCA),SRC-IMCA-0832,https://www.imca-int.com/resources/safety/safety-flashes/1620-fall-from-the-quayside-into-water/,Missing physical document artifact in packaged repository (catalog metadata only),QUARANTINED_UNVERIFIED_ARTIFACT,Download original PDF/HTML from source URL and verify SHA-256,True
EVT-IMCA-0833,International Marine Contractors Association (IMCA),SRC-IMCA-0833,https://www.imca-int.com/resources/safety/safety-flashes/1620-pedestal-drill-chuck-assembly-detached-causing-head-injury/,Missing physical document artifact in packaged repository (catalog metadata only),QUARANTINED_UNVERIFIED_ARTIFACT,Download original PDF/HTML from source URL and verify SHA-256,True
EVT-IMCA-0834,International Marine Contractors Association (IMCA),SRC-IMCA-0834,https://www.imca-int.com/resources/safety/safety-flashes/1620-lightning-conductor-fell-dropped-object-near-miss/,Missing physical document artifact in packaged repository (catalog metadata only),QUARANTINED_UNVERIFIED_ARTIFACT,Download original PDF/HTML from source URL and verify SHA-256,True
EVT-IMCA-0835,International Marine Contractors Association (IMCA),SRC-IMCA-0835,https://www.imca-int.com/resources/safety/safety-flashes/1520-positive-observation-installation-of-disinfection-tunnels/,Missing physical document artifact in packaged repository (catalog metadata only),QUARANTINED_UNVERIFIED_ARTIFACT,Download original PDF/HTML from source URL and verify SHA-256,True
EVT-IMCA-0836,International Marine Contractors Association (IMCA),SRC-IMCA-0836,https://www.imca-int.com/resources/safety/safety-flashes/1520-positive-observation-plexiglass-shields-installed-in-company-shared-vehicles/,Missing physical document artifact in packaged repository (catalog metadata only),QUARANTINED_UNVERIFIED_ARTIFACT,Download original PDF/HTML from source URL and verify SHA-256,True
EVT-IMCA-0837,International Marine Contractors Association (IMCA),SRC-IMCA-0837,https://www.imca-int.com/resources/safety/safety-flashes/1520-covid-19-positive-observation-maintaining-social-distancing-during-toolbox-talks-and-meetings/,Missing physical document artifact in packaged repository (catalog metadata only),QUARANTINED_UNVERIFIED_ARTIFACT,Download original PDF/HTML from source URL and verify SHA-256,True
EVT-IMCA-0838,International Marine Contractors Association (IMCA),SRC-IMCA-0838,https://www.imca-int.com/resources/safety/safety-flashes/1520-ignited-hand-sanitiser/,Missing physical document artifact in packaged repository (catalog metadata only),QUARANTINED_UNVERIFIED_ARTIFACT,Download original PDF/HTML from source URL and verify SHA-256,True
EVT-IMCA-0839,International Marine Contractors Association (IMCA),SRC-IMCA-0839,https://www.imca-int.com/resources/safety/safety-flashes/1420-lifting-operations-wire-hoist-rope-failure/,Missing physical document artifact in packaged repository (catalog metadata only),QUARANTINED_UNVERIFIED_ARTIFACT,Download original PDF/HTML from source URL and verify SHA-256,True
EVT-IMCA-0840,International Marine Contractors Association (IMCA),SRC-IMCA-0840,https://www.imca-int.com/resources/safety/safety-flashes/1420-fire-in-engine-room-and-subsequent-collision-with-structure-on-transport-barge/,Missing physical document artifact in packaged repository (catalog metadata only),QUARANTINED_UNVERIFIED_ARTIFACT,Download original PDF/HTML from source URL and verify SHA-256,True
EVT-IMCA-0841,International Marine Contractors Association (IMCA),SRC-IMCA-0841,https://www.imca-int.com/resources/safety/safety-flashes/1420-lti-worker-lost-his-thumb/,Missing physical document artifact in packaged repository (catalog metadata only),QUARANTINED_UNVERIFIED_ARTIFACT,Download original PDF/HTML from source URL and verify SHA-256,True
EVT-IMCA-0842,International Marine Contractors Association (IMCA),SRC-IMCA-0842,https://www.imca-int.com/resources/safety/safety-flashes/1420-lti-near-miss-dropped-clump-weight/,Missing physical document artifact in packaged repository (catalog metadata only),QUARANTINED_UNVERIFIED_ARTIFACT,Download original PDF/HTML from source URL and verify SHA-256,True
EVT-IMCA-0843,International Marine Contractors Association (IMCA),SRC-IMCA-0843,https://www.imca-int.com/resources/safety/safety-flashes/1420-vessel-gangway-rolled-off-platform-tower-and-fell-to-the-quayside-in-high-wind/,Missing physical document artifact in packaged repository (catalog metadata only),QUARANTINED_UNVERIFIED_ARTIFACT,Download original PDF/HTML from source URL and verify SHA-256,True
EVT-IMCA-0844,International Marine Contractors Association (IMCA),SRC-IMCA-0844,https://www.imca-int.com/resources/safety/safety-flashes/1320-recent-uk-maib-investigations-shifting-of-cargo-and-loss-of-cargo/,Missing physical document artifact in packaged repository (catalog metadata only),QUARANTINED_UNVERIFIED_ARTIFACT,Download original PDF/HTML from source URL and verify SHA-256,True
EVT-IMCA-0845,International Marine Contractors Association (IMCA),SRC-IMCA-0845,https://www.imca-int.com/resources/safety/safety-flashes/1320-grounding-of-ro-ro-freight-vessel-seatruck-performance/,Missing physical document artifact in packaged repository (catalog metadata only),QUARANTINED_UNVERIFIED_ARTIFACT,Download original PDF/HTML from source URL and verify SHA-256,True
EVT-IMCA-0846,International Marine Contractors Association (IMCA),SRC-IMCA-0846,https://www.imca-int.com/resources/safety/safety-flashes/1320-vessel-flooding-incident/,Missing physical document artifact in packaged repository (catalog metadata only),QUARANTINED_UNVERIFIED_ARTIFACT,Download original PDF/HTML from source URL and verify SHA-256,True
EVT-IMCA-0847,International Marine Contractors Association (IMCA),SRC-IMCA-0847,https://www.imca-int.com/resources/safety/safety-flashes/1320-uk-hse-worker-fell-into-lift-shaft-safety-controls-bypassed/,Missing physical document artifact in packaged repository (catalog metadata only),QUARANTINED_UNVERIFIED_ARTIFACT,Download original PDF/HTML from source URL and verify SHA-256,True
EVT-IMCA-0848,International Marine Contractors Association (IMCA),SRC-IMCA-0848,https://www.imca-int.com/resources/safety/safety-flashes/0920-potential-for-diver-injury-operating-a-hand-held-torque-wrench/,Missing physical document artifact in packaged repository (catalog metadata only),QUARANTINED_UNVERIFIED_ARTIFACT,Download original PDF/HTML from source URL and verify SHA-256,True
EVT-IMCA-0849,International Marine Contractors Association (IMCA),SRC-IMCA-0849,https://www.imca-int.com/resources/safety/safety-flashes/1220-chain-hoist-failure-resulting-in-a-serious-near-miss/,Missing physical document artifact in packaged repository (catalog metadata only),QUARANTINED_UNVERIFIED_ARTIFACT,Download original PDF/HTML from source URL and verify SHA-256,True
EVT-IMCA-0850,International Marine Contractors Association (IMCA),SRC-IMCA-0850,https://www.imca-int.com/resources/safety/safety-flashes/1220-worker-fell-from-height-and-suffered-life-changing-injuries/,Missing physical document artifact in packaged repository (catalog metadata only),QUARANTINED_UNVERIFIED_ARTIFACT,Download original PDF/HTML from source URL and verify SHA-256,True
EVT-IMCA-0851,International Marine Contractors Association (IMCA),SRC-IMCA-0851,https://www.imca-int.com/resources/safety/safety-flashes/1220-near-miss-engine-room-hatch-left-open-without-barriers/,Missing physical document artifact in packaged repository (catalog metadata only),QUARANTINED_UNVERIFIED_ARTIFACT,Download original PDF/HTML from source URL and verify SHA-256,True
EVT-IMCA-0852,International Marine Contractors Association (IMCA),SRC-IMCA-0852,https://www.imca-int.com/resources/safety/safety-flashes/1220-agitator-started-moving-during-mud-tank-cleaning-leading-to-injury/,Missing physical document artifact in packaged repository (catalog metadata only),QUARANTINED_UNVERIFIED_ARTIFACT,Download original PDF/HTML from source URL and verify SHA-256,True
EVT-IMCA-0853,International Marine Contractors Association (IMCA),SRC-IMCA-0853,https://www.imca-int.com/resources/safety/safety-flashes/1120-covid-19-update/,Missing physical document artifact in packaged repository (catalog metadata only),QUARANTINED_UNVERIFIED_ARTIFACT,Download original PDF/HTML from source URL and verify SHA-256,True
EVT-IMCA-0854,International Marine Contractors Association (IMCA),SRC-IMCA-0854,https://www.imca-int.com/resources/safety/safety-flashes/1020-dropped-load-and-failed-chain/,Missing physical document artifact in packaged repository (catalog metadata only),QUARANTINED_UNVERIFIED_ARTIFACT,Download original PDF/HTML from source URL and verify SHA-256,True
EVT-IMCA-0855,International Marine Contractors Association (IMCA),SRC-IMCA-0855,https://www.imca-int.com/resources/safety/safety-flashes/1020-lifting-operation-resulting-in-dropped-objects-from-flexible-intermediate-bulk-container/,Missing physical document artifact in packaged repository (catalog metadata only),QUARANTINED_UNVERIFIED_ARTIFACT,Download original PDF/HTML from source URL and verify SHA-256,True
EVT-IMCA-0856,International Marine Contractors Association (IMCA),SRC-IMCA-0856,https://www.imca-int.com/resources/safety/safety-flashes/1020-marine-safety-forum-two-incidents-relating-to-fast-rescue-craft/,Missing physical document artifact in packaged repository (catalog metadata only),QUARANTINED_UNVERIFIED_ARTIFACT,Download original PDF/HTML from source URL and verify SHA-256,True
EVT-IMCA-0857,International Marine Contractors Association (IMCA),SRC-IMCA-0857,https://www.imca-int.com/resources/safety/safety-flashes/1020-trencher-angle-inadvertently-altered/,Missing physical document artifact in packaged repository (catalog metadata only),QUARANTINED_UNVERIFIED_ARTIFACT,Download original PDF/HTML from source URL and verify SHA-256,True
EVT-IMCA-0858,International Marine Contractors Association (IMCA),SRC-IMCA-0858,https://www.imca-int.com/resources/safety/safety-flashes/1020-damage-and-engine-room-flooding-following-contact-by-tugboat/,Missing physical document artifact in packaged repository (catalog metadata only),QUARANTINED_UNVERIFIED_ARTIFACT,Download original PDF/HTML from source URL and verify SHA-256,True
EVT-IMCA-0859,International Marine Contractors Association (IMCA),SRC-IMCA-0859,https://www.imca-int.com/resources/safety/safety-flashes/0920-lti-finger-injury-caused-while-working-with-oil-drums/,Missing physical document artifact in packaged repository (catalog metadata only),QUARANTINED_UNVERIFIED_ARTIFACT,Download original PDF/HTML from source URL and verify SHA-256,True
EVT-IMCA-0860,International Marine Contractors Association (IMCA),SRC-IMCA-0860,https://www.imca-int.com/resources/safety/safety-flashes/0920-high-potential-lti-rigger-ear-injury/,Missing physical document artifact in packaged repository (catalog metadata only),QUARANTINED_UNVERIFIED_ARTIFACT,Download original PDF/HTML from source URL and verify SHA-256,True
EVT-IMCA-0861,International Marine Contractors Association (IMCA),SRC-IMCA-0861,https://www.imca-int.com/resources/safety/safety-flashes/0920-near-miss-failure-of-work-procedures-during-hot-work-at-height/,Missing physical document artifact in packaged repository (catalog metadata only),QUARANTINED_UNVERIFIED_ARTIFACT,Download original PDF/HTML from source URL and verify SHA-256,True
EVT-IMCA-0862,International Marine Contractors Association (IMCA),SRC-IMCA-0862,https://www.imca-int.com/resources/safety/safety-flashes/0820-joint-statement-imo-who-on-the-response-to-the-covid-19-outbreak/,Missing physical document artifact in packaged repository (catalog metadata only),QUARANTINED_UNVERIFIED_ARTIFACT,Download original PDF/HTML from source URL and verify SHA-256,True
EVT-IMCA-0863,International Marine Contractors Association (IMCA),SRC-IMCA-0863,https://www.imca-int.com/resources/safety/safety-flashes/0820-impact-of-coronavirus-disease-covid-19-outbreak-on-singapore-registered-ships/,Missing physical document artifact in packaged repository (catalog metadata only),QUARANTINED_UNVERIFIED_ARTIFACT,Download original PDF/HTML from source URL and verify SHA-256,True
EVT-IMCA-0864,International Marine Contractors Association (IMCA),SRC-IMCA-0864,https://www.imca-int.com/resources/safety/safety-flashes/0820-statement-on-covid-19-from-uae-ministry-of-foreign-affairs-and-international-cooperation/,Missing physical document artifact in packaged repository (catalog metadata only),QUARANTINED_UNVERIFIED_ARTIFACT,Download original PDF/HTML from source URL and verify SHA-256,True
EVT-IMCA-0865,International Marine Contractors Association (IMCA),SRC-IMCA-0865,https://www.imca-int.com/resources/safety/safety-flashes/0720-high-potential-dropped-objects-from-wind-turbine-nacelle-crane/,Missing physical document artifact in packaged repository (catalog metadata only),QUARANTINED_UNVERIFIED_ARTIFACT,Download original PDF/HTML from source URL and verify SHA-256,True
EVT-IMCA-0866,International Marine Contractors Association (IMCA),SRC-IMCA-0866,https://www.imca-int.com/resources/safety/safety-flashes/0720-high-potential-dropped-object-chains/,Missing physical document artifact in packaged repository (catalog metadata only),QUARANTINED_UNVERIFIED_ARTIFACT,Download original PDF/HTML from source URL and verify SHA-256,True
EVT-IMCA-0867,International Marine Contractors Association (IMCA),SRC-IMCA-0867,https://www.imca-int.com/resources/safety/safety-flashes/0720-high-potential-near-miss-dropped-object-from-turbine-tower/,Missing physical document artifact in packaged repository (catalog metadata only),QUARANTINED_UNVERIFIED_ARTIFACT,Download original PDF/HTML from source URL and verify SHA-256,True
EVT-IMCA-0868,International Marine Contractors Association (IMCA),SRC-IMCA-0868,https://www.imca-int.com/resources/safety/safety-flashes/620-electric-shock-resulting-in-burn/,Missing physical document artifact in packaged repository (catalog metadata only),QUARANTINED_UNVERIFIED_ARTIFACT,Download original PDF/HTML from source URL and verify SHA-256,True
EVT-IMCA-0869,International Marine Contractors Association (IMCA),SRC-IMCA-0869,https://www.imca-int.com/resources/safety/safety-flashes/620-short-circuit-on-440v-ac-bus-bars-arc-flash/,Missing physical document artifact in packaged repository (catalog metadata only),QUARANTINED_UNVERIFIED_ARTIFACT,Download original PDF/HTML from source URL and verify SHA-256,True
EVT-IMCA-0870,International Marine Contractors Association (IMCA),SRC-IMCA-0870,https://www.imca-int.com/resources/safety/safety-flashes/620-two-electrical-incidents-uk-hse/,Missing physical document artifact in packaged repository (catalog metadata only),QUARANTINED_UNVERIFIED_ARTIFACT,Download original PDF/HTML from source URL and verify SHA-256,True
EVT-IMCA-0871,International Marine Contractors Association (IMCA),SRC-IMCA-0871,https://www.imca-int.com/resources/safety/safety-flashes/620-uk-hse-fatal-injury-following-catastrophic-failure-of-pressure-test-equipment/,Missing physical document artifact in packaged repository (catalog metadata only),QUARANTINED_UNVERIFIED_ARTIFACT,Download original PDF/HTML from source URL and verify SHA-256,True
EVT-IMCA-0872,International Marine Contractors Association (IMCA),SRC-IMCA-0872,https://www.imca-int.com/resources/safety/safety-flashes/620-plastic-cover-on-smoke-detector/,Missing physical document artifact in packaged repository (catalog metadata only),QUARANTINED_UNVERIFIED_ARTIFACT,Download original PDF/HTML from source URL and verify SHA-256,True
EVT-IMCA-0873,International Marine Contractors Association (IMCA),SRC-IMCA-0873,https://www.imca-int.com/resources/safety/safety-flashes/0520-dropped-object-near-miss-crane-boom-bumper-stop-falls-off/,Missing physical document artifact in packaged repository (catalog metadata only),QUARANTINED_UNVERIFIED_ARTIFACT,Download original PDF/HTML from source URL and verify SHA-256,True
EVT-IMCA-0874,International Marine Contractors Association (IMCA),SRC-IMCA-0874,https://www.imca-int.com/resources/safety/safety-flashes/0520-high-potential-near-miss-dropped-object/,Missing physical document artifact in packaged repository (catalog metadata only),QUARANTINED_UNVERIFIED_ARTIFACT,Download original PDF/HTML from source URL and verify SHA-256,True
EVT-IMCA-0875,International Marine Contractors Association (IMCA),SRC-IMCA-0875,https://www.imca-int.com/resources/safety/safety-flashes/0520-dropped-object-from-crane/,Missing physical document artifact in packaged repository (catalog metadata only),QUARANTINED_UNVERIFIED_ARTIFACT,Download original PDF/HTML from source URL and verify SHA-256,True
EVT-IMCA-0876,International Marine Contractors Association (IMCA),SRC-IMCA-0876,https://www.imca-int.com/resources/safety/safety-flashes/0520-wrapped-cargo-slipped-during-loading-and-fell/,Missing physical document artifact in packaged repository (catalog metadata only),QUARANTINED_UNVERIFIED_ARTIFACT,Download original PDF/HTML from source URL and verify SHA-256,True
EVT-IMCA-0877,International Marine Contractors Association (IMCA),SRC-IMCA-0877,https://www.imca-int.com/resources/safety/safety-flashes/0520-unsafe-lifting-operations-potential-dropped-object/,Missing physical document artifact in packaged repository (catalog metadata only),QUARANTINED_UNVERIFIED_ARTIFACT,Download original PDF/HTML from source URL and verify SHA-256,True
EVT-IMCA-0878,International Marine Contractors Association (IMCA),SRC-IMCA-0878,https://www.imca-int.com/resources/safety/safety-flashes/0520-basket-snagged-on-ship-s-structure/,Missing physical document artifact in packaged repository (catalog metadata only),QUARANTINED_UNVERIFIED_ARTIFACT,Download original PDF/HTML from source URL and verify SHA-256,True
EVT-IMCA-0879,International Marine Contractors Association (IMCA),SRC-IMCA-0879,https://www.imca-int.com/resources/safety/safety-flashes/0420-coronavirus-outbreak/,Missing physical document artifact in packaged repository (catalog metadata only),QUARANTINED_UNVERIFIED_ARTIFACT,Download original PDF/HTML from source URL and verify SHA-256,True
EVT-IMCA-0880,International Marine Contractors Association (IMCA),SRC-IMCA-0880,https://www.imca-int.com/resources/safety/safety-flashes/0320-near-miss-during-helicopter-operations/,Missing physical document artifact in packaged repository (catalog metadata only),QUARANTINED_UNVERIFIED_ARTIFACT,Download original PDF/HTML from source URL and verify SHA-256,True
EVT-IMCA-0881,International Marine Contractors Association (IMCA),SRC-IMCA-0881,https://www.imca-int.com/resources/safety/safety-flashes/0320-explosion-and-fire-on-board-the-chemical-tanker-stolt-groenland/,Missing physical document artifact in packaged repository (catalog metadata only),QUARANTINED_UNVERIFIED_ARTIFACT,Download original PDF/HTML from source URL and verify SHA-256,True
EVT-IMCA-0882,International Marine Contractors Association (IMCA),SRC-IMCA-0882,https://www.imca-int.com/resources/safety/safety-flashes/0320-worker-fell-into-sea-from-gangway-and-drowned/,Missing physical document artifact in packaged repository (catalog metadata only),QUARANTINED_UNVERIFIED_ARTIFACT,Download original PDF/HTML from source URL and verify SHA-256,True
EVT-IMCA-0883,International Marine Contractors Association (IMCA),SRC-IMCA-0883,https://www.imca-int.com/resources/safety/safety-flashes/0320-maib-fatal-man-overboard-incident-whilst-boarding-tug/,Missing physical document artifact in packaged repository (catalog metadata only),QUARANTINED_UNVERIFIED_ARTIFACT,Download original PDF/HTML from source URL and verify SHA-256,True
EVT-IMCA-0884,International Marine Contractors Association (IMCA),SRC-IMCA-0884,https://www.imca-int.com/resources/safety/safety-flashes/0320-poor-condition-of-on-board-equipment/,Missing physical document artifact in packaged repository (catalog metadata only),QUARANTINED_UNVERIFIED_ARTIFACT,Download original PDF/HTML from source URL and verify SHA-256,True
EVT-IMCA-0885,International Marine Contractors Association (IMCA),SRC-IMCA-0885,https://www.imca-int.com/resources/safety/safety-flashes/0220-crew-member-fainted-after-working-in-water-ballast-tank/,Missing physical document artifact in packaged repository (catalog metadata only),QUARANTINED_UNVERIFIED_ARTIFACT,Download original PDF/HTML from source URL and verify SHA-256,True
EVT-IMCA-0886,International Marine Contractors Association (IMCA),SRC-IMCA-0886,https://www.imca-int.com/resources/safety/safety-flashes/0220-failure-of-life-raft-securing-strap/,Missing physical document artifact in packaged repository (catalog metadata only),QUARANTINED_UNVERIFIED_ARTIFACT,Download original PDF/HTML from source URL and verify SHA-256,True
EVT-IMCA-0887,International Marine Contractors Association (IMCA),SRC-IMCA-0887,https://www.imca-int.com/resources/safety/safety-flashes/0220-lti-step-into-open-deck-hatch-causes-fall/,Missing physical document artifact in packaged repository (catalog metadata only),QUARANTINED_UNVERIFIED_ARTIFACT,Download original PDF/HTML from source URL and verify SHA-256,True
EVT-IMCA-0888,International Marine Contractors Association (IMCA),SRC-IMCA-0888,https://www.imca-int.com/resources/safety/safety-flashes/0220-there-s-something-in-my-eye/,Missing physical document artifact in packaged repository (catalog metadata only),QUARANTINED_UNVERIFIED_ARTIFACT,Download original PDF/HTML from source URL and verify SHA-256,True
EVT-IMCA-0889,International Marine Contractors Association (IMCA),SRC-IMCA-0889,https://www.imca-int.com/resources/safety/safety-flashes/0220-water-ingress-during-tropical-storm/,Missing physical document artifact in packaged repository (catalog metadata only),QUARANTINED_UNVERIFIED_ARTIFACT,Download original PDF/HTML from source URL and verify SHA-256,True
EVT-IMCA-0890,International Marine Contractors Association (IMCA),SRC-IMCA-0890,https://www.imca-int.com/resources/safety/safety-flashes/3019-diver-trapped-by-anchor-chain/,Missing physical document artifact in packaged repository (catalog metadata only),QUARANTINED_UNVERIFIED_ARTIFACT,Download original PDF/HTML from source URL and verify SHA-256,True
EVT-IMCA-0891,International Marine Contractors Association (IMCA),SRC-IMCA-0891,https://www.imca-int.com/resources/safety/safety-flashes/3019-failed-shackle-on-vessel-life-raft/,Missing physical document artifact in packaged repository (catalog metadata only),QUARANTINED_UNVERIFIED_ARTIFACT,Download original PDF/HTML from source URL and verify SHA-256,True
EVT-IMCA-0892,International Marine Contractors Association (IMCA),SRC-IMCA-0892,https://www.imca-int.com/resources/safety/safety-flashes/3019-uncontrolled-movement-of-retractable-gangway/,Missing physical document artifact in packaged repository (catalog metadata only),QUARANTINED_UNVERIFIED_ARTIFACT,Download original PDF/HTML from source URL and verify SHA-256,True
EVT-IMCA-0893,International Marine Contractors Association (IMCA),SRC-IMCA-0893,https://www.imca-int.com/resources/safety/safety-flashes/3019-exploding-television-recovered-from-sea/,Missing physical document artifact in packaged repository (catalog metadata only),QUARANTINED_UNVERIFIED_ARTIFACT,Download original PDF/HTML from source URL and verify SHA-256,True
EVT-IMCA-0894,International Marine Contractors Association (IMCA),SRC-IMCA-0894,https://www.imca-int.com/resources/safety/safety-flashes/3019-unknown-floating-objects-in-500m-safety-zone/,Missing physical document artifact in packaged repository (catalog metadata only),QUARANTINED_UNVERIFIED_ARTIFACT,Download original PDF/HTML from source URL and verify SHA-256,True
EVT-IMCA-0895,International Marine Contractors Association (IMCA),SRC-IMCA-0895,https://www.imca-int.com/resources/safety/safety-flashes/3019-vessel-hit-and-destroyed-fender/,Missing physical document artifact in packaged repository (catalog metadata only),QUARANTINED_UNVERIFIED_ARTIFACT,Download original PDF/HTML from source URL and verify SHA-256,True
EVT-IMCA-0896,International Marine Contractors Association (IMCA),SRC-IMCA-0896,https://www.imca-int.com/resources/safety/safety-flashes/3019-improper-use-of-heaving-line/,Missing physical document artifact in packaged repository (catalog metadata only),QUARANTINED_UNVERIFIED_ARTIFACT,Download original PDF/HTML from source URL and verify SHA-256,True
EVT-IMCA-0897,International Marine Contractors Association (IMCA),SRC-IMCA-0897,https://www.imca-int.com/resources/safety/safety-flashes/2819-man-overboard-fall-from-a-pilot-ladder/,Missing physical document artifact in packaged repository (catalog metadata only),QUARANTINED_UNVERIFIED_ARTIFACT,Download original PDF/HTML from source URL and verify SHA-256,True
EVT-IMCA-0898,International Marine Contractors Association (IMCA),SRC-IMCA-0898,https://www.imca-int.com/resources/safety/safety-flashes/2819-high-potential-incident-man-injured-while-falling-overboard-mob/,Missing physical document artifact in packaged repository (catalog metadata only),QUARANTINED_UNVERIFIED_ARTIFACT,Download original PDF/HTML from source URL and verify SHA-256,True
EVT-IMCA-0899,International Marine Contractors Association (IMCA),SRC-IMCA-0899,https://www.imca-int.com/resources/safety/safety-flashes/2819-unsafe-boarding-during-unmooring-operation/,Missing physical document artifact in packaged repository (catalog metadata only),QUARANTINED_UNVERIFIED_ARTIFACT,Download original PDF/HTML from source URL and verify SHA-256,True
EVT-IMCA-0900,International Marine Contractors Association (IMCA),SRC-IMCA-0900,https://www.imca-int.com/resources/safety/safety-flashes/2819-raising-awareness-on-safety-barriers-such-as-railings-and-gratings/,Missing physical document artifact in packaged repository (catalog metadata only),QUARANTINED_UNVERIFIED_ARTIFACT,Download original PDF/HTML from source URL and verify SHA-256,True
EVT-IMCA-0901,International Marine Contractors Association (IMCA),SRC-IMCA-0901,https://www.imca-int.com/resources/safety/safety-flashes/2819-welder-at-work-injured-during-close-simops/,Missing physical document artifact in packaged repository (catalog metadata only),QUARANTINED_UNVERIFIED_ARTIFACT,Download original PDF/HTML from source URL and verify SHA-256,True
EVT-IMCA-0902,International Marine Contractors Association (IMCA),SRC-IMCA-0902,https://www.imca-int.com/resources/safety/safety-flashes/2919-important-safety-notice-to-users-of-certain-crosby-shackle-products/,Missing physical document artifact in packaged repository (catalog metadata only),QUARANTINED_UNVERIFIED_ARTIFACT,Download original PDF/HTML from source URL and verify SHA-256,True
EVT-IMCA-0903,International Marine Contractors Association (IMCA),SRC-IMCA-0903,https://www.imca-int.com/resources/safety/safety-flashes/2719-high-potential-near-miss-guide-cone-funnel-dropped/,Missing physical document artifact in packaged repository (catalog metadata only),QUARANTINED_UNVERIFIED_ARTIFACT,Download original PDF/HTML from source URL and verify SHA-256,True
EVT-IMCA-0904,International Marine Contractors Association (IMCA),SRC-IMCA-0904,https://www.imca-int.com/resources/safety/safety-flashes/2719-main-rov-lift-wire-umbilical-and-bullet-parted/,Missing physical document artifact in packaged repository (catalog metadata only),QUARANTINED_UNVERIFIED_ARTIFACT,Download original PDF/HTML from source URL and verify SHA-256,True
EVT-IMCA-0905,International Marine Contractors Association (IMCA),SRC-IMCA-0905,https://www.imca-int.com/resources/safety/safety-flashes/2719-cabling-in-rov-hanger-inadvertently-severed-by-the-rov-launch-and-recovery-frame/,Missing physical document artifact in packaged repository (catalog metadata only),QUARANTINED_UNVERIFIED_ARTIFACT,Download original PDF/HTML from source URL and verify SHA-256,True
EVT-IMCA-0906,International Marine Contractors Association (IMCA),SRC-IMCA-0906,https://www.imca-int.com/resources/safety/safety-flashes/2719-crush-injury-to-hand-while-attempting-to-secure-crane-hook/,Missing physical document artifact in packaged repository (catalog metadata only),QUARANTINED_UNVERIFIED_ARTIFACT,Download original PDF/HTML from source URL and verify SHA-256,True
EVT-IMCA-0907,International Marine Contractors Association (IMCA),SRC-IMCA-0907,https://www.imca-int.com/resources/safety/safety-flashes/2719-hand-injury-during-lift-operations/,Missing physical document artifact in packaged repository (catalog metadata only),QUARANTINED_UNVERIFIED_ARTIFACT,Download original PDF/HTML from source URL and verify SHA-256,True
EVT-IMCA-0908,International Marine Contractors Association (IMCA),SRC-IMCA-0908,https://www.imca-int.com/resources/safety/safety-flashes/2719-finger-trapped-and-injured-whilst-moving-hatch-covers/,Missing physical document artifact in packaged repository (catalog metadata only),QUARANTINED_UNVERIFIED_ARTIFACT,Download original PDF/HTML from source URL and verify SHA-256,True
EVT-IMCA-0909,International Marine Contractors Association (IMCA),SRC-IMCA-0909,https://www.imca-int.com/resources/safety/safety-flashes/2619-grounding-of-bulk-carrier-kuzma-minin-at-falmouth/,Missing physical document artifact in packaged repository (catalog metadata only),QUARANTINED_UNVERIFIED_ARTIFACT,Download original PDF/HTML from source URL and verify SHA-256,True
EVT-IMCA-0910,International Marine Contractors Association (IMCA),SRC-IMCA-0910,https://www.imca-int.com/resources/safety/safety-flashes/2619-use-of-surge-protected-devices-on-board-vessels/,Missing physical document artifact in packaged repository (catalog metadata only),QUARANTINED_UNVERIFIED_ARTIFACT,Download original PDF/HTML from source URL and verify SHA-256,True
EVT-IMCA-0911,International Marine Contractors Association (IMCA),SRC-IMCA-0911,https://www.imca-int.com/resources/safety/safety-flashes/2619-petzl-pixa-lights-as-potential-dropped-objects/,Missing physical document artifact in packaged repository (catalog metadata only),QUARANTINED_UNVERIFIED_ARTIFACT,Download original PDF/HTML from source URL and verify SHA-256,True
EVT-IMCA-0912,International Marine Contractors Association (IMCA),SRC-IMCA-0912,https://www.imca-int.com/resources/safety/safety-flashes/2619-snake-on-board-vessel/,Missing physical document artifact in packaged repository (catalog metadata only),QUARANTINED_UNVERIFIED_ARTIFACT,Download original PDF/HTML from source URL and verify SHA-256,True
EVT-IMCA-0913,International Marine Contractors Association (IMCA),SRC-IMCA-0913,https://www.imca-int.com/resources/safety/safety-flashes/2619-near-miss-emergency-stop-pressed-accidentally/,Missing physical document artifact in packaged repository (catalog metadata only),QUARANTINED_UNVERIFIED_ARTIFACT,Download original PDF/HTML from source URL and verify SHA-256,True
EVT-IMCA-0914,International Marine Contractors Association (IMCA),SRC-IMCA-0914,https://www.imca-int.com/resources/safety/safety-flashes/2519-battery-fire-with-subsequent-gas-explosion-warning-about-lithium-ion-power-following-ferry-fire/,Missing physical document artifact in packaged repository (catalog metadata only),QUARANTINED_UNVERIFIED_ARTIFACT,Download original PDF/HTML from source URL and verify SHA-256,True
EVT-IMCA-0915,International Marine Contractors Association (IMCA),SRC-IMCA-0915,https://www.imca-int.com/resources/safety/safety-flashes/2519-lithium-batteries-fire-following-the-failure-of-a-helicopter-start-power-unit/,Missing physical document artifact in packaged repository (catalog metadata only),QUARANTINED_UNVERIFIED_ARTIFACT,Download original PDF/HTML from source URL and verify SHA-256,True
EVT-IMCA-0916,International Marine Contractors Association (IMCA),SRC-IMCA-0916,https://www.imca-int.com/resources/safety/safety-flashes/2519-fire-hazard-posed-by-personal-electronic-devices/,Missing physical document artifact in packaged repository (catalog metadata only),QUARANTINED_UNVERIFIED_ARTIFACT,Download original PDF/HTML from source URL and verify SHA-256,True
EVT-IMCA-0917,International Marine Contractors Association (IMCA),SRC-IMCA-0917,https://www.imca-int.com/resources/safety/safety-flashes/2519-near-miss-fire-blanket-caught-fire-during-third-party-hot-work/,Missing physical document artifact in packaged repository (catalog metadata only),QUARANTINED_UNVERIFIED_ARTIFACT,Download original PDF/HTML from source URL and verify SHA-256,True
EVT-IMCA-0918,International Marine Contractors Association (IMCA),SRC-IMCA-0918,https://www.imca-int.com/resources/safety/safety-flashes/2519-ruptured-acetylene-hose-fire/,Missing physical document artifact in packaged repository (catalog metadata only),QUARANTINED_UNVERIFIED_ARTIFACT,Download original PDF/HTML from source URL and verify SHA-256,True
EVT-IMCA-0919,International Marine Contractors Association (IMCA),SRC-IMCA-0919,https://www.imca-int.com/resources/safety/safety-flashes/2419-update-to-sf-1119-fatality-and-multiple-injuries-flash-fire-onboard-pipe-lay-barge/,Missing physical document artifact in packaged repository (catalog metadata only),QUARANTINED_UNVERIFIED_ARTIFACT,Download original PDF/HTML from source URL and verify SHA-256,True
EVT-IMCA-0920,International Marine Contractors Association (IMCA),SRC-IMCA-0920,https://www.imca-int.com/resources/safety/safety-flashes/2319-for-want-of-a-watchman-the-ship-was-lost/,Missing physical document artifact in packaged repository (catalog metadata only),QUARANTINED_UNVERIFIED_ARTIFACT,Download original PDF/HTML from source URL and verify SHA-256,True
EVT-IMCA-0921,International Marine Contractors Association (IMCA),SRC-IMCA-0921,https://www.imca-int.com/resources/safety/safety-flashes/2319-uk-hse-investigation-into-offshore-gas-explosion/,Missing physical document artifact in packaged repository (catalog metadata only),QUARANTINED_UNVERIFIED_ARTIFACT,Download original PDF/HTML from source URL and verify SHA-256,True
EVT-IMCA-0922,International Marine Contractors Association (IMCA),SRC-IMCA-0922,https://www.imca-int.com/resources/safety/safety-flashes/2319-uk-hse-prosecution-following-2011-fatal-explosion-in-oil-refinery/,Missing physical document artifact in packaged repository (catalog metadata only),QUARANTINED_UNVERIFIED_ARTIFACT,Download original PDF/HTML from source URL and verify SHA-256,True
EVT-IMCA-0923,International Marine Contractors Association (IMCA),SRC-IMCA-0923,https://www.imca-int.com/resources/safety/safety-flashes/2319-near-miss-diving-operations-while-alongside/,Missing physical document artifact in packaged repository (catalog metadata only),QUARANTINED_UNVERIFIED_ARTIFACT,Download original PDF/HTML from source URL and verify SHA-256,True
EVT-IMCA-0924,International Marine Contractors Association (IMCA),SRC-IMCA-0924,https://www.imca-int.com/resources/safety/safety-flashes/2319-loss-of-rig-anchor-wire-from-vessel-karm-fork/,Missing physical document artifact in packaged repository (catalog metadata only),QUARANTINED_UNVERIFIED_ARTIFACT,Download original PDF/HTML from source URL and verify SHA-256,True
EVT-IMCA-0925,International Marine Contractors Association (IMCA),SRC-IMCA-0925,https://www.imca-int.com/resources/safety/safety-flashes/2219-grease-itself-is-a-dropped-object/,Missing physical document artifact in packaged repository (catalog metadata only),QUARANTINED_UNVERIFIED_ARTIFACT,Download original PDF/HTML from source URL and verify SHA-256,True
EVT-IMCA-0926,International Marine Contractors Association (IMCA),SRC-IMCA-0926,https://www.imca-int.com/resources/safety/safety-flashes/2219-dropped-wooden-block-in-conductor-support-frame/,Missing physical document artifact in packaged repository (catalog metadata only),QUARANTINED_UNVERIFIED_ARTIFACT,Download original PDF/HTML from source URL and verify SHA-256,True
EVT-IMCA-0927,International Marine Contractors Association (IMCA),SRC-IMCA-0927,https://www.imca-int.com/resources/safety/safety-flashes/2219-near-miss-absence-of-safety-pin-in-the-anchor-swivel-shackle/,Missing physical document artifact in packaged repository (catalog metadata only),QUARANTINED_UNVERIFIED_ARTIFACT,Download original PDF/HTML from source URL and verify SHA-256,True
EVT-IMCA-0928,International Marine Contractors Association (IMCA),SRC-IMCA-0928,https://www.imca-int.com/resources/safety/safety-flashes/2219-fatal-fall-from-height-on-board-seatruck-pace-in-liverpool-in-december-2018/,Missing physical document artifact in packaged repository (catalog metadata only),QUARANTINED_UNVERIFIED_ARTIFACT,Download original PDF/HTML from source URL and verify SHA-256,True
EVT-IMCA-0929,International Marine Contractors Association (IMCA),SRC-IMCA-0929,https://www.imca-int.com/resources/safety/safety-flashes/2219-bbc-news-worker-loses-hand-after-he-was-injured-with-faulty-hydraulic-cutting-gear/,Missing physical document artifact in packaged repository (catalog metadata only),QUARANTINED_UNVERIFIED_ARTIFACT,Download original PDF/HTML from source URL and verify SHA-256,True
EVT-IMCA-0930,International Marine Contractors Association (IMCA),SRC-IMCA-0930,https://www.imca-int.com/resources/safety/safety-flashes/2119-high-potential-near-miss-rescue-boat-davit-failure-msf/,Missing physical document artifact in packaged repository (catalog metadata only),QUARANTINED_UNVERIFIED_ARTIFACT,Download original PDF/HTML from source URL and verify SHA-256,True
EVT-IMCA-0931,International Marine Contractors Association (IMCA),SRC-IMCA-0931,https://www.imca-int.com/resources/safety/safety-flashes/2119-davit-failures/,Missing physical document artifact in packaged repository (catalog metadata only),QUARANTINED_UNVERIFIED_ARTIFACT,Download original PDF/HTML from source URL and verify SHA-256,True
EVT-IMCA-0932,International Marine Contractors Association (IMCA),SRC-IMCA-0932,https://www.imca-int.com/resources/safety/safety-flashes/2119-listing-of-crew-boat-due-to-water-ingress/,Missing physical document artifact in packaged repository (catalog metadata only),QUARANTINED_UNVERIFIED_ARTIFACT,Download original PDF/HTML from source URL and verify SHA-256,True
EVT-IMCA-0933,International Marine Contractors Association (IMCA),SRC-IMCA-0933,https://www.imca-int.com/resources/safety/safety-flashes/2119-routine-test-of-lifeboat-launch-results-in-fatalities/,Missing physical document artifact in packaged repository (catalog metadata only),QUARANTINED_UNVERIFIED_ARTIFACT,Download original PDF/HTML from source URL and verify SHA-256,True
EVT-IMCA-0934,International Marine Contractors Association (IMCA),SRC-IMCA-0934,https://www.imca-int.com/resources/safety/safety-flashes/2019-mooring-incident-mooring-line-slipped-off-and-snapped-back/,Missing physical document artifact in packaged repository (catalog metadata only),QUARANTINED_UNVERIFIED_ARTIFACT,Download original PDF/HTML from source URL and verify SHA-256,True
EVT-IMCA-0935,International Marine Contractors Association (IMCA),SRC-IMCA-0935,https://www.imca-int.com/resources/safety/safety-flashes/2019-lti-fall-from-height/,Missing physical document artifact in packaged repository (catalog metadata only),QUARANTINED_UNVERIFIED_ARTIFACT,Download original PDF/HTML from source URL and verify SHA-256,True
EVT-IMCA-0936,International Marine Contractors Association (IMCA),SRC-IMCA-0936,https://www.imca-int.com/resources/safety/safety-flashes/2019-accidental-activation-of-emergency-stop-during-saturation-diving-operations/,Missing physical document artifact in packaged repository (catalog metadata only),QUARANTINED_UNVERIFIED_ARTIFACT,Download original PDF/HTML from source URL and verify SHA-256,True
EVT-IMCA-0937,International Marine Contractors Association (IMCA),SRC-IMCA-0937,https://www.imca-int.com/resources/safety/safety-flashes/2019-near-miss-diver-s-umbilical-trapped/,Missing physical document artifact in packaged repository (catalog metadata only),QUARANTINED_UNVERIFIED_ARTIFACT,Download original PDF/HTML from source URL and verify SHA-256,True
EVT-IMCA-0938,International Marine Contractors Association (IMCA),SRC-IMCA-0938,https://www.imca-int.com/resources/safety/safety-flashes/2019-lti-during-mooring-operations/,Missing physical document artifact in packaged repository (catalog metadata only),QUARANTINED_UNVERIFIED_ARTIFACT,Download original PDF/HTML from source URL and verify SHA-256,True
EVT-IMCA-0939,International Marine Contractors Association (IMCA),SRC-IMCA-0939,https://www.imca-int.com/resources/safety/safety-flashes/1919-near-miss-fire-epoxy-overheating/,Missing physical document artifact in packaged repository (catalog metadata only),QUARANTINED_UNVERIFIED_ARTIFACT,Download original PDF/HTML from source URL and verify SHA-256,True
EVT-IMCA-0940,International Marine Contractors Association (IMCA),SRC-IMCA-0940,https://www.imca-int.com/resources/safety/safety-flashes/1919-near-miss-fireexplosion-thermal-runaway-lead-acid-battery/,Missing physical document artifact in packaged repository (catalog metadata only),QUARANTINED_UNVERIFIED_ARTIFACT,Download original PDF/HTML from source URL and verify SHA-256,True
EVT-IMCA-0941,International Marine Contractors Association (IMCA),SRC-IMCA-0941,https://www.imca-int.com/resources/safety/safety-flashes/1919-fire-in-incinerator-exhaust-gas-manifold/,Missing physical document artifact in packaged repository (catalog metadata only),QUARANTINED_UNVERIFIED_ARTIFACT,Download original PDF/HTML from source URL and verify SHA-256,True
EVT-IMCA-0942,International Marine Contractors Association (IMCA),SRC-IMCA-0942,https://www.imca-int.com/resources/safety/safety-flashes/1919-seawater-entering-cabin-caused-electrical-fault/,Missing physical document artifact in packaged repository (catalog metadata only),QUARANTINED_UNVERIFIED_ARTIFACT,Download original PDF/HTML from source URL and verify SHA-256,True
EVT-IMCA-0943,International Marine Contractors Association (IMCA),SRC-IMCA-0943,https://www.imca-int.com/resources/safety/safety-flashes/1919-fire-main-dust-cap-blown-away-by-pressure-from-the-line/,Missing physical document artifact in packaged repository (catalog metadata only),QUARANTINED_UNVERIFIED_ARTIFACT,Download original PDF/HTML from source URL and verify SHA-256,True
EVT-IMCA-0944,International Marine Contractors Association (IMCA),SRC-IMCA-0944,https://www.imca-int.com/resources/safety/safety-flashes/1919-smouldering-coiled-extension-cable/,Missing physical document artifact in packaged repository (catalog metadata only),QUARANTINED_UNVERIFIED_ARTIFACT,Download original PDF/HTML from source URL and verify SHA-256,True
EVT-IMCA-0945,International Marine Contractors Association (IMCA),SRC-IMCA-0945,https://www.imca-int.com/resources/safety/safety-flashes/1819-important-safety-notice-for-users-of-crosby-s-1326-1820mm-shur-loc-hook-with-16t-wll-pn-100434/,Missing physical document artifact in packaged repository (catalog metadata only),QUARANTINED_UNVERIFIED_ARTIFACT,Download original PDF/HTML from source URL and verify SHA-256,True
EVT-IMCA-0946,International Marine Contractors Association (IMCA),SRC-IMCA-0946,https://www.imca-int.com/resources/safety/safety-flashes/1819-crane-anti-two-block-securing-wire-failure/,Missing physical document artifact in packaged repository (catalog metadata only),QUARANTINED_UNVERIFIED_ARTIFACT,Download original PDF/HTML from source URL and verify SHA-256,True
EVT-IMCA-0947,International Marine Contractors Association (IMCA),SRC-IMCA-0947,https://www.imca-int.com/resources/safety/safety-flashes/1819-mattress-beam-landed-very-close-to-divers/,Missing physical document artifact in packaged repository (catalog metadata only),QUARANTINED_UNVERIFIED_ARTIFACT,Download original PDF/HTML from source URL and verify SHA-256,True
EVT-IMCA-0948,International Marine Contractors Association (IMCA),SRC-IMCA-0948,https://www.imca-int.com/resources/safety/safety-flashes/1819-near-miss-two-dropped-objects-msf/,Missing physical document artifact in packaged repository (catalog metadata only),QUARANTINED_UNVERIFIED_ARTIFACT,Download original PDF/HTML from source URL and verify SHA-256,True
EVT-IMCA-0949,International Marine Contractors Association (IMCA),SRC-IMCA-0949,https://www.imca-int.com/resources/safety/safety-flashes/1719-high-potential-near-miss-storage-box-dropped-from-forklift/,Missing physical document artifact in packaged repository (catalog metadata only),QUARANTINED_UNVERIFIED_ARTIFACT,Download original PDF/HTML from source URL and verify SHA-256,True
EVT-IMCA-0950,International Marine Contractors Association (IMCA),SRC-IMCA-0950,https://www.imca-int.com/resources/safety/safety-flashes/1719-dropped-load-bottled-water-during-lifting-operations/,Missing physical document artifact in packaged repository (catalog metadata only),QUARANTINED_UNVERIFIED_ARTIFACT,Download original PDF/HTML from source URL and verify SHA-256,True
EVT-IMCA-0951,International Marine Contractors Association (IMCA),SRC-IMCA-0951,https://www.imca-int.com/resources/safety/safety-flashes/1719-near-miss-dropped-magnet-during-dry-docking/,Missing physical document artifact in packaged repository (catalog metadata only),QUARANTINED_UNVERIFIED_ARTIFACT,Download original PDF/HTML from source URL and verify SHA-256,True
EVT-IMCA-0952,International Marine Contractors Association (IMCA),SRC-IMCA-0952,https://www.imca-int.com/resources/safety/safety-flashes/1719-high-potential-near-miss-dropped-object-during-piggyback-drilling-operations/,Missing physical document artifact in packaged repository (catalog metadata only),QUARANTINED_UNVERIFIED_ARTIFACT,Download original PDF/HTML from source URL and verify SHA-256,True
EVT-IMCA-0953,International Marine Contractors Association (IMCA),SRC-IMCA-0953,https://www.imca-int.com/resources/safety/safety-flashes/1719-quayside-dropped-object/,Missing physical document artifact in packaged repository (catalog metadata only),QUARANTINED_UNVERIFIED_ARTIFACT,Download original PDF/HTML from source URL and verify SHA-256,True
EVT-IMCA-0954,International Marine Contractors Association (IMCA),SRC-IMCA-0954,https://www.imca-int.com/resources/safety/safety-flashes/1719-dropped-flexible-pipe-incident/,Missing physical document artifact in packaged repository (catalog metadata only),QUARANTINED_UNVERIFIED_ARTIFACT,Download original PDF/HTML from source URL and verify SHA-256,True
EVT-IMCA-0955,International Marine Contractors Association (IMCA),SRC-IMCA-0955,https://www.imca-int.com/resources/safety/safety-flashes/1619-lti-foot-injury-after-standing-on-rotating-winch-drum/,Missing physical document artifact in packaged repository (catalog metadata only),QUARANTINED_UNVERIFIED_ARTIFACT,Download original PDF/HTML from source URL and verify SHA-256,True
EVT-IMCA-0956,International Marine Contractors Association (IMCA),SRC-IMCA-0956,https://www.imca-int.com/resources/safety/safety-flashes/1619-sprained-ankle-whilst-climbing-on-equipment/,Missing physical document artifact in packaged repository (catalog metadata only),QUARANTINED_UNVERIFIED_ARTIFACT,Download original PDF/HTML from source URL and verify SHA-256,True
EVT-IMCA-0957,International Marine Contractors Association (IMCA),SRC-IMCA-0957,https://www.imca-int.com/resources/safety/safety-flashes/1619-line-of-fire-cutting-injury-to-index-finger/,Missing physical document artifact in packaged repository (catalog metadata only),QUARANTINED_UNVERIFIED_ARTIFACT,Download original PDF/HTML from source URL and verify SHA-256,True
EVT-IMCA-0958,International Marine Contractors Association (IMCA),SRC-IMCA-0958,https://www.imca-int.com/resources/safety/safety-flashes/1619-man-overboard-fatality/,Missing physical document artifact in packaged repository (catalog metadata only),QUARANTINED_UNVERIFIED_ARTIFACT,Download original PDF/HTML from source URL and verify SHA-256,True
EVT-IMCA-0959,International Marine Contractors Association (IMCA),SRC-IMCA-0959,https://www.imca-int.com/resources/safety/safety-flashes/1619-two-incidents-relating-to-life-raftslife-boats/,Missing physical document artifact in packaged repository (catalog metadata only),QUARANTINED_UNVERIFIED_ARTIFACT,Download original PDF/HTML from source URL and verify SHA-256,True
EVT-IMCA-0960,International Marine Contractors Association (IMCA),SRC-IMCA-0960,https://www.imca-int.com/resources/safety/safety-flashes/1519-well-drilled-in-the-wrong-place-breaches-railway-tunnel/,Missing physical document artifact in packaged repository (catalog metadata only),QUARANTINED_UNVERIFIED_ARTIFACT,Download original PDF/HTML from source URL and verify SHA-256,True
EVT-IMCA-0961,International Marine Contractors Association (IMCA),SRC-IMCA-0961,https://www.imca-int.com/resources/safety/safety-flashes/1519-space-heater-caught-fire/,Missing physical document artifact in packaged repository (catalog metadata only),QUARANTINED_UNVERIFIED_ARTIFACT,Download original PDF/HTML from source URL and verify SHA-256,True
EVT-IMCA-0962,International Marine Contractors Association (IMCA),SRC-IMCA-0962,https://www.imca-int.com/resources/safety/safety-flashes/1519-main-engine-turbocharger-lagging-on-fire/,Missing physical document artifact in packaged repository (catalog metadata only),QUARANTINED_UNVERIFIED_ARTIFACT,Download original PDF/HTML from source URL and verify SHA-256,True
EVT-IMCA-0963,International Marine Contractors Association (IMCA),SRC-IMCA-0963,https://www.imca-int.com/resources/safety/safety-flashes/1519-near-miss-uncontrolled-movement-of-gangway/,Missing physical document artifact in packaged repository (catalog metadata only),QUARANTINED_UNVERIFIED_ARTIFACT,Download original PDF/HTML from source URL and verify SHA-256,True
EVT-IMCA-0964,International Marine Contractors Association (IMCA),SRC-IMCA-0964,https://www.imca-int.com/resources/safety/safety-flashes/1519-have-a-regime-when-the-current-s-abeam-ensure-adequate-manoeuvring-space/,Missing physical document artifact in packaged repository (catalog metadata only),QUARANTINED_UNVERIFIED_ARTIFACT,Download original PDF/HTML from source URL and verify SHA-256,True
EVT-IMCA-0965,International Marine Contractors Association (IMCA),SRC-IMCA-0965,https://www.imca-int.com/resources/safety/safety-flashes/1419-high-potential-near-miss-person-found-unconscious-in-confined-space/,Missing physical document artifact in packaged repository (catalog metadata only),QUARANTINED_UNVERIFIED_ARTIFACT,Download original PDF/HTML from source URL and verify SHA-256,True
EVT-IMCA-0966,International Marine Contractors Association (IMCA),SRC-IMCA-0966,https://www.imca-int.com/resources/safety/safety-flashes/1419-three-hand-injuries/,Missing physical document artifact in packaged repository (catalog metadata only),QUARANTINED_UNVERIFIED_ARTIFACT,Download original PDF/HTML from source URL and verify SHA-256,True
EVT-IMCA-0967,International Marine Contractors Association (IMCA),SRC-IMCA-0967,https://www.imca-int.com/resources/safety/safety-flashes/1419-confined-spaces-silent-and-invisible-killers/,Missing physical document artifact in packaged repository (catalog metadata only),QUARANTINED_UNVERIFIED_ARTIFACT,Download original PDF/HTML from source URL and verify SHA-256,True
EVT-IMCA-0968,International Marine Contractors Association (IMCA),SRC-IMCA-0968,https://www.imca-int.com/resources/safety/safety-flashes/1419-three-fatalities-stored-energy-falling-objects-traffic-management/,Missing physical document artifact in packaged repository (catalog metadata only),QUARANTINED_UNVERIFIED_ARTIFACT,Download original PDF/HTML from source URL and verify SHA-256,True
EVT-IMCA-0969,International Marine Contractors Association (IMCA),SRC-IMCA-0969,https://www.imca-int.com/resources/safety/safety-flashes/1319-galley-electric-shock-uncontrolled-portable-electrical-equipment/,Missing physical document artifact in packaged repository (catalog metadata only),QUARANTINED_UNVERIFIED_ARTIFACT,Download original PDF/HTML from source URL and verify SHA-256,True
EVT-IMCA-0970,International Marine Contractors Association (IMCA),SRC-IMCA-0970,https://www.imca-int.com/resources/safety/safety-flashes/1319-use-of-220v-ac-power-tools-and-equipment/,Missing physical document artifact in packaged repository (catalog metadata only),QUARANTINED_UNVERIFIED_ARTIFACT,Download original PDF/HTML from source URL and verify SHA-256,True
EVT-IMCA-0971,International Marine Contractors Association (IMCA),SRC-IMCA-0971,https://www.imca-int.com/resources/safety/safety-flashes/1319-don-t-put-your-finger-in-the-wrong-place-failure-to-isolate-equipment-causes-serious-finger-injury/,Missing physical document artifact in packaged repository (catalog metadata only),QUARANTINED_UNVERIFIED_ARTIFACT,Download original PDF/HTML from source URL and verify SHA-256,True
EVT-IMCA-0972,International Marine Contractors Association (IMCA),SRC-IMCA-0972,https://www.imca-int.com/resources/safety/safety-flashes/1319-the-wear-and-care-of-safety-helmets/,Missing physical document artifact in packaged repository (catalog metadata only),QUARANTINED_UNVERIFIED_ARTIFACT,Download original PDF/HTML from source URL and verify SHA-256,True
EVT-IMCA-0973,International Marine Contractors Association (IMCA),SRC-IMCA-0973,https://www.imca-int.com/resources/safety/safety-flashes/1219-partial-pressure-of-oxygen-ppo2-getting-low-in-bell/,Missing physical document artifact in packaged repository (catalog metadata only),QUARANTINED_UNVERIFIED_ARTIFACT,Download original PDF/HTML from source URL and verify SHA-256,True
EVT-IMCA-0974,International Marine Contractors Association (IMCA),SRC-IMCA-0974,https://www.imca-int.com/resources/safety/safety-flashes/1219-oxygen-service-regulators/,Missing physical document artifact in packaged repository (catalog metadata only),QUARANTINED_UNVERIFIED_ARTIFACT,Download original PDF/HTML from source URL and verify SHA-256,True
EVT-IMCA-0975,International Marine Contractors Association (IMCA),SRC-IMCA-0975,https://www.imca-int.com/resources/safety/safety-flashes/1219-theft-from-vessel-at-anchor/,Missing physical document artifact in packaged repository (catalog metadata only),QUARANTINED_UNVERIFIED_ARTIFACT,Download original PDF/HTML from source URL and verify SHA-256,True
EVT-IMCA-0976,International Marine Contractors Association (IMCA),SRC-IMCA-0976,https://www.imca-int.com/resources/safety/safety-flashes/1219-dropped-load-water/,Missing physical document artifact in packaged repository (catalog metadata only),QUARANTINED_UNVERIFIED_ARTIFACT,Download original PDF/HTML from source URL and verify SHA-256,True
EVT-IMCA-0977,International Marine Contractors Association (IMCA),SRC-IMCA-0977,https://www.imca-int.com/resources/safety/safety-flashes/1219-high-potential-near-miss-unsecured-sheave/,Missing physical document artifact in packaged repository (catalog metadata only),QUARANTINED_UNVERIFIED_ARTIFACT,Download original PDF/HTML from source URL and verify SHA-256,True
EVT-IMCA-0978,International Marine Contractors Association (IMCA),SRC-IMCA-0978,https://www.imca-int.com/resources/safety/safety-flashes/1219-two-battery-issues-step-change/,Missing physical document artifact in packaged repository (catalog metadata only),QUARANTINED_UNVERIFIED_ARTIFACT,Download original PDF/HTML from source URL and verify SHA-256,True
EVT-IMCA-0979,International Marine Contractors Association (IMCA),SRC-IMCA-0979,https://www.imca-int.com/resources/safety/safety-flashes/1119-fatality-and-multiple-injuries-flash-fire-incident-onboard-pipelay-barge/,Missing physical document artifact in packaged repository (catalog metadata only),QUARANTINED_UNVERIFIED_ARTIFACT,Download original PDF/HTML from source URL and verify SHA-256,True
EVT-IMCA-0980,International Marine Contractors Association (IMCA),SRC-IMCA-0980,https://www.imca-int.com/resources/safety/safety-flashes/1019-diver-fatality-during-subsea-lifting-operations-update/,Missing physical document artifact in packaged repository (catalog metadata only),QUARANTINED_UNVERIFIED_ARTIFACT,Download original PDF/HTML from source URL and verify SHA-256,True
EVT-IMCA-0981,International Marine Contractors Association (IMCA),SRC-IMCA-0981,https://www.imca-int.com/resources/safety/safety-flashes/1019-helium-gas-quad-gas-variances-across-quadrants/,Missing physical document artifact in packaged repository (catalog metadata only),QUARANTINED_UNVERIFIED_ARTIFACT,Download original PDF/HTML from source URL and verify SHA-256,True
EVT-IMCA-0982,International Marine Contractors Association (IMCA),SRC-IMCA-0982,https://www.imca-int.com/resources/safety/safety-flashes/1019-weight-dropped-to-the-seabed-narrowly-missing-diving-bell/,Missing physical document artifact in packaged repository (catalog metadata only),QUARANTINED_UNVERIFIED_ARTIFACT,Download original PDF/HTML from source URL and verify SHA-256,True
EVT-IMCA-0983,International Marine Contractors Association (IMCA),SRC-IMCA-0983,https://www.imca-int.com/resources/safety/safety-flashes/1019-near-miss-fire-of-electrical-distribution-board-during-diving-operations/,Missing physical document artifact in packaged repository (catalog metadata only),QUARANTINED_UNVERIFIED_ARTIFACT,Download original PDF/HTML from source URL and verify SHA-256,True
EVT-IMCA-0984,International Marine Contractors Association (IMCA),SRC-IMCA-0984,https://www.imca-int.com/resources/safety/safety-flashes/0919-line-of-firepinch-point-fractured-fingers/,Missing physical document artifact in packaged repository (catalog metadata only),QUARANTINED_UNVERIFIED_ARTIFACT,Download original PDF/HTML from source URL and verify SHA-256,True
EVT-IMCA-0985,International Marine Contractors Association (IMCA),SRC-IMCA-0985,https://www.imca-int.com/resources/safety/safety-flashes/0919-rigger-sustains-injury-to-left-hand/,Missing physical document artifact in packaged repository (catalog metadata only),QUARANTINED_UNVERIFIED_ARTIFACT,Download original PDF/HTML from source URL and verify SHA-256,True
EVT-IMCA-0986,International Marine Contractors Association (IMCA),SRC-IMCA-0986,https://www.imca-int.com/resources/safety/safety-flashes/0919-slip-on-wet-surface-marine-safety-forum/,Missing physical document artifact in packaged repository (catalog metadata only),QUARANTINED_UNVERIFIED_ARTIFACT,Download original PDF/HTML from source URL and verify SHA-256,True
EVT-IMCA-0987,International Marine Contractors Association (IMCA),SRC-IMCA-0987,https://www.imca-int.com/resources/safety/safety-flashes/0919-unsafe-actions-and-conditions-inhibited-alarm-buttons/,Missing physical document artifact in packaged repository (catalog metadata only),QUARANTINED_UNVERIFIED_ARTIFACT,Download original PDF/HTML from source URL and verify SHA-256,True
EVT-IMCA-0988,International Marine Contractors Association (IMCA),SRC-IMCA-0988,https://www.imca-int.com/resources/safety/safety-flashes/0819-fishing-nets-caught-in-propellers/,Missing physical document artifact in packaged repository (catalog metadata only),QUARANTINED_UNVERIFIED_ARTIFACT,Download original PDF/HTML from source URL and verify SHA-256,True
EVT-IMCA-0989,International Marine Contractors Association (IMCA),SRC-IMCA-0989,https://www.imca-int.com/resources/safety/safety-flashes/0819-oil-spill-during-bunkering/,Missing physical document artifact in packaged repository (catalog metadata only),QUARANTINED_UNVERIFIED_ARTIFACT,Download original PDF/HTML from source URL and verify SHA-256,True
EVT-IMCA-0990,International Marine Contractors Association (IMCA),SRC-IMCA-0990,https://www.imca-int.com/resources/safety/safety-flashes/0819-damaged-high-pressure-content-gauge-hoses-on-bail-outs/,Missing physical document artifact in packaged repository (catalog metadata only),QUARANTINED_UNVERIFIED_ARTIFACT,Download original PDF/HTML from source URL and verify SHA-256,True
EVT-IMCA-0991,International Marine Contractors Association (IMCA),SRC-IMCA-0991,https://www.imca-int.com/resources/safety/safety-flashes/0819-fire-smoke-coming-from-an-expired-line-throwing-apparatus-lta-cartridge-kept-for-disposal/,Missing physical document artifact in packaged repository (catalog metadata only),QUARANTINED_UNVERIFIED_ARTIFACT,Download original PDF/HTML from source URL and verify SHA-256,True
EVT-IMCA-0992,International Marine Contractors Association (IMCA),SRC-IMCA-0992,https://www.imca-int.com/resources/safety/safety-flashes/0819-hot-water-fitting-failure-results-in-3m-loss-of-depth-in-diving-bell/,Missing physical document artifact in packaged repository (catalog metadata only),QUARANTINED_UNVERIFIED_ARTIFACT,Download original PDF/HTML from source URL and verify SHA-256,True
EVT-IMCA-0993,International Marine Contractors Association (IMCA),SRC-IMCA-0993,https://www.imca-int.com/resources/safety/safety-flashes/0719-unpublished-safety-incidents/,Missing physical document artifact in packaged repository (catalog metadata only),QUARANTINED_UNVERIFIED_ARTIFACT,Download original PDF/HTML from source URL and verify SHA-256,True
EVT-IMCA-0994,International Marine Contractors Association (IMCA),SRC-IMCA-0994,https://www.imca-int.com/resources/safety/safety-flashes/0719-transferee-stepping-from-gangway-to-staircase-during-rotation/,Missing physical document artifact in packaged repository (catalog metadata only),QUARANTINED_UNVERIFIED_ARTIFACT,Download original PDF/HTML from source URL and verify SHA-256,True
EVT-IMCA-0995,International Marine Contractors Association (IMCA),SRC-IMCA-0995,https://www.imca-int.com/resources/safety/safety-flashes/0719-near-miss-cargo-shifted-on-deck-in-heavy-weather/,Missing physical document artifact in packaged repository (catalog metadata only),QUARANTINED_UNVERIFIED_ARTIFACT,Download original PDF/HTML from source URL and verify SHA-256,True
EVT-IMCA-0996,International Marine Contractors Association (IMCA),SRC-IMCA-0996,https://www.imca-int.com/resources/safety/safety-flashes/0719-uncontrolled-release-of-walk-to-work-gangway/,Missing physical document artifact in packaged repository (catalog metadata only),QUARANTINED_UNVERIFIED_ARTIFACT,Download original PDF/HTML from source URL and verify SHA-256,True
EVT-IMCA-0997,International Marine Contractors Association (IMCA),SRC-IMCA-0997,https://www.imca-int.com/resources/safety/safety-flashes/0719-vessel-hit-moored-barge-whilst-turning/,Missing physical document artifact in packaged repository (catalog metadata only),QUARANTINED_UNVERIFIED_ARTIFACT,Download original PDF/HTML from source URL and verify SHA-256,True
EVT-IMCA-0998,International Marine Contractors Association (IMCA),SRC-IMCA-0998,https://www.imca-int.com/resources/safety/safety-flashes/0619-latent-trip-hazards/,Missing physical document artifact in packaged repository (catalog metadata only),QUARANTINED_UNVERIFIED_ARTIFACT,Download original PDF/HTML from source URL and verify SHA-256,True
EVT-IMCA-0999,International Marine Contractors Association (IMCA),SRC-IMCA-0999,https://www.imca-int.com/resources/safety/safety-flashes/0619-near-miss-crewman-struck-on-head-by-crane-hook-marine-safety-forum/,Missing physical document artifact in packaged repository (catalog metadata only),QUARANTINED_UNVERIFIED_ARTIFACT,Download original PDF/HTML from source URL and verify SHA-256,True
EVT-IMCA-1000,International Marine Contractors Association (IMCA),SRC-IMCA-1000,https://www.imca-int.com/resources/safety/safety-flashes/0619-personal-injury-following-ppe-violation-and-slip-and-fall-on-deck/,Missing physical document artifact in packaged repository (catalog metadata only),QUARANTINED_UNVERIFIED_ARTIFACT,Download original PDF/HTML from source URL and verify SHA-256,True
EVT-IMCA-1001,International Marine Contractors Association (IMCA),SRC-IMCA-1001,https://www.imca-int.com/resources/safety/safety-flashes/0619-hand-injury-during-closing-of-hatch/,Missing physical document artifact in packaged repository (catalog metadata only),QUARANTINED_UNVERIFIED_ARTIFACT,Download original PDF/HTML from source URL and verify SHA-256,True
EVT-IMCA-1002,International Marine Contractors Association (IMCA),SRC-IMCA-1002,https://www.imca-int.com/resources/safety/safety-flashes/0619-lti-head-injury/,Missing physical document artifact in packaged repository (catalog metadata only),QUARANTINED_UNVERIFIED_ARTIFACT,Download original PDF/HTML from source URL and verify SHA-256,True
EVT-IMCA-1003,International Marine Contractors Association (IMCA),SRC-IMCA-1003,https://www.imca-int.com/resources/safety/safety-flashes/0519-high-potential-near-miss-passenger-on-a-ctv-narrowly-avoided-being-crushed-between-vessels/,Missing physical document artifact in packaged repository (catalog metadata only),QUARANTINED_UNVERIFIED_ARTIFACT,Download original PDF/HTML from source URL and verify SHA-256,True
EVT-IMCA-1004,International Marine Contractors Association (IMCA),SRC-IMCA-1004,https://www.imca-int.com/resources/safety/safety-flashes/0519-near-miss-potential-fall-through-ctv-hatch/,Missing physical document artifact in packaged repository (catalog metadata only),QUARANTINED_UNVERIFIED_ARTIFACT,Download original PDF/HTML from source URL and verify SHA-256,True
EVT-IMCA-1005,International Marine Contractors Association (IMCA),SRC-IMCA-1005,https://www.imca-int.com/resources/safety/safety-flashes/0519-near-miss-diver-reports-tight-gas/,Missing physical document artifact in packaged repository (catalog metadata only),QUARANTINED_UNVERIFIED_ARTIFACT,Download original PDF/HTML from source URL and verify SHA-256,True
EVT-IMCA-1006,International Marine Contractors Association (IMCA),SRC-IMCA-1006,https://www.imca-int.com/resources/safety/safety-flashes/0519-near-miss-winch-wire-snagged-and-released-suddenly/,Missing physical document artifact in packaged repository (catalog metadata only),QUARANTINED_UNVERIFIED_ARTIFACT,Download original PDF/HTML from source URL and verify SHA-256,True
EVT-IMCA-1007,International Marine Contractors Association (IMCA),SRC-IMCA-1007,https://www.imca-int.com/resources/safety/safety-flashes/0419-galley-safety-rice-cooker-smouldering/,Missing physical document artifact in packaged repository (catalog metadata only),QUARANTINED_UNVERIFIED_ARTIFACT,Download original PDF/HTML from source URL and verify SHA-256,True
EVT-IMCA-1008,International Marine Contractors Association (IMCA),SRC-IMCA-1008,https://www.imca-int.com/resources/safety/safety-flashes/0419-near-miss-potential-fire-overheating-of-oil-in-deep-frying-pan/,Missing physical document artifact in packaged repository (catalog metadata only),QUARANTINED_UNVERIFIED_ARTIFACT,Download original PDF/HTML from source URL and verify SHA-256,True
EVT-IMCA-1009,International Marine Contractors Association (IMCA),SRC-IMCA-1009,https://www.imca-int.com/resources/safety/safety-flashes/0419-sparks-from-funnel-caused-small-fire/,Missing physical document artifact in packaged repository (catalog metadata only),QUARANTINED_UNVERIFIED_ARTIFACT,Download original PDF/HTML from source URL and verify SHA-256,True
EVT-IMCA-1010,International Marine Contractors Association (IMCA),SRC-IMCA-1010,https://www.imca-int.com/resources/safety/safety-flashes/0419-hazard-hunt-fire-dampers-and-fixed-firefighting-systems/,Missing physical document artifact in packaged repository (catalog metadata only),QUARANTINED_UNVERIFIED_ARTIFACT,Download original PDF/HTML from source URL and verify SHA-256,True
EVT-IMCA-1011,International Marine Contractors Association (IMCA),SRC-IMCA-1011,https://www.imca-int.com/resources/safety/safety-flashes/0319-product-caution-notice-relating-to-commercial-diving-equipment-gas-conditioner-charges/,Missing physical document artifact in packaged repository (catalog metadata only),QUARANTINED_UNVERIFIED_ARTIFACT,Download original PDF/HTML from source URL and verify SHA-256,True
EVT-IMCA-1012,International Marine Contractors Association (IMCA),SRC-IMCA-1012,https://www.imca-int.com/resources/safety/safety-flashes/0319-corrosion-failure-of-bolts-on-a-cargo-barge-bollard/,Missing physical document artifact in packaged repository (catalog metadata only),QUARANTINED_UNVERIFIED_ARTIFACT,Download original PDF/HTML from source URL and verify SHA-256,True
EVT-IMCA-1013,International Marine Contractors Association (IMCA),SRC-IMCA-1013,https://www.imca-int.com/resources/safety/safety-flashes/0319-lti-engineer-injured-following-engine-room-sliptrip/,Missing physical document artifact in packaged repository (catalog metadata only),QUARANTINED_UNVERIFIED_ARTIFACT,Download original PDF/HTML from source URL and verify SHA-256,True
EVT-IMCA-1014,International Marine Contractors Association (IMCA),SRC-IMCA-1014,https://www.imca-int.com/resources/safety/safety-flashes/0319-subcontractor-rov-control-room-damaged-by-fire/,Missing physical document artifact in packaged repository (catalog metadata only),QUARANTINED_UNVERIFIED_ARTIFACT,Download original PDF/HTML from source URL and verify SHA-256,True
EVT-IMCA-1015,International Marine Contractors Association (IMCA),SRC-IMCA-1015,https://www.imca-int.com/resources/safety/safety-flashes/0219-lti-finger-injury-during-work-with-rotating-machinery/,Missing physical document artifact in packaged repository (catalog metadata only),QUARANTINED_UNVERIFIED_ARTIFACT,Download original PDF/HTML from source URL and verify SHA-256,True
EVT-IMCA-1016,International Marine Contractors Association (IMCA),SRC-IMCA-1016,https://www.imca-int.com/resources/safety/safety-flashes/0219-bsee-worker-injured-in-fall-from-height-into-water/,Missing physical document artifact in packaged repository (catalog metadata only),QUARANTINED_UNVERIFIED_ARTIFACT,Download original PDF/HTML from source URL and verify SHA-256,True
EVT-IMCA-1017,International Marine Contractors Association (IMCA),SRC-IMCA-1017,https://www.imca-int.com/resources/safety/safety-flashes/0219-hazard-hunt-pilot-ladders-and-gangways/,Missing physical document artifact in packaged repository (catalog metadata only),QUARANTINED_UNVERIFIED_ARTIFACT,Download original PDF/HTML from source URL and verify SHA-256,True
EVT-IMCA-1018,International Marine Contractors Association (IMCA),SRC-IMCA-1018,https://www.imca-int.com/resources/safety/safety-flashes/0219-high-potential-near-miss-dropped-line-pipe-after-vacuum-lifter-failed/,Missing physical document artifact in packaged repository (catalog metadata only),QUARANTINED_UNVERIFIED_ARTIFACT,Download original PDF/HTML from source URL and verify SHA-256,True
EVT-IMCA-1019,International Marine Contractors Association (IMCA),SRC-IMCA-1019,https://www.imca-int.com/resources/safety/safety-flashes/0219-high-potential-near-miss-dropped-object-flood-lamp/,Missing physical document artifact in packaged repository (catalog metadata only),QUARANTINED_UNVERIFIED_ARTIFACT,Download original PDF/HTML from source URL and verify SHA-256,True
EVT-IMCA-1020,International Marine Contractors Association (IMCA),SRC-IMCA-1020,https://www.imca-int.com/resources/safety/safety-flashes/0119-confined-space-entry-person-overcome-by-fumes-and-rendered-unconscious/,Missing physical document artifact in packaged repository (catalog metadata only),QUARANTINED_UNVERIFIED_ARTIFACT,Download original PDF/HTML from source URL and verify SHA-256,True
EVT-IMCA-1021,International Marine Contractors Association (IMCA),SRC-IMCA-1021,https://www.imca-int.com/resources/safety/safety-flashes/0119-confined-space-fatality-on-board-the-fishing-vessel-sunbeam/,Missing physical document artifact in packaged repository (catalog metadata only),QUARANTINED_UNVERIFIED_ARTIFACT,Download original PDF/HTML from source URL and verify SHA-256,True
EVT-IMCA-1022,International Marine Contractors Association (IMCA),SRC-IMCA-1022,https://www.imca-int.com/resources/safety/safety-flashes/0119-confined-space-entry-worker-died-inside-pump-room/,Missing physical document artifact in packaged repository (catalog metadata only),QUARANTINED_UNVERIFIED_ARTIFACT,Download original PDF/HTML from source URL and verify SHA-256,True
EVT-IMCA-1023,International Marine Contractors Association (IMCA),SRC-IMCA-1023,https://www.imca-int.com/resources/safety/safety-flashes/0119-person-felt-unwell-while-working-in-confined-space/,Missing physical document artifact in packaged repository (catalog metadata only),QUARANTINED_UNVERIFIED_ARTIFACT,Download original PDF/HTML from source URL and verify SHA-256,True
EVT-IMCA-1024,International Marine Contractors Association (IMCA),SRC-IMCA-1024,https://www.imca-int.com/resources/safety/safety-flashes/2918-umbilical-termination-failure-and-loss-of-rov/,Missing physical document artifact in packaged repository (catalog metadata only),QUARANTINED_UNVERIFIED_ARTIFACT,Download original PDF/HTML from source URL and verify SHA-256,True
EVT-IMCA-1025,International Marine Contractors Association (IMCA),SRC-IMCA-1025,https://www.imca-int.com/resources/safety/safety-flashes/2918-fires-caused-by-electronic-device-chargers/,Missing physical document artifact in packaged repository (catalog metadata only),QUARANTINED_UNVERIFIED_ARTIFACT,Download original PDF/HTML from source URL and verify SHA-256,True
EVT-IMCA-1026,International Marine Contractors Association (IMCA),SRC-IMCA-1026,https://www.imca-int.com/resources/safety/safety-flashes/2918-high-potential-near-miss-anchor-brake-failure/,Missing physical document artifact in packaged repository (catalog metadata only),QUARANTINED_UNVERIFIED_ARTIFACT,Download original PDF/HTML from source URL and verify SHA-256,True
EVT-IMCA-1027,International Marine Contractors Association (IMCA),SRC-IMCA-1027,https://www.imca-int.com/resources/safety/safety-flashes/2918-unsafe-backloading-of-equipment/,Missing physical document artifact in packaged repository (catalog metadata only),QUARANTINED_UNVERIFIED_ARTIFACT,Download original PDF/HTML from source URL and verify SHA-256,True
EVT-IMCA-1028,International Marine Contractors Association (IMCA),SRC-IMCA-1028,https://www.imca-int.com/resources/safety/safety-flashes/2918-fatal-injury-during-lifting-operations-maersk-interceptor/,Missing physical document artifact in packaged repository (catalog metadata only),QUARANTINED_UNVERIFIED_ARTIFACT,Download original PDF/HTML from source URL and verify SHA-256,True
EVT-IMCA-1029,International Marine Contractors Association (IMCA),SRC-IMCA-1029,https://www.imca-int.com/resources/safety/safety-flashes/2918-msf-near-miss-potential-dropped-object-during-cargo-operations/,Missing physical document artifact in packaged repository (catalog metadata only),QUARANTINED_UNVERIFIED_ARTIFACT,Download original PDF/HTML from source URL and verify SHA-256,True
EVT-IMCA-1030,International Marine Contractors Association (IMCA),SRC-IMCA-1030,https://www.imca-int.com/resources/safety/safety-flashes/2818-lti-severe-burn-from-short-circuited-li-ion-battery/,Missing physical document artifact in packaged repository (catalog metadata only),QUARANTINED_UNVERIFIED_ARTIFACT,Download original PDF/HTML from source URL and verify SHA-256,True
EVT-IMCA-1031,International Marine Contractors Association (IMCA),SRC-IMCA-1031,https://www.imca-int.com/resources/safety/safety-flashes/2818-uk-hse-worker-suffers-life-changing-crush-injuries-rotating-machine/,Missing physical document artifact in packaged repository (catalog metadata only),QUARANTINED_UNVERIFIED_ARTIFACT,Download original PDF/HTML from source URL and verify SHA-256,True
EVT-IMCA-1032,International Marine Contractors Association (IMCA),SRC-IMCA-1032,https://www.imca-int.com/resources/safety/safety-flashes/2818-msf-two-ltis-a-slip-and-a-fall-and-trapping-a-thumb/,Missing physical document artifact in packaged repository (catalog metadata only),QUARANTINED_UNVERIFIED_ARTIFACT,Download original PDF/HTML from source URL and verify SHA-256,True
EVT-IMCA-1033,International Marine Contractors Association (IMCA),SRC-IMCA-1033,https://www.imca-int.com/resources/safety/safety-flashes/2818-suspected-case-of-legionella-onboard-vessel/,Missing physical document artifact in packaged repository (catalog metadata only),QUARANTINED_UNVERIFIED_ARTIFACT,Download original PDF/HTML from source URL and verify SHA-256,True
EVT-IMCA-1034,International Marine Contractors Association (IMCA),SRC-IMCA-1034,https://www.imca-int.com/resources/safety/safety-flashes/2818-sharp-wire-injury-during-routine-maintenance/,Missing physical document artifact in packaged repository (catalog metadata only),QUARANTINED_UNVERIFIED_ARTIFACT,Download original PDF/HTML from source URL and verify SHA-256,True
EVT-IMCA-1035,International Marine Contractors Association (IMCA),SRC-IMCA-1035,https://www.imca-int.com/resources/safety/safety-flashes/2718-third-party-high-potential-near-miss-dropped-gangway/,Missing physical document artifact in packaged repository (catalog metadata only),QUARANTINED_UNVERIFIED_ARTIFACT,Download original PDF/HTML from source URL and verify SHA-256,True
EVT-IMCA-1036,International Marine Contractors Association (IMCA),SRC-IMCA-1036,https://www.imca-int.com/resources/safety/safety-flashes/2718-don-t-forget-about-gangways-uscg-pilot-dies-in-gangway-accident/,Missing physical document artifact in packaged repository (catalog metadata only),QUARANTINED_UNVERIFIED_ARTIFACT,Download original PDF/HTML from source URL and verify SHA-256,True
EVT-IMCA-1037,International Marine Contractors Association (IMCA),SRC-IMCA-1037,https://www.imca-int.com/resources/safety/safety-flashes/2718-crisis-management-rail-industry-high-potential-near-miss/,Missing physical document artifact in packaged repository (catalog metadata only),QUARANTINED_UNVERIFIED_ARTIFACT,Download original PDF/HTML from source URL and verify SHA-256,True
EVT-IMCA-1038,International Marine Contractors Association (IMCA),SRC-IMCA-1038,https://www.imca-int.com/resources/safety/safety-flashes/2718-bsee-failure-of-crane-hydraulic-boom-cylinders/,Missing physical document artifact in packaged repository (catalog metadata only),QUARANTINED_UNVERIFIED_ARTIFACT,Download original PDF/HTML from source URL and verify SHA-256,True
EVT-IMCA-1039,International Marine Contractors Association (IMCA),SRC-IMCA-1039,https://www.imca-int.com/resources/safety/safety-flashes/2718-pipelay-technician-sustained-cut-to-wrist-whilst-handling-testing-equipment/,Missing physical document artifact in packaged repository (catalog metadata only),QUARANTINED_UNVERIFIED_ARTIFACT,Download original PDF/HTML from source URL and verify SHA-256,True
EVT-IMCA-1040,International Marine Contractors Association (IMCA),SRC-IMCA-1040,https://www.imca-int.com/resources/safety/safety-flashes/2618-lti-rigger-tripped-over-quayside-obstacle-in-the-dark-and-fell/,Missing physical document artifact in packaged repository (catalog metadata only),QUARANTINED_UNVERIFIED_ARTIFACT,Download original PDF/HTML from source URL and verify SHA-256,True
EVT-IMCA-1041,International Marine Contractors Association (IMCA),SRC-IMCA-1041,https://www.imca-int.com/resources/safety/safety-flashes/2618-glow-sticks-breaking-open-chemical-splash-risk/,Missing physical document artifact in packaged repository (catalog metadata only),QUARANTINED_UNVERIFIED_ARTIFACT,Download original PDF/HTML from source URL and verify SHA-256,True
EVT-IMCA-1042,International Marine Contractors Association (IMCA),SRC-IMCA-1042,https://www.imca-int.com/resources/safety/safety-flashes/2618-high-potential-dropped-object-during-lifting-operations/,Missing physical document artifact in packaged repository (catalog metadata only),QUARANTINED_UNVERIFIED_ARTIFACT,Download original PDF/HTML from source URL and verify SHA-256,True
EVT-IMCA-1043,International Marine Contractors Association (IMCA),SRC-IMCA-1043,https://www.imca-int.com/resources/safety/safety-flashes/2618-high-potential-near-miss-tensioner-pad-dropped-to-under-deck-carousel/,Missing physical document artifact in packaged repository (catalog metadata only),QUARANTINED_UNVERIFIED_ARTIFACT,Download original PDF/HTML from source URL and verify SHA-256,True
EVT-IMCA-1044,International Marine Contractors Association (IMCA),SRC-IMCA-1044,https://www.imca-int.com/resources/safety/safety-flashes/2518-finger-injury-diver-caught-finger-in-bell-door/,Missing physical document artifact in packaged repository (catalog metadata only),QUARANTINED_UNVERIFIED_ARTIFACT,Download original PDF/HTML from source URL and verify SHA-256,True
EVT-IMCA-1045,International Marine Contractors Association (IMCA),SRC-IMCA-1045,https://www.imca-int.com/resources/safety/safety-flashes/2518-near-miss-unplanned-deployment-of-plet-outrigger/,Missing physical document artifact in packaged repository (catalog metadata only),QUARANTINED_UNVERIFIED_ARTIFACT,Download original PDF/HTML from source URL and verify SHA-256,True
EVT-IMCA-1046,International Marine Contractors Association (IMCA),SRC-IMCA-1046,https://www.imca-int.com/resources/safety/safety-flashes/2518-lti-finger-injury-during-lifting-operations/,Missing physical document artifact in packaged repository (catalog metadata only),QUARANTINED_UNVERIFIED_ARTIFACT,Download original PDF/HTML from source URL and verify SHA-256,True
EVT-IMCA-1047,International Marine Contractors Association (IMCA),SRC-IMCA-1047,https://www.imca-int.com/resources/safety/safety-flashes/2518-injury-sustained-during-manual-handling-of-sharp-object/,Missing physical document artifact in packaged repository (catalog metadata only),QUARANTINED_UNVERIFIED_ARTIFACT,Download original PDF/HTML from source URL and verify SHA-256,True
EVT-IMCA-1048,International Marine Contractors Association (IMCA),SRC-IMCA-1048,https://www.imca-int.com/resources/safety/safety-flashes/2418-electrician-received-electric-shock-from-a-bare-cable/,Missing physical document artifact in packaged repository (catalog metadata only),QUARANTINED_UNVERIFIED_ARTIFACT,Download original PDF/HTML from source URL and verify SHA-256,True
EVT-IMCA-1049,International Marine Contractors Association (IMCA),SRC-IMCA-1049,https://www.imca-int.com/resources/safety/safety-flashes/2418-ocimf-pilot-ladder-side-rope-failure-unsafe-pilot-transfer/,Missing physical document artifact in packaged repository (catalog metadata only),QUARANTINED_UNVERIFIED_ARTIFACT,Download original PDF/HTML from source URL and verify SHA-256,True
EVT-IMCA-1050,International Marine Contractors Association (IMCA),SRC-IMCA-1050,https://www.imca-int.com/resources/safety/safety-flashes/2418-pallet-failure-high-potential-dropped-object-during-lifting-operations/,Missing physical document artifact in packaged repository (catalog metadata only),QUARANTINED_UNVERIFIED_ARTIFACT,Download original PDF/HTML from source URL and verify SHA-256,True
EVT-IMCA-1051,International Marine Contractors Association (IMCA),SRC-IMCA-1051,https://www.imca-int.com/resources/safety/safety-flashes/2418-incorrectly-weighted-monkey-s-fist/,Missing physical document artifact in packaged repository (catalog metadata only),QUARANTINED_UNVERIFIED_ARTIFACT,Download original PDF/HTML from source URL and verify SHA-256,True
EVT-IMCA-1052,International Marine Contractors Association (IMCA),SRC-IMCA-1052,https://www.imca-int.com/resources/safety/safety-flashes/2418-release-of-stored-energy-from-coiled-superloops/,Missing physical document artifact in packaged repository (catalog metadata only),QUARANTINED_UNVERIFIED_ARTIFACT,Download original PDF/HTML from source URL and verify SHA-256,True
EVT-IMCA-1053,International Marine Contractors Association (IMCA),SRC-IMCA-1053,https://www.imca-int.com/resources/safety/safety-flashes/2418-potential-interference-of-vhf-fm-radio-and-ais-reception/,Missing physical document artifact in packaged repository (catalog metadata only),QUARANTINED_UNVERIFIED_ARTIFACT,Download original PDF/HTML from source URL and verify SHA-256,True
EVT-IMCA-1054,International Marine Contractors Association (IMCA),SRC-IMCA-1054,https://www.imca-int.com/resources/safety/safety-flashes/2318-electric-arc-incident/,Missing physical document artifact in packaged repository (catalog metadata only),QUARANTINED_UNVERIFIED_ARTIFACT,Download original PDF/HTML from source URL and verify SHA-256,True
EVT-IMCA-1055,International Marine Contractors Association (IMCA),SRC-IMCA-1055,https://www.imca-int.com/resources/safety/safety-flashes/2318-robbery-at-anchor-vessel-security/,Missing physical document artifact in packaged repository (catalog metadata only),QUARANTINED_UNVERIFIED_ARTIFACT,Download original PDF/HTML from source URL and verify SHA-256,True
EVT-IMCA-1056,International Marine Contractors Association (IMCA),SRC-IMCA-1056,https://www.imca-int.com/resources/safety/safety-flashes/2318-grinding-using-a-cutting-disc/,Missing physical document artifact in packaged repository (catalog metadata only),QUARANTINED_UNVERIFIED_ARTIFACT,Download original PDF/HTML from source URL and verify SHA-256,True
EVT-IMCA-1057,International Marine Contractors Association (IMCA),SRC-IMCA-1057,https://www.imca-int.com/resources/safety/safety-flashes/2318-snagged-lift-during-deck-cargo-operations/,Missing physical document artifact in packaged repository (catalog metadata only),QUARANTINED_UNVERIFIED_ARTIFACT,Download original PDF/HTML from source URL and verify SHA-256,True
EVT-IMCA-1058,International Marine Contractors Association (IMCA),SRC-IMCA-1058,https://www.imca-int.com/resources/safety/safety-flashes/2218-seamanship-vessel-collision-with-fishing-boat/,Missing physical document artifact in packaged repository (catalog metadata only),QUARANTINED_UNVERIFIED_ARTIFACT,Download original PDF/HTML from source URL and verify SHA-256,True
EVT-IMCA-1059,International Marine Contractors Association (IMCA),SRC-IMCA-1059,https://www.imca-int.com/resources/safety/safety-flashes/2218-high-potential-near-miss-line-of-fire-during-mooring-operations/,Missing physical document artifact in packaged repository (catalog metadata only),QUARANTINED_UNVERIFIED_ARTIFACT,Download original PDF/HTML from source URL and verify SHA-256,True
EVT-IMCA-1060,International Marine Contractors Association (IMCA),SRC-IMCA-1060,https://www.imca-int.com/resources/safety/safety-flashes/2218-lost-time-injury-lti-fall-on-staircase/,Missing physical document artifact in packaged repository (catalog metadata only),QUARANTINED_UNVERIFIED_ARTIFACT,Download original PDF/HTML from source URL and verify SHA-256,True
EVT-IMCA-1061,International Marine Contractors Association (IMCA),SRC-IMCA-1061,https://www.imca-int.com/resources/safety/safety-flashes/2218-serious-injury-from-rotating-winch/,Missing physical document artifact in packaged repository (catalog metadata only),QUARANTINED_UNVERIFIED_ARTIFACT,Download original PDF/HTML from source URL and verify SHA-256,True
EVT-IMCA-1062,International Marine Contractors Association (IMCA),SRC-IMCA-1062,https://www.imca-int.com/resources/safety/safety-flashes/2218-fatal-traffic-accident-on-board-a-large-vessel/,Missing physical document artifact in packaged repository (catalog metadata only),QUARANTINED_UNVERIFIED_ARTIFACT,Download original PDF/HTML from source URL and verify SHA-256,True
EVT-IMCA-1063,International Marine Contractors Association (IMCA),SRC-IMCA-1063,https://www.imca-int.com/resources/safety/safety-flashes/2218-recurring-hand-injury/,Missing physical document artifact in packaged repository (catalog metadata only),QUARANTINED_UNVERIFIED_ARTIFACT,Download original PDF/HTML from source URL and verify SHA-256,True
EVT-IMCA-1064,International Marine Contractors Association (IMCA),SRC-IMCA-1064,https://www.imca-int.com/resources/safety/safety-flashes/2118-unplanned-deployment-of-free-fall-lifeboat/,Missing physical document artifact in packaged repository (catalog metadata only),QUARANTINED_UNVERIFIED_ARTIFACT,Download original PDF/HTML from source URL and verify SHA-256,True
EVT-IMCA-1065,International Marine Contractors Association (IMCA),SRC-IMCA-1065,https://www.imca-int.com/resources/safety/safety-flashes/2118-life-raft-self-activates-and-falls-to-the-quayside/,Missing physical document artifact in packaged repository (catalog metadata only),QUARANTINED_UNVERIFIED_ARTIFACT,Download original PDF/HTML from source URL and verify SHA-256,True
EVT-IMCA-1066,International Marine Contractors Association (IMCA),SRC-IMCA-1066,https://www.imca-int.com/resources/safety/safety-flashes/2118-costly-damage-to-azimuth-thruster-caused-by-fishing-gear/,Missing physical document artifact in packaged repository (catalog metadata only),QUARANTINED_UNVERIFIED_ARTIFACT,Download original PDF/HTML from source URL and verify SHA-256,True
EVT-IMCA-1067,International Marine Contractors Association (IMCA),SRC-IMCA-1067,https://www.imca-int.com/resources/safety/safety-flashes/2118-control-module-failure-caused-main-engine-sudden-reduction-to-idle-speed/,Missing physical document artifact in packaged repository (catalog metadata only),QUARANTINED_UNVERIFIED_ARTIFACT,Download original PDF/HTML from source URL and verify SHA-256,True
EVT-IMCA-1068,International Marine Contractors Association (IMCA),SRC-IMCA-1068,https://www.imca-int.com/resources/safety/safety-flashes/2118-inadequate-maintenance-and-securing-arrangements-of-emergency-exit-hatches/,Missing physical document artifact in packaged repository (catalog metadata only),QUARANTINED_UNVERIFIED_ARTIFACT,Download original PDF/HTML from source URL and verify SHA-256,True
EVT-IMCA-1069,International Marine Contractors Association (IMCA),SRC-IMCA-1069,https://www.imca-int.com/resources/safety/safety-flashes/2018-pro-active-intervention-prevented-high-potential-dropped-objects/,Missing physical document artifact in packaged repository (catalog metadata only),QUARANTINED_UNVERIFIED_ARTIFACT,Download original PDF/HTML from source URL and verify SHA-256,True
EVT-IMCA-1070,International Marine Contractors Association (IMCA),SRC-IMCA-1070,https://www.imca-int.com/resources/safety/safety-flashes/2018-dropped-pipe-incidents-with-potentially-fatal-consequences/,Missing physical document artifact in packaged repository (catalog metadata only),QUARANTINED_UNVERIFIED_ARTIFACT,Download original PDF/HTML from source URL and verify SHA-256,True
EVT-IMCA-1071,International Marine Contractors Association (IMCA),SRC-IMCA-1071,https://www.imca-int.com/resources/safety/safety-flashes/2018-dropped-object-crane-floodlight/,Missing physical document artifact in packaged repository (catalog metadata only),QUARANTINED_UNVERIFIED_ARTIFACT,Download original PDF/HTML from source URL and verify SHA-256,True
EVT-IMCA-1072,International Marine Contractors Association (IMCA),SRC-IMCA-1072,https://www.imca-int.com/resources/safety/safety-flashes/2018-two-serious-dropped-object-near-miss/,Missing physical document artifact in packaged repository (catalog metadata only),QUARANTINED_UNVERIFIED_ARTIFACT,Download original PDF/HTML from source URL and verify SHA-256,True
EVT-IMCA-1073,International Marine Contractors Association (IMCA),SRC-IMCA-1073,https://www.imca-int.com/resources/safety/safety-flashes/2018-dropped-object-first-aid-injury-during-rov-maintenance/,Missing physical document artifact in packaged repository (catalog metadata only),QUARANTINED_UNVERIFIED_ARTIFACT,Download original PDF/HTML from source URL and verify SHA-256,True
EVT-IMCA-1074,International Marine Contractors Association (IMCA),SRC-IMCA-1074,https://www.imca-int.com/resources/safety/safety-flashes/2018-potential-dropped-objects-in-frame-pockets/,Missing physical document artifact in packaged repository (catalog metadata only),QUARANTINED_UNVERIFIED_ARTIFACT,Download original PDF/HTML from source URL and verify SHA-256,True
EVT-IMCA-1075,International Marine Contractors Association (IMCA),SRC-IMCA-1075,https://www.imca-int.com/resources/safety/safety-flashes/1918-diver-fatality-during-subsea-lifting-operations/,Missing physical document artifact in packaged repository (catalog metadata only),QUARANTINED_UNVERIFIED_ARTIFACT,Download original PDF/HTML from source URL and verify SHA-256,True
EVT-IMCA-1076,International Marine Contractors Association (IMCA),SRC-IMCA-1076,https://www.imca-int.com/resources/safety/safety-flashes/1918-two-accident-advisories-relating-to-diver-fatalities/,Missing physical document artifact in packaged repository (catalog metadata only),QUARANTINED_UNVERIFIED_ARTIFACT,Download original PDF/HTML from source URL and verify SHA-256,True
EVT-IMCA-1077,International Marine Contractors Association (IMCA),SRC-IMCA-1077,https://www.imca-int.com/resources/safety/safety-flashes/1818-fire-in-the-accommodation-electronic-items-in-cabins/,Missing physical document artifact in packaged repository (catalog metadata only),QUARANTINED_UNVERIFIED_ARTIFACT,Download original PDF/HTML from source URL and verify SHA-256,True
EVT-IMCA-1078,International Marine Contractors Association (IMCA),SRC-IMCA-1078,https://www.imca-int.com/resources/safety/safety-flashes/1818-auto-ignition-of-laundry-items/,Missing physical document artifact in packaged repository (catalog metadata only),QUARANTINED_UNVERIFIED_ARTIFACT,Download original PDF/HTML from source URL and verify SHA-256,True
EVT-IMCA-1079,International Marine Contractors Association (IMCA),SRC-IMCA-1079,https://www.imca-int.com/resources/safety/safety-flashes/1818-high-potential-near-miss-working-on-pressurised-pipeline/,Missing physical document artifact in packaged repository (catalog metadata only),QUARANTINED_UNVERIFIED_ARTIFACT,Download original PDF/HTML from source URL and verify SHA-256,True
EVT-IMCA-1080,International Marine Contractors Association (IMCA),SRC-IMCA-1080,https://www.imca-int.com/resources/safety/safety-flashes/1818-near-miss-unplanned-release-of-2-blasting-hose-outlet-from-air-receiver-coupling-clamp/,Missing physical document artifact in packaged repository (catalog metadata only),QUARANTINED_UNVERIFIED_ARTIFACT,Download original PDF/HTML from source URL and verify SHA-256,True
EVT-IMCA-1081,International Marine Contractors Association (IMCA),SRC-IMCA-1081,https://www.imca-int.com/resources/safety/safety-flashes/1818-unplanned-stored-pressure-release-worker-struck-by-gas-cylinder-company-fined/,Missing physical document artifact in packaged repository (catalog metadata only),QUARANTINED_UNVERIFIED_ARTIFACT,Download original PDF/HTML from source URL and verify SHA-256,True
EVT-IMCA-1082,International Marine Contractors Association (IMCA),SRC-IMCA-1082,https://www.imca-int.com/resources/safety/safety-flashes/1818-serious-injury-caused-by-energy-isolation-failure/,Missing physical document artifact in packaged repository (catalog metadata only),QUARANTINED_UNVERIFIED_ARTIFACT,Download original PDF/HTML from source URL and verify SHA-256,True
EVT-IMCA-1083,International Marine Contractors Association (IMCA),SRC-IMCA-1083,https://www.imca-int.com/resources/safety/safety-flashes/1718-floating-production-platform-evacuated-amid-power-outage/,Missing physical document artifact in packaged repository (catalog metadata only),QUARANTINED_UNVERIFIED_ARTIFACT,Download original PDF/HTML from source URL and verify SHA-256,True
EVT-IMCA-1084,International Marine Contractors Association (IMCA),SRC-IMCA-1084,https://www.imca-int.com/resources/safety/safety-flashes/1718-wire-rope-sling-failed-during-lifting-operations/,Missing physical document artifact in packaged repository (catalog metadata only),QUARANTINED_UNVERIFIED_ARTIFACT,Download original PDF/HTML from source URL and verify SHA-256,True
EVT-IMCA-1085,International Marine Contractors Association (IMCA),SRC-IMCA-1085,https://www.imca-int.com/resources/safety/safety-flashes/1718-near-miss-onboard-o2-bottle-leaked-into-diving-bell/,Missing physical document artifact in packaged repository (catalog metadata only),QUARANTINED_UNVERIFIED_ARTIFACT,Download original PDF/HTML from source URL and verify SHA-256,True
EVT-IMCA-1086,International Marine Contractors Association (IMCA),SRC-IMCA-1086,https://www.imca-int.com/resources/safety/safety-flashes/1718-high-potential-near-miss-unplanned-handling-of-unexploded-ordnance/,Missing physical document artifact in packaged repository (catalog metadata only),QUARANTINED_UNVERIFIED_ARTIFACT,Download original PDF/HTML from source URL and verify SHA-256,True
EVT-IMCA-1087,International Marine Contractors Association (IMCA),SRC-IMCA-1087,https://www.imca-int.com/resources/safety/safety-flashes/2016-near-miss-divers-umbilical-rupture-during-routine-maintenance/,Missing physical document artifact in packaged repository (catalog metadata only),QUARANTINED_UNVERIFIED_ARTIFACT,Download original PDF/HTML from source URL and verify SHA-256,True
EVT-IMCA-1088,International Marine Contractors Association (IMCA),SRC-IMCA-1088,https://www.imca-int.com/resources/safety/safety-flashes/1618-lost-time-injury-lti-ankle-injuries-during-loading-operations/,Missing physical document artifact in packaged repository (catalog metadata only),QUARANTINED_UNVERIFIED_ARTIFACT,Download original PDF/HTML from source URL and verify SHA-256,True
EVT-IMCA-1089,International Marine Contractors Association (IMCA),SRC-IMCA-1089,https://www.imca-int.com/resources/safety/safety-flashes/1618-injured-finger-during-cargo-operations/,Missing physical document artifact in packaged repository (catalog metadata only),QUARANTINED_UNVERIFIED_ARTIFACT,Download original PDF/HTML from source URL and verify SHA-256,True
EVT-IMCA-1090,International Marine Contractors Association (IMCA),SRC-IMCA-1090,https://www.imca-int.com/resources/safety/safety-flashes/1618-finger-injury-caused-by-falling-wire-wedge/,Missing physical document artifact in packaged repository (catalog metadata only),QUARANTINED_UNVERIFIED_ARTIFACT,Download original PDF/HTML from source URL and verify SHA-256,True
EVT-IMCA-1091,International Marine Contractors Association (IMCA),SRC-IMCA-1091,https://www.imca-int.com/resources/safety/safety-flashes/1618-there-s-something-in-my-eye/,Missing physical document artifact in packaged repository (catalog metadata only),QUARANTINED_UNVERIFIED_ARTIFACT,Download original PDF/HTML from source URL and verify SHA-256,True
EVT-IMCA-1092,International Marine Contractors Association (IMCA),SRC-IMCA-1092,https://www.imca-int.com/resources/safety/safety-flashes/1518-vessel-collision-with-fixed-structure-on-wind-farm/,Missing physical document artifact in packaged repository (catalog metadata only),QUARANTINED_UNVERIFIED_ARTIFACT,Download original PDF/HTML from source URL and verify SHA-256,True
EVT-IMCA-1093,International Marine Contractors Association (IMCA),SRC-IMCA-1093,https://www.imca-int.com/resources/safety/safety-flashes/1518-crewman-received-415v-electric-shock/,Missing physical document artifact in packaged repository (catalog metadata only),QUARANTINED_UNVERIFIED_ARTIFACT,Download original PDF/HTML from source URL and verify SHA-256,True
EVT-IMCA-1094,International Marine Contractors Association (IMCA),SRC-IMCA-1094,https://www.imca-int.com/resources/safety/safety-flashes/1518-uscg-bollard-failures-at-marine-facilities/,Missing physical document artifact in packaged repository (catalog metadata only),QUARANTINED_UNVERIFIED_ARTIFACT,Download original PDF/HTML from source URL and verify SHA-256,True
EVT-IMCA-1095,International Marine Contractors Association (IMCA),SRC-IMCA-1095,https://www.imca-int.com/resources/safety/safety-flashes/1518-fuel-spray-fire/,Missing physical document artifact in packaged repository (catalog metadata only),QUARANTINED_UNVERIFIED_ARTIFACT,Download original PDF/HTML from source URL and verify SHA-256,True
EVT-IMCA-1096,International Marine Contractors Association (IMCA),SRC-IMCA-1096,https://www.imca-int.com/resources/safety/safety-flashes/1518-lti-diver-injured-during-water-jetting-operations/,Missing physical document artifact in packaged repository (catalog metadata only),QUARANTINED_UNVERIFIED_ARTIFACT,Download original PDF/HTML from source URL and verify SHA-256,True
EVT-IMCA-1097,International Marine Contractors Association (IMCA),SRC-IMCA-1097,https://www.imca-int.com/resources/safety/safety-flashes/1518-uscg-two-alerts-relating-to-gas-releases/,Missing physical document artifact in packaged repository (catalog metadata only),QUARANTINED_UNVERIFIED_ARTIFACT,Download original PDF/HTML from source URL and verify SHA-256,True
EVT-IMCA-1098,International Marine Contractors Association (IMCA),SRC-IMCA-1098,https://www.imca-int.com/resources/safety/safety-flashes/1418-man-overboard-personnel-transfers-by-swing-rope-and-personnel-basket/,Missing physical document artifact in packaged repository (catalog metadata only),QUARANTINED_UNVERIFIED_ARTIFACT,Download original PDF/HTML from source URL and verify SHA-256,True
EVT-IMCA-1099,International Marine Contractors Association (IMCA),SRC-IMCA-1099,https://www.imca-int.com/resources/safety/safety-flashes/1418-stored-energy-injury-caused-by-failure-of-expansion-joint-in-fire-fighting-equipment/,Missing physical document artifact in packaged repository (catalog metadata only),QUARANTINED_UNVERIFIED_ARTIFACT,Download original PDF/HTML from source URL and verify SHA-256,True
EVT-IMCA-1100,International Marine Contractors Association (IMCA),SRC-IMCA-1100,https://www.imca-int.com/resources/safety/safety-flashes/1418-three-fires/,Missing physical document artifact in packaged repository (catalog metadata only),QUARANTINED_UNVERIFIED_ARTIFACT,Download original PDF/HTML from source URL and verify SHA-256,True
EVT-IMCA-1101,International Marine Contractors Association (IMCA),SRC-IMCA-1101,https://www.imca-int.com/resources/safety/safety-flashes/1418-vessel-engine-block-blown-open-in-and-around-cylinder/,Missing physical document artifact in packaged repository (catalog metadata only),QUARANTINED_UNVERIFIED_ARTIFACT,Download original PDF/HTML from source URL and verify SHA-256,True
EVT-IMCA-1102,International Marine Contractors Association (IMCA),SRC-IMCA-1102,https://www.imca-int.com/resources/safety/safety-flashes/1418-accidental-activation-of-expired-pyrotechnics-hand-flare/,Missing physical document artifact in packaged repository (catalog metadata only),QUARANTINED_UNVERIFIED_ARTIFACT,Download original PDF/HTML from source URL and verify SHA-256,True
EVT-IMCA-1103,International Marine Contractors Association (IMCA),SRC-IMCA-1103,https://www.imca-int.com/resources/safety/safety-flashes/1418-hangar-door-failure-and-collapse/,Missing physical document artifact in packaged repository (catalog metadata only),QUARANTINED_UNVERIFIED_ARTIFACT,Download original PDF/HTML from source URL and verify SHA-256,True
EVT-IMCA-1104,International Marine Contractors Association (IMCA),SRC-IMCA-1104,https://www.imca-int.com/resources/safety/safety-flashes/1318-lost-time-injury-lti-fractured-elbow-fall-injury/,Missing physical document artifact in packaged repository (catalog metadata only),QUARANTINED_UNVERIFIED_ARTIFACT,Download original PDF/HTML from source URL and verify SHA-256,True
EVT-IMCA-1105,International Marine Contractors Association (IMCA),SRC-IMCA-1105,https://www.imca-int.com/resources/safety/safety-flashes/1318-lti-cut-to-hand-from-protruding-hose-clip-marine-safety-forum/,Missing physical document artifact in packaged repository (catalog metadata only),QUARANTINED_UNVERIFIED_ARTIFACT,Download original PDF/HTML from source URL and verify SHA-256,True
EVT-IMCA-1106,International Marine Contractors Association (IMCA),SRC-IMCA-1106,https://www.imca-int.com/resources/safety/safety-flashes/1318-two-dropped-object-near-misses/,Missing physical document artifact in packaged repository (catalog metadata only),QUARANTINED_UNVERIFIED_ARTIFACT,Download original PDF/HTML from source URL and verify SHA-256,True
EVT-IMCA-1107,International Marine Contractors Association (IMCA),SRC-IMCA-1107,https://www.imca-int.com/resources/safety/safety-flashes/1318-msf-three-potential-near-misses-during-cargo-operations/,Missing physical document artifact in packaged repository (catalog metadata only),QUARANTINED_UNVERIFIED_ARTIFACT,Download original PDF/HTML from source URL and verify SHA-256,True
EVT-IMCA-1108,International Marine Contractors Association (IMCA),SRC-IMCA-1108,https://www.imca-int.com/resources/safety/safety-flashes/1218-uscg-the-role-of-main-propulsion-lube-oil-system-in-the-loss-of-the-el-faro/,Missing physical document artifact in packaged repository (catalog metadata only),QUARANTINED_UNVERIFIED_ARTIFACT,Download original PDF/HTML from source URL and verify SHA-256,True
EVT-IMCA-1109,International Marine Contractors Association (IMCA),SRC-IMCA-1109,https://www.imca-int.com/resources/safety/safety-flashes/1218-helicopter-navigation-experienced-magnetic-interference/,Missing physical document artifact in packaged repository (catalog metadata only),QUARANTINED_UNVERIFIED_ARTIFACT,Download original PDF/HTML from source URL and verify SHA-256,True
EVT-IMCA-1110,International Marine Contractors Association (IMCA),SRC-IMCA-1110,https://www.imca-int.com/resources/safety/safety-flashes/1218-unapproved-repair-of-diver-gas-supply-umbilical/,Missing physical document artifact in packaged repository (catalog metadata only),QUARANTINED_UNVERIFIED_ARTIFACT,Download original PDF/HTML from source URL and verify SHA-256,True
EVT-IMCA-1111,International Marine Contractors Association (IMCA),SRC-IMCA-1111,https://www.imca-int.com/resources/safety/safety-flashes/1218-accidental-drinking-of-thinners-stored-in-mineral-water-bottle/,Missing physical document artifact in packaged repository (catalog metadata only),QUARANTINED_UNVERIFIED_ARTIFACT,Download original PDF/HTML from source URL and verify SHA-256,True
EVT-IMCA-1112,International Marine Contractors Association (IMCA),SRC-IMCA-1112,https://www.imca-int.com/resources/safety/safety-flashes/1218-rodent-caused-short-circuiting-of-440v-bus-bar/,Missing physical document artifact in packaged repository (catalog metadata only),QUARANTINED_UNVERIFIED_ARTIFACT,Download original PDF/HTML from source URL and verify SHA-256,True
EVT-IMCA-1113,International Marine Contractors Association (IMCA),SRC-IMCA-1113,https://www.imca-int.com/resources/safety/safety-flashes/1218-recent-prosecutions-by-the-uk-hse/,Missing physical document artifact in packaged repository (catalog metadata only),QUARANTINED_UNVERIFIED_ARTIFACT,Download original PDF/HTML from source URL and verify SHA-256,True
EVT-IMCA-1114,International Marine Contractors Association (IMCA),SRC-IMCA-1114,https://www.imca-int.com/resources/safety/safety-flashes/1118-uncontrolled-movement-of-a-riser/,Missing physical document artifact in packaged repository (catalog metadata only),QUARANTINED_UNVERIFIED_ARTIFACT,Download original PDF/HTML from source URL and verify SHA-256,True
EVT-IMCA-1115,International Marine Contractors Association (IMCA),SRC-IMCA-1115,https://www.imca-int.com/resources/safety/safety-flashes/1118-high-potential-near-miss-worker-inadvertently-lifted-by-crane-marine-safety-forum/,Missing physical document artifact in packaged repository (catalog metadata only),QUARANTINED_UNVERIFIED_ARTIFACT,Download original PDF/HTML from source URL and verify SHA-256,True
EVT-IMCA-1116,International Marine Contractors Association (IMCA),SRC-IMCA-1116,https://www.imca-int.com/resources/safety/safety-flashes/1118-near-miss-potential-dropped-objects-on-temporary-buoy-modules-tbms/,Missing physical document artifact in packaged repository (catalog metadata only),QUARANTINED_UNVERIFIED_ARTIFACT,Download original PDF/HTML from source URL and verify SHA-256,True
EVT-IMCA-1117,International Marine Contractors Association (IMCA),SRC-IMCA-1117,https://www.imca-int.com/resources/safety/safety-flashes/1118-two-potential-dropped-objects-marine-safety-forum/,Missing physical document artifact in packaged repository (catalog metadata only),QUARANTINED_UNVERIFIED_ARTIFACT,Download original PDF/HTML from source URL and verify SHA-256,True
EVT-IMCA-1118,International Marine Contractors Association (IMCA),SRC-IMCA-1118,https://www.imca-int.com/resources/safety/safety-flashes/1018-incorrectly-selected-oxygen-welding-gas-hose-bursts-catches-fire/,Missing physical document artifact in packaged repository (catalog metadata only),QUARANTINED_UNVERIFIED_ARTIFACT,Download original PDF/HTML from source URL and verify SHA-256,True
EVT-IMCA-1119,International Marine Contractors Association (IMCA),SRC-IMCA-1119,https://www.imca-int.com/resources/safety/safety-flashes/1018-edges-and-ledges-a-slip-on-deck-resulted-in-injury/,Missing physical document artifact in packaged repository (catalog metadata only),QUARANTINED_UNVERIFIED_ARTIFACT,Download original PDF/HTML from source URL and verify SHA-256,True
EVT-IMCA-1120,International Marine Contractors Association (IMCA),SRC-IMCA-1120,https://www.imca-int.com/resources/safety/safety-flashes/1018-vessel-ran-aground-following-error-on-chart/,Missing physical document artifact in packaged repository (catalog metadata only),QUARANTINED_UNVERIFIED_ARTIFACT,Download original PDF/HTML from source URL and verify SHA-256,True
EVT-IMCA-1121,International Marine Contractors Association (IMCA),SRC-IMCA-1121,https://www.imca-int.com/resources/safety/safety-flashes/1018-vessel-made-contact-with-rig-legs/,Missing physical document artifact in packaged repository (catalog metadata only),QUARANTINED_UNVERIFIED_ARTIFACT,Download original PDF/HTML from source URL and verify SHA-256,True
EVT-IMCA-1122,International Marine Contractors Association (IMCA),SRC-IMCA-1122,https://www.imca-int.com/resources/safety/safety-flashes/1018-corrosion-cracking-of-strain-hardened-type-304-stainless-steel-bolts/,Missing physical document artifact in packaged repository (catalog metadata only),QUARANTINED_UNVERIFIED_ARTIFACT,Download original PDF/HTML from source URL and verify SHA-256,True
EVT-IMCA-1123,International Marine Contractors Association (IMCA),SRC-IMCA-1123,https://www.imca-int.com/resources/safety/safety-flashes/0918-dropped-object-intermediate-bulk-container-ibc/,Missing physical document artifact in packaged repository (catalog metadata only),QUARANTINED_UNVERIFIED_ARTIFACT,Download original PDF/HTML from source URL and verify SHA-256,True
EVT-IMCA-1124,International Marine Contractors Association (IMCA),SRC-IMCA-1124,https://www.imca-int.com/resources/safety/safety-flashes/0918-bsee-potentially-catastrophic-crane-and-lifting-incidents/,Missing physical document artifact in packaged repository (catalog metadata only),QUARANTINED_UNVERIFIED_ARTIFACT,Download original PDF/HTML from source URL and verify SHA-256,True
EVT-IMCA-1125,International Marine Contractors Association (IMCA),SRC-IMCA-1125,https://www.imca-int.com/resources/safety/safety-flashes/0918-worker-hit-by-steel-plate-falling-from-crane/,Missing physical document artifact in packaged repository (catalog metadata only),QUARANTINED_UNVERIFIED_ARTIFACT,Download original PDF/HTML from source URL and verify SHA-256,True
EVT-IMCA-1126,International Marine Contractors Association (IMCA),SRC-IMCA-1126,https://www.imca-int.com/resources/safety/safety-flashes/0918-missing-protection-cover-becomes-potential-dropped-object/,Missing physical document artifact in packaged repository (catalog metadata only),QUARANTINED_UNVERIFIED_ARTIFACT,Download original PDF/HTML from source URL and verify SHA-256,True
EVT-IMCA-1127,International Marine Contractors Association (IMCA),SRC-IMCA-1127,https://www.imca-int.com/resources/safety/safety-flashes/0918-load-fell-from-trailer-after-it-was-inadequately-secured/,Missing physical document artifact in packaged repository (catalog metadata only),QUARANTINED_UNVERIFIED_ARTIFACT,Download original PDF/HTML from source URL and verify SHA-256,True
EVT-IMCA-1128,International Marine Contractors Association (IMCA),SRC-IMCA-1128,https://www.imca-int.com/resources/safety/safety-flashes/0818-near-miss-diver-s-umbilical-snagged-by-work-basket-during-recovery-to-surface/,Missing physical document artifact in packaged repository (catalog metadata only),QUARANTINED_UNVERIFIED_ARTIFACT,Download original PDF/HTML from source URL and verify SHA-256,True
EVT-IMCA-1129,International Marine Contractors Association (IMCA),SRC-IMCA-1129,https://www.imca-int.com/resources/safety/safety-flashes/0818-rope-on-propeller-causing-partial-loss-of-propulsion/,Missing physical document artifact in packaged repository (catalog metadata only),QUARANTINED_UNVERIFIED_ARTIFACT,Download original PDF/HTML from source URL and verify SHA-256,True
EVT-IMCA-1130,International Marine Contractors Association (IMCA),SRC-IMCA-1130,https://www.imca-int.com/resources/safety/safety-flashes/0818-unsafe-attempt-of-personnel-transfer-between-vessels/,Missing physical document artifact in packaged repository (catalog metadata only),QUARANTINED_UNVERIFIED_ARTIFACT,Download original PDF/HTML from source URL and verify SHA-256,True
EVT-IMCA-1131,International Marine Contractors Association (IMCA),SRC-IMCA-1131,https://www.imca-int.com/resources/safety/safety-flashes/0818-port-company-fined-after-600kg-fibc-bag-falls-on-employee/,Missing physical document artifact in packaged repository (catalog metadata only),QUARANTINED_UNVERIFIED_ARTIFACT,Download original PDF/HTML from source URL and verify SHA-256,True
EVT-IMCA-1132,International Marine Contractors Association (IMCA),SRC-IMCA-1132,https://www.imca-int.com/resources/safety/safety-flashes/0818-finger-burnt-by-overheating-electrical-component/,Missing physical document artifact in packaged repository (catalog metadata only),QUARANTINED_UNVERIFIED_ARTIFACT,Download original PDF/HTML from source URL and verify SHA-256,True
EVT-IMCA-1133,International Marine Contractors Association (IMCA),SRC-IMCA-1133,https://www.imca-int.com/resources/safety/safety-flashes/0718-sustained-load-cracking-in-aluminium-cylinders-manufactured-from-aluminium-alloys-he30aa6082-and-aa6351/,Missing physical document artifact in packaged repository (catalog metadata only),QUARANTINED_UNVERIFIED_ARTIFACT,Download original PDF/HTML from source URL and verify SHA-256,True
EVT-IMCA-1134,International Marine Contractors Association (IMCA),SRC-IMCA-1134,https://www.imca-int.com/resources/safety/safety-flashes/0718-technical-service-bulletin-from-brocorankin-br22-plus-exothermic-cutting-torch/,Missing physical document artifact in packaged repository (catalog metadata only),QUARANTINED_UNVERIFIED_ARTIFACT,Download original PDF/HTML from source URL and verify SHA-256,True
EVT-IMCA-1135,International Marine Contractors Association (IMCA),SRC-IMCA-1135,https://www.imca-int.com/resources/safety/safety-flashes/0618-catastrophic-engine-failure-resulting-in-a-fire-on-a-crew-transfer-vessel/,Missing physical document artifact in packaged repository (catalog metadata only),QUARANTINED_UNVERIFIED_ARTIFACT,Download original PDF/HTML from source URL and verify SHA-256,True
EVT-IMCA-1136,International Marine Contractors Association (IMCA),SRC-IMCA-1136,https://www.imca-int.com/resources/safety/safety-flashes/0618-finger-injury-during-recovery-of-daughter-craft/,Missing physical document artifact in packaged repository (catalog metadata only),QUARANTINED_UNVERIFIED_ARTIFACT,Download original PDF/HTML from source URL and verify SHA-256,True
EVT-IMCA-1137,International Marine Contractors Association (IMCA),SRC-IMCA-1137,https://www.imca-int.com/resources/safety/safety-flashes/0618-workboat-failed-during-transfer-operations-due-to-fuel-contamination/,Missing physical document artifact in packaged repository (catalog metadata only),QUARANTINED_UNVERIFIED_ARTIFACT,Download original PDF/HTML from source URL and verify SHA-256,True
EVT-IMCA-1138,International Marine Contractors Association (IMCA),SRC-IMCA-1138,https://www.imca-int.com/resources/safety/safety-flashes/0618-vesselplatform-collision-mooring-bollard-broken-by-vessel/,Missing physical document artifact in packaged repository (catalog metadata only),QUARANTINED_UNVERIFIED_ARTIFACT,Download original PDF/HTML from source URL and verify SHA-256,True
EVT-IMCA-1139,International Marine Contractors Association (IMCA),SRC-IMCA-1139,https://www.imca-int.com/resources/safety/safety-flashes/0618-accidental-mixing-of-different-fuel-oils/,Missing physical document artifact in packaged repository (catalog metadata only),QUARANTINED_UNVERIFIED_ARTIFACT,Download original PDF/HTML from source URL and verify SHA-256,True
EVT-IMCA-1140,International Marine Contractors Association (IMCA),SRC-IMCA-1140,https://www.imca-int.com/resources/safety/safety-flashes/0618-unexpected-release-of-water-during-annual-maintenance-of-co2-fixed-firefighting-system/,Missing physical document artifact in packaged repository (catalog metadata only),QUARANTINED_UNVERIFIED_ARTIFACT,Download original PDF/HTML from source URL and verify SHA-256,True
EVT-IMCA-1141,International Marine Contractors Association (IMCA),SRC-IMCA-1141,https://www.imca-int.com/resources/safety/safety-flashes/0518-fatality-worker-crushed-between-two-items-of-moving-plant/,Missing physical document artifact in packaged repository (catalog metadata only),QUARANTINED_UNVERIFIED_ARTIFACT,Download original PDF/HTML from source URL and verify SHA-256,True
EVT-IMCA-1142,International Marine Contractors Association (IMCA),SRC-IMCA-1142,https://www.imca-int.com/resources/safety/safety-flashes/0518-worker-lost-his-leg-when-he-was-hit-by-a-forklift-truck-during-lifting-operations/,Missing physical document artifact in packaged repository (catalog metadata only),QUARANTINED_UNVERIFIED_ARTIFACT,Download original PDF/HTML from source URL and verify SHA-256,True
EVT-IMCA-1143,International Marine Contractors Association (IMCA),SRC-IMCA-1143,https://www.imca-int.com/resources/safety/safety-flashes/0518-worker-fatally-injured-in-falling-from-a-scissor-lift-platform-which-collided-with-another-vehicle/,Missing physical document artifact in packaged repository (catalog metadata only),QUARANTINED_UNVERIFIED_ARTIFACT,Download original PDF/HTML from source URL and verify SHA-256,True
EVT-IMCA-1144,International Marine Contractors Association (IMCA),SRC-IMCA-1144,https://www.imca-int.com/resources/safety/safety-flashes/0518-worker-struck-and-injured-by-tipper-truck/,Missing physical document artifact in packaged repository (catalog metadata only),QUARANTINED_UNVERIFIED_ARTIFACT,Download original PDF/HTML from source URL and verify SHA-256,True
EVT-IMCA-1145,International Marine Contractors Association (IMCA),SRC-IMCA-1145,https://www.imca-int.com/resources/safety/safety-flashes/0418-near-miss-potential-dropped-object-left-on-top-of-cargo/,Missing physical document artifact in packaged repository (catalog metadata only),QUARANTINED_UNVERIFIED_ARTIFACT,Download original PDF/HTML from source URL and verify SHA-256,True
EVT-IMCA-1146,International Marine Contractors Association (IMCA),SRC-IMCA-1146,https://www.imca-int.com/resources/safety/safety-flashes/0418-potential-dropped-objects-left-on-loaded-cargo/,Missing physical document artifact in packaged repository (catalog metadata only),QUARANTINED_UNVERIFIED_ARTIFACT,Download original PDF/HTML from source URL and verify SHA-256,True
EVT-IMCA-1147,International Marine Contractors Association (IMCA),SRC-IMCA-1147,https://www.imca-int.com/resources/safety/safety-flashes/0418-high-potential-near-miss-dropped-object-spark-arrestor/,Missing physical document artifact in packaged repository (catalog metadata only),QUARANTINED_UNVERIFIED_ARTIFACT,Download original PDF/HTML from source URL and verify SHA-256,True
EVT-IMCA-1148,International Marine Contractors Association (IMCA),SRC-IMCA-1148,https://www.imca-int.com/resources/safety/safety-flashes/0418-high-potential-dropped-object-satellite-dome-fell-from-mast/,Missing physical document artifact in packaged repository (catalog metadata only),QUARANTINED_UNVERIFIED_ARTIFACT,Download original PDF/HTML from source URL and verify SHA-256,True
EVT-IMCA-1149,International Marine Contractors Association (IMCA),SRC-IMCA-1149,https://www.imca-int.com/resources/safety/safety-flashes/0418-galvanic-corrosion-causes-dropped-object-satellite-dome-fell-from-mast/,Missing physical document artifact in packaged repository (catalog metadata only),QUARANTINED_UNVERIFIED_ARTIFACT,Download original PDF/HTML from source URL and verify SHA-256,True
EVT-IMCA-1150,International Marine Contractors Association (IMCA),SRC-IMCA-1150,https://www.imca-int.com/resources/safety/safety-flashes/0318-snapped-mooring-line/,Missing physical document artifact in packaged repository (catalog metadata only),QUARANTINED_UNVERIFIED_ARTIFACT,Download original PDF/HTML from source URL and verify SHA-256,True
EVT-IMCA-1151,International Marine Contractors Association (IMCA),SRC-IMCA-1151,https://www.imca-int.com/resources/safety/safety-flashes/0318-gangway-damaged-when-lifting-line-parted/,Missing physical document artifact in packaged repository (catalog metadata only),QUARANTINED_UNVERIFIED_ARTIFACT,Download original PDF/HTML from source URL and verify SHA-256,True
EVT-IMCA-1152,International Marine Contractors Association (IMCA),SRC-IMCA-1152,https://www.imca-int.com/resources/safety/safety-flashes/0318-fast-rescue-craft-damaged-by-inappropriate-use/,Missing physical document artifact in packaged repository (catalog metadata only),QUARANTINED_UNVERIFIED_ARTIFACT,Download original PDF/HTML from source URL and verify SHA-256,True
EVT-IMCA-1153,International Marine Contractors Association (IMCA),SRC-IMCA-1153,https://www.imca-int.com/resources/safety/safety-flashes/0318-inadequate-handling-and-storage-of-potentially-hazardous-substances/,Missing physical document artifact in packaged repository (catalog metadata only),QUARANTINED_UNVERIFIED_ARTIFACT,Download original PDF/HTML from source URL and verify SHA-256,True
EVT-IMCA-1154,International Marine Contractors Association (IMCA),SRC-IMCA-1154,https://www.imca-int.com/resources/safety/safety-flashes/0318-near-miss-potential-fire-in-the-laundry-room/,Missing physical document artifact in packaged repository (catalog metadata only),QUARANTINED_UNVERIFIED_ARTIFACT,Download original PDF/HTML from source URL and verify SHA-256,True
EVT-IMCA-1155,International Marine Contractors Association (IMCA),SRC-IMCA-1155,https://www.imca-int.com/resources/safety/safety-flashes/0318-fixed-co2-fire-extinguishing-systems-us-coast-guard-alert/,Missing physical document artifact in packaged repository (catalog metadata only),QUARANTINED_UNVERIFIED_ARTIFACT,Download original PDF/HTML from source URL and verify SHA-256,True
EVT-IMCA-1156,International Marine Contractors Association (IMCA),SRC-IMCA-1156,https://www.imca-int.com/resources/safety/safety-flashes/0218-lti-feet-trapped-in-motion-compensated-telescopic-gangway/,Missing physical document artifact in packaged repository (catalog metadata only),QUARANTINED_UNVERIFIED_ARTIFACT,Download original PDF/HTML from source URL and verify SHA-256,True
EVT-IMCA-1157,International Marine Contractors Association (IMCA),SRC-IMCA-1157,https://www.imca-int.com/resources/safety/safety-flashes/0218-lifeboat-damaged-during-deployment-drill/,Missing physical document artifact in packaged repository (catalog metadata only),QUARANTINED_UNVERIFIED_ARTIFACT,Download original PDF/HTML from source URL and verify SHA-256,True
EVT-IMCA-1158,International Marine Contractors Association (IMCA),SRC-IMCA-1158,https://www.imca-int.com/resources/safety/safety-flashes/0218-high-potential-near-miss-ab-slipped-over-the-side-during-mooring-operations/,Missing physical document artifact in packaged repository (catalog metadata only),QUARANTINED_UNVERIFIED_ARTIFACT,Download original PDF/HTML from source URL and verify SHA-256,True
EVT-IMCA-1159,International Marine Contractors Association (IMCA),SRC-IMCA-1159,https://www.imca-int.com/resources/safety/safety-flashes/0218-lti-finger-injury-while-using-safe-hands-tool/,Missing physical document artifact in packaged repository (catalog metadata only),QUARANTINED_UNVERIFIED_ARTIFACT,Download original PDF/HTML from source URL and verify SHA-256,True
EVT-IMCA-1160,International Marine Contractors Association (IMCA),SRC-IMCA-1160,https://www.imca-int.com/resources/safety/safety-flashes/0218-near-miss-potential-dropped-object-due-to-unsecured-door/,Missing physical document artifact in packaged repository (catalog metadata only),QUARANTINED_UNVERIFIED_ARTIFACT,Download original PDF/HTML from source URL and verify SHA-256,True
EVT-IMCA-1161,International Marine Contractors Association (IMCA),SRC-IMCA-1161,https://www.imca-int.com/resources/safety/safety-flashes/3217-load-exceeding-safe-working-load-swl-leads-to-overstressed-and-damaged-rigging/,Missing physical document artifact in packaged repository (catalog metadata only),QUARANTINED_UNVERIFIED_ARTIFACT,Download original PDF/HTML from source URL and verify SHA-256,True
EVT-IMCA-1162,International Marine Contractors Association (IMCA),SRC-IMCA-1162,https://www.imca-int.com/resources/safety/safety-flashes/3217-failure-of-steel-wire-sling/,Missing physical document artifact in packaged repository (catalog metadata only),QUARANTINED_UNVERIFIED_ARTIFACT,Download original PDF/HTML from source URL and verify SHA-256,True
EVT-IMCA-1163,International Marine Contractors Association (IMCA),SRC-IMCA-1163,https://www.imca-int.com/resources/safety/safety-flashes/3217-arm-injury-whilst-using-pillar-drill/,Missing physical document artifact in packaged repository (catalog metadata only),QUARANTINED_UNVERIFIED_ARTIFACT,Download original PDF/HTML from source URL and verify SHA-256,True
EVT-IMCA-1164,International Marine Contractors Association (IMCA),SRC-IMCA-1164,https://www.imca-int.com/resources/safety/safety-flashes/3217-finger-injury-while-using-a-crowbar-to-try-to-shift-a-large-shackle/,Missing physical document artifact in packaged repository (catalog metadata only),QUARANTINED_UNVERIFIED_ARTIFACT,Download original PDF/HTML from source URL and verify SHA-256,True
EVT-IMCA-1165,International Marine Contractors Association (IMCA),SRC-IMCA-1165,https://www.imca-int.com/resources/safety/safety-flashes/3217-unplanned-release-of-stored-energy-worker-struck-and-injured-by-tensioning-tool/,Missing physical document artifact in packaged repository (catalog metadata only),QUARANTINED_UNVERIFIED_ARTIFACT,Download original PDF/HTML from source URL and verify SHA-256,True
EVT-IMCA-1166,International Marine Contractors Association (IMCA),SRC-IMCA-1166,https://www.imca-int.com/resources/safety/safety-flashes/3217-near-miss-worker-temporarily-trapped-in-confined-space/,Missing physical document artifact in packaged repository (catalog metadata only),QUARANTINED_UNVERIFIED_ARTIFACT,Download original PDF/HTML from source URL and verify SHA-256,True
EVT-IMCA-1167,International Marine Contractors Association (IMCA),SRC-IMCA-1167,https://www.imca-int.com/resources/safety/safety-flashes/3117-potential-engine-room-flooding-maintenance-and-equipment-failure-issues-on-a-laid-up-vessel/,Missing physical document artifact in packaged repository (catalog metadata only),QUARANTINED_UNVERIFIED_ARTIFACT,Download original PDF/HTML from source URL and verify SHA-256,True
EVT-IMCA-1168,International Marine Contractors Association (IMCA),SRC-IMCA-1168,https://www.imca-int.com/resources/safety/safety-flashes/3117-bow-thruster-room-flooded-during-fresh-water-transfer-operation/,Missing physical document artifact in packaged repository (catalog metadata only),QUARANTINED_UNVERIFIED_ARTIFACT,Download original PDF/HTML from source URL and verify SHA-256,True
EVT-IMCA-1169,International Marine Contractors Association (IMCA),SRC-IMCA-1169,https://www.imca-int.com/resources/safety/safety-flashes/3117-lost-time-injury-person-slipped-on-the-stairs-and-broke-his-arm/,Missing physical document artifact in packaged repository (catalog metadata only),QUARANTINED_UNVERIFIED_ARTIFACT,Download original PDF/HTML from source URL and verify SHA-256,True
EVT-IMCA-1170,International Marine Contractors Association (IMCA),SRC-IMCA-1170,https://www.imca-int.com/resources/safety/safety-flashes/3117-fires-on-materials-made-of-fibre-reinforced-plastic-frp/,Missing physical document artifact in packaged repository (catalog metadata only),QUARANTINED_UNVERIFIED_ARTIFACT,Download original PDF/HTML from source URL and verify SHA-256,True
EVT-IMCA-1171,International Marine Contractors Association (IMCA),SRC-IMCA-1171,https://www.imca-int.com/resources/safety/safety-flashes/3117-two-cases-of-contaminated-drinking-water/,Missing physical document artifact in packaged repository (catalog metadata only),QUARANTINED_UNVERIFIED_ARTIFACT,Download original PDF/HTML from source URL and verify SHA-256,True
EVT-IMCA-1172,International Marine Contractors Association (IMCA),SRC-IMCA-1172,https://www.imca-int.com/resources/safety/safety-flashes/3017-self-employed-diver-sentenced-for-falsifying-diving-medical-certificate/,Missing physical document artifact in packaged repository (catalog metadata only),QUARANTINED_UNVERIFIED_ARTIFACT,Download original PDF/HTML from source URL and verify SHA-256,True
EVT-IMCA-1173,International Marine Contractors Association (IMCA),SRC-IMCA-1173,https://www.imca-int.com/resources/safety/safety-flashes/3017-worker-suffers-life-changing-injury-after-pressure-test-failure/,Missing physical document artifact in packaged repository (catalog metadata only),QUARANTINED_UNVERIFIED_ARTIFACT,Download original PDF/HTML from source URL and verify SHA-256,True
EVT-IMCA-1174,International Marine Contractors Association (IMCA),SRC-IMCA-1174,https://www.imca-int.com/resources/safety/safety-flashes/3017-four-hand-and-finger-injury-incidents/,Missing physical document artifact in packaged repository (catalog metadata only),QUARANTINED_UNVERIFIED_ARTIFACT,Download original PDF/HTML from source URL and verify SHA-256,True
EVT-IMCA-1175,International Marine Contractors Association (IMCA),SRC-IMCA-1175,https://www.imca-int.com/resources/safety/safety-flashes/3017-two-industrial-vehicle-incidents/,Missing physical document artifact in packaged repository (catalog metadata only),QUARANTINED_UNVERIFIED_ARTIFACT,Download original PDF/HTML from source URL and verify SHA-256,True
EVT-IMCA-1176,International Marine Contractors Association (IMCA),SRC-IMCA-1176,https://www.imca-int.com/resources/safety/safety-flashes/2917-uscg-remain-upright-by-fully-understanding-vessel-stability/,Missing physical document artifact in packaged repository (catalog metadata only),QUARANTINED_UNVERIFIED_ARTIFACT,Download original PDF/HTML from source URL and verify SHA-256,True
EVT-IMCA-1177,International Marine Contractors Association (IMCA),SRC-IMCA-1177,https://www.imca-int.com/resources/safety/safety-flashes/2917-dropped-object-window-fell-from-crane-cabin/,Missing physical document artifact in packaged repository (catalog metadata only),QUARANTINED_UNVERIFIED_ARTIFACT,Download original PDF/HTML from source URL and verify SHA-256,True
EVT-IMCA-1178,International Marine Contractors Association (IMCA),SRC-IMCA-1178,https://www.imca-int.com/resources/safety/safety-flashes/2917-unlabelled-containers-chemicals-stored-in-drinking-water-bottles/,Missing physical document artifact in packaged repository (catalog metadata only),QUARANTINED_UNVERIFIED_ARTIFACT,Download original PDF/HTML from source URL and verify SHA-256,True
EVT-IMCA-1179,International Marine Contractors Association (IMCA),SRC-IMCA-1179,https://www.imca-int.com/resources/safety/safety-flashes/2917-near-miss-water-bottles-reused-for-fuel-storage/,Missing physical document artifact in packaged repository (catalog metadata only),QUARANTINED_UNVERIFIED_ARTIFACT,Download original PDF/HTML from source URL and verify SHA-256,True
EVT-IMCA-1180,International Marine Contractors Association (IMCA),SRC-IMCA-1180,https://www.imca-int.com/resources/safety/safety-flashes/2817-km-37kss-helmet-neck-dam-near-miss/,Missing physical document artifact in packaged repository (catalog metadata only),QUARANTINED_UNVERIFIED_ARTIFACT,Download original PDF/HTML from source URL and verify SHA-256,True
EVT-IMCA-1181,International Marine Contractors Association (IMCA),SRC-IMCA-1181,https://www.imca-int.com/resources/safety/safety-flashes/2817-near-miss-worker-in-dockyard-almost-struck-by-a-cherry-picker-crane/,Missing physical document artifact in packaged repository (catalog metadata only),QUARANTINED_UNVERIFIED_ARTIFACT,Download original PDF/HTML from source URL and verify SHA-256,True
EVT-IMCA-1182,International Marine Contractors Association (IMCA),SRC-IMCA-1182,https://www.imca-int.com/resources/safety/safety-flashes/2817-finger-injury-during-work-with-rotating-machinery/,Missing physical document artifact in packaged repository (catalog metadata only),QUARANTINED_UNVERIFIED_ARTIFACT,Download original PDF/HTML from source URL and verify SHA-256,True
EVT-IMCA-1183,International Marine Contractors Association (IMCA),SRC-IMCA-1183,https://www.imca-int.com/resources/safety/safety-flashes/2817-lost-time-injury-lti-finger-injury-during-main-engine-exhaust-valve-overhaul/,Missing physical document artifact in packaged repository (catalog metadata only),QUARANTINED_UNVERIFIED_ARTIFACT,Download original PDF/HTML from source URL and verify SHA-256,True
EVT-IMCA-1184,International Marine Contractors Association (IMCA),SRC-IMCA-1184,https://www.imca-int.com/resources/safety/safety-flashes/2817-finger-injury-what-happens-when-you-don-t-use-the-right-tool-for-the-right-job/,Missing physical document artifact in packaged repository (catalog metadata only),QUARANTINED_UNVERIFIED_ARTIFACT,Download original PDF/HTML from source URL and verify SHA-256,True
EVT-IMCA-1185,International Marine Contractors Association (IMCA),SRC-IMCA-1185,https://www.imca-int.com/resources/safety/safety-flashes/2817-two-yard-based-fatal-road-traffic-accidents-uk-hse/,Missing physical document artifact in packaged repository (catalog metadata only),QUARANTINED_UNVERIFIED_ARTIFACT,Download original PDF/HTML from source URL and verify SHA-256,True
EVT-IMCA-1186,International Marine Contractors Association (IMCA),SRC-IMCA-1186,https://www.imca-int.com/resources/safety/safety-flashes/2917-loss-of-tow-and-subsequent-foundering-of-two-vessels/,Missing physical document artifact in packaged repository (catalog metadata only),QUARANTINED_UNVERIFIED_ARTIFACT,Download original PDF/HTML from source URL and verify SHA-256,True
EVT-IMCA-1187,International Marine Contractors Association (IMCA),SRC-IMCA-1187,https://www.imca-int.com/resources/safety/safety-flashes/2717-laptop-battery-fire/,Missing physical document artifact in packaged repository (catalog metadata only),QUARANTINED_UNVERIFIED_ARTIFACT,Download original PDF/HTML from source URL and verify SHA-256,True
EVT-IMCA-1188,International Marine Contractors Association (IMCA),SRC-IMCA-1188,https://www.imca-int.com/resources/safety/safety-flashes/2717-two-near-miss-incidents-with-a-risk-of-scalding/,Missing physical document artifact in packaged repository (catalog metadata only),QUARANTINED_UNVERIFIED_ARTIFACT,Download original PDF/HTML from source URL and verify SHA-256,True
EVT-IMCA-1189,International Marine Contractors Association (IMCA),SRC-IMCA-1189,https://www.imca-int.com/resources/safety/safety-flashes/2717-high-potential-dropped-object-near-miss-steel-ferrule-failure/,Missing physical document artifact in packaged repository (catalog metadata only),QUARANTINED_UNVERIFIED_ARTIFACT,Download original PDF/HTML from source URL and verify SHA-256,True
EVT-IMCA-1190,International Marine Contractors Association (IMCA),SRC-IMCA-1190,https://www.imca-int.com/resources/safety/safety-flashes/2717-a-structural-failure-leads-to-uncontrolled-motion-of-a-billy-pugh-basket-and-injuries-to-crew/,Missing physical document artifact in packaged repository (catalog metadata only),QUARANTINED_UNVERIFIED_ARTIFACT,Download original PDF/HTML from source URL and verify SHA-256,True
EVT-IMCA-1191,International Marine Contractors Association (IMCA),SRC-IMCA-1191,https://www.imca-int.com/resources/safety/safety-flashes/2717-safety-alert-regarding-the-product-eurogrit-asbestos-contamination/,Missing physical document artifact in packaged repository (catalog metadata only),QUARANTINED_UNVERIFIED_ARTIFACT,Download original PDF/HTML from source URL and verify SHA-256,True
EVT-IMCA-1192,International Marine Contractors Association (IMCA),SRC-IMCA-1192,https://www.imca-int.com/resources/safety/safety-flashes/2717-product-safety-retrofit-notice-mak-automated-flanged-valves-3-4-6-8-and-12-600/,Missing physical document artifact in packaged repository (catalog metadata only),QUARANTINED_UNVERIFIED_ARTIFACT,Download original PDF/HTML from source URL and verify SHA-256,True
EVT-IMCA-1193,International Marine Contractors Association (IMCA),SRC-IMCA-1193,https://www.imca-int.com/resources/safety/safety-flashes/2717-safety-features-of-the-siemens-maxum-edition-ii-gas-chromatograph/,Missing physical document artifact in packaged repository (catalog metadata only),QUARANTINED_UNVERIFIED_ARTIFACT,Download original PDF/HTML from source URL and verify SHA-256,True
EVT-IMCA-1194,International Marine Contractors Association (IMCA),SRC-IMCA-1194,https://www.imca-int.com/resources/safety/safety-flashes/2617-loss-of-sight-in-right-eye-misdiagnosis-of-illness/,Missing physical document artifact in packaged repository (catalog metadata only),QUARANTINED_UNVERIFIED_ARTIFACT,Download original PDF/HTML from source URL and verify SHA-256,True
EVT-IMCA-1195,International Marine Contractors Association (IMCA),SRC-IMCA-1195,https://www.imca-int.com/resources/safety/safety-flashes/2617-high-potential-dropped-object-near-miss-object-fell-from-cargo/,Missing physical document artifact in packaged repository (catalog metadata only),QUARANTINED_UNVERIFIED_ARTIFACT,Download original PDF/HTML from source URL and verify SHA-256,True
EVT-IMCA-1196,International Marine Contractors Association (IMCA),SRC-IMCA-1196,https://www.imca-int.com/resources/safety/safety-flashes/2617-pin-from-crane-block-sheave-guard-fell-25-m/,Missing physical document artifact in packaged repository (catalog metadata only),QUARANTINED_UNVERIFIED_ARTIFACT,Download original PDF/HTML from source URL and verify SHA-256,True
EVT-IMCA-1197,International Marine Contractors Association (IMCA),SRC-IMCA-1197,https://www.imca-int.com/resources/safety/safety-flashes/2617-stored-energy-near-miss-person-nearly-hit-by-equipment-caught-during-light-daughtercraft-operations/,Missing physical document artifact in packaged repository (catalog metadata only),QUARANTINED_UNVERIFIED_ARTIFACT,Download original PDF/HTML from source URL and verify SHA-256,True
EVT-IMCA-1198,International Marine Contractors Association (IMCA),SRC-IMCA-1198,https://www.imca-int.com/resources/safety/safety-flashes/2617-uk-hse-worker-loses-fingers-in-crush-injury-during-lifting-operations/,Missing physical document artifact in packaged repository (catalog metadata only),QUARANTINED_UNVERIFIED_ARTIFACT,Download original PDF/HTML from source URL and verify SHA-256,True
EVT-IMCA-1199,International Marine Contractors Association (IMCA),SRC-IMCA-1199,https://www.imca-int.com/resources/safety/safety-flashes/2617-us-coast-guard-safety-alert-0717-co2-hazards/,Missing physical document artifact in packaged repository (catalog metadata only),QUARANTINED_UNVERIFIED_ARTIFACT,Download original PDF/HTML from source URL and verify SHA-256,True
EVT-IMCA-1200,International Marine Contractors Association (IMCA),SRC-IMCA-1200,https://www.imca-int.com/resources/safety/safety-flashes/2517-fatality-crew-member-crushed-between-tms-and-snubber-ring/,Missing physical document artifact in packaged repository (catalog metadata only),QUARANTINED_UNVERIFIED_ARTIFACT,Download original PDF/HTML from source URL and verify SHA-256,True
EVT-IMCA-1201,International Marine Contractors Association (IMCA),SRC-IMCA-1201,https://www.imca-int.com/resources/safety/safety-flashes/2417-lost-time-injury-lti-loose-grating-fell-from-crane-a-man-fell-through-and-was-injured/,Missing physical document artifact in packaged repository (catalog metadata only),QUARANTINED_UNVERIFIED_ARTIFACT,Download original PDF/HTML from source URL and verify SHA-256,True
EVT-IMCA-1202,International Marine Contractors Association (IMCA),SRC-IMCA-1202,https://www.imca-int.com/resources/safety/safety-flashes/2417-near-miss-grating-dislodged-and-fell-leading-to-crewman-slipping/,Missing physical document artifact in packaged repository (catalog metadata only),QUARANTINED_UNVERIFIED_ARTIFACT,Download original PDF/HTML from source URL and verify SHA-256,True
EVT-IMCA-1203,International Marine Contractors Association (IMCA),SRC-IMCA-1203,https://www.imca-int.com/resources/safety/safety-flashes/2417-flooding-in-steering-gear-compartment/,Missing physical document artifact in packaged repository (catalog metadata only),QUARANTINED_UNVERIFIED_ARTIFACT,Download original PDF/HTML from source URL and verify SHA-256,True
EVT-IMCA-1204,International Marine Contractors Association (IMCA),SRC-IMCA-1204,https://www.imca-int.com/resources/safety/safety-flashes/2417-small-boat-deployment-near-miss-incident/,Missing physical document artifact in packaged repository (catalog metadata only),QUARANTINED_UNVERIFIED_ARTIFACT,Download original PDF/HTML from source URL and verify SHA-256,True
EVT-IMCA-1205,International Marine Contractors Association (IMCA),SRC-IMCA-1205,https://www.imca-int.com/resources/safety/safety-flashes/2417-fatality-overpressure-of-an-explosion-proof-enclosure/,Missing physical document artifact in packaged repository (catalog metadata only),QUARANTINED_UNVERIFIED_ARTIFACT,Download original PDF/HTML from source URL and verify SHA-256,True
EVT-IMCA-1206,International Marine Contractors Association (IMCA),SRC-IMCA-1206,https://www.imca-int.com/resources/safety/safety-flashes/2317-property-damage-platform-supply-vessel-collided-with-legs-of-jack-up-rig/,Missing physical document artifact in packaged repository (catalog metadata only),QUARANTINED_UNVERIFIED_ARTIFACT,Download original PDF/HTML from source URL and verify SHA-256,True
EVT-IMCA-1207,International Marine Contractors Association (IMCA),SRC-IMCA-1207,https://www.imca-int.com/resources/safety/safety-flashes/2317-two-near-misses-loads-fell-from-height-to-deck/,Missing physical document artifact in packaged repository (catalog metadata only),QUARANTINED_UNVERIFIED_ARTIFACT,Download original PDF/HTML from source URL and verify SHA-256,True
EVT-IMCA-1208,International Marine Contractors Association (IMCA),SRC-IMCA-1208,https://www.imca-int.com/resources/safety/safety-flashes/2317-failure-of-pipework-in-fuel-tanks/,Missing physical document artifact in packaged repository (catalog metadata only),QUARANTINED_UNVERIFIED_ARTIFACT,Download original PDF/HTML from source URL and verify SHA-256,True
EVT-IMCA-1209,International Marine Contractors Association (IMCA),SRC-IMCA-1209,https://www.imca-int.com/resources/safety/safety-flashes/2317-lost-time-injury-lti-finger-laceration-due-to-use-of-knife/,Missing physical document artifact in packaged repository (catalog metadata only),QUARANTINED_UNVERIFIED_ARTIFACT,Download original PDF/HTML from source URL and verify SHA-256,True
EVT-IMCA-1210,International Marine Contractors Association (IMCA),SRC-IMCA-1210,https://www.imca-int.com/resources/safety/safety-flashes/2317-crewman-got-cement-dust-in-his-eyes/,Missing physical document artifact in packaged repository (catalog metadata only),QUARANTINED_UNVERIFIED_ARTIFACT,Download original PDF/HTML from source URL and verify SHA-256,True
EVT-IMCA-1211,International Marine Contractors Association (IMCA),SRC-IMCA-1211,https://www.imca-int.com/resources/safety/safety-flashes/2217-counterfeit-training-certificates/,Missing physical document artifact in packaged repository (catalog metadata only),QUARANTINED_UNVERIFIED_ARTIFACT,Download original PDF/HTML from source URL and verify SHA-256,True
EVT-IMCA-1212,International Marine Contractors Association (IMCA),SRC-IMCA-1212,https://www.imca-int.com/resources/safety/safety-flashes/2217-passenger-safety-in-retrofitted-mini-vansbuses/,Missing physical document artifact in packaged repository (catalog metadata only),QUARANTINED_UNVERIFIED_ARTIFACT,Download original PDF/HTML from source URL and verify SHA-256,True
EVT-IMCA-1213,International Marine Contractors Association (IMCA),SRC-IMCA-1213,https://www.imca-int.com/resources/safety/safety-flashes/2217-worker-trapped-and-injured-by-reversing-vehicle/,Missing physical document artifact in packaged repository (catalog metadata only),QUARANTINED_UNVERIFIED_ARTIFACT,Download original PDF/HTML from source URL and verify SHA-256,True
EVT-IMCA-1214,International Marine Contractors Association (IMCA),SRC-IMCA-1214,https://www.imca-int.com/resources/safety/safety-flashes/2217-worker-was-injured-by-a-forklift-truck/,Missing physical document artifact in packaged repository (catalog metadata only),QUARANTINED_UNVERIFIED_ARTIFACT,Download original PDF/HTML from source URL and verify SHA-256,True
EVT-IMCA-1215,International Marine Contractors Association (IMCA),SRC-IMCA-1215,https://www.imca-int.com/resources/safety/safety-flashes/2217-worker-crushed-by-droppedfalling-object/,Missing physical document artifact in packaged repository (catalog metadata only),QUARANTINED_UNVERIFIED_ARTIFACT,Download original PDF/HTML from source URL and verify SHA-256,True
EVT-IMCA-1216,International Marine Contractors Association (IMCA),SRC-IMCA-1216,https://www.imca-int.com/resources/safety/safety-flashes/2117-dropped-object-near-miss-hammer-dropped-from-scaffolding/,Missing physical document artifact in packaged repository (catalog metadata only),QUARANTINED_UNVERIFIED_ARTIFACT,Download original PDF/HTML from source URL and verify SHA-256,True
EVT-IMCA-1217,International Marine Contractors Association (IMCA),SRC-IMCA-1217,https://www.imca-int.com/resources/safety/safety-flashes/2117-high-potential-near-miss-dropped-object-buffer-plate-fell-from-crane-boom/,Missing physical document artifact in packaged repository (catalog metadata only),QUARANTINED_UNVERIFIED_ARTIFACT,Download original PDF/HTML from source URL and verify SHA-256,True
EVT-IMCA-1218,International Marine Contractors Association (IMCA),SRC-IMCA-1218,https://www.imca-int.com/resources/safety/safety-flashes/2117-bunkering-hose-dropped-to-deck-incorrect-lifting-procedure/,Missing physical document artifact in packaged repository (catalog metadata only),QUARANTINED_UNVERIFIED_ARTIFACT,Download original PDF/HTML from source URL and verify SHA-256,True
EVT-IMCA-1219,International Marine Contractors Association (IMCA),SRC-IMCA-1219,https://www.imca-int.com/resources/safety/safety-flashes/2117-uncontrolled-movement-of-crane-block-and-pennant-during-lifting-operations-at-sea/,Missing physical document artifact in packaged repository (catalog metadata only),QUARANTINED_UNVERIFIED_ARTIFACT,Download original PDF/HTML from source URL and verify SHA-256,True
EVT-IMCA-1220,International Marine Contractors Association (IMCA),SRC-IMCA-1220,https://www.imca-int.com/resources/safety/safety-flashes/2117-high-potential-near-miss-slip-on-tag-line-during-crane-operations/,Missing physical document artifact in packaged repository (catalog metadata only),QUARANTINED_UNVERIFIED_ARTIFACT,Download original PDF/HTML from source URL and verify SHA-256,True
EVT-IMCA-1221,International Marine Contractors Association (IMCA),SRC-IMCA-1221,https://www.imca-int.com/resources/safety/safety-flashes/2117-fatality-during-unpacking-of-heavy-electrical-panel-equipment/,Missing physical document artifact in packaged repository (catalog metadata only),QUARANTINED_UNVERIFIED_ARTIFACT,Download original PDF/HTML from source URL and verify SHA-256,True
EVT-IMCA-1222,International Marine Contractors Association (IMCA),SRC-IMCA-1222,https://www.imca-int.com/resources/safety/safety-flashes/2017-power-loss-within-dive-control/,Missing physical document artifact in packaged repository (catalog metadata only),QUARANTINED_UNVERIFIED_ARTIFACT,Download original PDF/HTML from source URL and verify SHA-256,True
EVT-IMCA-1223,International Marine Contractors Association (IMCA),SRC-IMCA-1223,https://www.imca-int.com/resources/safety/safety-flashes/2017-incorrect-pressure-gauge-on-high-pressure-supply-line/,Missing physical document artifact in packaged repository (catalog metadata only),QUARANTINED_UNVERIFIED_ARTIFACT,Download original PDF/HTML from source URL and verify SHA-256,True
EVT-IMCA-1224,International Marine Contractors Association (IMCA),SRC-IMCA-1224,https://www.imca-int.com/resources/safety/safety-flashes/2017-oxygen-and-acetylene-hose-caught-fire/,Missing physical document artifact in packaged repository (catalog metadata only),QUARANTINED_UNVERIFIED_ARTIFACT,Download original PDF/HTML from source URL and verify SHA-256,True
EVT-IMCA-1225,International Marine Contractors Association (IMCA),SRC-IMCA-1225,https://www.imca-int.com/resources/safety/safety-flashes/2017-high-potential-near-miss-failure-of-valve-on-gas-bottle/,Missing physical document artifact in packaged repository (catalog metadata only),QUARANTINED_UNVERIFIED_ARTIFACT,Download original PDF/HTML from source URL and verify SHA-256,True
EVT-IMCA-1226,International Marine Contractors Association (IMCA),SRC-IMCA-1226,https://www.imca-int.com/resources/safety/safety-flashes/1917-lti-injury-to-right-wrist/,Missing physical document artifact in packaged repository (catalog metadata only),QUARANTINED_UNVERIFIED_ARTIFACT,Download original PDF/HTML from source URL and verify SHA-256,True
EVT-IMCA-1227,International Marine Contractors Association (IMCA),SRC-IMCA-1227,https://www.imca-int.com/resources/safety/safety-flashes/1917-lti-crush-injury-to-middle-and-index-finger/,Missing physical document artifact in packaged repository (catalog metadata only),QUARANTINED_UNVERIFIED_ARTIFACT,Download original PDF/HTML from source URL and verify SHA-256,True
EVT-IMCA-1228,International Marine Contractors Association (IMCA),SRC-IMCA-1228,https://www.imca-int.com/resources/safety/safety-flashes/1917-two-cases-of-hand-injuries-uk-hse/,Missing physical document artifact in packaged repository (catalog metadata only),QUARANTINED_UNVERIFIED_ARTIFACT,Download original PDF/HTML from source URL and verify SHA-256,True
EVT-IMCA-1229,International Marine Contractors Association (IMCA),SRC-IMCA-1229,https://www.imca-int.com/resources/safety/safety-flashes/1917-hand-injury-whilst-using-pillar-drill/,Missing physical document artifact in packaged repository (catalog metadata only),QUARANTINED_UNVERIFIED_ARTIFACT,Download original PDF/HTML from source URL and verify SHA-256,True
EVT-IMCA-1230,International Marine Contractors Association (IMCA),SRC-IMCA-1230,https://www.imca-int.com/resources/safety/safety-flashes/1817-high-potential-incident-fast-rescue-craft-capsized/,Missing physical document artifact in packaged repository (catalog metadata only),QUARANTINED_UNVERIFIED_ARTIFACT,Download original PDF/HTML from source URL and verify SHA-256,True
EVT-IMCA-1231,International Marine Contractors Association (IMCA),SRC-IMCA-1231,https://www.imca-int.com/resources/safety/safety-flashes/1817-painter-parted-during-small-boat-operations/,Missing physical document artifact in packaged repository (catalog metadata only),QUARANTINED_UNVERIFIED_ARTIFACT,Download original PDF/HTML from source URL and verify SHA-256,True
EVT-IMCA-1232,International Marine Contractors Association (IMCA),SRC-IMCA-1232,https://www.imca-int.com/resources/safety/safety-flashes/1817-near-miss-failure-of-subsea-lifting-equipment/,Missing physical document artifact in packaged repository (catalog metadata only),QUARANTINED_UNVERIFIED_ARTIFACT,Download original PDF/HTML from source URL and verify SHA-256,True
EVT-IMCA-1233,International Marine Contractors Association (IMCA),SRC-IMCA-1233,https://www.imca-int.com/resources/safety/safety-flashes/1817-near-miss-single-wire-strand-protruded-from-original-lay/,Missing physical document artifact in packaged repository (catalog metadata only),QUARANTINED_UNVERIFIED_ARTIFACT,Download original PDF/HTML from source URL and verify SHA-256,True
EVT-IMCA-1234,International Marine Contractors Association (IMCA),SRC-IMCA-1234,https://www.imca-int.com/resources/safety/safety-flashes/1817-parting-of-hawser-and-bulk-cargo-hose-during-tandem-mooring/,Missing physical document artifact in packaged repository (catalog metadata only),QUARANTINED_UNVERIFIED_ARTIFACT,Download original PDF/HTML from source URL and verify SHA-256,True
EVT-IMCA-1235,International Marine Contractors Association (IMCA),SRC-IMCA-1235,https://www.imca-int.com/resources/safety/safety-flashes/1817-unsafe-mooring-practices/,Missing physical document artifact in packaged repository (catalog metadata only),QUARANTINED_UNVERIFIED_ARTIFACT,Download original PDF/HTML from source URL and verify SHA-256,True
EVT-IMCA-1236,International Marine Contractors Association (IMCA),SRC-IMCA-1236,https://www.imca-int.com/resources/safety/safety-flashes/1717-fall-from-height-lti/,Missing physical document artifact in packaged repository (catalog metadata only),QUARANTINED_UNVERIFIED_ARTIFACT,Download original PDF/HTML from source URL and verify SHA-256,True
EVT-IMCA-1237,International Marine Contractors Association (IMCA),SRC-IMCA-1237,https://www.imca-int.com/resources/safety/safety-flashes/1717-fall-from-height-during-yard-visit/,Missing physical document artifact in packaged repository (catalog metadata only),QUARANTINED_UNVERIFIED_ARTIFACT,Download original PDF/HTML from source URL and verify SHA-256,True
EVT-IMCA-1238,International Marine Contractors Association (IMCA),SRC-IMCA-1238,https://www.imca-int.com/resources/safety/safety-flashes/1717-crewman-found-collapsed-seasickness/,Missing physical document artifact in packaged repository (catalog metadata only),QUARANTINED_UNVERIFIED_ARTIFACT,Download original PDF/HTML from source URL and verify SHA-256,True
EVT-IMCA-1239,International Marine Contractors Association (IMCA),SRC-IMCA-1239,https://www.imca-int.com/resources/safety/safety-flashes/1717-worker-fainted-and-was-injured-during-tanker-operations-in-a-tropical-climate/,Missing physical document artifact in packaged repository (catalog metadata only),QUARANTINED_UNVERIFIED_ARTIFACT,Download original PDF/HTML from source URL and verify SHA-256,True
EVT-IMCA-1240,International Marine Contractors Association (IMCA),SRC-IMCA-1240,https://www.imca-int.com/resources/safety/safety-flashes/1717-worker-suffers-hand-injury/,Missing physical document artifact in packaged repository (catalog metadata only),QUARANTINED_UNVERIFIED_ARTIFACT,Download original PDF/HTML from source URL and verify SHA-256,True
EVT-IMCA-1241,International Marine Contractors Association (IMCA),SRC-IMCA-1241,https://www.imca-int.com/resources/safety/safety-flashes/1717-worker-severely-burnt-following-oxygen-explosion/,Missing physical document artifact in packaged repository (catalog metadata only),QUARANTINED_UNVERIFIED_ARTIFACT,Download original PDF/HTML from source URL and verify SHA-256,True
EVT-IMCA-1242,International Marine Contractors Association (IMCA),SRC-IMCA-1242,https://www.imca-int.com/resources/safety/safety-flashes/1717-stored-energy-worker-scalded-when-hot-ash-dropped-into-water/,Missing physical document artifact in packaged repository (catalog metadata only),QUARANTINED_UNVERIFIED_ARTIFACT,Download original PDF/HTML from source URL and verify SHA-256,True
EVT-IMCA-1243,International Marine Contractors Association (IMCA),SRC-IMCA-1243,https://www.imca-int.com/resources/safety/safety-flashes/1617-lti-hand-injury-resulting-from-clothing-catching-on-door/,Missing physical document artifact in packaged repository (catalog metadata only),QUARANTINED_UNVERIFIED_ARTIFACT,Download original PDF/HTML from source URL and verify SHA-256,True
EVT-IMCA-1244,International Marine Contractors Association (IMCA),SRC-IMCA-1244,https://www.imca-int.com/resources/safety/safety-flashes/1617-lti-finger-injury-during-pilot-ladder-preparation/,Missing physical document artifact in packaged repository (catalog metadata only),QUARANTINED_UNVERIFIED_ARTIFACT,Download original PDF/HTML from source URL and verify SHA-256,True
EVT-IMCA-1245,International Marine Contractors Association (IMCA),SRC-IMCA-1245,https://www.imca-int.com/resources/safety/safety-flashes/1617-lti-crewman-burnt-in-fire-following-release-of-flammable-gas-from-hand-rail/,Missing physical document artifact in packaged repository (catalog metadata only),QUARANTINED_UNVERIFIED_ARTIFACT,Download original PDF/HTML from source URL and verify SHA-256,True
EVT-IMCA-1246,International Marine Contractors Association (IMCA),SRC-IMCA-1246,https://www.imca-int.com/resources/safety/safety-flashes/1617-fuel-spray-fire-deja-vu-prepare-and-prevent-it-from-happening-to-you/,Missing physical document artifact in packaged repository (catalog metadata only),QUARANTINED_UNVERIFIED_ARTIFACT,Download original PDF/HTML from source URL and verify SHA-256,True
EVT-IMCA-1247,International Marine Contractors Association (IMCA),SRC-IMCA-1247,https://www.imca-int.com/resources/safety/safety-flashes/1617-chemical-spill-leads-to-costly-deck-replacement/,Missing physical document artifact in packaged repository (catalog metadata only),QUARANTINED_UNVERIFIED_ARTIFACT,Download original PDF/HTML from source URL and verify SHA-256,True
EVT-IMCA-1248,International Marine Contractors Association (IMCA),SRC-IMCA-1248,https://www.imca-int.com/resources/safety/safety-flashes/1617-lti-burn-to-hand-while-working-in-laundry/,Missing physical document artifact in packaged repository (catalog metadata only),QUARANTINED_UNVERIFIED_ARTIFACT,Download original PDF/HTML from source URL and verify SHA-256,True
EVT-IMCA-1249,International Marine Contractors Association (IMCA),SRC-IMCA-1249,https://www.imca-int.com/resources/safety/safety-flashes/1517-equipment-failure-leading-to-crane-collapse/,Missing physical document artifact in packaged repository (catalog metadata only),QUARANTINED_UNVERIFIED_ARTIFACT,Download original PDF/HTML from source URL and verify SHA-256,True
EVT-IMCA-1250,International Marine Contractors Association (IMCA),SRC-IMCA-1250,https://www.imca-int.com/resources/safety/safety-flashes/1517-near-miss-fault-spotted-in-subsea-lifting-wire/,Missing physical document artifact in packaged repository (catalog metadata only),QUARANTINED_UNVERIFIED_ARTIFACT,Download original PDF/HTML from source URL and verify SHA-256,True
EVT-IMCA-1251,International Marine Contractors Association (IMCA),SRC-IMCA-1251,https://www.imca-int.com/resources/safety/safety-flashes/1517-high-potential-near-miss-mooring-rope-parted/,Missing physical document artifact in packaged repository (catalog metadata only),QUARANTINED_UNVERIFIED_ARTIFACT,Download original PDF/HTML from source URL and verify SHA-256,True
EVT-IMCA-1252,International Marine Contractors Association (IMCA),SRC-IMCA-1252,https://www.imca-int.com/resources/safety/safety-flashes/1517-collared-eyebolts-as-lifting-equipment/,Missing physical document artifact in packaged repository (catalog metadata only),QUARANTINED_UNVERIFIED_ARTIFACT,Download original PDF/HTML from source URL and verify SHA-256,True
EVT-IMCA-1253,International Marine Contractors Association (IMCA),SRC-IMCA-1253,https://www.imca-int.com/resources/safety/safety-flashes/1517-near-miss-snagged-lifting-bridle/,Missing physical document artifact in packaged repository (catalog metadata only),QUARANTINED_UNVERIFIED_ARTIFACT,Download original PDF/HTML from source URL and verify SHA-256,True
EVT-IMCA-1254,International Marine Contractors Association (IMCA),SRC-IMCA-1254,https://www.imca-int.com/resources/safety/safety-flashes/1417-near-misses-during-diving-operations/,Missing physical document artifact in packaged repository (catalog metadata only),QUARANTINED_UNVERIFIED_ARTIFACT,Download original PDF/HTML from source URL and verify SHA-256,True
EVT-IMCA-1255,International Marine Contractors Association (IMCA),SRC-IMCA-1255,https://www.imca-int.com/resources/safety/safety-flashes/1417-near-miss-broken-chain-on-self-propelled-hyperbaric-lifeboat-sphl-recovery-rigging/,Missing physical document artifact in packaged repository (catalog metadata only),QUARANTINED_UNVERIFIED_ARTIFACT,Download original PDF/HTML from source URL and verify SHA-256,True
EVT-IMCA-1256,International Marine Contractors Association (IMCA),SRC-IMCA-1256,https://www.imca-int.com/resources/safety/safety-flashes/1417-both-anchors-lost-due-to-chain-fouling/,Missing physical document artifact in packaged repository (catalog metadata only),QUARANTINED_UNVERIFIED_ARTIFACT,Download original PDF/HTML from source URL and verify SHA-256,True
EVT-IMCA-1257,International Marine Contractors Association (IMCA),SRC-IMCA-1257,https://www.imca-int.com/resources/safety/safety-flashes/1417-engine-room-emergency-hatch-damage/,Missing physical document artifact in packaged repository (catalog metadata only),QUARANTINED_UNVERIFIED_ARTIFACT,Download original PDF/HTML from source URL and verify SHA-256,True
EVT-IMCA-1258,International Marine Contractors Association (IMCA),SRC-IMCA-1258,https://www.imca-int.com/resources/safety/safety-flashes/1417-failure-of-casting-foundation-brackets-for-steering-gear/,Missing physical document artifact in packaged repository (catalog metadata only),QUARANTINED_UNVERIFIED_ARTIFACT,Download original PDF/HTML from source URL and verify SHA-256,True
EVT-IMCA-1259,International Marine Contractors Association (IMCA),SRC-IMCA-1259,https://www.imca-int.com/resources/safety/safety-flashes/1417-huge-leak-discovered-in-fresh-water-system/,Missing physical document artifact in packaged repository (catalog metadata only),QUARANTINED_UNVERIFIED_ARTIFACT,Download original PDF/HTML from source URL and verify SHA-256,True
EVT-IMCA-1260,International Marine Contractors Association (IMCA),SRC-IMCA-1260,https://www.imca-int.com/resources/safety/safety-flashes/1317-lti-finger-injury-sustained-handling-heavy-shackle-pin/,Missing physical document artifact in packaged repository (catalog metadata only),QUARANTINED_UNVERIFIED_ARTIFACT,Download original PDF/HTML from source URL and verify SHA-256,True
EVT-IMCA-1261,International Marine Contractors Association (IMCA),SRC-IMCA-1261,https://www.imca-int.com/resources/safety/safety-flashes/1317-person-accidentally-drank-hazardous-substance-unmarked-bottle/,Missing physical document artifact in packaged repository (catalog metadata only),QUARANTINED_UNVERIFIED_ARTIFACT,Download original PDF/HTML from source URL and verify SHA-256,True
EVT-IMCA-1262,International Marine Contractors Association (IMCA),SRC-IMCA-1262,https://www.imca-int.com/resources/safety/safety-flashes/1317-drill-bit-snapped-finger-injury-sustained/,Missing physical document artifact in packaged repository (catalog metadata only),QUARANTINED_UNVERIFIED_ARTIFACT,Download original PDF/HTML from source URL and verify SHA-256,True
EVT-IMCA-1263,International Marine Contractors Association (IMCA),SRC-IMCA-1263,https://www.imca-int.com/resources/safety/safety-flashes/1317-lti-tugger-winch-incident-msf/,Missing physical document artifact in packaged repository (catalog metadata only),QUARANTINED_UNVERIFIED_ARTIFACT,Download original PDF/HTML from source URL and verify SHA-256,True
EVT-IMCA-1264,International Marine Contractors Association (IMCA),SRC-IMCA-1264,https://www.imca-int.com/resources/safety/safety-flashes/1317-fatal-fall-aboard-the-tanker-marinor/,Missing physical document artifact in packaged repository (catalog metadata only),QUARANTINED_UNVERIFIED_ARTIFACT,Download original PDF/HTML from source URL and verify SHA-256,True
EVT-IMCA-1265,International Marine Contractors Association (IMCA),SRC-IMCA-1265,https://www.imca-int.com/resources/safety/safety-flashes/1217-how-ppe-works-fire-and-thermal-protection/,Missing physical document artifact in packaged repository (catalog metadata only),QUARANTINED_UNVERIFIED_ARTIFACT,Download original PDF/HTML from source URL and verify SHA-256,True
EVT-IMCA-1266,International Marine Contractors Association (IMCA),SRC-IMCA-1266,https://www.imca-int.com/resources/safety/safety-flashes/1217-galley-fire-failure-to-follow-stoveoven-installation-instructions/,Missing physical document artifact in packaged repository (catalog metadata only),QUARANTINED_UNVERIFIED_ARTIFACT,Download original PDF/HTML from source URL and verify SHA-256,True
EVT-IMCA-1267,International Marine Contractors Association (IMCA),SRC-IMCA-1267,https://www.imca-int.com/resources/safety/safety-flashes/1217-dangerous-modifications-found-within-a-gas-valve-unit-room/,Missing physical document artifact in packaged repository (catalog metadata only),QUARANTINED_UNVERIFIED_ARTIFACT,Download original PDF/HTML from source URL and verify SHA-256,True
EVT-IMCA-1268,International Marine Contractors Association (IMCA),SRC-IMCA-1268,https://www.imca-int.com/resources/safety/safety-flashes/1217-battery-fire/,Missing physical document artifact in packaged repository (catalog metadata only),QUARANTINED_UNVERIFIED_ARTIFACT,Download original PDF/HTML from source URL and verify SHA-256,True
EVT-IMCA-1269,International Marine Contractors Association (IMCA),SRC-IMCA-1269,https://www.imca-int.com/resources/safety/safety-flashes/1217-catastrophic-fire-and-explosion-on-nearby-vessel/,Missing physical document artifact in packaged repository (catalog metadata only),QUARANTINED_UNVERIFIED_ARTIFACT,Download original PDF/HTML from source URL and verify SHA-256,True
EVT-IMCA-1270,International Marine Contractors Association (IMCA),SRC-IMCA-1270,https://www.imca-int.com/resources/safety/safety-flashes/1217-near-miss-fire-hazard-from-leaking-fuel-supply-line/,Missing physical document artifact in packaged repository (catalog metadata only),QUARANTINED_UNVERIFIED_ARTIFACT,Download original PDF/HTML from source URL and verify SHA-256,True
EVT-IMCA-1271,International Marine Contractors Association (IMCA),SRC-IMCA-1271,https://www.imca-int.com/resources/safety/safety-flashes/1117-dropped-object-injury-equipment-shifted-when-it-was-incorrectly-unsecured/,Missing physical document artifact in packaged repository (catalog metadata only),QUARANTINED_UNVERIFIED_ARTIFACT,Download original PDF/HTML from source URL and verify SHA-256,True
EVT-IMCA-1272,International Marine Contractors Association (IMCA),SRC-IMCA-1272,https://www.imca-int.com/resources/safety/safety-flashes/1117-lti-as-a-result-of-a-load-dropped-from-lifting-magnet/,Missing physical document artifact in packaged repository (catalog metadata only),QUARANTINED_UNVERIFIED_ARTIFACT,Download original PDF/HTML from source URL and verify SHA-256,True
EVT-IMCA-1273,International Marine Contractors Association (IMCA),SRC-IMCA-1273,https://www.imca-int.com/resources/safety/safety-flashes/1117-dropped-object-lay-tower-adjuster-leg-pin/,Missing physical document artifact in packaged repository (catalog metadata only),QUARANTINED_UNVERIFIED_ARTIFACT,Download original PDF/HTML from source URL and verify SHA-256,True
EVT-IMCA-1274,International Marine Contractors Association (IMCA),SRC-IMCA-1274,https://www.imca-int.com/resources/safety/safety-flashes/1117-near-miss-multiple-potential-dropped-objects-discovered-during-loading-of-spooling-unit/,Missing physical document artifact in packaged repository (catalog metadata only),QUARANTINED_UNVERIFIED_ARTIFACT,Download original PDF/HTML from source URL and verify SHA-256,True
EVT-IMCA-1275,International Marine Contractors Association (IMCA),SRC-IMCA-1275,https://www.imca-int.com/resources/safety/safety-flashes/1117-high-potential-near-miss-incorrectly-secured-overhead-equipment/,Missing physical document artifact in packaged repository (catalog metadata only),QUARANTINED_UNVERIFIED_ARTIFACT,Download original PDF/HTML from source URL and verify SHA-256,True
EVT-IMCA-1276,International Marine Contractors Association (IMCA),SRC-IMCA-1276,https://www.imca-int.com/resources/safety/safety-flashes/1017-more-than-a-dropped-object-the-need-for-vigilance-during-cargo-operations/,Missing physical document artifact in packaged repository (catalog metadata only),QUARANTINED_UNVERIFIED_ARTIFACT,Download original PDF/HTML from source URL and verify SHA-256,True
EVT-IMCA-1277,International Marine Contractors Association (IMCA),SRC-IMCA-1277,https://www.imca-int.com/resources/safety/safety-flashes/1017-unsecured-cargo-inside-containers/,Missing physical document artifact in packaged repository (catalog metadata only),QUARANTINED_UNVERIFIED_ARTIFACT,Download original PDF/HTML from source URL and verify SHA-256,True
EVT-IMCA-1278,International Marine Contractors Association (IMCA),SRC-IMCA-1278,https://www.imca-int.com/resources/safety/safety-flashes/1017-damage-to-rescue-boat-during-lowering/,Missing physical document artifact in packaged repository (catalog metadata only),QUARANTINED_UNVERIFIED_ARTIFACT,Download original PDF/HTML from source URL and verify SHA-256,True
EVT-IMCA-1279,International Marine Contractors Association (IMCA),SRC-IMCA-1279,https://www.imca-int.com/resources/safety/safety-flashes/1017-near-miss-incorrect-rigging-of-life-raft-hydrostatic-release/,Missing physical document artifact in packaged repository (catalog metadata only),QUARANTINED_UNVERIFIED_ARTIFACT,Download original PDF/HTML from source URL and verify SHA-256,True
EVT-IMCA-1280,International Marine Contractors Association (IMCA),SRC-IMCA-1280,https://www.imca-int.com/resources/safety/safety-flashes/1017-line-parting-as-a-result-of-socket-failure-during-grapnel-operations/,Missing physical document artifact in packaged repository (catalog metadata only),QUARANTINED_UNVERIFIED_ARTIFACT,Download original PDF/HTML from source URL and verify SHA-256,True
EVT-IMCA-1281,International Marine Contractors Association (IMCA),SRC-IMCA-1281,https://www.imca-int.com/resources/safety/safety-flashes/1017-lti-contact-with-refrigerant-gas-causing-hand-injury/,Missing physical document artifact in packaged repository (catalog metadata only),QUARANTINED_UNVERIFIED_ARTIFACT,Download original PDF/HTML from source URL and verify SHA-256,True
EVT-IMCA-1282,International Marine Contractors Association (IMCA),SRC-IMCA-1282,https://www.imca-int.com/resources/safety/safety-flashes/0917-lost-time-injury-lti-deadman-anchor-dma-toppled-over-injuring-a-diver/,Missing physical document artifact in packaged repository (catalog metadata only),QUARANTINED_UNVERIFIED_ARTIFACT,Download original PDF/HTML from source URL and verify SHA-256,True
EVT-IMCA-1283,International Marine Contractors Association (IMCA),SRC-IMCA-1283,https://www.imca-int.com/resources/safety/safety-flashes/0917-diving-bell-tup-o-ring-seal-damage/,Missing physical document artifact in packaged repository (catalog metadata only),QUARANTINED_UNVERIFIED_ARTIFACT,Download original PDF/HTML from source URL and verify SHA-256,True
EVT-IMCA-1284,International Marine Contractors Association (IMCA),SRC-IMCA-1284,https://www.imca-int.com/resources/safety/safety-flashes/0917-diver-s-worksite-identification-errors/,Missing physical document artifact in packaged repository (catalog metadata only),QUARANTINED_UNVERIFIED_ARTIFACT,Download original PDF/HTML from source URL and verify SHA-256,True
EVT-IMCA-1285,International Marine Contractors Association (IMCA),SRC-IMCA-1285,https://www.imca-int.com/resources/safety/safety-flashes/0917-lti-leg-injury-caused-during-high-pressure-hp-water-jetting/,Missing physical document artifact in packaged repository (catalog metadata only),QUARANTINED_UNVERIFIED_ARTIFACT,Download original PDF/HTML from source URL and verify SHA-256,True
EVT-IMCA-1286,International Marine Contractors Association (IMCA),SRC-IMCA-1286,https://www.imca-int.com/resources/safety/safety-flashes/0917-near-miss-gas-release-from-subsea-pipeline/,Missing physical document artifact in packaged repository (catalog metadata only),QUARANTINED_UNVERIFIED_ARTIFACT,Download original PDF/HTML from source URL and verify SHA-256,True
EVT-IMCA-1287,International Marine Contractors Association (IMCA),SRC-IMCA-1287,https://www.imca-int.com/resources/safety/safety-flashes/0817-serious-finger-injury-procedures-during-engine-maintenance/,Missing physical document artifact in packaged repository (catalog metadata only),QUARANTINED_UNVERIFIED_ARTIFACT,Download original PDF/HTML from source URL and verify SHA-256,True
EVT-IMCA-1288,International Marine Contractors Association (IMCA),SRC-IMCA-1288,https://www.imca-int.com/resources/safety/safety-flashes/0817-eye-injury-crewman-got-something-in-his-eye-when-removing-his-ppe/,Missing physical document artifact in packaged repository (catalog metadata only),QUARANTINED_UNVERIFIED_ARTIFACT,Download original PDF/HTML from source URL and verify SHA-256,True
EVT-IMCA-1289,International Marine Contractors Association (IMCA),SRC-IMCA-1289,https://www.imca-int.com/resources/safety/safety-flashes/0817-lost-time-injury-lti-leg-injured-while-dealing-with-vent-flaps/,Missing physical document artifact in packaged repository (catalog metadata only),QUARANTINED_UNVERIFIED_ARTIFACT,Download original PDF/HTML from source URL and verify SHA-256,True
EVT-IMCA-1290,International Marine Contractors Association (IMCA),SRC-IMCA-1290,https://www.imca-int.com/resources/safety/safety-flashes/0717-maib-two-recent-vessel-collisions/,Missing physical document artifact in packaged repository (catalog metadata only),QUARANTINED_UNVERIFIED_ARTIFACT,Download original PDF/HTML from source URL and verify SHA-256,True
EVT-IMCA-1291,International Marine Contractors Association (IMCA),SRC-IMCA-1291,https://www.imca-int.com/resources/safety/safety-flashes/0717-vessel-mast-struck-bridge-equipment-damage/,Missing physical document artifact in packaged repository (catalog metadata only),QUARANTINED_UNVERIFIED_ARTIFACT,Download original PDF/HTML from source URL and verify SHA-256,True
EVT-IMCA-1292,International Marine Contractors Association (IMCA),SRC-IMCA-1292,https://www.imca-int.com/resources/safety/safety-flashes/0717-vessel-activities-near-platforms-two-incidents/,Missing physical document artifact in packaged repository (catalog metadata only),QUARANTINED_UNVERIFIED_ARTIFACT,Download original PDF/HTML from source URL and verify SHA-256,True
EVT-IMCA-1293,International Marine Contractors Association (IMCA),SRC-IMCA-1293,https://www.imca-int.com/resources/safety/safety-flashes/0717-step-change-cargo-operations-offshore-causing-damage/,Missing physical document artifact in packaged repository (catalog metadata only),QUARANTINED_UNVERIFIED_ARTIFACT,Download original PDF/HTML from source URL and verify SHA-256,True
EVT-IMCA-1294,International Marine Contractors Association (IMCA),SRC-IMCA-1294,https://www.imca-int.com/resources/safety/safety-flashes/0717-pilot-ladder-requirements/,Missing physical document artifact in packaged repository (catalog metadata only),QUARANTINED_UNVERIFIED_ARTIFACT,Download original PDF/HTML from source URL and verify SHA-256,True
EVT-IMCA-1295,International Marine Contractors Association (IMCA),SRC-IMCA-1295,https://www.imca-int.com/resources/safety/safety-flashes/0617-fire-in-the-deep-fat-fryer/,Missing physical document artifact in packaged repository (catalog metadata only),QUARANTINED_UNVERIFIED_ARTIFACT,Download original PDF/HTML from source URL and verify SHA-256,True
EVT-IMCA-1296,International Marine Contractors Association (IMCA),SRC-IMCA-1296,https://www.imca-int.com/resources/safety/safety-flashes/0617-near-miss-fire-hazard-arising-from-failed-fuel-pipe-connection/,Missing physical document artifact in packaged repository (catalog metadata only),QUARANTINED_UNVERIFIED_ARTIFACT,Download original PDF/HTML from source URL and verify SHA-256,True
EVT-IMCA-1297,International Marine Contractors Association (IMCA),SRC-IMCA-1297,https://www.imca-int.com/resources/safety/safety-flashes/0617-near-miss-fire-hazard-from-engine-room-equipment-failure/,Missing physical document artifact in packaged repository (catalog metadata only),QUARANTINED_UNVERIFIED_ARTIFACT,Download original PDF/HTML from source URL and verify SHA-256,True
EVT-IMCA-1298,International Marine Contractors Association (IMCA),SRC-IMCA-1298,https://www.imca-int.com/resources/safety/safety-flashes/0617-near-miss-emergency-fire-pump-could-not-be-started-from-the-bridge/,Missing physical document artifact in packaged repository (catalog metadata only),QUARANTINED_UNVERIFIED_ARTIFACT,Download original PDF/HTML from source URL and verify SHA-256,True
EVT-IMCA-1299,International Marine Contractors Association (IMCA),SRC-IMCA-1299,https://www.imca-int.com/resources/safety/safety-flashes/0517-clarification-from-nopsema-quality-assurance-of-diving-system-audits/,Missing physical document artifact in packaged repository (catalog metadata only),QUARANTINED_UNVERIFIED_ARTIFACT,Download original PDF/HTML from source URL and verify SHA-256,True
EVT-IMCA-1300,International Marine Contractors Association (IMCA),SRC-IMCA-1300,https://www.imca-int.com/resources/safety/safety-flashes/0517-near-miss-suspected-high-levels-of-co2-in-diver-breathing-gas/,Missing physical document artifact in packaged repository (catalog metadata only),QUARANTINED_UNVERIFIED_ARTIFACT,Download original PDF/HTML from source URL and verify SHA-256,True
EVT-IMCA-1301,International Marine Contractors Association (IMCA),SRC-IMCA-1301,https://www.imca-int.com/resources/safety/safety-flashes/0517-bailout-cylinder-and-pillar-valve-compatibility-failure/,Missing physical document artifact in packaged repository (catalog metadata only),QUARANTINED_UNVERIFIED_ARTIFACT,Download original PDF/HTML from source URL and verify SHA-256,True
EVT-IMCA-1302,International Marine Contractors Association (IMCA),SRC-IMCA-1302,https://www.imca-int.com/resources/safety/safety-flashes/0417-crewman-struck-and-injured-by-forklift-truck/,Missing physical document artifact in packaged repository (catalog metadata only),QUARANTINED_UNVERIFIED_ARTIFACT,Download original PDF/HTML from source URL and verify SHA-256,True
EVT-IMCA-1303,International Marine Contractors Association (IMCA),SRC-IMCA-1303,https://www.imca-int.com/resources/safety/safety-flashes/0417-two-falls-one-from-a-telehandler-in-a-shipyard-failure-to-think-through-risks/,Missing physical document artifact in packaged repository (catalog metadata only),QUARANTINED_UNVERIFIED_ARTIFACT,Download original PDF/HTML from source URL and verify SHA-256,True
EVT-IMCA-1304,International Marine Contractors Association (IMCA),SRC-IMCA-1304,https://www.imca-int.com/resources/safety/safety-flashes/0317-near-miss-unidentified-differential-pressure-led-to-diver-s-umbilical-getting-trapped/,Missing physical document artifact in packaged repository (catalog metadata only),QUARANTINED_UNVERIFIED_ARTIFACT,Download original PDF/HTML from source URL and verify SHA-256,True
EVT-IMCA-1305,International Marine Contractors Association (IMCA),SRC-IMCA-1305,https://www.imca-int.com/resources/safety/safety-flashes/0217-fatal-fall-from-height-during-cargo-operations-johanna-c/,Missing physical document artifact in packaged repository (catalog metadata only),QUARANTINED_UNVERIFIED_ARTIFACT,Download original PDF/HTML from source URL and verify SHA-256,True
EVT-IMCA-1306,International Marine Contractors Association (IMCA),SRC-IMCA-1306,https://www.imca-int.com/resources/safety/safety-flashes/0217-man-overboard-fatality-tragic-consequences-of-failing-to-follow-safety-procedures/,Missing physical document artifact in packaged repository (catalog metadata only),QUARANTINED_UNVERIFIED_ARTIFACT,Download original PDF/HTML from source URL and verify SHA-256,True
EVT-IMCA-1307,International Marine Contractors Association (IMCA),SRC-IMCA-1307,https://www.imca-int.com/resources/safety/safety-flashes/3516-fire-in-engine-room/,Missing physical document artifact in packaged repository (catalog metadata only),QUARANTINED_UNVERIFIED_ARTIFACT,Download original PDF/HTML from source URL and verify SHA-256,True
EVT-IMCA-1308,International Marine Contractors Association (IMCA),SRC-IMCA-1308,https://www.imca-int.com/resources/safety/safety-flashes/3516-awareness-co2-flooding-system-activation-points/,Missing physical document artifact in packaged repository (catalog metadata only),QUARANTINED_UNVERIFIED_ARTIFACT,Download original PDF/HTML from source URL and verify SHA-256,True
EVT-IMCA-1309,International Marine Contractors Association (IMCA),SRC-IMCA-1309,https://www.imca-int.com/resources/safety/safety-flashes/3516-corrosion-damage-failed-fire-hydrant/,Missing physical document artifact in packaged repository (catalog metadata only),QUARANTINED_UNVERIFIED_ARTIFACT,Download original PDF/HTML from source URL and verify SHA-256,True
EVT-IMCA-1310,International Marine Contractors Association (IMCA),SRC-IMCA-1310,https://www.imca-int.com/resources/safety/safety-flashes/3516-fuel-spill-during-in-port-bunkering/,Missing physical document artifact in packaged repository (catalog metadata only),QUARANTINED_UNVERIFIED_ARTIFACT,Download original PDF/HTML from source URL and verify SHA-256,True
EVT-IMCA-1311,International Marine Contractors Association (IMCA),SRC-IMCA-1311,https://www.imca-int.com/resources/safety/safety-flashes/3516-incidents-in-small-workboats-used-in-the-offshore-renewables-sector/,Missing physical document artifact in packaged repository (catalog metadata only),QUARANTINED_UNVERIFIED_ARTIFACT,Download original PDF/HTML from source URL and verify SHA-256,True
EVT-IMCA-1312,International Marine Contractors Association (IMCA),SRC-IMCA-1312,https://www.imca-int.com/resources/safety/safety-flashes/3516-first-aid-injury-person-scalded-by-steam-condensate/,Missing physical document artifact in packaged repository (catalog metadata only),QUARANTINED_UNVERIFIED_ARTIFACT,Download original PDF/HTML from source URL and verify SHA-256,True
EVT-IMCA-1313,International Marine Contractors Association (IMCA),SRC-IMCA-1313,https://www.imca-int.com/resources/safety/safety-flashes/3416-offshore-crane-safety-systems/,Missing physical document artifact in packaged repository (catalog metadata only),QUARANTINED_UNVERIFIED_ARTIFACT,Download original PDF/HTML from source URL and verify SHA-256,True
EVT-IMCA-1314,International Marine Contractors Association (IMCA),SRC-IMCA-1314,https://www.imca-int.com/resources/safety/safety-flashes/3316-vessel-made-contact-with-quay/,Missing physical document artifact in packaged repository (catalog metadata only),QUARANTINED_UNVERIFIED_ARTIFACT,Download original PDF/HTML from source URL and verify SHA-256,True
EVT-IMCA-1315,International Marine Contractors Association (IMCA),SRC-IMCA-1315,https://www.imca-int.com/resources/safety/safety-flashes/3316-near-miss-dropped-object-from-crane/,Missing physical document artifact in packaged repository (catalog metadata only),QUARANTINED_UNVERIFIED_ARTIFACT,Download original PDF/HTML from source URL and verify SHA-256,True
EVT-IMCA-1316,International Marine Contractors Association (IMCA),SRC-IMCA-1316,https://www.imca-int.com/resources/safety/safety-flashes/3316-fatalities-pipe-fell-from-skids/,Missing physical document artifact in packaged repository (catalog metadata only),QUARANTINED_UNVERIFIED_ARTIFACT,Download original PDF/HTML from source URL and verify SHA-256,True
EVT-IMCA-1317,International Marine Contractors Association (IMCA),SRC-IMCA-1317,https://www.imca-int.com/resources/safety/safety-flashes/3316-first-aid-injury-electric-shock/,Missing physical document artifact in packaged repository (catalog metadata only),QUARANTINED_UNVERIFIED_ARTIFACT,Download original PDF/HTML from source URL and verify SHA-256,True
EVT-IMCA-1318,International Marine Contractors Association (IMCA),SRC-IMCA-1318,https://www.imca-int.com/resources/safety/safety-flashes/3316-unsafe-boarding-of-vessels/,Missing physical document artifact in packaged repository (catalog metadata only),QUARANTINED_UNVERIFIED_ARTIFACT,Download original PDF/HTML from source URL and verify SHA-256,True
EVT-IMCA-1319,International Marine Contractors Association (IMCA),SRC-IMCA-1319,https://www.imca-int.com/resources/safety/safety-flashes/3316-injury-after-crewman-fell-downstairs-on-external-stairway/,Missing physical document artifact in packaged repository (catalog metadata only),QUARANTINED_UNVERIFIED_ARTIFACT,Download original PDF/HTML from source URL and verify SHA-256,True
EVT-IMCA-1320,International Marine Contractors Association (IMCA),SRC-IMCA-1320,https://www.imca-int.com/resources/safety/safety-flashes/3316-failure-to-report-hydraulic-leak-subsea/,Missing physical document artifact in packaged repository (catalog metadata only),QUARANTINED_UNVERIFIED_ARTIFACT,Download original PDF/HTML from source URL and verify SHA-256,True
EVT-IMCA-1321,International Marine Contractors Association (IMCA),SRC-IMCA-1321,https://www.imca-int.com/resources/safety/safety-flashes/3216-don-t-lose-your-tow-in-heavy-weather/,Missing physical document artifact in packaged repository (catalog metadata only),QUARANTINED_UNVERIFIED_ARTIFACT,Download original PDF/HTML from source URL and verify SHA-256,True
EVT-IMCA-1322,International Marine Contractors Association (IMCA),SRC-IMCA-1322,https://www.imca-int.com/resources/safety/safety-flashes/3216-be-alarmed-by-all-alarms/,Missing physical document artifact in packaged repository (catalog metadata only),QUARANTINED_UNVERIFIED_ARTIFACT,Download original PDF/HTML from source URL and verify SHA-256,True
EVT-IMCA-1323,International Marine Contractors Association (IMCA),SRC-IMCA-1323,https://www.imca-int.com/resources/safety/safety-flashes/3216-lifeboat-launch-capability-compromised/,Missing physical document artifact in packaged repository (catalog metadata only),QUARANTINED_UNVERIFIED_ARTIFACT,Download original PDF/HTML from source URL and verify SHA-256,True
EVT-IMCA-1324,International Marine Contractors Association (IMCA),SRC-IMCA-1324,https://www.imca-int.com/resources/safety/safety-flashes/3216-pallet-strop-hook-broke-and-hit-ab/,Missing physical document artifact in packaged repository (catalog metadata only),QUARANTINED_UNVERIFIED_ARTIFACT,Download original PDF/HTML from source URL and verify SHA-256,True
EVT-IMCA-1325,International Marine Contractors Association (IMCA),SRC-IMCA-1325,https://www.imca-int.com/resources/safety/safety-flashes/3216-person-hit-by-mudclay-during-anchor-handling-operations/,Missing physical document artifact in packaged repository (catalog metadata only),QUARANTINED_UNVERIFIED_ARTIFACT,Download original PDF/HTML from source URL and verify SHA-256,True
EVT-IMCA-1326,International Marine Contractors Association (IMCA),SRC-IMCA-1326,https://www.imca-int.com/resources/safety/safety-flashes/3416-dropped-object-near-miss-crane-rest-damage/,Missing physical document artifact in packaged repository (catalog metadata only),QUARANTINED_UNVERIFIED_ARTIFACT,Download original PDF/HTML from source URL and verify SHA-256,True
EVT-IMCA-1327,International Marine Contractors Association (IMCA),SRC-IMCA-1327,https://www.imca-int.com/resources/safety/safety-flashes/3416-near-miss-dropped-steel-plate/,Missing physical document artifact in packaged repository (catalog metadata only),QUARANTINED_UNVERIFIED_ARTIFACT,Download original PDF/HTML from source URL and verify SHA-256,True
EVT-IMCA-1328,International Marine Contractors Association (IMCA),SRC-IMCA-1328,https://www.imca-int.com/resources/safety/safety-flashes/3416-fatal-fall-from-height/,Missing physical document artifact in packaged repository (catalog metadata only),QUARANTINED_UNVERIFIED_ARTIFACT,Download original PDF/HTML from source URL and verify SHA-256,True
EVT-IMCA-1329,International Marine Contractors Association (IMCA),SRC-IMCA-1329,https://www.imca-int.com/resources/safety/safety-flashes/3416-high-potential-near-miss-failure-in-safety-gate/,Missing physical document artifact in packaged repository (catalog metadata only),QUARANTINED_UNVERIFIED_ARTIFACT,Download original PDF/HTML from source URL and verify SHA-256,True
EVT-IMCA-1330,International Marine Contractors Association (IMCA),SRC-IMCA-1330,https://www.imca-int.com/resources/safety/safety-flashes/3116-diver-loss-of-consciousness-during-underwater-burning-activities/,Missing physical document artifact in packaged repository (catalog metadata only),QUARANTINED_UNVERIFIED_ARTIFACT,Download original PDF/HTML from source URL and verify SHA-256,True
EVT-IMCA-1331,International Marine Contractors Association (IMCA),SRC-IMCA-1331,https://www.imca-int.com/resources/safety/safety-flashes/3116-hand-injury-during-diving-operations/,Missing physical document artifact in packaged repository (catalog metadata only),QUARANTINED_UNVERIFIED_ARTIFACT,Download original PDF/HTML from source URL and verify SHA-256,True
EVT-IMCA-1332,International Marine Contractors Association (IMCA),SRC-IMCA-1332,https://www.imca-int.com/resources/safety/safety-flashes/3116-near-miss-leopard-seal-interference-with-diver/,Missing physical document artifact in packaged repository (catalog metadata only),QUARANTINED_UNVERIFIED_ARTIFACT,Download original PDF/HTML from source URL and verify SHA-256,True
EVT-IMCA-1333,International Marine Contractors Association (IMCA),SRC-IMCA-1333,https://www.imca-int.com/resources/safety/safety-flashes/3116-correct-installation-methods-for-diving-umbilicals-and-hoses/,Missing physical document artifact in packaged repository (catalog metadata only),QUARANTINED_UNVERIFIED_ARTIFACT,Download original PDF/HTML from source URL and verify SHA-256,True
EVT-IMCA-1334,International Marine Contractors Association (IMCA),SRC-IMCA-1334,https://www.imca-int.com/resources/safety/safety-flashes/3116-sphl-battery-charging-build-up-of-hydrogen/,Missing physical document artifact in packaged repository (catalog metadata only),QUARANTINED_UNVERIFIED_ARTIFACT,Download original PDF/HTML from source URL and verify SHA-256,True
EVT-IMCA-1335,International Marine Contractors Association (IMCA),SRC-IMCA-1335,https://www.imca-int.com/resources/safety/safety-flashes/1013-fuel-oil-bunkering-safety/,Missing physical document artifact in packaged repository (catalog metadata only),QUARANTINED_UNVERIFIED_ARTIFACT,Download original PDF/HTML from source URL and verify SHA-256,True
EVT-IMCA-1336,International Marine Contractors Association (IMCA),SRC-IMCA-1336,https://www.imca-int.com/resources/safety/safety-flashes/3016-fatal-fall-from-tug-svitzer-moira/,Missing physical document artifact in packaged repository (catalog metadata only),QUARANTINED_UNVERIFIED_ARTIFACT,Download original PDF/HTML from source URL and verify SHA-256,True
EVT-IMCA-1337,International Marine Contractors Association (IMCA),SRC-IMCA-1337,https://www.imca-int.com/resources/safety/safety-flashes/3016-lti-eye-injury-following-incident-with-microwaved-food/,Missing physical document artifact in packaged repository (catalog metadata only),QUARANTINED_UNVERIFIED_ARTIFACT,Download original PDF/HTML from source URL and verify SHA-256,True
EVT-IMCA-1338,International Marine Contractors Association (IMCA),SRC-IMCA-1338,https://www.imca-int.com/resources/safety/safety-flashes/3016-scalding-injury-to-crew-member/,Missing physical document artifact in packaged repository (catalog metadata only),QUARANTINED_UNVERIFIED_ARTIFACT,Download original PDF/HTML from source URL and verify SHA-256,True
EVT-IMCA-1339,International Marine Contractors Association (IMCA),SRC-IMCA-1339,https://www.imca-int.com/resources/safety/safety-flashes/3016-near-miss-hose-parted/,Missing physical document artifact in packaged repository (catalog metadata only),QUARANTINED_UNVERIFIED_ARTIFACT,Download original PDF/HTML from source URL and verify SHA-256,True
EVT-IMCA-1340,International Marine Contractors Association (IMCA),SRC-IMCA-1340,https://www.imca-int.com/resources/safety/safety-flashes/3016-life-jacket-maintenance/,Missing physical document artifact in packaged repository (catalog metadata only),QUARANTINED_UNVERIFIED_ARTIFACT,Download original PDF/HTML from source URL and verify SHA-256,True
EVT-IMCA-1341,International Marine Contractors Association (IMCA),SRC-IMCA-1341,https://www.imca-int.com/resources/safety/safety-flashes/2916-spilt-acid-during-lifting-operations/,Missing physical document artifact in packaged repository (catalog metadata only),QUARANTINED_UNVERIFIED_ARTIFACT,Download original PDF/HTML from source URL and verify SHA-256,True
EVT-IMCA-1342,International Marine Contractors Association (IMCA),SRC-IMCA-1342,https://www.imca-int.com/resources/safety/safety-flashes/2916-crane-malfunction-during-lifting-operations/,Missing physical document artifact in packaged repository (catalog metadata only),QUARANTINED_UNVERIFIED_ARTIFACT,Download original PDF/HTML from source URL and verify SHA-256,True
EVT-IMCA-1343,International Marine Contractors Association (IMCA),SRC-IMCA-1343,https://www.imca-int.com/resources/safety/safety-flashes/2916-ccu-door-unlatched-whilst-being-lifted-from-psv-to-platform/,Missing physical document artifact in packaged repository (catalog metadata only),QUARANTINED_UNVERIFIED_ARTIFACT,Download original PDF/HTML from source URL and verify SHA-256,True
EVT-IMCA-1344,International Marine Contractors Association (IMCA),SRC-IMCA-1344,https://www.imca-int.com/resources/safety/safety-flashes/2916-able-seaman-injured-when-vessel-moved-during-cargo-operations/,Missing physical document artifact in packaged repository (catalog metadata only),QUARANTINED_UNVERIFIED_ARTIFACT,Download original PDF/HTML from source URL and verify SHA-256,True
EVT-IMCA-1345,International Marine Contractors Association (IMCA),SRC-IMCA-1345,https://www.imca-int.com/resources/safety/safety-flashes/2916-dropped-object-awareness/,Missing physical document artifact in packaged repository (catalog metadata only),QUARANTINED_UNVERIFIED_ARTIFACT,Download original PDF/HTML from source URL and verify SHA-256,True
EVT-IMCA-1346,International Marine Contractors Association (IMCA),SRC-IMCA-1346,https://www.imca-int.com/resources/safety/safety-flashes/2816-crewman-suffers-cut-to-hand-but-gloves-prevented-it-being-much-worse/,Missing physical document artifact in packaged repository (catalog metadata only),QUARANTINED_UNVERIFIED_ARTIFACT,Download original PDF/HTML from source URL and verify SHA-256,True
EVT-IMCA-1347,International Marine Contractors Association (IMCA),SRC-IMCA-1347,https://www.imca-int.com/resources/safety/safety-flashes/2816-line-of-fire-lti-finger-injury-during-lifting-operations/,Missing physical document artifact in packaged repository (catalog metadata only),QUARANTINED_UNVERIFIED_ARTIFACT,Download original PDF/HTML from source URL and verify SHA-256,True
EVT-IMCA-1348,International Marine Contractors Association (IMCA),SRC-IMCA-1348,https://www.imca-int.com/resources/safety/safety-flashes/2816-serious-finger-injury-during-valve-installation/,Missing physical document artifact in packaged repository (catalog metadata only),QUARANTINED_UNVERIFIED_ARTIFACT,Download original PDF/HTML from source URL and verify SHA-256,True
EVT-IMCA-1349,International Marine Contractors Association (IMCA),SRC-IMCA-1349,https://www.imca-int.com/resources/safety/safety-flashes/2816-unsafe-method-of-rope-work-resulted-in-severe-hand-injury/,Missing physical document artifact in packaged repository (catalog metadata only),QUARANTINED_UNVERIFIED_ARTIFACT,Download original PDF/HTML from source URL and verify SHA-256,True
EVT-IMCA-1350,International Marine Contractors Association (IMCA),SRC-IMCA-1350,https://www.imca-int.com/resources/safety/safety-flashes/2816-manufacturing-firm-fined-after-worker-s-arm-injured-in-roller/,Missing physical document artifact in packaged repository (catalog metadata only),QUARANTINED_UNVERIFIED_ARTIFACT,Download original PDF/HTML from source URL and verify SHA-256,True
EVT-IMCA-1351,International Marine Contractors Association (IMCA),SRC-IMCA-1351,https://www.imca-int.com/resources/safety/safety-flashes/2816-portable-grinders-hand-safety/,Missing physical document artifact in packaged repository (catalog metadata only),QUARANTINED_UNVERIFIED_ARTIFACT,Download original PDF/HTML from source URL and verify SHA-256,True
EVT-IMCA-1352,International Marine Contractors Association (IMCA),SRC-IMCA-1352,https://www.imca-int.com/resources/safety/safety-flashes/2716-near-miss-open-hatches-left-without-barriers/,Missing physical document artifact in packaged repository (catalog metadata only),QUARANTINED_UNVERIFIED_ARTIFACT,Download original PDF/HTML from source URL and verify SHA-256,True
EVT-IMCA-1353,International Marine Contractors Association (IMCA),SRC-IMCA-1353,https://www.imca-int.com/resources/safety/safety-flashes/2716-near-miss-person-almost-fell-from-height-during-anchor-chain-preparations/,Missing physical document artifact in packaged repository (catalog metadata only),QUARANTINED_UNVERIFIED_ARTIFACT,Download original PDF/HTML from source URL and verify SHA-256,True
EVT-IMCA-1354,International Marine Contractors Association (IMCA),SRC-IMCA-1354,https://www.imca-int.com/resources/safety/safety-flashes/2716-medical-treatment-person-fell-down-unprotected-hatch/,Missing physical document artifact in packaged repository (catalog metadata only),QUARANTINED_UNVERIFIED_ARTIFACT,Download original PDF/HTML from source URL and verify SHA-256,True
EVT-IMCA-1355,International Marine Contractors Association (IMCA),SRC-IMCA-1355,https://www.imca-int.com/resources/safety/safety-flashes/2716-dbi-sala-lad-saf-sleeve-stop-use-and-voluntary-recallreplacement/,Missing physical document artifact in packaged repository (catalog metadata only),QUARANTINED_UNVERIFIED_ARTIFACT,Download original PDF/HTML from source URL and verify SHA-256,True
EVT-IMCA-1356,International Marine Contractors Association (IMCA),SRC-IMCA-1356,https://www.imca-int.com/resources/safety/safety-flashes/2616-near-miss-release-of-trapped-pressure-after-rov-dive/,Missing physical document artifact in packaged repository (catalog metadata only),QUARANTINED_UNVERIFIED_ARTIFACT,Download original PDF/HTML from source URL and verify SHA-256,True
EVT-IMCA-1357,International Marine Contractors Association (IMCA),SRC-IMCA-1357,https://www.imca-int.com/resources/safety/safety-flashes/2616-failure-of-threads-follow-up-to-corrosion-coupon-plug-ejected-from-pressurized-pipeline/,Missing physical document artifact in packaged repository (catalog metadata only),QUARANTINED_UNVERIFIED_ARTIFACT,Download original PDF/HTML from source URL and verify SHA-256,True
EVT-IMCA-1358,International Marine Contractors Association (IMCA),SRC-IMCA-1358,https://www.imca-int.com/resources/safety/safety-flashes/2516-fire-fighting-water-jet-hits-antenna-failure-of-limits-stops-and-safeties/,Missing physical document artifact in packaged repository (catalog metadata only),QUARANTINED_UNVERIFIED_ARTIFACT,Download original PDF/HTML from source URL and verify SHA-256,True
EVT-IMCA-1359,International Marine Contractors Association (IMCA),SRC-IMCA-1359,https://www.imca-int.com/resources/safety/safety-flashes/2516-pp3-9v-battery-explosion/,Missing physical document artifact in packaged repository (catalog metadata only),QUARANTINED_UNVERIFIED_ARTIFACT,Download original PDF/HTML from source URL and verify SHA-256,True
EVT-IMCA-1360,International Marine Contractors Association (IMCA),SRC-IMCA-1360,https://www.imca-int.com/resources/safety/safety-flashes/2516-collision-between-vessels/,Missing physical document artifact in packaged repository (catalog metadata only),QUARANTINED_UNVERIFIED_ARTIFACT,Download original PDF/HTML from source URL and verify SHA-256,True
EVT-IMCA-1361,International Marine Contractors Association (IMCA),SRC-IMCA-1361,https://www.imca-int.com/resources/safety/safety-flashes/2516-high-potential-near-miss-incident-440v-cable-damaged-by-grinder/,Missing physical document artifact in packaged repository (catalog metadata only),QUARANTINED_UNVERIFIED_ARTIFACT,Download original PDF/HTML from source URL and verify SHA-256,True
EVT-IMCA-1362,International Marine Contractors Association (IMCA),SRC-IMCA-1362,https://www.imca-int.com/resources/safety/safety-flashes/2516-consequences-of-launching-a-drone-from-a-vessel-in-the-suez-canal/,Missing physical document artifact in packaged repository (catalog metadata only),QUARANTINED_UNVERIFIED_ARTIFACT,Download original PDF/HTML from source URL and verify SHA-256,True
EVT-IMCA-1363,International Marine Contractors Association (IMCA),SRC-IMCA-1363,https://www.imca-int.com/resources/safety/safety-flashes/2416-fatal-engine-room-fire-on-suction-dredger-arco-avon/,Missing physical document artifact in packaged repository (catalog metadata only),QUARANTINED_UNVERIFIED_ARTIFACT,Download original PDF/HTML from source URL and verify SHA-256,True
EVT-IMCA-1364,International Marine Contractors Association (IMCA),SRC-IMCA-1364,https://www.imca-int.com/resources/safety/safety-flashes/2416-near-miss-welding-in-no-hot-work-zone/,Missing physical document artifact in packaged repository (catalog metadata only),QUARANTINED_UNVERIFIED_ARTIFACT,Download original PDF/HTML from source URL and verify SHA-256,True
EVT-IMCA-1365,International Marine Contractors Association (IMCA),SRC-IMCA-1365,https://www.imca-int.com/resources/safety/safety-flashes/2416-fire-in-vessel-accommodation-overheating-notebook-computer/,Missing physical document artifact in packaged repository (catalog metadata only),QUARANTINED_UNVERIFIED_ARTIFACT,Download original PDF/HTML from source URL and verify SHA-256,True
EVT-IMCA-1366,International Marine Contractors Association (IMCA),SRC-IMCA-1366,https://www.imca-int.com/resources/safety/safety-flashes/2316-dropped-pallet-during-loading-of-stores/,Missing physical document artifact in packaged repository (catalog metadata only),QUARANTINED_UNVERIFIED_ARTIFACT,Download original PDF/HTML from source URL and verify SHA-256,True
EVT-IMCA-1367,International Marine Contractors Association (IMCA),SRC-IMCA-1367,https://www.imca-int.com/resources/safety/safety-flashes/2316-dropped-object-fell-from-crane-poor-communicationlack-of-awarenesscontrol-of-work/,Missing physical document artifact in packaged repository (catalog metadata only),QUARANTINED_UNVERIFIED_ARTIFACT,Download original PDF/HTML from source URL and verify SHA-256,True
EVT-IMCA-1368,International Marine Contractors Association (IMCA),SRC-IMCA-1368,https://www.imca-int.com/resources/safety/safety-flashes/2316-dropped-object-failure-of-split-head-elbow-on-bolts/,Missing physical document artifact in packaged repository (catalog metadata only),QUARANTINED_UNVERIFIED_ARTIFACT,Download original PDF/HTML from source URL and verify SHA-256,True
EVT-IMCA-1369,International Marine Contractors Association (IMCA),SRC-IMCA-1369,https://www.imca-int.com/resources/safety/safety-flashes/2316-working-at-height-use-of-wooden-handled-hammers/,Missing physical document artifact in packaged repository (catalog metadata only),QUARANTINED_UNVERIFIED_ARTIFACT,Download original PDF/HTML from source URL and verify SHA-256,True
EVT-IMCA-1370,International Marine Contractors Association (IMCA),SRC-IMCA-1370,https://www.imca-int.com/resources/safety/safety-flashes/2316-high-potential-near-miss-dropped-object/,Missing physical document artifact in packaged repository (catalog metadata only),QUARANTINED_UNVERIFIED_ARTIFACT,Download original PDF/HTML from source URL and verify SHA-256,True
EVT-IMCA-1371,International Marine Contractors Association (IMCA),SRC-IMCA-1371,https://www.imca-int.com/resources/safety/safety-flashes/2216-confined-space-fatality-sharp-lady/,Missing physical document artifact in packaged repository (catalog metadata only),QUARANTINED_UNVERIFIED_ARTIFACT,Download original PDF/HTML from source URL and verify SHA-256,True
EVT-IMCA-1372,International Marine Contractors Association (IMCA),SRC-IMCA-1372,https://www.imca-int.com/resources/safety/safety-flashes/2216-near-miss-during-cable-handling-standing-in-the-bight/,Missing physical document artifact in packaged repository (catalog metadata only),QUARANTINED_UNVERIFIED_ARTIFACT,Download original PDF/HTML from source URL and verify SHA-256,True
EVT-IMCA-1373,International Marine Contractors Association (IMCA),SRC-IMCA-1373,https://www.imca-int.com/resources/safety/safety-flashes/2216-potential-dropped-object-during-cargo-offloading-operations/,Missing physical document artifact in packaged repository (catalog metadata only),QUARANTINED_UNVERIFIED_ARTIFACT,Download original PDF/HTML from source URL and verify SHA-256,True
EVT-IMCA-1374,International Marine Contractors Association (IMCA),SRC-IMCA-1374,https://www.imca-int.com/resources/safety/safety-flashes/2216-lifting-bridle-snagged-failure-to-stop-the-job/,Missing physical document artifact in packaged repository (catalog metadata only),QUARANTINED_UNVERIFIED_ARTIFACT,Download original PDF/HTML from source URL and verify SHA-256,True
EVT-IMCA-1375,International Marine Contractors Association (IMCA),SRC-IMCA-1375,https://www.imca-int.com/resources/safety/safety-flashes/2216-crewman-badly-scalded-during-tank-cleaning/,Missing physical document artifact in packaged repository (catalog metadata only),QUARANTINED_UNVERIFIED_ARTIFACT,Download original PDF/HTML from source URL and verify SHA-256,True
EVT-IMCA-1376,International Marine Contractors Association (IMCA),SRC-IMCA-1376,https://www.imca-int.com/resources/safety/safety-flashes/2116-proper-care-of-oxy-acetylene-cutting-and-welding-equipment/,Missing physical document artifact in packaged repository (catalog metadata only),QUARANTINED_UNVERIFIED_ARTIFACT,Download original PDF/HTML from source URL and verify SHA-256,True
EVT-IMCA-1377,International Marine Contractors Association (IMCA),SRC-IMCA-1377,https://www.imca-int.com/resources/safety/safety-flashes/2116-mast-head-securing-wire-parted/,Missing physical document artifact in packaged repository (catalog metadata only),QUARANTINED_UNVERIFIED_ARTIFACT,Download original PDF/HTML from source URL and verify SHA-256,True
EVT-IMCA-1378,International Marine Contractors Association (IMCA),SRC-IMCA-1378,https://www.imca-int.com/resources/safety/safety-flashes/2116-lifting-sling-failure-on-freefall-lifeboat/,Missing physical document artifact in packaged repository (catalog metadata only),QUARANTINED_UNVERIFIED_ARTIFACT,Download original PDF/HTML from source URL and verify SHA-256,True
EVT-IMCA-1379,International Marine Contractors Association (IMCA),SRC-IMCA-1379,https://www.imca-int.com/resources/safety/safety-flashes/2116-hyperbaric-lifeboat-emergency-lifting-chain-link-failure/,Missing physical document artifact in packaged repository (catalog metadata only),QUARANTINED_UNVERIFIED_ARTIFACT,Download original PDF/HTML from source URL and verify SHA-256,True
EVT-IMCA-1380,International Marine Contractors Association (IMCA),SRC-IMCA-1380,https://www.imca-int.com/resources/safety/safety-flashes/2116-load-chain-failure-owing-to-corrosion/,Missing physical document artifact in packaged repository (catalog metadata only),QUARANTINED_UNVERIFIED_ARTIFACT,Download original PDF/HTML from source URL and verify SHA-256,True
EVT-IMCA-1381,International Marine Contractors Association (IMCA),SRC-IMCA-1381,https://www.imca-int.com/resources/safety/safety-flashes/2016-near-miss-unintentional-release-of-diving-helmet-neck-damhelmet-securing-arrangements/,Missing physical document artifact in packaged repository (catalog metadata only),QUARANTINED_UNVERIFIED_ARTIFACT,Download original PDF/HTML from source URL and verify SHA-256,True
EVT-IMCA-1382,International Marine Contractors Association (IMCA),SRC-IMCA-1382,https://www.imca-int.com/resources/safety/safety-flashes/2016-unintentional-release-of-diving-helmet-neck-damhelmet-securing-arrangements/,Missing physical document artifact in packaged repository (catalog metadata only),QUARANTINED_UNVERIFIED_ARTIFACT,Download original PDF/HTML from source URL and verify SHA-256,True
EVT-IMCA-1383,International Marine Contractors Association (IMCA),SRC-IMCA-1383,https://www.imca-int.com/resources/safety/safety-flashes/2016-fatal-diver-incident-due-to-uncontrolled-differential-pressure/,Missing physical document artifact in packaged repository (catalog metadata only),QUARANTINED_UNVERIFIED_ARTIFACT,Download original PDF/HTML from source URL and verify SHA-256,True
EVT-IMCA-1384,International Marine Contractors Association (IMCA),SRC-IMCA-1384,https://www.imca-int.com/resources/safety/safety-flashes/2016-loss-of-3-tonne-lift-bags-owing-to-equipment-failure/,Missing physical document artifact in packaged repository (catalog metadata only),QUARANTINED_UNVERIFIED_ARTIFACT,Download original PDF/HTML from source URL and verify SHA-256,True
EVT-IMCA-1385,International Marine Contractors Association (IMCA),SRC-IMCA-1385,https://www.imca-int.com/resources/safety/safety-flashes/1916-injury-caused-by-shifting-load-of-pipes/,Missing physical document artifact in packaged repository (catalog metadata only),QUARANTINED_UNVERIFIED_ARTIFACT,Download original PDF/HTML from source URL and verify SHA-256,True
EVT-IMCA-1386,International Marine Contractors Association (IMCA),SRC-IMCA-1386,https://www.imca-int.com/resources/safety/safety-flashes/1916-lost-time-injury-lti-loss-of-end-of-thumb/,Missing physical document artifact in packaged repository (catalog metadata only),QUARANTINED_UNVERIFIED_ARTIFACT,Download original PDF/HTML from source URL and verify SHA-256,True
EVT-IMCA-1387,International Marine Contractors Association (IMCA),SRC-IMCA-1387,https://www.imca-int.com/resources/safety/safety-flashes/1916-routine-task-non-routine-result-a-fall-from-a-crane-ladder-leads-to-an-lti/,Missing physical document artifact in packaged repository (catalog metadata only),QUARANTINED_UNVERIFIED_ARTIFACT,Download original PDF/HTML from source URL and verify SHA-256,True
EVT-IMCA-1388,International Marine Contractors Association (IMCA),SRC-IMCA-1388,https://www.imca-int.com/resources/safety/safety-flashes/1916-restricted-work-case-rwc-injury-to-eye-during-deck-washing/,Missing physical document artifact in packaged repository (catalog metadata only),QUARANTINED_UNVERIFIED_ARTIFACT,Download original PDF/HTML from source URL and verify SHA-256,True
EVT-IMCA-1389,International Marine Contractors Association (IMCA),SRC-IMCA-1389,https://www.imca-int.com/resources/safety/safety-flashes/1916-worker-seriously-injured-when-1-tonne-load-fell-on-him/,Missing physical document artifact in packaged repository (catalog metadata only),QUARANTINED_UNVERIFIED_ARTIFACT,Download original PDF/HTML from source URL and verify SHA-256,True
EVT-IMCA-1390,International Marine Contractors Association (IMCA),SRC-IMCA-1390,https://www.imca-int.com/resources/safety/safety-flashes/1816-stored-pressure-near-miss-buckle-detector-expelled-from-pipe-during-recovery/,Missing physical document artifact in packaged repository (catalog metadata only),QUARANTINED_UNVERIFIED_ARTIFACT,Download original PDF/HTML from source URL and verify SHA-256,True
EVT-IMCA-1391,International Marine Contractors Association (IMCA),SRC-IMCA-1391,https://www.imca-int.com/resources/safety/safety-flashes/1816-stored-pressure-release-near-miss-small-part-expelled-from-hydraulic-winch/,Missing physical document artifact in packaged repository (catalog metadata only),QUARANTINED_UNVERIFIED_ARTIFACT,Download original PDF/HTML from source URL and verify SHA-256,True
EVT-IMCA-1392,International Marine Contractors Association (IMCA),SRC-IMCA-1392,https://www.imca-int.com/resources/safety/safety-flashes/1816-stored-pressure-corrosion-coupon-plug-ejected-from-pressurised-pipeline/,Missing physical document artifact in packaged repository (catalog metadata only),QUARANTINED_UNVERIFIED_ARTIFACT,Download original PDF/HTML from source URL and verify SHA-256,True
EVT-IMCA-1393,International Marine Contractors Association (IMCA),SRC-IMCA-1393,https://www.imca-int.com/resources/safety/safety-flashes/1816-minor-fuel-spill-during-offshore-transfer/,Missing physical document artifact in packaged repository (catalog metadata only),QUARANTINED_UNVERIFIED_ARTIFACT,Download original PDF/HTML from source URL and verify SHA-256,True
EVT-IMCA-1394,International Marine Contractors Association (IMCA),SRC-IMCA-1394,https://www.imca-int.com/resources/safety/safety-flashes/1816-accidental-discharge-of-bilge-water-in-dry-dock/,Missing physical document artifact in packaged repository (catalog metadata only),QUARANTINED_UNVERIFIED_ARTIFACT,Download original PDF/HTML from source URL and verify SHA-256,True
EVT-IMCA-1395,International Marine Contractors Association (IMCA),SRC-IMCA-1395,https://www.imca-int.com/resources/safety/safety-flashes/1716-near-miss-cargo-shifted-in-heavy-seas-whilst-alongside-platform/,Missing physical document artifact in packaged repository (catalog metadata only),QUARANTINED_UNVERIFIED_ARTIFACT,Download original PDF/HTML from source URL and verify SHA-256,True
EVT-IMCA-1396,International Marine Contractors Association (IMCA),SRC-IMCA-1396,https://www.imca-int.com/resources/safety/safety-flashes/1716-mooring-rope-fouled-the-propeller-and-parted/,Missing physical document artifact in packaged repository (catalog metadata only),QUARANTINED_UNVERIFIED_ARTIFACT,Download original PDF/HTML from source URL and verify SHA-256,True
EVT-IMCA-1397,International Marine Contractors Association (IMCA),SRC-IMCA-1397,https://www.imca-int.com/resources/safety/safety-flashes/1716-collision-whilst-drifting/,Missing physical document artifact in packaged repository (catalog metadata only),QUARANTINED_UNVERIFIED_ARTIFACT,Download original PDF/HTML from source URL and verify SHA-256,True
EVT-IMCA-1398,International Marine Contractors Association (IMCA),SRC-IMCA-1398,https://www.imca-int.com/resources/safety/safety-flashes/1716-platform-supply-vessel-involved-in-a-near-miss-whilst-on-location/,Missing physical document artifact in packaged repository (catalog metadata only),QUARANTINED_UNVERIFIED_ARTIFACT,Download original PDF/HTML from source URL and verify SHA-256,True
EVT-IMCA-1399,International Marine Contractors Association (IMCA),SRC-IMCA-1399,https://www.imca-int.com/resources/safety/safety-flashes/1716-near-miss-bilge-cover-left-open/,Missing physical document artifact in packaged repository (catalog metadata only),QUARANTINED_UNVERIFIED_ARTIFACT,Download original PDF/HTML from source URL and verify SHA-256,True
EVT-IMCA-1400,International Marine Contractors Association (IMCA),SRC-IMCA-1400,https://www.imca-int.com/resources/safety/safety-flashes/1716-product-awareness-orange-smoke-hand-distress-signal/,Missing physical document artifact in packaged repository (catalog metadata only),QUARANTINED_UNVERIFIED_ARTIFACT,Download original PDF/HTML from source URL and verify SHA-256,True
EVT-IMCA-1401,International Marine Contractors Association (IMCA),SRC-IMCA-1401,https://www.imca-int.com/resources/safety/safety-flashes/1616-dropped-object-signage-dropped-from-crane-boom/,Missing physical document artifact in packaged repository (catalog metadata only),QUARANTINED_UNVERIFIED_ARTIFACT,Download original PDF/HTML from source URL and verify SHA-256,True
EVT-IMCA-1402,International Marine Contractors Association (IMCA),SRC-IMCA-1402,https://www.imca-int.com/resources/safety/safety-flashes/1616-high-potential-near-miss-damage-to-small-boat-during-offshore-survey-operations/,Missing physical document artifact in packaged repository (catalog metadata only),QUARANTINED_UNVERIFIED_ARTIFACT,Download original PDF/HTML from source URL and verify SHA-256,True
EVT-IMCA-1403,International Marine Contractors Association (IMCA),SRC-IMCA-1403,https://www.imca-int.com/resources/safety/safety-flashes/1616-corrosion-of-hollow-section-members-on-offshore-drilling-structures/,Missing physical document artifact in packaged repository (catalog metadata only),QUARANTINED_UNVERIFIED_ARTIFACT,Download original PDF/HTML from source URL and verify SHA-256,True
EVT-IMCA-1404,International Marine Contractors Association (IMCA),SRC-IMCA-1404,https://www.imca-int.com/resources/safety/safety-flashes/1616-near-miss-rigging-recovered-with-missing-nut-from-tri-plate-shackle/,Missing physical document artifact in packaged repository (catalog metadata only),QUARANTINED_UNVERIFIED_ARTIFACT,Download original PDF/HTML from source URL and verify SHA-256,True
EVT-IMCA-1405,International Marine Contractors Association (IMCA),SRC-IMCA-1405,https://www.imca-int.com/resources/safety/safety-flashes/1616-mobile-phone-charger-failures/,Missing physical document artifact in packaged repository (catalog metadata only),QUARANTINED_UNVERIFIED_ARTIFACT,Download original PDF/HTML from source URL and verify SHA-256,True
EVT-IMCA-1406,International Marine Contractors Association (IMCA),SRC-IMCA-1406,https://www.imca-int.com/resources/safety/safety-flashes/1516-preliminary-report-into-helicopter-crash-near-bergen/,Missing physical document artifact in packaged repository (catalog metadata only),QUARANTINED_UNVERIFIED_ARTIFACT,Download original PDF/HTML from source URL and verify SHA-256,True
EVT-IMCA-1407,International Marine Contractors Association (IMCA),SRC-IMCA-1407,https://www.imca-int.com/resources/safety/safety-flashes/1416-serious-incident-pad-eye-fell-from-crane-boom-and-struck-rigger/,Missing physical document artifact in packaged repository (catalog metadata only),QUARANTINED_UNVERIFIED_ARTIFACT,Download original PDF/HTML from source URL and verify SHA-256,True
EVT-IMCA-1408,International Marine Contractors Association (IMCA),SRC-IMCA-1408,https://www.imca-int.com/resources/safety/safety-flashes/1416-potential-dropped-object-inbound-cargo/,Missing physical document artifact in packaged repository (catalog metadata only),QUARANTINED_UNVERIFIED_ARTIFACT,Download original PDF/HTML from source URL and verify SHA-256,True
EVT-IMCA-1409,International Marine Contractors Association (IMCA),SRC-IMCA-1409,https://www.imca-int.com/resources/safety/safety-flashes/1416-dropped-object-tank-dog/,Missing physical document artifact in packaged repository (catalog metadata only),QUARANTINED_UNVERIFIED_ARTIFACT,Download original PDF/HTML from source URL and verify SHA-256,True
EVT-IMCA-1410,International Marine Contractors Association (IMCA),SRC-IMCA-1410,https://www.imca-int.com/resources/safety/safety-flashes/1316-counterfeit-admiralty-products/,Missing physical document artifact in packaged repository (catalog metadata only),QUARANTINED_UNVERIFIED_ARTIFACT,Download original PDF/HTML from source URL and verify SHA-256,True
EVT-IMCA-1411,International Marine Contractors Association (IMCA),SRC-IMCA-1411,https://www.imca-int.com/resources/safety/safety-flashes/1316-life-jacket-failures/,Missing physical document artifact in packaged repository (catalog metadata only),QUARANTINED_UNVERIFIED_ARTIFACT,Download original PDF/HTML from source URL and verify SHA-256,True
EVT-IMCA-1412,International Marine Contractors Association (IMCA),SRC-IMCA-1412,https://www.imca-int.com/resources/safety/safety-flashes/1316-product-awareness-chains-for-lifting-harding-ff1200-lifeboat/,Missing physical document artifact in packaged repository (catalog metadata only),QUARANTINED_UNVERIFIED_ARTIFACT,Download original PDF/HTML from source URL and verify SHA-256,True
EVT-IMCA-1413,International Marine Contractors Association (IMCA),SRC-IMCA-1413,https://www.imca-int.com/resources/safety/safety-flashes/1216-first-aid-injury-person-struck-by-wire-under-tension/,Missing physical document artifact in packaged repository (catalog metadata only),QUARANTINED_UNVERIFIED_ARTIFACT,Download original PDF/HTML from source URL and verify SHA-256,True
EVT-IMCA-1414,International Marine Contractors Association (IMCA),SRC-IMCA-1414,https://www.imca-int.com/resources/safety/safety-flashes/1216-lost-time-injury-lti-serious-hand-injury-during-high-pressure-washing-operations/,Missing physical document artifact in packaged repository (catalog metadata only),QUARANTINED_UNVERIFIED_ARTIFACT,Download original PDF/HTML from source URL and verify SHA-256,True
EVT-IMCA-1415,International Marine Contractors Association (IMCA),SRC-IMCA-1415,https://www.imca-int.com/resources/safety/safety-flashes/1216-failure-of-fire-extinguishers-owing-to-corrosion/,Missing physical document artifact in packaged repository (catalog metadata only),QUARANTINED_UNVERIFIED_ARTIFACT,Download original PDF/HTML from source URL and verify SHA-256,True
EVT-IMCA-1416,International Marine Contractors Association (IMCA),SRC-IMCA-1416,https://www.imca-int.com/resources/safety/safety-flashes/1216-condensate-leak/,Missing physical document artifact in packaged repository (catalog metadata only),QUARANTINED_UNVERIFIED_ARTIFACT,Download original PDF/HTML from source URL and verify SHA-256,True
EVT-IMCA-1417,International Marine Contractors Association (IMCA),SRC-IMCA-1417,https://www.imca-int.com/resources/safety/safety-flashes/1216-fatalities-caused-by-crane-collapse-following-metal-fatigue/,Missing physical document artifact in packaged repository (catalog metadata only),QUARANTINED_UNVERIFIED_ARTIFACT,Download original PDF/HTML from source URL and verify SHA-256,True
EVT-IMCA-1418,International Marine Contractors Association (IMCA),SRC-IMCA-1418,https://www.imca-int.com/resources/safety/safety-flashes/1116-fatality-crew-member-struck-by-forklift-during-quayside-operations/,Missing physical document artifact in packaged repository (catalog metadata only),QUARANTINED_UNVERIFIED_ARTIFACT,Download original PDF/HTML from source URL and verify SHA-256,True
EVT-IMCA-1419,International Marine Contractors Association (IMCA),SRC-IMCA-1419,https://www.imca-int.com/resources/safety/safety-flashes/1016-vessel-in-collision-with-floating-dock/,Missing physical document artifact in packaged repository (catalog metadata only),QUARANTINED_UNVERIFIED_ARTIFACT,Download original PDF/HTML from source URL and verify SHA-256,True
EVT-IMCA-1420,International Marine Contractors Association (IMCA),SRC-IMCA-1420,https://www.imca-int.com/resources/safety/safety-flashes/1016-damage-to-hand-rails-during-mooring-operations/,Missing physical document artifact in packaged repository (catalog metadata only),QUARANTINED_UNVERIFIED_ARTIFACT,Download original PDF/HTML from source URL and verify SHA-256,True
EVT-IMCA-1421,International Marine Contractors Association (IMCA),SRC-IMCA-1421,https://www.imca-int.com/resources/safety/safety-flashes/1016-equipment-damaged-during-cargo-operations/,Missing physical document artifact in packaged repository (catalog metadata only),QUARANTINED_UNVERIFIED_ARTIFACT,Download original PDF/HTML from source URL and verify SHA-256,True
EVT-IMCA-1422,International Marine Contractors Association (IMCA),SRC-IMCA-1422,https://www.imca-int.com/resources/safety/safety-flashes/1016-mooring-near-miss-lines-break-during-un-docking-operation/,Missing physical document artifact in packaged repository (catalog metadata only),QUARANTINED_UNVERIFIED_ARTIFACT,Download original PDF/HTML from source URL and verify SHA-256,True
EVT-IMCA-1423,International Marine Contractors Association (IMCA),SRC-IMCA-1423,https://www.imca-int.com/resources/safety/safety-flashes/0816-fatality-stored-pressure-release/,Missing physical document artifact in packaged repository (catalog metadata only),QUARANTINED_UNVERIFIED_ARTIFACT,Download original PDF/HTML from source URL and verify SHA-256,True
EVT-IMCA-1424,International Marine Contractors Association (IMCA),SRC-IMCA-1424,https://www.imca-int.com/resources/safety/safety-flashes/0816-lost-time-injury-lti-finger-injury-whilst-working-in-engine-room/,Missing physical document artifact in packaged repository (catalog metadata only),QUARANTINED_UNVERIFIED_ARTIFACT,Download original PDF/HTML from source URL and verify SHA-256,True
EVT-IMCA-1425,International Marine Contractors Association (IMCA),SRC-IMCA-1425,https://www.imca-int.com/resources/safety/safety-flashes/0816-serious-hand-injury-worker-injured-by-machinery/,Missing physical document artifact in packaged repository (catalog metadata only),QUARANTINED_UNVERIFIED_ARTIFACT,Download original PDF/HTML from source URL and verify SHA-256,True
EVT-IMCA-1426,International Marine Contractors Association (IMCA),SRC-IMCA-1426,https://www.imca-int.com/resources/safety/safety-flashes/0816-near-miss-dropped-torque-tool/,Missing physical document artifact in packaged repository (catalog metadata only),QUARANTINED_UNVERIFIED_ARTIFACT,Download original PDF/HTML from source URL and verify SHA-256,True
EVT-IMCA-1427,International Marine Contractors Association (IMCA),SRC-IMCA-1427,https://www.imca-int.com/resources/safety/safety-flashes/0816-dropped-object-fell-12m-and-hit-worker/,Missing physical document artifact in packaged repository (catalog metadata only),QUARANTINED_UNVERIFIED_ARTIFACT,Download original PDF/HTML from source URL and verify SHA-256,True
EVT-IMCA-1428,International Marine Contractors Association (IMCA),SRC-IMCA-1428,https://www.imca-int.com/resources/safety/safety-flashes/0916-august-2013-super-puma-helicopter-crash/,Missing physical document artifact in packaged repository (catalog metadata only),QUARANTINED_UNVERIFIED_ARTIFACT,Download original PDF/HTML from source URL and verify SHA-256,True
EVT-IMCA-1429,International Marine Contractors Association (IMCA),SRC-IMCA-1429,https://www.imca-int.com/resources/safety/safety-flashes/0716-near-miss-laundry-fire-hazards/,Missing physical document artifact in packaged repository (catalog metadata only),QUARANTINED_UNVERIFIED_ARTIFACT,Download original PDF/HTML from source URL and verify SHA-256,True
EVT-IMCA-1430,International Marine Contractors Association (IMCA),SRC-IMCA-1430,https://www.imca-int.com/resources/safety/safety-flashes/0716-mooring-port-operator-fined-after-worker-injured-by-capstan/,Missing physical document artifact in packaged repository (catalog metadata only),QUARANTINED_UNVERIFIED_ARTIFACT,Download original PDF/HTML from source URL and verify SHA-256,True
EVT-IMCA-1431,International Marine Contractors Association (IMCA),SRC-IMCA-1431,https://www.imca-int.com/resources/safety/safety-flashes/0716-near-miss-mooring-without-port-assistance/,Missing physical document artifact in packaged repository (catalog metadata only),QUARANTINED_UNVERIFIED_ARTIFACT,Download original PDF/HTML from source URL and verify SHA-256,True
EVT-IMCA-1432,International Marine Contractors Association (IMCA),SRC-IMCA-1432,https://www.imca-int.com/resources/safety/safety-flashes/0716-listing-flooding-and-grounding-of-vehicle-carrier-hoegh-osaka/,Missing physical document artifact in packaged repository (catalog metadata only),QUARANTINED_UNVERIFIED_ARTIFACT,Download original PDF/HTML from source URL and verify SHA-256,True
EVT-IMCA-1433,International Marine Contractors Association (IMCA),SRC-IMCA-1433,https://www.imca-int.com/resources/safety/safety-flashes/0616-malaria-fatality/,Missing physical document artifact in packaged repository (catalog metadata only),QUARANTINED_UNVERIFIED_ARTIFACT,Download original PDF/HTML from source URL and verify SHA-256,True
EVT-IMCA-1434,International Marine Contractors Association (IMCA),SRC-IMCA-1434,https://www.imca-int.com/resources/safety/safety-flashes/0616-the-zika-virus/,Missing physical document artifact in packaged repository (catalog metadata only),QUARANTINED_UNVERIFIED_ARTIFACT,Download original PDF/HTML from source URL and verify SHA-256,True
EVT-IMCA-1435,International Marine Contractors Association (IMCA),SRC-IMCA-1435,https://www.imca-int.com/resources/safety/safety-flashes/0516-helicopter-rotor-downdraft-hazards-oil-gas-uk-oguk/,Missing physical document artifact in packaged repository (catalog metadata only),QUARANTINED_UNVERIFIED_ARTIFACT,Download original PDF/HTML from source URL and verify SHA-256,True
EVT-IMCA-1436,International Marine Contractors Association (IMCA),SRC-IMCA-1436,https://www.imca-int.com/resources/safety/safety-flashes/0516-near-miss-fouled-diver-umbilical/,Missing physical document artifact in packaged repository (catalog metadata only),QUARANTINED_UNVERIFIED_ARTIFACT,Download original PDF/HTML from source URL and verify SHA-256,True
EVT-IMCA-1437,International Marine Contractors Association (IMCA),SRC-IMCA-1437,https://www.imca-int.com/resources/safety/safety-flashes/0516-sliptrip-resulting-in-lost-time-injury-lti/,Missing physical document artifact in packaged repository (catalog metadata only),QUARANTINED_UNVERIFIED_ARTIFACT,Download original PDF/HTML from source URL and verify SHA-256,True
EVT-IMCA-1438,International Marine Contractors Association (IMCA),SRC-IMCA-1438,https://www.imca-int.com/resources/safety/safety-flashes/0516-false-or-scam-emails-warning/,Missing physical document artifact in packaged repository (catalog metadata only),QUARANTINED_UNVERIFIED_ARTIFACT,Download original PDF/HTML from source URL and verify SHA-256,True
EVT-IMCA-1439,International Marine Contractors Association (IMCA),SRC-IMCA-1439,https://www.imca-int.com/resources/safety/safety-flashes/0416-near-miss-non-fatal-man-overboard-incident/,Missing physical document artifact in packaged repository (catalog metadata only),QUARANTINED_UNVERIFIED_ARTIFACT,Download original PDF/HTML from source URL and verify SHA-256,True
EVT-IMCA-1440,International Marine Contractors Association (IMCA),SRC-IMCA-1440,https://www.imca-int.com/resources/safety/safety-flashes/0416-near-miss-pilot-ladder-failure/,Missing physical document artifact in packaged repository (catalog metadata only),QUARANTINED_UNVERIFIED_ARTIFACT,Download original PDF/HTML from source URL and verify SHA-256,True
EVT-IMCA-1441,International Marine Contractors Association (IMCA),SRC-IMCA-1441,https://www.imca-int.com/resources/safety/safety-flashes/0416-person-accidentally-drank-hazardous-substance/,Missing physical document artifact in packaged repository (catalog metadata only),QUARANTINED_UNVERIFIED_ARTIFACT,Download original PDF/HTML from source URL and verify SHA-256,True
EVT-IMCA-1442,International Marine Contractors Association (IMCA),SRC-IMCA-1442,https://www.imca-int.com/resources/safety/safety-flashes/0416-finger-injury-during-maintenance-work-restricted-work-case/,Missing physical document artifact in packaged repository (catalog metadata only),QUARANTINED_UNVERIFIED_ARTIFACT,Download original PDF/HTML from source URL and verify SHA-256,True
EVT-IMCA-1443,International Marine Contractors Association (IMCA),SRC-IMCA-1443,https://www.imca-int.com/resources/safety/safety-flashes/0416-finger-injury-pinch-point/,Missing physical document artifact in packaged repository (catalog metadata only),QUARANTINED_UNVERIFIED_ARTIFACT,Download original PDF/HTML from source URL and verify SHA-256,True
EVT-IMCA-1444,International Marine Contractors Association (IMCA),SRC-IMCA-1444,https://www.imca-int.com/resources/safety/safety-flashes/0316-lost-time-injury-lti-stored-pressure-release-crewman-lost-an-eye/,Missing physical document artifact in packaged repository (catalog metadata only),QUARANTINED_UNVERIFIED_ARTIFACT,Download original PDF/HTML from source URL and verify SHA-256,True
EVT-IMCA-1445,International Marine Contractors Association (IMCA),SRC-IMCA-1445,https://www.imca-int.com/resources/safety/safety-flashes/0316-crew-transfer-vessel-ctv-personnel-transfers/,Missing physical document artifact in packaged repository (catalog metadata only),QUARANTINED_UNVERIFIED_ARTIFACT,Download original PDF/HTML from source URL and verify SHA-256,True
EVT-IMCA-1446,International Marine Contractors Association (IMCA),SRC-IMCA-1446,https://www.imca-int.com/resources/safety/safety-flashes/0316-fire-spontaneous-combustion-of-towels/,Missing physical document artifact in packaged repository (catalog metadata only),QUARANTINED_UNVERIFIED_ARTIFACT,Download original PDF/HTML from source URL and verify SHA-256,True
EVT-IMCA-1447,International Marine Contractors Association (IMCA),SRC-IMCA-1447,https://www.imca-int.com/resources/safety/safety-flashes/0316-breathing-air-cylinder-air-valve-broken-off/,Missing physical document artifact in packaged repository (catalog metadata only),QUARANTINED_UNVERIFIED_ARTIFACT,Download original PDF/HTML from source URL and verify SHA-256,True
EVT-IMCA-1448,International Marine Contractors Association (IMCA),SRC-IMCA-1448,https://www.imca-int.com/resources/safety/safety-flashes/0216-worker-killed-when-struck-by-a-load-on-a-moving-crane/,Missing physical document artifact in packaged repository (catalog metadata only),QUARANTINED_UNVERIFIED_ARTIFACT,Download original PDF/HTML from source URL and verify SHA-256,True
EVT-IMCA-1449,International Marine Contractors Association (IMCA),SRC-IMCA-1449,https://www.imca-int.com/resources/safety/safety-flashes/0216-fatal-fall-during-cargo-loading-operations/,Missing physical document artifact in packaged repository (catalog metadata only),QUARANTINED_UNVERIFIED_ARTIFACT,Download original PDF/HTML from source URL and verify SHA-256,True
EVT-IMCA-1450,International Marine Contractors Association (IMCA),SRC-IMCA-1450,https://www.imca-int.com/resources/safety/safety-flashes/0216-lost-time-injury-lti-finger-injury-watertight-sliding-door/,Missing physical document artifact in packaged repository (catalog metadata only),QUARANTINED_UNVERIFIED_ARTIFACT,Download original PDF/HTML from source URL and verify SHA-256,True
EVT-IMCA-1452,International Marine Contractors Association (IMCA),SRC-IMCA-1452,https://www.imca-int.com/resources/safety/safety-flashes/0116-high-potential-near-miss-failure-of-both-divers-breathing-air-supply-and-dive-stage-recovery-winch/,Missing physical document artifact in packaged repository (catalog metadata only),QUARANTINED_UNVERIFIED_ARTIFACT,Download original PDF/HTML from source URL and verify SHA-256,True
EVT-IMCA-1453,International Marine Contractors Association (IMCA),SRC-IMCA-1453,https://www.imca-int.com/resources/safety/safety-flashes/0116-injuries-due-to-failure-of-divers-emergency-gas-cylinder-use-of-incompatible-threads/,Missing physical document artifact in packaged repository (catalog metadata only),QUARANTINED_UNVERIFIED_ARTIFACT,Download original PDF/HTML from source URL and verify SHA-256,True
EVT-IMCA-1454,International Marine Contractors Association (IMCA),SRC-IMCA-1454,https://www.imca-int.com/resources/safety/safety-flashes/0116-high-potential-near-miss-poor-o2-content-in-supplied-air-diver-temporarily-lost-consciousness/,Missing physical document artifact in packaged repository (catalog metadata only),QUARANTINED_UNVERIFIED_ARTIFACT,Download original PDF/HTML from source URL and verify SHA-256,True
EVT-IMCA-1455,International Marine Contractors Association (IMCA),SRC-IMCA-1455,https://www.imca-int.com/resources/safety/safety-flashes/2215-confined-space-entry-incidents-a-reminder/,Missing physical document artifact in packaged repository (catalog metadata only),QUARANTINED_UNVERIFIED_ARTIFACT,Download original PDF/HTML from source URL and verify SHA-256,True
EVT-IMCA-1456,International Marine Contractors Association (IMCA),SRC-IMCA-1456,https://www.imca-int.com/resources/safety/safety-flashes/2215-catastrophic-failure-of-a-pipework-clamp-connector/,Missing physical document artifact in packaged repository (catalog metadata only),QUARANTINED_UNVERIFIED_ARTIFACT,Download original PDF/HTML from source URL and verify SHA-256,True
EVT-IMCA-1457,International Marine Contractors Association (IMCA),SRC-IMCA-1457,https://www.imca-int.com/resources/safety/safety-flashes/2215-near-miss-contained-hydraulic-oil-spillages-from-cranes/,Missing physical document artifact in packaged repository (catalog metadata only),QUARANTINED_UNVERIFIED_ARTIFACT,Download original PDF/HTML from source URL and verify SHA-256,True
EVT-IMCA-1458,International Marine Contractors Association (IMCA),SRC-IMCA-1458,https://www.imca-int.com/resources/safety/safety-flashes/2215-near-miss-corrosion-related-failure-of-bolts-used-to-secure-lifeboat-winches/,Missing physical document artifact in packaged repository (catalog metadata only),QUARANTINED_UNVERIFIED_ARTIFACT,Download original PDF/HTML from source URL and verify SHA-256,True
EVT-IMCA-1459,International Marine Contractors Association (IMCA),SRC-IMCA-1459,https://www.imca-int.com/resources/safety/safety-flashes/2215-hydraulic-company-sentenced-after-employee-loses-sight-in-one-eye/,Missing physical document artifact in packaged repository (catalog metadata only),QUARANTINED_UNVERIFIED_ARTIFACT,Download original PDF/HTML from source URL and verify SHA-256,True
EVT-IMCA-1460,International Marine Contractors Association (IMCA),SRC-IMCA-1460,https://www.imca-int.com/resources/safety/safety-flashes/2215-nopsema-fire-risks-associated-with-electric-storage-batteries/,Missing physical document artifact in packaged repository (catalog metadata only),QUARANTINED_UNVERIFIED_ARTIFACT,Download original PDF/HTML from source URL and verify SHA-256,True
EVT-IMCA-1461,International Marine Contractors Association (IMCA),SRC-IMCA-1461,https://www.imca-int.com/resources/safety/safety-flashes/2115-high-potential-near-miss-swl-plate-fell-from-crane-auxiliary-block/,Missing physical document artifact in packaged repository (catalog metadata only),QUARANTINED_UNVERIFIED_ARTIFACT,Download original PDF/HTML from source URL and verify SHA-256,True
EVT-IMCA-1462,International Marine Contractors Association (IMCA),SRC-IMCA-1462,https://www.imca-int.com/resources/safety/safety-flashes/2115-dropped-object-near-miss-small-parts-falling-from-crane-rest/,Missing physical document artifact in packaged repository (catalog metadata only),QUARANTINED_UNVERIFIED_ARTIFACT,Download original PDF/HTML from source URL and verify SHA-256,True
EVT-IMCA-1463,International Marine Contractors Association (IMCA),SRC-IMCA-1463,https://www.imca-int.com/resources/safety/safety-flashes/2115-fatality-during-loading-operations/,Missing physical document artifact in packaged repository (catalog metadata only),QUARANTINED_UNVERIFIED_ARTIFACT,Download original PDF/HTML from source URL and verify SHA-256,True
EVT-IMCA-1464,International Marine Contractors Association (IMCA),SRC-IMCA-1464,https://www.imca-int.com/resources/safety/safety-flashes/2115-near-miss-corrosion-caused-crane-boom-failure-during-heavy-lifting/,Missing physical document artifact in packaged repository (catalog metadata only),QUARANTINED_UNVERIFIED_ARTIFACT,Download original PDF/HTML from source URL and verify SHA-256,True
EVT-IMCA-1465,International Marine Contractors Association (IMCA),SRC-IMCA-1465,https://www.imca-int.com/resources/safety/safety-flashes/1319-non-fatal-man-overboard-incident/,Missing physical document artifact in packaged repository (catalog metadata only),QUARANTINED_UNVERIFIED_ARTIFACT,Download original PDF/HTML from source URL and verify SHA-256,True
EVT-IMCA-1466,International Marine Contractors Association (IMCA),SRC-IMCA-1466,https://www.imca-int.com/resources/safety/safety-flashes/2015-recent-slips-trips-and-falls-involving-stairs/,Missing physical document artifact in packaged repository (catalog metadata only),QUARANTINED_UNVERIFIED_ARTIFACT,Download original PDF/HTML from source URL and verify SHA-256,True
EVT-IMCA-1467,International Marine Contractors Association (IMCA),SRC-IMCA-1467,https://www.imca-int.com/resources/safety/safety-flashes/2015-crewman-falls-down-open-hatchway-during-simultaneous-operations/,Missing physical document artifact in packaged repository (catalog metadata only),QUARANTINED_UNVERIFIED_ARTIFACT,Download original PDF/HTML from source URL and verify SHA-256,True
EVT-IMCA-1469,International Marine Contractors Association (IMCA),SRC-IMCA-1469,https://www.imca-int.com/resources/safety/safety-flashes/1915-near-miss-during-transfer-operations-from-a-crew-transfer-vessel-ctv-to-a-turbine-tower/,Missing physical document artifact in packaged repository (catalog metadata only),QUARANTINED_UNVERIFIED_ARTIFACT,Download original PDF/HTML from source URL and verify SHA-256,True
EVT-IMCA-1470,International Marine Contractors Association (IMCA),SRC-IMCA-1470,https://www.imca-int.com/resources/safety/safety-flashes/1915-rigging-incident-damage-to-bow-hand-rail-on-a-crew-transfer-vessel-ctv/,Missing physical document artifact in packaged repository (catalog metadata only),QUARANTINED_UNVERIFIED_ARTIFACT,Download original PDF/HTML from source URL and verify SHA-256,True
EVT-IMCA-1471,International Marine Contractors Association (IMCA),SRC-IMCA-1471,https://www.imca-int.com/resources/safety/safety-flashes/1915-an-error-with-fire-flaps-led-to-engine-space-flooding-causing-costly-damage/,Missing physical document artifact in packaged repository (catalog metadata only),QUARANTINED_UNVERIFIED_ARTIFACT,Download original PDF/HTML from source URL and verify SHA-256,True
EVT-IMCA-1472,International Marine Contractors Association (IMCA),SRC-IMCA-1472,https://www.imca-int.com/resources/safety/safety-flashes/1915-vessel-made-contact-with-installation/,Missing physical document artifact in packaged repository (catalog metadata only),QUARANTINED_UNVERIFIED_ARTIFACT,Download original PDF/HTML from source URL and verify SHA-256,True
EVT-IMCA-1473,International Marine Contractors Association (IMCA),SRC-IMCA-1473,https://www.imca-int.com/resources/safety/safety-flashes/1815-small-change-to-the-disclaimer-for-all-safety-flashes/,Missing physical document artifact in packaged repository (catalog metadata only),QUARANTINED_UNVERIFIED_ARTIFACT,Download original PDF/HTML from source URL and verify SHA-256,True
EVT-IMCA-1474,International Marine Contractors Association (IMCA),SRC-IMCA-1474,https://www.imca-int.com/resources/safety/safety-flashes/1815-maintenance-of-automatic-external-defibrillators-aeds/,Missing physical document artifact in packaged repository (catalog metadata only),QUARANTINED_UNVERIFIED_ARTIFACT,Download original PDF/HTML from source URL and verify SHA-256,True
EVT-IMCA-1475,International Marine Contractors Association (IMCA),SRC-IMCA-1475,https://www.imca-int.com/resources/safety/safety-flashes/1815-three-incidents-of-decompression-illness-dci/,Missing physical document artifact in packaged repository (catalog metadata only),QUARANTINED_UNVERIFIED_ARTIFACT,Download original PDF/HTML from source URL and verify SHA-256,True
EVT-IMCA-1476,International Marine Contractors Association (IMCA),SRC-IMCA-1476,https://www.imca-int.com/resources/safety/safety-flashes/1815-lost-time-injury-lti-following-stored-energy-release-and-subsequent-serious-infection-of-wound/,Missing physical document artifact in packaged repository (catalog metadata only),QUARANTINED_UNVERIFIED_ARTIFACT,Download original PDF/HTML from source URL and verify SHA-256,True
EVT-IMCA-1477,International Marine Contractors Association (IMCA),SRC-IMCA-1477,https://www.imca-int.com/resources/safety/safety-flashes/1715-amsa-free-fall-lifeboat-safety/,Missing physical document artifact in packaged repository (catalog metadata only),QUARANTINED_UNVERIFIED_ARTIFACT,Download original PDF/HTML from source URL and verify SHA-256,True
EVT-IMCA-1478,International Marine Contractors Association (IMCA),SRC-IMCA-1478,https://www.imca-int.com/resources/safety/safety-flashes/1715-high-potential-near-miss-failure-of-lifeboat-release-hook-mechanism/,Missing physical document artifact in packaged repository (catalog metadata only),QUARANTINED_UNVERIFIED_ARTIFACT,Download original PDF/HTML from source URL and verify SHA-256,True
EVT-IMCA-1479,International Marine Contractors Association (IMCA),SRC-IMCA-1479,https://www.imca-int.com/resources/safety/safety-flashes/1615-older-norfolk-range-powder-extinguishers-from-before-2009/,Missing physical document artifact in packaged repository (catalog metadata only),QUARANTINED_UNVERIFIED_ARTIFACT,Download original PDF/HTML from source URL and verify SHA-256,True
EVT-IMCA-1480,International Marine Contractors Association (IMCA),SRC-IMCA-1480,https://www.imca-int.com/resources/safety/safety-flashes/1615-cargo-contamination-causing-ltis-during-clean-up/,Missing physical document artifact in packaged repository (catalog metadata only),QUARANTINED_UNVERIFIED_ARTIFACT,Download original PDF/HTML from source URL and verify SHA-256,True
EVT-IMCA-1481,International Marine Contractors Association (IMCA),SRC-IMCA-1481,https://www.imca-int.com/resources/safety/safety-flashes/1615-line-of-fire-injury-man-struck-in-face-by-hammer/,Missing physical document artifact in packaged repository (catalog metadata only),QUARANTINED_UNVERIFIED_ARTIFACT,Download original PDF/HTML from source URL and verify SHA-256,True
EVT-IMCA-1482,International Marine Contractors Association (IMCA),SRC-IMCA-1482,https://www.imca-int.com/resources/safety/safety-flashes/1615-rwc-caught-between-finger-smashed-by-tooling/,Missing physical document artifact in packaged repository (catalog metadata only),QUARANTINED_UNVERIFIED_ARTIFACT,Download original PDF/HTML from source URL and verify SHA-256,True
EVT-IMCA-1483,International Marine Contractors Association (IMCA),SRC-IMCA-1483,https://www.imca-int.com/resources/safety/safety-flashes/1615-everyday-activity-unwanted-outcome-poor-manual-handling-leads-to-back-strain/,Missing physical document artifact in packaged repository (catalog metadata only),QUARANTINED_UNVERIFIED_ARTIFACT,Download original PDF/HTML from source URL and verify SHA-256,True
EVT-IMCA-1484,International Marine Contractors Association (IMCA),SRC-IMCA-1484,https://www.imca-int.com/resources/safety/safety-flashes/1515-wsh-dropped-objects-fatalities-workers-struck-by-fallen-loads-during-lifting-operations/,Missing physical document artifact in packaged repository (catalog metadata only),QUARANTINED_UNVERIFIED_ARTIFACT,Download original PDF/HTML from source URL and verify SHA-256,True
EVT-IMCA-1485,International Marine Contractors Association (IMCA),SRC-IMCA-1485,https://www.imca-int.com/resources/safety/safety-flashes/1515-spillage-of-methanol-during-cargo-operations/,Missing physical document artifact in packaged repository (catalog metadata only),QUARANTINED_UNVERIFIED_ARTIFACT,Download original PDF/HTML from source URL and verify SHA-256,True
EVT-IMCA-1486,International Marine Contractors Association (IMCA),SRC-IMCA-1486,https://www.imca-int.com/resources/safety/safety-flashes/1515-incidents-involving-poor-crane-operations/,Missing physical document artifact in packaged repository (catalog metadata only),QUARANTINED_UNVERIFIED_ARTIFACT,Download original PDF/HTML from source URL and verify SHA-256,True
EVT-IMCA-1487,International Marine Contractors Association (IMCA),SRC-IMCA-1487,https://www.imca-int.com/resources/safety/safety-flashes/1415-high-potential-incidents-and-fatalities-in-2014-international-association-of-oil-gas-producers-iogp/,Missing physical document artifact in packaged repository (catalog metadata only),QUARANTINED_UNVERIFIED_ARTIFACT,Download original PDF/HTML from source URL and verify SHA-256,True
EVT-IMCA-1488,International Marine Contractors Association (IMCA),SRC-IMCA-1488,https://www.imca-int.com/resources/safety/safety-flashes/1415-fall-from-height-in-a-confined-space/,Missing physical document artifact in packaged repository (catalog metadata only),QUARANTINED_UNVERIFIED_ARTIFACT,Download original PDF/HTML from source URL and verify SHA-256,True
EVT-IMCA-1489,International Marine Contractors Association (IMCA),SRC-IMCA-1489,https://www.imca-int.com/resources/safety/safety-flashes/1415-electrical-shock-failure-of-isolations-and-barriers/,Missing physical document artifact in packaged repository (catalog metadata only),QUARANTINED_UNVERIFIED_ARTIFACT,Download original PDF/HTML from source URL and verify SHA-256,True
EVT-IMCA-1490,International Marine Contractors Association (IMCA),SRC-IMCA-1490,https://www.imca-int.com/resources/safety/safety-flashes/1415-crewman-struck-by-sling-during-anchor-handling-operations/,Missing physical document artifact in packaged repository (catalog metadata only),QUARANTINED_UNVERIFIED_ARTIFACT,Download original PDF/HTML from source URL and verify SHA-256,True
EVT-IMCA-1491,International Marine Contractors Association (IMCA),SRC-IMCA-1491,https://www.imca-int.com/resources/safety/safety-flashes/1415-dropped-object-near-miss-lifting/,Missing physical document artifact in packaged repository (catalog metadata only),QUARANTINED_UNVERIFIED_ARTIFACT,Download original PDF/HTML from source URL and verify SHA-256,True
EVT-IMCA-1492,International Marine Contractors Association (IMCA),SRC-IMCA-1492,https://www.imca-int.com/resources/safety/safety-flashes/1415-dropped-object-near-miss-rov-wire-rope/,Missing physical document artifact in packaged repository (catalog metadata only),QUARANTINED_UNVERIFIED_ARTIFACT,Download original PDF/HTML from source URL and verify SHA-256,True
EVT-IMCA-1493,International Marine Contractors Association (IMCA),SRC-IMCA-1493,https://www.imca-int.com/resources/safety/safety-flashes/1415-confined-space-fatality-in-shipyard/,Missing physical document artifact in packaged repository (catalog metadata only),QUARANTINED_UNVERIFIED_ARTIFACT,Download original PDF/HTML from source URL and verify SHA-256,True
EVT-IMCA-1494,International Marine Contractors Association (IMCA),SRC-IMCA-1494,https://www.imca-int.com/resources/safety/safety-flashes/1415-electrician-fatally-electrocuted/,Missing physical document artifact in packaged repository (catalog metadata only),QUARANTINED_UNVERIFIED_ARTIFACT,Download original PDF/HTML from source URL and verify SHA-256,True
EVT-IMCA-1495,International Marine Contractors Association (IMCA),SRC-IMCA-1495,https://www.imca-int.com/resources/safety/safety-flashes/1315-grounding-and-flooding-of-ferry-complacency/,Missing physical document artifact in packaged repository (catalog metadata only),QUARANTINED_UNVERIFIED_ARTIFACT,Download original PDF/HTML from source URL and verify SHA-256,True
EVT-IMCA-1496,International Marine Contractors Association (IMCA),SRC-IMCA-1496,https://www.imca-int.com/resources/safety/safety-flashes/1315-lost-time-injury-lti-rigger-struck-by-rigging-under-tension/,Missing physical document artifact in packaged repository (catalog metadata only),QUARANTINED_UNVERIFIED_ARTIFACT,Download original PDF/HTML from source URL and verify SHA-256,True
EVT-IMCA-1497,International Marine Contractors Association (IMCA),SRC-IMCA-1497,https://www.imca-int.com/resources/safety/safety-flashes/1315-fire-hydrants-fitted-with-incorrect-coupling-size/,Missing physical document artifact in packaged repository (catalog metadata only),QUARANTINED_UNVERIFIED_ARTIFACT,Download original PDF/HTML from source URL and verify SHA-256,True
EVT-IMCA-1498,International Marine Contractors Association (IMCA),SRC-IMCA-1498,https://www.imca-int.com/resources/safety/safety-flashes/1215-near-miss-hipo-engine-started-and-running-whilst-crew-member-working-on-shaft-generator/,Missing physical document artifact in packaged repository (catalog metadata only),QUARANTINED_UNVERIFIED_ARTIFACT,Download original PDF/HTML from source URL and verify SHA-256,True
EVT-IMCA-1499,International Marine Contractors Association (IMCA),SRC-IMCA-1499,https://www.imca-int.com/resources/safety/safety-flashes/1215-fingerhand-injuries/,Missing physical document artifact in packaged repository (catalog metadata only),QUARANTINED_UNVERIFIED_ARTIFACT,Download original PDF/HTML from source URL and verify SHA-256,True
EVT-IMCA-1500,International Marine Contractors Association (IMCA),SRC-IMCA-1500,https://www.imca-int.com/resources/safety/safety-flashes/1215-collision-between-crew-boat-and-anchored-barge/,Missing physical document artifact in packaged repository (catalog metadata only),QUARANTINED_UNVERIFIED_ARTIFACT,Download original PDF/HTML from source URL and verify SHA-256,True
EVT-IMCA-1501,International Marine Contractors Association (IMCA),SRC-IMCA-1501,https://www.imca-int.com/resources/safety/safety-flashes/1215-confined-space-entry-fatalities/,Missing physical document artifact in packaged repository (catalog metadata only),QUARANTINED_UNVERIFIED_ARTIFACT,Download original PDF/HTML from source URL and verify SHA-256,True
EVT-IMCA-1502,International Marine Contractors Association (IMCA),SRC-IMCA-1502,https://www.imca-int.com/resources/safety/safety-flashes/1215-thermal-tunnel-buoyancy-when-deployed-subsea/,Missing physical document artifact in packaged repository (catalog metadata only),QUARANTINED_UNVERIFIED_ARTIFACT,Download original PDF/HTML from source URL and verify SHA-256,True
EVT-IMCA-1503,International Marine Contractors Association (IMCA),SRC-IMCA-1503,https://www.imca-int.com/resources/safety/safety-flashes/1115-lost-time-injury-lti-and-restricted-workday-case-rwc-following-failure-of-diving-bell-door-system/,Missing physical document artifact in packaged repository (catalog metadata only),QUARANTINED_UNVERIFIED_ARTIFACT,Download original PDF/HTML from source URL and verify SHA-256,True
EVT-IMCA-1504,International Marine Contractors Association (IMCA),SRC-IMCA-1504,https://www.imca-int.com/resources/safety/safety-flashes/1115-near-miss-broken-chain-on-sling-of-personnel-lifting-basket/,Missing physical document artifact in packaged repository (catalog metadata only),QUARANTINED_UNVERIFIED_ARTIFACT,Download original PDF/HTML from source URL and verify SHA-256,True
EVT-IMCA-1505,International Marine Contractors Association (IMCA),SRC-IMCA-1505,https://www.imca-int.com/resources/safety/safety-flashes/1115-uncontrolled-exposure-to-hand-arm-vibration-havs/,Missing physical document artifact in packaged repository (catalog metadata only),QUARANTINED_UNVERIFIED_ARTIFACT,Download original PDF/HTML from source URL and verify SHA-256,True
EVT-IMCA-1506,International Marine Contractors Association (IMCA),SRC-IMCA-1506,https://www.imca-int.com/resources/safety/safety-flashes/1115-mooring-line-failure-resulting-in-serious-injury/,Missing physical document artifact in packaged repository (catalog metadata only),QUARANTINED_UNVERIFIED_ARTIFACT,Download original PDF/HTML from source URL and verify SHA-256,True
EVT-IMCA-1507,International Marine Contractors Association (IMCA),SRC-IMCA-1507,https://www.imca-int.com/resources/safety/safety-flashes/1115-msf-near-miss-dropped-object-protector-plate-drops-from-crane/,Missing physical document artifact in packaged repository (catalog metadata only),QUARANTINED_UNVERIFIED_ARTIFACT,Download original PDF/HTML from source URL and verify SHA-256,True
EVT-IMCA-1508,International Marine Contractors Association (IMCA),SRC-IMCA-1508,https://www.imca-int.com/resources/safety/safety-flashes/1015-near-miss-dropped-object-fell-from-crane-boom/,Missing physical document artifact in packaged repository (catalog metadata only),QUARANTINED_UNVERIFIED_ARTIFACT,Download original PDF/HTML from source URL and verify SHA-256,True
EVT-IMCA-1509,International Marine Contractors Association (IMCA),SRC-IMCA-1509,https://www.imca-int.com/resources/safety/safety-flashes/1015-dropped-object-near-miss-antenna-parts-worked-loose-and-fell-to-deck/,Missing physical document artifact in packaged repository (catalog metadata only),QUARANTINED_UNVERIFIED_ARTIFACT,Download original PDF/HTML from source URL and verify SHA-256,True
EVT-IMCA-1510,International Marine Contractors Association (IMCA),SRC-IMCA-1510,https://www.imca-int.com/resources/safety/safety-flashes/1015-control-of-sub-contractor-personnel-unplanned-and-uncertified-lifting-operations/,Missing physical document artifact in packaged repository (catalog metadata only),QUARANTINED_UNVERIFIED_ARTIFACT,Download original PDF/HTML from source URL and verify SHA-256,True
EVT-IMCA-1511,International Marine Contractors Association (IMCA),SRC-IMCA-1511,https://www.imca-int.com/resources/safety/safety-flashes/1015-poor-storage-leading-to-failure-and-disintegration-of-cutting-discs/,Missing physical document artifact in packaged repository (catalog metadata only),QUARANTINED_UNVERIFIED_ARTIFACT,Download original PDF/HTML from source URL and verify SHA-256,True
EVT-IMCA-1512,International Marine Contractors Association (IMCA),SRC-IMCA-1512,https://www.imca-int.com/resources/safety/safety-flashes/1015-msf-daughter-craft-man-overboard-incident/,Missing physical document artifact in packaged repository (catalog metadata only),QUARANTINED_UNVERIFIED_ARTIFACT,Download original PDF/HTML from source URL and verify SHA-256,True
EVT-IMCA-1513,International Marine Contractors Association (IMCA),SRC-IMCA-1513,https://www.imca-int.com/resources/safety/safety-flashes/1015-msf-lithium-battery-contents-in-eyes/,Missing physical document artifact in packaged repository (catalog metadata only),QUARANTINED_UNVERIFIED_ARTIFACT,Download original PDF/HTML from source URL and verify SHA-256,True
EVT-IMCA-1514,International Marine Contractors Association (IMCA),SRC-IMCA-1514,https://www.imca-int.com/resources/safety/safety-flashes/0915-routine-task-non-routine-result-batteries-stored-sideways-leak-battery-acid/,Missing physical document artifact in packaged repository (catalog metadata only),QUARANTINED_UNVERIFIED_ARTIFACT,Download original PDF/HTML from source URL and verify SHA-256,True
EVT-IMCA-1515,International Marine Contractors Association (IMCA),SRC-IMCA-1515,https://www.imca-int.com/resources/safety/safety-flashes/0915-routine-task-non-routine-result-finger-injury-during-welding/,Missing physical document artifact in packaged repository (catalog metadata only),QUARANTINED_UNVERIFIED_ARTIFACT,Download original PDF/HTML from source URL and verify SHA-256,True
EVT-IMCA-1516,International Marine Contractors Association (IMCA),SRC-IMCA-1516,https://www.imca-int.com/resources/safety/safety-flashes/0915-msf-near-miss-trapped-tagline-pins-banksman-against-stanchion/,Missing physical document artifact in packaged repository (catalog metadata only),QUARANTINED_UNVERIFIED_ARTIFACT,Download original PDF/HTML from source URL and verify SHA-256,True
EVT-IMCA-1517,International Marine Contractors Association (IMCA),SRC-IMCA-1517,https://www.imca-int.com/resources/safety/safety-flashes/0915-msf-vessel-electrical-equipment-caught-fire/,Missing physical document artifact in packaged repository (catalog metadata only),QUARANTINED_UNVERIFIED_ARTIFACT,Download original PDF/HTML from source URL and verify SHA-256,True
EVT-IMCA-1518,International Marine Contractors Association (IMCA),SRC-IMCA-1518,https://www.imca-int.com/resources/safety/safety-flashes/0915-dmaib-fire-on-offshore-renewables-industry-crew-transfer-vehicle-ctv/,Missing physical document artifact in packaged repository (catalog metadata only),QUARANTINED_UNVERIFIED_ARTIFACT,Download original PDF/HTML from source URL and verify SHA-256,True
EVT-IMCA-1519,International Marine Contractors Association (IMCA),SRC-IMCA-1519,https://www.imca-int.com/resources/safety/safety-flashes/0915-aberdeen-harbour-annual-summary-of-marine-safety-reports-for-2013/,Missing physical document artifact in packaged repository (catalog metadata only),QUARANTINED_UNVERIFIED_ARTIFACT,Download original PDF/HTML from source URL and verify SHA-256,True
EVT-IMCA-1520,International Marine Contractors Association (IMCA),SRC-IMCA-1520,https://www.imca-int.com/resources/safety/safety-flashes/0815-rov-main-lift-umbilical-failure/,Missing physical document artifact in packaged repository (catalog metadata only),QUARANTINED_UNVERIFIED_ARTIFACT,Download original PDF/HTML from source URL and verify SHA-256,True
EVT-IMCA-1521,International Marine Contractors Association (IMCA),SRC-IMCA-1521,https://www.imca-int.com/resources/safety/safety-flashes/0815-near-miss-hot-work-in-no-weld-zone/,Missing physical document artifact in packaged repository (catalog metadata only),QUARANTINED_UNVERIFIED_ARTIFACT,Download original PDF/HTML from source URL and verify SHA-256,True
EVT-IMCA-1522,International Marine Contractors Association (IMCA),SRC-IMCA-1522,https://www.imca-int.com/resources/safety/safety-flashes/0815-near-miss-fire-axe-falls-out-of-cabinet-almost-hits-a-fireman-s-toes/,Missing physical document artifact in packaged repository (catalog metadata only),QUARANTINED_UNVERIFIED_ARTIFACT,Download original PDF/HTML from source URL and verify SHA-256,True
EVT-IMCA-1523,International Marine Contractors Association (IMCA),SRC-IMCA-1523,https://www.imca-int.com/resources/safety/safety-flashes/0815-uscg-fatalities-in-engine-room-fire-caused-by-fuel-spray-ignition/,Missing physical document artifact in packaged repository (catalog metadata only),QUARANTINED_UNVERIFIED_ARTIFACT,Download original PDF/HTML from source URL and verify SHA-256,True
EVT-IMCA-1524,International Marine Contractors Association (IMCA),SRC-IMCA-1524,https://www.imca-int.com/resources/safety/safety-flashes/0815-msf-bulk-hose-drawn-into-thruster-severe-damage-and-delay/,Missing physical document artifact in packaged repository (catalog metadata only),QUARANTINED_UNVERIFIED_ARTIFACT,Download original PDF/HTML from source URL and verify SHA-256,True
EVT-IMCA-1525,International Marine Contractors Association (IMCA),SRC-IMCA-1525,https://www.imca-int.com/resources/safety/safety-flashes/0715-second-hand-equipment-causes-engine-breakdown/,Missing physical document artifact in packaged repository (catalog metadata only),QUARANTINED_UNVERIFIED_ARTIFACT,Download original PDF/HTML from source URL and verify SHA-256,True
EVT-IMCA-1526,International Marine Contractors Association (IMCA),SRC-IMCA-1526,https://www.imca-int.com/resources/safety/safety-flashes/0715-near-miss-unexpected-water-ingress-during-fault-finding-of-a-cracked-water-pipe/,Missing physical document artifact in packaged repository (catalog metadata only),QUARANTINED_UNVERIFIED_ARTIFACT,Download original PDF/HTML from source URL and verify SHA-256,True
EVT-IMCA-1527,International Marine Contractors Association (IMCA),SRC-IMCA-1527,https://www.imca-int.com/resources/safety/safety-flashes/0715-near-miss-equipment-failure-broken-mast-arms/,Missing physical document artifact in packaged repository (catalog metadata only),QUARANTINED_UNVERIFIED_ARTIFACT,Download original PDF/HTML from source URL and verify SHA-256,True
EVT-IMCA-1528,International Marine Contractors Association (IMCA),SRC-IMCA-1528,https://www.imca-int.com/resources/safety/safety-flashes/0715-minor-damage-to-pontoon-cleat-during-crew-transfer-vessel-mooring-operations/,Missing physical document artifact in packaged repository (catalog metadata only),QUARANTINED_UNVERIFIED_ARTIFACT,Download original PDF/HTML from source URL and verify SHA-256,True
EVT-IMCA-1529,International Marine Contractors Association (IMCA),SRC-IMCA-1529,https://www.imca-int.com/resources/safety/safety-flashes/0615-objects-dropped-from-pipelay-tower/,Missing physical document artifact in packaged repository (catalog metadata only),QUARANTINED_UNVERIFIED_ARTIFACT,Download original PDF/HTML from source URL and verify SHA-256,True
EVT-IMCA-1530,International Marine Contractors Association (IMCA),SRC-IMCA-1530,https://www.imca-int.com/resources/safety/safety-flashes/0615-failure-of-underwater-pan-and-tilt-rotator-unit/,Missing physical document artifact in packaged repository (catalog metadata only),QUARANTINED_UNVERIFIED_ARTIFACT,Download original PDF/HTML from source URL and verify SHA-256,True
EVT-IMCA-1531,International Marine Contractors Association (IMCA),SRC-IMCA-1531,https://www.imca-int.com/resources/safety/safety-flashes/0615-marine-risk-management-within-the-safety-zone/,Missing physical document artifact in packaged repository (catalog metadata only),QUARANTINED_UNVERIFIED_ARTIFACT,Download original PDF/HTML from source URL and verify SHA-256,True
EVT-IMCA-1532,International Marine Contractors Association (IMCA),SRC-IMCA-1532,https://www.imca-int.com/resources/safety/safety-flashes/0615-near-miss-incidents-crew-transfer-vehicles-approaching-wind-turbines/,Missing physical document artifact in packaged repository (catalog metadata only),QUARANTINED_UNVERIFIED_ARTIFACT,Download original PDF/HTML from source URL and verify SHA-256,True
EVT-IMCA-1533,International Marine Contractors Association (IMCA),SRC-IMCA-1533,https://www.imca-int.com/resources/safety/safety-flashes/0615-badly-sprained-ankle-resulting-in-lti/,Missing physical document artifact in packaged repository (catalog metadata only),QUARANTINED_UNVERIFIED_ARTIFACT,Download original PDF/HTML from source URL and verify SHA-256,True
EVT-IMCA-1534,International Marine Contractors Association (IMCA),SRC-IMCA-1534,https://www.imca-int.com/resources/safety/safety-flashes/0515-fatal-incident-during-change-out-of-chain-wheel-gypsy-on-anchor-handling-tug-supply-ahts-vessel/,Missing physical document artifact in packaged repository (catalog metadata only),QUARANTINED_UNVERIFIED_ARTIFACT,Download original PDF/HTML from source URL and verify SHA-256,True
EVT-IMCA-1535,International Marine Contractors Association (IMCA),SRC-IMCA-1535,https://www.imca-int.com/resources/safety/safety-flashes/0515-lifting-equipment-failure-objects-dropped-into-moonpool/,Missing physical document artifact in packaged repository (catalog metadata only),QUARANTINED_UNVERIFIED_ARTIFACT,Download original PDF/HTML from source URL and verify SHA-256,True
EVT-IMCA-1536,International Marine Contractors Association (IMCA),SRC-IMCA-1536,https://www.imca-int.com/resources/safety/safety-flashes/0515-winch-brake-failure/,Missing physical document artifact in packaged repository (catalog metadata only),QUARANTINED_UNVERIFIED_ARTIFACT,Download original PDF/HTML from source URL and verify SHA-256,True
EVT-IMCA-1537,International Marine Contractors Association (IMCA),SRC-IMCA-1537,https://www.imca-int.com/resources/safety/safety-flashes/0515-msf-routine-task-badly-cut-finger-changing-mop-head/,Missing physical document artifact in packaged repository (catalog metadata only),QUARANTINED_UNVERIFIED_ARTIFACT,Download original PDF/HTML from source URL and verify SHA-256,True
EVT-IMCA-1538,International Marine Contractors Association (IMCA),SRC-IMCA-1538,https://www.imca-int.com/resources/safety/safety-flashes/0515-msf-hand-injury-during-stowing-of-anchor-chains/,Missing physical document artifact in packaged repository (catalog metadata only),QUARANTINED_UNVERIFIED_ARTIFACT,Download original PDF/HTML from source URL and verify SHA-256,True
EVT-IMCA-1539,International Marine Contractors Association (IMCA),SRC-IMCA-1539,https://www.imca-int.com/resources/safety/safety-flashes/0515-msf-pinch-point-finger-injury-during-hose-handling/,Missing physical document artifact in packaged repository (catalog metadata only),QUARANTINED_UNVERIFIED_ARTIFACT,Download original PDF/HTML from source URL and verify SHA-256,True
EVT-IMCA-1540,International Marine Contractors Association (IMCA),SRC-IMCA-1540,https://www.imca-int.com/resources/safety/safety-flashes/0415-electric-shock-incident/,Missing physical document artifact in packaged repository (catalog metadata only),QUARANTINED_UNVERIFIED_ARTIFACT,Download original PDF/HTML from source URL and verify SHA-256,True
EVT-IMCA-1541,International Marine Contractors Association (IMCA),SRC-IMCA-1541,https://www.imca-int.com/resources/safety/safety-flashes/0415-lost-time-injury-lti-during-lifting-operations-backloading-tubular-cargo/,Missing physical document artifact in packaged repository (catalog metadata only),QUARANTINED_UNVERIFIED_ARTIFACT,Download original PDF/HTML from source URL and verify SHA-256,True
EVT-IMCA-1542,International Marine Contractors Association (IMCA),SRC-IMCA-1542,https://www.imca-int.com/resources/safety/safety-flashes/0415-stored-pressure-release-hydraulic-oil/,Missing physical document artifact in packaged repository (catalog metadata only),QUARANTINED_UNVERIFIED_ARTIFACT,Download original PDF/HTML from source URL and verify SHA-256,True
EVT-IMCA-1543,International Marine Contractors Association (IMCA),SRC-IMCA-1543,https://www.imca-int.com/resources/safety/safety-flashes/0415-diver-fainted/,Missing physical document artifact in packaged repository (catalog metadata only),QUARANTINED_UNVERIFIED_ARTIFACT,Download original PDF/HTML from source URL and verify SHA-256,True
EVT-IMCA-1544,International Marine Contractors Association (IMCA),SRC-IMCA-1544,https://www.imca-int.com/resources/safety/safety-flashes/0415-near-miss-quarantine-of-fall-arrest-equipment/,Missing physical document artifact in packaged repository (catalog metadata only),QUARANTINED_UNVERIFIED_ARTIFACT,Download original PDF/HTML from source URL and verify SHA-256,True
EVT-IMCA-1545,International Marine Contractors Association (IMCA),SRC-IMCA-1545,https://www.imca-int.com/resources/safety/safety-flashes/0415-near-miss-drawstring-on-storm-jacket-nearly-drawn-into-rotating-equipment/,Missing physical document artifact in packaged repository (catalog metadata only),QUARANTINED_UNVERIFIED_ARTIFACT,Download original PDF/HTML from source URL and verify SHA-256,True
EVT-IMCA-1546,International Marine Contractors Association (IMCA),SRC-IMCA-1546,https://www.imca-int.com/resources/safety/safety-flashes/0415-msf-fire-in-engine-room-on-platform-supply-vessel/,Missing physical document artifact in packaged repository (catalog metadata only),QUARANTINED_UNVERIFIED_ARTIFACT,Download original PDF/HTML from source URL and verify SHA-256,True
EVT-IMCA-1547,International Marine Contractors Association (IMCA),SRC-IMCA-1547,https://www.imca-int.com/resources/safety/safety-flashes/0315-capstan-wire-parted-during-deployment-of-anchor-buoy/,Missing physical document artifact in packaged repository (catalog metadata only),QUARANTINED_UNVERIFIED_ARTIFACT,Download original PDF/HTML from source URL and verify SHA-256,True
EVT-IMCA-1548,International Marine Contractors Association (IMCA),SRC-IMCA-1548,https://www.imca-int.com/resources/safety/safety-flashes/0315-diver-sustains-water-jetting-injury/,Missing physical document artifact in packaged repository (catalog metadata only),QUARANTINED_UNVERIFIED_ARTIFACT,Download original PDF/HTML from source URL and verify SHA-256,True
EVT-IMCA-1549,International Marine Contractors Association (IMCA),SRC-IMCA-1549,https://www.imca-int.com/resources/safety/safety-flashes/0315-msf-near-miss-supply-vessel-in-path-of-helicopter-making-approach-to-platform/,Missing physical document artifact in packaged repository (catalog metadata only),QUARANTINED_UNVERIFIED_ARTIFACT,Download original PDF/HTML from source URL and verify SHA-256,True
EVT-IMCA-1550,International Marine Contractors Association (IMCA),SRC-IMCA-1550,https://www.imca-int.com/resources/safety/safety-flashes/0315-near-miss-manual-handling-in-the-office/,Missing physical document artifact in packaged repository (catalog metadata only),QUARANTINED_UNVERIFIED_ARTIFACT,Download original PDF/HTML from source URL and verify SHA-256,True
EVT-IMCA-1551,International Marine Contractors Association (IMCA),SRC-IMCA-1551,https://www.imca-int.com/resources/safety/safety-flashes/0315-near-miss-potential-fall-from-height-during-launch-of-rescue-craft/,Missing physical document artifact in packaged repository (catalog metadata only),QUARANTINED_UNVERIFIED_ARTIFACT,Download original PDF/HTML from source URL and verify SHA-256,True
EVT-IMCA-1552,International Marine Contractors Association (IMCA),SRC-IMCA-1552,https://www.imca-int.com/resources/safety/safety-flashes/0315-man-overboard-mob-rescue-lifting-slings-parted/,Missing physical document artifact in packaged repository (catalog metadata only),QUARANTINED_UNVERIFIED_ARTIFACT,Download original PDF/HTML from source URL and verify SHA-256,True
EVT-IMCA-1553,International Marine Contractors Association (IMCA),SRC-IMCA-1553,https://www.imca-int.com/resources/safety/safety-flashes/0215-dropped-object-near-miss-falling-crane-block/,Missing physical document artifact in packaged repository (catalog metadata only),QUARANTINED_UNVERIFIED_ARTIFACT,Download original PDF/HTML from source URL and verify SHA-256,True
EVT-IMCA-1554,International Marine Contractors Association (IMCA),SRC-IMCA-1554,https://www.imca-int.com/resources/safety/safety-flashes/0215-msf-dropped-object-near-misses/,Missing physical document artifact in packaged repository (catalog metadata only),QUARANTINED_UNVERIFIED_ARTIFACT,Download original PDF/HTML from source URL and verify SHA-256,True
EVT-IMCA-1555,International Marine Contractors Association (IMCA),SRC-IMCA-1555,https://www.imca-int.com/resources/safety/safety-flashes/0215-dropped-object-failure-of-lump-hammer/,Missing physical document artifact in packaged repository (catalog metadata only),QUARANTINED_UNVERIFIED_ARTIFACT,Download original PDF/HTML from source URL and verify SHA-256,True
EVT-IMCA-1556,International Marine Contractors Association (IMCA),SRC-IMCA-1556,https://www.imca-int.com/resources/safety/safety-flashes/0215-near-miss-missing-nut-and-split-pin-on-shackle/,Missing physical document artifact in packaged repository (catalog metadata only),QUARANTINED_UNVERIFIED_ARTIFACT,Download original PDF/HTML from source URL and verify SHA-256,True
EVT-IMCA-1557,International Marine Contractors Association (IMCA),SRC-IMCA-1557,https://www.imca-int.com/resources/safety/safety-flashes/0215-near-miss-man-overboard/,Missing physical document artifact in packaged repository (catalog metadata only),QUARANTINED_UNVERIFIED_ARTIFACT,Download original PDF/HTML from source URL and verify SHA-256,True
EVT-IMCA-1558,International Marine Contractors Association (IMCA),SRC-IMCA-1558,https://www.imca-int.com/resources/safety/safety-flashes/0215-wsh-fatality-worker-crushed-by-engine-piston-assembly/,Missing physical document artifact in packaged repository (catalog metadata only),QUARANTINED_UNVERIFIED_ARTIFACT,Download original PDF/HTML from source URL and verify SHA-256,True
EVT-IMCA-1559,International Marine Contractors Association (IMCA),SRC-IMCA-1559,https://www.imca-int.com/resources/safety/safety-flashes/0115-lost-time-injury-lti-hand-injury-during-mooring-operations/,Missing physical document artifact in packaged repository (catalog metadata only),QUARANTINED_UNVERIFIED_ARTIFACT,Download original PDF/HTML from source URL and verify SHA-256,True
EVT-IMCA-1560,International Marine Contractors Association (IMCA),SRC-IMCA-1560,https://www.imca-int.com/resources/safety/safety-flashes/0115-near-miss-safe-use-of-chains-in-rigging/,Missing physical document artifact in packaged repository (catalog metadata only),QUARANTINED_UNVERIFIED_ARTIFACT,Download original PDF/HTML from source URL and verify SHA-256,True
EVT-IMCA-1561,International Marine Contractors Association (IMCA),SRC-IMCA-1561,https://www.imca-int.com/resources/safety/safety-flashes/0115-near-miss-anchoring-of-rigging-to-uncertified-points/,Missing physical document artifact in packaged repository (catalog metadata only),QUARANTINED_UNVERIFIED_ARTIFACT,Download original PDF/HTML from source URL and verify SHA-256,True
EVT-IMCA-1562,International Marine Contractors Association (IMCA),SRC-IMCA-1562,https://www.imca-int.com/resources/safety/safety-flashes/0115-s92-helicopter-pressure-refuelling-incident/,Missing physical document artifact in packaged repository (catalog metadata only),QUARANTINED_UNVERIFIED_ARTIFACT,Download original PDF/HTML from source URL and verify SHA-256,True
EVT-IMCA-1563,International Marine Contractors Association (IMCA),SRC-IMCA-1563,https://www.imca-int.com/resources/safety/safety-flashes/0115-disposal-of-flammable-substances-with-ignition-sources/,Missing physical document artifact in packaged repository (catalog metadata only),QUARANTINED_UNVERIFIED_ARTIFACT,Download original PDF/HTML from source URL and verify SHA-256,True
EVT-IMCA-1564,International Marine Contractors Association (IMCA),SRC-IMCA-1564,https://www.imca-int.com/resources/safety/safety-flashes/0115-unplanned-release-of-960-litres-of-hydraulic-oil/,Missing physical document artifact in packaged repository (catalog metadata only),QUARANTINED_UNVERIFIED_ARTIFACT,Download original PDF/HTML from source URL and verify SHA-256,True
EVT-IMCA-1565,International Marine Contractors Association (IMCA),SRC-IMCA-1565,https://www.imca-int.com/resources/safety/safety-flashes/0115-high-potential-dropped-object/,Missing physical document artifact in packaged repository (catalog metadata only),QUARANTINED_UNVERIFIED_ARTIFACT,Download original PDF/HTML from source URL and verify SHA-256,True
EVT-IMCA-1566,International Marine Contractors Association (IMCA),SRC-IMCA-1566,https://www.imca-int.com/resources/safety/safety-flashes/1914-injuries-due-to-failure-of-diver-s-emergency-gas-cylinder/,Missing physical document artifact in packaged repository (catalog metadata only),QUARANTINED_UNVERIFIED_ARTIFACT,Download original PDF/HTML from source URL and verify SHA-256,True
EVT-IMCA-1567,International Marine Contractors Association (IMCA),SRC-IMCA-1567,https://www.imca-int.com/resources/safety/safety-flashes/1914-near-miss-dropped-object-from-cargo/,Missing physical document artifact in packaged repository (catalog metadata only),QUARANTINED_UNVERIFIED_ARTIFACT,Download original PDF/HTML from source URL and verify SHA-256,True
EVT-IMCA-1568,International Marine Contractors Association (IMCA),SRC-IMCA-1568,https://www.imca-int.com/resources/safety/safety-flashes/1914-collision-and-near-miss-caused-by-guard-vessel/,Missing physical document artifact in packaged repository (catalog metadata only),QUARANTINED_UNVERIFIED_ARTIFACT,Download original PDF/HTML from source URL and verify SHA-256,True
EVT-IMCA-1569,International Marine Contractors Association (IMCA),SRC-IMCA-1569,https://www.imca-int.com/resources/safety/safety-flashes/1914-wsh-fatality-worker-hit-by-ship-crane-during-lifting-operation/,Missing physical document artifact in packaged repository (catalog metadata only),QUARANTINED_UNVERIFIED_ARTIFACT,Download original PDF/HTML from source URL and verify SHA-256,True
EVT-IMCA-1570,International Marine Contractors Association (IMCA),SRC-IMCA-1570,https://www.imca-int.com/resources/safety/safety-flashes/1914-fire-in-wheelhouse-on-offshore-renewables-crew-transfer-vessel/,Missing physical document artifact in packaged repository (catalog metadata only),QUARANTINED_UNVERIFIED_ARTIFACT,Download original PDF/HTML from source URL and verify SHA-256,True
EVT-IMCA-1572,International Marine Contractors Association (IMCA),SRC-IMCA-1572,https://www.imca-int.com/resources/safety/safety-flashes/1814-failure-of-bell-winch-clutch-coupling-during-bell-recovery/,Missing physical document artifact in packaged repository (catalog metadata only),QUARANTINED_UNVERIFIED_ARTIFACT,Download original PDF/HTML from source URL and verify SHA-256,True
EVT-IMCA-1573,International Marine Contractors Association (IMCA),SRC-IMCA-1573,https://www.imca-int.com/resources/safety/safety-flashes/1814-master-link-failure-during-testing-of-overboarding-chute/,Missing physical document artifact in packaged repository (catalog metadata only),QUARANTINED_UNVERIFIED_ARTIFACT,Download original PDF/HTML from source URL and verify SHA-256,True
EVT-IMCA-1574,International Marine Contractors Association (IMCA),SRC-IMCA-1574,https://www.imca-int.com/resources/safety/safety-flashes/1814-hydraulic-umbilical-winch-operation-trapped-thumb/,Missing physical document artifact in packaged repository (catalog metadata only),QUARANTINED_UNVERIFIED_ARTIFACT,Download original PDF/HTML from source URL and verify SHA-256,True
EVT-IMCA-1575,International Marine Contractors Association (IMCA),SRC-IMCA-1575,https://www.imca-int.com/resources/safety/safety-flashes/1814-injuries-sustained-whilst-trying-to-stop-moving-objects/,Missing physical document artifact in packaged repository (catalog metadata only),QUARANTINED_UNVERIFIED_ARTIFACT,Download original PDF/HTML from source URL and verify SHA-256,True
EVT-IMCA-1576,International Marine Contractors Association (IMCA),SRC-IMCA-1576,https://www.imca-int.com/resources/safety/safety-flashes/1814-dropped-object-incidents/,Missing physical document artifact in packaged repository (catalog metadata only),QUARANTINED_UNVERIFIED_ARTIFACT,Download original PDF/HTML from source URL and verify SHA-256,True
EVT-IMCA-1577,International Marine Contractors Association (IMCA),SRC-IMCA-1577,https://www.imca-int.com/resources/safety/safety-flashes/1814-near-miss-inadequate-insulation-of-690v-bus-bars/,Missing physical document artifact in packaged repository (catalog metadata only),QUARANTINED_UNVERIFIED_ARTIFACT,Download original PDF/HTML from source URL and verify SHA-256,True
EVT-IMCA-1578,International Marine Contractors Association (IMCA),SRC-IMCA-1578,https://www.imca-int.com/resources/safety/safety-flashes/1714-lost-time-injury-lti-fall-overboardfall-from-height/,Missing physical document artifact in packaged repository (catalog metadata only),QUARANTINED_UNVERIFIED_ARTIFACT,Download original PDF/HTML from source URL and verify SHA-256,True
EVT-IMCA-1579,International Marine Contractors Association (IMCA),SRC-IMCA-1579,https://www.imca-int.com/resources/safety/safety-flashes/1714-lithium-battery-pack-explosion/,Missing physical document artifact in packaged repository (catalog metadata only),QUARANTINED_UNVERIFIED_ARTIFACT,Download original PDF/HTML from source URL and verify SHA-256,True
EVT-IMCA-1580,International Marine Contractors Association (IMCA),SRC-IMCA-1580,https://www.imca-int.com/resources/safety/safety-flashes/1714-hydraulic-injection-injuries/,Missing physical document artifact in packaged repository (catalog metadata only),QUARANTINED_UNVERIFIED_ARTIFACT,Download original PDF/HTML from source URL and verify SHA-256,True
EVT-IMCA-1581,International Marine Contractors Association (IMCA),SRC-IMCA-1581,https://www.imca-int.com/resources/safety/safety-flashes/1714-uncontrolled-rotation-of-96m-reel/,Missing physical document artifact in packaged repository (catalog metadata only),QUARANTINED_UNVERIFIED_ARTIFACT,Download original PDF/HTML from source URL and verify SHA-256,True
EVT-IMCA-1582,International Marine Contractors Association (IMCA),SRC-IMCA-1582,https://www.imca-int.com/resources/safety/safety-flashes/1714-slips-trips-and-falls-raising-awareness/,Missing physical document artifact in packaged repository (catalog metadata only),QUARANTINED_UNVERIFIED_ARTIFACT,Download original PDF/HTML from source URL and verify SHA-256,True
EVT-IMCA-1583,International Marine Contractors Association (IMCA),SRC-IMCA-1583,https://www.imca-int.com/resources/safety/safety-flashes/1614-near-miss-engine-room-flooding/,Missing physical document artifact in packaged repository (catalog metadata only),QUARANTINED_UNVERIFIED_ARTIFACT,Download original PDF/HTML from source URL and verify SHA-256,True
EVT-IMCA-1584,International Marine Contractors Association (IMCA),SRC-IMCA-1584,https://www.imca-int.com/resources/safety/safety-flashes/1614-dropped-object-incident/,Missing physical document artifact in packaged repository (catalog metadata only),QUARANTINED_UNVERIFIED_ARTIFACT,Download original PDF/HTML from source URL and verify SHA-256,True
EVT-IMCA-1585,International Marine Contractors Association (IMCA),SRC-IMCA-1585,https://www.imca-int.com/resources/safety/safety-flashes/1614-near-miss-failure-of-diving-helmet-communications-module/,Missing physical document artifact in packaged repository (catalog metadata only),QUARANTINED_UNVERIFIED_ARTIFACT,Download original PDF/HTML from source URL and verify SHA-256,True
EVT-IMCA-1586,International Marine Contractors Association (IMCA),SRC-IMCA-1586,https://www.imca-int.com/resources/safety/safety-flashes/1614-msf-near-miss-incident-involving-dry-bulk-pressure-system/,Missing physical document artifact in packaged repository (catalog metadata only),QUARANTINED_UNVERIFIED_ARTIFACT,Download original PDF/HTML from source URL and verify SHA-256,True
EVT-IMCA-1587,International Marine Contractors Association (IMCA),SRC-IMCA-1587,https://www.imca-int.com/resources/safety/safety-flashes/1614-ruptured-hydraulic-hoses/,Missing physical document artifact in packaged repository (catalog metadata only),QUARANTINED_UNVERIFIED_ARTIFACT,Download original PDF/HTML from source URL and verify SHA-256,True
EVT-IMCA-1588,International Marine Contractors Association (IMCA),SRC-IMCA-1588,https://www.imca-int.com/resources/safety/safety-flashes/1614-msf-person-struck-by-tugger-wire-assembly/,Missing physical document artifact in packaged repository (catalog metadata only),QUARANTINED_UNVERIFIED_ARTIFACT,Download original PDF/HTML from source URL and verify SHA-256,True
EVT-IMCA-1589,International Marine Contractors Association (IMCA),SRC-IMCA-1589,https://www.imca-int.com/resources/safety/safety-flashes/1514-dropped-object-near-miss-unsecured-plastic-box-fell-from-load-being-lifted-by-mobile-crane/,Missing physical document artifact in packaged repository (catalog metadata only),QUARANTINED_UNVERIFIED_ARTIFACT,Download original PDF/HTML from source URL and verify SHA-256,True
EVT-IMCA-1590,International Marine Contractors Association (IMCA),SRC-IMCA-1590,https://www.imca-int.com/resources/safety/safety-flashes/1514-440v-electrical-shock-incident/,Missing physical document artifact in packaged repository (catalog metadata only),QUARANTINED_UNVERIFIED_ARTIFACT,Download original PDF/HTML from source URL and verify SHA-256,True
EVT-IMCA-1591,International Marine Contractors Association (IMCA),SRC-IMCA-1591,https://www.imca-int.com/resources/safety/safety-flashes/1514-diver-injured-after-being-trapped-underwater/,Missing physical document artifact in packaged repository (catalog metadata only),QUARANTINED_UNVERIFIED_ARTIFACT,Download original PDF/HTML from source URL and verify SHA-256,True
EVT-IMCA-1592,International Marine Contractors Association (IMCA),SRC-IMCA-1592,https://www.imca-int.com/resources/safety/safety-flashes/1514-alternator-bearing-collapse-caused-small-fire/,Missing physical document artifact in packaged repository (catalog metadata only),QUARANTINED_UNVERIFIED_ARTIFACT,Download original PDF/HTML from source URL and verify SHA-256,True
EVT-IMCA-1593,International Marine Contractors Association (IMCA),SRC-IMCA-1593,https://www.imca-int.com/resources/safety/safety-flashes/1514-confined-space-entry-multiple-fatalities/,Missing physical document artifact in packaged repository (catalog metadata only),QUARANTINED_UNVERIFIED_ARTIFACT,Download original PDF/HTML from source URL and verify SHA-256,True
EVT-IMCA-1594,International Marine Contractors Association (IMCA),SRC-IMCA-1594,https://www.imca-int.com/resources/safety/safety-flashes/1514-marine-safe-australia-hand-injuries/,Missing physical document artifact in packaged repository (catalog metadata only),QUARANTINED_UNVERIFIED_ARTIFACT,Download original PDF/HTML from source URL and verify SHA-256,True
EVT-IMCA-1595,International Marine Contractors Association (IMCA),SRC-IMCA-1595,https://www.imca-int.com/resources/safety/safety-flashes/1414-high-potential-stored-energy-incident-inner-buoyancy-module-clamp-failure-during-removal/,Missing physical document artifact in packaged repository (catalog metadata only),QUARANTINED_UNVERIFIED_ARTIFACT,Download original PDF/HTML from source URL and verify SHA-256,True
EVT-IMCA-1596,International Marine Contractors Association (IMCA),SRC-IMCA-1596,https://www.imca-int.com/resources/safety/safety-flashes/1414-near-miss-incorrect-length-retaining-screws-fitted-on-divers-helmet/,Missing physical document artifact in packaged repository (catalog metadata only),QUARANTINED_UNVERIFIED_ARTIFACT,Download original PDF/HTML from source URL and verify SHA-256,True
EVT-IMCA-1597,International Marine Contractors Association (IMCA),SRC-IMCA-1597,https://www.imca-int.com/resources/safety/safety-flashes/1414-lost-time-injury-lti-trip-incident/,Missing physical document artifact in packaged repository (catalog metadata only),QUARANTINED_UNVERIFIED_ARTIFACT,Download original PDF/HTML from source URL and verify SHA-256,True
EVT-IMCA-1598,International Marine Contractors Association (IMCA),SRC-IMCA-1598,https://www.imca-int.com/resources/safety/safety-flashes/1414-lost-time-injury-lti-trip-incident-during-routine-task/,Missing physical document artifact in packaged repository (catalog metadata only),QUARANTINED_UNVERIFIED_ARTIFACT,Download original PDF/HTML from source URL and verify SHA-256,True
EVT-IMCA-1599,International Marine Contractors Association (IMCA),SRC-IMCA-1599,https://www.imca-int.com/resources/safety/safety-flashes/1414-high-potential-dropped-object-incident/,Missing physical document artifact in packaged repository (catalog metadata only),QUARANTINED_UNVERIFIED_ARTIFACT,Download original PDF/HTML from source URL and verify SHA-256,True
EVT-IMCA-1600,International Marine Contractors Association (IMCA),SRC-IMCA-1600,https://www.imca-int.com/resources/safety/safety-flashes/1414-msf-disposal-of-pyrotechnics/,Missing physical document artifact in packaged repository (catalog metadata only),QUARANTINED_UNVERIFIED_ARTIFACT,Download original PDF/HTML from source URL and verify SHA-256,True
EVT-IMCA-1601,International Marine Contractors Association (IMCA),SRC-IMCA-1601,https://www.imca-int.com/resources/safety/safety-flashes/1414-lifting-and-rigging-plans/,Missing physical document artifact in packaged repository (catalog metadata only),QUARANTINED_UNVERIFIED_ARTIFACT,Download original PDF/HTML from source URL and verify SHA-256,True
EVT-IMCA-1602,International Marine Contractors Association (IMCA),SRC-IMCA-1602,https://www.imca-int.com/resources/safety/safety-flashes/1314-bell-re-claim-failure-resulting-in-minor-injury/,Missing physical document artifact in packaged repository (catalog metadata only),QUARANTINED_UNVERIFIED_ARTIFACT,Download original PDF/HTML from source URL and verify SHA-256,True
EVT-IMCA-1603,International Marine Contractors Association (IMCA),SRC-IMCA-1603,https://www.imca-int.com/resources/safety/safety-flashes/1314-near-miss-unauthorised-release-of-shore-controlled-mooring-lines/,Missing physical document artifact in packaged repository (catalog metadata only),QUARANTINED_UNVERIFIED_ARTIFACT,Download original PDF/HTML from source URL and verify SHA-256,True
EVT-IMCA-1604,International Marine Contractors Association (IMCA),SRC-IMCA-1604,https://www.imca-int.com/resources/safety/safety-flashes/1314-failure-of-lifeboat-release-hook-mechanism/,Missing physical document artifact in packaged repository (catalog metadata only),QUARANTINED_UNVERIFIED_ARTIFACT,Download original PDF/HTML from source URL and verify SHA-256,True
EVT-IMCA-1605,International Marine Contractors Association (IMCA),SRC-IMCA-1605,https://www.imca-int.com/resources/safety/safety-flashes/1314-main-rov-lift-umbilical-parted/,Missing physical document artifact in packaged repository (catalog metadata only),QUARANTINED_UNVERIFIED_ARTIFACT,Download original PDF/HTML from source URL and verify SHA-256,True
EVT-IMCA-1606,International Marine Contractors Association (IMCA),SRC-IMCA-1606,https://www.imca-int.com/resources/safety/safety-flashes/1314-unplanned-vessel-contact-with-an-installation-during-lifting-operations/,Missing physical document artifact in packaged repository (catalog metadata only),QUARANTINED_UNVERIFIED_ARTIFACT,Download original PDF/HTML from source URL and verify SHA-256,True
EVT-IMCA-1607,International Marine Contractors Association (IMCA),SRC-IMCA-1607,https://www.imca-int.com/resources/safety/safety-flashes/1314-potential-dropped-object-poor-housekeeping/,Missing physical document artifact in packaged repository (catalog metadata only),QUARANTINED_UNVERIFIED_ARTIFACT,Download original PDF/HTML from source URL and verify SHA-256,True
EVT-IMCA-1608,International Marine Contractors Association (IMCA),SRC-IMCA-1608,https://www.imca-int.com/resources/safety/safety-flashes/1014-engine-room-fire-1/,Missing physical document artifact in packaged repository (catalog metadata only),QUARANTINED_UNVERIFIED_ARTIFACT,Download original PDF/HTML from source URL and verify SHA-256,True
EVT-IMCA-1609,International Marine Contractors Association (IMCA),SRC-IMCA-1609,https://www.imca-int.com/resources/safety/safety-flashes/1214-punctured-welding-hose-flash-fire/,Missing physical document artifact in packaged repository (catalog metadata only),QUARANTINED_UNVERIFIED_ARTIFACT,Download original PDF/HTML from source URL and verify SHA-256,True
EVT-IMCA-1610,International Marine Contractors Association (IMCA),SRC-IMCA-1610,https://www.imca-int.com/resources/safety/safety-flashes/1214-lost-time-injury-lti-winch-base-plate-failure/,Missing physical document artifact in packaged repository (catalog metadata only),QUARANTINED_UNVERIFIED_ARTIFACT,Download original PDF/HTML from source URL and verify SHA-256,True
EVT-IMCA-1611,International Marine Contractors Association (IMCA),SRC-IMCA-1611,https://www.imca-int.com/resources/safety/safety-flashes/1214-lost-time-injury-lti-during-mooring-operations/,Missing physical document artifact in packaged repository (catalog metadata only),QUARANTINED_UNVERIFIED_ARTIFACT,Download original PDF/HTML from source URL and verify SHA-256,True
EVT-IMCA-1612,International Marine Contractors Association (IMCA),SRC-IMCA-1612,https://www.imca-int.com/resources/safety/safety-flashes/1214-near-miss-loose-life-jackets-caused-man-overboard-mob-alert/,Missing physical document artifact in packaged repository (catalog metadata only),QUARANTINED_UNVERIFIED_ARTIFACT,Download original PDF/HTML from source URL and verify SHA-256,True
EVT-IMCA-1613,International Marine Contractors Association (IMCA),SRC-IMCA-1613,https://www.imca-int.com/resources/safety/safety-flashes/1214-lost-time-injury-lti-trapped-finger/,Missing physical document artifact in packaged repository (catalog metadata only),QUARANTINED_UNVERIFIED_ARTIFACT,Download original PDF/HTML from source URL and verify SHA-256,True
EVT-IMCA-1614,International Marine Contractors Association (IMCA),SRC-IMCA-1614,https://www.imca-int.com/resources/safety/safety-flashes/1214-fatality-man-overboard/,Missing physical document artifact in packaged repository (catalog metadata only),QUARANTINED_UNVERIFIED_ARTIFACT,Download original PDF/HTML from source URL and verify SHA-256,True
EVT-IMCA-1615,International Marine Contractors Association (IMCA),SRC-IMCA-1615,https://www.imca-int.com/resources/safety/safety-flashes/1114-failure-of-master-link-during-subsea-lifting-operations/,Missing physical document artifact in packaged repository (catalog metadata only),QUARANTINED_UNVERIFIED_ARTIFACT,Download original PDF/HTML from source URL and verify SHA-256,True
EVT-IMCA-1616,International Marine Contractors Association (IMCA),SRC-IMCA-1616,https://www.imca-int.com/resources/safety/safety-flashes/1114-lost-time-injury-lti-hand-severed-during-mooring-operations/,Missing physical document artifact in packaged repository (catalog metadata only),QUARANTINED_UNVERIFIED_ARTIFACT,Download original PDF/HTML from source URL and verify SHA-256,True
EVT-IMCA-1617,International Marine Contractors Association (IMCA),SRC-IMCA-1617,https://www.imca-int.com/resources/safety/safety-flashes/1114-lost-time-injury-lti-severe-hand-injury-in-galley/,Missing physical document artifact in packaged repository (catalog metadata only),QUARANTINED_UNVERIFIED_ARTIFACT,Download original PDF/HTML from source URL and verify SHA-256,True
EVT-IMCA-1618,International Marine Contractors Association (IMCA),SRC-IMCA-1618,https://www.imca-int.com/resources/safety/safety-flashes/1114-near-miss-collapse-of-rov-launch-and-recovery-system-lars/,Missing physical document artifact in packaged repository (catalog metadata only),QUARANTINED_UNVERIFIED_ARTIFACT,Download original PDF/HTML from source URL and verify SHA-256,True
EVT-IMCA-1619,International Marine Contractors Association (IMCA),SRC-IMCA-1619,https://www.imca-int.com/resources/safety/safety-flashes/1114-hydraulic-hose-failure-caused-collapse-of-heavy-haulage-trailer/,Missing physical document artifact in packaged repository (catalog metadata only),QUARANTINED_UNVERIFIED_ARTIFACT,Download original PDF/HTML from source URL and verify SHA-256,True
EVT-IMCA-1620,International Marine Contractors Association (IMCA),SRC-IMCA-1620,https://www.imca-int.com/resources/safety/safety-flashes/1114-inadequate-snap-hooks-on-life-jackets/,Missing physical document artifact in packaged repository (catalog metadata only),QUARANTINED_UNVERIFIED_ARTIFACT,Download original PDF/HTML from source URL and verify SHA-256,True
EVT-IMCA-1621,International Marine Contractors Association (IMCA),SRC-IMCA-1621,https://www.imca-int.com/resources/safety/safety-flashes/1014-fire-in-engine-room-on-platform-supply-vessel/,Missing physical document artifact in packaged repository (catalog metadata only),QUARANTINED_UNVERIFIED_ARTIFACT,Download original PDF/HTML from source URL and verify SHA-256,True
EVT-IMCA-1622,International Marine Contractors Association (IMCA),SRC-IMCA-1622,https://www.imca-int.com/resources/safety/safety-flashes/1014-serious-engine-room-fire-whilst-divers-in-saturation/,Missing physical document artifact in packaged repository (catalog metadata only),QUARANTINED_UNVERIFIED_ARTIFACT,Download original PDF/HTML from source URL and verify SHA-256,True
EVT-IMCA-1623,International Marine Contractors Association (IMCA),SRC-IMCA-1623,https://www.imca-int.com/resources/safety/safety-flashes/1014-fire-in-engine-room-on-platform-supply-vessel-1/,Missing physical document artifact in packaged repository (catalog metadata only),QUARANTINED_UNVERIFIED_ARTIFACT,Download original PDF/HTML from source URL and verify SHA-256,True
EVT-IMCA-1624,International Marine Contractors Association (IMCA),SRC-IMCA-1624,https://www.imca-int.com/resources/safety/safety-flashes/1014-fire-in-engine-space-on-crew-transfer-vessel-ctv/,Missing physical document artifact in packaged repository (catalog metadata only),QUARANTINED_UNVERIFIED_ARTIFACT,Download original PDF/HTML from source URL and verify SHA-256,True
EVT-IMCA-1625,International Marine Contractors Association (IMCA),SRC-IMCA-1625,https://www.imca-int.com/resources/safety/safety-flashes/1014-engine-room-fire/,Missing physical document artifact in packaged repository (catalog metadata only),QUARANTINED_UNVERIFIED_ARTIFACT,Download original PDF/HTML from source URL and verify SHA-256,True
EVT-IMCA-1626,International Marine Contractors Association (IMCA),SRC-IMCA-1626,https://www.imca-int.com/resources/safety/safety-flashes/0914-vessel-blackout-during-close-standby/,Missing physical document artifact in packaged repository (catalog metadata only),QUARANTINED_UNVERIFIED_ARTIFACT,Download original PDF/HTML from source URL and verify SHA-256,True
EVT-IMCA-1627,International Marine Contractors Association (IMCA),SRC-IMCA-1627,https://www.imca-int.com/resources/safety/safety-flashes/0914-serious-dropped-object-incidents/,Missing physical document artifact in packaged repository (catalog metadata only),QUARANTINED_UNVERIFIED_ARTIFACT,Download original PDF/HTML from source URL and verify SHA-256,True
EVT-IMCA-1628,International Marine Contractors Association (IMCA),SRC-IMCA-1628,https://www.imca-int.com/resources/safety/safety-flashes/0914-lost-time-injury-lti-serious-hand-injury-caught-in-the-bight/,Missing physical document artifact in packaged repository (catalog metadata only),QUARANTINED_UNVERIFIED_ARTIFACT,Download original PDF/HTML from source URL and verify SHA-256,True
EVT-IMCA-1629,International Marine Contractors Association (IMCA),SRC-IMCA-1629,https://www.imca-int.com/resources/safety/safety-flashes/0914-first-aid-incident-during-at-sea-fuel-transfer-mooring-lines/,Missing physical document artifact in packaged repository (catalog metadata only),QUARANTINED_UNVERIFIED_ARTIFACT,Download original PDF/HTML from source URL and verify SHA-256,True
EVT-IMCA-1630,International Marine Contractors Association (IMCA),SRC-IMCA-1630,https://www.imca-int.com/resources/safety/safety-flashes/0914-pressure-vessel-systems-response-to-fatal-accident/,Missing physical document artifact in packaged repository (catalog metadata only),QUARANTINED_UNVERIFIED_ARTIFACT,Download original PDF/HTML from source URL and verify SHA-256,True
EVT-IMCA-1631,International Marine Contractors Association (IMCA),SRC-IMCA-1631,https://www.imca-int.com/resources/safety/safety-flashes/0814-crewman-struck-by-dropped-object/,Missing physical document artifact in packaged repository (catalog metadata only),QUARANTINED_UNVERIFIED_ARTIFACT,Download original PDF/HTML from source URL and verify SHA-256,True
EVT-IMCA-1632,International Marine Contractors Association (IMCA),SRC-IMCA-1632,https://www.imca-int.com/resources/safety/safety-flashes/0814-unsecured-object-lifted-by-helicopter-downwash/,Missing physical document artifact in packaged repository (catalog metadata only),QUARANTINED_UNVERIFIED_ARTIFACT,Download original PDF/HTML from source URL and verify SHA-256,True
EVT-IMCA-1633,International Marine Contractors Association (IMCA),SRC-IMCA-1633,https://www.imca-int.com/resources/safety/safety-flashes/0814-crewman-suffered-first-aid-injury-during-cutting-operations/,Missing physical document artifact in packaged repository (catalog metadata only),QUARANTINED_UNVERIFIED_ARTIFACT,Download original PDF/HTML from source URL and verify SHA-256,True
EVT-IMCA-1634,International Marine Contractors Association (IMCA),SRC-IMCA-1634,https://www.imca-int.com/resources/safety/safety-flashes/0814-cutting-torch-hose-separates-from-flame-arrestor/,Missing physical document artifact in packaged repository (catalog metadata only),QUARANTINED_UNVERIFIED_ARTIFACT,Download original PDF/HTML from source URL and verify SHA-256,True
EVT-IMCA-1635,International Marine Contractors Association (IMCA),SRC-IMCA-1635,https://www.imca-int.com/resources/safety/safety-flashes/0814-near-miss-potential-fire-hazard-from-halogen-lamp/,Missing physical document artifact in packaged repository (catalog metadata only),QUARANTINED_UNVERIFIED_ARTIFACT,Download original PDF/HTML from source URL and verify SHA-256,True
EVT-IMCA-1636,International Marine Contractors Association (IMCA),SRC-IMCA-1636,https://www.imca-int.com/resources/safety/safety-flashes/0714-first-aid-injury-thermos-cup-exploded-after-being-in-hyperbaric-environment/,Missing physical document artifact in packaged repository (catalog metadata only),QUARANTINED_UNVERIFIED_ARTIFACT,Download original PDF/HTML from source URL and verify SHA-256,True
EVT-IMCA-1637,International Marine Contractors Association (IMCA),SRC-IMCA-1637,https://www.imca-int.com/resources/safety/safety-flashes/0714-hand-injury-during-retrieval-of-personal-protective-equipment-ppe-stored-inside-a-compressor-unit/,Missing physical document artifact in packaged repository (catalog metadata only),QUARANTINED_UNVERIFIED_ARTIFACT,Download original PDF/HTML from source URL and verify SHA-256,True
EVT-IMCA-1638,International Marine Contractors Association (IMCA),SRC-IMCA-1638,https://www.imca-int.com/resources/safety/safety-flashes/0714-crane-wire-rope-grip-incorrectly-fitted/,Missing physical document artifact in packaged repository (catalog metadata only),QUARANTINED_UNVERIFIED_ARTIFACT,Download original PDF/HTML from source URL and verify SHA-256,True
EVT-IMCA-1639,International Marine Contractors Association (IMCA),SRC-IMCA-1639,https://www.imca-int.com/resources/safety/safety-flashes/0714-crew-transfer-vessel-in-collision-with-anchor-wire/,Missing physical document artifact in packaged repository (catalog metadata only),QUARANTINED_UNVERIFIED_ARTIFACT,Download original PDF/HTML from source URL and verify SHA-256,True
EVT-IMCA-1640,International Marine Contractors Association (IMCA),SRC-IMCA-1640,https://www.imca-int.com/resources/safety/safety-flashes/0714-injury-caused-by-movement-of-wire-rope-under-tension/,Missing physical document artifact in packaged repository (catalog metadata only),QUARANTINED_UNVERIFIED_ARTIFACT,Download original PDF/HTML from source URL and verify SHA-256,True
EVT-IMCA-1641,International Marine Contractors Association (IMCA),SRC-IMCA-1641,https://www.imca-int.com/resources/safety/safety-flashes/0714-master-link-and-sub-link-failures-on-lifting-equipment/,Missing physical document artifact in packaged repository (catalog metadata only),QUARANTINED_UNVERIFIED_ARTIFACT,Download original PDF/HTML from source URL and verify SHA-256,True
EVT-IMCA-1642,International Marine Contractors Association (IMCA),SRC-IMCA-1642,https://www.imca-int.com/resources/safety/safety-flashes/0614-fatality-during-air-diving-operations/,Missing physical document artifact in packaged repository (catalog metadata only),QUARANTINED_UNVERIFIED_ARTIFACT,Download original PDF/HTML from source URL and verify SHA-256,True
EVT-IMCA-1643,International Marine Contractors Association (IMCA),SRC-IMCA-1643,https://www.imca-int.com/resources/safety/safety-flashes/0614-near-miss-strong-sun-glare-contributes-to-heavy-impact-on-boat-landing/,Missing physical document artifact in packaged repository (catalog metadata only),QUARANTINED_UNVERIFIED_ARTIFACT,Download original PDF/HTML from source URL and verify SHA-256,True
EVT-IMCA-1644,International Marine Contractors Association (IMCA),SRC-IMCA-1644,https://www.imca-int.com/resources/safety/safety-flashes/0614-near-miss-incidents-during-personnel-transfer-to-offshore-renewable-energy-installations/,Missing physical document artifact in packaged repository (catalog metadata only),QUARANTINED_UNVERIFIED_ARTIFACT,Download original PDF/HTML from source URL and verify SHA-256,True
EVT-IMCA-1645,International Marine Contractors Association (IMCA),SRC-IMCA-1645,https://www.imca-int.com/resources/safety/safety-flashes/0614-navigational-near-miss-in-restricted-visibility/,Missing physical document artifact in packaged repository (catalog metadata only),QUARANTINED_UNVERIFIED_ARTIFACT,Download original PDF/HTML from source URL and verify SHA-256,True
EVT-IMCA-1646,International Marine Contractors Association (IMCA),SRC-IMCA-1646,https://www.imca-int.com/resources/safety/safety-flashes/0614-hand-injury-grease-injection-into-small-finger/,Missing physical document artifact in packaged repository (catalog metadata only),QUARANTINED_UNVERIFIED_ARTIFACT,Download original PDF/HTML from source URL and verify SHA-256,True
EVT-IMCA-1647,International Marine Contractors Association (IMCA),SRC-IMCA-1647,https://www.imca-int.com/resources/safety/safety-flashes/0614-equipment-damaged-by-waterspout/,Missing physical document artifact in packaged repository (catalog metadata only),QUARANTINED_UNVERIFIED_ARTIFACT,Download original PDF/HTML from source URL and verify SHA-256,True
EVT-IMCA-1648,International Marine Contractors Association (IMCA),SRC-IMCA-1648,https://www.imca-int.com/resources/safety/safety-flashes/0614-pontoon-compartment-explosion-on-floating-roof-tanks/,Missing physical document artifact in packaged repository (catalog metadata only),QUARANTINED_UNVERIFIED_ARTIFACT,Download original PDF/HTML from source URL and verify SHA-256,True
EVT-IMCA-1649,International Marine Contractors Association (IMCA),SRC-IMCA-1649,https://www.imca-int.com/resources/safety/safety-flashes/0514-decompression-illness-dci-incident-during-routine-decompression-of-divers-from-saturation/,Missing physical document artifact in packaged repository (catalog metadata only),QUARANTINED_UNVERIFIED_ARTIFACT,Download original PDF/HTML from source URL and verify SHA-256,True
EVT-IMCA-1650,International Marine Contractors Association (IMCA),SRC-IMCA-1650,https://www.imca-int.com/resources/safety/safety-flashes/0514-restricted-work-case-rwc-injury-to-foot-caused-by-moving-roller/,Missing physical document artifact in packaged repository (catalog metadata only),QUARANTINED_UNVERIFIED_ARTIFACT,Download original PDF/HTML from source URL and verify SHA-256,True
EVT-IMCA-1651,International Marine Contractors Association (IMCA),SRC-IMCA-1651,https://www.imca-int.com/resources/safety/safety-flashes/0514-snubber-failure/,Missing physical document artifact in packaged repository (catalog metadata only),QUARANTINED_UNVERIFIED_ARTIFACT,Download original PDF/HTML from source URL and verify SHA-256,True
EVT-IMCA-1652,International Marine Contractors Association (IMCA),SRC-IMCA-1652,https://www.imca-int.com/resources/safety/safety-flashes/0514-epirb-precautionary-bulletin/,Missing physical document artifact in packaged repository (catalog metadata only),QUARANTINED_UNVERIFIED_ARTIFACT,Download original PDF/HTML from source URL and verify SHA-256,True
EVT-IMCA-1653,International Marine Contractors Association (IMCA),SRC-IMCA-1653,https://www.imca-int.com/resources/safety/safety-flashes/0514-overloading-leads-to-catastrophic-failure-of-crane-boom/,Missing physical document artifact in packaged repository (catalog metadata only),QUARANTINED_UNVERIFIED_ARTIFACT,Download original PDF/HTML from source URL and verify SHA-256,True
EVT-IMCA-1654,International Marine Contractors Association (IMCA),SRC-IMCA-1654,https://www.imca-int.com/resources/safety/safety-flashes/0414-lost-time-injury-lti-thumb-laceration/,Missing physical document artifact in packaged repository (catalog metadata only),QUARANTINED_UNVERIFIED_ARTIFACT,Download original PDF/HTML from source URL and verify SHA-256,True
EVT-IMCA-1655,International Marine Contractors Association (IMCA),SRC-IMCA-1655,https://www.imca-int.com/resources/safety/safety-flashes/0414-near-miss-failure-to-reconnect-fire-suppression-systems/,Missing physical document artifact in packaged repository (catalog metadata only),QUARANTINED_UNVERIFIED_ARTIFACT,Download original PDF/HTML from source URL and verify SHA-256,True
EVT-IMCA-1656,International Marine Contractors Association (IMCA),SRC-IMCA-1656,https://www.imca-int.com/resources/safety/safety-flashes/0414-oil-spill-incident/,Missing physical document artifact in packaged repository (catalog metadata only),QUARANTINED_UNVERIFIED_ARTIFACT,Download original PDF/HTML from source URL and verify SHA-256,True
EVT-IMCA-1657,International Marine Contractors Association (IMCA),SRC-IMCA-1657,https://www.imca-int.com/resources/safety/safety-flashes/0414-potential-dropped-objects-found-lodged-in-holes-on-a-freight-container/,Missing physical document artifact in packaged repository (catalog metadata only),QUARANTINED_UNVERIFIED_ARTIFACT,Download original PDF/HTML from source URL and verify SHA-256,True
EVT-IMCA-1658,International Marine Contractors Association (IMCA),SRC-IMCA-1658,https://www.imca-int.com/resources/safety/safety-flashes/0414-lower-stairwell-step-collapses-causing-injury/,Missing physical document artifact in packaged repository (catalog metadata only),QUARANTINED_UNVERIFIED_ARTIFACT,Download original PDF/HTML from source URL and verify SHA-256,True
EVT-IMCA-1659,International Marine Contractors Association (IMCA),SRC-IMCA-1659,https://www.imca-int.com/resources/safety/safety-flashes/0314-loss-of-consciousness-due-to-exposure-to-h2s/,Missing physical document artifact in packaged repository (catalog metadata only),QUARANTINED_UNVERIFIED_ARTIFACT,Download original PDF/HTML from source URL and verify SHA-256,True
EVT-IMCA-1660,International Marine Contractors Association (IMCA),SRC-IMCA-1660,https://www.imca-int.com/resources/safety/safety-flashes/0314-dropped-fluorescent-light-tube/,Missing physical document artifact in packaged repository (catalog metadata only),QUARANTINED_UNVERIFIED_ARTIFACT,Download original PDF/HTML from source URL and verify SHA-256,True
EVT-IMCA-1661,International Marine Contractors Association (IMCA),SRC-IMCA-1661,https://www.imca-int.com/resources/safety/safety-flashes/0314-entanglement-in-moving-or-rotating-machinery/,Missing physical document artifact in packaged repository (catalog metadata only),QUARANTINED_UNVERIFIED_ARTIFACT,Download original PDF/HTML from source URL and verify SHA-256,True
EVT-IMCA-1662,International Marine Contractors Association (IMCA),SRC-IMCA-1662,https://www.imca-int.com/resources/safety/safety-flashes/0314-fire-and-subsequent-foundering-of-wind-farm-support-workboat/,Missing physical document artifact in packaged repository (catalog metadata only),QUARANTINED_UNVERIFIED_ARTIFACT,Download original PDF/HTML from source URL and verify SHA-256,True
EVT-IMCA-1663,International Marine Contractors Association (IMCA),SRC-IMCA-1663,https://www.imca-int.com/resources/safety/safety-flashes/0314-watertight-doors-left-open-at-sea/,Missing physical document artifact in packaged repository (catalog metadata only),QUARANTINED_UNVERIFIED_ARTIFACT,Download original PDF/HTML from source URL and verify SHA-256,True
EVT-IMCA-1664,International Marine Contractors Association (IMCA),SRC-IMCA-1664,https://www.imca-int.com/resources/safety/safety-flashes/0214-hose-fire-caused-by-flashback-in-oxygen-and-acetylene-hoses/,Missing physical document artifact in packaged repository (catalog metadata only),QUARANTINED_UNVERIFIED_ARTIFACT,Download original PDF/HTML from source URL and verify SHA-256,True
EVT-IMCA-1665,International Marine Contractors Association (IMCA),SRC-IMCA-1665,https://www.imca-int.com/resources/safety/safety-flashes/0214-fatality-in-ballast-water-tank-working-at-height-in-a-confined-space/,Missing physical document artifact in packaged repository (catalog metadata only),QUARANTINED_UNVERIFIED_ARTIFACT,Download original PDF/HTML from source URL and verify SHA-256,True
EVT-IMCA-1666,International Marine Contractors Association (IMCA),SRC-IMCA-1666,https://www.imca-int.com/resources/safety/safety-flashes/0214-damaged-wire-rope-slings/,Missing physical document artifact in packaged repository (catalog metadata only),QUARANTINED_UNVERIFIED_ARTIFACT,Download original PDF/HTML from source URL and verify SHA-256,True
EVT-IMCA-1667,International Marine Contractors Association (IMCA),SRC-IMCA-1667,https://www.imca-int.com/resources/safety/safety-flashes/0214-vibration-induced-fatigue-on-process-pipework/,Missing physical document artifact in packaged repository (catalog metadata only),QUARANTINED_UNVERIFIED_ARTIFACT,Download original PDF/HTML from source URL and verify SHA-256,True
EVT-IMCA-1668,International Marine Contractors Association (IMCA),SRC-IMCA-1668,https://www.imca-int.com/resources/safety/safety-flashes/0114-uncontrolled-descent-of-diving-bell/,Missing physical document artifact in packaged repository (catalog metadata only),QUARANTINED_UNVERIFIED_ARTIFACT,Download original PDF/HTML from source URL and verify SHA-256,True
EVT-IMCA-1669,International Marine Contractors Association (IMCA),SRC-IMCA-1669,https://www.imca-int.com/resources/safety/safety-flashes/0114-high-potential-dropped-object-rigger-struck-by-falling-object/,Missing physical document artifact in packaged repository (catalog metadata only),QUARANTINED_UNVERIFIED_ARTIFACT,Download original PDF/HTML from source URL and verify SHA-256,True
EVT-IMCA-1670,International Marine Contractors Association (IMCA),SRC-IMCA-1670,https://www.imca-int.com/resources/safety/safety-flashes/0114-poor-cargo-stowage-material-damage-on-container/,Missing physical document artifact in packaged repository (catalog metadata only),QUARANTINED_UNVERIFIED_ARTIFACT,Download original PDF/HTML from source URL and verify SHA-256,True
EVT-IMCA-1671,International Marine Contractors Association (IMCA),SRC-IMCA-1671,https://www.imca-int.com/resources/safety/safety-flashes/0114-first-aid-injury-deep-cut-to-forearm/,Missing physical document artifact in packaged repository (catalog metadata only),QUARANTINED_UNVERIFIED_ARTIFACT,Download original PDF/HTML from source URL and verify SHA-256,True
EVT-IMCA-1672,International Marine Contractors Association (IMCA),SRC-IMCA-1672,https://www.imca-int.com/resources/safety/safety-flashes/1813-serious-working-at-height-incidents/,Missing physical document artifact in packaged repository (catalog metadata only),QUARANTINED_UNVERIFIED_ARTIFACT,Download original PDF/HTML from source URL and verify SHA-256,True
EVT-IMCA-1673,International Marine Contractors Association (IMCA),SRC-IMCA-1673,https://www.imca-int.com/resources/safety/safety-flashes/1813-near-miss-rov-shackle-potential-dropped-object/,Missing physical document artifact in packaged repository (catalog metadata only),QUARANTINED_UNVERIFIED_ARTIFACT,Download original PDF/HTML from source URL and verify SHA-256,True
EVT-IMCA-1674,International Marine Contractors Association (IMCA),SRC-IMCA-1674,https://www.imca-int.com/resources/safety/safety-flashes/1813-high-potential-near-miss-incompatible-pillar-valve-assembly/,Missing physical document artifact in packaged repository (catalog metadata only),QUARANTINED_UNVERIFIED_ARTIFACT,Download original PDF/HTML from source URL and verify SHA-256,True
EVT-IMCA-1675,International Marine Contractors Association (IMCA),SRC-IMCA-1675,https://www.imca-int.com/resources/safety/safety-flashes/1813-fatality-during-lifting-operations/,Missing physical document artifact in packaged repository (catalog metadata only),QUARANTINED_UNVERIFIED_ARTIFACT,Download original PDF/HTML from source URL and verify SHA-256,True
EVT-IMCA-1676,International Marine Contractors Association (IMCA),SRC-IMCA-1676,https://www.imca-int.com/resources/safety/safety-flashes/1713-msf-lost-time-injury-lti-pilot-ladder-failure/,Missing physical document artifact in packaged repository (catalog metadata only),QUARANTINED_UNVERIFIED_ARTIFACT,Download original PDF/HTML from source URL and verify SHA-256,True
EVT-IMCA-1677,International Marine Contractors Association (IMCA),SRC-IMCA-1677,https://www.imca-int.com/resources/safety/safety-flashes/1713-nopsema-near-miss-fast-rescue-craft-unplanned-descent/,Missing physical document artifact in packaged repository (catalog metadata only),QUARANTINED_UNVERIFIED_ARTIFACT,Download original PDF/HTML from source URL and verify SHA-256,True
EVT-IMCA-1678,International Marine Contractors Association (IMCA),SRC-IMCA-1678,https://www.imca-int.com/resources/safety/safety-flashes/1713-high-potential-dropped-object-steel-bar-10-m/,Missing physical document artifact in packaged repository (catalog metadata only),QUARANTINED_UNVERIFIED_ARTIFACT,Download original PDF/HTML from source URL and verify SHA-256,True
EVT-IMCA-1679,International Marine Contractors Association (IMCA),SRC-IMCA-1679,https://www.imca-int.com/resources/safety/safety-flashes/0213-serious-dp-diving-incident/,Missing physical document artifact in packaged repository (catalog metadata only),QUARANTINED_UNVERIFIED_ARTIFACT,Download original PDF/HTML from source URL and verify SHA-256,True
EVT-IMCA-1680,International Marine Contractors Association (IMCA),SRC-IMCA-1680,https://www.imca-int.com/resources/safety/safety-flashes/1713-small-workboats-used-on-offshore-wind-farms-combined-report-on-windcat-9-and-island-panther-incidents/,Missing physical document artifact in packaged repository (catalog metadata only),QUARANTINED_UNVERIFIED_ARTIFACT,Download original PDF/HTML from source URL and verify SHA-256,True
EVT-IMCA-1681,International Marine Contractors Association (IMCA),SRC-IMCA-1681,https://www.imca-int.com/resources/safety/safety-flashes/1713-pilot-ladder-safety/,Missing physical document artifact in packaged repository (catalog metadata only),QUARANTINED_UNVERIFIED_ARTIFACT,Download original PDF/HTML from source URL and verify SHA-256,True
EVT-IMCA-1682,International Marine Contractors Association (IMCA),SRC-IMCA-1682,https://www.imca-int.com/resources/safety/safety-flashes/1613-irukandji-jellyfish-awareness-australia/,Missing physical document artifact in packaged repository (catalog metadata only),QUARANTINED_UNVERIFIED_ARTIFACT,Download original PDF/HTML from source URL and verify SHA-256,True
EVT-IMCA-1684,International Marine Contractors Association (IMCA),SRC-IMCA-1684,https://www.imca-int.com/resources/safety/safety-flashes/1613-what-is-a-safety-flash/,Missing physical document artifact in packaged repository (catalog metadata only),QUARANTINED_UNVERIFIED_ARTIFACT,Download original PDF/HTML from source URL and verify SHA-256,True
EVT-IMCA-1685,International Marine Contractors Association (IMCA),SRC-IMCA-1685,https://www.imca-int.com/resources/safety/safety-flashes/1613-lost-time-injury-lti-crewman-injured-foot-during-offshore-renewables-mooring-operation/,Missing physical document artifact in packaged repository (catalog metadata only),QUARANTINED_UNVERIFIED_ARTIFACT,Download original PDF/HTML from source URL and verify SHA-256,True
EVT-IMCA-1686,International Marine Contractors Association (IMCA),SRC-IMCA-1686,https://www.imca-int.com/resources/safety/safety-flashes/1613-msf-hand-injuries/,Missing physical document artifact in packaged repository (catalog metadata only),QUARANTINED_UNVERIFIED_ARTIFACT,Download original PDF/HTML from source URL and verify SHA-256,True
EVT-IMCA-1687,International Marine Contractors Association (IMCA),SRC-IMCA-1687,https://www.imca-int.com/resources/safety/safety-flashes/1513-lost-time-injury-lti-dropped-object-incident/,Missing physical document artifact in packaged repository (catalog metadata only),QUARANTINED_UNVERIFIED_ARTIFACT,Download original PDF/HTML from source URL and verify SHA-256,True
EVT-IMCA-1688,International Marine Contractors Association (IMCA),SRC-IMCA-1688,https://www.imca-int.com/resources/safety/safety-flashes/1513-incidents-involving-use-of-scaffolding/,Missing physical document artifact in packaged repository (catalog metadata only),QUARANTINED_UNVERIFIED_ARTIFACT,Download original PDF/HTML from source URL and verify SHA-256,True
EVT-IMCA-1689,International Marine Contractors Association (IMCA),SRC-IMCA-1689,https://www.imca-int.com/resources/safety/safety-flashes/1513-fire-on-board-and-sinking-of-liftboat-mako/,Missing physical document artifact in packaged repository (catalog metadata only),QUARANTINED_UNVERIFIED_ARTIFACT,Download original PDF/HTML from source URL and verify SHA-256,True
EVT-IMCA-1690,International Marine Contractors Association (IMCA),SRC-IMCA-1690,https://www.imca-int.com/resources/safety/safety-flashes/1513-diving-helmet-failure-of-sealed-pull-pin/,Missing physical document artifact in packaged repository (catalog metadata only),QUARANTINED_UNVERIFIED_ARTIFACT,Download original PDF/HTML from source URL and verify SHA-256,True
EVT-IMCA-1691,International Marine Contractors Association (IMCA),SRC-IMCA-1691,https://www.imca-int.com/resources/safety/safety-flashes/1513-msf-injury-failure-of-hatch-holdback-arrangements/,Missing physical document artifact in packaged repository (catalog metadata only),QUARANTINED_UNVERIFIED_ARTIFACT,Download original PDF/HTML from source URL and verify SHA-256,True
EVT-IMCA-1692,International Marine Contractors Association (IMCA),SRC-IMCA-1692,https://www.imca-int.com/resources/safety/safety-flashes/1413-msf-gangway-detached-from-vessel/,Missing physical document artifact in packaged repository (catalog metadata only),QUARANTINED_UNVERIFIED_ARTIFACT,Download original PDF/HTML from source URL and verify SHA-256,True
EVT-IMCA-1693,International Marine Contractors Association (IMCA),SRC-IMCA-1693,https://www.imca-int.com/resources/safety/safety-flashes/1413-msf-high-potential-near-miss-during-cargo-operations/,Missing physical document artifact in packaged repository (catalog metadata only),QUARANTINED_UNVERIFIED_ARTIFACT,Download original PDF/HTML from source URL and verify SHA-256,True
EVT-IMCA-1694,International Marine Contractors Association (IMCA),SRC-IMCA-1694,https://www.imca-int.com/resources/safety/safety-flashes/1413-msf-bulk-hose-entanglement-with-azi-pod-propulsion-unit/,Missing physical document artifact in packaged repository (catalog metadata only),QUARANTINED_UNVERIFIED_ARTIFACT,Download original PDF/HTML from source URL and verify SHA-256,True
EVT-IMCA-1695,International Marine Contractors Association (IMCA),SRC-IMCA-1695,https://www.imca-int.com/resources/safety/safety-flashes/1413-msf-injuries-on-mud-mixers/,Missing physical document artifact in packaged repository (catalog metadata only),QUARANTINED_UNVERIFIED_ARTIFACT,Download original PDF/HTML from source URL and verify SHA-256,True
EVT-IMCA-1696,International Marine Contractors Association (IMCA),SRC-IMCA-1696,https://www.imca-int.com/resources/safety/safety-flashes/1413-msf-fast-rescue-craft-unplanned-descent/,Missing physical document artifact in packaged repository (catalog metadata only),QUARANTINED_UNVERIFIED_ARTIFACT,Download original PDF/HTML from source URL and verify SHA-256,True
EVT-IMCA-1697,International Marine Contractors Association (IMCA),SRC-IMCA-1697,https://www.imca-int.com/resources/safety/safety-flashes/1313-near-miss-un-noticed-expiry-and-deterioration-of-carbon-dioxide-absorbent-material/,Missing physical document artifact in packaged repository (catalog metadata only),QUARANTINED_UNVERIFIED_ARTIFACT,Download original PDF/HTML from source URL and verify SHA-256,True
EVT-IMCA-1698,International Marine Contractors Association (IMCA),SRC-IMCA-1698,https://www.imca-int.com/resources/safety/safety-flashes/1313-bunkering-hose-cut-by-propeller/,Missing physical document artifact in packaged repository (catalog metadata only),QUARANTINED_UNVERIFIED_ARTIFACT,Download original PDF/HTML from source URL and verify SHA-256,True
EVT-IMCA-1699,International Marine Contractors Association (IMCA),SRC-IMCA-1699,https://www.imca-int.com/resources/safety/safety-flashes/1313-msf-crewman-injured-whilst-changing-out-crane-wire/,Missing physical document artifact in packaged repository (catalog metadata only),QUARANTINED_UNVERIFIED_ARTIFACT,Download original PDF/HTML from source URL and verify SHA-256,True
EVT-IMCA-1700,International Marine Contractors Association (IMCA),SRC-IMCA-1700,https://www.imca-int.com/resources/safety/safety-flashes/1313spillage-of-oil-based-mud/,Missing physical document artifact in packaged repository (catalog metadata only),QUARANTINED_UNVERIFIED_ARTIFACT,Download original PDF/HTML from source URL and verify SHA-256,True
EVT-IMCA-1701,International Marine Contractors Association (IMCA),SRC-IMCA-1701,https://www.imca-int.com/resources/safety/safety-flashes/1313-dropped-object-near-miss-wind-sensor/,Missing physical document artifact in packaged repository (catalog metadata only),QUARANTINED_UNVERIFIED_ARTIFACT,Download original PDF/HTML from source URL and verify SHA-256,True
EVT-IMCA-1702,International Marine Contractors Association (IMCA),SRC-IMCA-1702,https://www.imca-int.com/resources/safety/safety-flashes/1213-lost-time-injury-lti-crewman-injured-during-opening-of-tanks/,Missing physical document artifact in packaged repository (catalog metadata only),QUARANTINED_UNVERIFIED_ARTIFACT,Download original PDF/HTML from source URL and verify SHA-256,True
EVT-IMCA-1703,International Marine Contractors Association (IMCA),SRC-IMCA-1703,https://www.imca-int.com/resources/safety/safety-flashes/1213-incidents-of-failure-of-jet-drives-on-wind-farm-service-vessels/,Missing physical document artifact in packaged repository (catalog metadata only),QUARANTINED_UNVERIFIED_ARTIFACT,Download original PDF/HTML from source URL and verify SHA-256,True
EVT-IMCA-1704,International Marine Contractors Association (IMCA),SRC-IMCA-1704,https://www.imca-int.com/resources/safety/safety-flashes/1213-wind-farm-service-vessel-in-collision-with-wind-turbine-foundation/,Missing physical document artifact in packaged repository (catalog metadata only),QUARANTINED_UNVERIFIED_ARTIFACT,Download original PDF/HTML from source URL and verify SHA-256,True
EVT-IMCA-1705,International Marine Contractors Association (IMCA),SRC-IMCA-1705,https://www.imca-int.com/resources/safety/safety-flashes/1213-risks-associated-with-pneumatic-hose-couplings-update/,Missing physical document artifact in packaged repository (catalog metadata only),QUARANTINED_UNVERIFIED_ARTIFACT,Download original PDF/HTML from source URL and verify SHA-256,True
EVT-IMCA-1706,International Marine Contractors Association (IMCA),SRC-IMCA-1706,https://www.imca-int.com/resources/safety/safety-flashes/1113-uscg-homeport-marine-safety-alert-recent-failures-of-dynamic-positioning-dp-systems-on-modus/,Missing physical document artifact in packaged repository (catalog metadata only),QUARANTINED_UNVERIFIED_ARTIFACT,Download original PDF/HTML from source URL and verify SHA-256,True
EVT-IMCA-1707,International Marine Contractors Association (IMCA),SRC-IMCA-1707,https://www.imca-int.com/resources/safety/safety-flashes/1213-near-miss-falling-transponder-on-main-deck/,Missing physical document artifact in packaged repository (catalog metadata only),QUARANTINED_UNVERIFIED_ARTIFACT,Download original PDF/HTML from source URL and verify SHA-256,True
EVT-IMCA-1708,International Marine Contractors Association (IMCA),SRC-IMCA-1708,https://www.imca-int.com/resources/safety/safety-flashes/1013-high-potential-near-miss-lifting-equipment-failure/,Missing physical document artifact in packaged repository (catalog metadata only),QUARANTINED_UNVERIFIED_ARTIFACT,Download original PDF/HTML from source URL and verify SHA-256,True
EVT-IMCA-1709,International Marine Contractors Association (IMCA),SRC-IMCA-1709,https://www.imca-int.com/resources/safety/safety-flashes/1013-loading-and-securing-of-cargo/,Missing physical document artifact in packaged repository (catalog metadata only),QUARANTINED_UNVERIFIED_ARTIFACT,Download original PDF/HTML from source URL and verify SHA-256,True
EVT-IMCA-1710,International Marine Contractors Association (IMCA),SRC-IMCA-1710,https://www.imca-int.com/resources/safety/safety-flashes/1013-use-of-portable-electrical-deck-equipment/,Missing physical document artifact in packaged repository (catalog metadata only),QUARANTINED_UNVERIFIED_ARTIFACT,Download original PDF/HTML from source URL and verify SHA-256,True
EVT-IMCA-1711,International Marine Contractors Association (IMCA),SRC-IMCA-1711,https://www.imca-int.com/resources/safety/safety-flashes/1013-uscg-surge-protective-devices-onboard-vessels/,Missing physical document artifact in packaged repository (catalog metadata only),QUARANTINED_UNVERIFIED_ARTIFACT,Download original PDF/HTML from source URL and verify SHA-256,True
EVT-IMCA-1712,International Marine Contractors Association (IMCA),SRC-IMCA-1712,https://www.imca-int.com/resources/safety/safety-flashes/0913-high-potential-near-miss-dropped-rovtms-leading-to-equipment-damage/,Missing physical document artifact in packaged repository (catalog metadata only),QUARANTINED_UNVERIFIED_ARTIFACT,Download original PDF/HTML from source URL and verify SHA-256,True
EVT-IMCA-1713,International Marine Contractors Association (IMCA),SRC-IMCA-1713,https://www.imca-int.com/resources/safety/safety-flashes/0913-failure-of-lifting-equipment-dropped-rov/,Missing physical document artifact in packaged repository (catalog metadata only),QUARANTINED_UNVERIFIED_ARTIFACT,Download original PDF/HTML from source URL and verify SHA-256,True
EVT-IMCA-1714,International Marine Contractors Association (IMCA),SRC-IMCA-1714,https://www.imca-int.com/resources/safety/safety-flashes/0913-improper-securing-of-cargo/,Missing physical document artifact in packaged repository (catalog metadata only),QUARANTINED_UNVERIFIED_ARTIFACT,Download original PDF/HTML from source URL and verify SHA-256,True
EVT-IMCA-1715,International Marine Contractors Association (IMCA),SRC-IMCA-1715,https://www.imca-int.com/resources/safety/safety-flashes/0913-generator-fire-incident/,Missing physical document artifact in packaged repository (catalog metadata only),QUARANTINED_UNVERIFIED_ARTIFACT,Download original PDF/HTML from source URL and verify SHA-256,True
EVT-IMCA-1716,International Marine Contractors Association (IMCA),SRC-IMCA-1716,https://www.imca-int.com/resources/safety/safety-flashes/0913-nopsema-increase-in-dropped-object-events/,Missing physical document artifact in packaged repository (catalog metadata only),QUARANTINED_UNVERIFIED_ARTIFACT,Download original PDF/HTML from source URL and verify SHA-256,True
EVT-IMCA-1717,International Marine Contractors Association (IMCA),SRC-IMCA-1717,https://www.imca-int.com/resources/safety/safety-flashes/0813-substandard-nitrogen-quads-delivered-to-shipyard/,Missing physical document artifact in packaged repository (catalog metadata only),QUARANTINED_UNVERIFIED_ARTIFACT,Download original PDF/HTML from source URL and verify SHA-256,True
EVT-IMCA-1718,International Marine Contractors Association (IMCA),SRC-IMCA-1718,https://www.imca-int.com/resources/safety/safety-flashes/0813-small-boat-cradle-collapsed-during-poor-weather-conditions/,Missing physical document artifact in packaged repository (catalog metadata only),QUARANTINED_UNVERIFIED_ARTIFACT,Download original PDF/HTML from source URL and verify SHA-256,True
EVT-IMCA-1719,International Marine Contractors Association (IMCA),SRC-IMCA-1719,https://www.imca-int.com/resources/safety/safety-flashes/0813-crane-wire-parting/,Missing physical document artifact in packaged repository (catalog metadata only),QUARANTINED_UNVERIFIED_ARTIFACT,Download original PDF/HTML from source URL and verify SHA-256,True
EVT-IMCA-1720,International Marine Contractors Association (IMCA),SRC-IMCA-1720,https://www.imca-int.com/resources/safety/safety-flashes/0813-crewman-injured-no-control-of-work/,Missing physical document artifact in packaged repository (catalog metadata only),QUARANTINED_UNVERIFIED_ARTIFACT,Download original PDF/HTML from source URL and verify SHA-256,True
EVT-IMCA-1721,International Marine Contractors Association (IMCA),SRC-IMCA-1721,https://www.imca-int.com/resources/safety/safety-flashes/0813-fire-caused-by-hot-work/,Missing physical document artifact in packaged repository (catalog metadata only),QUARANTINED_UNVERIFIED_ARTIFACT,Download original PDF/HTML from source URL and verify SHA-256,True
EVT-IMCA-1722,International Marine Contractors Association (IMCA),SRC-IMCA-1722,https://www.imca-int.com/resources/safety/safety-flashes/0813-counterfeit-portable-fire-extinguishers/,Missing physical document artifact in packaged repository (catalog metadata only),QUARANTINED_UNVERIFIED_ARTIFACT,Download original PDF/HTML from source URL and verify SHA-256,True
EVT-IMCA-1723,International Marine Contractors Association (IMCA),SRC-IMCA-1723,https://www.imca-int.com/resources/safety/safety-flashes/0713-dropped-object-injury/,Missing physical document artifact in packaged repository (catalog metadata only),QUARANTINED_UNVERIFIED_ARTIFACT,Download original PDF/HTML from source URL and verify SHA-256,True
EVT-IMCA-1724,International Marine Contractors Association (IMCA),SRC-IMCA-1724,https://www.imca-int.com/resources/safety/safety-flashes/0713-gangway-safety-a-review-of-recent-incidents-and-near-misses-involving-vessel-gangways/,Missing physical document artifact in packaged repository (catalog metadata only),QUARANTINED_UNVERIFIED_ARTIFACT,Download original PDF/HTML from source URL and verify SHA-256,True
EVT-IMCA-1725,International Marine Contractors Association (IMCA),SRC-IMCA-1725,https://www.imca-int.com/resources/safety/safety-flashes/0713-lost-time-injury-lti-serious-foot-injury/,Missing physical document artifact in packaged repository (catalog metadata only),QUARANTINED_UNVERIFIED_ARTIFACT,Download original PDF/HTML from source URL and verify SHA-256,True
EVT-IMCA-1726,International Marine Contractors Association (IMCA),SRC-IMCA-1726,https://www.imca-int.com/resources/safety/safety-flashes/0713-near-miss-failure-of-gas-quad-fitting/,Missing physical document artifact in packaged repository (catalog metadata only),QUARANTINED_UNVERIFIED_ARTIFACT,Download original PDF/HTML from source URL and verify SHA-256,True
EVT-IMCA-1727,International Marine Contractors Association (IMCA),SRC-IMCA-1727,https://www.imca-int.com/resources/safety/safety-flashes/0713-lost-time-injury-lti-fall-from-height/,Missing physical document artifact in packaged repository (catalog metadata only),QUARANTINED_UNVERIFIED_ARTIFACT,Download original PDF/HTML from source URL and verify SHA-256,True
EVT-IMCA-1728,International Marine Contractors Association (IMCA),SRC-IMCA-1728,https://www.imca-int.com/resources/safety/safety-flashes/0713-risk-associated-with-pneumatic-hose-couplings/,Missing physical document artifact in packaged repository (catalog metadata only),QUARANTINED_UNVERIFIED_ARTIFACT,Download original PDF/HTML from source URL and verify SHA-256,True
EVT-IMCA-1729,International Marine Contractors Association (IMCA),SRC-IMCA-1729,https://www.imca-int.com/resources/safety/safety-flashes/0613-crew-transfer-vessel-trapped-under-a-boat-landing/,Missing physical document artifact in packaged repository (catalog metadata only),QUARANTINED_UNVERIFIED_ARTIFACT,Download original PDF/HTML from source URL and verify SHA-256,True
EVT-IMCA-1730,International Marine Contractors Association (IMCA),SRC-IMCA-1730,https://www.imca-int.com/resources/safety/safety-flashes/0613-loss-of-rov-after-umbilical-termination-failure-and-damage-to-rov-during-recovery/,Missing physical document artifact in packaged repository (catalog metadata only),QUARANTINED_UNVERIFIED_ARTIFACT,Download original PDF/HTML from source URL and verify SHA-256,True
EVT-IMCA-1731,International Marine Contractors Association (IMCA),SRC-IMCA-1731,https://www.imca-int.com/resources/safety/safety-flashes/0613-near-miss-dropped-object-falling-camera/,Missing physical document artifact in packaged repository (catalog metadata only),QUARANTINED_UNVERIFIED_ARTIFACT,Download original PDF/HTML from source URL and verify SHA-256,True
EVT-IMCA-1732,International Marine Contractors Association (IMCA),SRC-IMCA-1732,https://www.imca-int.com/resources/safety/safety-flashes/0613-near-miss-dropped-objects-during-lifting-operations/,Missing physical document artifact in packaged repository (catalog metadata only),QUARANTINED_UNVERIFIED_ARTIFACT,Download original PDF/HTML from source URL and verify SHA-256,True
EVT-IMCA-1733,International Marine Contractors Association (IMCA),SRC-IMCA-1733,https://www.imca-int.com/resources/safety/safety-flashes/0613-failure-of-connector-on-marine-riser/,Missing physical document artifact in packaged repository (catalog metadata only),QUARANTINED_UNVERIFIED_ARTIFACT,Download original PDF/HTML from source URL and verify SHA-256,True
EVT-IMCA-1734,International Marine Contractors Association (IMCA),SRC-IMCA-1734,https://www.imca-int.com/resources/safety/safety-flashes/0513-explosion-causing-fatal-injury-during-maintenance-of-metocean-buoy/,Missing physical document artifact in packaged repository (catalog metadata only),QUARANTINED_UNVERIFIED_ARTIFACT,Download original PDF/HTML from source URL and verify SHA-256,True
EVT-IMCA-1735,International Marine Contractors Association (IMCA),SRC-IMCA-1735,https://www.imca-int.com/resources/safety/safety-flashes/0513-battery-damage-caused-by-charger-failure/,Missing physical document artifact in packaged repository (catalog metadata only),QUARANTINED_UNVERIFIED_ARTIFACT,Download original PDF/HTML from source URL and verify SHA-256,True
EVT-IMCA-1736,International Marine Contractors Association (IMCA),SRC-IMCA-1736,https://www.imca-int.com/resources/safety/safety-flashes/0513-near-miss-exposed-live-electrical-cable/,Missing physical document artifact in packaged repository (catalog metadata only),QUARANTINED_UNVERIFIED_ARTIFACT,Download original PDF/HTML from source URL and verify SHA-256,True
EVT-IMCA-1737,International Marine Contractors Association (IMCA),SRC-IMCA-1737,https://www.imca-int.com/resources/safety/safety-flashes/0513-finger-and-hand-injuries/,Missing physical document artifact in packaged repository (catalog metadata only),QUARANTINED_UNVERIFIED_ARTIFACT,Download original PDF/HTML from source URL and verify SHA-256,True
EVT-IMCA-1738,International Marine Contractors Association (IMCA),SRC-IMCA-1738,https://www.imca-int.com/resources/safety/safety-flashes/0513-high-potential-near-miss-during-equipment-testing/,Missing physical document artifact in packaged repository (catalog metadata only),QUARANTINED_UNVERIFIED_ARTIFACT,Download original PDF/HTML from source URL and verify SHA-256,True
EVT-IMCA-1739,International Marine Contractors Association (IMCA),SRC-IMCA-1739,https://www.imca-int.com/resources/safety/safety-flashes/0513-pressure-switch-location-for-fixed-fire-suppression-systems/,Missing physical document artifact in packaged repository (catalog metadata only),QUARANTINED_UNVERIFIED_ARTIFACT,Download original PDF/HTML from source URL and verify SHA-256,True
EVT-IMCA-1740,International Marine Contractors Association (IMCA),SRC-IMCA-1740,https://www.imca-int.com/resources/safety/safety-flashes/0413-near-miss-dropped-handrailgate-near-moonpool/,Missing physical document artifact in packaged repository (catalog metadata only),QUARANTINED_UNVERIFIED_ARTIFACT,Download original PDF/HTML from source URL and verify SHA-256,True
EVT-IMCA-1741,International Marine Contractors Association (IMCA),SRC-IMCA-1741,https://www.imca-int.com/resources/safety/safety-flashes/0413-lost-time-injury-lti-fall-from-height-leading-to-multiple-fractures/,Missing physical document artifact in packaged repository (catalog metadata only),QUARANTINED_UNVERIFIED_ARTIFACT,Download original PDF/HTML from source URL and verify SHA-256,True
EVT-IMCA-1742,International Marine Contractors Association (IMCA),SRC-IMCA-1742,https://www.imca-int.com/resources/safety/safety-flashes/0413-near-miss-scaffolding-collapse/,Missing physical document artifact in packaged repository (catalog metadata only),QUARANTINED_UNVERIFIED_ARTIFACT,Download original PDF/HTML from source URL and verify SHA-256,True
EVT-IMCA-1743,International Marine Contractors Association (IMCA),SRC-IMCA-1743,https://www.imca-int.com/resources/safety/safety-flashes/0413-outbreak-of-salmonella-and-gastroenteritis-on-an-offshore-facility/,Missing physical document artifact in packaged repository (catalog metadata only),QUARANTINED_UNVERIFIED_ARTIFACT,Download original PDF/HTML from source URL and verify SHA-256,True
EVT-IMCA-1744,International Marine Contractors Association (IMCA),SRC-IMCA-1744,https://www.imca-int.com/resources/safety/safety-flashes/0413-fatal-crush-injury-during-vessel-hull-maintenance/,Missing physical document artifact in packaged repository (catalog metadata only),QUARANTINED_UNVERIFIED_ARTIFACT,Download original PDF/HTML from source URL and verify SHA-256,True
EVT-IMCA-1745,International Marine Contractors Association (IMCA),SRC-IMCA-1745,https://www.imca-int.com/resources/safety/safety-flashes/0313-fatality-during-basket-transfer/,Missing physical document artifact in packaged repository (catalog metadata only),QUARANTINED_UNVERIFIED_ARTIFACT,Download original PDF/HTML from source URL and verify SHA-256,True
EVT-IMCA-1746,International Marine Contractors Association (IMCA),SRC-IMCA-1746,https://www.imca-int.com/resources/safety/safety-flashes/0313-diver-emergency-decompression-following-construction-barge-anchor-loss-during-tropical-storm/,Missing physical document artifact in packaged repository (catalog metadata only),QUARANTINED_UNVERIFIED_ARTIFACT,Download original PDF/HTML from source URL and verify SHA-256,True
EVT-IMCA-1747,International Marine Contractors Association (IMCA),SRC-IMCA-1747,https://www.imca-int.com/resources/safety/safety-flashes/0313-lost-time-injury-lti-broken-thumb/,Missing physical document artifact in packaged repository (catalog metadata only),QUARANTINED_UNVERIFIED_ARTIFACT,Download original PDF/HTML from source URL and verify SHA-256,True
EVT-IMCA-1748,International Marine Contractors Association (IMCA),SRC-IMCA-1748,https://www.imca-int.com/resources/safety/safety-flashes/0313-diving-decompression-chambers-not-fit-for-purpose/,Missing physical document artifact in packaged repository (catalog metadata only),QUARANTINED_UNVERIFIED_ARTIFACT,Download original PDF/HTML from source URL and verify SHA-256,True
EVT-IMCA-1749,International Marine Contractors Association (IMCA),SRC-IMCA-1749,https://www.imca-int.com/resources/safety/safety-flashes/0313-fatal-wind-farm-accident/,Missing physical document artifact in packaged repository (catalog metadata only),QUARANTINED_UNVERIFIED_ARTIFACT,Download original PDF/HTML from source URL and verify SHA-256,True
EVT-IMCA-1750,International Marine Contractors Association (IMCA),SRC-IMCA-1750,https://www.imca-int.com/resources/safety/safety-flashes/0113-near-miss-shackle-configuration/,Missing physical document artifact in packaged repository (catalog metadata only),QUARANTINED_UNVERIFIED_ARTIFACT,Download original PDF/HTML from source URL and verify SHA-256,True
EVT-IMCA-1751,International Marine Contractors Association (IMCA),SRC-IMCA-1751,https://www.imca-int.com/resources/safety/safety-flashes/0113-damage-to-crane-winch/,Missing physical document artifact in packaged repository (catalog metadata only),QUARANTINED_UNVERIFIED_ARTIFACT,Download original PDF/HTML from source URL and verify SHA-256,True
EVT-IMCA-1752,International Marine Contractors Association (IMCA),SRC-IMCA-1752,https://www.imca-int.com/resources/safety/safety-flashes/0113-first-aid-injury-contact-with-spinning-spooler-arm/,Missing physical document artifact in packaged repository (catalog metadata only),QUARANTINED_UNVERIFIED_ARTIFACT,Download original PDF/HTML from source URL and verify SHA-256,True
EVT-IMCA-1753,International Marine Contractors Association (IMCA),SRC-IMCA-1753,https://www.imca-int.com/resources/safety/safety-flashes/0113-luff-ram-clevis-failures/,Missing physical document artifact in packaged repository (catalog metadata only),QUARANTINED_UNVERIFIED_ARTIFACT,Download original PDF/HTML from source URL and verify SHA-256,True
EVT-IMCA-1754,International Marine Contractors Association (IMCA),SRC-IMCA-1754,https://www.imca-int.com/resources/safety/safety-flashes/0113-lost-time-injury-lti-crewman-broke-leg-falling-into-tank/,Missing physical document artifact in packaged repository (catalog metadata only),QUARANTINED_UNVERIFIED_ARTIFACT,Download original PDF/HTML from source URL and verify SHA-256,True
EVT-IMCA-1755,International Marine Contractors Association (IMCA),SRC-IMCA-1755,https://www.imca-int.com/resources/safety/safety-flashes/1312-near-miss-poorly-secured-load-during-lifting-operations/,Missing physical document artifact in packaged repository (catalog metadata only),QUARANTINED_UNVERIFIED_ARTIFACT,Download original PDF/HTML from source URL and verify SHA-256,True
EVT-IMCA-1756,International Marine Contractors Association (IMCA),SRC-IMCA-1756,https://www.imca-int.com/resources/safety/safety-flashes/1312-lost-time-injury-lti-person-fell-over-on-helideck-and-broke-arm/,Missing physical document artifact in packaged repository (catalog metadata only),QUARANTINED_UNVERIFIED_ARTIFACT,Download original PDF/HTML from source URL and verify SHA-256,True
EVT-IMCA-1757,International Marine Contractors Association (IMCA),SRC-IMCA-1757,https://www.imca-int.com/resources/safety/safety-flashes/1312-lost-time-injury-lti-serious-hand-injury-during-subsea-lifting-operations/,Missing physical document artifact in packaged repository (catalog metadata only),QUARANTINED_UNVERIFIED_ARTIFACT,Download original PDF/HTML from source URL and verify SHA-256,True
EVT-IMCA-1758,International Marine Contractors Association (IMCA),SRC-IMCA-1758,https://www.imca-int.com/resources/safety/safety-flashes/1312-lost-time-injury-lti-caused-by-inadvertent-activation-of-expired-line-throwing-device/,Missing physical document artifact in packaged repository (catalog metadata only),QUARANTINED_UNVERIFIED_ARTIFACT,Download original PDF/HTML from source URL and verify SHA-256,True
EVT-IMCA-1759,International Marine Contractors Association (IMCA),SRC-IMCA-1759,https://www.imca-int.com/resources/safety/safety-flashes/1312-fire-in-engine-room-workshop/,Missing physical document artifact in packaged repository (catalog metadata only),QUARANTINED_UNVERIFIED_ARTIFACT,Download original PDF/HTML from source URL and verify SHA-256,True
EVT-IMCA-1760,International Marine Contractors Association (IMCA),SRC-IMCA-1760,https://www.imca-int.com/resources/safety/safety-flashes/1212-lifeboat-damaged-whilst-being-lowered-on-davit/,Missing physical document artifact in packaged repository (catalog metadata only),QUARANTINED_UNVERIFIED_ARTIFACT,Download original PDF/HTML from source URL and verify SHA-256,True
EVT-IMCA-1762,International Marine Contractors Association (IMCA),SRC-IMCA-1762,https://www.imca-int.com/resources/safety/safety-flashes/1212-us-coast-guard-alert-problem-with-certain-kinds-of-personal-flotation-device/,Missing physical document artifact in packaged repository (catalog metadata only),QUARANTINED_UNVERIFIED_ARTIFACT,Download original PDF/HTML from source URL and verify SHA-256,True
EVT-IMCA-1763,International Marine Contractors Association (IMCA),SRC-IMCA-1763,https://www.imca-int.com/resources/safety/safety-flashes/1212-near-miss-dropped-object/,Missing physical document artifact in packaged repository (catalog metadata only),QUARANTINED_UNVERIFIED_ARTIFACT,Download original PDF/HTML from source URL and verify SHA-256,True
EVT-IMCA-1764,International Marine Contractors Association (IMCA),SRC-IMCA-1764,https://www.imca-int.com/resources/safety/safety-flashes/1112-lost-time-injury-lti-hand-injury/,Missing physical document artifact in packaged repository (catalog metadata only),QUARANTINED_UNVERIFIED_ARTIFACT,Download original PDF/HTML from source URL and verify SHA-256,True
EVT-IMCA-1765,International Marine Contractors Association (IMCA),SRC-IMCA-1765,https://www.imca-int.com/resources/safety/safety-flashes/1112-near-miss-dropped-object-turnbuckle-pin/,Missing physical document artifact in packaged repository (catalog metadata only),QUARANTINED_UNVERIFIED_ARTIFACT,Download original PDF/HTML from source URL and verify SHA-256,True
EVT-IMCA-1766,International Marine Contractors Association (IMCA),SRC-IMCA-1766,https://www.imca-int.com/resources/safety/safety-flashes/1112-lost-time-injury-lti-crush-injury-arm-trapped-by-movement-of-crane-block/,Missing physical document artifact in packaged repository (catalog metadata only),QUARANTINED_UNVERIFIED_ARTIFACT,Download original PDF/HTML from source URL and verify SHA-256,True
EVT-IMCA-1767,International Marine Contractors Association (IMCA),SRC-IMCA-1767,https://www.imca-int.com/resources/safety/safety-flashes/1112-near-miss-faulty-lifebuoys-discovered/,Missing physical document artifact in packaged repository (catalog metadata only),QUARANTINED_UNVERIFIED_ARTIFACT,Download original PDF/HTML from source URL and verify SHA-256,True
EVT-IMCA-1768,International Marine Contractors Association (IMCA),SRC-IMCA-1768,https://www.imca-int.com/resources/safety/safety-flashes/1112-able-seaman-injured-by-shifting-cargo/,Missing physical document artifact in packaged repository (catalog metadata only),QUARANTINED_UNVERIFIED_ARTIFACT,Download original PDF/HTML from source URL and verify SHA-256,True
EVT-IMCA-1769,International Marine Contractors Association (IMCA),SRC-IMCA-1769,https://www.imca-int.com/resources/safety/safety-flashes/1012-diver-injured-during-subsea-lifting-operations/,Missing physical document artifact in packaged repository (catalog metadata only),QUARANTINED_UNVERIFIED_ARTIFACT,Download original PDF/HTML from source URL and verify SHA-256,True
EVT-IMCA-1770,International Marine Contractors Association (IMCA),SRC-IMCA-1770,https://www.imca-int.com/resources/safety/safety-flashes/1012-tombarra-fall-wire-fatality-updated-reports/,Missing physical document artifact in packaged repository (catalog metadata only),QUARANTINED_UNVERIFIED_ARTIFACT,Download original PDF/HTML from source URL and verify SHA-256,True
EVT-IMCA-1771,International Marine Contractors Association (IMCA),SRC-IMCA-1771,https://www.imca-int.com/resources/safety/safety-flashes/1012-lifejacket-recall-mullion-compact-150n-iso-12402/,Missing physical document artifact in packaged repository (catalog metadata only),QUARANTINED_UNVERIFIED_ARTIFACT,Download original PDF/HTML from source URL and verify SHA-256,True
EVT-IMCA-1772,International Marine Contractors Association (IMCA),SRC-IMCA-1772,https://www.imca-int.com/resources/safety/safety-flashes/1012-damage-to-davit-mounted-small-boats/,Missing physical document artifact in packaged repository (catalog metadata only),QUARANTINED_UNVERIFIED_ARTIFACT,Download original PDF/HTML from source URL and verify SHA-256,True
EVT-IMCA-1773,International Marine Contractors Association (IMCA),SRC-IMCA-1773,https://www.imca-int.com/resources/safety/safety-flashes/1012-hand-injury-during-o2-handling-and-equipment-maintenance/,Missing physical document artifact in packaged repository (catalog metadata only),QUARANTINED_UNVERIFIED_ARTIFACT,Download original PDF/HTML from source URL and verify SHA-256,True
EVT-IMCA-1774,International Marine Contractors Association (IMCA),SRC-IMCA-1774,https://www.imca-int.com/resources/safety/safety-flashes/0912-inadvertent-lowering-of-lifeboat/,Missing physical document artifact in packaged repository (catalog metadata only),QUARANTINED_UNVERIFIED_ARTIFACT,Download original PDF/HTML from source URL and verify SHA-256,True
EVT-IMCA-1775,International Marine Contractors Association (IMCA),SRC-IMCA-1775,https://www.imca-int.com/resources/safety/safety-flashes/0912-near-miss-cement-tank-hatch-failure/,Missing physical document artifact in packaged repository (catalog metadata only),QUARANTINED_UNVERIFIED_ARTIFACT,Download original PDF/HTML from source URL and verify SHA-256,True
EVT-IMCA-1776,International Marine Contractors Association (IMCA),SRC-IMCA-1776,https://www.imca-int.com/resources/safety/safety-flashes/0912-lost-time-injury-lti-hand-cut-during-cutting-operations/,Missing physical document artifact in packaged repository (catalog metadata only),QUARANTINED_UNVERIFIED_ARTIFACT,Download original PDF/HTML from source URL and verify SHA-256,True
EVT-IMCA-1777,International Marine Contractors Association (IMCA),SRC-IMCA-1777,https://www.imca-int.com/resources/safety/safety-flashes/0912-near-miss-potential-fall-when-tms-protection-gate-came-loose/,Missing physical document artifact in packaged repository (catalog metadata only),QUARANTINED_UNVERIFIED_ARTIFACT,Download original PDF/HTML from source URL and verify SHA-256,True
EVT-IMCA-1778,International Marine Contractors Association (IMCA),SRC-IMCA-1778,https://www.imca-int.com/resources/safety/safety-flashes/0812-near-miss-bell-umbilical-damage-incident/,Missing physical document artifact in packaged repository (catalog metadata only),QUARANTINED_UNVERIFIED_ARTIFACT,Download original PDF/HTML from source URL and verify SHA-256,True
EVT-IMCA-1779,International Marine Contractors Association (IMCA),SRC-IMCA-1779,https://www.imca-int.com/resources/safety/safety-flashes/0812-near-miss-failure-of-load-during-lifting/,Missing physical document artifact in packaged repository (catalog metadata only),QUARANTINED_UNVERIFIED_ARTIFACT,Download original PDF/HTML from source URL and verify SHA-256,True
EVT-IMCA-1780,International Marine Contractors Association (IMCA),SRC-IMCA-1780,https://www.imca-int.com/resources/safety/safety-flashes/0812-platform-supply-vessel-comes-into-contact-with-fixed-platform/,Missing physical document artifact in packaged repository (catalog metadata only),QUARANTINED_UNVERIFIED_ARTIFACT,Download original PDF/HTML from source URL and verify SHA-256,True
EVT-IMCA-1781,International Marine Contractors Association (IMCA),SRC-IMCA-1781,https://www.imca-int.com/resources/safety/safety-flashes/0812-near-miss-dropped-objects/,Missing physical document artifact in packaged repository (catalog metadata only),QUARANTINED_UNVERIFIED_ARTIFACT,Download original PDF/HTML from source URL and verify SHA-256,True
EVT-IMCA-1782,International Marine Contractors Association (IMCA),SRC-IMCA-1782,https://www.imca-int.com/resources/safety/safety-flashes/0712-lost-time-injury-lti-incident-with-circular-saw-leads-to-loss-of-thumb/,Missing physical document artifact in packaged repository (catalog metadata only),QUARANTINED_UNVERIFIED_ARTIFACT,Download original PDF/HTML from source URL and verify SHA-256,True
EVT-IMCA-1783,International Marine Contractors Association (IMCA),SRC-IMCA-1783,https://www.imca-int.com/resources/safety/safety-flashes/0712-small-fire-and-minor-injury-during-gas-cutting/,Missing physical document artifact in packaged repository (catalog metadata only),QUARANTINED_UNVERIFIED_ARTIFACT,Download original PDF/HTML from source URL and verify SHA-256,True
EVT-IMCA-1784,International Marine Contractors Association (IMCA),SRC-IMCA-1784,https://www.imca-int.com/resources/safety/safety-flashes/0712-two-recent-cases-of-hand-and-arm-injuries/,Missing physical document artifact in packaged repository (catalog metadata only),QUARANTINED_UNVERIFIED_ARTIFACT,Download original PDF/HTML from source URL and verify SHA-256,True
EVT-IMCA-1786,International Marine Contractors Association (IMCA),SRC-IMCA-1786,https://www.imca-int.com/resources/safety/safety-flashes/0712-fall-fatality-during-platform-abandonment/,Missing physical document artifact in packaged repository (catalog metadata only),QUARANTINED_UNVERIFIED_ARTIFACT,Download original PDF/HTML from source URL and verify SHA-256,True
EVT-IMCA-1787,International Marine Contractors Association (IMCA),SRC-IMCA-1787,https://www.imca-int.com/resources/safety/safety-flashes/0612-near-miss-live-electrical-cable/,Missing physical document artifact in packaged repository (catalog metadata only),QUARANTINED_UNVERIFIED_ARTIFACT,Download original PDF/HTML from source URL and verify SHA-256,True
EVT-IMCA-1788,International Marine Contractors Association (IMCA),SRC-IMCA-1788,https://www.imca-int.com/resources/safety/safety-flashes/0612-failure-to-follow-gas-quad-procedure/,Missing physical document artifact in packaged repository (catalog metadata only),QUARANTINED_UNVERIFIED_ARTIFACT,Download original PDF/HTML from source URL and verify SHA-256,True
EVT-IMCA-1789,International Marine Contractors Association (IMCA),SRC-IMCA-1789,https://www.imca-int.com/resources/safety/safety-flashes/0612-near-miss-saturation-diver-lost-gas-supply/,Missing physical document artifact in packaged repository (catalog metadata only),QUARANTINED_UNVERIFIED_ARTIFACT,Download original PDF/HTML from source URL and verify SHA-256,True
EVT-IMCA-1790,International Marine Contractors Association (IMCA),SRC-IMCA-1790,https://www.imca-int.com/resources/safety/safety-flashes/0612-two-recent-incidents-involving-injuries/,Missing physical document artifact in packaged repository (catalog metadata only),QUARANTINED_UNVERIFIED_ARTIFACT,Download original PDF/HTML from source URL and verify SHA-256,True
EVT-IMCA-1791,International Marine Contractors Association (IMCA),SRC-IMCA-1791,https://www.imca-int.com/resources/safety/safety-flashes/0612-near-miss-cable-reel-deck-cargo-broke-loose/,Missing physical document artifact in packaged repository (catalog metadata only),QUARANTINED_UNVERIFIED_ARTIFACT,Download original PDF/HTML from source URL and verify SHA-256,True
EVT-IMCA-1792,International Marine Contractors Association (IMCA),SRC-IMCA-1792,https://www.imca-int.com/resources/safety/safety-flashes/0512-uncontrolled-ascent-of-lift-bag/,Missing physical document artifact in packaged repository (catalog metadata only),QUARANTINED_UNVERIFIED_ARTIFACT,Download original PDF/HTML from source URL and verify SHA-256,True
EVT-IMCA-1793,International Marine Contractors Association (IMCA),SRC-IMCA-1793,https://www.imca-int.com/resources/safety/safety-flashes/0512-near-miss-person-fell-from-boarding-ladder/,Missing physical document artifact in packaged repository (catalog metadata only),QUARANTINED_UNVERIFIED_ARTIFACT,Download original PDF/HTML from source URL and verify SHA-256,True
EVT-IMCA-1794,International Marine Contractors Association (IMCA),SRC-IMCA-1794,https://www.imca-int.com/resources/safety/safety-flashes/0512-lost-time-injury-lti-crewman-s-finger-pinched-when-moving-the-gangway/,Missing physical document artifact in packaged repository (catalog metadata only),QUARANTINED_UNVERIFIED_ARTIFACT,Download original PDF/HTML from source URL and verify SHA-256,True
EVT-IMCA-1795,International Marine Contractors Association (IMCA),SRC-IMCA-1795,https://www.imca-int.com/resources/safety/safety-flashes/0512-snagging-damage-during-lifting-operations/,Missing physical document artifact in packaged repository (catalog metadata only),QUARANTINED_UNVERIFIED_ARTIFACT,Download original PDF/HTML from source URL and verify SHA-256,True
EVT-IMCA-1796,International Marine Contractors Association (IMCA),SRC-IMCA-1796,https://www.imca-int.com/resources/safety/safety-flashes/0512-msf-near-miss-dropped-objects/,Missing physical document artifact in packaged repository (catalog metadata only),QUARANTINED_UNVERIFIED_ARTIFACT,Download original PDF/HTML from source URL and verify SHA-256,True
EVT-IMCA-1797,International Marine Contractors Association (IMCA),SRC-IMCA-1797,https://www.imca-int.com/resources/safety/safety-flashes/0412-lacerated-finger-during-rigging-operations/,Missing physical document artifact in packaged repository (catalog metadata only),QUARANTINED_UNVERIFIED_ARTIFACT,Download original PDF/HTML from source URL and verify SHA-256,True
EVT-IMCA-1798,International Marine Contractors Association (IMCA),SRC-IMCA-1798,https://www.imca-int.com/resources/safety/safety-flashes/0412-near-miss-during-subsea-cutting-operations/,Missing physical document artifact in packaged repository (catalog metadata only),QUARANTINED_UNVERIFIED_ARTIFACT,Download original PDF/HTML from source URL and verify SHA-256,True
EVT-IMCA-1799,International Marine Contractors Association (IMCA),SRC-IMCA-1799,https://www.imca-int.com/resources/safety/safety-flashes/0412-cargo-hose-incidents/,Missing physical document artifact in packaged repository (catalog metadata only),QUARANTINED_UNVERIFIED_ARTIFACT,Download original PDF/HTML from source URL and verify SHA-256,True
EVT-IMCA-1800,International Marine Contractors Association (IMCA),SRC-IMCA-1800,https://www.imca-int.com/resources/safety/safety-flashes/0412-crane-and-supply-boat-lifting-incident/,Missing physical document artifact in packaged repository (catalog metadata only),QUARANTINED_UNVERIFIED_ARTIFACT,Download original PDF/HTML from source URL and verify SHA-256,True
EVT-IMCA-1801,International Marine Contractors Association (IMCA),SRC-IMCA-1801,https://www.imca-int.com/resources/safety/safety-flashes/0412-near-miss-cargo-carrying-unit-ccu-flipped-over-during-lifting-operations/,Missing physical document artifact in packaged repository (catalog metadata only),QUARANTINED_UNVERIFIED_ARTIFACT,Download original PDF/HTML from source URL and verify SHA-256,True
EVT-IMCA-1802,International Marine Contractors Association (IMCA),SRC-IMCA-1802,https://www.imca-int.com/resources/safety/safety-flashes/0312-near-miss-220v-cable-not-isolated-during-work/,Missing physical document artifact in packaged repository (catalog metadata only),QUARANTINED_UNVERIFIED_ARTIFACT,Download original PDF/HTML from source URL and verify SHA-256,True
EVT-IMCA-1803,International Marine Contractors Association (IMCA),SRC-IMCA-1803,https://www.imca-int.com/resources/safety/safety-flashes/0312-lifting-post-failure-on-survey-equipment/,Missing physical document artifact in packaged repository (catalog metadata only),QUARANTINED_UNVERIFIED_ARTIFACT,Download original PDF/HTML from source URL and verify SHA-256,True
EVT-IMCA-1804,International Marine Contractors Association (IMCA),SRC-IMCA-1804,https://www.imca-int.com/resources/safety/safety-flashes/0312-near-miss-supply-vessel-pulls-platform-crane-overboard/,Missing physical document artifact in packaged repository (catalog metadata only),QUARANTINED_UNVERIFIED_ARTIFACT,Download original PDF/HTML from source URL and verify SHA-256,True
EVT-IMCA-1805,International Marine Contractors Association (IMCA),SRC-IMCA-1805,https://www.imca-int.com/resources/safety/safety-flashes/0312-bypassing-of-storage-tanks-safety-features/,Missing physical document artifact in packaged repository (catalog metadata only),QUARANTINED_UNVERIFIED_ARTIFACT,Download original PDF/HTML from source URL and verify SHA-256,True
EVT-IMCA-1806,International Marine Contractors Association (IMCA),SRC-IMCA-1806,https://www.imca-int.com/resources/safety/safety-flashes/0312-watertight-doors-and-hatches-routinely-left-open-at-sea/,Missing physical document artifact in packaged repository (catalog metadata only),QUARANTINED_UNVERIFIED_ARTIFACT,Download original PDF/HTML from source URL and verify SHA-256,True
EVT-IMCA-1807,International Marine Contractors Association (IMCA),SRC-IMCA-1807,https://www.imca-int.com/resources/safety/safety-flashes/0212-equipment-at-height-not-properly-secured/,Missing physical document artifact in packaged repository (catalog metadata only),QUARANTINED_UNVERIFIED_ARTIFACT,Download original PDF/HTML from source URL and verify SHA-256,True
EVT-IMCA-1808,International Marine Contractors Association (IMCA),SRC-IMCA-1808,https://www.imca-int.com/resources/safety/safety-flashes/0212-near-miss-serious-subsea-burning-incident/,Missing physical document artifact in packaged repository (catalog metadata only),QUARANTINED_UNVERIFIED_ARTIFACT,Download original PDF/HTML from source URL and verify SHA-256,True
EVT-IMCA-1809,International Marine Contractors Association (IMCA),SRC-IMCA-1809,https://www.imca-int.com/resources/safety/safety-flashes/0212-major-injury-suffered-in-confined-space-incident/,Missing physical document artifact in packaged repository (catalog metadata only),QUARANTINED_UNVERIFIED_ARTIFACT,Download original PDF/HTML from source URL and verify SHA-256,True
EVT-IMCA-1810,International Marine Contractors Association (IMCA),SRC-IMCA-1810,https://www.imca-int.com/resources/safety/safety-flashes/0212-man-drowned-after-falling-into-dock-when-disembarking-through-pilot-gate/,Missing physical document artifact in packaged repository (catalog metadata only),QUARANTINED_UNVERIFIED_ARTIFACT,Download original PDF/HTML from source URL and verify SHA-256,True
EVT-IMCA-1811,International Marine Contractors Association (IMCA),SRC-IMCA-1811,https://www.imca-int.com/resources/safety/safety-flashes/0212-snagged-cargo-carrying-unit-during-offshore-discharge/,Missing physical document artifact in packaged repository (catalog metadata only),QUARANTINED_UNVERIFIED_ARTIFACT,Download original PDF/HTML from source URL and verify SHA-256,True
EVT-IMCA-1812,International Marine Contractors Association (IMCA),SRC-IMCA-1812,https://www.imca-int.com/resources/safety/safety-flashes/0112-near-miss-crane-hook-block-dropped-to-deck/,Missing physical document artifact in packaged repository (catalog metadata only),QUARANTINED_UNVERIFIED_ARTIFACT,Download original PDF/HTML from source URL and verify SHA-256,True
EVT-IMCA-1813,International Marine Contractors Association (IMCA),SRC-IMCA-1813,https://www.imca-int.com/resources/safety/safety-flashes/0112-lost-time-incident-lti-laceration-to-finger/,Missing physical document artifact in packaged repository (catalog metadata only),QUARANTINED_UNVERIFIED_ARTIFACT,Download original PDF/HTML from source URL and verify SHA-256,True
EVT-IMCA-1814,International Marine Contractors Association (IMCA),SRC-IMCA-1814,https://www.imca-int.com/resources/safety/safety-flashes/0112-near-miss-rov-broke-free-of-cargo-strops-during-heavy-seas/,Missing physical document artifact in packaged repository (catalog metadata only),QUARANTINED_UNVERIFIED_ARTIFACT,Download original PDF/HTML from source URL and verify SHA-256,True
EVT-IMCA-1815,International Marine Contractors Association (IMCA),SRC-IMCA-1815,https://www.imca-int.com/resources/safety/safety-flashes/0112-h2s-leak-umbilical-laying/,Missing physical document artifact in packaged repository (catalog metadata only),QUARANTINED_UNVERIFIED_ARTIFACT,Download original PDF/HTML from source URL and verify SHA-256,True
EVT-IMCA-1816,International Marine Contractors Association (IMCA),SRC-IMCA-1816,https://www.imca-int.com/resources/safety/safety-flashes/0112-dropped-object-injury-resulting-from-failure-caused-by-corrosion/,Missing physical document artifact in packaged repository (catalog metadata only),QUARANTINED_UNVERIFIED_ARTIFACT,Download original PDF/HTML from source URL and verify SHA-256,True
EVT-IMCA-1817,International Marine Contractors Association (IMCA),SRC-IMCA-1817,https://www.imca-int.com/resources/safety/safety-flashes/1411-near-miss-diver-loss-of-gas/,Missing physical document artifact in packaged repository (catalog metadata only),QUARANTINED_UNVERIFIED_ARTIFACT,Download original PDF/HTML from source URL and verify SHA-256,True
EVT-IMCA-1818,International Marine Contractors Association (IMCA),SRC-IMCA-1818,https://www.imca-int.com/resources/safety/safety-flashes/1411-identification-of-differential-pressures-subsea-during-diving-operations/,Missing physical document artifact in packaged repository (catalog metadata only),QUARANTINED_UNVERIFIED_ARTIFACT,Download original PDF/HTML from source URL and verify SHA-256,True
EVT-IMCA-1819,International Marine Contractors Association (IMCA),SRC-IMCA-1819,https://www.imca-int.com/resources/safety/safety-flashes/1411-crewman-injured-when-steel-plates-fell-against-him/,Missing physical document artifact in packaged repository (catalog metadata only),QUARANTINED_UNVERIFIED_ARTIFACT,Download original PDF/HTML from source URL and verify SHA-256,True
EVT-IMCA-1820,International Marine Contractors Association (IMCA),SRC-IMCA-1820,https://www.imca-int.com/resources/safety/safety-flashes/1411-lifeboat-falls-after-equipment-failure/,Missing physical document artifact in packaged repository (catalog metadata only),QUARANTINED_UNVERIFIED_ARTIFACT,Download original PDF/HTML from source URL and verify SHA-256,True
EVT-IMCA-1821,International Marine Contractors Association (IMCA),SRC-IMCA-1821,https://www.imca-int.com/resources/safety/safety-flashes/1411-diver-helmet-hat-light/,Missing physical document artifact in packaged repository (catalog metadata only),QUARANTINED_UNVERIFIED_ARTIFACT,Download original PDF/HTML from source URL and verify SHA-256,True
EVT-IMCA-1822,International Marine Contractors Association (IMCA),SRC-IMCA-1822,https://www.imca-int.com/resources/safety/safety-flashes/1411-failure-of-pallet-lifters/,Missing physical document artifact in packaged repository (catalog metadata only),QUARANTINED_UNVERIFIED_ARTIFACT,Download original PDF/HTML from source URL and verify SHA-256,True
EVT-IMCA-1823,International Marine Contractors Association (IMCA),SRC-IMCA-1823,https://www.imca-int.com/resources/safety/safety-flashes/1411-near-miss-during-anchor-line-recovery/,Missing physical document artifact in packaged repository (catalog metadata only),QUARANTINED_UNVERIFIED_ARTIFACT,Download original PDF/HTML from source URL and verify SHA-256,True
EVT-IMCA-1824,International Marine Contractors Association (IMCA),SRC-IMCA-1824,https://www.imca-int.com/resources/safety/safety-flashes/1411-poor-condition-of-lifting-strops/,Missing physical document artifact in packaged repository (catalog metadata only),QUARANTINED_UNVERIFIED_ARTIFACT,Download original PDF/HTML from source URL and verify SHA-256,True
EVT-IMCA-1825,International Marine Contractors Association (IMCA),SRC-IMCA-1825,https://www.imca-int.com/resources/safety/safety-flashes/1411-leak-of-oil-based-mud-from-drain-valve/,Missing physical document artifact in packaged repository (catalog metadata only),QUARANTINED_UNVERIFIED_ARTIFACT,Download original PDF/HTML from source URL and verify SHA-256,True
EVT-IMCA-1826,International Marine Contractors Association (IMCA),SRC-IMCA-1826,https://www.imca-int.com/resources/safety/safety-flashes/1411-biocide-incident/,Missing physical document artifact in packaged repository (catalog metadata only),QUARANTINED_UNVERIFIED_ARTIFACT,Download original PDF/HTML from source URL and verify SHA-256,True
EVT-IMCA-1827,International Marine Contractors Association (IMCA),SRC-IMCA-1827,https://www.imca-int.com/resources/safety/safety-flashes/1311-near-miss-dropped-taut-wire-clump-weight/,Missing physical document artifact in packaged repository (catalog metadata only),QUARANTINED_UNVERIFIED_ARTIFACT,Download original PDF/HTML from source URL and verify SHA-256,True
EVT-IMCA-1828,International Marine Contractors Association (IMCA),SRC-IMCA-1828,https://www.imca-int.com/resources/safety/safety-flashes/1311-lost-time-injury-lti-thumb-injury/,Missing physical document artifact in packaged repository (catalog metadata only),QUARANTINED_UNVERIFIED_ARTIFACT,Download original PDF/HTML from source URL and verify SHA-256,True
EVT-IMCA-1829,International Marine Contractors Association (IMCA),SRC-IMCA-1829,https://www.imca-int.com/resources/safety/safety-flashes/1311-near-miss-winch-wire-parted-and-crane-block-dropped/,Missing physical document artifact in packaged repository (catalog metadata only),QUARANTINED_UNVERIFIED_ARTIFACT,Download original PDF/HTML from source URL and verify SHA-256,True
EVT-IMCA-1830,International Marine Contractors Association (IMCA),SRC-IMCA-1830,https://www.imca-int.com/resources/safety/safety-flashes/1311-fall-protection-product-recall/,Missing physical document artifact in packaged repository (catalog metadata only),QUARANTINED_UNVERIFIED_ARTIFACT,Download original PDF/HTML from source URL and verify SHA-256,True
EVT-IMCA-1831,International Marine Contractors Association (IMCA),SRC-IMCA-1831,https://www.imca-int.com/resources/safety/safety-flashes/1311-failure-of-rescue-boat-release-mechanism/,Missing physical document artifact in packaged repository (catalog metadata only),QUARANTINED_UNVERIFIED_ARTIFACT,Download original PDF/HTML from source URL and verify SHA-256,True
EVT-IMCA-1832,International Marine Contractors Association (IMCA),SRC-IMCA-1832,https://www.imca-int.com/resources/safety/safety-flashes/1311-person-injured-by-parts-ejected-under-pressure/,Missing physical document artifact in packaged repository (catalog metadata only),QUARANTINED_UNVERIFIED_ARTIFACT,Download original PDF/HTML from source URL and verify SHA-256,True
EVT-IMCA-1833,International Marine Contractors Association (IMCA),SRC-IMCA-1833,https://www.imca-int.com/resources/safety/safety-flashes/1311-fatal-diving-incident/,Missing physical document artifact in packaged repository (catalog metadata only),QUARANTINED_UNVERIFIED_ARTIFACT,Download original PDF/HTML from source URL and verify SHA-256,True
EVT-IMCA-1834,International Marine Contractors Association (IMCA),SRC-IMCA-1834,https://www.imca-int.com/resources/safety/safety-flashes/1211-offshore-tank-container-rigging-failure/,Missing physical document artifact in packaged repository (catalog metadata only),QUARANTINED_UNVERIFIED_ARTIFACT,Download original PDF/HTML from source URL and verify SHA-256,True
EVT-IMCA-1835,International Marine Contractors Association (IMCA),SRC-IMCA-1835,https://www.imca-int.com/resources/safety/safety-flashes/1211-near-miss-dropped-object-6kg-sledge-hammer-head/,Missing physical document artifact in packaged repository (catalog metadata only),QUARANTINED_UNVERIFIED_ARTIFACT,Download original PDF/HTML from source URL and verify SHA-256,True
EVT-IMCA-1836,International Marine Contractors Association (IMCA),SRC-IMCA-1836,https://www.imca-int.com/resources/safety/safety-flashes/1211-near-miss-crane-winch-wire-damaged-crane-cab-during-heavy-seas/,Missing physical document artifact in packaged repository (catalog metadata only),QUARANTINED_UNVERIFIED_ARTIFACT,Download original PDF/HTML from source URL and verify SHA-256,True
EVT-IMCA-1837,International Marine Contractors Association (IMCA),SRC-IMCA-1837,https://www.imca-int.com/resources/safety/safety-flashes/1211-near-miss-diver-working-under-suspended-load/,Missing physical document artifact in packaged repository (catalog metadata only),QUARANTINED_UNVERIFIED_ARTIFACT,Download original PDF/HTML from source URL and verify SHA-256,True
EVT-IMCA-1838,International Marine Contractors Association (IMCA),SRC-IMCA-1838,https://www.imca-int.com/resources/safety/safety-flashes/1211-fast-rescue-boat-dropped-18-m-into-sea-injuring-crew/,Missing physical document artifact in packaged repository (catalog metadata only),QUARANTINED_UNVERIFIED_ARTIFACT,Download original PDF/HTML from source URL and verify SHA-256,True
EVT-IMCA-1839,International Marine Contractors Association (IMCA),SRC-IMCA-1839,https://www.imca-int.com/resources/safety/safety-flashes/1211-dynamic-positioning-dp-system-failure/,Missing physical document artifact in packaged repository (catalog metadata only),QUARANTINED_UNVERIFIED_ARTIFACT,Download original PDF/HTML from source URL and verify SHA-256,True
EVT-IMCA-1840,International Marine Contractors Association (IMCA),SRC-IMCA-1840,https://www.imca-int.com/resources/safety/safety-flashes/1211-engine-room-co2-isolating-valve/,Missing physical document artifact in packaged repository (catalog metadata only),QUARANTINED_UNVERIFIED_ARTIFACT,Download original PDF/HTML from source URL and verify SHA-256,True
EVT-IMCA-1841,International Marine Contractors Association (IMCA),SRC-IMCA-1841,https://www.imca-int.com/resources/safety/safety-flashes/1211-engine-room-fire-on-offshore-vessel/,Missing physical document artifact in packaged repository (catalog metadata only),QUARANTINED_UNVERIFIED_ARTIFACT,Download original PDF/HTML from source URL and verify SHA-256,True
EVT-IMCA-1842,International Marine Contractors Association (IMCA),SRC-IMCA-1842,https://www.imca-int.com/resources/safety/safety-flashes/1111-failure-of-pressure-washer/,Missing physical document artifact in packaged repository (catalog metadata only),QUARANTINED_UNVERIFIED_ARTIFACT,Download original PDF/HTML from source URL and verify SHA-256,True
EVT-IMCA-1843,International Marine Contractors Association (IMCA),SRC-IMCA-1843,https://www.imca-int.com/resources/safety/safety-flashes/1111-equipment-damage-dropped-rovtether-management-system-tms/,Missing physical document artifact in packaged repository (catalog metadata only),QUARANTINED_UNVERIFIED_ARTIFACT,Download original PDF/HTML from source URL and verify SHA-256,True
EVT-IMCA-1844,International Marine Contractors Association (IMCA),SRC-IMCA-1844,https://www.imca-int.com/resources/safety/safety-flashes/1111-grinding-disc-with-defects/,Missing physical document artifact in packaged repository (catalog metadata only),QUARANTINED_UNVERIFIED_ARTIFACT,Download original PDF/HTML from source URL and verify SHA-256,True
EVT-IMCA-1845,International Marine Contractors Association (IMCA),SRC-IMCA-1845,https://www.imca-int.com/resources/safety/safety-flashes/1111-gas-detector-safety-alert/,Missing physical document artifact in packaged repository (catalog metadata only),QUARANTINED_UNVERIFIED_ARTIFACT,Download original PDF/HTML from source URL and verify SHA-256,True
EVT-IMCA-1846,International Marine Contractors Association (IMCA),SRC-IMCA-1846,https://www.imca-int.com/resources/safety/safety-flashes/1111-collision-between-osv-and-barge/,Missing physical document artifact in packaged repository (catalog metadata only),QUARANTINED_UNVERIFIED_ARTIFACT,Download original PDF/HTML from source URL and verify SHA-256,True
EVT-IMCA-1847,International Marine Contractors Association (IMCA),SRC-IMCA-1847,https://www.imca-int.com/resources/safety/safety-flashes/1111-oil-spill-in-port-whilst-discharging-waste-oil/,Missing physical document artifact in packaged repository (catalog metadata only),QUARANTINED_UNVERIFIED_ARTIFACT,Download original PDF/HTML from source URL and verify SHA-256,True
EVT-IMCA-1848,International Marine Contractors Association (IMCA),SRC-IMCA-1848,https://www.imca-int.com/resources/safety/safety-flashes/1111-fire-extinguisher-recall-faulty-equipment/,Missing physical document artifact in packaged repository (catalog metadata only),QUARANTINED_UNVERIFIED_ARTIFACT,Download original PDF/HTML from source URL and verify SHA-256,True
EVT-IMCA-1849,International Marine Contractors Association (IMCA),SRC-IMCA-1849,https://www.imca-int.com/resources/safety/safety-flashes/1111-pilot-ladder-failure/,Missing physical document artifact in packaged repository (catalog metadata only),QUARANTINED_UNVERIFIED_ARTIFACT,Download original PDF/HTML from source URL and verify SHA-256,True
EVT-IMCA-1850,International Marine Contractors Association (IMCA),SRC-IMCA-1850,https://www.imca-int.com/resources/safety/safety-flashes/1011-oxygen-regulator-explodes-causing-injury/,Missing physical document artifact in packaged repository (catalog metadata only),QUARANTINED_UNVERIFIED_ARTIFACT,Download original PDF/HTML from source URL and verify SHA-256,True
EVT-IMCA-1851,International Marine Contractors Association (IMCA),SRC-IMCA-1851,https://www.imca-int.com/resources/safety/safety-flashes/1011-lifeboat-drill-near-casualty/,Missing physical document artifact in packaged repository (catalog metadata only),QUARANTINED_UNVERIFIED_ARTIFACT,Download original PDF/HTML from source URL and verify SHA-256,True
EVT-IMCA-1852,International Marine Contractors Association (IMCA),SRC-IMCA-1852,https://www.imca-int.com/resources/safety/safety-flashes/1011-gimballed-frying-pan-handle-assembly-failure/,Missing physical document artifact in packaged repository (catalog metadata only),QUARANTINED_UNVERIFIED_ARTIFACT,Download original PDF/HTML from source URL and verify SHA-256,True
EVT-IMCA-1853,International Marine Contractors Association (IMCA),SRC-IMCA-1853,https://www.imca-int.com/resources/safety/safety-flashes/1011-serious-injury-as-a-result-of-a-fall-from-height/,Missing physical document artifact in packaged repository (catalog metadata only),QUARANTINED_UNVERIFIED_ARTIFACT,Download original PDF/HTML from source URL and verify SHA-256,True
EVT-IMCA-1854,International Marine Contractors Association (IMCA),SRC-IMCA-1854,https://www.imca-int.com/resources/safety/safety-flashes/1011-fatality-during-rope-access-work/,Missing physical document artifact in packaged repository (catalog metadata only),QUARANTINED_UNVERIFIED_ARTIFACT,Download original PDF/HTML from source URL and verify SHA-256,True
EVT-IMCA-1855,International Marine Contractors Association (IMCA),SRC-IMCA-1855,https://www.imca-int.com/resources/safety/safety-flashes/1011-collision-between-vessel-and-installation-resulting-in-damage-to-both/,Missing physical document artifact in packaged repository (catalog metadata only),QUARANTINED_UNVERIFIED_ARTIFACT,Download original PDF/HTML from source URL and verify SHA-256,True
EVT-IMCA-1856,International Marine Contractors Association (IMCA),SRC-IMCA-1856,https://www.imca-int.com/resources/safety/safety-flashes/1011-mooring-line-operational-safety/,Missing physical document artifact in packaged repository (catalog metadata only),QUARANTINED_UNVERIFIED_ARTIFACT,Download original PDF/HTML from source URL and verify SHA-256,True
EVT-IMCA-1857,International Marine Contractors Association (IMCA),SRC-IMCA-1857,https://www.imca-int.com/resources/safety/safety-flashes/0911-failure-of-fall-wire-update-to-safety-flash-0511/,Missing physical document artifact in packaged repository (catalog metadata only),QUARANTINED_UNVERIFIED_ARTIFACT,Download original PDF/HTML from source URL and verify SHA-256,True
EVT-IMCA-1858,International Marine Contractors Association (IMCA),SRC-IMCA-1858,https://www.imca-int.com/resources/safety/safety-flashes/0811-hand-injury-while-using-hydraulic-impact-wrench/,Missing physical document artifact in packaged repository (catalog metadata only),QUARANTINED_UNVERIFIED_ARTIFACT,Download original PDF/HTML from source URL and verify SHA-256,True
EVT-IMCA-1859,International Marine Contractors Association (IMCA),SRC-IMCA-1859,https://www.imca-int.com/resources/safety/safety-flashes/0811-recent-near-miss-incidents-involving-potential-dropped-objects/,Missing physical document artifact in packaged repository (catalog metadata only),QUARANTINED_UNVERIFIED_ARTIFACT,Download original PDF/HTML from source URL and verify SHA-256,True
EVT-IMCA-1860,International Marine Contractors Association (IMCA),SRC-IMCA-1860,https://www.imca-int.com/resources/safety/safety-flashes/0811-electrician-received-electric-shock/,Missing physical document artifact in packaged repository (catalog metadata only),QUARANTINED_UNVERIFIED_ARTIFACT,Download original PDF/HTML from source URL and verify SHA-256,True
EVT-IMCA-1861,International Marine Contractors Association (IMCA),SRC-IMCA-1861,https://www.imca-int.com/resources/safety/safety-flashes/0811-fatality-after-capsize-of-workboat-with-eight-persons-onboard/,Missing physical document artifact in packaged repository (catalog metadata only),QUARANTINED_UNVERIFIED_ARTIFACT,Download original PDF/HTML from source URL and verify SHA-256,True
EVT-IMCA-1862,International Marine Contractors Association (IMCA),SRC-IMCA-1862,https://www.imca-int.com/resources/safety/safety-flashes/0711-reliance-on-crane-limits-caused-crane-damage-and-dropped-objects/,Missing physical document artifact in packaged repository (catalog metadata only),QUARANTINED_UNVERIFIED_ARTIFACT,Download original PDF/HTML from source URL and verify SHA-256,True
EVT-IMCA-1863,International Marine Contractors Association (IMCA),SRC-IMCA-1863,https://www.imca-int.com/resources/safety/safety-flashes/0711-galley-fryer-fire/,Missing physical document artifact in packaged repository (catalog metadata only),QUARANTINED_UNVERIFIED_ARTIFACT,Download original PDF/HTML from source URL and verify SHA-256,True
EVT-IMCA-1864,International Marine Contractors Association (IMCA),SRC-IMCA-1864,https://www.imca-int.com/resources/safety/safety-flashes/0711-shackles-in-rigging-assembly-below-required-safe-working-load-swl/,Missing physical document artifact in packaged repository (catalog metadata only),QUARANTINED_UNVERIFIED_ARTIFACT,Download original PDF/HTML from source URL and verify SHA-256,True
EVT-IMCA-1865,International Marine Contractors Association (IMCA),SRC-IMCA-1865,https://www.imca-int.com/resources/safety/safety-flashes/0711-near-miss-personnel-almost-caught-between-crane-house-and-scaffold-pipe/,Missing physical document artifact in packaged repository (catalog metadata only),QUARANTINED_UNVERIFIED_ARTIFACT,Download original PDF/HTML from source URL and verify SHA-256,True
EVT-IMCA-1866,International Marine Contractors Association (IMCA),SRC-IMCA-1866,https://www.imca-int.com/resources/safety/safety-flashes/0711-injury-failure-of-subsea-hp-water-jetting-gun/,Missing physical document artifact in packaged repository (catalog metadata only),QUARANTINED_UNVERIFIED_ARTIFACT,Download original PDF/HTML from source URL and verify SHA-256,True
EVT-IMCA-1867,International Marine Contractors Association (IMCA),SRC-IMCA-1867,https://www.imca-int.com/resources/safety/safety-flashes/0711-incorrect-information-in-user-manual-for-fixed-fire-fighting-system/,Missing physical document artifact in packaged repository (catalog metadata only),QUARANTINED_UNVERIFIED_ARTIFACT,Download original PDF/HTML from source URL and verify SHA-256,True
EVT-IMCA-1868,International Marine Contractors Association (IMCA),SRC-IMCA-1868,https://www.imca-int.com/resources/safety/safety-flashes/0611-person-fell-after-safety-lanyard-failed/,Missing physical document artifact in packaged repository (catalog metadata only),QUARANTINED_UNVERIFIED_ARTIFACT,Download original PDF/HTML from source URL and verify SHA-256,True
EVT-IMCA-1869,International Marine Contractors Association (IMCA),SRC-IMCA-1869,https://www.imca-int.com/resources/safety/safety-flashes/0611-confined-space-multiple-fatalities/,Missing physical document artifact in packaged repository (catalog metadata only),QUARANTINED_UNVERIFIED_ARTIFACT,Download original PDF/HTML from source URL and verify SHA-256,True
EVT-IMCA-1870,International Marine Contractors Association (IMCA),SRC-IMCA-1870,https://www.imca-int.com/resources/safety/safety-flashes/0611-failed-chain-link-catastrophic-failures-in-mooring-system/,Missing physical document artifact in packaged repository (catalog metadata only),QUARANTINED_UNVERIFIED_ARTIFACT,Download original PDF/HTML from source URL and verify SHA-256,True
EVT-IMCA-1871,International Marine Contractors Association (IMCA),SRC-IMCA-1871,https://www.imca-int.com/resources/safety/safety-flashes/0611-confined-space-multiple-fatalities-slop-tank/,Missing physical document artifact in packaged repository (catalog metadata only),QUARANTINED_UNVERIFIED_ARTIFACT,Download original PDF/HTML from source URL and verify SHA-256,True
EVT-IMCA-1872,International Marine Contractors Association (IMCA),SRC-IMCA-1872,https://www.imca-int.com/resources/safety/safety-flashes/0511-near-miss-security-of-equipment/,Missing physical document artifact in packaged repository (catalog metadata only),QUARANTINED_UNVERIFIED_ARTIFACT,Download original PDF/HTML from source URL and verify SHA-256,True
EVT-IMCA-1873,International Marine Contractors Association (IMCA),SRC-IMCA-1873,https://www.imca-int.com/resources/safety/safety-flashes/0511-improper-use-of-tools-bruising/,Missing physical document artifact in packaged repository (catalog metadata only),QUARANTINED_UNVERIFIED_ARTIFACT,Download original PDF/HTML from source URL and verify SHA-256,True
EVT-IMCA-1874,International Marine Contractors Association (IMCA),SRC-IMCA-1874,https://www.imca-int.com/resources/safety/safety-flashes/0511-lack-of-safety-awareness-crush-injury-during-lifting-operations/,Missing physical document artifact in packaged repository (catalog metadata only),QUARANTINED_UNVERIFIED_ARTIFACT,Download original PDF/HTML from source URL and verify SHA-256,True
EVT-IMCA-1875,International Marine Contractors Association (IMCA),SRC-IMCA-1875,https://www.imca-int.com/resources/safety/safety-flashes/0511-diver-safety-high-pressure-water-jetting/,Missing physical document artifact in packaged repository (catalog metadata only),QUARANTINED_UNVERIFIED_ARTIFACT,Download original PDF/HTML from source URL and verify SHA-256,True
EVT-IMCA-1876,International Marine Contractors Association (IMCA),SRC-IMCA-1876,https://www.imca-int.com/resources/safety/safety-flashes/0511-failure-of-fall-wire-fatality/,Missing physical document artifact in packaged repository (catalog metadata only),QUARANTINED_UNVERIFIED_ARTIFACT,Download original PDF/HTML from source URL and verify SHA-256,True
EVT-IMCA-1877,International Marine Contractors Association (IMCA),SRC-IMCA-1877,https://www.imca-int.com/resources/safety/safety-flashes/0511-anchor-handling-incident/,Missing physical document artifact in packaged repository (catalog metadata only),QUARANTINED_UNVERIFIED_ARTIFACT,Download original PDF/HTML from source URL and verify SHA-256,True
EVT-IMCA-1878,International Marine Contractors Association (IMCA),SRC-IMCA-1878,https://www.imca-int.com/resources/safety/safety-flashes/0411-crane-boom-dropped-object/,Missing physical document artifact in packaged repository (catalog metadata only),QUARANTINED_UNVERIFIED_ARTIFACT,Download original PDF/HTML from source URL and verify SHA-256,True
EVT-IMCA-1879,International Marine Contractors Association (IMCA),SRC-IMCA-1879,https://www.imca-int.com/resources/safety/safety-flashes/0411-low-pressure-mud-hose-parted/,Missing physical document artifact in packaged repository (catalog metadata only),QUARANTINED_UNVERIFIED_ARTIFACT,Download original PDF/HTML from source URL and verify SHA-256,True
EVT-IMCA-1880,International Marine Contractors Association (IMCA),SRC-IMCA-1880,https://www.imca-int.com/resources/safety/safety-flashes/0411-hot-work-conducted-within-the-500-metres-safety-zone/,Missing physical document artifact in packaged repository (catalog metadata only),QUARANTINED_UNVERIFIED_ARTIFACT,Download original PDF/HTML from source URL and verify SHA-256,True
EVT-IMCA-1881,International Marine Contractors Association (IMCA),SRC-IMCA-1881,https://www.imca-int.com/resources/safety/safety-flashes/0311-failure-of-hydraulic-fitting-at-pressure/,Missing physical document artifact in packaged repository (catalog metadata only),QUARANTINED_UNVERIFIED_ARTIFACT,Download original PDF/HTML from source URL and verify SHA-256,True
EVT-IMCA-1882,International Marine Contractors Association (IMCA),SRC-IMCA-1882,https://www.imca-int.com/resources/safety/safety-flashes/0311-crane-motion-reference-unit-mru-malfunctions-after-overheating/,Missing physical document artifact in packaged repository (catalog metadata only),QUARANTINED_UNVERIFIED_ARTIFACT,Download original PDF/HTML from source URL and verify SHA-256,True
EVT-IMCA-1883,International Marine Contractors Association (IMCA),SRC-IMCA-1883,https://www.imca-int.com/resources/safety/safety-flashes/0311-fake-emergency-escape-breathing-device-eebd-sets/,Missing physical document artifact in packaged repository (catalog metadata only),QUARANTINED_UNVERIFIED_ARTIFACT,Download original PDF/HTML from source URL and verify SHA-256,True
EVT-IMCA-1884,International Marine Contractors Association (IMCA),SRC-IMCA-1884,https://www.imca-int.com/resources/safety/safety-flashes/0211-kirby-morgan-sl-17c-partially-detached-from-neck-dam/,Missing physical document artifact in packaged repository (catalog metadata only),QUARANTINED_UNVERIFIED_ARTIFACT,Download original PDF/HTML from source URL and verify SHA-256,True
EVT-IMCA-1885,International Marine Contractors Association (IMCA),SRC-IMCA-1885,https://www.imca-int.com/resources/safety/safety-flashes/0211-serious-hand-injury-during-use-of-deck-scaler/,Missing physical document artifact in packaged repository (catalog metadata only),QUARANTINED_UNVERIFIED_ARTIFACT,Download original PDF/HTML from source URL and verify SHA-256,True
EVT-IMCA-1886,International Marine Contractors Association (IMCA),SRC-IMCA-1886,https://www.imca-int.com/resources/safety/safety-flashes/0211-service-bulletin-integrated-flywheel-generators-ifg/,Missing physical document artifact in packaged repository (catalog metadata only),QUARANTINED_UNVERIFIED_ARTIFACT,Download original PDF/HTML from source URL and verify SHA-256,True
EVT-IMCA-1887,International Marine Contractors Association (IMCA),SRC-IMCA-1887,https://www.imca-int.com/resources/safety/safety-flashes/0111-broken-right-hand-index-finger/,Missing physical document artifact in packaged repository (catalog metadata only),QUARANTINED_UNVERIFIED_ARTIFACT,Download original PDF/HTML from source URL and verify SHA-256,True
EVT-IMCA-1888,International Marine Contractors Association (IMCA),SRC-IMCA-1888,https://www.imca-int.com/resources/safety/safety-flashes/0111-inappropriate-use-of-snap-hooks/,Missing physical document artifact in packaged repository (catalog metadata only),QUARANTINED_UNVERIFIED_ARTIFACT,Download original PDF/HTML from source URL and verify SHA-256,True
EVT-IMCA-1889,International Marine Contractors Association (IMCA),SRC-IMCA-1889,https://www.imca-int.com/resources/safety/safety-flashes/0111-functional-safety-of-control-systems/,Missing physical document artifact in packaged repository (catalog metadata only),QUARANTINED_UNVERIFIED_ARTIFACT,Download original PDF/HTML from source URL and verify SHA-256,True
EVT-IMCA-1890,International Marine Contractors Association (IMCA),SRC-IMCA-1890,https://www.imca-int.com/resources/safety/safety-flashes/0111-serious-failure-of-co2-fire-fighting-system/,Missing physical document artifact in packaged repository (catalog metadata only),QUARANTINED_UNVERIFIED_ARTIFACT,Download original PDF/HTML from source URL and verify SHA-256,True
EVT-IMCA-1891,International Marine Contractors Association (IMCA),SRC-IMCA-1891,https://www.imca-int.com/resources/safety/safety-flashes/0111-lifting-operations-securing-equipment/,Missing physical document artifact in packaged repository (catalog metadata only),QUARANTINED_UNVERIFIED_ARTIFACT,Download original PDF/HTML from source URL and verify SHA-256,True
EVT-IMCA-1892,International Marine Contractors Association (IMCA),SRC-IMCA-1892,https://www.imca-int.com/resources/safety/safety-flashes/0111-failure-of-home-made-equipment/,Missing physical document artifact in packaged repository (catalog metadata only),QUARANTINED_UNVERIFIED_ARTIFACT,Download original PDF/HTML from source URL and verify SHA-256,True
EVT-IMCA-1893,International Marine Contractors Association (IMCA),SRC-IMCA-1893,https://www.imca-int.com/resources/safety/safety-flashes/0810-welding-of-shackles/,Missing physical document artifact in packaged repository (catalog metadata only),QUARANTINED_UNVERIFIED_ARTIFACT,Download original PDF/HTML from source URL and verify SHA-256,True
EVT-IMCA-1894,International Marine Contractors Association (IMCA),SRC-IMCA-1894,https://www.imca-int.com/resources/safety/safety-flashes/0810-lacerated-chin-caused-by-flying-wedge/,Missing physical document artifact in packaged repository (catalog metadata only),QUARANTINED_UNVERIFIED_ARTIFACT,Download original PDF/HTML from source URL and verify SHA-256,True
EVT-IMCA-1895,International Marine Contractors Association (IMCA),SRC-IMCA-1895,https://www.imca-int.com/resources/safety/safety-flashes/0810-failure-to-calibrate-mru-led-to-near-miss/,Missing physical document artifact in packaged repository (catalog metadata only),QUARANTINED_UNVERIFIED_ARTIFACT,Download original PDF/HTML from source URL and verify SHA-256,True
EVT-IMCA-1896,International Marine Contractors Association (IMCA),SRC-IMCA-1896,https://www.imca-int.com/resources/safety/safety-flashes/0810-diver-safety-nitrox-generator-use/,Missing physical document artifact in packaged repository (catalog metadata only),QUARANTINED_UNVERIFIED_ARTIFACT,Download original PDF/HTML from source URL and verify SHA-256,True
EVT-IMCA-1897,International Marine Contractors Association (IMCA),SRC-IMCA-1897,https://www.imca-int.com/resources/safety/safety-flashes/0810-right-hand-hit-by-flying-wedge/,Missing physical document artifact in packaged repository (catalog metadata only),QUARANTINED_UNVERIFIED_ARTIFACT,Download original PDF/HTML from source URL and verify SHA-256,True
EVT-IMCA-1898,International Marine Contractors Association (IMCA),SRC-IMCA-1898,https://www.imca-int.com/resources/safety/safety-flashes/0810-subsea-oxy-arc-cutting-risk-of-explosion/,Missing physical document artifact in packaged repository (catalog metadata only),QUARANTINED_UNVERIFIED_ARTIFACT,Download original PDF/HTML from source URL and verify SHA-256,True
EVT-IMCA-1899,International Marine Contractors Association (IMCA),SRC-IMCA-1899,https://www.imca-int.com/resources/safety/safety-flashes/0710-near-miss-falling-object/,Missing physical document artifact in packaged repository (catalog metadata only),QUARANTINED_UNVERIFIED_ARTIFACT,Download original PDF/HTML from source URL and verify SHA-256,True
EVT-IMCA-1900,International Marine Contractors Association (IMCA),SRC-IMCA-1900,https://www.imca-int.com/resources/safety/safety-flashes/0710-crewman-fatally-injured-during-mooring-operations/,Missing physical document artifact in packaged repository (catalog metadata only),QUARANTINED_UNVERIFIED_ARTIFACT,Download original PDF/HTML from source URL and verify SHA-256,True
EVT-IMCA-1901,International Marine Contractors Association (IMCA),SRC-IMCA-1901,https://www.imca-int.com/resources/safety/safety-flashes/0710-precautions-against-jellyfish-sting-during-diving-operations/,Missing physical document artifact in packaged repository (catalog metadata only),QUARANTINED_UNVERIFIED_ARTIFACT,Download original PDF/HTML from source URL and verify SHA-256,True
EVT-IMCA-1902,International Marine Contractors Association (IMCA),SRC-IMCA-1902,https://www.imca-int.com/resources/safety/safety-flashes/0710-fatality-fall-from-height/,Missing physical document artifact in packaged repository (catalog metadata only),QUARANTINED_UNVERIFIED_ARTIFACT,Download original PDF/HTML from source URL and verify SHA-256,True
EVT-IMCA-1903,International Marine Contractors Association (IMCA),SRC-IMCA-1903,https://www.imca-int.com/resources/safety/safety-flashes/0610-lost-time-injury-lti-severed-tendon/,Missing physical document artifact in packaged repository (catalog metadata only),QUARANTINED_UNVERIFIED_ARTIFACT,Download original PDF/HTML from source URL and verify SHA-256,True
EVT-IMCA-1904,International Marine Contractors Association (IMCA),SRC-IMCA-1904,https://www.imca-int.com/resources/safety/safety-flashes/0610-minor-chest-burns-suffered-by-rope-access-technician/,Missing physical document artifact in packaged repository (catalog metadata only),QUARANTINED_UNVERIFIED_ARTIFACT,Download original PDF/HTML from source URL and verify SHA-256,True
EVT-IMCA-1905,International Marine Contractors Association (IMCA),SRC-IMCA-1905,https://www.imca-int.com/resources/safety/safety-flashes/0610-near-miss-safety-device-hard-link-damaged-during-hot-work/,Missing physical document artifact in packaged repository (catalog metadata only),QUARANTINED_UNVERIFIED_ARTIFACT,Download original PDF/HTML from source URL and verify SHA-256,True
EVT-IMCA-1906,International Marine Contractors Association (IMCA),SRC-IMCA-1906,https://www.imca-int.com/resources/safety/safety-flashes/0610-tug-capsized-during-operations/,Missing physical document artifact in packaged repository (catalog metadata only),QUARANTINED_UNVERIFIED_ARTIFACT,Download original PDF/HTML from source URL and verify SHA-256,True
EVT-IMCA-1907,International Marine Contractors Association (IMCA),SRC-IMCA-1907,https://www.imca-int.com/resources/safety/safety-flashes/0610-load-dropped-owing-to-incorrect-manufacture-of-flemish-eye-crane-pennant/,Missing physical document artifact in packaged repository (catalog metadata only),QUARANTINED_UNVERIFIED_ARTIFACT,Download original PDF/HTML from source URL and verify SHA-256,True
EVT-IMCA-1908,International Marine Contractors Association (IMCA),SRC-IMCA-1908,https://www.imca-int.com/resources/safety/safety-flashes/0510-near-miss-burnt-out-electrical-socket/,Missing physical document artifact in packaged repository (catalog metadata only),QUARANTINED_UNVERIFIED_ARTIFACT,Download original PDF/HTML from source URL and verify SHA-256,True
EVT-IMCA-1909,International Marine Contractors Association (IMCA),SRC-IMCA-1909,https://www.imca-int.com/resources/safety/safety-flashes/0510-water-ingress-to-bow-thruster-space/,Missing physical document artifact in packaged repository (catalog metadata only),QUARANTINED_UNVERIFIED_ARTIFACT,Download original PDF/HTML from source URL and verify SHA-256,True
EVT-IMCA-1910,International Marine Contractors Association (IMCA),SRC-IMCA-1910,https://www.imca-int.com/resources/safety/safety-flashes/0510-diver-injury-during-air-cylinder-recharging/,Missing physical document artifact in packaged repository (catalog metadata only),QUARANTINED_UNVERIFIED_ARTIFACT,Download original PDF/HTML from source URL and verify SHA-256,True
EVT-IMCA-1911,International Marine Contractors Association (IMCA),SRC-IMCA-1911,https://www.imca-int.com/resources/safety/safety-flashes/0510-near-miss-crane-wire-grease-and-headache-ball/,Missing physical document artifact in packaged repository (catalog metadata only),QUARANTINED_UNVERIFIED_ARTIFACT,Download original PDF/HTML from source URL and verify SHA-256,True
EVT-IMCA-1912,International Marine Contractors Association (IMCA),SRC-IMCA-1912,https://www.imca-int.com/resources/safety/safety-flashes/0510-oxy-arc-umbilical-handling-winch-fire-on-deck/,Missing physical document artifact in packaged repository (catalog metadata only),QUARANTINED_UNVERIFIED_ARTIFACT,Download original PDF/HTML from source URL and verify SHA-256,True
EVT-IMCA-1913,International Marine Contractors Association (IMCA),SRC-IMCA-1913,https://www.imca-int.com/resources/safety/safety-flashes/0610-third-degree-burn-sustained-during-rope-access-hot-work/,Missing physical document artifact in packaged repository (catalog metadata only),QUARANTINED_UNVERIFIED_ARTIFACT,Download original PDF/HTML from source URL and verify SHA-256,True
EVT-IMCA-1914,International Marine Contractors Association (IMCA),SRC-IMCA-1914,https://www.imca-int.com/resources/safety/safety-flashes/0410-person-injured-by-mooring-lines/,Missing physical document artifact in packaged repository (catalog metadata only),QUARANTINED_UNVERIFIED_ARTIFACT,Download original PDF/HTML from source URL and verify SHA-256,True
EVT-IMCA-1915,International Marine Contractors Association (IMCA),SRC-IMCA-1915,https://www.imca-int.com/resources/safety/safety-flashes/0410-high-potential-dropped-object-near-miss-antenna-fell-to-deck/,Missing physical document artifact in packaged repository (catalog metadata only),QUARANTINED_UNVERIFIED_ARTIFACT,Download original PDF/HTML from source URL and verify SHA-256,True
EVT-IMCA-1916,International Marine Contractors Association (IMCA),SRC-IMCA-1916,https://www.imca-int.com/resources/safety/safety-flashes/0410-serious-shortcomings-with-hydrostatic-release-units/,Missing physical document artifact in packaged repository (catalog metadata only),QUARANTINED_UNVERIFIED_ARTIFACT,Download original PDF/HTML from source URL and verify SHA-256,True
EVT-IMCA-1917,International Marine Contractors Association (IMCA),SRC-IMCA-1917,https://www.imca-int.com/resources/safety/safety-flashes/0410-failure-of-life-rafts-during-servicing/,Missing physical document artifact in packaged repository (catalog metadata only),QUARANTINED_UNVERIFIED_ARTIFACT,Download original PDF/HTML from source URL and verify SHA-256,True
EVT-IMCA-1918,International Marine Contractors Association (IMCA),SRC-IMCA-1918,https://www.imca-int.com/resources/safety/safety-flashes/0410-co2-systems-safety-pins/,Missing physical document artifact in packaged repository (catalog metadata only),QUARANTINED_UNVERIFIED_ARTIFACT,Download original PDF/HTML from source URL and verify SHA-256,True
EVT-IMCA-1919,International Marine Contractors Association (IMCA),SRC-IMCA-1919,https://www.imca-int.com/resources/safety/safety-flashes/0410-failure-of-fixed-high-expansion-foam/,Missing physical document artifact in packaged repository (catalog metadata only),QUARANTINED_UNVERIFIED_ARTIFACT,Download original PDF/HTML from source URL and verify SHA-256,True
EVT-IMCA-1920,International Marine Contractors Association (IMCA),SRC-IMCA-1920,https://www.imca-int.com/resources/safety/safety-flashes/0310-incident-during-entry-to-diving-bell/,Missing physical document artifact in packaged repository (catalog metadata only),QUARANTINED_UNVERIFIED_ARTIFACT,Download original PDF/HTML from source URL and verify SHA-256,True
EVT-IMCA-1921,International Marine Contractors Association (IMCA),SRC-IMCA-1921,https://www.imca-int.com/resources/safety/safety-flashes/0310-uncontrolled-ascent-loss-of-lift-bag-to-surface/,Missing physical document artifact in packaged repository (catalog metadata only),QUARANTINED_UNVERIFIED_ARTIFACT,Download original PDF/HTML from source URL and verify SHA-256,True
EVT-IMCA-1922,International Marine Contractors Association (IMCA),SRC-IMCA-1922,https://www.imca-int.com/resources/safety/safety-flashes/0310-gangway-failure/,Missing physical document artifact in packaged repository (catalog metadata only),QUARANTINED_UNVERIFIED_ARTIFACT,Download original PDF/HTML from source URL and verify SHA-256,True
EVT-IMCA-1923,International Marine Contractors Association (IMCA),SRC-IMCA-1923,https://www.imca-int.com/resources/safety/safety-flashes/0310-missing-dangerous-goods-declaration/,Missing physical document artifact in packaged repository (catalog metadata only),QUARANTINED_UNVERIFIED_ARTIFACT,Download original PDF/HTML from source URL and verify SHA-256,True
EVT-IMCA-1924,International Marine Contractors Association (IMCA),SRC-IMCA-1924,https://www.imca-int.com/resources/safety/safety-flashes/0210-crewman-received-440v-electric-shock/,Missing physical document artifact in packaged repository (catalog metadata only),QUARANTINED_UNVERIFIED_ARTIFACT,Download original PDF/HTML from source URL and verify SHA-256,True
EVT-IMCA-1925,International Marine Contractors Association (IMCA),SRC-IMCA-1925,https://www.imca-int.com/resources/safety/safety-flashes/0210-near-miss-improper-use-of-fall-arrest-equipment-leads-to-fall/,Missing physical document artifact in packaged repository (catalog metadata only),QUARANTINED_UNVERIFIED_ARTIFACT,Download original PDF/HTML from source URL and verify SHA-256,True
EVT-IMCA-1926,International Marine Contractors Association (IMCA),SRC-IMCA-1926,https://www.imca-int.com/resources/safety/safety-flashes/0210-failure-of-hose-reel-bearing-housing/,Missing physical document artifact in packaged repository (catalog metadata only),QUARANTINED_UNVERIFIED_ARTIFACT,Download original PDF/HTML from source URL and verify SHA-256,True
EVT-IMCA-1927,International Marine Contractors Association (IMCA),SRC-IMCA-1927,https://www.imca-int.com/resources/safety/safety-flashes/0210-inadvertent-opening-of-circuit-breakers/,Missing physical document artifact in packaged repository (catalog metadata only),QUARANTINED_UNVERIFIED_ARTIFACT,Download original PDF/HTML from source URL and verify SHA-256,True
EVT-IMCA-1928,International Marine Contractors Association (IMCA),SRC-IMCA-1928,https://www.imca-int.com/resources/safety/safety-flashes/0210-hole-burnt-in-vessel-deck-during-removal-of-sea-fastenings/,Missing physical document artifact in packaged repository (catalog metadata only),QUARANTINED_UNVERIFIED_ARTIFACT,Download original PDF/HTML from source URL and verify SHA-256,True
EVT-IMCA-1929,International Marine Contractors Association (IMCA),SRC-IMCA-1929,https://www.imca-int.com/resources/safety/safety-flashes/0210-fatality-during-anchor-handling-operation/,Missing physical document artifact in packaged repository (catalog metadata only),QUARANTINED_UNVERIFIED_ARTIFACT,Download original PDF/HTML from source URL and verify SHA-256,True
EVT-IMCA-1930,International Marine Contractors Association (IMCA),SRC-IMCA-1930,https://www.imca-int.com/resources/safety/safety-flashes/0110-diver-fouled-on-descending-load/,Missing physical document artifact in packaged repository (catalog metadata only),QUARANTINED_UNVERIFIED_ARTIFACT,Download original PDF/HTML from source URL and verify SHA-256,True
EVT-IMCA-1931,International Marine Contractors Association (IMCA),SRC-IMCA-1931,https://www.imca-int.com/resources/safety/safety-flashes/0110-diver-falls-into-bell-maintenance-pit/,Missing physical document artifact in packaged repository (catalog metadata only),QUARANTINED_UNVERIFIED_ARTIFACT,Download original PDF/HTML from source URL and verify SHA-256,True
EVT-IMCA-1932,International Marine Contractors Association (IMCA),SRC-IMCA-1932,https://www.imca-int.com/resources/safety/safety-flashes/0110-fatality-on-the-diving-support-vessel-wellservicer/,Missing physical document artifact in packaged repository (catalog metadata only),QUARANTINED_UNVERIFIED_ARTIFACT,Download original PDF/HTML from source URL and verify SHA-256,True
EVT-IMCA-1933,International Marine Contractors Association (IMCA),SRC-IMCA-1933,https://www.imca-int.com/resources/safety/safety-flashes/0110-bail-out-whip-failures/,Missing physical document artifact in packaged repository (catalog metadata only),QUARANTINED_UNVERIFIED_ARTIFACT,Download original PDF/HTML from source URL and verify SHA-256,True
EVT-IMCA-1934,International Marine Contractors Association (IMCA),SRC-IMCA-1934,https://www.imca-int.com/resources/safety/safety-flashes/1809-fatality-during-pressure-test/,Missing physical document artifact in packaged repository (catalog metadata only),QUARANTINED_UNVERIFIED_ARTIFACT,Download original PDF/HTML from source URL and verify SHA-256,True
EVT-IMCA-1935,International Marine Contractors Association (IMCA),SRC-IMCA-1935,https://www.imca-int.com/resources/safety/safety-flashes/1809-fatal-incident-onboard-a-dive-support-vessel/,Missing physical document artifact in packaged repository (catalog metadata only),QUARANTINED_UNVERIFIED_ARTIFACT,Download original PDF/HTML from source URL and verify SHA-256,True
EVT-IMCA-1936,International Marine Contractors Association (IMCA),SRC-IMCA-1936,https://www.imca-int.com/resources/safety/safety-flashes/1809-lost-time-injury-lti-to-leg/,Missing physical document artifact in packaged repository (catalog metadata only),QUARANTINED_UNVERIFIED_ARTIFACT,Download original PDF/HTML from source URL and verify SHA-256,True
EVT-IMCA-1937,International Marine Contractors Association (IMCA),SRC-IMCA-1937,https://www.imca-int.com/resources/safety/safety-flashes/1809-loss-of-rov-dropped-object/,Missing physical document artifact in packaged repository (catalog metadata only),QUARANTINED_UNVERIFIED_ARTIFACT,Download original PDF/HTML from source URL and verify SHA-256,True
EVT-IMCA-1938,International Marine Contractors Association (IMCA),SRC-IMCA-1938,https://www.imca-int.com/resources/safety/safety-flashes/1709-injury-during-personnel-transfer-capsule-operation/,Missing physical document artifact in packaged repository (catalog metadata only),QUARANTINED_UNVERIFIED_ARTIFACT,Download original PDF/HTML from source URL and verify SHA-256,True
EVT-IMCA-1939,International Marine Contractors Association (IMCA),SRC-IMCA-1939,https://www.imca-int.com/resources/safety/safety-flashes/1709-loading-and-securing-of-containers/,Missing physical document artifact in packaged repository (catalog metadata only),QUARANTINED_UNVERIFIED_ARTIFACT,Download original PDF/HTML from source URL and verify SHA-256,True
EVT-IMCA-1940,International Marine Contractors Association (IMCA),SRC-IMCA-1940,https://www.imca-int.com/resources/safety/safety-flashes/1609-near-miss-unexpected-lowering-of-a-suspended-load/,Missing physical document artifact in packaged repository (catalog metadata only),QUARANTINED_UNVERIFIED_ARTIFACT,Download original PDF/HTML from source URL and verify SHA-256,True
EVT-IMCA-1941,International Marine Contractors Association (IMCA),SRC-IMCA-1941,https://www.imca-int.com/resources/safety/safety-flashes/1609-near-miss-loss-of-a-small-crane-cherry-picker-wire/,Missing physical document artifact in packaged repository (catalog metadata only),QUARANTINED_UNVERIFIED_ARTIFACT,Download original PDF/HTML from source URL and verify SHA-256,True
EVT-IMCA-1942,International Marine Contractors Association (IMCA),SRC-IMCA-1942,https://www.imca-int.com/resources/safety/safety-flashes/1609-hand-injury-injection-of-hydraulic-fluid/,Missing physical document artifact in packaged repository (catalog metadata only),QUARANTINED_UNVERIFIED_ARTIFACT,Download original PDF/HTML from source URL and verify SHA-256,True
EVT-IMCA-1943,International Marine Contractors Association (IMCA),SRC-IMCA-1943,https://www.imca-int.com/resources/safety/safety-flashes/1609-tumble-dryer-fire-onboard-a-vessel/,Missing physical document artifact in packaged repository (catalog metadata only),QUARANTINED_UNVERIFIED_ARTIFACT,Download original PDF/HTML from source URL and verify SHA-256,True
EVT-IMCA-1944,International Marine Contractors Association (IMCA),SRC-IMCA-1944,https://www.imca-int.com/resources/safety/safety-flashes/1609-bell-bottom-door-hydraulic-operating-system-failure/,Missing physical document artifact in packaged repository (catalog metadata only),QUARANTINED_UNVERIFIED_ARTIFACT,Download original PDF/HTML from source URL and verify SHA-256,True
EVT-IMCA-1945,International Marine Contractors Association (IMCA),SRC-IMCA-1945,https://www.imca-int.com/resources/safety/safety-flashes/1609-near-miss-rov-fuse-bolt-failure/,Missing physical document artifact in packaged repository (catalog metadata only),QUARANTINED_UNVERIFIED_ARTIFACT,Download original PDF/HTML from source URL and verify SHA-256,True
EVT-IMCA-1946,International Marine Contractors Association (IMCA),SRC-IMCA-1946,https://www.imca-int.com/resources/safety/safety-flashes/1509-trapped-diver-umbilical-incident-resulting-in-diver-fatality/,Missing physical document artifact in packaged repository (catalog metadata only),QUARANTINED_UNVERIFIED_ARTIFACT,Download original PDF/HTML from source URL and verify SHA-256,True
EVT-IMCA-1947,International Marine Contractors Association (IMCA),SRC-IMCA-1947,https://www.imca-int.com/resources/safety/safety-flashes/1509-lost-time-injury-lti-gangway-deployment/,Missing physical document artifact in packaged repository (catalog metadata only),QUARANTINED_UNVERIFIED_ARTIFACT,Download original PDF/HTML from source URL and verify SHA-256,True
EVT-IMCA-1948,International Marine Contractors Association (IMCA),SRC-IMCA-1948,https://www.imca-int.com/resources/safety/safety-flashes/1509-helicopter-task-group-update-briefing-on-s-92-helicopter-fleet/,Missing physical document artifact in packaged repository (catalog metadata only),QUARANTINED_UNVERIFIED_ARTIFACT,Download original PDF/HTML from source URL and verify SHA-256,True
EVT-IMCA-1949,International Marine Contractors Association (IMCA),SRC-IMCA-1949,https://www.imca-int.com/resources/safety/safety-flashes/1509-importance-of-inspecting-fall-protection-equipment/,Missing physical document artifact in packaged repository (catalog metadata only),QUARANTINED_UNVERIFIED_ARTIFACT,Download original PDF/HTML from source URL and verify SHA-256,True
EVT-IMCA-1950,International Marine Contractors Association (IMCA),SRC-IMCA-1950,https://www.imca-int.com/resources/safety/safety-flashes/1409-failure-of-gas-supply-to-diving-bell/,Missing physical document artifact in packaged repository (catalog metadata only),QUARANTINED_UNVERIFIED_ARTIFACT,Download original PDF/HTML from source URL and verify SHA-256,True
EVT-IMCA-1951,International Marine Contractors Association (IMCA),SRC-IMCA-1951,https://www.imca-int.com/resources/safety/safety-flashes/1409-torn-ankle-ligaments/,Missing physical document artifact in packaged repository (catalog metadata only),QUARANTINED_UNVERIFIED_ARTIFACT,Download original PDF/HTML from source URL and verify SHA-256,True
EVT-IMCA-1952,International Marine Contractors Association (IMCA),SRC-IMCA-1952,https://www.imca-int.com/resources/safety/safety-flashes/1409-potential-threat-to-aviation-posed-by-skysails/,Missing physical document artifact in packaged repository (catalog metadata only),QUARANTINED_UNVERIFIED_ARTIFACT,Download original PDF/HTML from source URL and verify SHA-256,True
EVT-IMCA-1953,International Marine Contractors Association (IMCA),SRC-IMCA-1953,https://www.imca-int.com/resources/safety/safety-flashes/1309-use-of-pre-mixed-nitrox-gases/,Missing physical document artifact in packaged repository (catalog metadata only),QUARANTINED_UNVERIFIED_ARTIFACT,Download original PDF/HTML from source URL and verify SHA-256,True
EVT-IMCA-1954,International Marine Contractors Association (IMCA),SRC-IMCA-1954,https://www.imca-int.com/resources/safety/safety-flashes/1209-pillar-valve-failure/,Missing physical document artifact in packaged repository (catalog metadata only),QUARANTINED_UNVERIFIED_ARTIFACT,Download original PDF/HTML from source URL and verify SHA-256,True
EVT-IMCA-1955,International Marine Contractors Association (IMCA),SRC-IMCA-1955,https://www.imca-int.com/resources/safety/safety-flashes/1209-dropped-object-near-miss/,Missing physical document artifact in packaged repository (catalog metadata only),QUARANTINED_UNVERIFIED_ARTIFACT,Download original PDF/HTML from source URL and verify SHA-256,True
EVT-IMCA-1956,International Marine Contractors Association (IMCA),SRC-IMCA-1956,https://www.imca-int.com/resources/safety/safety-flashes/1209-lift-bag-lost-when-rigging-parted/,Missing physical document artifact in packaged repository (catalog metadata only),QUARANTINED_UNVERIFIED_ARTIFACT,Download original PDF/HTML from source URL and verify SHA-256,True
EVT-IMCA-1957,International Marine Contractors Association (IMCA),SRC-IMCA-1957,https://www.imca-int.com/resources/safety/safety-flashes/1109-falling-object-struck-by-crane-stopstriker-plate/,Missing physical document artifact in packaged repository (catalog metadata only),QUARANTINED_UNVERIFIED_ARTIFACT,Download original PDF/HTML from source URL and verify SHA-256,True
EVT-IMCA-1958,International Marine Contractors Association (IMCA),SRC-IMCA-1958,https://www.imca-int.com/resources/safety/safety-flashes/1009-compact-fluorescent-lights-interfering-with-communications-equipment/,Missing physical document artifact in packaged repository (catalog metadata only),QUARANTINED_UNVERIFIED_ARTIFACT,Download original PDF/HTML from source URL and verify SHA-256,True
EVT-IMCA-1959,International Marine Contractors Association (IMCA),SRC-IMCA-1959,https://www.imca-int.com/resources/safety/safety-flashes/1009-high-potential-near-miss-during-back-loading/,Missing physical document artifact in packaged repository (catalog metadata only),QUARANTINED_UNVERIFIED_ARTIFACT,Download original PDF/HTML from source URL and verify SHA-256,True
EVT-IMCA-1960,International Marine Contractors Association (IMCA),SRC-IMCA-1960,https://www.imca-int.com/resources/safety/safety-flashes/1009-lifeboat-davit-failure/,Missing physical document artifact in packaged repository (catalog metadata only),QUARANTINED_UNVERIFIED_ARTIFACT,Download original PDF/HTML from source URL and verify SHA-256,True
EVT-IMCA-1961,International Marine Contractors Association (IMCA),SRC-IMCA-1961,https://www.imca-int.com/resources/safety/safety-flashes/1009-uncontrolled-movement-of-a-frame/,Missing physical document artifact in packaged repository (catalog metadata only),QUARANTINED_UNVERIFIED_ARTIFACT,Download original PDF/HTML from source URL and verify SHA-256,True
EVT-IMCA-1962,International Marine Contractors Association (IMCA),SRC-IMCA-1962,https://www.imca-int.com/resources/safety/safety-flashes/0809-near-miss-dropped-clump-weight/,Missing physical document artifact in packaged repository (catalog metadata only),QUARANTINED_UNVERIFIED_ARTIFACT,Download original PDF/HTML from source URL and verify SHA-256,True
EVT-IMCA-1963,International Marine Contractors Association (IMCA),SRC-IMCA-1963,https://www.imca-int.com/resources/safety/safety-flashes/0809-reintroduction-of-personal-locator-beacons-on-helicopter-flights/,Missing physical document artifact in packaged repository (catalog metadata only),QUARANTINED_UNVERIFIED_ARTIFACT,Download original PDF/HTML from source URL and verify SHA-256,True
EVT-IMCA-1964,International Marine Contractors Association (IMCA),SRC-IMCA-1964,https://www.imca-int.com/resources/safety/safety-flashes/0809-sodasorb-burn-injury/,Missing physical document artifact in packaged repository (catalog metadata only),QUARANTINED_UNVERIFIED_ARTIFACT,Download original PDF/HTML from source URL and verify SHA-256,True
EVT-IMCA-1965,International Marine Contractors Association (IMCA),SRC-IMCA-1965,https://www.imca-int.com/resources/safety/safety-flashes/0809-fall-from-height/,Missing physical document artifact in packaged repository (catalog metadata only),QUARANTINED_UNVERIFIED_ARTIFACT,Download original PDF/HTML from source URL and verify SHA-256,True
EVT-IMCA-1966,International Marine Contractors Association (IMCA),SRC-IMCA-1966,https://www.imca-int.com/resources/safety/safety-flashes/0909poor-maintenance-and-subsequent-failure-of-welding-equipment/,Missing physical document artifact in packaged repository (catalog metadata only),QUARANTINED_UNVERIFIED_ARTIFACT,Download original PDF/HTML from source URL and verify SHA-256,True
EVT-IMCA-1967,International Marine Contractors Association (IMCA),SRC-IMCA-1967,https://www.imca-int.com/resources/safety/safety-flashes/0709-fatal-electrocution/,Missing physical document artifact in packaged repository (catalog metadata only),QUARANTINED_UNVERIFIED_ARTIFACT,Download original PDF/HTML from source URL and verify SHA-256,True
EVT-IMCA-1968,International Marine Contractors Association (IMCA),SRC-IMCA-1968,https://www.imca-int.com/resources/safety/safety-flashes/0709-electric-shock-near-miss/,Missing physical document artifact in packaged repository (catalog metadata only),QUARANTINED_UNVERIFIED_ARTIFACT,Download original PDF/HTML from source URL and verify SHA-256,True
EVT-IMCA-1969,International Marine Contractors Association (IMCA),SRC-IMCA-1969,https://www.imca-int.com/resources/safety/safety-flashes/0709-lifeboat-d-ring-failure/,Missing physical document artifact in packaged repository (catalog metadata only),QUARANTINED_UNVERIFIED_ARTIFACT,Download original PDF/HTML from source URL and verify SHA-256,True
EVT-IMCA-1970,International Marine Contractors Association (IMCA),SRC-IMCA-1970,https://www.imca-int.com/resources/safety/safety-flashes/0709-worker-fatally-injured-during-pipelay-operations/,Missing physical document artifact in packaged repository (catalog metadata only),QUARANTINED_UNVERIFIED_ARTIFACT,Download original PDF/HTML from source URL and verify SHA-256,True
EVT-IMCA-1971,International Marine Contractors Association (IMCA),SRC-IMCA-1971,https://www.imca-int.com/resources/safety/safety-flashes/0609-super-puma-helicopter-accident-initial-report/,Missing physical document artifact in packaged repository (catalog metadata only),QUARANTINED_UNVERIFIED_ARTIFACT,Download original PDF/HTML from source URL and verify SHA-256,True
EVT-IMCA-1972,International Marine Contractors Association (IMCA),SRC-IMCA-1972,https://www.imca-int.com/resources/safety/safety-flashes/0609-failed-nipple-on-bolt-tensioning-jack/,Missing physical document artifact in packaged repository (catalog metadata only),QUARANTINED_UNVERIFIED_ARTIFACT,Download original PDF/HTML from source URL and verify SHA-256,True
EVT-IMCA-1973,International Marine Contractors Association (IMCA),SRC-IMCA-1973,https://www.imca-int.com/resources/safety/safety-flashes/0609-fatality-during-lifting-operations/,Missing physical document artifact in packaged repository (catalog metadata only),QUARANTINED_UNVERIFIED_ARTIFACT,Download original PDF/HTML from source URL and verify SHA-256,True
EVT-IMCA-1974,International Marine Contractors Association (IMCA),SRC-IMCA-1974,https://www.imca-int.com/resources/safety/safety-flashes/0509-fire-in-vertical-lay-system-moonpool/,Missing physical document artifact in packaged repository (catalog metadata only),QUARANTINED_UNVERIFIED_ARTIFACT,Download original PDF/HTML from source URL and verify SHA-256,True
EVT-IMCA-1975,International Marine Contractors Association (IMCA),SRC-IMCA-1975,https://www.imca-int.com/resources/safety/safety-flashes/0409-burns-suffered-in-confined-space/,Missing physical document artifact in packaged repository (catalog metadata only),QUARANTINED_UNVERIFIED_ARTIFACT,Download original PDF/HTML from source URL and verify SHA-256,True
EVT-IMCA-1976,International Marine Contractors Association (IMCA),SRC-IMCA-1976,https://www.imca-int.com/resources/safety/safety-flashes/0409-hand-injury-caused-when-worker-tripped-over-hazard/,Missing physical document artifact in packaged repository (catalog metadata only),QUARANTINED_UNVERIFIED_ARTIFACT,Download original PDF/HTML from source URL and verify SHA-256,True
EVT-IMCA-1977,International Marine Contractors Association (IMCA),SRC-IMCA-1977,https://www.imca-int.com/resources/safety/safety-flashes/0409-mooring-incidents/,Missing physical document artifact in packaged repository (catalog metadata only),QUARANTINED_UNVERIFIED_ARTIFACT,Download original PDF/HTML from source URL and verify SHA-256,True
EVT-IMCA-1978,International Marine Contractors Association (IMCA),SRC-IMCA-1978,https://www.imca-int.com/resources/safety/safety-flashes/0309-diver-entrapment/,Missing physical document artifact in packaged repository (catalog metadata only),QUARANTINED_UNVERIFIED_ARTIFACT,Download original PDF/HTML from source URL and verify SHA-256,True
EVT-IMCA-1979,International Marine Contractors Association (IMCA),SRC-IMCA-1979,https://www.imca-int.com/resources/safety/safety-flashes/0309-dive-bell-gas-loss-during-internal-bell-checks/,Missing physical document artifact in packaged repository (catalog metadata only),QUARANTINED_UNVERIFIED_ARTIFACT,Download original PDF/HTML from source URL and verify SHA-256,True
EVT-IMCA-1980,International Marine Contractors Association (IMCA),SRC-IMCA-1980,https://www.imca-int.com/resources/safety/safety-flashes/0309-crushed-finger/,Missing physical document artifact in packaged repository (catalog metadata only),QUARANTINED_UNVERIFIED_ARTIFACT,Download original PDF/HTML from source URL and verify SHA-256,True
EVT-IMCA-1981,International Marine Contractors Association (IMCA),SRC-IMCA-1981,https://www.imca-int.com/resources/safety/safety-flashes/0309-bolt-failures-on-lawson-rov-launch-and-recovery-systems/,Missing physical document artifact in packaged repository (catalog metadata only),QUARANTINED_UNVERIFIED_ARTIFACT,Download original PDF/HTML from source URL and verify SHA-256,True
EVT-IMCA-1982,International Marine Contractors Association (IMCA),SRC-IMCA-1982,https://www.imca-int.com/resources/safety/safety-flashes/0309-near-miss-incident-involving-a-diver-s-umbilical/,Missing physical document artifact in packaged repository (catalog metadata only),QUARANTINED_UNVERIFIED_ARTIFACT,Download original PDF/HTML from source URL and verify SHA-256,True
EVT-IMCA-1983,International Marine Contractors Association (IMCA),SRC-IMCA-1983,https://www.imca-int.com/resources/safety/safety-flashes/0209-winch-drum-failure-deep-water-operations/,Missing physical document artifact in packaged repository (catalog metadata only),QUARANTINED_UNVERIFIED_ARTIFACT,Download original PDF/HTML from source URL and verify SHA-256,True
EVT-IMCA-1984,International Marine Contractors Association (IMCA),SRC-IMCA-1984,https://www.imca-int.com/resources/safety/safety-flashes/0209-schat-harding-product-awareness-notice-free-fall-lifeboat-hooks/,Missing physical document artifact in packaged repository (catalog metadata only),QUARANTINED_UNVERIFIED_ARTIFACT,Download original PDF/HTML from source URL and verify SHA-256,True
EVT-IMCA-1985,International Marine Contractors Association (IMCA),SRC-IMCA-1985,https://www.imca-int.com/resources/safety/safety-flashes/0109-anchor-drag-near-miss-incident/,Missing physical document artifact in packaged repository (catalog metadata only),QUARANTINED_UNVERIFIED_ARTIFACT,Download original PDF/HTML from source URL and verify SHA-256,True
EVT-IMCA-1986,International Marine Contractors Association (IMCA),SRC-IMCA-1986,https://www.imca-int.com/resources/safety/safety-flashes/0109-dangers-of-medicine-abuse/,Missing physical document artifact in packaged repository (catalog metadata only),QUARANTINED_UNVERIFIED_ARTIFACT,Download original PDF/HTML from source URL and verify SHA-256,True
EVT-IMCA-1987,International Marine Contractors Association (IMCA),SRC-IMCA-1987,https://www.imca-int.com/resources/safety/safety-flashes/0109-counterfeit-hydrostatic-release-mechanisms-for-life-rafts/,Missing physical document artifact in packaged repository (catalog metadata only),QUARANTINED_UNVERIFIED_ARTIFACT,Download original PDF/HTML from source URL and verify SHA-256,True
EVT-IMCA-1988,International Marine Contractors Association (IMCA),SRC-IMCA-1988,https://www.imca-int.com/resources/safety/safety-flashes/1808-mini-transponder-falling-from-crane-wire-to-deck/,Missing physical document artifact in packaged repository (catalog metadata only),QUARANTINED_UNVERIFIED_ARTIFACT,Download original PDF/HTML from source URL and verify SHA-256,True
EVT-IMCA-1989,International Marine Contractors Association (IMCA),SRC-IMCA-1989,https://www.imca-int.com/resources/safety/safety-flashes/1808-failure-of-pipe-handling-system-causes-injuries-and-fatalities/,Missing physical document artifact in packaged repository (catalog metadata only),QUARANTINED_UNVERIFIED_ARTIFACT,Download original PDF/HTML from source URL and verify SHA-256,True
EVT-IMCA-1990,International Marine Contractors Association (IMCA),SRC-IMCA-1990,https://www.imca-int.com/resources/safety/safety-flashes/1708-accidental-shutdown-of-main-engines/,Missing physical document artifact in packaged repository (catalog metadata only),QUARANTINED_UNVERIFIED_ARTIFACT,Download original PDF/HTML from source URL and verify SHA-256,True
EVT-IMCA-1991,International Marine Contractors Association (IMCA),SRC-IMCA-1991,https://www.imca-int.com/resources/safety/safety-flashes/1708-fatality-struck-down-by-falling-object-during-lifting-operation/,Missing physical document artifact in packaged repository (catalog metadata only),QUARANTINED_UNVERIFIED_ARTIFACT,Download original PDF/HTML from source URL and verify SHA-256,True
EVT-IMCA-1992,International Marine Contractors Association (IMCA),SRC-IMCA-1992,https://www.imca-int.com/resources/safety/safety-flashes/1708-stored-energy-injury-sustained-whilst-removing-metal-straps/,Missing physical document artifact in packaged repository (catalog metadata only),QUARANTINED_UNVERIFIED_ARTIFACT,Download original PDF/HTML from source URL and verify SHA-256,True
EVT-IMCA-1993,International Marine Contractors Association (IMCA),SRC-IMCA-1993,https://www.imca-int.com/resources/safety/safety-flashes/1708-failure-of-webbing-strop-during-lifting-operations/,Missing physical document artifact in packaged repository (catalog metadata only),QUARANTINED_UNVERIFIED_ARTIFACT,Download original PDF/HTML from source URL and verify SHA-256,True
EVT-IMCA-1994,International Marine Contractors Association (IMCA),SRC-IMCA-1994,https://www.imca-int.com/resources/safety/safety-flashes/1708-uncontrolled-movement-of-crane-jib-during-inspection/,Missing physical document artifact in packaged repository (catalog metadata only),QUARANTINED_UNVERIFIED_ARTIFACT,Download original PDF/HTML from source URL and verify SHA-256,True
EVT-IMCA-1995,International Marine Contractors Association (IMCA),SRC-IMCA-1995,https://www.imca-int.com/resources/safety/safety-flashes/1708-failure-of-lifting-padeye/,Missing physical document artifact in packaged repository (catalog metadata only),QUARANTINED_UNVERIFIED_ARTIFACT,Download original PDF/HTML from source URL and verify SHA-256,True
EVT-IMCA-1996,International Marine Contractors Association (IMCA),SRC-IMCA-1996,https://www.imca-int.com/resources/safety/safety-flashes/1608-laptop-battery-fire-and-explosion/,Missing physical document artifact in packaged repository (catalog metadata only),QUARANTINED_UNVERIFIED_ARTIFACT,Download original PDF/HTML from source URL and verify SHA-256,True
EVT-IMCA-1997,International Marine Contractors Association (IMCA),SRC-IMCA-1997,https://www.imca-int.com/resources/safety/safety-flashes/1608-pallet-lifter-failure/,Missing physical document artifact in packaged repository (catalog metadata only),QUARANTINED_UNVERIFIED_ARTIFACT,Download original PDF/HTML from source URL and verify SHA-256,True
EVT-IMCA-1998,International Marine Contractors Association (IMCA),SRC-IMCA-1998,https://www.imca-int.com/resources/safety/safety-flashes/1608-fire-risks-of-intermediate-bulk-containers-ibcs/,Missing physical document artifact in packaged repository (catalog metadata only),QUARANTINED_UNVERIFIED_ARTIFACT,Download original PDF/HTML from source URL and verify SHA-256,True
EVT-IMCA-1999,International Marine Contractors Association (IMCA),SRC-IMCA-1999,https://www.imca-int.com/resources/safety/safety-flashes/1508-crew-member-injured-during-rov-maintenance/,Missing physical document artifact in packaged repository (catalog metadata only),QUARANTINED_UNVERIFIED_ARTIFACT,Download original PDF/HTML from source URL and verify SHA-256,True
EVT-IMCA-2000,International Marine Contractors Association (IMCA),SRC-IMCA-2000,https://www.imca-int.com/resources/safety/safety-flashes/1508-risk-of-electrocution-during-routine-work/,Missing physical document artifact in packaged repository (catalog metadata only),QUARANTINED_UNVERIFIED_ARTIFACT,Download original PDF/HTML from source URL and verify SHA-256,True
EVT-IMCA-2001,International Marine Contractors Association (IMCA),SRC-IMCA-2001,https://www.imca-int.com/resources/safety/safety-flashes/1508-uncontrolled-ascent-of-spool-and-diver-during-a-lifting-bag-operation/,Missing physical document artifact in packaged repository (catalog metadata only),QUARANTINED_UNVERIFIED_ARTIFACT,Download original PDF/HTML from source URL and verify SHA-256,True
EVT-IMCA-2002,International Marine Contractors Association (IMCA),SRC-IMCA-2002,https://www.imca-int.com/resources/safety/safety-flashes/1508-near-miss-incident-involving-a-diver-s-umbilical/,Missing physical document artifact in packaged repository (catalog metadata only),QUARANTINED_UNVERIFIED_ARTIFACT,Download original PDF/HTML from source URL and verify SHA-256,True
EVT-IMCA-2003,International Marine Contractors Association (IMCA),SRC-IMCA-2003,https://www.imca-int.com/resources/safety/safety-flashes/1408-serious-injury-incident-during-routine-crane-maintenance/,Missing physical document artifact in packaged repository (catalog metadata only),QUARANTINED_UNVERIFIED_ARTIFACT,Download original PDF/HTML from source URL and verify SHA-256,True
EVT-IMCA-2004,International Marine Contractors Association (IMCA),SRC-IMCA-2004,https://www.imca-int.com/resources/safety/safety-flashes/1408-failure-of-fall-arresters/,Missing physical document artifact in packaged repository (catalog metadata only),QUARANTINED_UNVERIFIED_ARTIFACT,Download original PDF/HTML from source URL and verify SHA-256,True
EVT-IMCA-2005,International Marine Contractors Association (IMCA),SRC-IMCA-2005,https://www.imca-int.com/resources/safety/safety-flashes/1308-faulty-governors/,Missing physical document artifact in packaged repository (catalog metadata only),QUARANTINED_UNVERIFIED_ARTIFACT,Download original PDF/HTML from source URL and verify SHA-256,True
EVT-IMCA-2006,International Marine Contractors Association (IMCA),SRC-IMCA-2006,https://www.imca-int.com/resources/safety/safety-flashes/1208-ballast-tank-hydrogen/,Missing physical document artifact in packaged repository (catalog metadata only),QUARANTINED_UNVERIFIED_ARTIFACT,Download original PDF/HTML from source URL and verify SHA-256,True
EVT-IMCA-2007,International Marine Contractors Association (IMCA),SRC-IMCA-2007,https://www.imca-int.com/resources/safety/safety-flashes/1208-incorrectly-colour-coded-oxygen-cylinders/,Missing physical document artifact in packaged repository (catalog metadata only),QUARANTINED_UNVERIFIED_ARTIFACT,Download original PDF/HTML from source URL and verify SHA-256,True
EVT-IMCA-2008,International Marine Contractors Association (IMCA),SRC-IMCA-2008,https://www.imca-int.com/resources/safety/safety-flashes/1208-hand-injury/,Missing physical document artifact in packaged repository (catalog metadata only),QUARANTINED_UNVERIFIED_ARTIFACT,Download original PDF/HTML from source URL and verify SHA-256,True
EVT-IMCA-2009,International Marine Contractors Association (IMCA),SRC-IMCA-2009,https://www.imca-int.com/resources/safety/safety-flashes/1108-catastrophic-failure-of-vessel-main-crane-wire/,Missing physical document artifact in packaged repository (catalog metadata only),QUARANTINED_UNVERIFIED_ARTIFACT,Download original PDF/HTML from source URL and verify SHA-256,True
EVT-IMCA-2010,International Marine Contractors Association (IMCA),SRC-IMCA-2010,https://www.imca-int.com/resources/safety/safety-flashes/1108-incorrect-lifting-equipment-used/,Missing physical document artifact in packaged repository (catalog metadata only),QUARANTINED_UNVERIFIED_ARTIFACT,Download original PDF/HTML from source URL and verify SHA-256,True
EVT-IMCA-2011,International Marine Contractors Association (IMCA),SRC-IMCA-2011,https://www.imca-int.com/resources/safety/safety-flashes/1008-unsecured-object-fell-and-injured-crewman/,Missing physical document artifact in packaged repository (catalog metadata only),QUARANTINED_UNVERIFIED_ARTIFACT,Download original PDF/HTML from source URL and verify SHA-256,True
EVT-IMCA-2012,International Marine Contractors Association (IMCA),SRC-IMCA-2012,https://www.imca-int.com/resources/safety/safety-flashes/1008-dry-suit-inflation-installation-onto-a-km-37-helmet/,Missing physical document artifact in packaged repository (catalog metadata only),QUARANTINED_UNVERIFIED_ARTIFACT,Download original PDF/HTML from source URL and verify SHA-256,True
EVT-IMCA-2013,International Marine Contractors Association (IMCA),SRC-IMCA-2013,https://www.imca-int.com/resources/safety/safety-flashes/1008-gps-antenna-problems/,Missing physical document artifact in packaged repository (catalog metadata only),QUARANTINED_UNVERIFIED_ARTIFACT,Download original PDF/HTML from source URL and verify SHA-256,True
EVT-IMCA-2014,International Marine Contractors Association (IMCA),SRC-IMCA-2014,https://www.imca-int.com/resources/safety/safety-flashes/1008-fire-watches-for-surface-welding-and-burning-operations/,Missing physical document artifact in packaged repository (catalog metadata only),QUARANTINED_UNVERIFIED_ARTIFACT,Download original PDF/HTML from source URL and verify SHA-256,True
EVT-IMCA-2015,International Marine Contractors Association (IMCA),SRC-IMCA-2015,https://www.imca-int.com/resources/safety/safety-flashes/0908-loss-of-dp-position-caused-by-incorrect-gyro-heading/,Missing physical document artifact in packaged repository (catalog metadata only),QUARANTINED_UNVERIFIED_ARTIFACT,Download original PDF/HTML from source URL and verify SHA-256,True
EVT-IMCA-2016,International Marine Contractors Association (IMCA),SRC-IMCA-2016,https://www.imca-int.com/resources/safety/safety-flashes/0908-abrasion-of-metal-casing/,Missing physical document artifact in packaged repository (catalog metadata only),QUARANTINED_UNVERIFIED_ARTIFACT,Download original PDF/HTML from source URL and verify SHA-256,True
EVT-IMCA-2017,International Marine Contractors Association (IMCA),SRC-IMCA-2017,https://www.imca-int.com/resources/safety/safety-flashes/0808-fall-through-open-hatch-in-walkway/,Missing physical document artifact in packaged repository (catalog metadata only),QUARANTINED_UNVERIFIED_ARTIFACT,Download original PDF/HTML from source URL and verify SHA-256,True
EVT-IMCA-2018,International Marine Contractors Association (IMCA),SRC-IMCA-2018,https://www.imca-int.com/resources/safety/safety-flashes/0808-near-miss-involving-knuckle-boom-crane-hydraulic-pump-selection/,Missing physical document artifact in packaged repository (catalog metadata only),QUARANTINED_UNVERIFIED_ARTIFACT,Download original PDF/HTML from source URL and verify SHA-256,True
EVT-IMCA-2019,International Marine Contractors Association (IMCA),SRC-IMCA-2019,https://www.imca-int.com/resources/safety/safety-flashes/0808-partial-parting-of-a-bell-main-lift-wire/,Missing physical document artifact in packaged repository (catalog metadata only),QUARANTINED_UNVERIFIED_ARTIFACT,Download original PDF/HTML from source URL and verify SHA-256,True
EVT-IMCA-2020,International Marine Contractors Association (IMCA),SRC-IMCA-2020,https://www.imca-int.com/resources/safety/safety-flashes/0708-fatal-accident-in-connection-with-the-operation-of-an-a-frame-based-launch-and-recovery-system-lars-used-for-rov-operations/,Missing physical document artifact in packaged repository (catalog metadata only),QUARANTINED_UNVERIFIED_ARTIFACT,Download original PDF/HTML from source URL and verify SHA-256,True
EVT-IMCA-2021,International Marine Contractors Association (IMCA),SRC-IMCA-2021,https://www.imca-int.com/resources/safety/safety-flashes/0608-sikorsky-s76aplus-and-s76aplusplus-helicopters/,Missing physical document artifact in packaged repository (catalog metadata only),QUARANTINED_UNVERIFIED_ARTIFACT,Download original PDF/HTML from source URL and verify SHA-256,True
EVT-IMCA-2022,International Marine Contractors Association (IMCA),SRC-IMCA-2022,https://www.imca-int.com/resources/safety/safety-flashes/0508-movement-of-vessel-during-crane-operations-caused-near-miss/,Missing physical document artifact in packaged repository (catalog metadata only),QUARANTINED_UNVERIFIED_ARTIFACT,Download original PDF/HTML from source URL and verify SHA-256,True
EVT-IMCA-2023,International Marine Contractors Association (IMCA),SRC-IMCA-2023,https://www.imca-int.com/resources/safety/safety-flashes/0508-report-on-the-loss-of-the-bourbon-dolphin/,Missing physical document artifact in packaged repository (catalog metadata only),QUARANTINED_UNVERIFIED_ARTIFACT,Download original PDF/HTML from source URL and verify SHA-256,True
EVT-IMCA-2024,International Marine Contractors Association (IMCA),SRC-IMCA-2024,https://www.imca-int.com/resources/safety/safety-flashes/0408-unauthorised-modification-to-electrical-plant-equipment/,Missing physical document artifact in packaged repository (catalog metadata only),QUARANTINED_UNVERIFIED_ARTIFACT,Download original PDF/HTML from source URL and verify SHA-256,True
EVT-IMCA-2025,International Marine Contractors Association (IMCA),SRC-IMCA-2025,https://www.imca-int.com/resources/safety/safety-flashes/0408-ddc-chamber-viewport-catastrophic-failure/,Missing physical document artifact in packaged repository (catalog metadata only),QUARANTINED_UNVERIFIED_ARTIFACT,Download original PDF/HTML from source URL and verify SHA-256,True
EVT-IMCA-2026,International Marine Contractors Association (IMCA),SRC-IMCA-2026,https://www.imca-int.com/resources/safety/safety-flashes/0308-rov-pilot-injured-by-fibre-optic-glass/,Missing physical document artifact in packaged repository (catalog metadata only),QUARANTINED_UNVERIFIED_ARTIFACT,Download original PDF/HTML from source URL and verify SHA-256,True
EVT-IMCA-2027,International Marine Contractors Association (IMCA),SRC-IMCA-2027,https://www.imca-int.com/resources/safety/safety-flashes/0308-lifting-incident/,Missing physical document artifact in packaged repository (catalog metadata only),QUARANTINED_UNVERIFIED_ARTIFACT,Download original PDF/HTML from source URL and verify SHA-256,True
EVT-IMCA-2028,International Marine Contractors Association (IMCA),SRC-IMCA-2028,https://www.imca-int.com/resources/safety/safety-flashes/0208-finger-injury-whilst-casting-off-towing-line/,Missing physical document artifact in packaged repository (catalog metadata only),QUARANTINED_UNVERIFIED_ARTIFACT,Download original PDF/HTML from source URL and verify SHA-256,True
EVT-IMCA-2029,International Marine Contractors Association (IMCA),SRC-IMCA-2029,https://www.imca-int.com/resources/safety/safety-flashes/0208-serious-hand-injury/,Missing physical document artifact in packaged repository (catalog metadata only),QUARANTINED_UNVERIFIED_ARTIFACT,Download original PDF/HTML from source URL and verify SHA-256,True
EVT-IMCA-2030,International Marine Contractors Association (IMCA),SRC-IMCA-2030,https://www.imca-int.com/resources/safety/safety-flashes/0208-use-of-spelter-sockets/,Missing physical document artifact in packaged repository (catalog metadata only),QUARANTINED_UNVERIFIED_ARTIFACT,Download original PDF/HTML from source URL and verify SHA-256,True
EVT-IMCA-2031,International Marine Contractors Association (IMCA),SRC-IMCA-2031,https://www.imca-int.com/resources/safety/safety-flashes/0208-lift-bags-broke-free/,Missing physical document artifact in packaged repository (catalog metadata only),QUARANTINED_UNVERIFIED_ARTIFACT,Download original PDF/HTML from source URL and verify SHA-256,True
EVT-IMCA-2032,International Marine Contractors Association (IMCA),SRC-IMCA-2032,https://www.imca-int.com/resources/safety/safety-flashes/0108-management-of-simultaneous-operations-during-demobilisation/,Missing physical document artifact in packaged repository (catalog metadata only),QUARANTINED_UNVERIFIED_ARTIFACT,Download original PDF/HTML from source URL and verify SHA-256,True
EVT-IMCA-2033,International Marine Contractors Association (IMCA),SRC-IMCA-2033,https://www.imca-int.com/resources/safety/safety-flashes/1007-small-fire-caused-by-portable-fan-heater/,Missing physical document artifact in packaged repository (catalog metadata only),QUARANTINED_UNVERIFIED_ARTIFACT,Download original PDF/HTML from source URL and verify SHA-256,True
EVT-IMCA-2034,International Marine Contractors Association (IMCA),SRC-IMCA-2034,https://www.imca-int.com/resources/safety/safety-flashes/1007-bell-contamination/,Missing physical document artifact in packaged repository (catalog metadata only),QUARANTINED_UNVERIFIED_ARTIFACT,Download original PDF/HTML from source URL and verify SHA-256,True
EVT-IMCA-2035,International Marine Contractors Association (IMCA),SRC-IMCA-2035,https://www.imca-int.com/resources/safety/safety-flashes/1007-failure-of-a-high-pressure-gas-charging-hose/,Missing physical document artifact in packaged repository (catalog metadata only),QUARANTINED_UNVERIFIED_ARTIFACT,Download original PDF/HTML from source URL and verify SHA-256,True
EVT-IMCA-2036,International Marine Contractors Association (IMCA),SRC-IMCA-2036,https://www.imca-int.com/resources/safety/safety-flashes/1007-divex-hse-alert-hse003-2007-helinaut-sacrificial-hose-whips/,Missing physical document artifact in packaged repository (catalog metadata only),QUARANTINED_UNVERIFIED_ARTIFACT,Download original PDF/HTML from source URL and verify SHA-256,True
EVT-IMCA-2037,International Marine Contractors Association (IMCA),SRC-IMCA-2037,https://www.imca-int.com/resources/safety/safety-flashes/1007-divex-hse-alert-hse001-2007-valve-seat-retainer/,Missing physical document artifact in packaged repository (catalog metadata only),QUARANTINED_UNVERIFIED_ARTIFACT,Download original PDF/HTML from source URL and verify SHA-256,True
EVT-IMCA-2038,International Marine Contractors Association (IMCA),SRC-IMCA-2038,https://www.imca-int.com/resources/safety/safety-flashes/0907-pinch-points-on-winches-hand-safety/,Missing physical document artifact in packaged repository (catalog metadata only),QUARANTINED_UNVERIFIED_ARTIFACT,Download original PDF/HTML from source URL and verify SHA-256,True
EVT-IMCA-2039,International Marine Contractors Association (IMCA),SRC-IMCA-2039,https://www.imca-int.com/resources/safety/safety-flashes/0907-uncontrolled-lifts-of-hinged-deck-hatches/,Missing physical document artifact in packaged repository (catalog metadata only),QUARANTINED_UNVERIFIED_ARTIFACT,Download original PDF/HTML from source URL and verify SHA-256,True
EVT-IMCA-2040,International Marine Contractors Association (IMCA),SRC-IMCA-2040,https://www.imca-int.com/resources/safety/safety-flashes/0907-lifting-rigging-on-frog-personnel-transfer-capsule/,Missing physical document artifact in packaged repository (catalog metadata only),QUARANTINED_UNVERIFIED_ARTIFACT,Download original PDF/HTML from source URL and verify SHA-256,True
EVT-IMCA-2041,International Marine Contractors Association (IMCA),SRC-IMCA-2041,https://www.imca-int.com/resources/safety/safety-flashes/0907-confined-space-fatality/,Missing physical document artifact in packaged repository (catalog metadata only),QUARANTINED_UNVERIFIED_ARTIFACT,Download original PDF/HTML from source URL and verify SHA-256,True
EVT-IMCA-2042,International Marine Contractors Association (IMCA),SRC-IMCA-2042,https://www.imca-int.com/resources/safety/safety-flashes/0807-failure-of-welding-on-hyperbaric-rescue-chamber-medical-lock-door-assembly/,Missing physical document artifact in packaged repository (catalog metadata only),QUARANTINED_UNVERIFIED_ARTIFACT,Download original PDF/HTML from source URL and verify SHA-256,True
EVT-IMCA-2043,International Marine Contractors Association (IMCA),SRC-IMCA-2043,https://www.imca-int.com/resources/safety/safety-flashes/0707-wire-inserts-in-anchor-line-parted/,Missing physical document artifact in packaged repository (catalog metadata only),QUARANTINED_UNVERIFIED_ARTIFACT,Download original PDF/HTML from source URL and verify SHA-256,True
EVT-IMCA-2044,International Marine Contractors Association (IMCA),SRC-IMCA-2044,https://www.imca-int.com/resources/safety/safety-flashes/0707-failure-of-chamber-door-hydraulic-actuator/,Missing physical document artifact in packaged repository (catalog metadata only),QUARANTINED_UNVERIFIED_ARTIFACT,Download original PDF/HTML from source URL and verify SHA-256,True
EVT-IMCA-2045,International Marine Contractors Association (IMCA),SRC-IMCA-2045,https://www.imca-int.com/resources/safety/safety-flashes/0707-failure-of-chamber-door-spindles-and-seals/,Missing physical document artifact in packaged repository (catalog metadata only),QUARANTINED_UNVERIFIED_ARTIFACT,Download original PDF/HTML from source URL and verify SHA-256,True
EVT-IMCA-2046,International Marine Contractors Association (IMCA),SRC-IMCA-2046,https://www.imca-int.com/resources/safety/safety-flashes/0707-loss-of-subsurface-buoys/,Missing physical document artifact in packaged repository (catalog metadata only),QUARANTINED_UNVERIFIED_ARTIFACT,Download original PDF/HTML from source URL and verify SHA-256,True
EVT-IMCA-2047,International Marine Contractors Association (IMCA),SRC-IMCA-2047,https://www.imca-int.com/resources/safety/safety-flashes/0707-failure-of-an-air-lift-bag-attachment-point/,Missing physical document artifact in packaged repository (catalog metadata only),QUARANTINED_UNVERIFIED_ARTIFACT,Download original PDF/HTML from source URL and verify SHA-256,True
EVT-IMCA-2048,International Marine Contractors Association (IMCA),SRC-IMCA-2048,https://www.imca-int.com/resources/safety/safety-flashes/0607-diver-injury-using-cavitation-blaster/,Missing physical document artifact in packaged repository (catalog metadata only),QUARANTINED_UNVERIFIED_ARTIFACT,Download original PDF/HTML from source URL and verify SHA-256,True
EVT-IMCA-2049,International Marine Contractors Association (IMCA),SRC-IMCA-2049,https://www.imca-int.com/resources/safety/safety-flashes/0607-weld-failure-on-kirby-morgan-km17b-505-055-neck-clamp/,Missing physical document artifact in packaged repository (catalog metadata only),QUARANTINED_UNVERIFIED_ARTIFACT,Download original PDF/HTML from source URL and verify SHA-256,True
EVT-IMCA-2050,International Marine Contractors Association (IMCA),SRC-IMCA-2050,https://www.imca-int.com/resources/safety/safety-flashes/0507-interim-measures-after-the-bourbon-dolphin-incident/,Missing physical document artifact in packaged repository (catalog metadata only),QUARANTINED_UNVERIFIED_ARTIFACT,Download original PDF/HTML from source URL and verify SHA-256,True
EVT-IMCA-2051,International Marine Contractors Association (IMCA),SRC-IMCA-2051,https://www.imca-int.com/resources/safety/safety-flashes/0407-forklift-truck-incident/,Missing physical document artifact in packaged repository (catalog metadata only),QUARANTINED_UNVERIFIED_ARTIFACT,Download original PDF/HTML from source URL and verify SHA-256,True
EVT-IMCA-2052,International Marine Contractors Association (IMCA),SRC-IMCA-2052,https://www.imca-int.com/resources/safety/safety-flashes/0307-near-miss-hyperbaric-fire-extinguisher-incident/,Missing physical document artifact in packaged repository (catalog metadata only),QUARANTINED_UNVERIFIED_ARTIFACT,Download original PDF/HTML from source URL and verify SHA-256,True
EVT-IMCA-2053,International Marine Contractors Association (IMCA),SRC-IMCA-2053,https://www.imca-int.com/resources/safety/safety-flashes/0207-galley-equipment-broke-free-of-fastenings-during-severe-weather/,Missing physical document artifact in packaged repository (catalog metadata only),QUARANTINED_UNVERIFIED_ARTIFACT,Download original PDF/HTML from source URL and verify SHA-256,True
EVT-IMCA-2054,International Marine Contractors Association (IMCA),SRC-IMCA-2054,https://www.imca-int.com/resources/safety/safety-flashes/0207-kirby-morgan-safety-bulletin-helmet-shell-repair-caution/,Missing physical document artifact in packaged repository (catalog metadata only),QUARANTINED_UNVERIFIED_ARTIFACT,Download original PDF/HTML from source URL and verify SHA-256,True
EVT-IMCA-2055,International Marine Contractors Association (IMCA),SRC-IMCA-2055,https://www.imca-int.com/resources/safety/safety-flashes/0207-divex-hse-alert-valve-seat-retainer/,Missing physical document artifact in packaged repository (catalog metadata only),QUARANTINED_UNVERIFIED_ARTIFACT,Download original PDF/HTML from source URL and verify SHA-256,True
EVT-IMCA-2056,International Marine Contractors Association (IMCA),SRC-IMCA-2056,https://www.imca-int.com/resources/safety/safety-flashes/0107-subsea-chain-lever-hoist-failure/,Missing physical document artifact in packaged repository (catalog metadata only),QUARANTINED_UNVERIFIED_ARTIFACT,Download original PDF/HTML from source URL and verify SHA-256,True
EVT-IMCA-2057,International Marine Contractors Association (IMCA),SRC-IMCA-2057,https://www.imca-int.com/resources/safety/safety-flashes/0107-pipe-under-tension-on-a-reel/,Missing physical document artifact in packaged repository (catalog metadata only),QUARANTINED_UNVERIFIED_ARTIFACT,Download original PDF/HTML from source URL and verify SHA-256,True
EVT-IMCA-2058,International Marine Contractors Association (IMCA),SRC-IMCA-2058,https://www.imca-int.com/resources/safety/safety-flashes/1406-dp-run-off-incident-class-2-dp-vessel/,Missing physical document artifact in packaged repository (catalog metadata only),QUARANTINED_UNVERIFIED_ARTIFACT,Download original PDF/HTML from source URL and verify SHA-256,True
EVT-IMCA-2059,International Marine Contractors Association (IMCA),SRC-IMCA-2059,https://www.imca-int.com/resources/safety/safety-flashes/1406-near-miss-divers-nearly-hit-by-weight-on-taut-wire/,Missing physical document artifact in packaged repository (catalog metadata only),QUARANTINED_UNVERIFIED_ARTIFACT,Download original PDF/HTML from source URL and verify SHA-256,True
EVT-IMCA-2060,International Marine Contractors Association (IMCA),SRC-IMCA-2060,https://www.imca-int.com/resources/safety/safety-flashes/1306-flash-fire-in-gas-supply-equipment-onboard-dive-support-vessel/,Missing physical document artifact in packaged repository (catalog metadata only),QUARANTINED_UNVERIFIED_ARTIFACT,Download original PDF/HTML from source URL and verify SHA-256,True
EVT-IMCA-2061,International Marine Contractors Association (IMCA),SRC-IMCA-2061,https://www.imca-int.com/resources/safety/safety-flashes/1306-open-lifeboat-corroded-tie-band-side-plates/,Missing physical document artifact in packaged repository (catalog metadata only),QUARANTINED_UNVERIFIED_ARTIFACT,Download original PDF/HTML from source URL and verify SHA-256,True
EVT-IMCA-2062,International Marine Contractors Association (IMCA),SRC-IMCA-2062,https://www.imca-int.com/resources/safety/safety-flashes/1206-wire-break-in-wind-sensor-caused-dp-drive-off/,Missing physical document artifact in packaged repository (catalog metadata only),QUARANTINED_UNVERIFIED_ARTIFACT,Download original PDF/HTML from source URL and verify SHA-256,True
EVT-IMCA-2063,International Marine Contractors Association (IMCA),SRC-IMCA-2063,https://www.imca-int.com/resources/safety/safety-flashes/1106-parting-of-slings-causing-fall-of-heavy-object-onto-seabed/,Missing physical document artifact in packaged repository (catalog metadata only),QUARANTINED_UNVERIFIED_ARTIFACT,Download original PDF/HTML from source URL and verify SHA-256,True
EVT-IMCA-2064,International Marine Contractors Association (IMCA),SRC-IMCA-2064,https://www.imca-int.com/resources/safety/safety-flashes/1106-warning-regarding-imenco-minilatch-rov-fell-onto-deck/,Missing physical document artifact in packaged repository (catalog metadata only),QUARANTINED_UNVERIFIED_ARTIFACT,Download original PDF/HTML from source URL and verify SHA-256,True
EVT-IMCA-2065,International Marine Contractors Association (IMCA),SRC-IMCA-2065,https://www.imca-int.com/resources/safety/safety-flashes/1006-lifting-wire-strop-failure-during-air-bag-lift/,Missing physical document artifact in packaged repository (catalog metadata only),QUARANTINED_UNVERIFIED_ARTIFACT,Download original PDF/HTML from source URL and verify SHA-256,True
EVT-IMCA-2066,International Marine Contractors Association (IMCA),SRC-IMCA-2066,https://www.imca-int.com/resources/safety/safety-flashes/0906-near-miss-involving-hyfex-fire-extinguisher-refill-kits/,Missing physical document artifact in packaged repository (catalog metadata only),QUARANTINED_UNVERIFIED_ARTIFACT,Download original PDF/HTML from source URL and verify SHA-256,True
EVT-IMCA-2067,International Marine Contractors Association (IMCA),SRC-IMCA-2067,https://www.imca-int.com/resources/safety/safety-flashes/0906-fatal-accident-with-lifting-appliance/,Missing physical document artifact in packaged repository (catalog metadata only),QUARANTINED_UNVERIFIED_ARTIFACT,Download original PDF/HTML from source URL and verify SHA-256,True
EVT-IMCA-2068,International Marine Contractors Association (IMCA),SRC-IMCA-2068,https://www.imca-int.com/resources/safety/safety-flashes/0906-small-fire-caused-by-toaster-in-mess-room/,Missing physical document artifact in packaged repository (catalog metadata only),QUARANTINED_UNVERIFIED_ARTIFACT,Download original PDF/HTML from source URL and verify SHA-256,True
EVT-IMCA-2069,International Marine Contractors Association (IMCA),SRC-IMCA-2069,https://www.imca-int.com/resources/safety/safety-flashes/0806-trapped-pressure-release-incident/,Missing physical document artifact in packaged repository (catalog metadata only),QUARANTINED_UNVERIFIED_ARTIFACT,Download original PDF/HTML from source URL and verify SHA-256,True
EVT-IMCA-2070,International Marine Contractors Association (IMCA),SRC-IMCA-2070,https://www.imca-int.com/resources/safety/safety-flashes/0806-serious-injury-during-pipestalk-rolling-operation/,Missing physical document artifact in packaged repository (catalog metadata only),QUARANTINED_UNVERIFIED_ARTIFACT,Download original PDF/HTML from source URL and verify SHA-256,True
EVT-IMCA-2071,International Marine Contractors Association (IMCA),SRC-IMCA-2071,https://www.imca-int.com/resources/safety/safety-flashes/0706-near-miss-potential-use-of-petroleum-based-grease-in-an-oxygen-rich-environment/,Missing physical document artifact in packaged repository (catalog metadata only),QUARANTINED_UNVERIFIED_ARTIFACT,Download original PDF/HTML from source URL and verify SHA-256,True
EVT-IMCA-2072,International Marine Contractors Association (IMCA),SRC-IMCA-2072,https://www.imca-int.com/resources/safety/safety-flashes/0706-kirby-morgan-one-way-valves-follow-up-to-imca-safety-flash-0905-item-1/,Missing physical document artifact in packaged repository (catalog metadata only),QUARANTINED_UNVERIFIED_ARTIFACT,Download original PDF/HTML from source URL and verify SHA-256,True
EVT-IMCA-2073,International Marine Contractors Association (IMCA),SRC-IMCA-2073,https://www.imca-int.com/resources/safety/safety-flashes/0706-recall-due-to-failure-of-parts-in-dacon-rescue-scoops/,Missing physical document artifact in packaged repository (catalog metadata only),QUARANTINED_UNVERIFIED_ARTIFACT,Download original PDF/HTML from source URL and verify SHA-256,True
EVT-IMCA-2074,International Marine Contractors Association (IMCA),SRC-IMCA-2074,https://www.imca-int.com/resources/safety/safety-flashes/0706-crane-incident/,Missing physical document artifact in packaged repository (catalog metadata only),QUARANTINED_UNVERIFIED_ARTIFACT,Download original PDF/HTML from source URL and verify SHA-256,True
EVT-IMCA-2075,International Marine Contractors Association (IMCA),SRC-IMCA-2075,https://www.imca-int.com/resources/safety/safety-flashes/0606-near-miss-missing-grating-on-platform-in-fuel-tank/,Missing physical document artifact in packaged repository (catalog metadata only),QUARANTINED_UNVERIFIED_ARTIFACT,Download original PDF/HTML from source URL and verify SHA-256,True
EVT-IMCA-2076,International Marine Contractors Association (IMCA),SRC-IMCA-2076,https://www.imca-int.com/resources/safety/safety-flashes/0606-recall-of-pains-wessex-white-collision-warning-hand-flares/,Missing physical document artifact in packaged repository (catalog metadata only),QUARANTINED_UNVERIFIED_ARTIFACT,Download original PDF/HTML from source URL and verify SHA-256,True
EVT-IMCA-2077,International Marine Contractors Association (IMCA),SRC-IMCA-2077,https://www.imca-int.com/resources/safety/safety-flashes/0506-flash-fire-in-field-joint-coating-station/,Missing physical document artifact in packaged repository (catalog metadata only),QUARANTINED_UNVERIFIED_ARTIFACT,Download original PDF/HTML from source URL and verify SHA-256,True
EVT-IMCA-2078,International Marine Contractors Association (IMCA),SRC-IMCA-2078,https://www.imca-int.com/resources/safety/safety-flashes/0506-burns-caused-by-release-of-steam-and-boiling-water-from-overheated-pump/,Missing physical document artifact in packaged repository (catalog metadata only),QUARANTINED_UNVERIFIED_ARTIFACT,Download original PDF/HTML from source URL and verify SHA-256,True
EVT-IMCA-2079,International Marine Contractors Association (IMCA),SRC-IMCA-2079,https://www.imca-int.com/resources/safety/safety-flashes/0506-isolation-of-fuel-tanks/,Missing physical document artifact in packaged repository (catalog metadata only),QUARANTINED_UNVERIFIED_ARTIFACT,Download original PDF/HTML from source URL and verify SHA-256,True
EVT-IMCA-2080,International Marine Contractors Association (IMCA),SRC-IMCA-2080,https://www.imca-int.com/resources/safety/safety-flashes/0506-hand-injury-sustained-by-diver/,Missing physical document artifact in packaged repository (catalog metadata only),QUARANTINED_UNVERIFIED_ARTIFACT,Download original PDF/HTML from source URL and verify SHA-256,True
EVT-IMCA-2081,International Marine Contractors Association (IMCA),SRC-IMCA-2081,https://www.imca-int.com/resources/safety/safety-flashes/0406-fatality-falling-object/,Missing physical document artifact in packaged repository (catalog metadata only),QUARANTINED_UNVERIFIED_ARTIFACT,Download original PDF/HTML from source URL and verify SHA-256,True
EVT-IMCA-2082,International Marine Contractors Association (IMCA),SRC-IMCA-2082,https://www.imca-int.com/resources/safety/safety-flashes/0406-wrist-injury-sustained-during-vessel-maintenance/,Missing physical document artifact in packaged repository (catalog metadata only),QUARANTINED_UNVERIFIED_ARTIFACT,Download original PDF/HTML from source URL and verify SHA-256,True
EVT-IMCA-2083,International Marine Contractors Association (IMCA),SRC-IMCA-2083,https://www.imca-int.com/resources/safety/safety-flashes/0306-recent-dp-incident-onboard-a-dsv/,Missing physical document artifact in packaged repository (catalog metadata only),QUARANTINED_UNVERIFIED_ARTIFACT,Download original PDF/HTML from source URL and verify SHA-256,True
EVT-IMCA-2084,International Marine Contractors Association (IMCA),SRC-IMCA-2084,https://www.imca-int.com/resources/safety/safety-flashes/0206-falling-object-failure-of-lifting-appliance/,Missing physical document artifact in packaged repository (catalog metadata only),QUARANTINED_UNVERIFIED_ARTIFACT,Download original PDF/HTML from source URL and verify SHA-256,True
EVT-IMCA-2085,International Marine Contractors Association (IMCA),SRC-IMCA-2085,https://www.imca-int.com/resources/safety/safety-flashes/0206-fatal-fall-in-shipyard/,Missing physical document artifact in packaged repository (catalog metadata only),QUARANTINED_UNVERIFIED_ARTIFACT,Download original PDF/HTML from source URL and verify SHA-256,True
EVT-IMCA-2086,International Marine Contractors Association (IMCA),SRC-IMCA-2086,https://www.imca-int.com/resources/safety/safety-flashes/0206-worker-sustained-severe-facial-injuries-during-vessel-maintenance/,Missing physical document artifact in packaged repository (catalog metadata only),QUARANTINED_UNVERIFIED_ARTIFACT,Download original PDF/HTML from source URL and verify SHA-256,True
EVT-IMCA-2088,International Marine Contractors Association (IMCA),SRC-IMCA-2088,https://www.imca-int.com/resources/safety/safety-flashes/0106-breathing-gas-contamination/,Missing physical document artifact in packaged repository (catalog metadata only),QUARANTINED_UNVERIFIED_ARTIFACT,Download original PDF/HTML from source URL and verify SHA-256,True
EVT-IMCA-2089,International Marine Contractors Association (IMCA),SRC-IMCA-2089,https://www.imca-int.com/resources/safety/safety-flashes/0106-fatality-fall-from-height-in-shipyard/,Missing physical document artifact in packaged repository (catalog metadata only),QUARANTINED_UNVERIFIED_ARTIFACT,Download original PDF/HTML from source URL and verify SHA-256,True
EVT-IMCA-2090,International Marine Contractors Association (IMCA),SRC-IMCA-2090,https://www.imca-int.com/resources/safety/safety-flashes/0106-falling-object-load-dropped-by-crane/,Missing physical document artifact in packaged repository (catalog metadata only),QUARANTINED_UNVERIFIED_ARTIFACT,Download original PDF/HTML from source URL and verify SHA-256,True
EVT-IMCA-2091,International Marine Contractors Association (IMCA),SRC-IMCA-2091,https://www.imca-int.com/resources/safety/safety-flashes/0106-hammer-dropped-from-height/,Missing physical document artifact in packaged repository (catalog metadata only),QUARANTINED_UNVERIFIED_ARTIFACT,Download original PDF/HTML from source URL and verify SHA-256,True
EVT-IMCA-2092,International Marine Contractors Association (IMCA),SRC-IMCA-2092,https://www.imca-int.com/resources/safety/safety-flashes/0106-falling-object-grating-fell-onto-pipe-deck/,Missing physical document artifact in packaged repository (catalog metadata only),QUARANTINED_UNVERIFIED_ARTIFACT,Download original PDF/HTML from source URL and verify SHA-256,True
EVT-IMCA-2093,International Marine Contractors Association (IMCA),SRC-IMCA-2093,https://www.imca-int.com/resources/safety/safety-flashes/0104-near-miss-during-connector-pressure-tests/,Missing physical document artifact in packaged repository (catalog metadata only),QUARANTINED_UNVERIFIED_ARTIFACT,Download original PDF/HTML from source URL and verify SHA-256,True
EVT-IMCA-2094,International Marine Contractors Association (IMCA),SRC-IMCA-2094,https://www.imca-int.com/resources/safety/safety-flashes/1205-failure-of-high-pressure-fitting/,Missing physical document artifact in packaged repository (catalog metadata only),QUARANTINED_UNVERIFIED_ARTIFACT,Download original PDF/HTML from source URL and verify SHA-256,True
EVT-IMCA-2095,International Marine Contractors Association (IMCA),SRC-IMCA-2095,https://www.imca-int.com/resources/safety/safety-flashes/1205-lifting-fatality/,Missing physical document artifact in packaged repository (catalog metadata only),QUARANTINED_UNVERIFIED_ARTIFACT,Download original PDF/HTML from source URL and verify SHA-256,True
EVT-IMCA-2096,International Marine Contractors Association (IMCA),SRC-IMCA-2096,https://www.imca-int.com/resources/safety/safety-flashes/1105-engine-room-fires-appropriate-use-of-insulating-material-on-hot-surfaces/,Missing physical document artifact in packaged repository (catalog metadata only),QUARANTINED_UNVERIFIED_ARTIFACT,Download original PDF/HTML from source URL and verify SHA-256,True
EVT-IMCA-2097,International Marine Contractors Association (IMCA),SRC-IMCA-2097,https://www.imca-int.com/resources/safety/safety-flashes/1105-near-miss-during-diving-operations/,Missing physical document artifact in packaged repository (catalog metadata only),QUARANTINED_UNVERIFIED_ARTIFACT,Download original PDF/HTML from source URL and verify SHA-256,True
EVT-IMCA-2098,International Marine Contractors Association (IMCA),SRC-IMCA-2098,https://www.imca-int.com/resources/safety/safety-flashes/1105-engine-room-flooding/,Missing physical document artifact in packaged repository (catalog metadata only),QUARANTINED_UNVERIFIED_ARTIFACT,Download original PDF/HTML from source URL and verify SHA-256,True
EVT-IMCA-2099,International Marine Contractors Association (IMCA),SRC-IMCA-2099,https://www.imca-int.com/resources/safety/safety-flashes/1105-object-falling-from-height/,Missing physical document artifact in packaged repository (catalog metadata only),QUARANTINED_UNVERIFIED_ARTIFACT,Download original PDF/HTML from source URL and verify SHA-256,True
EVT-IMCA-2100,International Marine Contractors Association (IMCA),SRC-IMCA-2100,https://www.imca-int.com/resources/safety/safety-flashes/1105-near-miss-during-lifting-operations/,Missing physical document artifact in packaged repository (catalog metadata only),QUARANTINED_UNVERIFIED_ARTIFACT,Download original PDF/HTML from source URL and verify SHA-256,True
EVT-IMCA-2101,International Marine Contractors Association (IMCA),SRC-IMCA-2101,https://www.imca-int.com/resources/safety/safety-flashes/1105-near-miss-dropped-object-narrowly-misses-worker/,Missing physical document artifact in packaged repository (catalog metadata only),QUARANTINED_UNVERIFIED_ARTIFACT,Download original PDF/HTML from source URL and verify SHA-256,True
EVT-IMCA-2102,International Marine Contractors Association (IMCA),SRC-IMCA-2102,https://www.imca-int.com/resources/safety/safety-flashes/1005-engine-room-fire/,Missing physical document artifact in packaged repository (catalog metadata only),QUARANTINED_UNVERIFIED_ARTIFACT,Download original PDF/HTML from source URL and verify SHA-256,True
EVT-IMCA-2103,International Marine Contractors Association (IMCA),SRC-IMCA-2103,https://www.imca-int.com/resources/safety/safety-flashes/1005-explosion-in-ballast-tank-causing-loss-of-life/,Missing physical document artifact in packaged repository (catalog metadata only),QUARANTINED_UNVERIFIED_ARTIFACT,Download original PDF/HTML from source URL and verify SHA-256,True
EVT-IMCA-2104,International Marine Contractors Association (IMCA),SRC-IMCA-2104,https://www.imca-int.com/resources/safety/safety-flashes/1005-lost-anchor-chain/,Missing physical document artifact in packaged repository (catalog metadata only),QUARANTINED_UNVERIFIED_ARTIFACT,Download original PDF/HTML from source URL and verify SHA-256,True
EVT-IMCA-2105,International Marine Contractors Association (IMCA),SRC-IMCA-2105,https://www.imca-int.com/resources/safety/safety-flashes/1005-near-miss-during-heavy-lift-operations/,Missing physical document artifact in packaged repository (catalog metadata only),QUARANTINED_UNVERIFIED_ARTIFACT,Download original PDF/HTML from source URL and verify SHA-256,True
EVT-IMCA-2106,International Marine Contractors Association (IMCA),SRC-IMCA-2106,https://www.imca-int.com/resources/safety/safety-flashes/1005-crane-wire-failure/,Missing physical document artifact in packaged repository (catalog metadata only),QUARANTINED_UNVERIFIED_ARTIFACT,Download original PDF/HTML from source URL and verify SHA-256,True
EVT-IMCA-2107,International Marine Contractors Association (IMCA),SRC-IMCA-2107,https://www.imca-int.com/resources/safety/safety-flashes/0805-jellyfish-incident/,Missing physical document artifact in packaged repository (catalog metadata only),QUARANTINED_UNVERIFIED_ARTIFACT,Download original PDF/HTML from source URL and verify SHA-256,True
EVT-IMCA-2108,International Marine Contractors Association (IMCA),SRC-IMCA-2108,https://www.imca-int.com/resources/safety/safety-flashes/0805-caution-notice-electric-gasmizer-gas-booster/,Missing physical document artifact in packaged repository (catalog metadata only),QUARANTINED_UNVERIFIED_ARTIFACT,Download original PDF/HTML from source URL and verify SHA-256,True
EVT-IMCA-2109,International Marine Contractors Association (IMCA),SRC-IMCA-2109,https://www.imca-int.com/resources/safety/safety-flashes/0805-diving-bell-clamp-mating-screws/,Missing physical document artifact in packaged repository (catalog metadata only),QUARANTINED_UNVERIFIED_ARTIFACT,Download original PDF/HTML from source URL and verify SHA-256,True
EVT-IMCA-2110,International Marine Contractors Association (IMCA),SRC-IMCA-2110,https://www.imca-int.com/resources/safety/safety-flashes/0905-malfunction-of-kirby-morgan-b17-side-block-non-return-valve/,Missing physical document artifact in packaged repository (catalog metadata only),QUARANTINED_UNVERIFIED_ARTIFACT,Download original PDF/HTML from source URL and verify SHA-256,True
EVT-IMCA-2111,International Marine Contractors Association (IMCA),SRC-IMCA-2111,https://www.imca-int.com/resources/safety/safety-flashes/0905-serious-injury-during-crane-operations/,Missing physical document artifact in packaged repository (catalog metadata only),QUARANTINED_UNVERIFIED_ARTIFACT,Download original PDF/HTML from source URL and verify SHA-256,True
EVT-IMCA-2112,International Marine Contractors Association (IMCA),SRC-IMCA-2112,https://www.imca-int.com/resources/safety/safety-flashes/0605-hand-grinder-injuries/,Missing physical document artifact in packaged repository (catalog metadata only),QUARANTINED_UNVERIFIED_ARTIFACT,Download original PDF/HTML from source URL and verify SHA-256,True
EVT-IMCA-2113,International Marine Contractors Association (IMCA),SRC-IMCA-2113,https://www.imca-int.com/resources/safety/safety-flashes/0605-leaking-oxygen-valve/,Missing physical document artifact in packaged repository (catalog metadata only),QUARANTINED_UNVERIFIED_ARTIFACT,Download original PDF/HTML from source URL and verify SHA-256,True
EVT-IMCA-2114,International Marine Contractors Association (IMCA),SRC-IMCA-2114,https://www.imca-int.com/resources/safety/safety-flashes/0605-near-miss-flooding-of-a-diver-s-helmet/,Missing physical document artifact in packaged repository (catalog metadata only),QUARANTINED_UNVERIFIED_ARTIFACT,Download original PDF/HTML from source URL and verify SHA-256,True
EVT-IMCA-2115,International Marine Contractors Association (IMCA),SRC-IMCA-2115,https://www.imca-int.com/resources/safety/safety-flashes/0705-rov-free-fall-incident/,Missing physical document artifact in packaged repository (catalog metadata only),QUARANTINED_UNVERIFIED_ARTIFACT,Download original PDF/HTML from source URL and verify SHA-256,True
EVT-IMCA-2116,International Marine Contractors Association (IMCA),SRC-IMCA-2116,https://www.imca-int.com/resources/safety/safety-flashes/0705-product-safety-recall-kongsberg-rpt-transponders/,Missing physical document artifact in packaged repository (catalog metadata only),QUARANTINED_UNVERIFIED_ARTIFACT,Download original PDF/HTML from source URL and verify SHA-256,True
EVT-IMCA-2117,International Marine Contractors Association (IMCA),SRC-IMCA-2117,https://www.imca-int.com/resources/safety/safety-flashes/0505-starting-air-system-incident/,Missing physical document artifact in packaged repository (catalog metadata only),QUARANTINED_UNVERIFIED_ARTIFACT,Download original PDF/HTML from source URL and verify SHA-256,True
EVT-IMCA-2118,International Marine Contractors Association (IMCA),SRC-IMCA-2118,https://www.imca-int.com/resources/safety/safety-flashes/0505-pollution-caused-by-burst-hydraulic-hose/,Missing physical document artifact in packaged repository (catalog metadata only),QUARANTINED_UNVERIFIED_ARTIFACT,Download original PDF/HTML from source URL and verify SHA-256,True
EVT-IMCA-2119,International Marine Contractors Association (IMCA),SRC-IMCA-2119,https://www.imca-int.com/resources/safety/safety-flashes/0505-caution-notice-kirby-morgan-regulators/,Missing physical document artifact in packaged repository (catalog metadata only),QUARANTINED_UNVERIFIED_ARTIFACT,Download original PDF/HTML from source URL and verify SHA-256,True
EVT-IMCA-2120,International Marine Contractors Association (IMCA),SRC-IMCA-2120,https://www.imca-int.com/resources/safety/safety-flashes/0405-incident-involving-cameron-high-pressure-accumulator-follow-up-to-safety-flash-0305-item-7/,Missing physical document artifact in packaged repository (catalog metadata only),QUARANTINED_UNVERIFIED_ARTIFACT,Download original PDF/HTML from source URL and verify SHA-256,True
EVT-IMCA-2121,International Marine Contractors Association (IMCA),SRC-IMCA-2121,https://www.imca-int.com/resources/safety/safety-flashes/0305-finger-injury-during-loading-operations/,Missing physical document artifact in packaged repository (catalog metadata only),QUARANTINED_UNVERIFIED_ARTIFACT,Download original PDF/HTML from source URL and verify SHA-256,True
EVT-IMCA-2122,International Marine Contractors Association (IMCA),SRC-IMCA-2122,https://www.imca-int.com/resources/safety/safety-flashes/0305-injury-while-grinding-without-ppe/,Missing physical document artifact in packaged repository (catalog metadata only),QUARANTINED_UNVERIFIED_ARTIFACT,Download original PDF/HTML from source URL and verify SHA-256,True
EVT-IMCA-2123,International Marine Contractors Association (IMCA),SRC-IMCA-2123,https://www.imca-int.com/resources/safety/safety-flashes/0305-gas-leak-during-removal-of-temperature-sensor-from-thermowell/,Missing physical document artifact in packaged repository (catalog metadata only),QUARANTINED_UNVERIFIED_ARTIFACT,Download original PDF/HTML from source URL and verify SHA-256,True
EVT-IMCA-2124,International Marine Contractors Association (IMCA),SRC-IMCA-2124,https://www.imca-int.com/resources/safety/safety-flashes/0305-diver-injury-from-implosion-of-a-fishing-buoy/,Missing physical document artifact in packaged repository (catalog metadata only),QUARANTINED_UNVERIFIED_ARTIFACT,Download original PDF/HTML from source URL and verify SHA-256,True
EVT-IMCA-2125,International Marine Contractors Association (IMCA),SRC-IMCA-2125,https://www.imca-int.com/resources/safety/safety-flashes/0305-floating-ignition-source-drifts-near-to-production-platform/,Missing physical document artifact in packaged repository (catalog metadata only),QUARANTINED_UNVERIFIED_ARTIFACT,Download original PDF/HTML from source URL and verify SHA-256,True
EVT-IMCA-2126,International Marine Contractors Association (IMCA),SRC-IMCA-2126,https://www.imca-int.com/resources/safety/safety-flashes/0305-diver-hand-burn-injury-during-underwater-cutting-operation/,Missing physical document artifact in packaged repository (catalog metadata only),QUARANTINED_UNVERIFIED_ARTIFACT,Download original PDF/HTML from source URL and verify SHA-256,True
EVT-IMCA-2127,International Marine Contractors Association (IMCA),SRC-IMCA-2127,https://www.imca-int.com/resources/safety/safety-flashes/0305-incident-involving-cameron-high-pressure-accumulator/,Missing physical document artifact in packaged repository (catalog metadata only),QUARANTINED_UNVERIFIED_ARTIFACT,Download original PDF/HTML from source URL and verify SHA-256,True
EVT-IMCA-2128,International Marine Contractors Association (IMCA),SRC-IMCA-2128,https://www.imca-int.com/resources/safety/safety-flashes/0305-fatality-swinging-load-incident/,Missing physical document artifact in packaged repository (catalog metadata only),QUARANTINED_UNVERIFIED_ARTIFACT,Download original PDF/HTML from source URL and verify SHA-256,True
EVT-IMCA-2129,International Marine Contractors Association (IMCA),SRC-IMCA-2129,https://www.imca-int.com/resources/safety/safety-flashes/0305-fire-caused-at-the-stern-of-a-dive-support-vessel-by-flaring-gas-from-a-rig/,Missing physical document artifact in packaged repository (catalog metadata only),QUARANTINED_UNVERIFIED_ARTIFACT,Download original PDF/HTML from source URL and verify SHA-256,True
EVT-IMCA-2130,International Marine Contractors Association (IMCA),SRC-IMCA-2130,https://www.imca-int.com/resources/safety/safety-flashes/0305-uncontrolled-ascent-of-lay-down-head/,Missing physical document artifact in packaged repository (catalog metadata only),QUARANTINED_UNVERIFIED_ARTIFACT,Download original PDF/HTML from source URL and verify SHA-256,True
EVT-IMCA-2131,International Marine Contractors Association (IMCA),SRC-IMCA-2131,https://www.imca-int.com/resources/safety/safety-flashes/0305-fatality-grinder-incident/,Missing physical document artifact in packaged repository (catalog metadata only),QUARANTINED_UNVERIFIED_ARTIFACT,Download original PDF/HTML from source URL and verify SHA-256,True
EVT-IMCA-2132,International Marine Contractors Association (IMCA),SRC-IMCA-2132,https://www.imca-int.com/resources/safety/safety-flashes/0305-near-miss-diver-s-umbilical-severed-by-propeller/,Missing physical document artifact in packaged repository (catalog metadata only),QUARANTINED_UNVERIFIED_ARTIFACT,Download original PDF/HTML from source URL and verify SHA-256,True
EVT-IMCA-2133,International Marine Contractors Association (IMCA),SRC-IMCA-2133,https://www.imca-int.com/resources/safety/safety-flashes/0305-mrsa-and-appropriate-use-of-antibiotics/,Missing physical document artifact in packaged repository (catalog metadata only),QUARANTINED_UNVERIFIED_ARTIFACT,Download original PDF/HTML from source URL and verify SHA-256,True
EVT-IMCA-2134,International Marine Contractors Association (IMCA),SRC-IMCA-2134,https://www.imca-int.com/resources/safety/safety-flashes/0305-transponder-pressure-relief-system-failure/,Missing physical document artifact in packaged repository (catalog metadata only),QUARANTINED_UNVERIFIED_ARTIFACT,Download original PDF/HTML from source URL and verify SHA-256,True
EVT-IMCA-2135,International Marine Contractors Association (IMCA),SRC-IMCA-2135,https://www.imca-int.com/resources/safety/safety-flashes/0205-fatality-fall-from-height/,Missing physical document artifact in packaged repository (catalog metadata only),QUARANTINED_UNVERIFIED_ARTIFACT,Download original PDF/HTML from source URL and verify SHA-256,True
EVT-IMCA-2136,International Marine Contractors Association (IMCA),SRC-IMCA-2136,https://www.imca-int.com/resources/safety/safety-flashes/0205-vertical-lay-system-dropped-during-quayside-mobilisation/,Missing physical document artifact in packaged repository (catalog metadata only),QUARANTINED_UNVERIFIED_ARTIFACT,Download original PDF/HTML from source URL and verify SHA-256,True
EVT-IMCA-2137,International Marine Contractors Association (IMCA),SRC-IMCA-2137,https://www.imca-int.com/resources/safety/safety-flashes/0205-fire-at-sea/,Missing physical document artifact in packaged repository (catalog metadata only),QUARANTINED_UNVERIFIED_ARTIFACT,Download original PDF/HTML from source URL and verify SHA-256,True
EVT-IMCA-2138,International Marine Contractors Association (IMCA),SRC-IMCA-2138,https://www.imca-int.com/resources/safety/safety-flashes/0205-securing-of-loads/,Missing physical document artifact in packaged repository (catalog metadata only),QUARANTINED_UNVERIFIED_ARTIFACT,Download original PDF/HTML from source URL and verify SHA-256,True
EVT-IMCA-2139,International Marine Contractors Association (IMCA),SRC-IMCA-2139,https://www.imca-int.com/resources/safety/safety-flashes/0105-correct-specification-of-shackles/,Missing physical document artifact in packaged repository (catalog metadata only),QUARANTINED_UNVERIFIED_ARTIFACT,Download original PDF/HTML from source URL and verify SHA-256,True
EVT-IMCA-2140,International Marine Contractors Association (IMCA),SRC-IMCA-2140,https://www.imca-int.com/resources/safety/safety-flashes/0105-helideck-foam-sample/,Missing physical document artifact in packaged repository (catalog metadata only),QUARANTINED_UNVERIFIED_ARTIFACT,Download original PDF/HTML from source URL and verify SHA-256,True
EVT-IMCA-2141,International Marine Contractors Association (IMCA),SRC-IMCA-2141,https://www.imca-int.com/resources/safety/safety-flashes/0105-lifting-techniques/,Missing physical document artifact in packaged repository (catalog metadata only),QUARANTINED_UNVERIFIED_ARTIFACT,Download original PDF/HTML from source URL and verify SHA-256,True
EVT-IMCA-2142,International Marine Contractors Association (IMCA),SRC-IMCA-2142,https://www.imca-int.com/resources/safety/safety-flashes/0105-driving-policy/,Missing physical document artifact in packaged repository (catalog metadata only),QUARANTINED_UNVERIFIED_ARTIFACT,Download original PDF/HTML from source URL and verify SHA-256,True
EVT-IMCA-2143,International Marine Contractors Association (IMCA),SRC-IMCA-2143,https://www.imca-int.com/resources/safety/safety-flashes/0105-dropped-objects-from-scaffolding/,Missing physical document artifact in packaged repository (catalog metadata only),QUARANTINED_UNVERIFIED_ARTIFACT,Download original PDF/HTML from source URL and verify SHA-256,True
EVT-IMCA-2144,International Marine Contractors Association (IMCA),SRC-IMCA-2144,https://www.imca-int.com/resources/safety/safety-flashes/0105-dropped-object-during-delivery-of-offshore-container/,Missing physical document artifact in packaged repository (catalog metadata only),QUARANTINED_UNVERIFIED_ARTIFACT,Download original PDF/HTML from source URL and verify SHA-256,True
EVT-IMCA-2145,International Marine Contractors Association (IMCA),SRC-IMCA-2145,https://www.imca-int.com/resources/safety/safety-flashes/1104-copies-of-crosby-shackles/,Missing physical document artifact in packaged repository (catalog metadata only),QUARANTINED_UNVERIFIED_ARTIFACT,Download original PDF/HTML from source URL and verify SHA-256,True
EVT-IMCA-2146,International Marine Contractors Association (IMCA),SRC-IMCA-2146,https://www.imca-int.com/resources/safety/safety-flashes/1004-uncontrolled-decompression-of-diving-bell/,Missing physical document artifact in packaged repository (catalog metadata only),QUARANTINED_UNVERIFIED_ARTIFACT,Download original PDF/HTML from source URL and verify SHA-256,True
EVT-IMCA-2147,International Marine Contractors Association (IMCA),SRC-IMCA-2147,https://www.imca-int.com/resources/safety/safety-flashes/1004-fatality-fall-from-scaffold-openingbreakdown-in-co-ordinationcommunication/,Missing physical document artifact in packaged repository (catalog metadata only),QUARANTINED_UNVERIFIED_ARTIFACT,Download original PDF/HTML from source URL and verify SHA-256,True
EVT-IMCA-2148,International Marine Contractors Association (IMCA),SRC-IMCA-2148,https://www.imca-int.com/resources/safety/safety-flashes/1004-lightning-strike/,Missing physical document artifact in packaged repository (catalog metadata only),QUARANTINED_UNVERIFIED_ARTIFACT,Download original PDF/HTML from source URL and verify SHA-256,True
EVT-IMCA-2149,International Marine Contractors Association (IMCA),SRC-IMCA-2149,https://www.imca-int.com/resources/safety/safety-flashes/1004-head-injury/,Missing physical document artifact in packaged repository (catalog metadata only),QUARANTINED_UNVERIFIED_ARTIFACT,Download original PDF/HTML from source URL and verify SHA-256,True
EVT-IMCA-2150,International Marine Contractors Association (IMCA),SRC-IMCA-2150,https://www.imca-int.com/resources/safety/safety-flashes/1004-loss-of-position-of-dp-dsv/,Missing physical document artifact in packaged repository (catalog metadata only),QUARANTINED_UNVERIFIED_ARTIFACT,Download original PDF/HTML from source URL and verify SHA-256,True
EVT-IMCA-2151,International Marine Contractors Association (IMCA),SRC-IMCA-2151,https://www.imca-int.com/resources/safety/safety-flashes/0904-possible-choking-incident-diver-s-helmet/,Missing physical document artifact in packaged repository (catalog metadata only),QUARANTINED_UNVERIFIED_ARTIFACT,Download original PDF/HTML from source URL and verify SHA-256,True
EVT-IMCA-2152,International Marine Contractors Association (IMCA),SRC-IMCA-2152,https://www.imca-int.com/resources/safety/safety-flashes/0904-pipe-handling-frame-incident-during-diving-operation/,Missing physical document artifact in packaged repository (catalog metadata only),QUARANTINED_UNVERIFIED_ARTIFACT,Download original PDF/HTML from source URL and verify SHA-256,True
EVT-IMCA-2153,International Marine Contractors Association (IMCA),SRC-IMCA-2153,https://www.imca-int.com/resources/safety/safety-flashes/0904-uncontrolled-decompression-during-gangway-move/,Missing physical document artifact in packaged repository (catalog metadata only),QUARANTINED_UNVERIFIED_ARTIFACT,Download original PDF/HTML from source URL and verify SHA-256,True
EVT-IMCA-2154,International Marine Contractors Association (IMCA),SRC-IMCA-2154,https://www.imca-int.com/resources/safety/safety-flashes/0804-diving-helmets-damage-to-emergency-valve/,Missing physical document artifact in packaged repository (catalog metadata only),QUARANTINED_UNVERIFIED_ARTIFACT,Download original PDF/HTML from source URL and verify SHA-256,True
EVT-IMCA-2155,International Marine Contractors Association (IMCA),SRC-IMCA-2155,https://www.imca-int.com/resources/safety/safety-flashes/0804-disguised-transportable-gas-cylinders/,Missing physical document artifact in packaged repository (catalog metadata only),QUARANTINED_UNVERIFIED_ARTIFACT,Download original PDF/HTML from source URL and verify SHA-256,True
EVT-IMCA-2156,International Marine Contractors Association (IMCA),SRC-IMCA-2156,https://www.imca-int.com/resources/safety/safety-flashes/0704-exhaust-valve-cage-assembly-blow-out/,Missing physical document artifact in packaged repository (catalog metadata only),QUARANTINED_UNVERIFIED_ARTIFACT,Download original PDF/HTML from source URL and verify SHA-256,True
EVT-IMCA-2157,International Marine Contractors Association (IMCA),SRC-IMCA-2157,https://www.imca-int.com/resources/safety/safety-flashes/0604-heave-compensation-software-anomaly/,Missing physical document artifact in packaged repository (catalog metadata only),QUARANTINED_UNVERIFIED_ARTIFACT,Download original PDF/HTML from source URL and verify SHA-256,True
EVT-IMCA-2158,International Marine Contractors Association (IMCA),SRC-IMCA-2158,https://www.imca-int.com/resources/safety/safety-flashes/0504-remote-pulling-operations-warning/,Missing physical document artifact in packaged repository (catalog metadata only),QUARANTINED_UNVERIFIED_ARTIFACT,Download original PDF/HTML from source URL and verify SHA-256,True
EVT-IMCA-2159,International Marine Contractors Association (IMCA),SRC-IMCA-2159,https://www.imca-int.com/resources/safety/safety-flashes/0504-fire-in-switchboard-room/,Missing physical document artifact in packaged repository (catalog metadata only),QUARANTINED_UNVERIFIED_ARTIFACT,Download original PDF/HTML from source URL and verify SHA-256,True
EVT-IMCA-2160,International Marine Contractors Association (IMCA),SRC-IMCA-2160,https://www.imca-int.com/resources/safety/safety-flashes/0504-pipe-stacking-incident/,Missing physical document artifact in packaged repository (catalog metadata only),QUARANTINED_UNVERIFIED_ARTIFACT,Download original PDF/HTML from source URL and verify SHA-256,True
EVT-IMCA-2161,International Marine Contractors Association (IMCA),SRC-IMCA-2161,https://www.imca-int.com/resources/safety/safety-flashes/0504-shore-leave/,Missing physical document artifact in packaged repository (catalog metadata only),QUARANTINED_UNVERIFIED_ARTIFACT,Download original PDF/HTML from source URL and verify SHA-256,True
EVT-IMCA-2162,International Marine Contractors Association (IMCA),SRC-IMCA-2162,https://www.imca-int.com/resources/safety/safety-flashes/0504-staphylococcal-infection-in-deep-water-saturation-dive-to-200-metres/,Missing physical document artifact in packaged repository (catalog metadata only),QUARANTINED_UNVERIFIED_ARTIFACT,Download original PDF/HTML from source URL and verify SHA-256,True
EVT-IMCA-2163,International Marine Contractors Association (IMCA),SRC-IMCA-2163,https://www.imca-int.com/resources/safety/safety-flashes/0504-near-miss-internal-bell-door/,Missing physical document artifact in packaged repository (catalog metadata only),QUARANTINED_UNVERIFIED_ARTIFACT,Download original PDF/HTML from source URL and verify SHA-256,True
EVT-IMCA-2164,International Marine Contractors Association (IMCA),SRC-IMCA-2164,https://www.imca-int.com/resources/safety/safety-flashes/0504-underwater-explosions/,Missing physical document artifact in packaged repository (catalog metadata only),QUARANTINED_UNVERIFIED_ARTIFACT,Download original PDF/HTML from source URL and verify SHA-256,True
EVT-IMCA-2165,International Marine Contractors Association (IMCA),SRC-IMCA-2165,https://www.imca-int.com/resources/safety/safety-flashes/0404-serious-injury-in-towing-operation/,Missing physical document artifact in packaged repository (catalog metadata only),QUARANTINED_UNVERIFIED_ARTIFACT,Download original PDF/HTML from source URL and verify SHA-256,True
EVT-IMCA-2166,International Marine Contractors Association (IMCA),SRC-IMCA-2166,https://www.imca-int.com/resources/safety/safety-flashes/0404-diver-struck-by-lifting-frame-while-installing-concrete-mattresses/,Missing physical document artifact in packaged repository (catalog metadata only),QUARANTINED_UNVERIFIED_ARTIFACT,Download original PDF/HTML from source URL and verify SHA-256,True
EVT-IMCA-2167,International Marine Contractors Association (IMCA),SRC-IMCA-2167,https://www.imca-int.com/resources/safety/safety-flashes/0404-late-onset-of-decompression-illness-dci/,Missing physical document artifact in packaged repository (catalog metadata only),QUARANTINED_UNVERIFIED_ARTIFACT,Download original PDF/HTML from source URL and verify SHA-256,True
EVT-IMCA-2168,International Marine Contractors Association (IMCA),SRC-IMCA-2168,https://www.imca-int.com/resources/safety/safety-flashes/0204-near-miss-incident-involving-subsea-headache-ball/,Missing physical document artifact in packaged repository (catalog metadata only),QUARANTINED_UNVERIFIED_ARTIFACT,Download original PDF/HTML from source URL and verify SHA-256,True
EVT-IMCA-2169,International Marine Contractors Association (IMCA),SRC-IMCA-2169,https://www.imca-int.com/resources/safety/safety-flashes/0204-near-miss-involving-bail-out-bottle-pillar-valve/,Missing physical document artifact in packaged repository (catalog metadata only),QUARANTINED_UNVERIFIED_ARTIFACT,Download original PDF/HTML from source URL and verify SHA-256,True
EVT-IMCA-2170,International Marine Contractors Association (IMCA),SRC-IMCA-2170,https://www.imca-int.com/resources/safety/safety-flashes/0204-snaking-air-hose/,Missing physical document artifact in packaged repository (catalog metadata only),QUARANTINED_UNVERIFIED_ARTIFACT,Download original PDF/HTML from source URL and verify SHA-256,True
EVT-IMCA-2171,International Marine Contractors Association (IMCA),SRC-IMCA-2171,https://www.imca-int.com/resources/safety/safety-flashes/remove-this-or-use-for-another-sf/,Missing physical document artifact in packaged repository (catalog metadata only),QUARANTINED_UNVERIFIED_ARTIFACT,Download original PDF/HTML from source URL and verify SHA-256,True
EVT-IMCA-2172,International Marine Contractors Association (IMCA),SRC-IMCA-2172,https://www.imca-int.com/resources/safety/safety-flashes/0204-lack-of-access-provided/,Missing physical document artifact in packaged repository (catalog metadata only),QUARANTINED_UNVERIFIED_ARTIFACT,Download original PDF/HTML from source URL and verify SHA-256,True
EVT-IMCA-2173,International Marine Contractors Association (IMCA),SRC-IMCA-2173,https://www.imca-int.com/resources/safety/safety-flashes/0204-use-of-prescription-medicinesdrugs/,Missing physical document artifact in packaged repository (catalog metadata only),QUARANTINED_UNVERIFIED_ARTIFACT,Download original PDF/HTML from source URL and verify SHA-256,True
EVT-IMCA-2174,International Marine Contractors Association (IMCA),SRC-IMCA-2174,https://www.imca-int.com/resources/safety/safety-flashes/0204-open-porthole/,Missing physical document artifact in packaged repository (catalog metadata only),QUARANTINED_UNVERIFIED_ARTIFACT,Download original PDF/HTML from source URL and verify SHA-256,True
EVT-IMCA-2175,International Marine Contractors Association (IMCA),SRC-IMCA-2175,https://www.imca-int.com/resources/safety/safety-flashes/0204-near-miss-sailing-close-to-a-construction-barge/,Missing physical document artifact in packaged repository (catalog metadata only),QUARANTINED_UNVERIFIED_ARTIFACT,Download original PDF/HTML from source URL and verify SHA-256,True
EVT-IMCA-2176,International Marine Contractors Association (IMCA),SRC-IMCA-2176,https://www.imca-int.com/resources/safety/safety-flashes/0104-diver-s-lost-gas-incident/,Missing physical document artifact in packaged repository (catalog metadata only),QUARANTINED_UNVERIFIED_ARTIFACT,Download original PDF/HTML from source URL and verify SHA-256,True
EVT-IMCA-2177,International Marine Contractors Association (IMCA),SRC-IMCA-2177,https://www.imca-int.com/resources/safety/safety-flashes/0104-oxygen-near-miss/,Missing physical document artifact in packaged repository (catalog metadata only),QUARANTINED_UNVERIFIED_ARTIFACT,Download original PDF/HTML from source URL and verify SHA-256,True
EVT-IMCA-2178,International Marine Contractors Association (IMCA),SRC-IMCA-2178,https://www.imca-int.com/resources/safety/safety-flashes/1303-faulty-directional-flow-arrow-on-valve/,Missing physical document artifact in packaged repository (catalog metadata only),QUARANTINED_UNVERIFIED_ARTIFACT,Download original PDF/HTML from source URL and verify SHA-256,True
EVT-IMCA-2179,International Marine Contractors Association (IMCA),SRC-IMCA-2179,https://www.imca-int.com/resources/safety/safety-flashes/1303-incident-involving-a-mckissick-n419-snatch-block/,Missing physical document artifact in packaged repository (catalog metadata only),QUARANTINED_UNVERIFIED_ARTIFACT,Download original PDF/HTML from source URL and verify SHA-256,True
EVT-IMCA-2180,International Marine Contractors Association (IMCA),SRC-IMCA-2180,https://www.imca-int.com/resources/safety/safety-flashes/1303-incorrect-pressure-rated-manifold-fitted-to-diver-s-bail-out/,Missing physical document artifact in packaged repository (catalog metadata only),QUARANTINED_UNVERIFIED_ARTIFACT,Download original PDF/HTML from source URL and verify SHA-256,True
EVT-IMCA-2181,International Marine Contractors Association (IMCA),SRC-IMCA-2181,https://www.imca-int.com/resources/safety/safety-flashes/1203-near-miss-involving-diver-s-neck-dam/,Missing physical document artifact in packaged repository (catalog metadata only),QUARANTINED_UNVERIFIED_ARTIFACT,Download original PDF/HTML from source URL and verify SHA-256,True
EVT-IMCA-2182,International Marine Contractors Association (IMCA),SRC-IMCA-2182,https://www.imca-int.com/resources/safety/safety-flashes/1203-regulator-fire/,Missing physical document artifact in packaged repository (catalog metadata only),QUARANTINED_UNVERIFIED_ARTIFACT,Download original PDF/HTML from source URL and verify SHA-256,True
EVT-IMCA-2183,International Marine Contractors Association (IMCA),SRC-IMCA-2183,https://www.imca-int.com/resources/safety/safety-flashes/1103-topic-working-with-tubulars-incident-report/,Missing physical document artifact in packaged repository (catalog metadata only),QUARANTINED_UNVERIFIED_ARTIFACT,Download original PDF/HTML from source URL and verify SHA-256,True
EVT-IMCA-2184,International Marine Contractors Association (IMCA),SRC-IMCA-2184,https://www.imca-int.com/resources/safety/safety-flashes/1103-airline-coupling-failure/,Missing physical document artifact in packaged repository (catalog metadata only),QUARANTINED_UNVERIFIED_ARTIFACT,Download original PDF/HTML from source URL and verify SHA-256,True
EVT-IMCA-2185,International Marine Contractors Association (IMCA),SRC-IMCA-2185,https://www.imca-int.com/resources/safety/safety-flashes/1103-internal-explosion-within-12v-forklift-battery/,Missing physical document artifact in packaged repository (catalog metadata only),QUARANTINED_UNVERIFIED_ARTIFACT,Download original PDF/HTML from source URL and verify SHA-256,True
EVT-IMCA-2186,International Marine Contractors Association (IMCA),SRC-IMCA-2186,https://www.imca-int.com/resources/safety/safety-flashes/1103-fire-inside-falcom-steamer/,Missing physical document artifact in packaged repository (catalog metadata only),QUARANTINED_UNVERIFIED_ARTIFACT,Download original PDF/HTML from source URL and verify SHA-256,True
EVT-IMCA-2187,International Marine Contractors Association (IMCA),SRC-IMCA-2187,https://www.imca-int.com/resources/safety/safety-flashes/1103-loss-of-mooring-chain-to-fpso/,Missing physical document artifact in packaged repository (catalog metadata only),QUARANTINED_UNVERIFIED_ARTIFACT,Download original PDF/HTML from source URL and verify SHA-256,True
EVT-IMCA-2188,International Marine Contractors Association (IMCA),SRC-IMCA-2188,https://www.imca-int.com/resources/safety/safety-flashes/1103-filtration-materials/,Missing physical document artifact in packaged repository (catalog metadata only),QUARANTINED_UNVERIFIED_ARTIFACT,Download original PDF/HTML from source URL and verify SHA-256,True
EVT-IMCA-2189,International Marine Contractors Association (IMCA),SRC-IMCA-2189,https://www.imca-int.com/resources/safety/safety-flashes/1103-follow-up-to-toxic-gas-emission-from-transponder-lithium-batteries/,Missing physical document artifact in packaged repository (catalog metadata only),QUARANTINED_UNVERIFIED_ARTIFACT,Download original PDF/HTML from source URL and verify SHA-256,True
EVT-IMCA-2190,International Marine Contractors Association (IMCA),SRC-IMCA-2190,https://www.imca-int.com/resources/safety/safety-flashes/1003-near-miss-modification-of-machinery/,Missing physical document artifact in packaged repository (catalog metadata only),QUARANTINED_UNVERIFIED_ARTIFACT,Download original PDF/HTML from source URL and verify SHA-256,True
EVT-IMCA-2191,International Marine Contractors Association (IMCA),SRC-IMCA-2191,https://www.imca-int.com/resources/safety/safety-flashes/1003-fatality-fall-from-height-arising-from-a-failure-to-use-personal-protective-equipment/,Missing physical document artifact in packaged repository (catalog metadata only),QUARANTINED_UNVERIFIED_ARTIFACT,Download original PDF/HTML from source URL and verify SHA-256,True
EVT-IMCA-2192,International Marine Contractors Association (IMCA),SRC-IMCA-2192,https://www.imca-int.com/resources/safety/safety-flashes/1003-diver-fatality-underwater-explosion/,Missing physical document artifact in packaged repository (catalog metadata only),QUARANTINED_UNVERIFIED_ARTIFACT,Download original PDF/HTML from source URL and verify SHA-256,True
EVT-IMCA-2193,International Marine Contractors Association (IMCA),SRC-IMCA-2193,https://www.imca-int.com/resources/safety/safety-flashes/1003-incident-involving-a-crane-boom/,Missing physical document artifact in packaged repository (catalog metadata only),QUARANTINED_UNVERIFIED_ARTIFACT,Download original PDF/HTML from source URL and verify SHA-256,True
EVT-IMCA-2194,International Marine Contractors Association (IMCA),SRC-IMCA-2194,https://www.imca-int.com/resources/safety/safety-flashes/0903-use-of-rags-potential-puncture-wound/,Missing physical document artifact in packaged repository (catalog metadata only),QUARANTINED_UNVERIFIED_ARTIFACT,Download original PDF/HTML from source URL and verify SHA-256,True
EVT-IMCA-2195,International Marine Contractors Association (IMCA),SRC-IMCA-2195,https://www.imca-int.com/resources/safety/safety-flashes/0903-working-with-hoses-and-pressure/,Missing physical document artifact in packaged repository (catalog metadata only),QUARANTINED_UNVERIFIED_ARTIFACT,Download original PDF/HTML from source URL and verify SHA-256,True
EVT-IMCA-2196,International Marine Contractors Association (IMCA),SRC-IMCA-2196,https://www.imca-int.com/resources/safety/safety-flashes/0903-slips-trips-and-falls-resulting-from-loose-cables-and-hoses-on-walkways/,Missing physical document artifact in packaged repository (catalog metadata only),QUARANTINED_UNVERIFIED_ARTIFACT,Download original PDF/HTML from source URL and verify SHA-256,True
EVT-IMCA-2197,International Marine Contractors Association (IMCA),SRC-IMCA-2197,https://www.imca-int.com/resources/safety/safety-flashes/0903-respiratory-equipment/,Missing physical document artifact in packaged repository (catalog metadata only),QUARANTINED_UNVERIFIED_ARTIFACT,Download original PDF/HTML from source URL and verify SHA-256,True
EVT-IMCA-2198,International Marine Contractors Association (IMCA),SRC-IMCA-2198,https://www.imca-int.com/resources/safety/safety-flashes/0903-machine-guarding/,Missing physical document artifact in packaged repository (catalog metadata only),QUARANTINED_UNVERIFIED_ARTIFACT,Download original PDF/HTML from source URL and verify SHA-256,True
EVT-IMCA-2199,International Marine Contractors Association (IMCA),SRC-IMCA-2199,https://www.imca-int.com/resources/safety/safety-flashes/0903-dangers-when-mooring-and-unmooring/,Missing physical document artifact in packaged repository (catalog metadata only),QUARANTINED_UNVERIFIED_ARTIFACT,Download original PDF/HTML from source URL and verify SHA-256,True
EVT-IMCA-2200,International Marine Contractors Association (IMCA),SRC-IMCA-2200,https://www.imca-int.com/resources/safety/safety-flashes/0903-electrical-safety/,Missing physical document artifact in packaged repository (catalog metadata only),QUARANTINED_UNVERIFIED_ARTIFACT,Download original PDF/HTML from source URL and verify SHA-256,True
EVT-IMCA-2201,International Marine Contractors Association (IMCA),SRC-IMCA-2201,https://www.imca-int.com/resources/safety/safety-flashes/0903-care-using-hand-tools/,Missing physical document artifact in packaged repository (catalog metadata only),QUARANTINED_UNVERIFIED_ARTIFACT,Download original PDF/HTML from source URL and verify SHA-256,True
EVT-IMCA-2202,International Marine Contractors Association (IMCA),SRC-IMCA-2202,https://www.imca-int.com/resources/safety/safety-flashes/0803-container-door-hinges-failure-container-door-fell-on-deck/,Missing physical document artifact in packaged repository (catalog metadata only),QUARANTINED_UNVERIFIED_ARTIFACT,Download original PDF/HTML from source URL and verify SHA-256,True
EVT-IMCA-2203,International Marine Contractors Association (IMCA),SRC-IMCA-2203,https://www.imca-int.com/resources/safety/safety-flashes/0803-fatality-pressure-build-up-leading-to-sudden-release-of-mechanical-plug/,Missing physical document artifact in packaged repository (catalog metadata only),QUARANTINED_UNVERIFIED_ARTIFACT,Download original PDF/HTML from source URL and verify SHA-256,True
EVT-IMCA-2204,International Marine Contractors Association (IMCA),SRC-IMCA-2204,https://www.imca-int.com/resources/safety/safety-flashes/0803-attempted-service-to-microwave-results-in-fatal-electrocution/,Missing physical document artifact in packaged repository (catalog metadata only),QUARANTINED_UNVERIFIED_ARTIFACT,Download original PDF/HTML from source URL and verify SHA-256,True
EVT-IMCA-2205,International Marine Contractors Association (IMCA),SRC-IMCA-2205,https://www.imca-int.com/resources/safety/safety-flashes/0803-cracked-fuel-line-results-in-an-engine-fire/,Missing physical document artifact in packaged repository (catalog metadata only),QUARANTINED_UNVERIFIED_ARTIFACT,Download original PDF/HTML from source URL and verify SHA-256,True
EVT-IMCA-2206,International Marine Contractors Association (IMCA),SRC-IMCA-2206,https://www.imca-int.com/resources/safety/safety-flashes/0803-exposure-to-co2-release-from-dry-ice-storage/,Missing physical document artifact in packaged repository (catalog metadata only),QUARANTINED_UNVERIFIED_ARTIFACT,Download original PDF/HTML from source URL and verify SHA-256,True
EVT-IMCA-2207,International Marine Contractors Association (IMCA),SRC-IMCA-2207,https://www.imca-int.com/resources/safety/safety-flashes/0803-lifeboat-davit-sheave-incident/,Missing physical document artifact in packaged repository (catalog metadata only),QUARANTINED_UNVERIFIED_ARTIFACT,Download original PDF/HTML from source URL and verify SHA-256,True
EVT-IMCA-2208,International Marine Contractors Association (IMCA),SRC-IMCA-2208,https://www.imca-int.com/resources/safety/safety-flashes/0703-webbing-strop-failure-during-transponder-recovery/,Missing physical document artifact in packaged repository (catalog metadata only),QUARANTINED_UNVERIFIED_ARTIFACT,Download original PDF/HTML from source URL and verify SHA-256,True
EVT-IMCA-2209,International Marine Contractors Association (IMCA),SRC-IMCA-2209,https://www.imca-int.com/resources/safety/safety-flashes/0703-defective-hammer-shaft/,Missing physical document artifact in packaged repository (catalog metadata only),QUARANTINED_UNVERIFIED_ARTIFACT,Download original PDF/HTML from source URL and verify SHA-256,True
EVT-IMCA-2210,International Marine Contractors Association (IMCA),SRC-IMCA-2210,https://www.imca-int.com/resources/safety/safety-flashes/0703-fatality-fall-from-suspended-work-platform/,Missing physical document artifact in packaged repository (catalog metadata only),QUARANTINED_UNVERIFIED_ARTIFACT,Download original PDF/HTML from source URL and verify SHA-256,True
EVT-IMCA-2211,International Marine Contractors Association (IMCA),SRC-IMCA-2211,https://www.imca-int.com/resources/safety/safety-flashes/0703-fire-incidents/,Missing physical document artifact in packaged repository (catalog metadata only),QUARANTINED_UNVERIFIED_ARTIFACT,Download original PDF/HTML from source URL and verify SHA-256,True
EVT-IMCA-2212,International Marine Contractors Association (IMCA),SRC-IMCA-2212,https://www.imca-int.com/resources/safety/safety-flashes/0603-tagline-incident/,Missing physical document artifact in packaged repository (catalog metadata only),QUARANTINED_UNVERIFIED_ARTIFACT,Download original PDF/HTML from source URL and verify SHA-256,True
EVT-IMCA-2213,International Marine Contractors Association (IMCA),SRC-IMCA-2213,https://www.imca-int.com/resources/safety/safety-flashes/0603-inflatable-lifejackets-fail-to-inflate/,Missing physical document artifact in packaged repository (catalog metadata only),QUARANTINED_UNVERIFIED_ARTIFACT,Download original PDF/HTML from source URL and verify SHA-256,True
EVT-IMCA-2214,International Marine Contractors Association (IMCA),SRC-IMCA-2214,https://www.imca-int.com/resources/safety/safety-flashes/0603-sars/,Missing physical document artifact in packaged repository (catalog metadata only),QUARANTINED_UNVERIFIED_ARTIFACT,Download original PDF/HTML from source URL and verify SHA-256,True
EVT-IMCA-2215,International Marine Contractors Association (IMCA),SRC-IMCA-2215,https://www.imca-int.com/resources/safety/safety-flashes/0603-positioning-of-emergency-positioning-indicating-radio-beacon/,Missing physical document artifact in packaged repository (catalog metadata only),QUARANTINED_UNVERIFIED_ARTIFACT,Download original PDF/HTML from source URL and verify SHA-256,True
EVT-IMCA-2216,International Marine Contractors Association (IMCA),SRC-IMCA-2216,https://www.imca-int.com/resources/safety/safety-flashes/0603-mugging-and-robbery/,Missing physical document artifact in packaged repository (catalog metadata only),QUARANTINED_UNVERIFIED_ARTIFACT,Download original PDF/HTML from source URL and verify SHA-256,True
EVT-IMCA-2217,International Marine Contractors Association (IMCA),SRC-IMCA-2217,https://www.imca-int.com/resources/safety/safety-flashes/0603-fatality-injury-from-an-air-hose/,Missing physical document artifact in packaged repository (catalog metadata only),QUARANTINED_UNVERIFIED_ARTIFACT,Download original PDF/HTML from source URL and verify SHA-256,True
EVT-IMCA-2218,International Marine Contractors Association (IMCA),SRC-IMCA-2218,https://www.imca-int.com/resources/safety/safety-flashes/0503-fall-hazards-associated-with-temporary-deck-openings/,Missing physical document artifact in packaged repository (catalog metadata only),QUARANTINED_UNVERIFIED_ARTIFACT,Download original PDF/HTML from source URL and verify SHA-256,True
EVT-IMCA-2219,International Marine Contractors Association (IMCA),SRC-IMCA-2219,https://www.imca-int.com/resources/safety/safety-flashes/0503-fatality-during-cable-pulling-operations/,Missing physical document artifact in packaged repository (catalog metadata only),QUARANTINED_UNVERIFIED_ARTIFACT,Download original PDF/HTML from source URL and verify SHA-256,True
EVT-IMCA-2220,International Marine Contractors Association (IMCA),SRC-IMCA-2220,https://www.imca-int.com/resources/safety/safety-flashes/0503-jet-pump-incidents/,Missing physical document artifact in packaged repository (catalog metadata only),QUARANTINED_UNVERIFIED_ARTIFACT,Download original PDF/HTML from source URL and verify SHA-256,True
EVT-IMCA-2221,International Marine Contractors Association (IMCA),SRC-IMCA-2221,https://www.imca-int.com/resources/safety/safety-flashes/0503-thumb-cut-removal-of-guardingsafety-observation/,Missing physical document artifact in packaged repository (catalog metadata only),QUARANTINED_UNVERIFIED_ARTIFACT,Download original PDF/HTML from source URL and verify SHA-256,True
EVT-IMCA-2222,International Marine Contractors Association (IMCA),SRC-IMCA-2222,https://www.imca-int.com/resources/safety/safety-flashes/0503-trapping-incident-related-to-mooring-system/,Missing physical document artifact in packaged repository (catalog metadata only),QUARANTINED_UNVERIFIED_ARTIFACT,Download original PDF/HTML from source URL and verify SHA-256,True
EVT-IMCA-2223,International Marine Contractors Association (IMCA),SRC-IMCA-2223,https://www.imca-int.com/resources/safety/safety-flashes/0503-potential-for-fire-from-misuse-of-a-coffee-thermos/,Missing physical document artifact in packaged repository (catalog metadata only),QUARANTINED_UNVERIFIED_ARTIFACT,Download original PDF/HTML from source URL and verify SHA-256,True
EVT-IMCA-2224,International Marine Contractors Association (IMCA),SRC-IMCA-2224,https://www.imca-int.com/resources/safety/safety-flashes/0503-robbery-at-gunpoint/,Missing physical document artifact in packaged repository (catalog metadata only),QUARANTINED_UNVERIFIED_ARTIFACT,Download original PDF/HTML from source URL and verify SHA-256,True
EVT-IMCA-2225,International Marine Contractors Association (IMCA),SRC-IMCA-2225,https://www.imca-int.com/resources/safety/safety-flashes/0503-incident-during-winch-to-winch-wire-transfer-operations/,Missing physical document artifact in packaged repository (catalog metadata only),QUARANTINED_UNVERIFIED_ARTIFACT,Download original PDF/HTML from source URL and verify SHA-256,True
EVT-IMCA-2226,International Marine Contractors Association (IMCA),SRC-IMCA-2226,https://www.imca-int.com/resources/safety/safety-flashes/0503-slip-on-stairs/,Missing physical document artifact in packaged repository (catalog metadata only),QUARANTINED_UNVERIFIED_ARTIFACT,Download original PDF/HTML from source URL and verify SHA-256,True
EVT-IMCA-2227,International Marine Contractors Association (IMCA),SRC-IMCA-2227,https://www.imca-int.com/resources/safety/safety-flashes/0403-diving-fatality/,Missing physical document artifact in packaged repository (catalog metadata only),QUARANTINED_UNVERIFIED_ARTIFACT,Download original PDF/HTML from source URL and verify SHA-256,True
EVT-IMCA-2228,International Marine Contractors Association (IMCA),SRC-IMCA-2228,https://www.imca-int.com/resources/safety/safety-flashes/0303-security-of-shipping-in-the-mediterranean-and-middle-east/,Missing physical document artifact in packaged repository (catalog metadata only),QUARANTINED_UNVERIFIED_ARTIFACT,Download original PDF/HTML from source URL and verify SHA-256,True
EVT-IMCA-2229,International Marine Contractors Association (IMCA),SRC-IMCA-2229,https://www.imca-int.com/resources/safety/safety-flashes/0303-incident-during-core-drilling-operation/,Missing physical document artifact in packaged repository (catalog metadata only),QUARANTINED_UNVERIFIED_ARTIFACT,Download original PDF/HTML from source URL and verify SHA-256,True
EVT-IMCA-2230,International Marine Contractors Association (IMCA),SRC-IMCA-2230,https://www.imca-int.com/resources/safety/safety-flashes/0303-near-miss-involving-oxy-acetylene-cutting-of-plate/,Missing physical document artifact in packaged repository (catalog metadata only),QUARANTINED_UNVERIFIED_ARTIFACT,Download original PDF/HTML from source URL and verify SHA-256,True
EVT-IMCA-2231,International Marine Contractors Association (IMCA),SRC-IMCA-2231,https://www.imca-int.com/resources/safety/safety-flashes/0303-fatality-fall-from-rig-of-a-container/,Missing physical document artifact in packaged repository (catalog metadata only),QUARANTINED_UNVERIFIED_ARTIFACT,Download original PDF/HTML from source URL and verify SHA-256,True
EVT-IMCA-2232,International Marine Contractors Association (IMCA),SRC-IMCA-2232,https://www.imca-int.com/resources/safety/safety-flashes/0303-fatality-during-diving-operation/,Missing physical document artifact in packaged repository (catalog metadata only),QUARANTINED_UNVERIFIED_ARTIFACT,Download original PDF/HTML from source URL and verify SHA-256,True
EVT-IMCA-2233,International Marine Contractors Association (IMCA),SRC-IMCA-2233,https://www.imca-int.com/resources/safety/safety-flashes/0303-serious-crane-incident/,Missing physical document artifact in packaged repository (catalog metadata only),QUARANTINED_UNVERIFIED_ARTIFACT,Download original PDF/HTML from source URL and verify SHA-256,True
EVT-IMCA-2234,International Marine Contractors Association (IMCA),SRC-IMCA-2234,https://www.imca-int.com/resources/safety/safety-flashes/0303-fatality-trapping-in-machinery/,Missing physical document artifact in packaged repository (catalog metadata only),QUARANTINED_UNVERIFIED_ARTIFACT,Download original PDF/HTML from source URL and verify SHA-256,True
EVT-IMCA-2235,International Marine Contractors Association (IMCA),SRC-IMCA-2235,https://www.imca-int.com/resources/safety/safety-flashes/0303-incidents-submitted-to-imo-relating-to-vessels-carrying-smcs/,Missing physical document artifact in packaged repository (catalog metadata only),QUARANTINED_UNVERIFIED_ARTIFACT,Download original PDF/HTML from source URL and verify SHA-256,True
EVT-IMCA-2236,International Marine Contractors Association (IMCA),SRC-IMCA-2236,https://www.imca-int.com/resources/safety/safety-flashes/0303-fatality-and-serious-injuries-during-heavy-lift-operation/,Missing physical document artifact in packaged repository (catalog metadata only),QUARANTINED_UNVERIFIED_ARTIFACT,Download original PDF/HTML from source URL and verify SHA-256,True
EVT-IMCA-2237,International Marine Contractors Association (IMCA),SRC-IMCA-2237,https://www.imca-int.com/resources/safety/safety-flashes/0203-incidents-involving-accommodation-ladders/,Missing physical document artifact in packaged repository (catalog metadata only),QUARANTINED_UNVERIFIED_ARTIFACT,Download original PDF/HTML from source URL and verify SHA-256,True
EVT-IMCA-2238,International Marine Contractors Association (IMCA),SRC-IMCA-2238,https://www.imca-int.com/resources/safety/safety-flashes/0203-incident-during-lift-bag-operations/,Missing physical document artifact in packaged repository (catalog metadata only),QUARANTINED_UNVERIFIED_ARTIFACT,Download original PDF/HTML from source URL and verify SHA-256,True
EVT-IMCA-2239,International Marine Contractors Association (IMCA),SRC-IMCA-2239,https://www.imca-int.com/resources/safety/safety-flashes/0203-fatality-results-from-failure-of-ship-s-mooring-fittings-and-supporting-structure/,Missing physical document artifact in packaged repository (catalog metadata only),QUARANTINED_UNVERIFIED_ARTIFACT,Download original PDF/HTML from source URL and verify SHA-256,True
EVT-IMCA-2240,International Marine Contractors Association (IMCA),SRC-IMCA-2240,https://www.imca-int.com/resources/safety/safety-flashes/0203-fatality-results-from-incorrect-handling-of-equipment/,Missing physical document artifact in packaged repository (catalog metadata only),QUARANTINED_UNVERIFIED_ARTIFACT,Download original PDF/HTML from source URL and verify SHA-256,True
EVT-IMCA-2242,International Marine Contractors Association (IMCA),SRC-IMCA-2242,https://www.imca-int.com/resources/safety/safety-flashes/0203-penetration-injury-to-eye-during-blending-repair-weld/,Missing physical document artifact in packaged repository (catalog metadata only),QUARANTINED_UNVERIFIED_ARTIFACT,Download original PDF/HTML from source URL and verify SHA-256,True
EVT-IMCA-2243,International Marine Contractors Association (IMCA),SRC-IMCA-2243,https://www.imca-int.com/resources/safety/safety-flashes/0203-injury-involving-contact-with-a-vehicle-battery/,Missing physical document artifact in packaged repository (catalog metadata only),QUARANTINED_UNVERIFIED_ARTIFACT,Download original PDF/HTML from source URL and verify SHA-256,True
EVT-IMCA-2245,International Marine Contractors Association (IMCA),SRC-IMCA-2245,https://www.imca-int.com/resources/safety/safety-flashes/0103-near-miss-involving-winch-failure/,Missing physical document artifact in packaged repository (catalog metadata only),QUARANTINED_UNVERIFIED_ARTIFACT,Download original PDF/HTML from source URL and verify SHA-256,True
EVT-IMCA-2246,International Marine Contractors Association (IMCA),SRC-IMCA-2246,https://www.imca-int.com/resources/safety/safety-flashes/0103-punctured-aerosol-results-in-chemical-burns/,Missing physical document artifact in packaged repository (catalog metadata only),QUARANTINED_UNVERIFIED_ARTIFACT,Download original PDF/HTML from source URL and verify SHA-256,True
EVT-IMCA-2247,International Marine Contractors Association (IMCA),SRC-IMCA-2247,https://www.imca-int.com/resources/safety/safety-flashes/0103-fatality-during-helicopter-escape-training/,Missing physical document artifact in packaged repository (catalog metadata only),QUARANTINED_UNVERIFIED_ARTIFACT,Download original PDF/HTML from source URL and verify SHA-256,True
EVT-IMCA-2248,International Marine Contractors Association (IMCA),SRC-IMCA-2248,https://www.imca-int.com/resources/safety/safety-flashes/0103-engine-start-air-fitting-incident/,Missing physical document artifact in packaged repository (catalog metadata only),QUARANTINED_UNVERIFIED_ARTIFACT,Download original PDF/HTML from source URL and verify SHA-256,True
EVT-IMCA-2249,International Marine Contractors Association (IMCA),SRC-IMCA-2249,https://www.imca-int.com/resources/safety/safety-flashes/0103-wind-sensors-showing-incorrect-readings/,Missing physical document artifact in packaged repository (catalog metadata only),QUARANTINED_UNVERIFIED_ARTIFACT,Download original PDF/HTML from source URL and verify SHA-256,True
EVT-IMCA-2250,International Marine Contractors Association (IMCA),SRC-IMCA-2250,https://www.imca-int.com/resources/safety/safety-flashes/0103-diving-fatality/,Missing physical document artifact in packaged repository (catalog metadata only),QUARANTINED_UNVERIFIED_ARTIFACT,Download original PDF/HTML from source URL and verify SHA-256,True
EVT-IMCA-2251,International Marine Contractors Association (IMCA),SRC-IMCA-2251,https://www.imca-int.com/resources/safety/safety-flashes/1813-fatality-during-lifting-operations-2002/,Missing physical document artifact in packaged repository (catalog metadata only),QUARANTINED_UNVERIFIED_ARTIFACT,Download original PDF/HTML from source URL and verify SHA-256,True
EVT-IMCA-2252,International Marine Contractors Association (IMCA),SRC-IMCA-2252,https://www.imca-int.com/resources/safety/safety-flashes/1102-failure-during-lift-bag-operations/,Missing physical document artifact in packaged repository (catalog metadata only),QUARANTINED_UNVERIFIED_ARTIFACT,Download original PDF/HTML from source URL and verify SHA-256,True
EVT-IMCA-2253,International Marine Contractors Association (IMCA),SRC-IMCA-2253,https://www.imca-int.com/resources/safety/safety-flashes/1102-fatality-during-lifting-operations/,Missing physical document artifact in packaged repository (catalog metadata only),QUARANTINED_UNVERIFIED_ARTIFACT,Download original PDF/HTML from source URL and verify SHA-256,True
EVT-IMCA-2254,International Marine Contractors Association (IMCA),SRC-IMCA-2254,https://www.imca-int.com/resources/safety/safety-flashes/1102-filter-failure-in-diver-gas-reclaims-boosters/,Missing physical document artifact in packaged repository (catalog metadata only),QUARANTINED_UNVERIFIED_ARTIFACT,Download original PDF/HTML from source URL and verify SHA-256,True
EVT-IMCA-2255,International Marine Contractors Association (IMCA),SRC-IMCA-2255,https://www.imca-int.com/resources/safety/safety-flashes/1102-epirb-antenna-failures/,Missing physical document artifact in packaged repository (catalog metadata only),QUARANTINED_UNVERIFIED_ARTIFACT,Download original PDF/HTML from source URL and verify SHA-256,True
EVT-IMCA-2256,International Marine Contractors Association (IMCA),SRC-IMCA-2256,https://www.imca-int.com/resources/safety/safety-flashes/1102-saturn-engine-safety-notice/,Missing physical document artifact in packaged repository (catalog metadata only),QUARANTINED_UNVERIFIED_ARTIFACT,Download original PDF/HTML from source URL and verify SHA-256,True
EVT-IMCA-2257,International Marine Contractors Association (IMCA),SRC-IMCA-2257,https://www.imca-int.com/resources/safety/safety-flashes/1002-pipe-stacking-fatality/,Missing physical document artifact in packaged repository (catalog metadata only),QUARANTINED_UNVERIFIED_ARTIFACT,Download original PDF/HTML from source URL and verify SHA-256,True
EVT-IMCA-2258,International Marine Contractors Association (IMCA),SRC-IMCA-2258,https://www.imca-int.com/resources/safety/safety-flashes/1002-dangers-from-insecure-crane-loads/,Missing physical document artifact in packaged repository (catalog metadata only),QUARANTINED_UNVERIFIED_ARTIFACT,Download original PDF/HTML from source URL and verify SHA-256,True
EVT-IMCA-2259,International Marine Contractors Association (IMCA),SRC-IMCA-2259,https://www.imca-int.com/resources/safety/safety-flashes/1002-securing-of-office-equipment-on-vessels/,Missing physical document artifact in packaged repository (catalog metadata only),QUARANTINED_UNVERIFIED_ARTIFACT,Download original PDF/HTML from source URL and verify SHA-256,True
EVT-IMCA-2260,International Marine Contractors Association (IMCA),SRC-IMCA-2260,https://www.imca-int.com/resources/safety/safety-flashes/1002-near-miss-broken-high-pressure-oxygen-fitting/,Missing physical document artifact in packaged repository (catalog metadata only),QUARANTINED_UNVERIFIED_ARTIFACT,Download original PDF/HTML from source URL and verify SHA-256,True
EVT-IMCA-2261,International Marine Contractors Association (IMCA),SRC-IMCA-2261,https://www.imca-int.com/resources/safety/safety-flashes/0902-failure-of-bail-out-regulator/,Missing physical document artifact in packaged repository (catalog metadata only),QUARANTINED_UNVERIFIED_ARTIFACT,Download original PDF/HTML from source URL and verify SHA-256,True
EVT-IMCA-2262,International Marine Contractors Association (IMCA),SRC-IMCA-2262,https://www.imca-int.com/resources/safety/safety-flashes/0902-loss-of-a-vessel/,Missing physical document artifact in packaged repository (catalog metadata only),QUARANTINED_UNVERIFIED_ARTIFACT,Download original PDF/HTML from source URL and verify SHA-256,True
EVT-IMCA-2263,International Marine Contractors Association (IMCA),SRC-IMCA-2263,https://www.imca-int.com/resources/safety/safety-flashes/0802-update-on-dsi-air-helmets-leakage-of-water-into-regulator/,Missing physical document artifact in packaged repository (catalog metadata only),QUARANTINED_UNVERIFIED_ARTIFACT,Download original PDF/HTML from source URL and verify SHA-256,True
EVT-IMCA-2264,International Marine Contractors Association (IMCA),SRC-IMCA-2264,https://www.imca-int.com/resources/safety/safety-flashes/0702-power-management-system-dynamic-positioning-dp-incident/,Missing physical document artifact in packaged repository (catalog metadata only),QUARANTINED_UNVERIFIED_ARTIFACT,Download original PDF/HTML from source URL and verify SHA-256,True
EVT-IMCA-2265,International Marine Contractors Association (IMCA),SRC-IMCA-2265,https://www.imca-int.com/resources/safety/safety-flashes/0602-dynamic-positioning-dp-vessel-blackout/,Missing physical document artifact in packaged repository (catalog metadata only),QUARANTINED_UNVERIFIED_ARTIFACT,Download original PDF/HTML from source URL and verify SHA-256,True
EVT-IMCA-2266,International Marine Contractors Association (IMCA),SRC-IMCA-2266,https://www.imca-int.com/resources/safety/safety-flashes/0502-failure-of-lifeboat-lowering-mechanism/,Missing physical document artifact in packaged repository (catalog metadata only),QUARANTINED_UNVERIFIED_ARTIFACT,Download original PDF/HTML from source URL and verify SHA-256,True
EVT-IMCA-2267,International Marine Contractors Association (IMCA),SRC-IMCA-2267,https://www.imca-int.com/resources/safety/safety-flashes/0502-warning-signs-not-respected/,Missing physical document artifact in packaged repository (catalog metadata only),QUARANTINED_UNVERIFIED_ARTIFACT,Download original PDF/HTML from source URL and verify SHA-256,True
EVT-IMCA-2268,International Marine Contractors Association (IMCA),SRC-IMCA-2268,https://www.imca-int.com/resources/safety/safety-flashes/0502-faulty-bevel-machine-trolley/,Missing physical document artifact in packaged repository (catalog metadata only),QUARANTINED_UNVERIFIED_ARTIFACT,Download original PDF/HTML from source URL and verify SHA-256,True
EVT-IMCA-2269,International Marine Contractors Association (IMCA),SRC-IMCA-2269,https://www.imca-int.com/resources/safety/safety-flashes/0502-lifting-operation-incident/,Missing physical document artifact in packaged repository (catalog metadata only),QUARANTINED_UNVERIFIED_ARTIFACT,Download original PDF/HTML from source URL and verify SHA-256,True
EVT-IMCA-2270,International Marine Contractors Association (IMCA),SRC-IMCA-2270,https://www.imca-int.com/resources/safety/safety-flashes/0502-corrosion-pitting-on-bailout-cylinder/,Missing physical document artifact in packaged repository (catalog metadata only),QUARANTINED_UNVERIFIED_ARTIFACT,Download original PDF/HTML from source URL and verify SHA-256,True
EVT-IMCA-2271,International Marine Contractors Association (IMCA),SRC-IMCA-2271,https://www.imca-int.com/resources/safety/safety-flashes/0502-toxic-gas-emission-from-transponder/,Missing physical document artifact in packaged repository (catalog metadata only),QUARANTINED_UNVERIFIED_ARTIFACT,Download original PDF/HTML from source URL and verify SHA-256,True
EVT-IMCA-2272,International Marine Contractors Association (IMCA),SRC-IMCA-2272,https://www.imca-int.com/resources/safety/safety-flashes/0402-dsi-air-helmets-leakage-of-water-into-regulator/,Missing physical document artifact in packaged repository (catalog metadata only),QUARANTINED_UNVERIFIED_ARTIFACT,Download original PDF/HTML from source URL and verify SHA-256,True
EVT-IMCA-2273,International Marine Contractors Association (IMCA),SRC-IMCA-2273,https://www.imca-int.com/resources/safety/safety-flashes/0302-guidewire-anchor-failure/,Missing physical document artifact in packaged repository (catalog metadata only),QUARANTINED_UNVERIFIED_ARTIFACT,Download original PDF/HTML from source URL and verify SHA-256,True
EVT-IMCA-2274,International Marine Contractors Association (IMCA),SRC-IMCA-2274,https://www.imca-int.com/resources/safety/safety-flashes/0302-caution-advised-on-cellphone-use-due-to-ignition-fears/,Missing physical document artifact in packaged repository (catalog metadata only),QUARANTINED_UNVERIFIED_ARTIFACT,Download original PDF/HTML from source URL and verify SHA-256,True
EVT-IMCA-2275,International Marine Contractors Association (IMCA),SRC-IMCA-2275,https://www.imca-int.com/resources/safety/safety-flashes/0302-explosion-of-hose-ball-valve-assembly/,Missing physical document artifact in packaged repository (catalog metadata only),QUARANTINED_UNVERIFIED_ARTIFACT,Download original PDF/HTML from source URL and verify SHA-256,True
EVT-IMCA-2276,International Marine Contractors Association (IMCA),SRC-IMCA-2276,https://www.imca-int.com/resources/safety/safety-flashes/0302-improper-use-of-lifting-equipment/,Missing physical document artifact in packaged repository (catalog metadata only),QUARANTINED_UNVERIFIED_ARTIFACT,Download original PDF/HTML from source URL and verify SHA-256,True
EVT-IMCA-2277,International Marine Contractors Association (IMCA),SRC-IMCA-2277,https://www.imca-int.com/resources/safety/safety-flashes/0202-helideck-operations/,Missing physical document artifact in packaged repository (catalog metadata only),QUARANTINED_UNVERIFIED_ARTIFACT,Download original PDF/HTML from source URL and verify SHA-256,True
EVT-IMCA-2278,International Marine Contractors Association (IMCA),SRC-IMCA-2278,https://www.imca-int.com/resources/safety/safety-flashes/0202-incorrectly-supplied-diving-equipment/,Missing physical document artifact in packaged repository (catalog metadata only),QUARANTINED_UNVERIFIED_ARTIFACT,Download original PDF/HTML from source URL and verify SHA-256,True
EVT-IMCA-2279,International Marine Contractors Association (IMCA),SRC-IMCA-2279,https://www.imca-int.com/resources/safety/safety-flashes/0202-near-miss-incident-involving-insecure-load/,Missing physical document artifact in packaged repository (catalog metadata only),QUARANTINED_UNVERIFIED_ARTIFACT,Download original PDF/HTML from source URL and verify SHA-256,True
EVT-IMCA-2280,International Marine Contractors Association (IMCA),SRC-IMCA-2280,https://www.imca-int.com/resources/safety/safety-flashes/0102-aluminium-fresh-water-tanks-near-collapse-due-to-serious-corrosion/,Missing physical document artifact in packaged repository (catalog metadata only),QUARANTINED_UNVERIFIED_ARTIFACT,Download original PDF/HTML from source URL and verify SHA-256,True
EVT-IMCA-2281,International Marine Contractors Association (IMCA),SRC-IMCA-2281,https://www.imca-int.com/resources/safety/safety-flashes/0102-lacerated-wound-and-fracture-of-the-knee/,Missing physical document artifact in packaged repository (catalog metadata only),QUARANTINED_UNVERIFIED_ARTIFACT,Download original PDF/HTML from source URL and verify SHA-256,True
EVT-IMCA-2282,International Marine Contractors Association (IMCA),SRC-IMCA-2282,https://www.imca-int.com/resources/safety/safety-flashes/0102-dangers-of-battery-charging/,Missing physical document artifact in packaged repository (catalog metadata only),QUARANTINED_UNVERIFIED_ARTIFACT,Download original PDF/HTML from source URL and verify SHA-256,True
EVT-IMCA-2283,International Marine Contractors Association (IMCA),SRC-IMCA-2283,https://www.imca-int.com/resources/safety/safety-flashes/0102-drugs-tampering/,Missing physical document artifact in packaged repository (catalog metadata only),QUARANTINED_UNVERIFIED_ARTIFACT,Download original PDF/HTML from source URL and verify SHA-256,True
EVT-IMCA-2284,International Marine Contractors Association (IMCA),SRC-IMCA-2284,https://www.imca-int.com/resources/safety/safety-flashes/0102-ikaros-mob-mkii-smokelight-units-model-345105/,Missing physical document artifact in packaged repository (catalog metadata only),QUARANTINED_UNVERIFIED_ARTIFACT,Download original PDF/HTML from source URL and verify SHA-256,True
EVT-IMCA-2285,International Marine Contractors Association (IMCA),SRC-IMCA-2285,https://www.imca-int.com/resources/safety/safety-flashes/1301-retrieval-of-buoys/,Missing physical document artifact in packaged repository (catalog metadata only),QUARANTINED_UNVERIFIED_ARTIFACT,Download original PDF/HTML from source URL and verify SHA-256,True
EVT-IMCA-2286,International Marine Contractors Association (IMCA),SRC-IMCA-2286,https://www.imca-int.com/resources/safety/safety-flashes/1301-electrical-fire-in-engine-room/,Missing physical document artifact in packaged repository (catalog metadata only),QUARANTINED_UNVERIFIED_ARTIFACT,Download original PDF/HTML from source URL and verify SHA-256,True
EVT-IMCA-2287,International Marine Contractors Association (IMCA),SRC-IMCA-2287,https://www.imca-int.com/resources/safety/safety-flashes/1301-fatality-during-maintenance-of-elevator-lift/,Missing physical document artifact in packaged repository (catalog metadata only),QUARANTINED_UNVERIFIED_ARTIFACT,Download original PDF/HTML from source URL and verify SHA-256,True
EVT-IMCA-2288,International Marine Contractors Association (IMCA),SRC-IMCA-2288,https://www.imca-int.com/resources/safety/safety-flashes/1301-need-for-supplied-air-in-the-vicinity-of-man-way-during-nitrogen-purge/,Missing physical document artifact in packaged repository (catalog metadata only),QUARANTINED_UNVERIFIED_ARTIFACT,Download original PDF/HTML from source URL and verify SHA-256,True
EVT-IMCA-2289,International Marine Contractors Association (IMCA),SRC-IMCA-2289,https://www.imca-int.com/resources/safety/safety-flashes/1301-grit-hose-parting-near-miss-incident/,Missing physical document artifact in packaged repository (catalog metadata only),QUARANTINED_UNVERIFIED_ARTIFACT,Download original PDF/HTML from source URL and verify SHA-256,True
EVT-IMCA-2290,International Marine Contractors Association (IMCA),SRC-IMCA-2290,https://www.imca-int.com/resources/safety/safety-flashes/1301-improper-slinging-of-cargo/,Missing physical document artifact in packaged repository (catalog metadata only),QUARANTINED_UNVERIFIED_ARTIFACT,Download original PDF/HTML from source URL and verify SHA-256,True
EVT-IMCA-2291,International Marine Contractors Association (IMCA),SRC-IMCA-2291,https://www.imca-int.com/resources/safety/safety-flashes/1301-exploding-light-and-smoke-marker/,Missing physical document artifact in packaged repository (catalog metadata only),QUARANTINED_UNVERIFIED_ARTIFACT,Download original PDF/HTML from source URL and verify SHA-256,True
EVT-IMCA-2292,International Marine Contractors Association (IMCA),SRC-IMCA-2292,https://www.imca-int.com/resources/safety/safety-flashes/1301-fatality-involving-offshore-drilling-pipe-rack-flingers/,Missing physical document artifact in packaged repository (catalog metadata only),QUARANTINED_UNVERIFIED_ARTIFACT,Download original PDF/HTML from source URL and verify SHA-256,True
EVT-IMCA-2293,International Marine Contractors Association (IMCA),SRC-IMCA-2293,https://www.imca-int.com/resources/safety/safety-flashes/1301-winch-incident/,Missing physical document artifact in packaged repository (catalog metadata only),QUARANTINED_UNVERIFIED_ARTIFACT,Download original PDF/HTML from source URL and verify SHA-256,True
EVT-IMCA-2294,International Marine Contractors Association (IMCA),SRC-IMCA-2294,https://www.imca-int.com/resources/safety/safety-flashes/1301-msa-surety-sure-stop-shock-absorbers/,Missing physical document artifact in packaged repository (catalog metadata only),QUARANTINED_UNVERIFIED_ARTIFACT,Download original PDF/HTML from source URL and verify SHA-256,True
EVT-IMCA-2295,International Marine Contractors Association (IMCA),SRC-IMCA-2295,https://www.imca-int.com/resources/safety/safety-flashes/1201-dropped-object-risk/,Missing physical document artifact in packaged repository (catalog metadata only),QUARANTINED_UNVERIFIED_ARTIFACT,Download original PDF/HTML from source URL and verify SHA-256,True
EVT-IMCA-2296,International Marine Contractors Association (IMCA),SRC-IMCA-2296,https://www.imca-int.com/resources/safety/safety-flashes/1201-negative-pressure-injury-to-a-diver/,Missing physical document artifact in packaged repository (catalog metadata only),QUARANTINED_UNVERIFIED_ARTIFACT,Download original PDF/HTML from source URL and verify SHA-256,True
EVT-IMCA-2297,International Marine Contractors Association (IMCA),SRC-IMCA-2297,https://www.imca-int.com/resources/safety/safety-flashes/1201-serious-incident-while-checking-man-overboard-and-buoy-smoke-marker/,Missing physical document artifact in packaged repository (catalog metadata only),QUARANTINED_UNVERIFIED_ARTIFACT,Download original PDF/HTML from source URL and verify SHA-256,True
EVT-IMCA-2298,International Marine Contractors Association (IMCA),SRC-IMCA-2298,https://www.imca-int.com/resources/safety/safety-flashes/1201-incident-as-a-result-of-failure-of-a-bollard/,Missing physical document artifact in packaged repository (catalog metadata only),QUARANTINED_UNVERIFIED_ARTIFACT,Download original PDF/HTML from source URL and verify SHA-256,True
EVT-IMCA-2299,International Marine Contractors Association (IMCA),SRC-IMCA-2299,https://www.imca-int.com/resources/safety/safety-flashes/1201-failure-of-cable-socks-chinese-fingers-on-subsea-rigging/,Missing physical document artifact in packaged repository (catalog metadata only),QUARANTINED_UNVERIFIED_ARTIFACT,Download original PDF/HTML from source URL and verify SHA-256,True
EVT-IMCA-2300,International Marine Contractors Association (IMCA),SRC-IMCA-2300,https://www.imca-int.com/resources/safety/safety-flashes/1201-medical-device-recall-defibrillator/,Missing physical document artifact in packaged repository (catalog metadata only),QUARANTINED_UNVERIFIED_ARTIFACT,Download original PDF/HTML from source URL and verify SHA-256,True
EVT-IMCA-2301,International Marine Contractors Association (IMCA),SRC-IMCA-2301,https://www.imca-int.com/resources/safety/safety-flashes/1101-dead-man-anchor-supplied-unfit-for-purpose/,Missing physical document artifact in packaged repository (catalog metadata only),QUARANTINED_UNVERIFIED_ARTIFACT,Download original PDF/HTML from source URL and verify SHA-256,True
EVT-IMCA-2302,International Marine Contractors Association (IMCA),SRC-IMCA-2302,https://www.imca-int.com/resources/safety/safety-flashes/1101-vessel-and-port-security/,Missing physical document artifact in packaged repository (catalog metadata only),QUARANTINED_UNVERIFIED_ARTIFACT,Download original PDF/HTML from source URL and verify SHA-256,True
EVT-IMCA-2303,International Marine Contractors Association (IMCA),SRC-IMCA-2303,https://www.imca-int.com/resources/safety/safety-flashes/1101-near-miss-incident-lowering-concrete-mattress/,Missing physical document artifact in packaged repository (catalog metadata only),QUARANTINED_UNVERIFIED_ARTIFACT,Download original PDF/HTML from source URL and verify SHA-256,True
EVT-IMCA-2304,International Marine Contractors Association (IMCA),SRC-IMCA-2304,https://www.imca-int.com/resources/safety/safety-flashes/1101-insecure-crane-lighting/,Missing physical document artifact in packaged repository (catalog metadata only),QUARANTINED_UNVERIFIED_ARTIFACT,Download original PDF/HTML from source URL and verify SHA-256,True
EVT-IMCA-2305,International Marine Contractors Association (IMCA),SRC-IMCA-2305,https://www.imca-int.com/resources/safety/safety-flashes/1101-reaction-brackets-on-the-divex-sls-system-backpack/,Missing physical document artifact in packaged repository (catalog metadata only),QUARANTINED_UNVERIFIED_ARTIFACT,Download original PDF/HTML from source URL and verify SHA-256,True
EVT-IMCA-2306,International Marine Contractors Association (IMCA),SRC-IMCA-2306,https://www.imca-int.com/resources/safety/safety-flashes/1101-failure-of-rov-lift-umbilical-winch-brake-update/,Missing physical document artifact in packaged repository (catalog metadata only),QUARANTINED_UNVERIFIED_ARTIFACT,Download original PDF/HTML from source URL and verify SHA-256,True
EVT-IMCA-2307,International Marine Contractors Association (IMCA),SRC-IMCA-2307,https://www.imca-int.com/resources/safety/safety-flashes/1001-fire-extinguishers-potential-missingbroken-dip-tubes-on-hyfex-models/,Missing physical document artifact in packaged repository (catalog metadata only),QUARANTINED_UNVERIFIED_ARTIFACT,Download original PDF/HTML from source URL and verify SHA-256,True
EVT-IMCA-2309,International Marine Contractors Association (IMCA),SRC-IMCA-2309,https://www.imca-int.com/resources/safety/safety-flashes/0901-hazard-potential-from-equipment-using-enclosed-rechargeable-batteries/,Missing physical document artifact in packaged repository (catalog metadata only),QUARANTINED_UNVERIFIED_ARTIFACT,Download original PDF/HTML from source URL and verify SHA-256,True
EVT-IMCA-2310,International Marine Contractors Association (IMCA),SRC-IMCA-2310,https://www.imca-int.com/resources/safety/safety-flashes/0901-rov-winch-failure/,Missing physical document artifact in packaged repository (catalog metadata only),QUARANTINED_UNVERIFIED_ARTIFACT,Download original PDF/HTML from source URL and verify SHA-256,True
EVT-IMCA-2311,International Marine Contractors Association (IMCA),SRC-IMCA-2311,https://www.imca-int.com/resources/safety/safety-flashes/0901-failure-of-plastic-floatation-buoy/,Missing physical document artifact in packaged repository (catalog metadata only),QUARANTINED_UNVERIFIED_ARTIFACT,Download original PDF/HTML from source URL and verify SHA-256,True
EVT-IMCA-2312,International Marine Contractors Association (IMCA),SRC-IMCA-2312,https://www.imca-int.com/resources/safety/safety-flashes/0801-failure-of-rov-lift-umbilical-winch-brake/,Missing physical document artifact in packaged repository (catalog metadata only),QUARANTINED_UNVERIFIED_ARTIFACT,Download original PDF/HTML from source URL and verify SHA-256,True
EVT-IMCA-2313,International Marine Contractors Association (IMCA),SRC-IMCA-2313,https://www.imca-int.com/resources/safety/safety-flashes/0801-failure-of-winch-brake-on-air-diving-bell-system/,Missing physical document artifact in packaged repository (catalog metadata only),QUARANTINED_UNVERIFIED_ARTIFACT,Download original PDF/HTML from source URL and verify SHA-256,True
EVT-IMCA-2314,International Marine Contractors Association (IMCA),SRC-IMCA-2314,https://www.imca-int.com/resources/safety/safety-flashes/0801-incident-involving-oxy-acetylene-cutting/,Missing physical document artifact in packaged repository (catalog metadata only),QUARANTINED_UNVERIFIED_ARTIFACT,Download original PDF/HTML from source URL and verify SHA-256,True
EVT-IMCA-2315,International Marine Contractors Association (IMCA),SRC-IMCA-2315,https://www.imca-int.com/resources/safety/safety-flashes/0701-failure-of-a-shackle/,Missing physical document artifact in packaged repository (catalog metadata only),QUARANTINED_UNVERIFIED_ARTIFACT,Download original PDF/HTML from source URL and verify SHA-256,True
EVT-IMCA-2316,International Marine Contractors Association (IMCA),SRC-IMCA-2316,https://www.imca-int.com/resources/safety/safety-flashes/0701-dangerous-occurrence-involving-a-mobile-crane/,Missing physical document artifact in packaged repository (catalog metadata only),QUARANTINED_UNVERIFIED_ARTIFACT,Download original PDF/HTML from source URL and verify SHA-256,True
EVT-IMCA-2317,International Marine Contractors Association (IMCA),SRC-IMCA-2317,https://www.imca-int.com/resources/safety/safety-flashes/0701-explosion-caused-by-ignition-of-paint-vapour/,Missing physical document artifact in packaged repository (catalog metadata only),QUARANTINED_UNVERIFIED_ARTIFACT,Download original PDF/HTML from source URL and verify SHA-256,True
EVT-IMCA-2318,International Marine Contractors Association (IMCA),SRC-IMCA-2318,https://www.imca-int.com/resources/safety/safety-flashes/0701-grinding-stone-incident/,Missing physical document artifact in packaged repository (catalog metadata only),QUARANTINED_UNVERIFIED_ARTIFACT,Download original PDF/HTML from source URL and verify SHA-256,True
EVT-IMCA-2319,International Marine Contractors Association (IMCA),SRC-IMCA-2319,https://www.imca-int.com/resources/safety/safety-flashes/0701-oxy-arc-cutting/,Missing physical document artifact in packaged repository (catalog metadata only),QUARANTINED_UNVERIFIED_ARTIFACT,Download original PDF/HTML from source URL and verify SHA-256,True
EVT-IMCA-2320,International Marine Contractors Association (IMCA),SRC-IMCA-2320,https://www.imca-int.com/resources/safety/safety-flashes/0701-checking-of-safety-helmets/,Missing physical document artifact in packaged repository (catalog metadata only),QUARANTINED_UNVERIFIED_ARTIFACT,Download original PDF/HTML from source URL and verify SHA-256,True
EVT-IMCA-2321,International Marine Contractors Association (IMCA),SRC-IMCA-2321,https://www.imca-int.com/resources/safety/safety-flashes/0601-corrosion-of-band-securing-screw-on-diver-band-mask/,Missing physical document artifact in packaged repository (catalog metadata only),QUARANTINED_UNVERIFIED_ARTIFACT,Download original PDF/HTML from source URL and verify SHA-256,True
EVT-IMCA-2322,International Marine Contractors Association (IMCA),SRC-IMCA-2322,https://www.imca-int.com/resources/safety/safety-flashes/0601-fast-rescue-boats-zodiac/,Missing physical document artifact in packaged repository (catalog metadata only),QUARANTINED_UNVERIFIED_ARTIFACT,Download original PDF/HTML from source URL and verify SHA-256,True
EVT-IMCA-2323,International Marine Contractors Association (IMCA),SRC-IMCA-2323,https://www.imca-int.com/resources/safety/safety-flashes/0601-use-of-hand-held-disc-grinders/,Missing physical document artifact in packaged repository (catalog metadata only),QUARANTINED_UNVERIFIED_ARTIFACT,Download original PDF/HTML from source URL and verify SHA-256,True
EVT-IMCA-2324,International Marine Contractors Association (IMCA),SRC-IMCA-2324,https://www.imca-int.com/resources/safety/safety-flashes/0601-fork-lift-truck-operation/,Missing physical document artifact in packaged repository (catalog metadata only),QUARANTINED_UNVERIFIED_ARTIFACT,Download original PDF/HTML from source URL and verify SHA-256,True
EVT-IMCA-2325,International Marine Contractors Association (IMCA),SRC-IMCA-2325,https://www.imca-int.com/resources/safety/safety-flashes/0501-accidents-when-using-power-operated-watertight-doors/,Missing physical document artifact in packaged repository (catalog metadata only),QUARANTINED_UNVERIFIED_ARTIFACT,Download original PDF/HTML from source URL and verify SHA-256,True
EVT-IMCA-2327,International Marine Contractors Association (IMCA),SRC-IMCA-2327,https://www.imca-int.com/resources/safety/safety-flashes/0301-rov-personnel-injury/,Missing physical document artifact in packaged repository (catalog metadata only),QUARANTINED_UNVERIFIED_ARTIFACT,Download original PDF/HTML from source URL and verify SHA-256,True
EVT-IMCA-2328,International Marine Contractors Association (IMCA),SRC-IMCA-2328,https://www.imca-int.com/resources/safety/safety-flashes/0301-crane-incident/,Missing physical document artifact in packaged repository (catalog metadata only),QUARANTINED_UNVERIFIED_ARTIFACT,Download original PDF/HTML from source URL and verify SHA-256,True
EVT-IMCA-2329,International Marine Contractors Association (IMCA),SRC-IMCA-2329,https://www.imca-int.com/resources/safety/safety-flashes/0301-emergency-release-of-anchor-winches-by-means-of-stored-energy/,Missing physical document artifact in packaged repository (catalog metadata only),QUARANTINED_UNVERIFIED_ARTIFACT,Download original PDF/HTML from source URL and verify SHA-256,True
EVT-IMCA-2330,International Marine Contractors Association (IMCA),SRC-IMCA-2330,https://www.imca-int.com/resources/safety/safety-flashes/0301-leg-injuries-knee-injury-ankle-injury-1-ankle-injury-2/,Missing physical document artifact in packaged repository (catalog metadata only),QUARANTINED_UNVERIFIED_ARTIFACT,Download original PDF/HTML from source URL and verify SHA-256,True
EVT-IMCA-2331,International Marine Contractors Association (IMCA),SRC-IMCA-2331,https://www.imca-int.com/resources/safety/safety-flashes/0301-workshop-finger-injury/,Missing physical document artifact in packaged repository (catalog metadata only),QUARANTINED_UNVERIFIED_ARTIFACT,Download original PDF/HTML from source URL and verify SHA-256,True
EVT-IMCA-2332,International Marine Contractors Association (IMCA),SRC-IMCA-2332,https://www.imca-int.com/resources/safety/safety-flashes/0301-failure-of-bulk-loading-bag/,Missing physical document artifact in packaged repository (catalog metadata only),QUARANTINED_UNVERIFIED_ARTIFACT,Download original PDF/HTML from source URL and verify SHA-256,True
EVT-IMCA-2333,International Marine Contractors Association (IMCA),SRC-IMCA-2333,https://www.imca-int.com/resources/safety/safety-flashes/0301-battery-failure-on-lifejacket-light/,Missing physical document artifact in packaged repository (catalog metadata only),QUARANTINED_UNVERIFIED_ARTIFACT,Download original PDF/HTML from source URL and verify SHA-256,True
EVT-IMCA-2334,International Marine Contractors Association (IMCA),SRC-IMCA-2334,https://www.imca-int.com/resources/safety/safety-flashes/0201-fall-from-height/,Missing physical document artifact in packaged repository (catalog metadata only),QUARANTINED_UNVERIFIED_ARTIFACT,Download original PDF/HTML from source URL and verify SHA-256,True
EVT-IMCA-2335,International Marine Contractors Association (IMCA),SRC-IMCA-2335,https://www.imca-int.com/resources/safety/safety-flashes/0201-overloading-of-survival-craft/,Missing physical document artifact in packaged repository (catalog metadata only),QUARANTINED_UNVERIFIED_ARTIFACT,Download original PDF/HTML from source URL and verify SHA-256,True
EVT-IMCA-2336,International Marine Contractors Association (IMCA),SRC-IMCA-2336,https://www.imca-int.com/resources/safety/safety-flashes/0201-recall-of-divex-lp-helmet-bail-out-whips-and-interstage-hoses/,Missing physical document artifact in packaged repository (catalog metadata only),QUARANTINED_UNVERIFIED_ARTIFACT,Download original PDF/HTML from source URL and verify SHA-256,True
EVT-IMCA-2337,International Marine Contractors Association (IMCA),SRC-IMCA-2337,https://www.imca-int.com/resources/safety/safety-flashes/0101-diving-fatality/,Missing physical document artifact in packaged repository (catalog metadata only),QUARANTINED_UNVERIFIED_ARTIFACT,Download original PDF/HTML from source URL and verify SHA-256,True
EVT-IMCA-2338,International Marine Contractors Association (IMCA),SRC-IMCA-2338,https://www.imca-int.com/resources/safety/safety-flashes/0101-sea-fastening/,Missing physical document artifact in packaged repository (catalog metadata only),QUARANTINED_UNVERIFIED_ARTIFACT,Download original PDF/HTML from source URL and verify SHA-256,True
EVT-IMCA-2339,International Marine Contractors Association (IMCA),SRC-IMCA-2339,https://www.imca-int.com/resources/safety/safety-flashes/0101-fatal-accident-involving-a-horizontal-watertight-sliding-door/,Missing physical document artifact in packaged repository (catalog metadata only),QUARANTINED_UNVERIFIED_ARTIFACT,Download original PDF/HTML from source URL and verify SHA-256,True
EVT-IMCA-2340,International Marine Contractors Association (IMCA),SRC-IMCA-2340,https://www.imca-int.com/resources/safety/safety-flashes/0800-dangerous-transformers/,Missing physical document artifact in packaged repository (catalog metadata only),QUARANTINED_UNVERIFIED_ARTIFACT,Download original PDF/HTML from source URL and verify SHA-256,True
EVT-IMCA-2341,International Marine Contractors Association (IMCA),SRC-IMCA-2341,https://www.imca-int.com/resources/safety/safety-flashes/0800-incompatible-threads-on-the-bell-onboard-gas-bottles/,Missing physical document artifact in packaged repository (catalog metadata only),QUARANTINED_UNVERIFIED_ARTIFACT,Download original PDF/HTML from source URL and verify SHA-256,True
EVT-IMCA-2342,International Marine Contractors Association (IMCA),SRC-IMCA-2342,https://www.imca-int.com/resources/safety/safety-flashes/0700-anchor-handling-on-deck/,Missing physical document artifact in packaged repository (catalog metadata only),QUARANTINED_UNVERIFIED_ARTIFACT,Download original PDF/HTML from source URL and verify SHA-256,True
EVT-IMCA-2343,International Marine Contractors Association (IMCA),SRC-IMCA-2343,https://www.imca-int.com/resources/safety/safety-flashes/0700-flat-woven-webbing-slings-made-from-man-made-fibre/,Missing physical document artifact in packaged repository (catalog metadata only),QUARANTINED_UNVERIFIED_ARTIFACT,Download original PDF/HTML from source URL and verify SHA-256,True
EVT-IMCA-2344,International Marine Contractors Association (IMCA),SRC-IMCA-2344,https://www.imca-int.com/resources/safety/safety-flashes/0700-new-concern-related-to-divex-lp-hoses/,Missing physical document artifact in packaged repository (catalog metadata only),QUARANTINED_UNVERIFIED_ARTIFACT,Download original PDF/HTML from source URL and verify SHA-256,True
EVT-IMCA-2345,International Marine Contractors Association (IMCA),SRC-IMCA-2345,https://www.imca-int.com/resources/safety/safety-flashes/0600-transponderbeacon-explosion/,Missing physical document artifact in packaged repository (catalog metadata only),QUARANTINED_UNVERIFIED_ARTIFACT,Download original PDF/HTML from source URL and verify SHA-256,True
EVT-IMCA-2346,International Marine Contractors Association (IMCA),SRC-IMCA-2346,https://www.imca-int.com/resources/safety/safety-flashes/0600-personnel-lifting-system-fatality/,Missing physical document artifact in packaged repository (catalog metadata only),QUARANTINED_UNVERIFIED_ARTIFACT,Download original PDF/HTML from source URL and verify SHA-256,True
EVT-IMCA-2347,International Marine Contractors Association (IMCA),SRC-IMCA-2347,https://www.imca-int.com/resources/safety/safety-flashes/0600-serious-fire-extinguisher-alert/,Missing physical document artifact in packaged repository (catalog metadata only),QUARANTINED_UNVERIFIED_ARTIFACT,Download original PDF/HTML from source URL and verify SHA-256,True
EVT-IMCA-2348,International Marine Contractors Association (IMCA),SRC-IMCA-2348,https://www.imca-int.com/resources/safety/safety-flashes/0600-hydraulic-injury-to-hand/,Missing physical document artifact in packaged repository (catalog metadata only),QUARANTINED_UNVERIFIED_ARTIFACT,Download original PDF/HTML from source URL and verify SHA-256,True
EVT-IMCA-2349,International Marine Contractors Association (IMCA),SRC-IMCA-2349,https://www.imca-int.com/resources/safety/safety-flashes/0500-confined-space-incident/,Missing physical document artifact in packaged repository (catalog metadata only),QUARANTINED_UNVERIFIED_ARTIFACT,Download original PDF/HTML from source URL and verify SHA-256,True
EVT-IMCA-2350,International Marine Contractors Association (IMCA),SRC-IMCA-2350,https://www.imca-int.com/resources/safety/safety-flashes/0500-termination-of-elastic-shock-cords/,Missing physical document artifact in packaged repository (catalog metadata only),QUARANTINED_UNVERIFIED_ARTIFACT,Download original PDF/HTML from source URL and verify SHA-256,True
EVT-IMCA-2351,International Marine Contractors Association (IMCA),SRC-IMCA-2351,https://www.imca-int.com/resources/safety/safety-flashes/0500-near-miss-with-cherry-picker-wire/,Missing physical document artifact in packaged repository (catalog metadata only),QUARANTINED_UNVERIFIED_ARTIFACT,Download original PDF/HTML from source URL and verify SHA-256,True
EVT-IMCA-2352,International Marine Contractors Association (IMCA),SRC-IMCA-2352,https://www.imca-int.com/resources/safety/safety-flashes/0500-information-on-material-change-to-sl-17-yoke/,Missing physical document artifact in packaged repository (catalog metadata only),QUARANTINED_UNVERIFIED_ARTIFACT,Download original PDF/HTML from source URL and verify SHA-256,True
EVT-IMCA-2353,International Marine Contractors Association (IMCA),SRC-IMCA-2353,https://www.imca-int.com/resources/safety/safety-flashes/0400-gas-transfer-during-project-mobilisation/,Missing physical document artifact in packaged repository (catalog metadata only),QUARANTINED_UNVERIFIED_ARTIFACT,Download original PDF/HTML from source URL and verify SHA-256,True
EVT-IMCA-2354,International Marine Contractors Association (IMCA),SRC-IMCA-2354,https://www.imca-int.com/resources/safety/safety-flashes/0400-incident-during-restart-of-a-compressor/,Missing physical document artifact in packaged repository (catalog metadata only),QUARANTINED_UNVERIFIED_ARTIFACT,Download original PDF/HTML from source URL and verify SHA-256,True
EVT-IMCA-2355,International Marine Contractors Association (IMCA),SRC-IMCA-2355,https://www.imca-int.com/resources/safety/safety-flashes/0400-gas-transfer-during-demobilisation/,Missing physical document artifact in packaged repository (catalog metadata only),QUARANTINED_UNVERIFIED_ARTIFACT,Download original PDF/HTML from source URL and verify SHA-256,True
EVT-IMCA-2356,International Marine Contractors Association (IMCA),SRC-IMCA-2356,https://www.imca-int.com/resources/safety/safety-flashes/0300-recall-notice-divex-lp-hoses/,Missing physical document artifact in packaged repository (catalog metadata only),QUARANTINED_UNVERIFIED_ARTIFACT,Download original PDF/HTML from source URL and verify SHA-256,True
EVT-IMCA-2357,International Marine Contractors Association (IMCA),SRC-IMCA-2357,https://www.imca-int.com/resources/safety/safety-flashes/0300-transport-of-weldingburning-gas/,Missing physical document artifact in packaged repository (catalog metadata only),QUARANTINED_UNVERIFIED_ARTIFACT,Download original PDF/HTML from source URL and verify SHA-256,True
EVT-IMCA-2358,International Marine Contractors Association (IMCA),SRC-IMCA-2358,https://www.imca-int.com/resources/safety/safety-flashes/0300-parting-of-a-crane-lift-wire/,Missing physical document artifact in packaged repository (catalog metadata only),QUARANTINED_UNVERIFIED_ARTIFACT,Download original PDF/HTML from source URL and verify SHA-256,True
EVT-IMCA-2359,International Marine Contractors Association (IMCA),SRC-IMCA-2359,https://www.imca-int.com/resources/safety/safety-flashes/0300-fast-rescue-craft-incident/,Missing physical document artifact in packaged repository (catalog metadata only),QUARANTINED_UNVERIFIED_ARTIFACT,Download original PDF/HTML from source URL and verify SHA-256,True
EVT-IMCA-2360,International Marine Contractors Association (IMCA),SRC-IMCA-2360,https://www.imca-int.com/resources/safety/safety-flashes/0300-winching-equipment/,Missing physical document artifact in packaged repository (catalog metadata only),QUARANTINED_UNVERIFIED_ARTIFACT,Download original PDF/HTML from source URL and verify SHA-256,True
EVT-IMCA-2361,International Marine Contractors Association (IMCA),SRC-IMCA-2361,https://www.imca-int.com/resources/safety/safety-flashes/0300-gas-cylinder-valves-potential-failures/,Missing physical document artifact in packaged repository (catalog metadata only),QUARANTINED_UNVERIFIED_ARTIFACT,Download original PDF/HTML from source URL and verify SHA-256,True
EVT-IMCA-2362,International Marine Contractors Association (IMCA),SRC-IMCA-2362,https://www.imca-int.com/resources/safety/safety-flashes/0300-rigging-incident/,Missing physical document artifact in packaged repository (catalog metadata only),QUARANTINED_UNVERIFIED_ARTIFACT,Download original PDF/HTML from source URL and verify SHA-256,True
EVT-IMCA-2363,International Marine Contractors Association (IMCA),SRC-IMCA-2363,https://www.imca-int.com/resources/safety/safety-flashes/0300-incident-on-a-diving-support-vessel-during-heliox-gas-transfer/,Missing physical document artifact in packaged repository (catalog metadata only),QUARANTINED_UNVERIFIED_ARTIFACT,Download original PDF/HTML from source URL and verify SHA-256,True
EVT-IMCA-2364,International Marine Contractors Association (IMCA),SRC-IMCA-2364,https://www.imca-int.com/resources/safety/safety-flashes/0200-emergency-communications-system-incident/,Missing physical document artifact in packaged repository (catalog metadata only),QUARANTINED_UNVERIFIED_ARTIFACT,Download original PDF/HTML from source URL and verify SHA-256,True
EVT-IMCA-2365,International Marine Contractors Association (IMCA),SRC-IMCA-2365,https://www.imca-int.com/resources/safety/safety-flashes/0200-interspiro-diving-mask/,Missing physical document artifact in packaged repository (catalog metadata only),QUARANTINED_UNVERIFIED_ARTIFACT,Download original PDF/HTML from source URL and verify SHA-256,True
EVT-IMCA-2366,International Marine Contractors Association (IMCA),SRC-IMCA-2366,https://www.imca-int.com/resources/safety/safety-flashes/0200-electrical-flash-burns/,Missing physical document artifact in packaged repository (catalog metadata only),QUARANTINED_UNVERIFIED_ARTIFACT,Download original PDF/HTML from source URL and verify SHA-256,True
EVT-IMCA-2367,International Marine Contractors Association (IMCA),SRC-IMCA-2367,https://www.imca-int.com/resources/safety/safety-flashes/0200-damage-to-main-hoist-rope-on-liebherr-10801-crane/,Missing physical document artifact in packaged repository (catalog metadata only),QUARANTINED_UNVERIFIED_ARTIFACT,Download original PDF/HTML from source URL and verify SHA-256,True
EVT-IMCA-2368,International Marine Contractors Association (IMCA),SRC-IMCA-2368,https://www.imca-int.com/resources/safety/safety-flashes/0100-diving-helmet-locking-collars/,Missing physical document artifact in packaged repository (catalog metadata only),QUARANTINED_UNVERIFIED_ARTIFACT,Download original PDF/HTML from source URL and verify SHA-256,True
EVT-IMCA-2369,International Marine Contractors Association (IMCA),SRC-IMCA-2369,https://www.imca-int.com/resources/safety/safety-flashes/0100-metrex-m3610-multimeter-incident/,Missing physical document artifact in packaged repository (catalog metadata only),QUARANTINED_UNVERIFIED_ARTIFACT,Download original PDF/HTML from source URL and verify SHA-256,True
EVT-IMCA-2370,International Marine Contractors Association (IMCA),SRC-IMCA-2370,https://www.imca-int.com/resources/safety/safety-flashes/0100-thruster-feedback-incident/,Missing physical document artifact in packaged repository (catalog metadata only),QUARANTINED_UNVERIFIED_ARTIFACT,Download original PDF/HTML from source URL and verify SHA-256,True
EVT-IMCA-2371,International Marine Contractors Association (IMCA),SRC-IMCA-2371,https://www.imca-int.com/resources/safety/safety-flashes/0100-lifeboat-winch-failure/,Missing physical document artifact in packaged repository (catalog metadata only),QUARANTINED_UNVERIFIED_ARTIFACT,Download original PDF/HTML from source URL and verify SHA-256,True
EVT-IMCA-2372,International Marine Contractors Association (IMCA),SRC-IMCA-2372,https://www.imca-int.com/resources/safety/safety-flashes/0100-microwaving-water/,Missing physical document artifact in packaged repository (catalog metadata only),QUARANTINED_UNVERIFIED_ARTIFACT,Download original PDF/HTML from source URL and verify SHA-256,True
EVT-IMCA-2373,International Marine Contractors Association (IMCA),SRC-IMCA-2373,https://www.imca-int.com/resources/safety/safety-flashes/0100-swivel-ring-flange-failures/,Missing physical document artifact in packaged repository (catalog metadata only),QUARANTINED_UNVERIFIED_ARTIFACT,Download original PDF/HTML from source URL and verify SHA-256,True
EVT-IMCA-2374,International Marine Contractors Association (IMCA),SRC-IMCA-2374,https://www.imca-int.com/resources/safety/safety-flashes/0100-commissioning-and-verification-of-newly-installed-modified-diving-system-equipment/,Missing physical document artifact in packaged repository (catalog metadata only),QUARANTINED_UNVERIFIED_ARTIFACT,Download original PDF/HTML from source URL and verify SHA-256,True
EVT-IMCA-2375,International Marine Contractors Association (IMCA),SRC-IMCA-2375,https://www.imca-int.com/resources/safety/safety-flashes/0200-grinding-disc-failures/,Missing physical document artifact in packaged repository (catalog metadata only),QUARANTINED_UNVERIFIED_ARTIFACT,Download original PDF/HTML from source URL and verify SHA-256,True
EVT-IMCA-2376,International Marine Contractors Association (IMCA),SRC-IMCA-2376,https://www.imca-int.com/resources/safety/safety-flashes/0799-hydraulic-hand-pump-enerpac-hose-failure/,Missing physical document artifact in packaged repository (catalog metadata only),QUARANTINED_UNVERIFIED_ARTIFACT,Download original PDF/HTML from source URL and verify SHA-256,True
EVT-IMCA-2377,International Marine Contractors Association (IMCA),SRC-IMCA-2377,https://www.imca-int.com/resources/safety/safety-flashes/0799-condition-of-container-doors/,Missing physical document artifact in packaged repository (catalog metadata only),QUARANTINED_UNVERIFIED_ARTIFACT,Download original PDF/HTML from source URL and verify SHA-256,True
EVT-IMCA-2378,International Marine Contractors Association (IMCA),SRC-IMCA-2378,https://www.imca-int.com/resources/safety/safety-flashes/0799-crane-accidents/,Missing physical document artifact in packaged repository (catalog metadata only),QUARANTINED_UNVERIFIED_ARTIFACT,Download original PDF/HTML from source URL and verify SHA-256,True
EVT-IMCA-2379,International Marine Contractors Association (IMCA),SRC-IMCA-2379,https://www.imca-int.com/resources/safety/safety-flashes/0799-crane-whip-line-incident/,Missing physical document artifact in packaged repository (catalog metadata only),QUARANTINED_UNVERIFIED_ARTIFACT,Download original PDF/HTML from source URL and verify SHA-256,True
EVT-IMCA-2380,International Marine Contractors Association (IMCA),SRC-IMCA-2380,https://www.imca-int.com/resources/safety/safety-flashes/0799-forged-diving-certificates/,Missing physical document artifact in packaged repository (catalog metadata only),QUARANTINED_UNVERIFIED_ARTIFACT,Download original PDF/HTML from source URL and verify SHA-256,True
EVT-IMCA-2381,International Marine Contractors Association (IMCA),SRC-IMCA-2381,https://www.imca-int.com/resources/safety/safety-flashes/0699-sopep-oil-booms/,Missing physical document artifact in packaged repository (catalog metadata only),QUARANTINED_UNVERIFIED_ARTIFACT,Download original PDF/HTML from source URL and verify SHA-256,True
EVT-IMCA-2382,International Marine Contractors Association (IMCA),SRC-IMCA-2382,https://www.imca-int.com/resources/safety/safety-flashes/0699-automatic-control-navigation-problem/,Missing physical document artifact in packaged repository (catalog metadata only),QUARANTINED_UNVERIFIED_ARTIFACT,Download original PDF/HTML from source URL and verify SHA-256,True
EVT-IMCA-2383,International Marine Contractors Association (IMCA),SRC-IMCA-2383,https://www.imca-int.com/resources/safety/safety-flashes/0699-failure-of-a-bsp-cap-under-pressure-on-well-service-work/,Missing physical document artifact in packaged repository (catalog metadata only),QUARANTINED_UNVERIFIED_ARTIFACT,Download original PDF/HTML from source URL and verify SHA-256,True
EVT-IMCA-2384,International Marine Contractors Association (IMCA),SRC-IMCA-2384,https://www.imca-int.com/resources/safety/safety-flashes/0599-transponder-explosion/,Missing physical document artifact in packaged repository (catalog metadata only),QUARANTINED_UNVERIFIED_ARTIFACT,Download original PDF/HTML from source URL and verify SHA-256,True
EVT-IMCA-2385,International Marine Contractors Association (IMCA),SRC-IMCA-2385,https://www.imca-int.com/resources/safety/safety-flashes/0599-lifeboat-drop-test/,Missing physical document artifact in packaged repository (catalog metadata only),QUARANTINED_UNVERIFIED_ARTIFACT,Download original PDF/HTML from source URL and verify SHA-256,True
EVT-IMCA-2386,International Marine Contractors Association (IMCA),SRC-IMCA-2386,https://www.imca-int.com/resources/safety/safety-flashes/0499-offshore-telescopic-gangway/,Missing physical document artifact in packaged repository (catalog metadata only),QUARANTINED_UNVERIFIED_ARTIFACT,Download original PDF/HTML from source URL and verify SHA-256,True
EVT-IMCA-2387,International Marine Contractors Association (IMCA),SRC-IMCA-2387,https://www.imca-int.com/resources/safety/safety-flashes/0499-potentially-defective-ball-valves/,Missing physical document artifact in packaged repository (catalog metadata only),QUARANTINED_UNVERIFIED_ARTIFACT,Download original PDF/HTML from source URL and verify SHA-256,True
EVT-IMCA-2388,International Marine Contractors Association (IMCA),SRC-IMCA-2388,https://www.imca-int.com/resources/safety/safety-flashes/0499-joystick-controls/,Missing physical document artifact in packaged repository (catalog metadata only),QUARANTINED_UNVERIFIED_ARTIFACT,Download original PDF/HTML from source URL and verify SHA-256,True
EVT-IMCA-2389,International Marine Contractors Association (IMCA),SRC-IMCA-2389,https://www.imca-int.com/resources/safety/safety-flashes/0399-plough-recovery-incident/,Missing physical document artifact in packaged repository (catalog metadata only),QUARANTINED_UNVERIFIED_ARTIFACT,Download original PDF/HTML from source URL and verify SHA-256,True
EVT-IMCA-2390,International Marine Contractors Association (IMCA),SRC-IMCA-2390,https://www.imca-int.com/resources/safety/safety-flashes/0399-regen-plumbing-incident/,Missing physical document artifact in packaged repository (catalog metadata only),QUARANTINED_UNVERIFIED_ARTIFACT,Download original PDF/HTML from source URL and verify SHA-256,True
EVT-IMCA-2391,International Marine Contractors Association (IMCA),SRC-IMCA-2391,https://www.imca-int.com/resources/safety/safety-flashes/0399-eureka-wire-locks/,Missing physical document artifact in packaged repository (catalog metadata only),QUARANTINED_UNVERIFIED_ARTIFACT,Download original PDF/HTML from source URL and verify SHA-256,True
EVT-IMCA-2392,International Marine Contractors Association (IMCA),SRC-IMCA-2392,https://www.imca-int.com/resources/safety/safety-flashes/0399-loose-bolts-on-turbine-engine-exhaust-stack/,Missing physical document artifact in packaged repository (catalog metadata only),QUARANTINED_UNVERIFIED_ARTIFACT,Download original PDF/HTML from source URL and verify SHA-256,True
EVT-IMCA-2393,International Marine Contractors Association (IMCA),SRC-IMCA-2393,https://www.imca-int.com/resources/safety/safety-flashes/0199-subsea-lifting-and-dropped-loads/,Missing physical document artifact in packaged repository (catalog metadata only),QUARANTINED_UNVERIFIED_ARTIFACT,Download original PDF/HTML from source URL and verify SHA-256,True
EVT-IMCA-2394,International Marine Contractors Association (IMCA),SRC-IMCA-2394,https://www.imca-int.com/resources/safety/safety-flashes/0199-structural-failure-of-a-transponder-housing/,Missing physical document artifact in packaged repository (catalog metadata only),QUARANTINED_UNVERIFIED_ARTIFACT,Download original PDF/HTML from source URL and verify SHA-256,True
EVT-IMCA-2395,International Marine Contractors Association (IMCA),SRC-IMCA-2395,https://www.imca-int.com/resources/safety/safety-flashes/0199-underwater-rigging-failure/,Missing physical document artifact in packaged repository (catalog metadata only),QUARANTINED_UNVERIFIED_ARTIFACT,Download original PDF/HTML from source URL and verify SHA-256,True
EVT-IMCA-2396,International Marine Contractors Association (IMCA),SRC-IMCA-2396,https://www.imca-int.com/resources/safety/safety-flashes/0299-video-lifeboat-on-load-release-gear/,Missing physical document artifact in packaged repository (catalog metadata only),QUARANTINED_UNVERIFIED_ARTIFACT,Download original PDF/HTML from source URL and verify SHA-256,True
EVT-IMCA-2397,International Marine Contractors Association (IMCA),SRC-IMCA-2397,https://www.imca-int.com/resources/safety/safety-flashes/0299-lifeboat-safety-guidelines/,Missing physical document artifact in packaged repository (catalog metadata only),QUARANTINED_UNVERIFIED_ARTIFACT,Download original PDF/HTML from source URL and verify SHA-256,True
EVT-IMCA-2398,International Marine Contractors Association (IMCA),SRC-IMCA-2398,https://www.imca-int.com/resources/safety/safety-flashes/0299-lifeboat-brake-release-failure/,Missing physical document artifact in packaged repository (catalog metadata only),QUARANTINED_UNVERIFIED_ARTIFACT,Download original PDF/HTML from source URL and verify SHA-256,True
EVT-IMCA-2399,International Marine Contractors Association (IMCA),SRC-IMCA-2399,https://www.imca-int.com/resources/safety/safety-flashes/0299-lifeboat-incident-as-a-result-of-a-suspension-chain-failure/,Missing physical document artifact in packaged repository (catalog metadata only),QUARANTINED_UNVERIFIED_ARTIFACT,Download original PDF/HTML from source URL and verify SHA-256,True
EVT-IMCA-2400,International Marine Contractors Association (IMCA),SRC-IMCA-2400,https://www.imca-int.com/resources/safety/safety-flashes/0398-crane-wire-failure/,Missing physical document artifact in packaged repository (catalog metadata only),QUARANTINED_UNVERIFIED_ARTIFACT,Download original PDF/HTML from source URL and verify SHA-256,True
EVT-IMCA-2401,International Marine Contractors Association (IMCA),SRC-IMCA-2401,https://www.imca-int.com/resources/safety/safety-flashes/0397-anchor-handling-incident/,Missing physical document artifact in packaged repository (catalog metadata only),QUARANTINED_UNVERIFIED_ARTIFACT,Download original PDF/HTML from source URL and verify SHA-256,True
EVT-HSE-0002,Health and Safety Executive (UK HSE),SRC-HSE-0002,https://www.hse.gov.uk/safetybulletins/wind-turbine-generator-service-lifts.htm,Missing physical document artifact in packaged repository (catalog metadata only),QUARANTINED_UNVERIFIED_ARTIFACT,Download original PDF/HTML from source URL and verify SHA-256,True
