event_id,rule_id,rule_name,v2_2_status,v2_2_1_status,evidence_status,evidence_text,evidence_start,evidence_end,offset_verified,evidence_source,grounding_type,semantic_conflict
EVT-BSEE-0001,IOGP-08,Work authorization,EXPLICIT,DERIVED,DERIVED,risk assessment,1021,1036,True,SOURCE_FACT,EXPLICIT_SOURCE_TEXT,False
EVT-BSEE-0003,IOGP-05,Hot work,EXPLICIT,SUPPORTED,SUPPORTED,hot work,691,699,True,SOURCE_FACT,EXPLICIT_SOURCE_TEXT,False
EVT-BSEE-0003,IOGP-08,Work authorization,EXPLICIT,SUPPORTED,SUPPORTED,"table electronic devices that were not rated for hazardous locations in a Class 1, Division 2 hazardous area, and no hot work permit had been issued",574,722,True,SOURCE_FACT,EXPLICIT_SOURCE_TEXT,False
EVT-BSEE-0004,IOGP-05,Hot work,EXPLICIT,UNSUPPORTED,UNSUPPORTED,NONE,-1,-1,False,UNGROUNDED,UNGROUNDED,False
EVT-BSEE-0004,IOGP-07,Safe mechanical lifting,EXPLICIT,AMBIGUOUS,AMBIGUOUS,gov Phone: (800) 200-4853 Inspect A2B Systems and Wire Rope Terminations to Prevent Crane Hazards Background: The Bureau of Safety and Environmental Enforcement Gulf of America Region recently investigated a cr,72,282,True,DERIVED_FACT,AMBIGUOUS_PARTIAL_MATCH,False
EVT-BSEE-0004,IOGP-09,Working at height,NONE,AMBIGUOUS,AMBIGUOUS,anchor point,486,498,True,DERIVED_FACT,AMBIGUOUS_PARTIAL_MATCH,False
EVT-BSEE-0005,IOGP-06,Line of fire,EXPLICIT,DERIVED,DERIVED,dropped object,3619,3633,True,SOURCE_FACT,EXPLICIT_SOURCE_TEXT,False
EVT-BSEE-0005,IOGP-07,Safe mechanical lifting,EXPLICIT,UNSUPPORTED,UNSUPPORTED,NONE,-1,-1,False,UNGROUNDED,UNGROUNDED,False
EVT-BSEE-0005,IOGP-08,Work authorization,EXPLICIT,UNSUPPORTED,UNSUPPORTED,NONE,-1,-1,False,UNGROUNDED,UNGROUNDED,False
EVT-BSEE-0005,IOGP-09,Working at height,NONE,AMBIGUOUS,AMBIGUOUS,open hole,768,777,True,DERIVED_FACT,AMBIGUOUS_PARTIAL_MATCH,False
EVT-BSEE-0006,IOGP-05,Hot work,DERIVED,DERIVED,DERIVED,ignition,2140,2148,True,SOURCE_FACT,EXPLICIT_SOURCE_TEXT,False
EVT-BSEE-0007,IOGP-07,Safe mechanical lifting,EXPLICIT,AMBIGUOUS,AMBIGUOUS,gov Phone: (800) 200-4853 Poorly Maintained Crane Components Result in Multiple Injured During Personnel Transfers Background: The Bureau of Safety and Environmental Enfo,72,242,True,DERIVED_FACT,AMBIGUOUS_PARTIAL_MATCH,False
EVT-BSEE-0007,IOGP-08,Work authorization,DERIVED,SUPPORTED,SUPPORTED,Stop Work,3766,3775,True,SOURCE_FACT,EXPLICIT_SOURCE_TEXT,False
EVT-BSEE-0008,IOGP-05,Hot work,EXPLICIT,DERIVED,DERIVED,ignition,6764,6772,True,SOURCE_FACT,EXPLICIT_SOURCE_TEXT,False
EVT-BSEE-0008,IOGP-08,Work authorization,DERIVED,DERIVED,DERIVED,job safety analysis,3583,3602,True,SOURCE_FACT,EXPLICIT_SOURCE_TEXT,False
EVT-BSEE-0009,IOGP-07,Safe mechanical lifting,NONE,AMBIGUOUS,AMBIGUOUS,overload,430,438,True,DERIVED_FACT,AMBIGUOUS_PARTIAL_MATCH,False
EVT-BSEE-0010,IOGP-05,Hot work,NONE,AMBIGUOUS,AMBIGUOUS,welds,1148,1153,True,DERIVED_FACT,AMBIGUOUS_PARTIAL_MATCH,False
EVT-BSEE-0010,IOGP-06,Line of fire,EXPLICIT,UNSUPPORTED,UNSUPPORTED,NONE,-1,-1,False,UNGROUNDED,UNGROUNDED,False
EVT-BSEE-0011,IOGP-03,Driving,NONE,DERIVED,DERIVED,drive,2102,2107,True,SOURCE_FACT,EXPLICIT_SOURCE_TEXT,False
EVT-BSEE-0011,IOGP-05,Hot work,EXPLICIT,UNSUPPORTED,UNSUPPORTED,NONE,-1,-1,False,UNGROUNDED,UNGROUNDED,False
EVT-BSEE-0011,IOGP-07,Safe mechanical lifting,EXPLICIT,SUPPORTED,SUPPORTED,"gov Phone: (800) 200-4853 Crane Incident During Well Abandonment Operations Injures Worker, Reveals Safety Gaps Background: The Bureau of Safety and Env",72,224,True,SOURCE_FACT,EXPLICIT_SOURCE_TEXT,False
EVT-BSEE-0011,IOGP-08,Work authorization,NONE,DERIVED,DERIVED,stop work,2985,2994,True,SOURCE_FACT,EXPLICIT_SOURCE_TEXT,False
EVT-BSEE-0012,IOGP-04,Energy isolation,EXPLICIT,SUPPORTED,SUPPORTED,"torship and was unfamiliar with key procedural requirements, including verifying the gas line’s condition through proper isolation checks and ensuring all necessary approvals and safety documentation were complete before starting work",1422,1656,True,SOURCE_FACT,EXPLICIT_SOURCE_TEXT,False
EVT-BSEE-0012,IOGP-08,Work authorization,EXPLICIT,SUPPORTED,SUPPORTED,loped and discussed to identify and mitigate possible hazards associated with the task and have proper documentation and authorization before work begins,3297,3450,True,SOURCE_FACT,EXPLICIT_SOURCE_TEXT,False
EVT-BSEE-0012,IOGP-09,Working at height,EXPLICIT,SUPPORTED,SUPPORTED,fall protection,2236,2251,True,SOURCE_FACT,EXPLICIT_SOURCE_TEXT,False
EVT-BSEE-0013,IOGP-08,Work authorization,NONE,AMBIGUOUS,AMBIGUOUS,SIMOPS,1204,1210,True,DERIVED_FACT,AMBIGUOUS_PARTIAL_MATCH,False
EVT-BSEE-0014,IOGP-04,Energy isolation,EXPLICIT,DERIVED,DERIVED,isolation,1659,1668,True,SOURCE_FACT,EXPLICIT_SOURCE_TEXT,False
EVT-BSEE-0014,IOGP-05,Hot work,EXPLICIT,SUPPORTED,SUPPORTED,Hot Work,1396,1404,True,SOURCE_FACT,EXPLICIT_SOURCE_TEXT,False
EVT-BSEE-0014,IOGP-08,Work authorization,EXPLICIT,DERIVED,DERIVED,JSA,2786,2789,True,SOURCE_FACT,EXPLICIT_SOURCE_TEXT,False
EVT-BSEE-0015,IOGP-04,Energy isolation,EXPLICIT,SUPPORTED,SUPPORTED,electrician below the MCC pushed the cable into the penetration before making contact with the receiving team inside the energized MCC cabinet,645,787,True,SOURCE_FACT,EXPLICIT_SOURCE_TEXT,False
EVT-BSEE-0015,IOGP-08,Work authorization,DERIVED,DERIVED,DERIVED,Stop Work,3887,3896,True,SOURCE_FACT,EXPLICIT_SOURCE_TEXT,False
EVT-BSEE-0016,IOGP-06,Line of fire,EXPLICIT,UNSUPPORTED,UNSUPPORTED,NONE,-1,-1,False,UNGROUNDED,UNGROUNDED,False
EVT-BSEE-0016,IOGP-07,Safe mechanical lifting,EXPLICIT,UNSUPPORTED,UNSUPPORTED,NONE,-1,-1,False,UNGROUNDED,UNGROUNDED,False
EVT-BSEE-0016,IOGP-08,Work authorization,EXPLICIT,SUPPORTED,SUPPORTED,JSA,3046,3049,True,SOURCE_FACT,EXPLICIT_SOURCE_TEXT,False
EVT-BSEE-0016,IOGP-09,Working at height,EXPLICIT,SUPPORTED,SUPPORTED,scaffolding,2732,2743,True,SOURCE_FACT,EXPLICIT_SOURCE_TEXT,False
EVT-BSEE-0017,IOGP-05,Hot work,EXPLICIT,DERIVED,DERIVED,"ndicated that the oil fill cap was absent, and both exhaust gases and oil venting from the open fill neck were potential ignition sources",456,593,True,SOURCE_FACT,EXPLICIT_SOURCE_TEXT,False
EVT-BSEE-0019,IOGP-01,Bypassing safety controls,EXPLICIT,SUPPORTED,SUPPORTED,gov Phone: (800) 200-4853 ` BSEE Identifies Bypassed Safety Device Deficiencies during Risk-Based Inspections Members of the Bureau of Safety and Environmental Enforcement (,45,218,True,SOURCE_FACT,EXPLICIT_SOURCE_TEXT,False
EVT-BSEE-0019,IOGP-08,Work authorization,NONE,DERIVED,DERIVED,authorized,4830,4840,True,SOURCE_FACT,EXPLICIT_SOURCE_TEXT,False
EVT-BSEE-0020,IOGP-07,Safe mechanical lifting,EXPLICIT,DERIVED,DERIVED,lifting operation,1444,1461,True,SOURCE_FACT,EXPLICIT_SOURCE_TEXT,False
EVT-BSEE-0020,IOGP-08,Work authorization,EXPLICIT,SUPPORTED,SUPPORTED,JSA,959,962,True,SOURCE_FACT,EXPLICIT_SOURCE_TEXT,False
EVT-BSEE-0021,IOGP-03,Driving,EXPLICIT,AMBIGUOUS,AMBIGUOUS,Vehicle,212,219,True,DERIVED_FACT,AMBIGUOUS_PARTIAL_MATCH,False
EVT-BSEE-0021,IOGP-06,Line of fire,EXPLICIT,AMBIGUOUS,AMBIGUOUS,Dropped Object,2513,2527,True,DERIVED_FACT,AMBIGUOUS_PARTIAL_MATCH,False
EVT-BSEE-0021,IOGP-07,Safe mechanical lifting,DERIVED,DERIVED,DERIVED,winch,841,846,True,SOURCE_FACT,EXPLICIT_SOURCE_TEXT,False
EVT-BSEE-0022,IOGP-03,Driving,DERIVED,DERIVED,DERIVED,transport,2229,2238,True,SOURCE_FACT,EXPLICIT_SOURCE_TEXT,False
EVT-BSEE-0023,IOGP-07,Safe mechanical lifting,EXPLICIT,AMBIGUOUS,AMBIGUOUS,crane,1450,1455,True,DERIVED_FACT,AMBIGUOUS_PARTIAL_MATCH,False
EVT-BSEE-0024,IOGP-07,Safe mechanical lifting,EXPLICIT,UNSUPPORTED,UNSUPPORTED,NONE,-1,-1,False,UNGROUNDED,UNGROUNDED,False
EVT-BSEE-0024,IOGP-09,Working at height,EXPLICIT,SUPPORTED,SUPPORTED,scaffolding,622,633,True,SOURCE_FACT,EXPLICIT_SOURCE_TEXT,False
EVT-BSEE-0025,IOGP-05,Hot work,NONE,AMBIGUOUS,AMBIGUOUS,welded,1649,1655,True,DERIVED_FACT,AMBIGUOUS_PARTIAL_MATCH,False
EVT-BSEE-0025,IOGP-06,Line of fire,EXPLICIT,AMBIGUOUS,AMBIGUOUS,dropped object,3165,3179,True,DERIVED_FACT,AMBIGUOUS_PARTIAL_MATCH,False
EVT-BSEE-0027,IOGP-02,Confined space,DERIVED,DERIVED,DERIVED,caisson,764,771,True,SOURCE_FACT,EXPLICIT_SOURCE_TEXT,False
EVT-BSEE-0027,IOGP-08,Work authorization,NONE,DERIVED,DERIVED,job safety analysis,2619,2638,True,SOURCE_FACT,EXPLICIT_SOURCE_TEXT,False
EVT-BSEE-0027,IOGP-09,Working at height,EXPLICIT,SUPPORTED,SUPPORTED,fall from,430,439,True,SOURCE_FACT,EXPLICIT_SOURCE_TEXT,False
EVT-BSEE-0028,IOGP-03,Driving,NONE,AMBIGUOUS,AMBIGUOUS,collision,1130,1139,True,DERIVED_FACT,AMBIGUOUS_PARTIAL_MATCH,False
EVT-BSEE-0028,IOGP-05,Hot work,EXPLICIT,UNSUPPORTED,UNSUPPORTED,NONE,-1,-1,False,UNGROUNDED,UNGROUNDED,False
EVT-BSEE-0028,IOGP-07,Safe mechanical lifting,EXPLICIT,AMBIGUOUS,AMBIGUOUS,gov Phone: (800) 200-4853 BSEE Urges Increased Crane Safety Awareness During Offshore Helideck Operations The Bureau of Safety and Environmental Enforcement (BSEE) recently,45,217,True,DERIVED_FACT,AMBIGUOUS_PARTIAL_MATCH,False
EVT-BSEE-0030,IOGP-05,Hot work,EXPLICIT,SUPPORTED,SUPPORTED,hot work,691,699,True,SOURCE_FACT,EXPLICIT_SOURCE_TEXT,False
EVT-BSEE-0030,IOGP-08,Work authorization,NONE,DERIVED,DERIVED,job safety analysis,2610,2629,True,SOURCE_FACT,EXPLICIT_SOURCE_TEXT,False
EVT-BSEE-0030,IOGP-09,Working at height,EXPLICIT,SUPPORTED,SUPPORTED,fall protection,1348,1363,True,SOURCE_FACT,EXPLICIT_SOURCE_TEXT,False
EVT-BSEE-0031,IOGP-02,Confined space,DERIVED,DERIVED,DERIVED,inert gas,5848,5857,True,SOURCE_FACT,EXPLICIT_SOURCE_TEXT,False
EVT-BSEE-0031,IOGP-05,Hot work,EXPLICIT,SUPPORTED,SUPPORTED,Hot work,2538,2546,True,SOURCE_FACT,EXPLICIT_SOURCE_TEXT,False
EVT-BSEE-0031,IOGP-09,Working at height,NONE,AMBIGUOUS,AMBIGUOUS,fall protection,6159,6174,True,DERIVED_FACT,AMBIGUOUS_PARTIAL_MATCH,False
EVT-BSEE-0032,IOGP-05,Hot work,NONE,AMBIGUOUS,AMBIGUOUS,gov Phone: (800) 200-4853 BSEE Alerts Offshore Workers to Trend of Recurring Hand Injuries While Using Alternative Cutting Devices The Bureau of Safety and Environmental Enforcement (BSEE) has observed a trend of safety incidents related to im,45,288,True,DERIVED_FACT,AMBIGUOUS_PARTIAL_MATCH,False
EVT-BSEE-0032,IOGP-08,Work authorization,NONE,AMBIGUOUS,AMBIGUOUS,Job Safety Analysis,1914,1933,True,DERIVED_FACT,AMBIGUOUS_PARTIAL_MATCH,False
EVT-BSEE-0033,IOGP-08,Work authorization,DERIVED,AMBIGUOUS,AMBIGUOUS,job safety analysis,3267,3286,True,DERIVED_FACT,AMBIGUOUS_PARTIAL_MATCH,False
EVT-BSEE-0034,IOGP-01,Bypassing safety controls,NONE,AMBIGUOUS,AMBIGUOUS,bypassing,2459,2468,True,DERIVED_FACT,AMBIGUOUS_PARTIAL_MATCH,False
EVT-BSEE-0034,IOGP-04,Energy isolation,NONE,DERIVED,DERIVED,tagout,2233,2239,True,SOURCE_FACT,EXPLICIT_SOURCE_TEXT,False
EVT-BSEE-0034,IOGP-08,Work authorization,NONE,DERIVED,DERIVED,job safety analysis,1058,1077,True,SOURCE_FACT,EXPLICIT_SOURCE_TEXT,False
EVT-BSEE-0035,IOGP-04,Energy isolation,EXPLICIT,SUPPORTED,SUPPORTED,isolate,768,775,True,SOURCE_FACT,EXPLICIT_SOURCE_TEXT,False
EVT-BSEE-0035,IOGP-08,Work authorization,EXPLICIT,SUPPORTED,SUPPORTED,JSA,2245,2248,True,SOURCE_FACT,EXPLICIT_SOURCE_TEXT,False
EVT-BSEE-0037,IOGP-05,Hot work,EXPLICIT,SUPPORTED,SUPPORTED,Hot work,1387,1395,True,SOURCE_FACT,EXPLICIT_SOURCE_TEXT,False
EVT-BSEE-0037,IOGP-07,Safe mechanical lifting,EXPLICIT,UNSUPPORTED,UNSUPPORTED,NONE,-1,-1,False,UNGROUNDED,UNGROUNDED,False
EVT-BSEE-0037,IOGP-08,Work authorization,EXPLICIT,DERIVED,DERIVED,JSA,4067,4070,True,SOURCE_FACT,EXPLICIT_SOURCE_TEXT,False
EVT-BSEE-0039,IOGP-07,Safe mechanical lifting,EXPLICIT,UNSUPPORTED,UNSUPPORTED,NONE,-1,-1,False,UNGROUNDED,UNGROUNDED,False
EVT-BSEE-0039,IOGP-09,Working at height,NONE,AMBIGUOUS,AMBIGUOUS,derrick,417,424,True,DERIVED_FACT,AMBIGUOUS_PARTIAL_MATCH,False
EVT-BSEE-0040,IOGP-07,Safe mechanical lifting,EXPLICIT,AMBIGUOUS,AMBIGUOUS,A helicopter was erroneously given a green deck clearance for landing despite the hazard posed by an improperly stowed crane interfering with the helicopter’s safe approach,1748,1920,True,DERIVED_FACT,AMBIGUOUS_PARTIAL_MATCH,False
EVT-BSEE-0041,IOGP-04,Energy isolation,EXPLICIT,SUPPORTED,SUPPORTED,isolated,3252,3260,True,SOURCE_FACT,EXPLICIT_SOURCE_TEXT,False
EVT-BSEE-0041,IOGP-08,Work authorization,NONE,DERIVED,DERIVED,stop work,3265,3274,True,SOURCE_FACT,EXPLICIT_SOURCE_TEXT,False
EVT-BSEE-0042,IOGP-02,Confined space,EXPLICIT,SUPPORTED,SUPPORTED,confined space,1231,1245,True,SOURCE_FACT,EXPLICIT_SOURCE_TEXT,False
EVT-BSEE-0042,IOGP-08,Work authorization,EXPLICIT,SUPPORTED,SUPPORTED,work permit,3403,3414,True,SOURCE_FACT,EXPLICIT_SOURCE_TEXT,False
EVT-BSEE-0043,IOGP-03,Driving,NONE,DERIVED,DERIVED,Figure 2 - Part of casing protruding out of well drive-pipe,0,59,True,SOURCE_FACT,EXPLICIT_SOURCE_TEXT,False
EVT-BSEE-0043,IOGP-05,Hot work,DERIVED,DERIVED,DERIVED,ignition,436,444,True,SOURCE_FACT,EXPLICIT_SOURCE_TEXT,False
EVT-BSEE-0043,IOGP-06,Line of fire,NONE,AMBIGUOUS,AMBIGUOUS,pressure release,402,418,True,DERIVED_FACT,AMBIGUOUS_PARTIAL_MATCH,False
EVT-BSEE-0043,IOGP-08,Work authorization,EXPLICIT,SUPPORTED,SUPPORTED,JSA,5474,5477,True,SOURCE_FACT,EXPLICIT_SOURCE_TEXT,False
EVT-BSEE-0043,IOGP-09,Working at height,EXPLICIT,AMBIGUOUS,AMBIGUOUS,grating,81,88,True,DERIVED_FACT,AMBIGUOUS_PARTIAL_MATCH,False
EVT-BSEE-0044,IOGP-05,Hot work,EXPLICIT,SUPPORTED,SUPPORTED,"efer to Figure 2) suddenly burst, starting a flash fire while the crew member was turning the valve to supply oxygen for welding",448,576,True,SOURCE_FACT,EXPLICIT_SOURCE_TEXT,False
EVT-BSEE-0044,IOGP-07,Safe mechanical lifting,EXPLICIT,DERIVED,DERIVED,"and second-degree burns on his left wrist when he reached out to grab an oxygen bottle valve, even though he was wearing rigging gloves and a fire-retardant shirt ( Figure 1)",220,394,True,SOURCE_FACT,EXPLICIT_SOURCE_TEXT,False
EVT-BSEE-0044,IOGP-09,Working at height,NONE,AMBIGUOUS,AMBIGUOUS,"(800) 200-4853 Flash Fire from Oxygen Regulator Leads to Burn Injury During the process of decommissioning a platform, a derrick barge crew member sustained first- and second-degree burns on his left wrist when he reached out to grab an oxygen bottl",56,305,True,DERIVED_FACT,AMBIGUOUS_PARTIAL_MATCH,False
EVT-BSEE-0045,IOGP-03,Driving,DERIVED,DERIVED,DERIVED,collision,2602,2611,True,SOURCE_FACT,EXPLICIT_SOURCE_TEXT,False
EVT-BSEE-0045,IOGP-08,Work authorization,DERIVED,SUPPORTED,SUPPORTED,Stop Work,1759,1768,True,SOURCE_FACT,EXPLICIT_SOURCE_TEXT,False
EVT-BSEE-0046,IOGP-04,Energy isolation,NONE,AMBIGUOUS,AMBIGUOUS,isolated,521,529,True,DERIVED_FACT,AMBIGUOUS_PARTIAL_MATCH,False
EVT-BSEE-0047,IOGP-04,Energy isolation,EXPLICIT,AMBIGUOUS,AMBIGUOUS,") Isolating d rain connection: If feasible, isolate the tote tank’s drain connection from the nozzle before moving or lifting the ta",2975,3107,True,DERIVED_FACT,AMBIGUOUS_PARTIAL_MATCH,False
EVT-BSEE-0047,IOGP-05,Hot work,NONE,AMBIGUOUS,AMBIGUOUS,weld,1463,1467,True,DERIVED_FACT,AMBIGUOUS_PARTIAL_MATCH,False
EVT-BSEE-0047,IOGP-07,Safe mechanical lifting,EXPLICIT,AMBIGUOUS,AMBIGUOUS,Crane,479,484,True,DERIVED_FACT,AMBIGUOUS_PARTIAL_MATCH,False
EVT-BSEE-0048,IOGP-04,Energy isolation,DERIVED,DERIVED,DERIVED,isolated,699,707,True,SOURCE_FACT,EXPLICIT_SOURCE_TEXT,False
EVT-BSEE-0049,IOGP-01,Bypassing safety controls,EXPLICIT,SUPPORTED,SUPPORTED,gov Phone: (800) 200-4853 Bypass of Emergency Shutdown in Rented Equipment Results in Additional Risk to Personnel and the Environment Figure 2: ESD for,45,197,True,SOURCE_FACT,EXPLICIT_SOURCE_TEXT,False
EVT-BSEE-0049,IOGP-05,Hot work,EXPLICIT,DERIVED,DERIVED,spark,520,525,True,SOURCE_FACT,EXPLICIT_SOURCE_TEXT,False
EVT-BSEE-0049,IOGP-06,Line of fire,EXPLICIT,UNSUPPORTED,UNSUPPORTED,NONE,-1,-1,False,UNGROUNDED,UNGROUNDED,False
EVT-BSEE-0050,IOGP-07,Safe mechanical lifting,EXPLICIT,AMBIGUOUS,AMBIGUOUS,hoisting,2109,2117,True,DERIVED_FACT,AMBIGUOUS_PARTIAL_MATCH,False
EVT-BSEE-0051,IOGP-05,Hot work,EXPLICIT,UNSUPPORTED,UNSUPPORTED,NONE,-1,-1,False,UNGROUNDED,UNGROUNDED,False
EVT-BSEE-0051,IOGP-06,Line of fire,EXPLICIT,SUPPORTED,SUPPORTED,line of fire,800,812,True,SOURCE_FACT,EXPLICIT_SOURCE_TEXT,False
EVT-BSEE-0051,IOGP-07,Safe mechanical lifting,EXPLICIT,SUPPORTED,SUPPORTED,crane,1157,1162,True,SOURCE_FACT,EXPLICIT_SOURCE_TEXT,False
EVT-BSEE-0052,IOGP-08,Work authorization,DERIVED,AMBIGUOUS,AMBIGUOUS,job safety analysis,3498,3517,True,DERIVED_FACT,AMBIGUOUS_PARTIAL_MATCH,False
EVT-BSEE-0053,IOGP-01,Bypassing safety controls,EXPLICIT,DERIVED,DERIVED,bypass,1390,1396,True,SOURCE_FACT,EXPLICIT_SOURCE_TEXT,False
EVT-BSEE-0053,IOGP-04,Energy isolation,DERIVED,DERIVED,DERIVED,isolating,1330,1339,True,SOURCE_FACT,EXPLICIT_SOURCE_TEXT,False
EVT-BSEE-0053,IOGP-05,Hot work,EXPLICIT,DERIVED,DERIVED,"system encountered further issues when the power shunt circuit breaker 1 tripped, leading to smoke and electrical arcing/sparks emanating from the power transformer case within the UPS inverter section",741,942,True,SOURCE_FACT,EXPLICIT_SOURCE_TEXT,False
EVT-BSEE-0055,IOGP-02,Confined space,DERIVED,DERIVED,DERIVED,Figure 1: Ballast tank in which H 2 S was detected,0,50,True,SOURCE_FACT,EXPLICIT_SOURCE_TEXT,False
EVT-BSEE-0055,IOGP-04,Energy isolation,DERIVED,DERIVED,DERIVED,isolated,1360,1368,True,SOURCE_FACT,EXPLICIT_SOURCE_TEXT,False
EVT-BSEE-0055,IOGP-08,Work authorization,EXPLICIT,DERIVED,DERIVED,Job Safety Analysis,4033,4052,True,SOURCE_FACT,EXPLICIT_SOURCE_TEXT,False
EVT-BSEE-0056,IOGP-08,Work authorization,DERIVED,SUPPORTED,SUPPORTED,as no apparent findings that the worker potentially used the compass card to circumvent the requirement of modifying the Job Safety Analysis when the scope of the job changed,2423,2597,True,SOURCE_FACT,EXPLICIT_SOURCE_TEXT,False
EVT-BSEE-0057,IOGP-03,Driving,DERIVED,DERIVED,DERIVED,transport,1759,1768,True,SOURCE_FACT,EXPLICIT_SOURCE_TEXT,False
EVT-BSEE-0057,IOGP-04,Energy isolation,EXPLICIT,DERIVED,DERIVED,isolation,1883,1892,True,SOURCE_FACT,EXPLICIT_SOURCE_TEXT,False
EVT-BSEE-0057,IOGP-05,Hot work,EXPLICIT,DERIVED,DERIVED,ignition,1971,1979,True,SOURCE_FACT,EXPLICIT_SOURCE_TEXT,False
EVT-BSEE-0057,IOGP-07,Safe mechanical lifting,EXPLICIT,AMBIGUOUS,AMBIGUOUS,hoist,139,144,True,DERIVED_FACT,AMBIGUOUS_PARTIAL_MATCH,False
EVT-BSEE-0057,IOGP-09,Working at height,EXPLICIT,SUPPORTED,SUPPORTED,"wn the gasket so he could verify the pipe size, then exited the scaffolding and relocated to the tool shed to retrieve a fall protection harness",877,1021,True,SOURCE_FACT,EXPLICIT_SOURCE_TEXT,False
EVT-BSEE-0058,IOGP-05,Hot work,EXPLICIT,AMBIGUOUS,AMBIGUOUS,welding,590,597,True,DERIVED_FACT,AMBIGUOUS_PARTIAL_MATCH,False
EVT-BSEE-0058,IOGP-06,Line of fire,EXPLICIT,SUPPORTED,SUPPORTED,line of fire,3710,3722,True,SOURCE_FACT,EXPLICIT_SOURCE_TEXT,False
EVT-BSEE-0058,IOGP-07,Safe mechanical lifting,EXPLICIT,AMBIGUOUS,AMBIGUOUS,crane,910,915,True,DERIVED_FACT,AMBIGUOUS_PARTIAL_MATCH,False
EVT-BSEE-0058,IOGP-08,Work authorization,NONE,AMBIGUOUS,AMBIGUOUS,Job Safety Analysis,4914,4933,True,DERIVED_FACT,AMBIGUOUS_PARTIAL_MATCH,False
EVT-BSEE-0059,IOGP-06,Line of fire,EXPLICIT,SUPPORTED,SUPPORTED,line of fire,4730,4742,True,SOURCE_FACT,EXPLICIT_SOURCE_TEXT,False
EVT-BSEE-0059,IOGP-07,Safe mechanical lifting,EXPLICIT,SUPPORTED,SUPPORTED,"gov Phone: (800) 200-4853 Overhaul Ball Crashes to Deck Resulting in High Potential, Near-Miss Fatality While conducting crane operations during a decommissioning/well abandonment activity, a 700-pound crane headache ball fell 24 feet, crashing to",45,292,True,SOURCE_FACT,EXPLICIT_SOURCE_TEXT,False
EVT-BSEE-0059,IOGP-08,Work authorization,EXPLICIT,SUPPORTED,SUPPORTED,JSA,5055,5058,True,SOURCE_FACT,EXPLICIT_SOURCE_TEXT,False
EVT-BSEE-0060,IOGP-06,Line of fire,EXPLICIT,DERIVED,DERIVED,struck by,507,516,True,SOURCE_FACT,EXPLICIT_SOURCE_TEXT,False
EVT-BSEE-0060,IOGP-07,Safe mechanical lifting,DERIVED,DERIVED,DERIVED,Winch,1122,1127,True,SOURCE_FACT,EXPLICIT_SOURCE_TEXT,False
EVT-BSEE-0060,IOGP-08,Work authorization,EXPLICIT,SUPPORTED,SUPPORTED,Job Safety Analysis,2305,2324,True,SOURCE_FACT,EXPLICIT_SOURCE_TEXT,False
EVT-BSEE-0061,IOGP-01,Bypassing safety controls,NONE,DERIVED,DERIVED,"drogen Embrittlement In July 2020, approximately 479 barrels of oil released into the Gulf of Mexico (GOM) from a subsea jumper",149,276,True,SOURCE_FACT,EXPLICIT_SOURCE_TEXT,False
EVT-BSEE-0062,IOGP-06,Line of fire,NONE,DERIVED,DERIVED,pinch point,819,830,True,SOURCE_FACT,EXPLICIT_SOURCE_TEXT,False
EVT-BSEE-0062,IOGP-07,Safe mechanical lifting,EXPLICIT,DERIVED,DERIVED,rigging,959,966,True,SOURCE_FACT,EXPLICIT_SOURCE_TEXT,False
EVT-BSEE-0062,IOGP-08,Work authorization,NONE,AMBIGUOUS,AMBIGUOUS,Stop Work,1026,1035,True,DERIVED_FACT,AMBIGUOUS_PARTIAL_MATCH,False
EVT-BSEE-0063,IOGP-05,Hot work,EXPLICIT,UNSUPPORTED,UNSUPPORTED,NONE,-1,-1,False,UNGROUNDED,UNGROUNDED,False
EVT-BSEE-0063,IOGP-07,Safe mechanical lifting,EXPLICIT,UNSUPPORTED,UNSUPPORTED,NONE,-1,-1,False,UNGROUNDED,UNGROUNDED,False
EVT-BSEE-0063,IOGP-08,Work authorization,EXPLICIT,SUPPORTED,SUPPORTED,risk assessment,1635,1650,True,SOURCE_FACT,EXPLICIT_SOURCE_TEXT,False
EVT-BSEE-0064,IOGP-04,Energy isolation,EXPLICIT,DERIVED,DERIVED,Depressurize,3100,3112,True,SOURCE_FACT,EXPLICIT_SOURCE_TEXT,False
EVT-BSEE-0064,IOGP-06,Line of fire,NONE,AMBIGUOUS,AMBIGUOUS,", whip check or safety cable) designed to suppress the hose recoil when a pressurized release occurs",1062,1162,True,DERIVED_FACT,AMBIGUOUS_PARTIAL_MATCH,False
EVT-BSEE-0064,IOGP-07,Safe mechanical lifting,EXPLICIT,UNSUPPORTED,UNSUPPORTED,NONE,-1,-1,False,UNGROUNDED,UNGROUNDED,False
EVT-BSEE-0065,IOGP-06,Line of fire,EXPLICIT,AMBIGUOUS,AMBIGUOUS,dropped object,1141,1155,True,DERIVED_FACT,AMBIGUOUS_PARTIAL_MATCH,False
EVT-BSEE-0065,IOGP-07,Safe mechanical lifting,EXPLICIT,AMBIGUOUS,AMBIGUOUS,crane,650,655,True,DERIVED_FACT,AMBIGUOUS_PARTIAL_MATCH,False
EVT-BSEE-0066,IOGP-02,Confined space,EXPLICIT,UNSUPPORTED,UNSUPPORTED,NONE,-1,-1,False,UNGROUNDED,UNGROUNDED,False
EVT-BSEE-0066,IOGP-04,Energy isolation,EXPLICIT,DERIVED,DERIVED,isolation,2086,2095,True,SOURCE_FACT,EXPLICIT_SOURCE_TEXT,False
EVT-BSEE-0066,IOGP-05,Hot work,EXPLICIT,SUPPORTED,SUPPORTED,hot work,176,184,True,SOURCE_FACT,EXPLICIT_SOURCE_TEXT,False
EVT-BSEE-0066,IOGP-08,Work authorization,EXPLICIT,SUPPORTED,SUPPORTED,work permit,2302,2313,True,SOURCE_FACT,EXPLICIT_SOURCE_TEXT,False
EVT-BSEE-0066,IOGP-09,Working at height,EXPLICIT,UNSUPPORTED,UNSUPPORTED,NONE,-1,-1,False,UNGROUNDED,UNGROUNDED,False
EVT-BSEE-0067,IOGP-07,Safe mechanical lifting,EXPLICIT,AMBIGUOUS,AMBIGUOUS,gov Phone: (800) 200-4853 Figure 1 Figure 4 Figure 2 Figure 3 Commonly Found Ineffective Crane Stinger Hook Pin Installation: High potential for Injury and Equipment Damage A high-potential near-miss recently occurr,32,247,True,DERIVED_FACT,AMBIGUOUS_PARTIAL_MATCH,False
EVT-BSEE-0068,IOGP-07,Safe mechanical lifting,EXPLICIT,UNSUPPORTED,UNSUPPORTED,NONE,-1,-1,False,UNGROUNDED,UNGROUNDED,False
EVT-BSEE-0069,IOGP-05,Hot work,NONE,AMBIGUOUS,AMBIGUOUS,ignited,1510,1517,True,DERIVED_FACT,AMBIGUOUS_PARTIAL_MATCH,False
EVT-BSEE-0070,IOGP-03,Driving,NONE,DERIVED,DERIVED,driven,1154,1160,True,SOURCE_FACT,EXPLICIT_SOURCE_TEXT,False
EVT-BSEE-0070,IOGP-05,Hot work,EXPLICIT,SUPPORTED,SUPPORTED,welding,381,388,True,SOURCE_FACT,EXPLICIT_SOURCE_TEXT,False
EVT-BSEE-0070,IOGP-08,Work authorization,EXPLICIT,DERIVED,DERIVED,risk assessment,3895,3910,True,SOURCE_FACT,EXPLICIT_SOURCE_TEXT,False
EVT-BSEE-0071,IOGP-06,Line of fire,EXPLICIT,AMBIGUOUS,AMBIGUOUS,"ddition, diminished integrity of wire rope and synthetic slings exposed to weather elements have also been identified as dropped object hazards",871,1014,True,DERIVED_FACT,AMBIGUOUS_PARTIAL_MATCH,False
EVT-BSEE-0071,IOGP-07,Safe mechanical lifting,EXPLICIT,SUPPORTED,SUPPORTED,rds Associated with Cranes on Idle Facilities Pose Safety and Environmental Risks BSEE inspectors have observed multiple crane components in poor condition on idle facilities throughout the Gulf of Mexico,62,266,True,SOURCE_FACT,EXPLICIT_SOURCE_TEXT,False
EVT-BSEE-0072,IOGP-05,Hot work,EXPLICIT,SUPPORTED,SUPPORTED,"gov Phone: (800) 200-4853 Poor Preparation Prior to Hot Work Leads to Fires Recently, several fires occurring during hot work have been reported to BSEE",32,184,True,SOURCE_FACT,EXPLICIT_SOURCE_TEXT,False
EVT-BSEE-0072,IOGP-08,Work authorization,EXPLICIT,SUPPORTED,SUPPORTED,work permit,3884,3895,True,SOURCE_FACT,EXPLICIT_SOURCE_TEXT,False
EVT-BSEE-0072,IOGP-09,Working at height,EXPLICIT,SUPPORTED,SUPPORTED,Scaffolding,2813,2824,True,SOURCE_FACT,EXPLICIT_SOURCE_TEXT,False
EVT-BSEE-0073,IOGP-05,Hot work,EXPLICIT,UNSUPPORTED,UNSUPPORTED,NONE,-1,-1,False,UNGROUNDED,UNGROUNDED,False
EVT-BSEE-0073,IOGP-06,Line of fire,EXPLICIT,SUPPORTED,SUPPORTED,line of fire,2323,2335,True,SOURCE_FACT,EXPLICIT_SOURCE_TEXT,False
EVT-BSEE-0073,IOGP-07,Safe mechanical lifting,EXPLICIT,SUPPORTED,SUPPORTED,"gov Phone: (800) 200-4853 Unsafe Working Practices Result in Crane Injury In May 2022, a lead mechanic suffered a severe leg injury while performing a boom tip changeout on an offshore pe",32,219,True,SOURCE_FACT,EXPLICIT_SOURCE_TEXT,False
EVT-BSEE-0073,IOGP-08,Work authorization,EXPLICIT,SUPPORTED,SUPPORTED,JSA,1606,1609,True,SOURCE_FACT,EXPLICIT_SOURCE_TEXT,False
EVT-BSEE-0073,IOGP-09,Working at height,EXPLICIT,AMBIGUOUS,AMBIGUOUS,"ing connector pin, it unexpectedly ejected, causing the boom to drop and pinning the IP’s leg against a sledgehammer and grating (Figure 4), and fracturing the IP’s tibia",695,865,True,DERIVED_FACT,AMBIGUOUS_PARTIAL_MATCH,False
EVT-BSEE-0074,IOGP-05,Hot work,EXPLICIT,UNSUPPORTED,UNSUPPORTED,NONE,-1,-1,False,UNGROUNDED,UNGROUNDED,False
EVT-BSEE-0074,IOGP-06,Line of fire,EXPLICIT,SUPPORTED,SUPPORTED,line of fire,2254,2266,True,SOURCE_FACT,EXPLICIT_SOURCE_TEXT,False
EVT-BSEE-0074,IOGP-07,Safe mechanical lifting,EXPLICIT,SUPPORTED,SUPPORTED,"n March 2022, a loop in a sling moved while the crew was working to separate slings with the intent to hook them up to a crane",686,812,True,SOURCE_FACT,EXPLICIT_SOURCE_TEXT,False
EVT-BSEE-0074,IOGP-08,Work authorization,EXPLICIT,DERIVED,DERIVED,JSA,1729,1732,True,SOURCE_FACT,EXPLICIT_SOURCE_TEXT,False
EVT-BSEE-0075,IOGP-04,Energy isolation,EXPLICIT,SUPPORTED,SUPPORTED,depressurize,3018,3030,True,SOURCE_FACT,EXPLICIT_SOURCE_TEXT,False
EVT-BSEE-0075,IOGP-05,Hot work,EXPLICIT,UNSUPPORTED,UNSUPPORTED,NONE,-1,-1,False,UNGROUNDED,UNGROUNDED,False
EVT-BSEE-0075,IOGP-07,Safe mechanical lifting,EXPLICIT,DERIVED,DERIVED,rigging,1590,1597,True,SOURCE_FACT,EXPLICIT_SOURCE_TEXT,False
EVT-BSEE-0075,IOGP-08,Work authorization,EXPLICIT,SUPPORTED,SUPPORTED,JSA,1717,1720,True,SOURCE_FACT,EXPLICIT_SOURCE_TEXT,False
EVT-BSEE-0076,IOGP-01,Bypassing safety controls,NONE,AMBIGUOUS,AMBIGUOUS,Bridging,3357,3365,True,DERIVED_FACT,AMBIGUOUS_PARTIAL_MATCH,False
EVT-BSEE-0076,IOGP-08,Work authorization,DERIVED,DERIVED,DERIVED,Stop Work,4859,4868,True,SOURCE_FACT,EXPLICIT_SOURCE_TEXT,False
EVT-BSEE-0078,IOGP-02,Confined space,NONE,AMBIGUOUS,AMBIGUOUS,"Before(left) and After (right) Fatal Incident Recently, a hydraulic workover unit (HWU) toppled while being erected on a caisson located in 35-feet of water in the Gulf of Mexico, resulting in a contractor employee falling into the water",134,371,True,DERIVED_FACT,AMBIGUOUS_PARTIAL_MATCH,False
EVT-BSEE-0078,IOGP-03,Driving,NONE,AMBIGUOUS,AMBIGUOUS,drive,654,659,True,DERIVED_FACT,AMBIGUOUS_PARTIAL_MATCH,False
EVT-BSEE-0078,IOGP-07,Safe mechanical lifting,EXPLICIT,SUPPORTED,SUPPORTED,crane,1938,1943,True,SOURCE_FACT,EXPLICIT_SOURCE_TEXT,False
EVT-BSEE-0078,IOGP-08,Work authorization,NONE,DERIVED,DERIVED,Job Safety Analysis,2494,2513,True,SOURCE_FACT,EXPLICIT_SOURCE_TEXT,False
EVT-BSEE-0078,IOGP-09,Working at height,EXPLICIT,AMBIGUOUS,AMBIGUOUS,fall protection,830,845,True,DERIVED_FACT,AMBIGUOUS_PARTIAL_MATCH,False
EVT-BSEE-0079,IOGP-08,Work authorization,EXPLICIT,SUPPORTED,SUPPORTED,JSA,2479,2482,True,SOURCE_FACT,EXPLICIT_SOURCE_TEXT,False
EVT-BSEE-0079,IOGP-09,Working at height,EXPLICIT,AMBIGUOUS,AMBIGUOUS,"gov Phone: (800) 200-4853 Barricades and Fall Protection Will Help Prevent Injuries Even Without Open Holes Visible In the Calendar Year 2021, numerous grating incidents were re",32,209,True,DERIVED_FACT,AMBIGUOUS_PARTIAL_MATCH,False
EVT-BSEE-0080,IOGP-05,Hot work,EXPLICIT,SUPPORTED,SUPPORTED,ignition,2370,2378,True,SOURCE_FACT,EXPLICIT_SOURCE_TEXT,False
EVT-BSEE-0081,IOGP-04,Energy isolation,DERIVED,DERIVED,DERIVED,isolated,2748,2756,True,SOURCE_FACT,EXPLICIT_SOURCE_TEXT,False
EVT-BSEE-0081,IOGP-08,Work authorization,EXPLICIT,SUPPORTED,SUPPORTED,JSA,1725,1728,True,SOURCE_FACT,EXPLICIT_SOURCE_TEXT,False
EVT-BSEE-0082,IOGP-07,Safe mechanical lifting,EXPLICIT,SUPPORTED,SUPPORTED,"s in Communication and Preparation Lead to Failure of Synthetic Slings In May 2021, an incident occurred when a contract crane operator and two contract mechanics demobilized the facility’s gantry crane in preparation for the arrival of a platform",67,314,True,SOURCE_FACT,EXPLICIT_SOURCE_TEXT,False
EVT-BSEE-0082,IOGP-08,Work authorization,EXPLICIT,SUPPORTED,SUPPORTED,JSA,1783,1786,True,SOURCE_FACT,EXPLICIT_SOURCE_TEXT,False
EVT-BSEE-0084,IOGP-01,Bypassing safety controls,EXPLICIT,SUPPORTED,SUPPORTED,e’s Anti-two Block (A2B) weight fall on top of the auxiliary line ball after the A2B system alarmed and was subsequently bypassed,265,394,True,SOURCE_FACT,EXPLICIT_SOURCE_TEXT,False
EVT-BSEE-0084,IOGP-05,Hot work,EXPLICIT,UNSUPPORTED,UNSUPPORTED,NONE,-1,-1,False,UNGROUNDED,UNGROUNDED,False
EVT-BSEE-0084,IOGP-07,Safe mechanical lifting,EXPLICIT,AMBIGUOUS,AMBIGUOUS,gov Phone: (800) 200-4853 Crane Anti-Two Block Weight Pulled into Boom Tip Causing Damages to Auxiliary Cable and Sheave On Dec,32,159,True,DERIVED_FACT,AMBIGUOUS_PARTIAL_MATCH,False
EVT-BSEE-0084,IOGP-08,Work authorization,EXPLICIT,DERIVED,DERIVED,"systems on cranes and other material-handling equipment are not intentionally bypassed or overridden without appropriate authorization, communication, and oversight",4529,4693,True,SOURCE_FACT,EXPLICIT_SOURCE_TEXT,False
EVT-BSEE-0085,IOGP-08,Work authorization,EXPLICIT,SUPPORTED,SUPPORTED,stallation and start-up of the rental generator before the equipment arrives on-site and during the Job Safety Analysis (JSA),3115,3240,True,SOURCE_FACT,EXPLICIT_SOURCE_TEXT,False
EVT-BSEE-0086,IOGP-01,Bypassing safety controls,NONE,DERIVED,DERIVED,bridge,2560,2566,True,SOURCE_FACT,EXPLICIT_SOURCE_TEXT,False
EVT-BSEE-0086,IOGP-05,Hot work,EXPLICIT,SUPPORTED,SUPPORTED,ignitor,867,874,True,SOURCE_FACT,EXPLICIT_SOURCE_TEXT,False
EVT-BSEE-0088,IOGP-07,Safe mechanical lifting,EXPLICIT,SUPPORTED,SUPPORTED,"On 24 April 2021, while a lift boat (L/B) was performing plugging and abandonment work next to a fixed facility, the L/B crane operator notified the contract supervisor that the L/B needed to be raised because of rough seas",58,281,True,SOURCE_FACT,EXPLICIT_SOURCE_TEXT,False
EVT-BSEE-0088,IOGP-08,Work authorization,EXPLICIT,SUPPORTED,SUPPORTED,JSA,2255,2258,True,SOURCE_FACT,EXPLICIT_SOURCE_TEXT,False
EVT-BSEE-0089,IOGP-03,Driving,DERIVED,DERIVED,DERIVED,forklift,796,804,True,SOURCE_FACT,EXPLICIT_SOURCE_TEXT,False
EVT-BSEE-0089,IOGP-07,Safe mechanical lifting,EXPLICIT,AMBIGUOUS,AMBIGUOUS,owing: ·September 2021: An FIBC containing blasting operations material was lifted out of a cargo basket by the platform crane using its pre-manufactured straps,333,493,True,DERIVED_FACT,AMBIGUOUS_PARTIAL_MATCH,False
EVT-BSEE-0089,IOGP-09,Working at height,EXPLICIT,AMBIGUOUS,AMBIGUOUS,grating,745,752,True,DERIVED_FACT,AMBIGUOUS_PARTIAL_MATCH,False
EVT-BSEE-0090,IOGP-05,Hot work,DERIVED,AMBIGUOUS,AMBIGUOUS,welds,555,560,True,DERIVED_FACT,AMBIGUOUS_PARTIAL_MATCH,False
EVT-BSEE-0090,IOGP-09,Working at height,EXPLICIT,AMBIGUOUS,AMBIGUOUS,fall protection,1845,1860,True,DERIVED_FACT,AMBIGUOUS_PARTIAL_MATCH,False
EVT-BSEE-0091,IOGP-03,Driving,NONE,DERIVED,DERIVED,drives,438,444,True,SOURCE_FACT,EXPLICIT_SOURCE_TEXT,False
EVT-BSEE-0091,IOGP-06,Line of fire,EXPLICIT,AMBIGUOUS,AMBIGUOUS,gov Phone: (800) 200-4853 BSEE Identifies Dropped Object Hazards During Risk-Based Inspections Crane lifting a bundle of drill pipe while BSEE engineer observes the activity,32,205,True,DERIVED_FACT,AMBIGUOUS_PARTIAL_MATCH,False
EVT-BSEE-0091,IOGP-07,Safe mechanical lifting,EXPLICIT,SUPPORTED,SUPPORTED,gov Phone: (800) 200-4853 BSEE Identifies Dropped Object Hazards During Risk-Based Inspections Crane lifting a bundle of drill pipe while BSEE engineer observes the activity,32,205,True,SOURCE_FACT,EXPLICIT_SOURCE_TEXT,False
EVT-BSEE-0091,IOGP-08,Work authorization,EXPLICIT,UNSUPPORTED,UNSUPPORTED,NONE,-1,-1,False,UNGROUNDED,UNGROUNDED,False
EVT-BSEE-0091,IOGP-09,Working at height,EXPLICIT,DERIVED,DERIVED,ppear to have programs in place that identified and mitigated hazards associated with objects that have the potential to fall from height,833,970,True,SOURCE_FACT,EXPLICIT_SOURCE_TEXT,False
EVT-BSEE-0092,IOGP-03,Driving,DERIVED,DERIVED,DERIVED,drive,712,717,True,SOURCE_FACT,EXPLICIT_SOURCE_TEXT,False
EVT-BSEE-0093,IOGP-06,Line of fire,DERIVED,DERIVED,DERIVED,"gov August 12, 2021 Phone: (800) 200-4853 Recent Uptick in Lifting Injuries due to Unrecognized Pinch Point Hazards In the first half of Calendar Year 2021, numerous incidents reported to BSEE were classified as pinch points, re",53,281,True,SOURCE_FACT,EXPLICIT_SOURCE_TEXT,False
EVT-BSEE-0093,IOGP-07,Safe mechanical lifting,EXPLICIT,SUPPORTED,SUPPORTED,crane,819,824,True,SOURCE_FACT,EXPLICIT_SOURCE_TEXT,False
EVT-BSEE-0093,IOGP-08,Work authorization,NONE,AMBIGUOUS,AMBIGUOUS,", sea state and wind speed), and Stop Work Authority",2413,2465,True,DERIVED_FACT,AMBIGUOUS_PARTIAL_MATCH,False
EVT-BSEE-0093,IOGP-09,Working at height,EXPLICIT,AMBIGUOUS,AMBIGUOUS,grating,1489,1496,True,DERIVED_FACT,AMBIGUOUS_PARTIAL_MATCH,False
EVT-BSEE-0094,IOGP-09,Working at height,EXPLICIT,DERIVED,DERIVED,View of the loose grating from the well bay deck,0,48,True,SOURCE_FACT,EXPLICIT_SOURCE_TEXT,False
EVT-BSEE-0095,IOGP-03,Driving,DERIVED,DERIVED,DERIVED,transport,1897,1906,True,SOURCE_FACT,EXPLICIT_SOURCE_TEXT,False
EVT-BSEE-0095,IOGP-07,Safe mechanical lifting,EXPLICIT,SUPPORTED,SUPPORTED,gov Phone: (800) 200-4853 Miscommunication of Load Weight Leads to a High Potential Lifting Near Miss A crane offloading cargo struggled with the weight of a load being lifted from a supply vessel,107,303,True,SOURCE_FACT,EXPLICIT_SOURCE_TEXT,False
EVT-BSEE-0096,IOGP-08,Work authorization,EXPLICIT,UNSUPPORTED,UNSUPPORTED,NONE,-1,-1,False,UNGROUNDED,UNGROUNDED,False
EVT-BSEE-0097,IOGP-04,Energy isolation,DERIVED,SUPPORTED,SUPPORTED,Lockout,1408,1415,True,SOURCE_FACT,EXPLICIT_SOURCE_TEXT,False
EVT-BSEE-0097,IOGP-08,Work authorization,EXPLICIT,SUPPORTED,SUPPORTED,JSA,1397,1400,True,SOURCE_FACT,EXPLICIT_SOURCE_TEXT,False
EVT-BSEE-0098,IOGP-04,Energy isolation,EXPLICIT,SUPPORTED,SUPPORTED,"Subsea, Pollution An ROV was used to take samples of the discharge fluid and close the valve on the subsea tree, which isolated the leak",1408,1544,True,SOURCE_FACT,EXPLICIT_SOURCE_TEXT,False
EVT-BSEE-0099,IOGP-07,Safe mechanical lifting,EXPLICIT,SUPPORTED,SUPPORTED,crane,922,927,True,SOURCE_FACT,EXPLICIT_SOURCE_TEXT,False
EVT-BSEE-0099,IOGP-08,Work authorization,EXPLICIT,SUPPORTED,SUPPORTED,JSA,349,352,True,SOURCE_FACT,EXPLICIT_SOURCE_TEXT,False
EVT-BSEE-0100,IOGP-08,Work authorization,EXPLICIT,SUPPORTED,SUPPORTED,JSA,1848,1851,True,SOURCE_FACT,EXPLICIT_SOURCE_TEXT,False
EVT-BSEE-0101,IOGP-01,Bypassing safety controls,NONE,DERIVED,DERIVED,bridging,3115,3123,True,SOURCE_FACT,EXPLICIT_SOURCE_TEXT,False
EVT-BSEE-0101,IOGP-05,Hot work,EXPLICIT,SUPPORTED,SUPPORTED,hot work,1804,1812,True,SOURCE_FACT,EXPLICIT_SOURCE_TEXT,False
EVT-BSEE-0101,IOGP-07,Safe mechanical lifting,EXPLICIT,UNSUPPORTED,UNSUPPORTED,NONE,-1,-1,False,UNGROUNDED,UNGROUNDED,False
EVT-BSEE-0101,IOGP-09,Working at height,EXPLICIT,AMBIGUOUS,AMBIGUOUS,fall protection,4027,4042,True,DERIVED_FACT,AMBIGUOUS_PARTIAL_MATCH,False
EVT-BSEE-0102,IOGP-01,Bypassing safety controls,NONE,AMBIGUOUS,AMBIGUOUS,bridging,3872,3880,True,DERIVED_FACT,AMBIGUOUS_PARTIAL_MATCH,False
EVT-BSEE-0104,IOGP-09,Working at height,EXPLICIT,AMBIGUOUS,AMBIGUOUS,gure 1- Helideck structural support bracings in poor condition Figure 2- Collapsed helideck skirting Figure 3- Unsecured grating bracings in poor condition BSEE inspectors have observed severe corrosion and metal degradation across various facilitie,163,412,True,DERIVED_FACT,AMBIGUOUS_PARTIAL_MATCH,False
EVT-BSEE-0105,IOGP-04,Energy isolation,EXPLICIT,DERIVED,DERIVED,LOTO,2037,2041,True,SOURCE_FACT,EXPLICIT_SOURCE_TEXT,False
EVT-BSEE-0106,IOGP-03,Driving,NONE,AMBIGUOUS,AMBIGUOUS,drives,1237,1243,True,DERIVED_FACT,AMBIGUOUS_PARTIAL_MATCH,False
EVT-BSEE-0106,IOGP-04,Energy isolation,EXPLICIT,SUPPORTED,SUPPORTED,Lockout,1041,1048,True,SOURCE_FACT,EXPLICIT_SOURCE_TEXT,False
EVT-BSEE-0106,IOGP-07,Safe mechanical lifting,NONE,AMBIGUOUS,AMBIGUOUS,"h as variable frequency drives, motor starters, resistors, contactors, circuit breakers, fuses, disconnect switches, and overload relays",1213,1349,True,DERIVED_FACT,AMBIGUOUS_PARTIAL_MATCH,False
EVT-BSEE-0107,IOGP-05,Hot work,EXPLICIT,SUPPORTED,SUPPORTED,hot work,2331,2339,True,SOURCE_FACT,EXPLICIT_SOURCE_TEXT,False
EVT-BSEE-0107,IOGP-07,Safe mechanical lifting,EXPLICIT,DERIVED,DERIVED,"he following:  Confirm proper separation of electrical energy sources, such as electrical cords and welding leads, from rigging, fall arrest equipment or any other identified equipment on a work site that could cause physical damage",2032,2265,True,SOURCE_FACT,EXPLICIT_SOURCE_TEXT,False
EVT-BSEE-0107,IOGP-08,Work authorization,EXPLICIT,SUPPORTED,SUPPORTED,Permit to Work,2859,2873,True,SOURCE_FACT,EXPLICIT_SOURCE_TEXT,False
EVT-BSEE-0107,IOGP-09,Working at height,EXPLICIT,DERIVED,DERIVED,lanyard,561,568,True,SOURCE_FACT,EXPLICIT_SOURCE_TEXT,False
EVT-BSEE-0108,IOGP-09,Working at height,NONE,AMBIGUOUS,AMBIGUOUS,Fall from,85,94,True,DERIVED_FACT,AMBIGUOUS_PARTIAL_MATCH,False
EVT-BSEE-0109,IOGP-09,Working at height,EXPLICIT,UNSUPPORTED,UNSUPPORTED,NONE,-1,-1,False,UNGROUNDED,UNGROUNDED,False
EVT-BSEE-0110,IOGP-01,Bypassing safety controls,EXPLICIT,SUPPORTED,SUPPORTED,bypassed,4100,4108,True,SOURCE_FACT,EXPLICIT_SOURCE_TEXT,False
EVT-BSEE-0111,IOGP-07,Safe mechanical lifting,EXPLICIT,SUPPORTED,SUPPORTED,crane,3033,3038,True,SOURCE_FACT,EXPLICIT_SOURCE_TEXT,False
EVT-BSEE-0111,IOGP-08,Work authorization,EXPLICIT,SUPPORTED,SUPPORTED,ations 3 · Encourage personnel to stop work and evaluate hazards with all personnel involved in the job safety analysis (JSA) before considering activities outside the scope of work,3596,3777,True,SOURCE_FACT,EXPLICIT_SOURCE_TEXT,False
EVT-BSEE-0111,IOGP-09,Working at height,NONE,AMBIGUOUS,AMBIGUOUS,ctor personnel are specifically familiarized to the area where they will work and are aware of any existing or potential open hole hazards that could be created,3155,3315,True,DERIVED_FACT,AMBIGUOUS_PARTIAL_MATCH,False
EVT-BSEE-0113,IOGP-03,Driving,NONE,AMBIGUOUS,AMBIGUOUS,drive,2247,2252,True,DERIVED_FACT,AMBIGUOUS_PARTIAL_MATCH,False
EVT-BSEE-0113,IOGP-07,Safe mechanical lifting,EXPLICIT,AMBIGUOUS,AMBIGUOUS,"ors on the Outer Continental Shelf (OCS), with approximately 22% of the total number of reported incidents classified as crane/or lifting incidents",252,399,True,DERIVED_FACT,AMBIGUOUS_PARTIAL_MATCH,False
EVT-BSEE-0113,IOGP-08,Work authorization,EXPLICIT,SUPPORTED,SUPPORTED,ay not reflect the dynamics of reality for the workplace and should be improved beyond completing a Job Safety Analysis (JSA),2429,2554,True,SOURCE_FACT,EXPLICIT_SOURCE_TEXT,False
EVT-BSEE-0114,IOGP-04,Energy isolation,EXPLICIT,AMBIGUOUS,AMBIGUOUS,"d by the operators and drew multiple conclusions and recommendations on pandemic mitigation barriers, screening methods, isolating personnel who may have contracted the disease, etc",353,534,True,DERIVED_FACT,AMBIGUOUS_PARTIAL_MATCH,False
EVT-BSEE-0115,IOGP-05,Hot work,NONE,AMBIGUOUS,AMBIGUOUS,"idents An increased number of gas release incidents have occurred in the Gulf of Mexico Region due to leaks from cracked welds, ring gaskets, flange gaskets, inlet nozzles, pipeline risers, suction headers, pressure safety valves (PSVs), and fuel",135,381,True,DERIVED_FACT,AMBIGUOUS_PARTIAL_MATCH,False
EVT-BSEE-0116,IOGP-01,Bypassing safety controls,NONE,AMBIGUOUS,AMBIGUOUS,bypass,2602,2608,True,DERIVED_FACT,AMBIGUOUS_PARTIAL_MATCH,False
EVT-BSEE-0116,IOGP-04,Energy isolation,EXPLICIT,AMBIGUOUS,AMBIGUOUS,LOTO,2582,2586,True,DERIVED_FACT,AMBIGUOUS_PARTIAL_MATCH,False
EVT-BSEE-0117,IOGP-08,Work authorization,NONE,DERIVED,DERIVED,Job Safety Analysis,1982,2001,True,SOURCE_FACT,EXPLICIT_SOURCE_TEXT,False
EVT-BSEE-0118,IOGP-08,Work authorization,NONE,AMBIGUOUS,AMBIGUOUS,Job Safety Analysis,1964,1983,True,DERIVED_FACT,AMBIGUOUS_PARTIAL_MATCH,False
EVT-BSEE-0118,IOGP-09,Working at height,EXPLICIT,AMBIGUOUS,AMBIGUOUS,fall protection,1876,1891,True,DERIVED_FACT,AMBIGUOUS_PARTIAL_MATCH,False
EVT-BSEE-0119,IOGP-07,Safe mechanical lifting,DERIVED,DERIVED,DERIVED,winch,721,726,True,SOURCE_FACT,EXPLICIT_SOURCE_TEXT,False
EVT-BSEE-0119,IOGP-08,Work authorization,DERIVED,DERIVED,DERIVED,) in the Job Safety Analysis when lowering and/or launching a lifeboat for testing or drills and contact the Coast Guard Eighth District Outer Contin,3410,3559,True,SOURCE_FACT,EXPLICIT_SOURCE_TEXT,False
EVT-BSEE-0121,IOGP-01,Bypassing safety controls,NONE,AMBIGUOUS,AMBIGUOUS,"to OEM instructions (ground fault relays, fuses and circuit breakers) to protect power cable, motors and input rectifier bridge",2537,2664,True,DERIVED_FACT,AMBIGUOUS_PARTIAL_MATCH,False
EVT-BSEE-0121,IOGP-03,Driving,DERIVED,DERIVED,DERIVED,Drives,124,130,True,SOURCE_FACT,EXPLICIT_SOURCE_TEXT,False
EVT-BSEE-0123,IOGP-04,Energy isolation,DERIVED,DERIVED,DERIVED,isolate,1603,1610,True,SOURCE_FACT,EXPLICIT_SOURCE_TEXT,False
EVT-BSEE-0123,IOGP-08,Work authorization,EXPLICIT,DERIVED,DERIVED,risk assessment,2413,2428,True,SOURCE_FACT,EXPLICIT_SOURCE_TEXT,False
EVT-BSEE-0124,IOGP-05,Hot work,EXPLICIT,UNSUPPORTED,UNSUPPORTED,NONE,-1,-1,False,UNGROUNDED,UNGROUNDED,False
EVT-BSEE-0124,IOGP-07,Safe mechanical lifting,EXPLICIT,SUPPORTED,SUPPORTED,crane,786,791,True,SOURCE_FACT,EXPLICIT_SOURCE_TEXT,False
EVT-BSEE-0124,IOGP-08,Work authorization,DERIVED,AMBIGUOUS,AMBIGUOUS,Job Safety Analysis,2386,2405,True,DERIVED_FACT,AMBIGUOUS_PARTIAL_MATCH,False
EVT-BSEE-0125,IOGP-06,Line of fire,EXPLICIT,DERIVED,DERIVED,"d, including when a contract operator slipped while using a swing rope and fell into the water, and when a deck hand was struck by a personnel basket and fell into the water",678,851,True,SOURCE_FACT,EXPLICIT_SOURCE_TEXT,False
EVT-BSEE-0125,IOGP-08,Work authorization,NONE,AMBIGUOUS,AMBIGUOUS,stop work,1304,1313,True,DERIVED_FACT,AMBIGUOUS_PARTIAL_MATCH,False
EVT-BSEE-0126,IOGP-07,Safe mechanical lifting,EXPLICIT,AMBIGUOUS,AMBIGUOUS,Crane,137,142,True,DERIVED_FACT,AMBIGUOUS_PARTIAL_MATCH,False
EVT-BSEE-0126,IOGP-08,Work authorization,NONE,DERIVED,DERIVED,Job Safety Analysis,1035,1054,True,SOURCE_FACT,EXPLICIT_SOURCE_TEXT,False
EVT-BSEE-0128,IOGP-05,Hot work,EXPLICIT,SUPPORTED,SUPPORTED,113(2) to Hot Work Permits,3670,3696,True,SOURCE_FACT,EXPLICIT_SOURCE_TEXT,False
EVT-BSEE-0128,IOGP-08,Work authorization,EXPLICIT,SUPPORTED,SUPPORTED,JSA,941,944,True,SOURCE_FACT,EXPLICIT_SOURCE_TEXT,False
EVT-BSEE-0128,IOGP-09,Working at height,EXPLICIT,DERIVED,DERIVED,Scaffolding,1033,1044,True,SOURCE_FACT,EXPLICIT_SOURCE_TEXT,False
EVT-BSEE-0129,IOGP-02,Confined space,EXPLICIT,UNSUPPORTED,UNSUPPORTED,NONE,-1,-1,False,UNGROUNDED,UNGROUNDED,False
EVT-BSEE-0129,IOGP-05,Hot work,EXPLICIT,SUPPORTED,SUPPORTED,hot work,2080,2088,True,SOURCE_FACT,EXPLICIT_SOURCE_TEXT,False
EVT-BSEE-0131,IOGP-05,Hot work,NONE,AMBIGUOUS,AMBIGUOUS,"in worn or defective mechanical components, which allows materials, such as hydraulic fluid, engine oil, and coolant, to ignite on a hot surface like an engine exhaust manifold/pipe or turbocharger casing",418,622,True,DERIVED_FACT,AMBIGUOUS_PARTIAL_MATCH,False
EVT-BSEE-0133,IOGP-03,Driving,NONE,DERIVED,DERIVED,electrical power associated · Skid-mounted equipment with no electrical connection to a facility’s power system · Engine-driven skid-mounted equipment (not including generators) with no electrical connection to a facility’s power system · Non-condu,2254,2502,True,SOURCE_FACT,EXPLICIT_SOURCE_TEXT,False
EVT-BSEE-0133,IOGP-05,Hot work,EXPLICIT,DERIVED,DERIVED,"he bonded objects at the same level of potential energy, which can reduce or eliminate the risk of static electricity or sparks",1512,1639,True,SOURCE_FACT,EXPLICIT_SOURCE_TEXT,False
EVT-BSEE-0134,IOGP-06,Line of fire,EXPLICIT,SUPPORTED,SUPPORTED,"ionally, control of loads, roles and responsibilities of personnel involved, securement of loads, lifting of tote tanks, line of fire, and confirmation of clear areas during blind lowering were also noted",624,828,True,SOURCE_FACT,EXPLICIT_SOURCE_TEXT,False
EVT-BSEE-0134,IOGP-07,Safe mechanical lifting,EXPLICIT,SUPPORTED,SUPPORTED,crane,1366,1371,True,SOURCE_FACT,EXPLICIT_SOURCE_TEXT,False
EVT-BSEE-0134,IOGP-08,Work authorization,EXPLICIT,DERIVED,DERIVED,Job Safety Analysis,952,971,True,SOURCE_FACT,EXPLICIT_SOURCE_TEXT,False
EVT-BSEE-0136,IOGP-01,Bypassing safety controls,NONE,AMBIGUOUS,AMBIGUOUS,bridging,4838,4846,True,DERIVED_FACT,AMBIGUOUS_PARTIAL_MATCH,False
EVT-BSEE-0136,IOGP-02,Confined space,EXPLICIT,SUPPORTED,SUPPORTED,confined space,1821,1835,True,SOURCE_FACT,EXPLICIT_SOURCE_TEXT,False
EVT-BSEE-0136,IOGP-05,Hot work,EXPLICIT,SUPPORTED,SUPPORTED,hot work,1793,1801,True,SOURCE_FACT,EXPLICIT_SOURCE_TEXT,False
EVT-BSEE-0136,IOGP-08,Work authorization,NONE,DERIVED,DERIVED,Stop Work,3514,3523,True,SOURCE_FACT,EXPLICIT_SOURCE_TEXT,False
EVT-BSEE-0137,IOGP-01,Bypassing safety controls,NONE,DERIVED,DERIVED,Jumper,88,94,True,SOURCE_FACT,EXPLICIT_SOURCE_TEXT,False
EVT-BSEE-0138,IOGP-05,Hot work,EXPLICIT,DERIVED,DERIVED,ignited,331,338,True,SOURCE_FACT,EXPLICIT_SOURCE_TEXT,False
EVT-BSEE-0139,IOGP-05,Hot work,NONE,AMBIGUOUS,AMBIGUOUS,weld,950,954,True,DERIVED_FACT,AMBIGUOUS_PARTIAL_MATCH,False
EVT-BSEE-0139,IOGP-09,Working at height,EXPLICIT,AMBIGUOUS,AMBIGUOUS,Grating,108,115,True,DERIVED_FACT,AMBIGUOUS_PARTIAL_MATCH,False
EVT-BSEE-0140,IOGP-01,Bypassing safety controls,EXPLICIT,AMBIGUOUS,AMBIGUOUS,Bypassed,95,103,True,DERIVED_FACT,AMBIGUOUS_PARTIAL_MATCH,False
EVT-BSEE-0140,IOGP-04,Energy isolation,EXPLICIT,SUPPORTED,SUPPORTED,lockout,2598,2605,True,SOURCE_FACT,EXPLICIT_SOURCE_TEXT,False
EVT-BSEE-0140,IOGP-08,Work authorization,DERIVED,SUPPORTED,SUPPORTED,Stop Work,2195,2204,True,SOURCE_FACT,EXPLICIT_SOURCE_TEXT,False
EVT-BSEE-0141,IOGP-06,Line of fire,DERIVED,DERIVED,DERIVED,"bruary 12, 2020 Phone: (504) 731-1496 Rig Floorman Pinned by Moving Equipment Storage location of the Iron Roughneck The pinch point between the control panel, Iron Roughneck and the construction floor guide roller assembly On November 9, 2019, a rig fl",46,299,True,SOURCE_FACT,EXPLICIT_SOURCE_TEXT,False
EVT-BSEE-0142,IOGP-07,Safe mechanical lifting,EXPLICIT,DERIVED,DERIVED,"Mathews January 14, 2020 Phone: (504) 731-1496 Original Equipment Manager Publishes Safety Notice Concerning a Defective Shackle Crosby recently issued a Safety Notice to its customers, detailing a possible defect in its 7/8” 6",36,263,True,SOURCE_FACT,EXPLICIT_SOURCE_TEXT,False
EVT-BSEE-0143,IOGP-05,Hot work,NONE,AMBIGUOUS,AMBIGUOUS,"n July 3, 2019, a fire occurred on a production platform located in the Gulf of Mexico when fluid from an air compressor ignited",126,254,True,DERIVED_FACT,AMBIGUOUS_PARTIAL_MATCH,False
EVT-BSEE-0143,IOGP-08,Work authorization,NONE,AMBIGUOUS,AMBIGUOUS,Job Safety Analysis,1917,1936,True,DERIVED_FACT,AMBIGUOUS_PARTIAL_MATCH,False
EVT-BSEE-0145,IOGP-05,Hot work,DERIVED,AMBIGUOUS,AMBIGUOUS,cutting,434,441,True,DERIVED_FACT,AMBIGUOUS_PARTIAL_MATCH,False
EVT-BSEE-0146,IOGP-03,Driving,NONE,AMBIGUOUS,AMBIGUOUS,Drive,981,986,True,DERIVED_FACT,AMBIGUOUS_PARTIAL_MATCH,False
EVT-BSEE-0146,IOGP-05,Hot work,NONE,AMBIGUOUS,AMBIGUOUS,welded,2270,2276,True,DERIVED_FACT,AMBIGUOUS_PARTIAL_MATCH,False
EVT-BSEE-0147,IOGP-05,Hot work,EXPLICIT,DERIVED,DERIVED,ignited,602,609,True,SOURCE_FACT,EXPLICIT_SOURCE_TEXT,False
EVT-BSEE-0148,IOGP-03,Driving,NONE,AMBIGUOUS,AMBIGUOUS,drive,445,450,True,DERIVED_FACT,AMBIGUOUS_PARTIAL_MATCH,False
EVT-BSEE-0148,IOGP-06,Line of fire,EXPLICIT,AMBIGUOUS,AMBIGUOUS,dropped object,1079,1093,True,DERIVED_FACT,AMBIGUOUS_PARTIAL_MATCH,False
EVT-BSEE-0149,IOGP-06,Line of fire,NONE,AMBIGUOUS,AMBIGUOUS,lve Under Pressure Causes Injury The lower left quarter of this photograph shows the twisted drain line tubing after the pressure release occurred,108,254,True,DERIVED_FACT,AMBIGUOUS_PARTIAL_MATCH,False
EVT-BSEE-0149,IOGP-08,Work authorization,EXPLICIT,SUPPORTED,SUPPORTED,JSA,1457,1460,True,SOURCE_FACT,EXPLICIT_SOURCE_TEXT,False
EVT-BSEE-0150,IOGP-05,Hot work,EXPLICIT,DERIVED,DERIVED,ignited,233,240,True,SOURCE_FACT,EXPLICIT_SOURCE_TEXT,False
EVT-BSEE-0151,IOGP-08,Work authorization,EXPLICIT,UNSUPPORTED,UNSUPPORTED,NONE,-1,-1,False,UNGROUNDED,UNGROUNDED,False
EVT-BSEE-0152,IOGP-07,Safe mechanical lifting,EXPLICIT,UNSUPPORTED,UNSUPPORTED,NONE,-1,-1,False,UNGROUNDED,UNGROUNDED,False
EVT-BSEE-0152,IOGP-08,Work authorization,DERIVED,SUPPORTED,SUPPORTED,Stop Work,2824,2833,True,SOURCE_FACT,EXPLICIT_SOURCE_TEXT,False
EVT-BSEE-0152,IOGP-09,Working at height,EXPLICIT,AMBIGUOUS,AMBIGUOUS,fall from,2783,2792,True,DERIVED_FACT,AMBIGUOUS_PARTIAL_MATCH,False
EVT-BSEE-0153,IOGP-03,Driving,EXPLICIT,AMBIGUOUS,AMBIGUOUS,Vehicle,2033,2040,True,DERIVED_FACT,AMBIGUOUS_PARTIAL_MATCH,False
EVT-BSEE-0153,IOGP-08,Work authorization,EXPLICIT,UNSUPPORTED,UNSUPPORTED,NONE,-1,-1,False,UNGROUNDED,UNGROUNDED,False
EVT-BSEE-0154,IOGP-07,Safe mechanical lifting,EXPLICIT,DERIVED,DERIVED,"” Before the crane operator could stop all activity, the rigger was lifted approximately five feet off the deck",935,1046,True,SOURCE_FACT,EXPLICIT_SOURCE_TEXT,False
EVT-BSEE-0154,IOGP-08,Work authorization,EXPLICIT,UNSUPPORTED,UNSUPPORTED,NONE,-1,-1,False,UNGROUNDED,UNGROUNDED,False
EVT-BSEE-0155,IOGP-05,Hot work,EXPLICIT,UNSUPPORTED,UNSUPPORTED,NONE,-1,-1,False,UNGROUNDED,UNGROUNDED,False
EVT-BSEE-0155,IOGP-06,Line of fire,EXPLICIT,DERIVED,DERIVED,"SAFETY ALERT Load Caution tape in the center of the photograph marks the location where a handrail broke off after being struck by a 15,500 lb",1822,1964,True,SOURCE_FACT,EXPLICIT_SOURCE_TEXT,False
EVT-BSEE-0155,IOGP-07,Safe mechanical lifting,EXPLICIT,SUPPORTED,SUPPORTED,Crane,91,96,True,SOURCE_FACT,EXPLICIT_SOURCE_TEXT,False
EVT-BSEE-0155,IOGP-08,Work authorization,EXPLICIT,SUPPORTED,SUPPORTED,JSA,3842,3845,True,SOURCE_FACT,EXPLICIT_SOURCE_TEXT,False
EVT-BSEE-0155,IOGP-09,Working at height,EXPLICIT,SUPPORTED,SUPPORTED,fall protection,804,819,True,SOURCE_FACT,EXPLICIT_SOURCE_TEXT,False
EVT-BSEE-0156,IOGP-03,Driving,NONE,AMBIGUOUS,AMBIGUOUS,Collision,80,89,True,DERIVED_FACT,AMBIGUOUS_PARTIAL_MATCH,False
EVT-BSEE-0156,IOGP-05,Hot work,EXPLICIT,UNSUPPORTED,UNSUPPORTED,NONE,-1,-1,False,UNGROUNDED,UNGROUNDED,False
EVT-BSEE-0156,IOGP-07,Safe mechanical lifting,EXPLICIT,AMBIGUOUS,AMBIGUOUS,crane,136,141,True,DERIVED_FACT,AMBIGUOUS_PARTIAL_MATCH,False
EVT-BSEE-0157,IOGP-07,Safe mechanical lifting,EXPLICIT,SUPPORTED,SUPPORTED,"” Therefore, BSEE recommends that operators consider the following: · Do not use come-alongs, chain hoists, backhoes, drill rigs or other mechanical, hydraulic or powered devices with pipe wrenches",1458,1655,True,SOURCE_FACT,EXPLICIT_SOURCE_TEXT,False
EVT-BSEE-0158,IOGP-07,Safe mechanical lifting,EXPLICIT,AMBIGUOUS,AMBIGUOUS,Crane,116,121,True,DERIVED_FACT,AMBIGUOUS_PARTIAL_MATCH,False
EVT-BSEE-0158,IOGP-08,Work authorization,EXPLICIT,SUPPORTED,SUPPORTED,JSA,595,598,True,SOURCE_FACT,EXPLICIT_SOURCE_TEXT,False
EVT-BSEE-0160,IOGP-04,Energy isolation,EXPLICIT,SUPPORTED,SUPPORTED,isolating,460,469,True,SOURCE_FACT,EXPLICIT_SOURCE_TEXT,False
EVT-BSEE-0161,IOGP-09,Working at height,EXPLICIT,AMBIGUOUS,AMBIGUOUS,Fall Protection,590,605,True,DERIVED_FACT,AMBIGUOUS_PARTIAL_MATCH,False
EVT-BSEE-0162,IOGP-05,Hot work,EXPLICIT,DERIVED,DERIVED,ignited,749,756,True,SOURCE_FACT,EXPLICIT_SOURCE_TEXT,False
EVT-BSEE-0163,IOGP-09,Working at height,EXPLICIT,SUPPORTED,SUPPORTED,"dentify an Open Hole Attendant / Hole Watch, with no other duties − and ensure that the person is equipped with adequate fall protection at all times",3567,3716,True,SOURCE_FACT,EXPLICIT_SOURCE_TEXT,False
EVT-BSEE-0164,IOGP-09,Working at height,EXPLICIT,AMBIGUOUS,AMBIGUOUS,grating,620,627,True,DERIVED_FACT,AMBIGUOUS_PARTIAL_MATCH,False
EVT-BSEE-0165,IOGP-07,Safe mechanical lifting,EXPLICIT,SUPPORTED,SUPPORTED,during the PBRI indicated there were potential gaps regarding the requirement of a designated spotter to ensure that the crane/winch/tugger operator has a visual line-of-sight during the entire personnel lift process on the rig floor,3082,3315,True,SOURCE_FACT,EXPLICIT_SOURCE_TEXT,False
EVT-BSEE-0165,IOGP-09,Working at height,NONE,AMBIGUOUS,AMBIGUOUS,fall protection,2449,2464,True,DERIVED_FACT,AMBIGUOUS_PARTIAL_MATCH,False
EVT-BSEE-0166,IOGP-05,Hot work,EXPLICIT,DERIVED,DERIVED,"over open grating in order to prevent hot grill debris from reaching the production deck or cellar deck, where potential ignition sources are prevalent",2389,2540,True,SOURCE_FACT,EXPLICIT_SOURCE_TEXT,False
EVT-BSEE-0166,IOGP-09,Working at height,EXPLICIT,AMBIGUOUS,AMBIGUOUS,tigators concluded that hot charcoal or grease exiting the grill’s drain line was carried by high winds through the open grating to the deck below,1111,1257,True,DERIVED_FACT,AMBIGUOUS_PARTIAL_MATCH,False
EVT-BSEE-0167,IOGP-07,Safe mechanical lifting,EXPLICIT,SUPPORTED,SUPPORTED,rigging,2045,2052,True,SOURCE_FACT,EXPLICIT_SOURCE_TEXT,False
EVT-BSEE-0169,IOGP-04,Energy isolation,DERIVED,DERIVED,DERIVED,lockout,1001,1008,True,SOURCE_FACT,EXPLICIT_SOURCE_TEXT,False
EVT-BSEE-0169,IOGP-07,Safe mechanical lifting,EXPLICIT,UNSUPPORTED,UNSUPPORTED,NONE,-1,-1,False,UNGROUNDED,UNGROUNDED,False
EVT-BSEE-0169,IOGP-08,Work authorization,EXPLICIT,DERIVED,DERIVED,JSA,2448,2451,True,SOURCE_FACT,EXPLICIT_SOURCE_TEXT,False
EVT-BSEE-0169,IOGP-09,Working at height,NONE,AMBIGUOUS,AMBIGUOUS,"31-1496 Dropped Riser Joint Nearly Crushes Floorhand Drilling riser being lifted with hydraulic running tool Riser after falling from hydraulic running tool On 9 January 2019, a drilling contractor working on a rig in the Gulf of Mexico was lifting a ris",71,325,True,DERIVED_FACT,AMBIGUOUS_PARTIAL_MATCH,False
EVT-BSEE-0171,IOGP-07,Safe mechanical lifting,EXPLICIT,SUPPORTED,SUPPORTED,"Near Miss On 13 October 2018, while lifting a construction lay down box (2500 lbs) from a motor vessel with the platform crane auxiliary line, the crane operator proceeded to raise the load",118,307,True,SOURCE_FACT,EXPLICIT_SOURCE_TEXT,False
EVT-BSEE-0173,IOGP-09,Working at height,EXPLICIT,UNSUPPORTED,UNSUPPORTED,NONE,-1,-1,False,UNGROUNDED,UNGROUNDED,False
EVT-BSEE-0175,IOGP-05,Hot work,EXPLICIT,DERIVED,DERIVED,spark,3088,3093,True,SOURCE_FACT,EXPLICIT_SOURCE_TEXT,False
EVT-BSEE-0175,IOGP-08,Work authorization,EXPLICIT,UNSUPPORTED,UNSUPPORTED,NONE,-1,-1,False,UNGROUNDED,UNGROUNDED,False
EVT-BSEE-0176,IOGP-01,Bypassing safety controls,NONE,AMBIGUOUS,AMBIGUOUS,jumper,538,544,True,DERIVED_FACT,AMBIGUOUS_PARTIAL_MATCH,False
EVT-BSEE-0176,IOGP-02,Confined space,NONE,AMBIGUOUS,AMBIGUOUS,Caisson,81,88,True,DERIVED_FACT,AMBIGUOUS_PARTIAL_MATCH,False
EVT-BSEE-0176,IOGP-08,Work authorization,EXPLICIT,SUPPORTED,SUPPORTED,JSA,2406,2409,True,SOURCE_FACT,EXPLICIT_SOURCE_TEXT,False
EVT-BSEE-0176,IOGP-09,Working at height,EXPLICIT,AMBIGUOUS,AMBIGUOUS,Grating,752,759,True,DERIVED_FACT,AMBIGUOUS_PARTIAL_MATCH,False
EVT-BSEE-0177,IOGP-05,Hot work,DERIVED,DERIVED,DERIVED,ignition,1186,1194,True,SOURCE_FACT,EXPLICIT_SOURCE_TEXT,False
EVT-BSEE-0178,IOGP-04,Energy isolation,DERIVED,DERIVED,DERIVED,Isolate,4121,4128,True,SOURCE_FACT,EXPLICIT_SOURCE_TEXT,False
EVT-BSEE-0179,IOGP-04,Energy isolation,DERIVED,DERIVED,DERIVED,isolated,1758,1766,True,SOURCE_FACT,EXPLICIT_SOURCE_TEXT,False
EVT-BSEE-0179,IOGP-05,Hot work,NONE,AMBIGUOUS,AMBIGUOUS,ignite,1434,1440,True,DERIVED_FACT,AMBIGUOUS_PARTIAL_MATCH,False
EVT-BSEE-0180,IOGP-03,Driving,NONE,DERIVED,DERIVED,orker sustained 1st and 2nd degree burns to his hands and face from a flash fire when starting a crane engine with a gas-driven starter,2379,2514,True,SOURCE_FACT,EXPLICIT_SOURCE_TEXT,False
EVT-BSEE-0180,IOGP-05,Hot work,NONE,AMBIGUOUS,AMBIGUOUS,cutting,1279,1286,True,DERIVED_FACT,AMBIGUOUS_PARTIAL_MATCH,False
EVT-BSEE-0180,IOGP-07,Safe mechanical lifting,EXPLICIT,SUPPORTED,SUPPORTED,"Contact: Jason Mathews 4 June 2018 Phone: (504) 731-1496 Recurring Hand Injury Incidents on the OCS On April 12, 2018, a crane was used to lift a full super sack of trash from a trash storage container",21,222,True,SOURCE_FACT,EXPLICIT_SOURCE_TEXT,False
EVT-BSEE-0180,IOGP-09,Working at height,NONE,AMBIGUOUS,AMBIGUOUS,derrick,2055,2062,True,DERIVED_FACT,AMBIGUOUS_PARTIAL_MATCH,False
EVT-BSEE-0181,IOGP-01,Bypassing safety controls,NONE,AMBIGUOUS,AMBIGUOUS,"s to Kick On November 12, 2017, a platform rig was performing abandonment work when the rig encountered pressure below a bridge plug during a milling operation",116,275,True,DERIVED_FACT,AMBIGUOUS_PARTIAL_MATCH,False
EVT-BSEE-0181,IOGP-03,Driving,NONE,AMBIGUOUS,AMBIGUOUS,drive,385,390,True,DERIVED_FACT,AMBIGUOUS_PARTIAL_MATCH,False
EVT-BSEE-0181,IOGP-05,Hot work,NONE,AMBIGUOUS,AMBIGUOUS,cutting,822,829,True,DERIVED_FACT,AMBIGUOUS_PARTIAL_MATCH,False
EVT-BSEE-0181,IOGP-08,Work authorization,NONE,AMBIGUOUS,AMBIGUOUS,Job Safety Analysis,2669,2688,True,DERIVED_FACT,AMBIGUOUS_PARTIAL_MATCH,False
EVT-BSEE-0181,IOGP-09,Working at height,NONE,AMBIGUOUS,AMBIGUOUS,derrick,368,375,True,DERIVED_FACT,AMBIGUOUS_PARTIAL_MATCH,False
EVT-BSEE-0183,IOGP-01,Bypassing safety controls,NONE,DERIVED,DERIVED,bypass,1343,1349,True,SOURCE_FACT,EXPLICIT_SOURCE_TEXT,False
EVT-BSEE-0184,IOGP-07,Safe mechanical lifting,EXPLICIT,SUPPORTED,SUPPORTED,Crane,78,83,True,SOURCE_FACT,EXPLICIT_SOURCE_TEXT,False
EVT-BSEE-0184,IOGP-08,Work authorization,EXPLICIT,DERIVED,DERIVED,SIMOPs,4024,4030,True,SOURCE_FACT,EXPLICIT_SOURCE_TEXT,False
EVT-BSEE-0185,IOGP-07,Safe mechanical lifting,EXPLICIT,SUPPORTED,SUPPORTED,crane,1491,1496,True,SOURCE_FACT,EXPLICIT_SOURCE_TEXT,False
EVT-BSEE-0185,IOGP-08,Work authorization,NONE,AMBIGUOUS,AMBIGUOUS,"o the Person in Charge of the facility  Stress the significance of patience, weather and sea conditions, and the use of Stop Work Authority  Consider developing fitness for duty requirements for personnel involved in transfers",3116,3344,True,DERIVED_FACT,AMBIGUOUS_PARTIAL_MATCH,False
EVT-BSEE-0185,IOGP-09,Working at height,NONE,DERIVED,DERIVED,derrick,1412,1419,True,SOURCE_FACT,EXPLICIT_SOURCE_TEXT,False
EVT-BSEE-0186,IOGP-05,Hot work,DERIVED,DERIVED,DERIVED,Welder,371,377,True,SOURCE_FACT,EXPLICIT_SOURCE_TEXT,False
EVT-BSEE-0186,IOGP-09,Working at height,EXPLICIT,AMBIGUOUS,AMBIGUOUS,harness,1218,1225,True,DERIVED_FACT,AMBIGUOUS_PARTIAL_MATCH,False
EVT-BSEE-0187,IOGP-05,Hot work,NONE,AMBIGUOUS,AMBIGUOUS,cutting,2642,2649,True,DERIVED_FACT,AMBIGUOUS_PARTIAL_MATCH,False
EVT-BSEE-0187,IOGP-07,Safe mechanical lifting,EXPLICIT,AMBIGUOUS,AMBIGUOUS,Crane,108,113,True,DERIVED_FACT,AMBIGUOUS_PARTIAL_MATCH,False
EVT-BSEE-0187,IOGP-09,Working at height,NONE,AMBIGUOUS,AMBIGUOUS,"up a slick joint to connect to the BOP stack, the joint became un-lodged from the riser running tool and fell across the derrick, causing structural damage to the main drawworks track support bracing, hydraulic line, electrical cables and cable tray",617,866,True,DERIVED_FACT,AMBIGUOUS_PARTIAL_MATCH,False
EVT-BSEE-0188,IOGP-01,Bypassing safety controls,DERIVED,DERIVED,DERIVED,Bridging,2477,2485,True,SOURCE_FACT,EXPLICIT_SOURCE_TEXT,False
EVT-BSEE-0188,IOGP-05,Hot work,EXPLICIT,AMBIGUOUS,AMBIGUOUS,welding,2404,2411,True,DERIVED_FACT,AMBIGUOUS_PARTIAL_MATCH,False
EVT-BSEE-0188,IOGP-08,Work authorization,EXPLICIT,UNSUPPORTED,UNSUPPORTED,NONE,-1,-1,False,UNGROUNDED,UNGROUNDED,False
EVT-BSEE-0189,IOGP-05,Hot work,DERIVED,DERIVED,DERIVED,ignited,922,929,True,SOURCE_FACT,EXPLICIT_SOURCE_TEXT,False
EVT-BSEE-0189,IOGP-08,Work authorization,EXPLICIT,SUPPORTED,SUPPORTED,JSA,2297,2300,True,SOURCE_FACT,EXPLICIT_SOURCE_TEXT,False
EVT-BSEE-0192,IOGP-09,Working at height,NONE,AMBIGUOUS,AMBIGUOUS,derrick,682,689,True,DERIVED_FACT,AMBIGUOUS_PARTIAL_MATCH,False
EVT-BSEE-0193,IOGP-03,Driving,EXPLICIT,AMBIGUOUS,AMBIGUOUS,Vehicle,2524,2531,True,DERIVED_FACT,AMBIGUOUS_PARTIAL_MATCH,False
EVT-BSEE-0195,IOGP-05,Hot work,EXPLICIT,UNSUPPORTED,UNSUPPORTED,NONE,-1,-1,False,UNGROUNDED,UNGROUNDED,False
EVT-BSEE-0195,IOGP-07,Safe mechanical lifting,EXPLICIT,AMBIGUOUS,AMBIGUOUS,crane,729,734,True,DERIVED_FACT,AMBIGUOUS_PARTIAL_MATCH,False
EVT-BSEE-0196,IOGP-06,Line of fire,EXPLICIT,UNSUPPORTED,UNSUPPORTED,NONE,-1,-1,False,UNGROUNDED,UNGROUNDED,False
EVT-BSEE-0199,IOGP-05,Hot work,NONE,AMBIGUOUS,AMBIGUOUS,cutting,3339,3346,True,DERIVED_FACT,AMBIGUOUS_PARTIAL_MATCH,False
EVT-BSEE-0199,IOGP-07,Safe mechanical lifting,EXPLICIT,SUPPORTED,SUPPORTED,rigging,2719,2726,True,SOURCE_FACT,EXPLICIT_SOURCE_TEXT,False
EVT-BSEE-0199,IOGP-08,Work authorization,DERIVED,DERIVED,DERIVED,Stop Work,3120,3129,True,SOURCE_FACT,EXPLICIT_SOURCE_TEXT,False
EVT-BSEE-0200,IOGP-03,Driving,DERIVED,DERIVED,DERIVED,Collision,1069,1078,True,SOURCE_FACT,EXPLICIT_SOURCE_TEXT,False
EVT-BSEE-0202,IOGP-04,Energy isolation,DERIVED,DERIVED,DERIVED,energized,898,907,True,SOURCE_FACT,EXPLICIT_SOURCE_TEXT,False
EVT-BSEE-0202,IOGP-08,Work authorization,EXPLICIT,DERIVED,DERIVED,JSA,2620,2623,True,SOURCE_FACT,EXPLICIT_SOURCE_TEXT,False
EVT-BSEE-0203,IOGP-07,Safe mechanical lifting,DERIVED,DERIVED,DERIVED,winch,480,485,True,SOURCE_FACT,EXPLICIT_SOURCE_TEXT,False
EVT-BSEE-0205,IOGP-05,Hot work,NONE,AMBIGUOUS,AMBIGUOUS,Ignited,1393,1400,True,DERIVED_FACT,AMBIGUOUS_PARTIAL_MATCH,False
EVT-BSEE-0207,IOGP-04,Energy isolation,DERIVED,DERIVED,DERIVED,energized,1781,1790,True,SOURCE_FACT,EXPLICIT_SOURCE_TEXT,False
EVT-BSEE-0207,IOGP-05,Hot work,NONE,AMBIGUOUS,AMBIGUOUS,welded,1853,1859,True,DERIVED_FACT,AMBIGUOUS_PARTIAL_MATCH,False
EVT-BSEE-0208,IOGP-05,Hot work,NONE,AMBIGUOUS,AMBIGUOUS,cutting,551,558,True,DERIVED_FACT,AMBIGUOUS_PARTIAL_MATCH,False
EVT-BSEE-0208,IOGP-07,Safe mechanical lifting,EXPLICIT,SUPPORTED,SUPPORTED,Crane,212,217,True,SOURCE_FACT,EXPLICIT_SOURCE_TEXT,False
EVT-BSEE-0209,IOGP-09,Working at height,EXPLICIT,AMBIGUOUS,AMBIGUOUS,grating,997,1004,True,DERIVED_FACT,AMBIGUOUS_PARTIAL_MATCH,False
EVT-BSEE-0211,IOGP-04,Energy isolation,DERIVED,DERIVED,DERIVED,"GPSN allowed “hot work” to be performed on piping connected to vessels that contained a flammable substance, but did not isolate or render the vessels or piping inert, and determined to be safe for welding or burning by the designated person-in-char",2000,2249,True,SOURCE_FACT,EXPLICIT_SOURCE_TEXT,False
EVT-BSEE-0211,IOGP-05,Hot work,EXPLICIT,SUPPORTED,SUPPORTED,Hot Work,1547,1555,True,SOURCE_FACT,EXPLICIT_SOURCE_TEXT,False
EVT-BSEE-0211,IOGP-08,Work authorization,EXPLICIT,SUPPORTED,SUPPORTED,Work Permit,2759,2770,True,SOURCE_FACT,EXPLICIT_SOURCE_TEXT,False
EVT-BSEE-0211,IOGP-09,Working at height,EXPLICIT,DERIVED,DERIVED,scaffolding,976,987,True,SOURCE_FACT,EXPLICIT_SOURCE_TEXT,False
EVT-BSEE-0212,IOGP-05,Hot work,EXPLICIT,UNSUPPORTED,UNSUPPORTED,NONE,-1,-1,False,UNGROUNDED,UNGROUNDED,False
EVT-BSEE-0212,IOGP-06,Line of fire,EXPLICIT,DERIVED,DERIVED,struck by,911,920,True,SOURCE_FACT,EXPLICIT_SOURCE_TEXT,False
EVT-BSEE-0212,IOGP-07,Safe mechanical lifting,EXPLICIT,SUPPORTED,SUPPORTED,Breaux 1 February 2013 (504) 736-2560 Boom Hoist Wire Rope Failure Results in Fatality Personnel were using the platform crane to load a rental generator onto a vessel,133,300,True,SOURCE_FACT,EXPLICIT_SOURCE_TEXT,False
EVT-BSEE-0212,IOGP-08,Work authorization,EXPLICIT,DERIVED,DERIVED,JSA,1421,1424,True,SOURCE_FACT,EXPLICIT_SOURCE_TEXT,False
EVT-BSEE-0214,IOGP-01,Bypassing safety controls,NONE,AMBIGUOUS,AMBIGUOUS,Bridge,221,227,True,DERIVED_FACT,AMBIGUOUS_PARTIAL_MATCH,False
EVT-BSEE-0214,IOGP-05,Hot work,EXPLICIT,UNSUPPORTED,UNSUPPORTED,NONE,-1,-1,False,UNGROUNDED,UNGROUNDED,False
EVT-BSEE-0214,IOGP-07,Safe mechanical lifting,EXPLICIT,AMBIGUOUS,AMBIGUOUS,"The P&A operation was being conducted on the main deck of the platform, from a lift boat, using a power swivel, BOPs and crane",428,554,True,DERIVED_FACT,AMBIGUOUS_PARTIAL_MATCH,False
EVT-BSEE-0215,IOGP-07,Safe mechanical lifting,EXPLICIT,AMBIGUOUS,AMBIGUOUS,crane,535,540,True,DERIVED_FACT,AMBIGUOUS_PARTIAL_MATCH,False
EVT-BSEE-0215,IOGP-08,Work authorization,EXPLICIT,DERIVED,DERIVED,JSA,1260,1263,True,SOURCE_FACT,EXPLICIT_SOURCE_TEXT,False
EVT-BSEE-0215,IOGP-09,Working at height,DERIVED,AMBIGUOUS,AMBIGUOUS,fall protection,1567,1582,True,DERIVED_FACT,AMBIGUOUS_PARTIAL_MATCH,False
EVT-BSEE-0216,IOGP-08,Work authorization,EXPLICIT,SUPPORTED,SUPPORTED,"or Array Cabinet (Blue and Yellow), HPU Interface Panel, HPTU Interface Panel, Diverter Interface A Job Safety Analysis (JSA) was not performed prior to entering the Driller’s panel, and the BSEE Safety Alert Safety Alert No",648,872,True,SOURCE_FACT,EXPLICIT_SOURCE_TEXT,False
EVT-BSEE-0217,IOGP-02,Confined space,DERIVED,DERIVED,DERIVED,void space,1507,1517,True,SOURCE_FACT,EXPLICIT_SOURCE_TEXT,False
EVT-BSEE-0217,IOGP-04,Energy isolation,DERIVED,DERIVED,DERIVED,"esults in Injury Prior to well temporary abandonment operations, the surface controlled subsurface safety valve had been isolated and replaced with a subsurface controlled safety valve",250,434,True,SOURCE_FACT,EXPLICIT_SOURCE_TEXT,False
EVT-BSEE-0217,IOGP-08,Work authorization,EXPLICIT,SUPPORTED,SUPPORTED,JSA,2486,2489,True,SOURCE_FACT,EXPLICIT_SOURCE_TEXT,False
EVT-BSEE-0218,IOGP-01,Bypassing safety controls,NONE,AMBIGUOUS,AMBIGUOUS,"ts in Injury During well temporary abandonment operations, electric line (eline) was used to set a 1,000 pound cast iron bridge plug assembly (the assembly)",247,403,True,DERIVED_FACT,AMBIGUOUS_PARTIAL_MATCH,False
EVT-BSEE-0218,IOGP-05,Hot work,EXPLICIT,UNSUPPORTED,UNSUPPORTED,NONE,-1,-1,False,UNGROUNDED,UNGROUNDED,False
EVT-BSEE-0218,IOGP-07,Safe mechanical lifting,EXPLICIT,AMBIGUOUS,AMBIGUOUS,"ce protocol, visual inspection of the wire rope associated with these units and wire rope change-out records (similar to crane wire rope protocols)",2126,2273,True,DERIVED_FACT,AMBIGUOUS_PARTIAL_MATCH,False
EVT-BSEE-0218,IOGP-08,Work authorization,EXPLICIT,SUPPORTED,SUPPORTED,JSA,1076,1079,True,SOURCE_FACT,EXPLICIT_SOURCE_TEXT,False
EVT-BSEE-0219,IOGP-04,Energy isolation,EXPLICIT,SUPPORTED,SUPPORTED,isolated,491,499,True,SOURCE_FACT,EXPLICIT_SOURCE_TEXT,False
EVT-BSEE-0219,IOGP-08,Work authorization,EXPLICIT,SUPPORTED,SUPPORTED,JSA,891,894,True,SOURCE_FACT,EXPLICIT_SOURCE_TEXT,False
EVT-BSEE-0220,IOGP-03,Driving,DERIVED,DERIVED,DERIVED,driven,2491,2497,True,SOURCE_FACT,EXPLICIT_SOURCE_TEXT,False
EVT-BSEE-0220,IOGP-05,Hot work,NONE,AMBIGUOUS,AMBIGUOUS,weld,910,914,True,DERIVED_FACT,AMBIGUOUS_PARTIAL_MATCH,False
EVT-BSEE-0220,IOGP-07,Safe mechanical lifting,EXPLICIT,DERIVED,DERIVED,shackle,2004,2011,True,SOURCE_FACT,EXPLICIT_SOURCE_TEXT,False
EVT-BSEE-0221,IOGP-05,Hot work,EXPLICIT,SUPPORTED,SUPPORTED,"occurred on a Clark VRA20 compressor, when the fuel gas line feeding the #5 L/B cylinder came apart, allowing the gas to ignite",297,424,True,SOURCE_FACT,EXPLICIT_SOURCE_TEXT,False
EVT-BSEE-0223,IOGP-04,Energy isolation,EXPLICIT,DERIVED,DERIVED,"ice is determined to be inoperative, battery chargers in particular, a competent person must ensure the proper method of isolation and discharge of the stored energy",1560,1725,True,SOURCE_FACT,EXPLICIT_SOURCE_TEXT,False
EVT-BSEE-0223,IOGP-05,Hot work,DERIVED,DERIVED,DERIVED,ignition,1105,1113,True,SOURCE_FACT,EXPLICIT_SOURCE_TEXT,False
EVT-BSEE-0224,IOGP-02,Confined space,DERIVED,DERIVED,DERIVED,mud pit,981,988,True,SOURCE_FACT,EXPLICIT_SOURCE_TEXT,False
EVT-BSEE-0224,IOGP-04,Energy isolation,EXPLICIT,DERIVED,DERIVED,LOTO,1456,1460,True,SOURCE_FACT,EXPLICIT_SOURCE_TEXT,False
EVT-BSEE-0224,IOGP-08,Work authorization,EXPLICIT,SUPPORTED,SUPPORTED,JSA,1297,1300,True,SOURCE_FACT,EXPLICIT_SOURCE_TEXT,False
EVT-BSEE-0225,IOGP-04,Energy isolation,EXPLICIT,SUPPORTED,SUPPORTED,e Operator failed to follow the company Lockout/Tagout procedures that require the use of blind flanges and skillets for isolating process piping prior to beginning work on the piping,1018,1201,True,SOURCE_FACT,EXPLICIT_SOURCE_TEXT,False
EVT-BSEE-0225,IOGP-05,Hot work,NONE,AMBIGUOUS,AMBIGUOUS,Cutting,217,224,True,DERIVED_FACT,AMBIGUOUS_PARTIAL_MATCH,False
EVT-BSEE-0225,IOGP-09,Working at height,EXPLICIT,UNSUPPORTED,UNSUPPORTED,NONE,-1,-1,False,UNGROUNDED,UNGROUNDED,False
EVT-BSEE-0226,IOGP-05,Hot work,EXPLICIT,SUPPORTED,SUPPORTED,"quires equipment containing hydrocarbons or other flammable surfaces be located at minimum 35 feet horizontally from the welding/hotwork area, or from the point of impact where slag, sparks, or other burning materials could fall",2102,2330,True,SOURCE_FACT,EXPLICIT_SOURCE_TEXT,False
EVT-BSEE-0227,IOGP-04,Energy isolation,EXPLICIT,SUPPORTED,SUPPORTED,isolate,610,617,True,SOURCE_FACT,EXPLICIT_SOURCE_TEXT,False
EVT-BSEE-0227,IOGP-08,Work authorization,EXPLICIT,SUPPORTED,SUPPORTED,JSA,554,557,True,SOURCE_FACT,EXPLICIT_SOURCE_TEXT,False
EVT-BSEE-0228,IOGP-07,Safe mechanical lifting,EXPLICIT,AMBIGUOUS,AMBIGUOUS,"commends the following to Lessees/Operators and their Drilling Contractors for any type of overhead trolley beam mounted crane (trolley crane) operation, including but not limited to a pipe handler:",2043,2241,True,DERIVED_FACT,AMBIGUOUS_PARTIAL_MATCH,False
EVT-BSEE-0228,IOGP-08,Work authorization,NONE,AMBIGUOUS,AMBIGUOUS,nvestigation that the pipe handler operator failed to confirm an “all clear” with the spotter and failed to exercise his Stop Work authority when he lost site of the spotter,1011,1184,True,DERIVED_FACT,AMBIGUOUS_PARTIAL_MATCH,False
EVT-BSEE-0229,IOGP-05,Hot work,EXPLICIT,SUPPORTED,SUPPORTED,ignited,641,648,True,SOURCE_FACT,EXPLICIT_SOURCE_TEXT,False
EVT-BSEE-0229,IOGP-08,Work authorization,EXPLICIT,SUPPORTED,SUPPORTED,JSA,863,866,True,SOURCE_FACT,EXPLICIT_SOURCE_TEXT,False
EVT-BSEE-0230,IOGP-05,Hot work,DERIVED,DERIVED,DERIVED,as migrated through the AC evaporator enclosure’s drain line and accumulated inside the AC evaporator enclosure prior to ignition,1170,1299,True,SOURCE_FACT,EXPLICIT_SOURCE_TEXT,False
EVT-BSEE-0231,IOGP-05,Hot work,EXPLICIT,SUPPORTED,SUPPORTED,ment Service (MMS) investigation into this incident revealed the following findings: Evidence indicates that a possible ignition source was a spark generated from the engagement of the starter bendix and the engine flywheel,866,1090,True,SOURCE_FACT,EXPLICIT_SOURCE_TEXT,False
EVT-BSEE-0231,IOGP-08,Work authorization,EXPLICIT,SUPPORTED,SUPPORTED,JSA,1116,1119,True,SOURCE_FACT,EXPLICIT_SOURCE_TEXT,False
EVT-BSEE-0232,IOGP-01,Bypassing safety controls,DERIVED,SUPPORTED,SUPPORTED,ing causes that may have prompted the event include: Possible Causes (1) Unintentional momentary opening of the packer’s bypass valve and/or sealing elements subsequent to perforating: The reverse shock wave created by 86 feet of 7 inch hollow carr,1424,1672,True,SOURCE_FACT,EXPLICIT_SOURCE_TEXT,False
EVT-BSEE-0232,IOGP-04,Energy isolation,DERIVED,DERIVED,DERIVED,isolate,4276,4283,True,SOURCE_FACT,EXPLICIT_SOURCE_TEXT,False
EVT-BSEE-0232,IOGP-07,Safe mechanical lifting,EXPLICIT,DERIVED,DERIVED,rigging,580,587,True,SOURCE_FACT,EXPLICIT_SOURCE_TEXT,False
EVT-BSEE-0233,IOGP-07,Safe mechanical lifting,EXPLICIT,AMBIGUOUS,AMBIGUOUS,Crane,180,185,True,DERIVED_FACT,AMBIGUOUS_PARTIAL_MATCH,False
EVT-BSEE-0233,IOGP-08,Work authorization,EXPLICIT,SUPPORTED,SUPPORTED,JSA,1802,1805,True,SOURCE_FACT,EXPLICIT_SOURCE_TEXT,False
EVT-BSEE-0234,IOGP-07,Safe mechanical lifting,EXPLICIT,AMBIGUOUS,AMBIGUOUS,hoist,371,376,True,DERIVED_FACT,AMBIGUOUS_PARTIAL_MATCH,False
EVT-BSEE-0234,IOGP-08,Work authorization,EXPLICIT,SUPPORTED,SUPPORTED,JSA,198,201,True,SOURCE_FACT,EXPLICIT_SOURCE_TEXT,False
EVT-BSEE-0235,IOGP-05,Hot work,EXPLICIT,AMBIGUOUS,AMBIGUOUS,welded,607,613,True,DERIVED_FACT,AMBIGUOUS_PARTIAL_MATCH,False
EVT-BSEE-0235,IOGP-07,Safe mechanical lifting,EXPLICIT,AMBIGUOUS,AMBIGUOUS,Hoist,203,208,True,DERIVED_FACT,AMBIGUOUS_PARTIAL_MATCH,False
EVT-BSEE-0235,IOGP-09,Working at height,NONE,AMBIGUOUS,AMBIGUOUS,derrick,745,752,True,DERIVED_FACT,AMBIGUOUS_PARTIAL_MATCH,False
EVT-BSEE-0236,IOGP-04,Energy isolation,NONE,AMBIGUOUS,AMBIGUOUS,energized,444,453,True,DERIVED_FACT,AMBIGUOUS_PARTIAL_MATCH,False
EVT-BSEE-0236,IOGP-06,Line of fire,EXPLICIT,SUPPORTED,SUPPORTED,Struck by,191,200,True,SOURCE_FACT,EXPLICIT_SOURCE_TEXT,False
EVT-BSEE-0236,IOGP-08,Work authorization,EXPLICIT,SUPPORTED,SUPPORTED,JSA,1237,1240,True,SOURCE_FACT,EXPLICIT_SOURCE_TEXT,False
EVT-BSEE-0237,IOGP-07,Safe mechanical lifting,EXPLICIT,SUPPORTED,SUPPORTED,Crane,2015,2020,True,SOURCE_FACT,EXPLICIT_SOURCE_TEXT,False
EVT-BSEE-0238,IOGP-03,Driving,NONE,AMBIGUOUS,AMBIGUOUS,led when Oil Pollution Pan Falls In a recent incident on a drilling rig a casing crew was rigging up to run 60-inch over-drive pipe,182,313,True,DERIVED_FACT,AMBIGUOUS_PARTIAL_MATCH,False
EVT-BSEE-0238,IOGP-05,Hot work,EXPLICIT,SUPPORTED,SUPPORTED,welders,319,326,True,SOURCE_FACT,EXPLICIT_SOURCE_TEXT,False
EVT-BSEE-0238,IOGP-07,Safe mechanical lifting,EXPLICIT,DERIVED,DERIVED,ril 2009 (504) 736-1757 One Killed when Oil Pollution Pan Falls In a recent incident on a drilling rig a casing crew was rigging up to run 60-inch over-drive pipe,151,313,True,SOURCE_FACT,EXPLICIT_SOURCE_TEXT,False
EVT-BSEE-0238,IOGP-08,Work authorization,EXPLICIT,DERIVED,DERIVED,JSA,1596,1599,True,SOURCE_FACT,EXPLICIT_SOURCE_TEXT,False
EVT-BSEE-0238,IOGP-09,Working at height,NONE,AMBIGUOUS,AMBIGUOUS,fall protection,1525,1540,True,DERIVED_FACT,AMBIGUOUS_PARTIAL_MATCH,False
EVT-BSEE-0239,IOGP-01,Bypassing safety controls,NONE,DERIVED,DERIVED,e machine operator in mind as a guarding method that interferes with the operation of the machine may cause employees to override them,2998,3132,True,SOURCE_FACT,EXPLICIT_SOURCE_TEXT,False
EVT-BSEE-0239,IOGP-04,Energy isolation,EXPLICIT,SUPPORTED,SUPPORTED,Lockout,2591,2598,True,SOURCE_FACT,EXPLICIT_SOURCE_TEXT,False
EVT-BSEE-0239,IOGP-05,Hot work,NONE,AMBIGUOUS,AMBIGUOUS,"ular), reciprocating motion (back-and-forth or up-and-down), transversing motion (motion in a continuous straight line), cutting action (may be rotating, reciprocating, or transverse), punching action, shearing action, bending action, and in-running",1605,1854,True,DERIVED_FACT,AMBIGUOUS_PARTIAL_MATCH,False
EVT-BSEE-0240,IOGP-02,Confined space,NONE,AMBIGUOUS,AMBIGUOUS,caisson,1114,1121,True,DERIVED_FACT,AMBIGUOUS_PARTIAL_MATCH,False
EVT-BSEE-0240,IOGP-04,Energy isolation,DERIVED,DERIVED,DERIVED,isolate,355,362,True,SOURCE_FACT,EXPLICIT_SOURCE_TEXT,False
EVT-BSEE-0241,IOGP-08,Work authorization,EXPLICIT,SUPPORTED,SUPPORTED,JSA,1174,1177,True,SOURCE_FACT,EXPLICIT_SOURCE_TEXT,False
EVT-BSEE-0244,IOGP-05,Hot work,DERIVED,DERIVED,DERIVED,welder,2196,2202,True,SOURCE_FACT,EXPLICIT_SOURCE_TEXT,False
EVT-BSEE-0244,IOGP-08,Work authorization,DERIVED,SUPPORTED,SUPPORTED,Stop Work,1548,1557,True,SOURCE_FACT,EXPLICIT_SOURCE_TEXT,False
EVT-BSEE-0247,IOGP-03,Driving,DERIVED,DERIVED,DERIVED,accident indicated that the failure was caused by multiple management oversight issues and improper use of the rig’s top drive gear usage as follows:,744,893,True,SOURCE_FACT,EXPLICIT_SOURCE_TEXT,False
EVT-BSEE-0248,IOGP-04,Energy isolation,NONE,AMBIGUOUS,AMBIGUOUS,isolate,1727,1734,True,DERIVED_FACT,AMBIGUOUS_PARTIAL_MATCH,False
EVT-BSEE-0248,IOGP-05,Hot work,EXPLICIT,SUPPORTED,SUPPORTED,hot work,1684,1692,True,SOURCE_FACT,EXPLICIT_SOURCE_TEXT,False
EVT-BSEE-0248,IOGP-08,Work authorization,EXPLICIT,DERIVED,DERIVED,JSA,1800,1803,True,SOURCE_FACT,EXPLICIT_SOURCE_TEXT,False
EVT-BSEE-0248,IOGP-09,Working at height,EXPLICIT,UNSUPPORTED,UNSUPPORTED,NONE,-1,-1,False,UNGROUNDED,UNGROUNDED,False
EVT-BSEE-0249,IOGP-05,Hot work,EXPLICIT,DERIVED,DERIVED,igniting,796,804,True,SOURCE_FACT,EXPLICIT_SOURCE_TEXT,False
EVT-BSEE-0252,IOGP-03,Driving,NONE,AMBIGUOUS,AMBIGUOUS,driven,1482,1488,True,DERIVED_FACT,AMBIGUOUS_PARTIAL_MATCH,False
EVT-BSEE-0252,IOGP-05,Hot work,DERIVED,DERIVED,DERIVED,ignite,383,389,True,SOURCE_FACT,EXPLICIT_SOURCE_TEXT,False
EVT-BSEE-0253,IOGP-07,Safe mechanical lifting,EXPLICIT,AMBIGUOUS,AMBIGUOUS,Crane,183,188,True,DERIVED_FACT,AMBIGUOUS_PARTIAL_MATCH,False
EVT-BSEE-0254,IOGP-01,Bypassing safety controls,EXPLICIT,AMBIGUOUS,AMBIGUOUS,bypassed,896,904,True,DERIVED_FACT,AMBIGUOUS_PARTIAL_MATCH,False
EVT-BSEE-0255,IOGP-03,Driving,NONE,AMBIGUOUS,AMBIGUOUS,ck and tackle assembly to the top of one of the V-door guide posts and used the air hoist to attempt to rotate a 48-inch drive pipe string,291,429,True,DERIVED_FACT,AMBIGUOUS_PARTIAL_MATCH,False
EVT-BSEE-0255,IOGP-05,Hot work,NONE,AMBIGUOUS,AMBIGUOUS,"to position and when one of the floormen went to check the connection, the V-door guide post suddenly broke off from its weld",471,596,True,DERIVED_FACT,AMBIGUOUS_PARTIAL_MATCH,False
EVT-BSEE-0255,IOGP-07,Safe mechanical lifting,EXPLICIT,AMBIGUOUS,AMBIGUOUS,rilling rig a floor crew rigged a block and tackle assembly to the top of one of the V-door guide posts and used the air hoist to attempt to rotate a 48-inch drive pipe string,254,429,True,DERIVED_FACT,AMBIGUOUS_PARTIAL_MATCH,False
EVT-BSEE-0255,IOGP-08,Work authorization,EXPLICIT,SUPPORTED,SUPPORTED,JSA,1944,1947,True,SOURCE_FACT,EXPLICIT_SOURCE_TEXT,False
EVT-BSEE-0256,IOGP-03,Driving,DERIVED,DERIVED,DERIVED,driven,1136,1142,True,SOURCE_FACT,EXPLICIT_SOURCE_TEXT,False
EVT-BSEE-0256,IOGP-07,Safe mechanical lifting,EXPLICIT,DERIVED,DERIVED,shackle,649,656,True,SOURCE_FACT,EXPLICIT_SOURCE_TEXT,False
EVT-BSEE-0257,IOGP-03,Driving,NONE,DERIVED,DERIVED,drive,343,348,True,SOURCE_FACT,EXPLICIT_SOURCE_TEXT,False
EVT-BSEE-0257,IOGP-05,Hot work,NONE,AMBIGUOUS,AMBIGUOUS,cutting,311,318,True,DERIVED_FACT,AMBIGUOUS_PARTIAL_MATCH,False
EVT-BSEE-0257,IOGP-08,Work authorization,NONE,AMBIGUOUS,AMBIGUOUS,Job Safety Analysis,1510,1529,True,DERIVED_FACT,AMBIGUOUS_PARTIAL_MATCH,False
EVT-BSEE-0257,IOGP-09,Working at height,NONE,AMBIGUOUS,AMBIGUOUS,open hole,1721,1730,True,DERIVED_FACT,AMBIGUOUS_PARTIAL_MATCH,False
EVT-BSEE-0258,IOGP-03,Driving,NONE,DERIVED,DERIVED,drive,832,837,True,SOURCE_FACT,EXPLICIT_SOURCE_TEXT,False
EVT-BSEE-0258,IOGP-05,Hot work,EXPLICIT,UNSUPPORTED,UNSUPPORTED,NONE,-1,-1,False,UNGROUNDED,UNGROUNDED,False
EVT-BSEE-0258,IOGP-06,Line of fire,DERIVED,DERIVED,DERIVED,pinch point,1121,1132,True,SOURCE_FACT,EXPLICIT_SOURCE_TEXT,False
EVT-BSEE-0258,IOGP-07,Safe mechanical lifting,EXPLICIT,SUPPORTED,SUPPORTED,Crane,184,189,True,SOURCE_FACT,EXPLICIT_SOURCE_TEXT,False
EVT-BSEE-0261,IOGP-07,Safe mechanical lifting,EXPLICIT,SUPPORTED,SUPPORTED,rigging,2092,2099,True,SOURCE_FACT,EXPLICIT_SOURCE_TEXT,False
EVT-BSEE-0264,IOGP-02,Confined space,DERIVED,SUPPORTED,SUPPORTED,bing Causes Drowning A P&A operation using a unique work platform and special procedure was being conducted on a toppled caisson bent almost flat by a hurricane,108,268,True,SOURCE_FACT,EXPLICIT_SOURCE_TEXT,False
EVT-BSEE-0264,IOGP-07,Safe mechanical lifting,EXPLICIT,SUPPORTED,SUPPORTED,crane,409,414,True,SOURCE_FACT,EXPLICIT_SOURCE_TEXT,False
EVT-BSEE-0264,IOGP-08,Work authorization,EXPLICIT,DERIVED,DERIVED,JSA,1170,1173,True,SOURCE_FACT,EXPLICIT_SOURCE_TEXT,False
EVT-BSEE-0264,IOGP-09,Working at height,EXPLICIT,AMBIGUOUS,AMBIGUOUS,fall protection,616,631,True,DERIVED_FACT,AMBIGUOUS_PARTIAL_MATCH,False
EVT-BSEE-0265,IOGP-08,Work authorization,DERIVED,DERIVED,DERIVED,"fy potential hazards and mitigations, outline the process for managing changes in the job, and stress the importance of “Stop Work” authority and reporting unsafe acts and conditions",2268,2450,True,SOURCE_FACT,EXPLICIT_SOURCE_TEXT,False
EVT-BSEE-0267,IOGP-05,Hot work,EXPLICIT,DERIVED,DERIVED,"lycol tower and upsteam of the tower SDV, resulting in glycol, condensate, and gas spraying onto the glycol reboiler and igniting",408,537,True,SOURCE_FACT,EXPLICIT_SOURCE_TEXT,False
EVT-BSEE-0268,IOGP-09,Working at height,EXPLICIT,AMBIGUOUS,AMBIGUOUS,"es in place to alert anyone boarding the platform of present dangers, which included holes in the deck caused by missing grating",274,402,True,DERIVED_FACT,AMBIGUOUS_PARTIAL_MATCH,False
EVT-BSEE-0269,IOGP-05,Hot work,EXPLICIT,DERIVED,DERIVED,"ycol tower and upstream of the tower SDV, resulting in glycol, condensate, and gas spraying onto the glycol reboiler and igniting",408,537,True,SOURCE_FACT,EXPLICIT_SOURCE_TEXT,False
EVT-BSEE-0270,IOGP-03,Driving,DERIVED,DERIVED,DERIVED,transport,895,904,True,SOURCE_FACT,EXPLICIT_SOURCE_TEXT,False
EVT-BSEE-0270,IOGP-05,Hot work,EXPLICIT,DERIVED,DERIVED,ignited,413,420,True,SOURCE_FACT,EXPLICIT_SOURCE_TEXT,False
EVT-BSEE-0270,IOGP-07,Safe mechanical lifting,EXPLICIT,AMBIGUOUS,AMBIGUOUS,crane,312,317,True,DERIVED_FACT,AMBIGUOUS_PARTIAL_MATCH,False
EVT-BSEE-0270,IOGP-08,Work authorization,EXPLICIT,DERIVED,DERIVED,JSA,1871,1874,True,SOURCE_FACT,EXPLICIT_SOURCE_TEXT,False
EVT-BSEE-0271,IOGP-05,Hot work,NONE,AMBIGUOUS,AMBIGUOUS,welded,322,328,True,DERIVED_FACT,AMBIGUOUS_PARTIAL_MATCH,False
EVT-BSEE-0271,IOGP-07,Safe mechanical lifting,EXPLICIT,AMBIGUOUS,AMBIGUOUS,crane,345,350,True,DERIVED_FACT,AMBIGUOUS_PARTIAL_MATCH,False
EVT-BSEE-0271,IOGP-08,Work authorization,EXPLICIT,DERIVED,DERIVED,JSA,1452,1455,True,SOURCE_FACT,EXPLICIT_SOURCE_TEXT,False
EVT-BSEE-0271,IOGP-09,Working at height,EXPLICIT,AMBIGUOUS,AMBIGUOUS,Fall Protection,122,137,True,DERIVED_FACT,AMBIGUOUS_PARTIAL_MATCH,False
EVT-BSEE-0273,IOGP-03,Driving,DERIVED,DERIVED,DERIVED,drive,301,306,True,SOURCE_FACT,EXPLICIT_SOURCE_TEXT,False
EVT-BSEE-0273,IOGP-04,Energy isolation,NONE,AMBIGUOUS,AMBIGUOUS,"g operations, an employee was fatally crushed between two joints of pipe when a pipe conveyor system became unexpectedly energized",1027,1157,True,DERIVED_FACT,AMBIGUOUS_PARTIAL_MATCH,False
EVT-BSEE-0273,IOGP-05,Hot work,EXPLICIT,AMBIGUOUS,AMBIGUOUS,weld,771,775,True,DERIVED_FACT,AMBIGUOUS_PARTIAL_MATCH,False
EVT-BSEE-0273,IOGP-07,Safe mechanical lifting,EXPLICIT,UNSUPPORTED,UNSUPPORTED,NONE,-1,-1,False,UNGROUNDED,UNGROUNDED,False
EVT-BSEE-0273,IOGP-08,Work authorization,EXPLICIT,DERIVED,DERIVED,"e but not be limited to the requirement of job safety analyses, pre-task safety meetings, hazard analyses with resultant risk assessment and management, and adherence to established task procedural guidelines",2053,2261,True,SOURCE_FACT,EXPLICIT_SOURCE_TEXT,False
EVT-BSEE-0273,IOGP-09,Working at height,EXPLICIT,AMBIGUOUS,AMBIGUOUS,grating,927,934,True,DERIVED_FACT,AMBIGUOUS_PARTIAL_MATCH,False
EVT-BSEE-0274,IOGP-03,Driving,NONE,AMBIGUOUS,AMBIGUOUS,drive,132,137,True,DERIVED_FACT,AMBIGUOUS_PARTIAL_MATCH,False
EVT-BSEE-0278,IOGP-04,Energy isolation,NONE,AMBIGUOUS,AMBIGUOUS,isolate,1664,1671,True,DERIVED_FACT,AMBIGUOUS_PARTIAL_MATCH,False
EVT-BSEE-0278,IOGP-05,Hot work,EXPLICIT,SUPPORTED,SUPPORTED,hot work,1621,1629,True,SOURCE_FACT,EXPLICIT_SOURCE_TEXT,False
EVT-BSEE-0278,IOGP-08,Work authorization,EXPLICIT,DERIVED,DERIVED,JSA,1737,1740,True,SOURCE_FACT,EXPLICIT_SOURCE_TEXT,False
EVT-BSEE-0278,IOGP-09,Working at height,EXPLICIT,UNSUPPORTED,UNSUPPORTED,NONE,-1,-1,False,UNGROUNDED,UNGROUNDED,False
EVT-BSEE-0279,IOGP-03,Driving,EXPLICIT,AMBIGUOUS,AMBIGUOUS,drive,291,296,True,DERIVED_FACT,AMBIGUOUS_PARTIAL_MATCH,False
EVT-BSEE-0287,IOGP-04,Energy isolation,EXPLICIT,DERIVED,DERIVED,isolation,1730,1739,True,SOURCE_FACT,EXPLICIT_SOURCE_TEXT,False
EVT-BSEE-0290,IOGP-04,Energy isolation,DERIVED,DERIVED,DERIVED,April 2005 Contact:Glenn Woltman (504) 736-2438 Inadequate Job Planning Results in Atmospheric Release of Gas Failure to isolate the energy source during platform maintenance work allowed gas tomigrate from the sales pipeline back through production,109,358,True,SOURCE_FACT,EXPLICIT_SOURCE_TEXT,False
EVT-BSEE-0290,IOGP-08,Work authorization,EXPLICIT,SUPPORTED,SUPPORTED,JSA,1450,1453,True,SOURCE_FACT,EXPLICIT_SOURCE_TEXT,False
EVT-BSEE-0291,IOGP-05,Hot work,NONE,AMBIGUOUS,AMBIGUOUS,ignited,789,796,True,DERIVED_FACT,AMBIGUOUS_PARTIAL_MATCH,False
EVT-BSEE-0292,IOGP-02,Confined space,NONE,DERIVED,DERIVED,inside the vessel,1025,1042,True,SOURCE_FACT,EXPLICIT_SOURCE_TEXT,False
EVT-BSEE-0292,IOGP-05,Hot work,EXPLICIT,SUPPORTED,SUPPORTED,hot work,788,796,True,SOURCE_FACT,EXPLICIT_SOURCE_TEXT,False
EVT-BSEE-0292,IOGP-08,Work authorization,EXPLICIT,SUPPORTED,SUPPORTED,JSA,742,745,True,SOURCE_FACT,EXPLICIT_SOURCE_TEXT,False
EVT-BSEE-0294,IOGP-05,Hot work,EXPLICIT,AMBIGUOUS,AMBIGUOUS,welding,261,268,True,DERIVED_FACT,AMBIGUOUS_PARTIAL_MATCH,False
EVT-BSEE-0294,IOGP-07,Safe mechanical lifting,EXPLICIT,SUPPORTED,SUPPORTED,"ricade During drilling operations to re-connect the diverter, a welding crew was lifted from the texas deck using an air hoist, with the hoist assembly run through the rotary",197,371,True,SOURCE_FACT,EXPLICIT_SOURCE_TEXT,False
EVT-BSEE-0294,IOGP-08,Work authorization,EXPLICIT,DERIVED,DERIVED,JSA,1342,1345,True,SOURCE_FACT,EXPLICIT_SOURCE_TEXT,False
EVT-BSEE-0296,IOGP-01,Bypassing safety controls,NONE,AMBIGUOUS,AMBIGUOUS,"ol Recently, during a workover operation, a well that had been shut-in for approximately10 years began to flow as a sand bridge was removed by a nitrogen washing",181,342,True,DERIVED_FACT,AMBIGUOUS_PARTIAL_MATCH,False
EVT-BSEE-0296,IOGP-08,Work authorization,EXPLICIT,SUPPORTED,SUPPORTED,"t equipment, were, in part, (1) failure to inspect and maintain equipment, (2) failure to conduct a Job Safety Analysis (JSA) for workover activities, (3) failure to provide clear and specific instructions to contracted personnel, and (4) failur",919,1164,True,SOURCE_FACT,EXPLICIT_SOURCE_TEXT,False
EVT-BSEE-0297,IOGP-04,Energy isolation,NONE,AMBIGUOUS,AMBIGUOUS,isolated,914,922,True,DERIVED_FACT,AMBIGUOUS_PARTIAL_MATCH,False
EVT-BSEE-0298,IOGP-04,Energy isolation,DERIVED,DERIVED,DERIVED,tion concluded the hanger pins sheared because of a design flaw that failed to allow the pins fully to engage the hanger energizing ring,1197,1333,True,SOURCE_FACT,EXPLICIT_SOURCE_TEXT,False
EVT-BSEE-0299,IOGP-05,Hot work,EXPLICIT,UNSUPPORTED,UNSUPPORTED,NONE,-1,-1,False,UNGROUNDED,UNGROUNDED,False
EVT-BSEE-0299,IOGP-07,Safe mechanical lifting,EXPLICIT,SUPPORTED,SUPPORTED,"ing Fatality Recently, drilling contractor personnel were engaged in the task of lifting bundles of 5-inch drill pipe by crane from the pipe rack to the adjacent catwalk for eventual placementon the rig floor",162,370,True,SOURCE_FACT,EXPLICIT_SOURCE_TEXT,False
EVT-BSEE-0299,IOGP-08,Work authorization,EXPLICIT,SUPPORTED,SUPPORTED,"rigger training, (4) the employee’s previous performance problems were not properly handled, (4) no Job Safety Analysis (JSA) was performed for the task, and (5) the designated operator had no procedure for selecting contractors, did not review",1202,1446,True,SOURCE_FACT,EXPLICIT_SOURCE_TEXT,False
EVT-BSEE-0300,IOGP-05,Hot work,EXPLICIT,DERIVED,DERIVED,sparker,1586,1593,True,SOURCE_FACT,EXPLICIT_SOURCE_TEXT,False
EVT-BSEE-0301,IOGP-08,Work authorization,EXPLICIT,SUPPORTED,SUPPORTED,JSA,1101,1104,True,SOURCE_FACT,EXPLICIT_SOURCE_TEXT,False
EVT-BSEE-0304,IOGP-05,Hot work,EXPLICIT,SUPPORTED,SUPPORTED,"nment operation, a diver was fatally injured when an explosion occurred during the cutting of a section of casing with a torch",218,344,True,SOURCE_FACT,EXPLICIT_SOURCE_TEXT,False
EVT-BSEE-0304,IOGP-08,Work authorization,EXPLICIT,SUPPORTED,SUPPORTED,JSA,1590,1593,True,SOURCE_FACT,EXPLICIT_SOURCE_TEXT,False
EVT-BSEE-0305,IOGP-02,Confined space,EXPLICIT,SUPPORTED,SUPPORTED,Jack Williams (504) 731-3012 Flash Fire and Explosion from Inadequately Vented Production Vessel A work crew initiated a confined space entry into a low-pressure separator to sampleundisturbed sand and sludge behind the weir,130,354,True,SOURCE_FACT,EXPLICIT_SOURCE_TEXT,False
EVT-BSEE-0305,IOGP-05,Hot work,NONE,AMBIGUOUS,AMBIGUOUS,ignited,412,419,True,DERIVED_FACT,AMBIGUOUS_PARTIAL_MATCH,False
EVT-BSEE-0307,IOGP-01,Bypassing safety controls,NONE,DERIVED,DERIVED,bridged,537,544,True,SOURCE_FACT,EXPLICIT_SOURCE_TEXT,False
EVT-BSEE-0309,IOGP-03,Driving,NONE,AMBIGUOUS,AMBIGUOUS,drive,528,533,True,DERIVED_FACT,AMBIGUOUS_PARTIAL_MATCH,False
EVT-BSEE-0310,IOGP-07,Safe mechanical lifting,EXPLICIT,SUPPORTED,SUPPORTED,Crane,23,28,True,SOURCE_FACT,EXPLICIT_SOURCE_TEXT,False
EVT-BSEE-0312,IOGP-05,Hot work,NONE,AMBIGUOUS,AMBIGUOUS,welded,1175,1181,True,DERIVED_FACT,AMBIGUOUS_PARTIAL_MATCH,False
EVT-BSEE-0312,IOGP-06,Line of fire,EXPLICIT,UNSUPPORTED,UNSUPPORTED,NONE,-1,-1,False,UNGROUNDED,UNGROUNDED,False
EVT-BSEE-0312,IOGP-07,Safe mechanical lifting,EXPLICIT,AMBIGUOUS,AMBIGUOUS,Crane,29,34,True,DERIVED_FACT,AMBIGUOUS_PARTIAL_MATCH,False
EVT-BSEE-0312,IOGP-08,Work authorization,EXPLICIT,SUPPORTED,SUPPORTED,JSA,2146,2149,True,SOURCE_FACT,EXPLICIT_SOURCE_TEXT,False
EVT-BSEE-0313,IOGP-09,Working at height,NONE,AMBIGUOUS,AMBIGUOUS,derrick,275,282,True,DERIVED_FACT,AMBIGUOUS_PARTIAL_MATCH,False
EVT-BSEE-0314,IOGP-09,Working at height,NONE,AMBIGUOUS,AMBIGUOUS,derrick,774,781,True,DERIVED_FACT,AMBIGUOUS_PARTIAL_MATCH,False
EVT-BSEE-0315,IOGP-05,Hot work,NONE,AMBIGUOUS,AMBIGUOUS,ensure the integrity of the fingers and to ensure adequate steps have been taken to prevent them from falling in case of weld failure,905,1038,True,DERIVED_FACT,AMBIGUOUS_PARTIAL_MATCH,False
EVT-BSEE-0315,IOGP-08,Work authorization,EXPLICIT,SUPPORTED,SUPPORTED,JSA,1389,1392,True,SOURCE_FACT,EXPLICIT_SOURCE_TEXT,False
EVT-BSEE-0315,IOGP-09,Working at height,NONE,AMBIGUOUS,AMBIGUOUS,"ly, while drilling operations were being conducted, during a trip out of the hole, a pipe rack finger broke off from the derrick and fell 60+ feet to the rig floor",224,387,True,DERIVED_FACT,AMBIGUOUS_PARTIAL_MATCH,False
EVT-BSEE-0316,IOGP-08,Work authorization,EXPLICIT,SUPPORTED,SUPPORTED,JSA,45,48,True,SOURCE_FACT,EXPLICIT_SOURCE_TEXT,False
EVT-BSEE-0317,IOGP-05,Hot work,NONE,AMBIGUOUS,AMBIGUOUS,welded,421,427,True,DERIVED_FACT,AMBIGUOUS_PARTIAL_MATCH,False
EVT-BSEE-0317,IOGP-07,Safe mechanical lifting,EXPLICIT,AMBIGUOUS,AMBIGUOUS,Crane,169,174,True,DERIVED_FACT,AMBIGUOUS_PARTIAL_MATCH,False
EVT-BSEE-0319,IOGP-01,Bypassing safety controls,EXPLICIT,DERIVED,DERIVED,"equently manually closed to protect the platform, the wing valve on the subsea tree remained open (its safety system was bypassed for well startup operations) while the source of the PSL alarm was investigated",563,772,True,SOURCE_FACT,EXPLICIT_SOURCE_TEXT,False
EVT-BSEE-0320,IOGP-03,Driving,NONE,AMBIGUOUS,AMBIGUOUS,drive,611,616,True,DERIVED_FACT,AMBIGUOUS_PARTIAL_MATCH,False
EVT-BSEE-0320,IOGP-05,Hot work,EXPLICIT,AMBIGUOUS,AMBIGUOUS,"01337-289-5108 Blowout and Fire After a slip-on wellhead (SOW) had been set on a 10¾-inch surface casing, and during the welding of theinside of the SOW, gas and liquid were observed escaping from the +10 valve",144,354,True,DERIVED_FACT,AMBIGUOUS_PARTIAL_MATCH,False
EVT-BSEE-0321,IOGP-05,Hot work,NONE,AMBIGUOUS,AMBIGUOUS,weld,569,573,True,DERIVED_FACT,AMBIGUOUS_PARTIAL_MATCH,False
EVT-BSEE-0321,IOGP-09,Working at height,NONE,AMBIGUOUS,AMBIGUOUS,"dent Results in Fatality Recently, while two roustabouts were positioning a stand of pipe into a pipe rack finger in the derrick, the pipe rack finger fell to the rig floor, killing one roustabout and injuring the other",173,392,True,DERIVED_FACT,AMBIGUOUS_PARTIAL_MATCH,False
EVT-BSEE-0323,IOGP-07,Safe mechanical lifting,EXPLICIT,AMBIGUOUS,AMBIGUOUS,crane,176,181,True,DERIVED_FACT,AMBIGUOUS_PARTIAL_MATCH,False
EVT-BSEE-0324,IOGP-05,Hot work,EXPLICIT,UNSUPPORTED,UNSUPPORTED,NONE,-1,-1,False,UNGROUNDED,UNGROUNDED,False
EVT-BSEE-0324,IOGP-07,Safe mechanical lifting,EXPLICIT,AMBIGUOUS,AMBIGUOUS,e was moved forward from its stowed position onto the drill floor with thefront end of the riser skate across the gantry crane’s track,1128,1262,True,DERIVED_FACT,AMBIGUOUS_PARTIAL_MATCH,False
EVT-BSEE-0325,IOGP-07,Safe mechanical lifting,EXPLICIT,UNSUPPORTED,UNSUPPORTED,NONE,-1,-1,False,UNGROUNDED,UNGROUNDED,False
EVT-BSEE-0325,IOGP-08,Work authorization,EXPLICIT,DERIVED,DERIVED,"sult of our investigation of the accident, that: Designated Operators and their contractors review the need for a second JSA for any activity (a) for which an initial JSA was performed and (b) whose steps have been modified since the initial JSA",1638,1883,True,SOURCE_FACT,EXPLICIT_SOURCE_TEXT,False
EVT-BSEE-0325,IOGP-09,Working at height,DERIVED,AMBIGUOUS,AMBIGUOUS,fall protection,920,935,True,DERIVED_FACT,AMBIGUOUS_PARTIAL_MATCH,False
EVT-BSEE-0326,IOGP-07,Safe mechanical lifting,EXPLICIT,SUPPORTED,SUPPORTED,"s stabbing board, fell approximately 80 feet to his death when both of his body harness D-rings became detached from the hoisting system’s hook",432,575,True,SOURCE_FACT,EXPLICIT_SOURCE_TEXT,False
EVT-BSEE-0326,IOGP-08,Work authorization,EXPLICIT,SUPPORTED,SUPPORTED,JSA,2384,2387,True,SOURCE_FACT,EXPLICIT_SOURCE_TEXT,False
EVT-BSEE-0326,IOGP-09,Working at height,EXPLICIT,SUPPORTED,SUPPORTED,503) – Fall Protection,2124,2146,True,SOURCE_FACT,EXPLICIT_SOURCE_TEXT,False
EVT-BSEE-0328,IOGP-03,Driving,DERIVED,DERIVED,DERIVED,drive,717,722,True,SOURCE_FACT,EXPLICIT_SOURCE_TEXT,False
EVT-BSEE-0329,IOGP-07,Safe mechanical lifting,EXPLICIT,AMBIGUOUS,AMBIGUOUS,"s stabbing board, fell approximately 80 feet to his death when both of his body harness D-rings became detached from the hoisting system’s hook",266,409,True,DERIVED_FACT,AMBIGUOUS_PARTIAL_MATCH,False
EVT-BSEE-0329,IOGP-09,Working at height,EXPLICIT,SUPPORTED,SUPPORTED,503) – Fall Protection,2010,2032,True,SOURCE_FACT,EXPLICIT_SOURCE_TEXT,False
EVT-BSEE-0330,IOGP-05,Hot work,EXPLICIT,AMBIGUOUS,AMBIGUOUS,welding,517,524,True,DERIVED_FACT,AMBIGUOUS_PARTIAL_MATCH,False
EVT-BSEE-0330,IOGP-07,Safe mechanical lifting,EXPLICIT,UNSUPPORTED,UNSUPPORTED,NONE,-1,-1,False,UNGROUNDED,UNGROUNDED,False
EVT-BSEE-0330,IOGP-09,Working at height,DERIVED,AMBIGUOUS,AMBIGUOUS,"500 subpart M (Fall Protection) and 1978 publication ""Guide to Safe Stairways, Walkways, and Railings,"" published by the Petroleum Extension Service, T",990,1141,True,DERIVED_FACT,AMBIGUOUS_PARTIAL_MATCH,False
EVT-BSEE-0331,IOGP-04,Energy isolation,EXPLICIT,SUPPORTED,SUPPORTED,"construction work to be performed on process piping, the procedures should address, but certainly not be limited to, the isolation of all relevant energy sources by, at a minimum, blinding, disconnecting, or double block and bleeding, and the purging",2065,2315,True,SOURCE_FACT,EXPLICIT_SOURCE_TEXT,False
EVT-BSEE-0331,IOGP-05,Hot work,EXPLICIT,SUPPORTED,SUPPORTED,"ural guidelines for the construction work to be performed, (2) misunderstandings and erroneous assumptions regarding the hot work permit, (3) a lack of adequate communication between designated operator and contractor personnel and among contractor p",1050,1300,True,SOURCE_FACT,EXPLICIT_SOURCE_TEXT,False
EVT-BSEE-0331,IOGP-08,Work authorization,EXPLICIT,SUPPORTED,SUPPORTED,work permit,1175,1186,True,SOURCE_FACT,EXPLICIT_SOURCE_TEXT,False
EVT-BSEE-0332,IOGP-08,Work authorization,EXPLICIT,SUPPORTED,SUPPORTED,JSA,1475,1478,True,SOURCE_FACT,EXPLICIT_SOURCE_TEXT,False
EVT-BSEE-0333,IOGP-03,Driving,EXPLICIT,DERIVED,DERIVED,vehicle,1825,1832,True,SOURCE_FACT,EXPLICIT_SOURCE_TEXT,False
EVT-BSEE-0334,IOGP-07,Safe mechanical lifting,EXPLICIT,UNSUPPORTED,UNSUPPORTED,NONE,-1,-1,False,UNGROUNDED,UNGROUNDED,False
EVT-BSEE-0335,IOGP-05,Hot work,NONE,AMBIGUOUS,AMBIGUOUS,"As a result, a flow safety valve and a pig launcher located in the flowline segment failed, allowing gas, whichwas later ignited by an unknown source, to escape",601,761,True,DERIVED_FACT,AMBIGUOUS_PARTIAL_MATCH,False
EVT-BSEE-0336,IOGP-05,Hot work,EXPLICIT,DERIVED,DERIVED,ignition,1152,1160,True,SOURCE_FACT,EXPLICIT_SOURCE_TEXT,False
EVT-BSEE-0338,IOGP-07,Safe mechanical lifting,EXPLICIT,DERIVED,DERIVED,"ril 28, 1999 Contact: Tommy Laurendine 504-736-5709 Rig Collapse with Fatalities and Injuries During the final stages of rigging-up operations, a platform rig collapsed, resultingin 3 fatalities and 13 injuries",109,319,True,SOURCE_FACT,EXPLICIT_SOURCE_TEXT,False
EVT-BSEE-0338,IOGP-09,Working at height,NONE,AMBIGUOUS,AMBIGUOUS,derrick,685,692,True,DERIVED_FACT,AMBIGUOUS_PARTIAL_MATCH,False
EVT-BSEE-0340,IOGP-03,Driving,DERIVED,DERIVED,DERIVED,ent occurred during reaming operations on an offshore rig as a driller was in the process of breaking out a portable top drive from drill pipe at the rig floor,212,371,True,SOURCE_FACT,EXPLICIT_SOURCE_TEXT,False
EVT-BSEE-0343,IOGP-07,Safe mechanical lifting,EXPLICIT,DERIVED,DERIVED,"Logging Unit Explosion and Fire Recently, an explosion and fire occurred in a mud logging unit during the final phase of rigging it up",166,300,True,SOURCE_FACT,EXPLICIT_SOURCE_TEXT,False
EVT-BSEE-0344,IOGP-07,Safe mechanical lifting,EXPLICIT,AMBIGUOUS,AMBIGUOUS,List of Safety Alerts Concerning Crane Accidents http://www,0,59,True,DERIVED_FACT,AMBIGUOUS_PARTIAL_MATCH,False
EVT-BSEE-0345,IOGP-09,Working at height,EXPLICIT,UNSUPPORTED,UNSUPPORTED,NONE,-1,-1,False,UNGROUNDED,UNGROUNDED,False
EVT-BSEE-0349,IOGP-09,Working at height,NONE,AMBIGUOUS,AMBIGUOUS,derrick,465,472,True,DERIVED_FACT,AMBIGUOUS_PARTIAL_MATCH,False
EVT-BSEE-0350,IOGP-02,Confined space,DERIVED,DERIVED,DERIVED,asphyxia,1267,1275,True,SOURCE_FACT,EXPLICIT_SOURCE_TEXT,False
EVT-BSEE-0350,IOGP-05,Hot work,EXPLICIT,SUPPORTED,SUPPORTED,torch,1668,1673,True,SOURCE_FACT,EXPLICIT_SOURCE_TEXT,False
EVT-BSEE-0350,IOGP-07,Safe mechanical lifting,EXPLICIT,DERIVED,DERIVED,winch,2553,2558,True,SOURCE_FACT,EXPLICIT_SOURCE_TEXT,False
EVT-BSEE-0350,IOGP-09,Working at height,EXPLICIT,SUPPORTED,SUPPORTED,harness,3184,3191,True,SOURCE_FACT,EXPLICIT_SOURCE_TEXT,False
EVT-BSEE-0353,IOGP-07,Safe mechanical lifting,EXPLICIT,SUPPORTED,SUPPORTED,Crane,47,52,True,SOURCE_FACT,EXPLICIT_SOURCE_TEXT,False
EVT-BSEE-0355,IOGP-07,Safe mechanical lifting,EXPLICIT,AMBIGUOUS,AMBIGUOUS,e three remaining joints fell out of the derrick and came to rest on the back wall of the drill floor and the production crane,820,946,True,DERIVED_FACT,AMBIGUOUS_PARTIAL_MATCH,False
EVT-BSEE-0355,IOGP-09,Working at height,EXPLICIT,SUPPORTED,SUPPORTED,Derrick,299,306,True,SOURCE_FACT,EXPLICIT_SOURCE_TEXT,False
EVT-BSEE-0356,IOGP-04,Energy isolation,DERIVED,DERIVED,DERIVED,isolated,661,669,True,SOURCE_FACT,EXPLICIT_SOURCE_TEXT,False
EVT-BSEE-0356,IOGP-09,Working at height,NONE,AMBIGUOUS,AMBIGUOUS,Derrick,161,168,True,DERIVED_FACT,AMBIGUOUS_PARTIAL_MATCH,False
EVT-BSEE-0357,IOGP-09,Working at height,NONE,AMBIGUOUS,AMBIGUOUS,"Safety Alert 162 - Accidents on the OCS Involving Drilling Rigs, Derrick Barges, Pipeline Lay Barges, and Anchor-handling Vessels",0,129,True,DERIVED_FACT,AMBIGUOUS_PARTIAL_MATCH,False
EVT-BSEE-0360,IOGP-05,Hot work,DERIVED,DERIVED,DERIVED,Safety Alert 159 - Welder Burned in Pipeline Accident,0,53,True,SOURCE_FACT,EXPLICIT_SOURCE_TEXT,False
EVT-BSEE-0361,IOGP-05,Hot work,DERIVED,DERIVED,DERIVED,"to an overflow condition in the flotation cell, splashing produced water on a 440-volt transformer, shorting it out, and igniting the gas",1101,1238,True,SOURCE_FACT,EXPLICIT_SOURCE_TEXT,False
EVT-BSEE-0363,IOGP-01,Bypassing safety controls,EXPLICIT,DERIVED,DERIVED,bypassed,1366,1374,True,SOURCE_FACT,EXPLICIT_SOURCE_TEXT,False
EVT-BSEE-0363,IOGP-05,Hot work,EXPLICIT,AMBIGUOUS,AMBIGUOUS,welding,334,341,True,DERIVED_FACT,AMBIGUOUS_PARTIAL_MATCH,False
EVT-BSEE-0363,IOGP-09,Working at height,EXPLICIT,AMBIGUOUS,AMBIGUOUS,grating,1732,1739,True,DERIVED_FACT,AMBIGUOUS_PARTIAL_MATCH,False
EVT-BSEE-0364,IOGP-05,Hot work,EXPLICIT,DERIVED,DERIVED,ignition,417,425,True,SOURCE_FACT,EXPLICIT_SOURCE_TEXT,False
EVT-BSEE-0366,IOGP-05,Hot work,EXPLICIT,SUPPORTED,SUPPORTED,Torch,46,51,True,SOURCE_FACT,EXPLICIT_SOURCE_TEXT,False
EVT-BSEE-0368,IOGP-05,Hot work,NONE,AMBIGUOUS,AMBIGUOUS,ignited,1269,1276,True,DERIVED_FACT,AMBIGUOUS_PARTIAL_MATCH,False
EVT-BSEE-0369,IOGP-03,Driving,NONE,AMBIGUOUS,AMBIGUOUS,uring Cutting Operation to Install Casing Head A fire occurred on a production platform during drilling operations while drive pipe and 13 3/8-inch casing were being cut to install the casing head,269,465,True,DERIVED_FACT,AMBIGUOUS_PARTIAL_MATCH,False
EVT-BSEE-0369,IOGP-04,Energy isolation,NONE,AMBIGUOUS,AMBIGUOUS,bleed down,944,954,True,DERIVED_FACT,AMBIGUOUS_PARTIAL_MATCH,False
EVT-BSEE-0369,IOGP-05,Hot work,EXPLICIT,AMBIGUOUS,AMBIGUOUS,welding,1009,1016,True,DERIVED_FACT,AMBIGUOUS_PARTIAL_MATCH,False
EVT-BSEE-0372,IOGP-05,Hot work,NONE,AMBIGUOUS,AMBIGUOUS,Safety Alert 147 - Fire from Generator Engine Exhaust Leak Igniting Fiberglass Panel,0,84,True,DERIVED_FACT,AMBIGUOUS_PARTIAL_MATCH,False
EVT-BSEE-0381,IOGP-05,Hot work,EXPLICIT,AMBIGUOUS,AMBIGUOUS,Safety Alert 138 - Fire and Injury During Welding Operations in Derrick,0,71,True,DERIVED_FACT,AMBIGUOUS_PARTIAL_MATCH,False
EVT-BSEE-0381,IOGP-09,Working at height,NONE,AMBIGUOUS,AMBIGUOUS,Safety Alert 138 - Fire and Injury During Welding Operations in Derrick,0,71,True,DERIVED_FACT,AMBIGUOUS_PARTIAL_MATCH,False
EVT-BSEE-0390,IOGP-05,Hot work,EXPLICIT,AMBIGUOUS,AMBIGUOUS,Safety Alert 129 - Welding Explosion and Injury,0,47,True,DERIVED_FACT,AMBIGUOUS_PARTIAL_MATCH,False
EVT-BSEE-0393,IOGP-05,Hot work,EXPLICIT,AMBIGUOUS,AMBIGUOUS,Safety Alert 126 - Welding/Burning Accidents,0,44,True,DERIVED_FACT,AMBIGUOUS_PARTIAL_MATCH,False
EVT-BSEE-0394,IOGP-07,Safe mechanical lifting,EXPLICIT,AMBIGUOUS,AMBIGUOUS,Safety Alert 125 - Crane Accidents,0,34,True,DERIVED_FACT,AMBIGUOUS_PARTIAL_MATCH,False
EVT-BSEE-0395,IOGP-07,Safe mechanical lifting,EXPLICIT,AMBIGUOUS,AMBIGUOUS,Safety Alert 124 - Pedestal Crane Boom Wire Rope Failure,0,56,True,DERIVED_FACT,AMBIGUOUS_PARTIAL_MATCH,False
EVT-BSEE-0403,IOGP-03,Driving,NONE,AMBIGUOUS,AMBIGUOUS,Safety Alert 116 - Fire While Starting Diesel Engine with Gas-Driven Engine,0,75,True,DERIVED_FACT,AMBIGUOUS_PARTIAL_MATCH,False
EVT-BSEE-0414,IOGP-05,Hot work,EXPLICIT,AMBIGUOUS,AMBIGUOUS,Safety Alert 105 - Welding Accident,0,35,True,DERIVED_FACT,AMBIGUOUS_PARTIAL_MATCH,False
EVT-BSEE-0415,IOGP-07,Safe mechanical lifting,EXPLICIT,AMBIGUOUS,AMBIGUOUS,Safety Alert 104 - Crane Accident,0,33,True,DERIVED_FACT,AMBIGUOUS_PARTIAL_MATCH,False
EVT-BSEE-0422,IOGP-05,Hot work,EXPLICIT,AMBIGUOUS,AMBIGUOUS,"Safety Alert 97 - Welding, Fire",0,31,True,DERIVED_FACT,AMBIGUOUS_PARTIAL_MATCH,False
EVT-BSEE-0423,IOGP-07,Safe mechanical lifting,EXPLICIT,AMBIGUOUS,AMBIGUOUS,Safety Alert 96 - Crane Accident,0,32,True,DERIVED_FACT,AMBIGUOUS_PARTIAL_MATCH,False
EVT-BSEE-0424,IOGP-07,Safe mechanical lifting,EXPLICIT,AMBIGUOUS,AMBIGUOUS,"Safety Alert 95 - Crane Accident, Fatality",0,42,True,DERIVED_FACT,AMBIGUOUS_PARTIAL_MATCH,False
EVT-BSEE-0434,IOGP-06,Line of fire,EXPLICIT,DERIVED,DERIVED,Safety Alert 86 - Stabbing Board Struck by Travelling Block,0,59,True,SOURCE_FACT,EXPLICIT_SOURCE_TEXT,False
EVT-BSEE-0441,IOGP-07,Safe mechanical lifting,EXPLICIT,AMBIGUOUS,AMBIGUOUS,"Safety Alert 79 - Fatality and Injury, Crane Accident",0,53,True,DERIVED_FACT,AMBIGUOUS_PARTIAL_MATCH,False
EVT-BSEE-0449,IOGP-05,Hot work,NONE,AMBIGUOUS,AMBIGUOUS,"Safety Alert 71 - Fire, Boiler Ignited",0,38,True,DERIVED_FACT,AMBIGUOUS_PARTIAL_MATCH,False
EVT-BSEE-0455,IOGP-07,Safe mechanical lifting,EXPLICIT,AMBIGUOUS,AMBIGUOUS,"Safety Alert 65 - Fatality, Crane Accident",0,42,True,DERIVED_FACT,AMBIGUOUS_PARTIAL_MATCH,False
EVT-BSEE-0464,IOGP-07,Safe mechanical lifting,EXPLICIT,AMBIGUOUS,AMBIGUOUS,"Safety Alert 57 - Fatality, Crane Accident",0,42,True,DERIVED_FACT,AMBIGUOUS_PARTIAL_MATCH,False
EVT-BSEE-0465,IOGP-05,Hot work,NONE,AMBIGUOUS,AMBIGUOUS,"Safety Alert 56 - Fire, Glycol Ignited",0,38,True,DERIVED_FACT,AMBIGUOUS_PARTIAL_MATCH,False
EVT-BSEE-0467,IOGP-05,Hot work,EXPLICIT,AMBIGUOUS,AMBIGUOUS,Safety Alert 54 - Welding Fire,0,30,True,DERIVED_FACT,AMBIGUOUS_PARTIAL_MATCH,False
EVT-BSEE-0479,IOGP-06,Line of fire,EXPLICIT,DERIVED,DERIVED,"Safety Alert 47 - Fatality, Man Struck by Falling Object",0,56,True,SOURCE_FACT,EXPLICIT_SOURCE_TEXT,False
EVT-BSEE-0488,IOGP-05,Hot work,NONE,AMBIGUOUS,AMBIGUOUS,Safety Alert 43 - Torch Operating Company Torch Rig Services Platforms Henry and Hillhouse Drilling/Production Contractor,0,121,True,DERIVED_FACT,AMBIGUOUS_PARTIAL_MATCH,False
EVT-BSEE-0501,IOGP-05,Hot work,NONE,AMBIGUOUS,AMBIGUOUS,Safety Alert 37 - Torch Operating Company Platform Gilda Production Contractor for Nuevo Energy Company,0,103,True,DERIVED_FACT,AMBIGUOUS_PARTIAL_MATCH,False
EVT-BSEE-0503,IOGP-05,Hot work,NONE,AMBIGUOUS,AMBIGUOUS,Safety Alert 36 - Torch Operating Company Platform Irene Production,0,67,True,DERIVED_FACT,AMBIGUOUS_PARTIAL_MATCH,False
EVT-BSEE-0517,IOGP-05,Hot work,NONE,AMBIGUOUS,AMBIGUOUS,"Safety Alert 28 - Weld Fails, Derrick Collapses",0,47,True,DERIVED_FACT,AMBIGUOUS_PARTIAL_MATCH,False
EVT-BSEE-0517,IOGP-09,Working at height,NONE,AMBIGUOUS,AMBIGUOUS,"Safety Alert 28 - Weld Fails, Derrick Collapses",0,47,True,DERIVED_FACT,AMBIGUOUS_PARTIAL_MATCH,False
EVT-BSEE-0523,IOGP-09,Working at height,DERIVED,SUPPORTED,SUPPORTED,"Safety Alert 25 - Man Falls from Derrick Ladder, Fatality",0,57,True,SOURCE_FACT,EXPLICIT_SOURCE_TEXT,False
EVT-BSEE-0530,IOGP-05,Hot work,NONE,AMBIGUOUS,AMBIGUOUS,Safety Alert 22 - Hydrogen Sulfide (H2S) Gas Release from Piping Corrosion Failure Near a Weld,0,94,True,DERIVED_FACT,AMBIGUOUS_PARTIAL_MATCH,False
EVT-BSEE-0536,IOGP-07,Safe mechanical lifting,EXPLICIT,AMBIGUOUS,AMBIGUOUS,"Safety Alert 20 - Crane Accident, Fatality",0,42,True,DERIVED_FACT,AMBIGUOUS_PARTIAL_MATCH,False
EVT-BSEE-0557,IOGP-07,Safe mechanical lifting,EXPLICIT,AMBIGUOUS,AMBIGUOUS,Safety Alert 13 - Crane Accident Attachment Document sa13pdf,0,60,True,DERIVED_FACT,AMBIGUOUS_PARTIAL_MATCH,False
EVT-BSEE-0562,IOGP-07,Safe mechanical lifting,EXPLICIT,AMBIGUOUS,AMBIGUOUS,Safety Alert 11 - Crane/helicopter Operations,0,45,True,DERIVED_FACT,AMBIGUOUS_PARTIAL_MATCH,False
EVT-BSEE-0563,IOGP-07,Safe mechanical lifting,EXPLICIT,UNSUPPORTED,UNSUPPORTED,NONE,-1,-1,False,UNGROUNDED,UNGROUNDED,False
EVT-BSEE-0567,IOGP-07,Safe mechanical lifting,NONE,AMBIGUOUS,AMBIGUOUS,crane,226,231,True,DERIVED_FACT,AMBIGUOUS_PARTIAL_MATCH,False
EVT-BSEE-0568,IOGP-07,Safe mechanical lifting,EXPLICIT,UNSUPPORTED,UNSUPPORTED,NONE,-1,-1,False,UNGROUNDED,UNGROUNDED,False
EVT-BSEE-0575,IOGP-05,Hot work,EXPLICIT,AMBIGUOUS,AMBIGUOUS,Safety Alert 4 - Flash Fire: Cutting and Welding,0,48,True,DERIVED_FACT,AMBIGUOUS_PARTIAL_MATCH,False
EVT-IMCA-0001,IOGP-04,Energy isolation,EXPLICIT,DERIVED,DERIVED,isolated,362,370,True,SOURCE_FACT,EXPLICIT_SOURCE_TEXT,False
EVT-IMCA-0001,IOGP-06,Line of fire,EXPLICIT,SUPPORTED,SUPPORTED,Line of fire,3676,3688,True,SOURCE_FACT,EXPLICIT_SOURCE_TEXT,False
EVT-IMCA-0001,IOGP-07,Safe mechanical lifting,EXPLICIT,SUPPORTED,SUPPORTED,ssure testing Safety Flash IMCA SF 09/23 4 April 2023 Read more High potential: spontaneous opening of hydraulic release shackle (HRS) pin Safety Flash IMCA SF 24/24 17 December 2024 Read more Stored pressure release &#x2013,3219,3443,True,SOURCE_FACT,EXPLICIT_SOURCE_TEXT,False
EVT-IMCA-0001,IOGP-08,Work authorization,EXPLICIT,SUPPORTED,SUPPORTED,"olving breaking pressure containment is correctly classified and supported by task-specific planning, including use of a Permit To Work (PTW) and a full application of a “safe system of work” – routine doesn’t mean trivial or safe",1856,2086,True,SOURCE_FACT,EXPLICIT_SOURCE_TEXT,False
EVT-IMCA-0003,IOGP-01,Bypassing safety controls,NONE,DERIVED,DERIVED,bridge,441,447,True,SOURCE_FACT,EXPLICIT_SOURCE_TEXT,False
EVT-IMCA-0003,IOGP-07,Safe mechanical lifting,DERIVED,DERIVED,DERIVED,winch,816,821,True,SOURCE_FACT,EXPLICIT_SOURCE_TEXT,False
EVT-IMCA-0010,IOGP-07,Safe mechanical lifting,EXPLICIT,AMBIGUOUS,AMBIGUOUS,A crew member sustained a hand injury during a lifting operation involving a main engine cylinder head,0,102,True,DERIVED_FACT,AMBIGUOUS_PARTIAL_MATCH,False
EVT-IMCA-0011,IOGP-05,Hot work,NONE,AMBIGUOUS,AMBIGUOUS,cutting,3144,3151,True,DERIVED_FACT,AMBIGUOUS_PARTIAL_MATCH,False
EVT-IMCA-0011,IOGP-06,Line of fire,EXPLICIT,SUPPORTED,SUPPORTED,Line of Fire,1217,1229,True,SOURCE_FACT,EXPLICIT_SOURCE_TEXT,False
EVT-IMCA-0011,IOGP-07,Safe mechanical lifting,EXPLICIT,AMBIGUOUS,AMBIGUOUS,lifting operation,2160,2177,True,DERIVED_FACT,AMBIGUOUS_PARTIAL_MATCH,False
EVT-IMCA-0013,IOGP-08,Work authorization,EXPLICIT,UNSUPPORTED,UNSUPPORTED,NONE,-1,-1,False,UNGROUNDED,UNGROUNDED,False
EVT-IMCA-0015,IOGP-06,Line of fire,EXPLICIT,AMBIGUOUS,AMBIGUOUS,MSF: dropped object inside vessel tank Safety Flash Published on 23 July 2026 Generated on 14 September 2026 IMCA SF 13/26 2 minute read The,0,140,True,DERIVED_FACT,AMBIGUOUS_PARTIAL_MATCH,False
EVT-IMCA-0015,IOGP-07,Safe mechanical lifting,EXPLICIT,AMBIGUOUS,AMBIGUOUS,Crane,1601,1606,True,DERIVED_FACT,AMBIGUOUS_PARTIAL_MATCH,False
EVT-IMCA-0015,IOGP-09,Working at height,EXPLICIT,SUPPORTED,SUPPORTED,fallen from,540,551,True,SOURCE_FACT,EXPLICIT_SOURCE_TEXT,False
EVT-IMCA-0016,IOGP-01,Bypassing safety controls,DERIVED,SUPPORTED,SUPPORTED,ained whilst trying to stop moving objects Safety Flash IMCA SF 18/14 25 November 2014 Read more IOGP Life Saving Rules: Bypassing safety controls Safe mechanical lifting What are these,1753,1938,True,SOURCE_FACT,EXPLICIT_SOURCE_TEXT,False
EVT-IMCA-0016,IOGP-07,Safe mechanical lifting,EXPLICIT,UNSUPPORTED,UNSUPPORTED,NONE,-1,-1,False,UNGROUNDED,UNGROUNDED,False
EVT-IMCA-0016,IOGP-08,Work authorization,EXPLICIT,DERIVED,DERIVED,risk assessment,1251,1266,True,SOURCE_FACT,EXPLICIT_SOURCE_TEXT,False
EVT-IMCA-0017,IOGP-07,Safe mechanical lifting,EXPLICIT,DERIVED,DERIVED,shackle,56,63,True,SOURCE_FACT,EXPLICIT_SOURCE_TEXT,False
EVT-IMCA-0018,IOGP-01,Bypassing safety controls,DERIVED,SUPPORTED,SUPPORTED,I: Fall from height during FRC maintenance Safety Flash IMCA SF 03/25 20 February 2025 Read more IOGP Life Saving Rules: Bypassing safety controls Working at height What are these,2331,2510,True,SOURCE_FACT,EXPLICIT_SOURCE_TEXT,False
EVT-IMCA-0018,IOGP-03,Driving,EXPLICIT,SUPPORTED,SUPPORTED,eight container Safety Flash Published on 6 July 2026 Generated on 14 September 2026 IMCA SF 12/26 2 minute read A truck driver slipped and fell from a container leading to severe injury,42,228,True,SOURCE_FACT,EXPLICIT_SOURCE_TEXT,False
EVT-IMCA-0018,IOGP-07,Safe mechanical lifting,EXPLICIT,SUPPORTED,SUPPORTED,rigging,305,312,True,SOURCE_FACT,EXPLICIT_SOURCE_TEXT,False
EVT-IMCA-0018,IOGP-08,Work authorization,EXPLICIT,DERIVED,DERIVED,risk assessment,1996,2011,True,SOURCE_FACT,EXPLICIT_SOURCE_TEXT,False
EVT-IMCA-0018,IOGP-09,Working at height,EXPLICIT,SUPPORTED,SUPPORTED,working at height,405,422,True,SOURCE_FACT,EXPLICIT_SOURCE_TEXT,False
EVT-IMCA-0019,IOGP-01,Bypassing safety controls,DERIVED,SUPPORTED,SUPPORTED,ng arrangements of emergency exit hatches Safety Flash IMCA SF 21/18 17 September 2018 Read more IOGP Life Saving Rules: Bypassing safety controls What are these,1837,1998,True,SOURCE_FACT,EXPLICIT_SOURCE_TEXT,False
EVT-IMCA-0020,IOGP-06,Line of fire,EXPLICIT,SUPPORTED,SUPPORTED,Line of fire,2232,2244,True,SOURCE_FACT,EXPLICIT_SOURCE_TEXT,False
EVT-IMCA-0020,IOGP-08,Work authorization,EXPLICIT,SUPPORTED,SUPPORTED,"e bollard for controlled payout, There were assumptions and expectations across the team, which were not resolved by the Toolbox talk (TBT)",1145,1284,True,SOURCE_FACT,EXPLICIT_SOURCE_TEXT,False
EVT-IMCA-0021,IOGP-05,Hot work,NONE,AMBIGUOUS,AMBIGUOUS,cutting,350,357,True,DERIVED_FACT,AMBIGUOUS_PARTIAL_MATCH,False
EVT-IMCA-0021,IOGP-07,Safe mechanical lifting,EXPLICIT,UNSUPPORTED,UNSUPPORTED,NONE,-1,-1,False,UNGROUNDED,UNGROUNDED,False
EVT-IMCA-0021,IOGP-09,Working at height,NONE,AMBIGUOUS,AMBIGUOUS,fall protection,1734,1749,True,DERIVED_FACT,AMBIGUOUS_PARTIAL_MATCH,False
EVT-IMCA-0022,IOGP-01,Bypassing safety controls,NONE,DERIVED,DERIVED,bridge,200,206,True,SOURCE_FACT,EXPLICIT_SOURCE_TEXT,False
EVT-IMCA-0022,IOGP-04,Energy isolation,DERIVED,DERIVED,DERIVED,nd were maintained in this location until the residual smoke had cleared with the tumble dryer subsequently mechanically isolated,340,469,True,SOURCE_FACT,EXPLICIT_SOURCE_TEXT,False
EVT-IMCA-0022,IOGP-05,Hot work,DERIVED,DERIVED,DERIVED,ignition,1643,1651,True,SOURCE_FACT,EXPLICIT_SOURCE_TEXT,False
EVT-IMCA-0023,IOGP-01,Bypassing safety controls,DERIVED,SUPPORTED,SUPPORTED,d more Hand injury when caught in machinery Safety Flash IMCA SF 04/21 2 February 2021 Read more IOGP Life Saving Rules: Bypassing safety controls Line of fire What are these,2792,2966,True,SOURCE_FACT,EXPLICIT_SOURCE_TEXT,False
EVT-IMCA-0023,IOGP-04,Energy isolation,EXPLICIT,DERIVED,DERIVED,isolation,43,52,True,SOURCE_FACT,EXPLICIT_SOURCE_TEXT,False
EVT-IMCA-0023,IOGP-06,Line of fire,EXPLICIT,SUPPORTED,SUPPORTED,ught in machinery Safety Flash IMCA SF 04/21 2 February 2021 Read more IOGP Life Saving Rules: Bypassing safety controls Line of fire What are these,2818,2966,True,SOURCE_FACT,EXPLICIT_SOURCE_TEXT,False
EVT-IMCA-0023,IOGP-08,Work authorization,EXPLICIT,SUPPORTED,SUPPORTED,Permit to Work,1225,1239,True,SOURCE_FACT,EXPLICIT_SOURCE_TEXT,False
EVT-IMCA-0023,IOGP-09,Working at height,NONE,DERIVED,DERIVED,fall protection,2433,2448,True,SOURCE_FACT,EXPLICIT_SOURCE_TEXT,False
EVT-IMCA-0024,IOGP-04,Energy isolation,EXPLICIT,DERIVED,DERIVED,isolated,494,502,True,SOURCE_FACT,EXPLICIT_SOURCE_TEXT,False
EVT-IMCA-0024,IOGP-05,Hot work,DERIVED,DERIVED,DERIVED,ignition,852,860,True,SOURCE_FACT,EXPLICIT_SOURCE_TEXT,False
EVT-IMCA-0024,IOGP-09,Working at height,EXPLICIT,DERIVED,DERIVED,Floodlamp causes scaffold board to start smouldering Safety Flash Published on 11 June 2026 Generated on 14 September 2026 IMCA SF 11/26 2 minute,0,145,True,SOURCE_FACT,EXPLICIT_SOURCE_TEXT,False
EVT-IMCA-0025,IOGP-04,Energy isolation,EXPLICIT,SUPPORTED,SUPPORTED,fe use of electrical equipment in cabins Safety Flash IMCA SF 12/25 3 July 2025 Read more IOGP Life Saving Rules: Energy isolation What are these,2289,2434,True,SOURCE_FACT,EXPLICIT_SOURCE_TEXT,False
EVT-IMCA-0025,IOGP-05,Hot work,EXPLICIT,DERIVED,DERIVED,ignition,1238,1246,True,SOURCE_FACT,EXPLICIT_SOURCE_TEXT,False
EVT-IMCA-0026,IOGP-04,Energy isolation,DERIVED,DERIVED,DERIVED,energized,1047,1056,True,SOURCE_FACT,EXPLICIT_SOURCE_TEXT,False
EVT-IMCA-0026,IOGP-05,Hot work,EXPLICIT,DERIVED,DERIVED,"BSEE: Prevent fires by inspecting cords, plugs and welding leads before use Safety Flash Published on 11 June 2026 Generated on 14 September 2026 IMCA SF 11/26 4 minute read The U",0,179,True,SOURCE_FACT,EXPLICIT_SOURCE_TEXT,False
EVT-IMCA-0026,IOGP-08,Work authorization,DERIVED,DERIVED,DERIVED,job safety analysis,3510,3529,True,SOURCE_FACT,EXPLICIT_SOURCE_TEXT,False
EVT-IMCA-0027,IOGP-05,Hot work,EXPLICIT,DERIVED,DERIVED,welding,225,232,True,SOURCE_FACT,EXPLICIT_SOURCE_TEXT,False
EVT-IMCA-0028,IOGP-01,Bypassing safety controls,DERIVED,DERIVED,DERIVED,overridden,1796,1806,True,SOURCE_FACT,EXPLICIT_SOURCE_TEXT,False
EVT-IMCA-0028,IOGP-03,Driving,NONE,DERIVED,DERIVED,collision,2590,2599,True,SOURCE_FACT,EXPLICIT_SOURCE_TEXT,False
EVT-IMCA-0028,IOGP-05,Hot work,EXPLICIT,UNSUPPORTED,UNSUPPORTED,NONE,-1,-1,False,UNGROUNDED,UNGROUNDED,False
EVT-IMCA-0028,IOGP-06,Line of fire,EXPLICIT,UNSUPPORTED,UNSUPPORTED,NONE,-1,-1,False,UNGROUNDED,UNGROUNDED,False
EVT-IMCA-0028,IOGP-07,Safe mechanical lifting,EXPLICIT,AMBIGUOUS,AMBIGUOUS,Three crane incidents Safety Flash Published on 28 May 2026 Generated on 14 September 2026 IMCA SF 10/26 4 minute read A member repo,0,132,True,DERIVED_FACT,AMBIGUOUS_PARTIAL_MATCH,False
EVT-IMCA-0028,IOGP-08,Work authorization,NONE,DERIVED,DERIVED,Stop Work,4439,4448,True,SOURCE_FACT,EXPLICIT_SOURCE_TEXT,False
EVT-IMCA-0029,IOGP-06,Line of fire,EXPLICIT,SUPPORTED,SUPPORTED,Line of fire,2475,2487,True,SOURCE_FACT,EXPLICIT_SOURCE_TEXT,False
EVT-IMCA-0029,IOGP-07,Safe mechanical lifting,EXPLICIT,SUPPORTED,SUPPORTED,crane,461,466,True,SOURCE_FACT,EXPLICIT_SOURCE_TEXT,False
EVT-IMCA-0030,IOGP-01,Bypassing safety controls,DERIVED,SUPPORTED,SUPPORTED,tional valve in saturation chamber control Safety Flash IMCA SF 27/23 27 November 2023 Read more IOGP Life Saving Rules: Bypassing safety controls What are these,2198,2359,True,SOURCE_FACT,EXPLICIT_SOURCE_TEXT,False
EVT-IMCA-0030,IOGP-08,Work authorization,NONE,DERIVED,DERIVED,Stop Work,1929,1938,True,SOURCE_FACT,EXPLICIT_SOURCE_TEXT,False
EVT-IMCA-0031,IOGP-01,Bypassing safety controls,EXPLICIT,SUPPORTED,SUPPORTED,nuary 2018 Read more LTI: Gangway collapsed Safety Flash IMCA SF 28/23 6 December 2023 Read more IOGP Life Saving Rules: Bypassing safety controls What are these,2623,2784,True,SOURCE_FACT,EXPLICIT_SOURCE_TEXT,False
EVT-IMCA-0031,IOGP-07,Safe mechanical lifting,EXPLICIT,DERIVED,DERIVED,rigging,2489,2496,True,SOURCE_FACT,EXPLICIT_SOURCE_TEXT,False
EVT-IMCA-0031,IOGP-08,Work authorization,DERIVED,DERIVED,DERIVED,authorized,1748,1758,True,SOURCE_FACT,EXPLICIT_SOURCE_TEXT,False
EVT-IMCA-0032,IOGP-07,Safe mechanical lifting,EXPLICIT,UNSUPPORTED,UNSUPPORTED,NONE,-1,-1,False,UNGROUNDED,UNGROUNDED,False
EVT-IMCA-0033,IOGP-03,Driving,DERIVED,DERIVED,DERIVED,Transport,2236,2245,True,SOURCE_FACT,EXPLICIT_SOURCE_TEXT,False
EVT-IMCA-0033,IOGP-06,Line of fire,EXPLICIT,SUPPORTED,SUPPORTED,son crushed when secured material fell on him Safety Flash IMCA SF 12/21 27 April 2021 Read more IOGP Life Saving Rules: Line of fire What are these,2492,2640,True,SOURCE_FACT,EXPLICIT_SOURCE_TEXT,False
EVT-IMCA-0033,IOGP-08,Work authorization,EXPLICIT,DERIVED,DERIVED,risk assessment,1333,1348,True,SOURCE_FACT,EXPLICIT_SOURCE_TEXT,False
EVT-IMCA-0034,IOGP-06,Line of fire,EXPLICIT,SUPPORTED,SUPPORTED,line of fire,1386,1398,True,SOURCE_FACT,EXPLICIT_SOURCE_TEXT,False
EVT-IMCA-0034,IOGP-07,Safe mechanical lifting,EXPLICIT,SUPPORTED,SUPPORTED,High Potential Near Miss: Dropped object due to contact with crane sheave Safety Flash Published on 14 May 2026 Generated on 14 September 2026 IMCA SF 09/26 3 minute read A Dynamic Positi,0,187,True,SOURCE_FACT,EXPLICIT_SOURCE_TEXT,False
EVT-IMCA-0036,IOGP-08,Work authorization,EXPLICIT,UNSUPPORTED,UNSUPPORTED,NONE,-1,-1,False,UNGROUNDED,UNGROUNDED,False
EVT-IMCA-0037,IOGP-01,Bypassing safety controls,NONE,DERIVED,DERIVED,bridge,553,559,True,SOURCE_FACT,EXPLICIT_SOURCE_TEXT,False
EVT-IMCA-0038,IOGP-06,Line of fire,EXPLICIT,UNSUPPORTED,UNSUPPORTED,NONE,-1,-1,False,UNGROUNDED,UNGROUNDED,False
EVT-IMCA-0038,IOGP-07,Safe mechanical lifting,EXPLICIT,UNSUPPORTED,UNSUPPORTED,NONE,-1,-1,False,UNGROUNDED,UNGROUNDED,False
EVT-IMCA-0038,IOGP-08,Work authorization,EXPLICIT,UNSUPPORTED,UNSUPPORTED,NONE,-1,-1,False,UNGROUNDED,UNGROUNDED,False
EVT-IMCA-0038,IOGP-09,Working at height,EXPLICIT,UNSUPPORTED,UNSUPPORTED,NONE,-1,-1,False,UNGROUNDED,UNGROUNDED,False
EVT-IMCA-0039,IOGP-05,Hot work,EXPLICIT,AMBIGUOUS,AMBIGUOUS,ash Published on 28 April 2026 Generated on 14 September 2026 IMCA SF 08/26 2 minute read A diver hung a rubber mat with welding rods connected with a rope and carabiner to the rope suspending the welding cables resulting in a compromised work area,80,328,True,DERIVED_FACT,AMBIGUOUS_PARTIAL_MATCH,False
EVT-IMCA-0039,IOGP-06,Line of fire,EXPLICIT,SUPPORTED,SUPPORTED,Line of fire,2406,2418,True,SOURCE_FACT,EXPLICIT_SOURCE_TEXT,False
EVT-IMCA-0040,IOGP-06,Line of fire,EXPLICIT,SUPPORTED,SUPPORTED,Line of fire,1755,1767,True,SOURCE_FACT,EXPLICIT_SOURCE_TEXT,False
EVT-IMCA-0041,IOGP-03,Driving,EXPLICIT,SUPPORTED,SUPPORTED,vehicle,2034,2041,True,SOURCE_FACT,EXPLICIT_SOURCE_TEXT,False
EVT-IMCA-0041,IOGP-06,Line of fire,EXPLICIT,SUPPORTED,SUPPORTED,line of fire,421,433,True,SOURCE_FACT,EXPLICIT_SOURCE_TEXT,False
EVT-IMCA-0041,IOGP-07,Safe mechanical lifting,EXPLICIT,AMBIGUOUS,AMBIGUOUS,Unsecured sheave pin fell from crane Safety Flash Published on 28 April 2026 Generated on 14 September 2026 IMCA SF 08/26 2 minute read A sheave pin weighing,0,157,True,DERIVED_FACT,AMBIGUOUS_PARTIAL_MATCH,False
EVT-IMCA-0041,IOGP-08,Work authorization,EXPLICIT,UNSUPPORTED,UNSUPPORTED,NONE,-1,-1,False,UNGROUNDED,UNGROUNDED,False
EVT-IMCA-0041,IOGP-09,Working at height,NONE,DERIVED,DERIVED,ssing vehicle on public road Safety Flash IMCA SF 02/26 22 January 2026 Read more High potential dropped object - cradle falls from trailer Safety Flash IMCA SF 01/26 12 January 2026 Read more SWL plate dropped from crane block Safety Flash IMCA SF 17/,2028,2280,True,SOURCE_FACT,EXPLICIT_SOURCE_TEXT,False
EVT-IMCA-0042,IOGP-06,Line of fire,EXPLICIT,DERIVED,DERIVED,Heaving line snap-back causes injury Safety Flash Published on 28 April 2026 Generated on 14 September 2026 IMCA SF 08/26 2 minute read During,0,142,True,SOURCE_FACT,EXPLICIT_SOURCE_TEXT,False
EVT-IMCA-0043,IOGP-04,Energy isolation,EXPLICIT,SUPPORTED,SUPPORTED,y in Slings Causes Multiple Injuries Safety Flash IMCA SF 23/22 24 October 2022 Read more IOGP Life Saving Rules: Energy isolation Line of fire What are these,2540,2698,True,SOURCE_FACT,EXPLICIT_SOURCE_TEXT,False
EVT-IMCA-0043,IOGP-06,Line of fire,EXPLICIT,SUPPORTED,SUPPORTED,line of fire,2037,2049,True,SOURCE_FACT,EXPLICIT_SOURCE_TEXT,False
EVT-IMCA-0043,IOGP-07,Safe mechanical lifting,EXPLICIT,SUPPORTED,SUPPORTED,crane,721,726,True,SOURCE_FACT,EXPLICIT_SOURCE_TEXT,False
EVT-IMCA-0044,IOGP-05,Hot work,NONE,AMBIGUOUS,AMBIGUOUS,welds,1483,1488,True,DERIVED_FACT,AMBIGUOUS_PARTIAL_MATCH,False
EVT-IMCA-0044,IOGP-06,Line of fire,EXPLICIT,UNSUPPORTED,UNSUPPORTED,NONE,-1,-1,False,UNGROUNDED,UNGROUNDED,False
EVT-IMCA-0044,IOGP-07,Safe mechanical lifting,EXPLICIT,AMBIGUOUS,AMBIGUOUS,Crane,2985,2990,True,DERIVED_FACT,AMBIGUOUS_PARTIAL_MATCH,False
EVT-IMCA-0044,IOGP-09,Working at height,EXPLICIT,UNSUPPORTED,UNSUPPORTED,NONE,-1,-1,False,UNGROUNDED,UNGROUNDED,False
EVT-IMCA-0045,IOGP-04,Energy isolation,EXPLICIT,UNSUPPORTED,UNSUPPORTED,NONE,-1,-1,False,UNGROUNDED,UNGROUNDED,False
EVT-IMCA-0046,IOGP-01,Bypassing safety controls,DERIVED,SUPPORTED,SUPPORTED,arch 2024 Read more Theft from vessel at anchor Safety Flash IMCA SF 12/19 28 May 2019 Read more IOGP Life Saving Rules: Bypassing safety controls What are these,2145,2306,True,SOURCE_FACT,EXPLICIT_SOURCE_TEXT,False
EVT-IMCA-0047,IOGP-01,Bypassing safety controls,DERIVED,SUPPORTED,SUPPORTED,ead more Crane cab access platform collapsed Safety Flash IMCA SF 18/25 2 October 2025 Read more IOGP Life Saving Rules: Bypassing safety controls Working at height What are these,3212,3391,True,SOURCE_FACT,EXPLICIT_SOURCE_TEXT,False
EVT-IMCA-0047,IOGP-07,Safe mechanical lifting,EXPLICIT,AMBIGUOUS,AMBIGUOUS,Death of seafarer due to fall from crane cabin Safety Flash Published on 15 April 2026 Generated on 14 September 2026 IMCA SF 07/26 3 minute read The Directorate,0,161,True,DERIVED_FACT,AMBIGUOUS_PARTIAL_MATCH,False
EVT-IMCA-0047,IOGP-08,Work authorization,EXPLICIT,UNSUPPORTED,UNSUPPORTED,NONE,-1,-1,False,UNGROUNDED,UNGROUNDED,False
EVT-IMCA-0047,IOGP-09,Working at height,EXPLICIT,SUPPORTED,SUPPORTED,platform collapsed Safety Flash IMCA SF 18/25 2 October 2025 Read more IOGP Life Saving Rules: Bypassing safety controls Working at height What are these,3238,3391,True,SOURCE_FACT,EXPLICIT_SOURCE_TEXT,False
EVT-IMCA-0048,IOGP-05,Hot work,EXPLICIT,UNSUPPORTED,UNSUPPORTED,NONE,-1,-1,False,UNGROUNDED,UNGROUNDED,False
EVT-IMCA-0048,IOGP-07,Safe mechanical lifting,EXPLICIT,DERIVED,DERIVED,"to the port involved, including: Review safety management systems and risk assessments to provide clear guidance on: the rigging of the gob rope",1421,1565,True,SOURCE_FACT,EXPLICIT_SOURCE_TEXT,False
EVT-IMCA-0048,IOGP-08,Work authorization,EXPLICIT,UNSUPPORTED,UNSUPPORTED,NONE,-1,-1,False,UNGROUNDED,UNGROUNDED,False
EVT-IMCA-0049,IOGP-01,Bypassing safety controls,NONE,AMBIGUOUS,AMBIGUOUS,override,2232,2240,True,DERIVED_FACT,AMBIGUOUS_PARTIAL_MATCH,False
EVT-IMCA-0049,IOGP-05,Hot work,NONE,AMBIGUOUS,AMBIGUOUS,cutting,1371,1378,True,DERIVED_FACT,AMBIGUOUS_PARTIAL_MATCH,False
EVT-IMCA-0049,IOGP-06,Line of fire,EXPLICIT,AMBIGUOUS,AMBIGUOUS,Dropped object &#x2013,0,22,True,DERIVED_FACT,AMBIGUOUS_PARTIAL_MATCH,False
EVT-IMCA-0049,IOGP-07,Safe mechanical lifting,EXPLICIT,SUPPORTED,SUPPORTED,crane,384,389,True,SOURCE_FACT,EXPLICIT_SOURCE_TEXT,False
EVT-IMCA-0049,IOGP-08,Work authorization,EXPLICIT,SUPPORTED,SUPPORTED,Permit to Work,1134,1148,True,SOURCE_FACT,EXPLICIT_SOURCE_TEXT,False
EVT-IMCA-0050,IOGP-03,Driving,EXPLICIT,AMBIGUOUS,AMBIGUOUS,drive,375,380,True,DERIVED_FACT,AMBIGUOUS_PARTIAL_MATCH,False
EVT-IMCA-0050,IOGP-06,Line of fire,EXPLICIT,SUPPORTED,SUPPORTED,ut hand on broken glass during heavy weather Safety Flash IMCA SF 16/24 14 August 2024 Read more IOGP Life Saving Rules: Line of fire What are these,1648,1796,True,SOURCE_FACT,EXPLICIT_SOURCE_TEXT,False
EVT-IMCA-0050,IOGP-08,Work authorization,EXPLICIT,DERIVED,DERIVED,JSA,1317,1320,True,SOURCE_FACT,EXPLICIT_SOURCE_TEXT,False
EVT-IMCA-0051,IOGP-06,Line of fire,EXPLICIT,SUPPORTED,SUPPORTED,Line of fire,2489,2501,True,SOURCE_FACT,EXPLICIT_SOURCE_TEXT,False
EVT-IMCA-0051,IOGP-07,Safe mechanical lifting,EXPLICIT,DERIVED,DERIVED,slings,422,428,True,SOURCE_FACT,EXPLICIT_SOURCE_TEXT,False
EVT-IMCA-0051,IOGP-08,Work authorization,EXPLICIT,SUPPORTED,SUPPORTED,Permit to Work,1399,1413,True,SOURCE_FACT,EXPLICIT_SOURCE_TEXT,False
EVT-IMCA-0052,IOGP-03,Driving,NONE,DERIVED,DERIVED,drive,2291,2296,True,SOURCE_FACT,EXPLICIT_SOURCE_TEXT,False
EVT-IMCA-0052,IOGP-05,Hot work,EXPLICIT,UNSUPPORTED,UNSUPPORTED,NONE,-1,-1,False,UNGROUNDED,UNGROUNDED,False
EVT-IMCA-0052,IOGP-06,Line of fire,EXPLICIT,SUPPORTED,SUPPORTED,odged pin causes injury Safety Flash IMCA SF 11/24 3 June 2024 Read more IOGP Life Saving Rules: Safe mechanical lifting Line of fire What are these,3348,3496,True,SOURCE_FACT,EXPLICIT_SOURCE_TEXT,False
EVT-IMCA-0052,IOGP-07,Safe mechanical lifting,EXPLICIT,SUPPORTED,SUPPORTED,BSEE: Crane incident leads to serious facial injuries Safety Flash Published on 24 March 2026 Generated on 14 September 2026 IMCA SF,0,132,True,SOURCE_FACT,EXPLICIT_SOURCE_TEXT,False
EVT-IMCA-0052,IOGP-08,Work authorization,NONE,DERIVED,DERIVED,Stop work,2836,2845,True,SOURCE_FACT,EXPLICIT_SOURCE_TEXT,False
EVT-IMCA-0053,IOGP-01,Bypassing safety controls,EXPLICIT,SUPPORTED,SUPPORTED,r 2023 Read more Mobile phone charger failures Safety Flash IMCA SF 16/16 27 June 2016 Read more IOGP Life Saving Rules: Bypassing safety controls What are these,2094,2255,True,SOURCE_FACT,EXPLICIT_SOURCE_TEXT,False
EVT-IMCA-0054,IOGP-07,Safe mechanical lifting,EXPLICIT,UNSUPPORTED,UNSUPPORTED,NONE,-1,-1,False,UNGROUNDED,UNGROUNDED,False
EVT-IMCA-0054,IOGP-09,Working at height,EXPLICIT,AMBIGUOUS,AMBIGUOUS,er 2026 IMCA SF 05/26 2 minute read An A-frame fold-down platform failed leaving a crew member suspended by their safety harness,101,229,True,DERIVED_FACT,AMBIGUOUS_PARTIAL_MATCH,False
EVT-IMCA-0055,IOGP-02,Confined space,DERIVED,UNSUPPORTED,UNSUPPORTED,NONE,-1,-1,False,UNGROUNDED,UNGROUNDED,False
EVT-IMCA-0055,IOGP-08,Work authorization,EXPLICIT,DERIVED,DERIVED,"During a safety walk-round, personnel were found working inside a sewage tank, without a Permit to Work",0,103,True,SOURCE_FACT,EXPLICIT_SOURCE_TEXT,False
EVT-IMCA-0058,IOGP-06,Line of fire,EXPLICIT,SUPPORTED,SUPPORTED,ell from load being lifted by mobile crane Safety Flash IMCA SF 15/14 8 September 2014 Read more IOGP Life Saving Rules: Line of fire Safe mechanical lifting What are these,2272,2444,True,SOURCE_FACT,EXPLICIT_SOURCE_TEXT,False
EVT-IMCA-0058,IOGP-07,Safe mechanical lifting,EXPLICIT,AMBIGUOUS,AMBIGUOUS,"hed on 3 March 2026 Generated on 14 September 2026 IMCA SF 04/26 2 minute read During the lowering of the A-frame of the crane on a large crane vessel, a plate with a weight of 15kg, rolled out from the auxiliary inboard fleeting sheaves",77,314,True,DERIVED_FACT,AMBIGUOUS_PARTIAL_MATCH,False
EVT-IMCA-0061,IOGP-01,Bypassing safety controls,DERIVED,DERIVED,DERIVED,Bypassing,3216,3225,True,SOURCE_FACT,EXPLICIT_SOURCE_TEXT,False
EVT-IMCA-0061,IOGP-06,Line of fire,EXPLICIT,SUPPORTED,SUPPORTED,Line of fire,3242,3254,True,SOURCE_FACT,EXPLICIT_SOURCE_TEXT,False
EVT-IMCA-0061,IOGP-07,Safe mechanical lifting,EXPLICIT,AMBIGUOUS,AMBIGUOUS,BSEE: Falling corroded crane component results in near miss Safety Flash Published on 3 March 2026 Generated on 14 September 2026 IMCA SF 04/26 3 min,0,149,True,DERIVED_FACT,AMBIGUOUS_PARTIAL_MATCH,False
EVT-IMCA-0061,IOGP-08,Work authorization,EXPLICIT,SUPPORTED,SUPPORTED,JSA,1712,1715,True,SOURCE_FACT,EXPLICIT_SOURCE_TEXT,False
EVT-IMCA-0062,IOGP-01,Bypassing safety controls,NONE,DERIVED,DERIVED,bridge,255,261,True,SOURCE_FACT,EXPLICIT_SOURCE_TEXT,False
EVT-IMCA-0062,IOGP-02,Confined space,EXPLICIT,UNSUPPORTED,UNSUPPORTED,NONE,-1,-1,False,UNGROUNDED,UNGROUNDED,False
EVT-IMCA-0063,IOGP-01,Bypassing safety controls,NONE,AMBIGUOUS,AMBIGUOUS,bridge,1676,1682,True,DERIVED_FACT,AMBIGUOUS_PARTIAL_MATCH,False
EVT-IMCA-0063,IOGP-06,Line of fire,EXPLICIT,UNSUPPORTED,UNSUPPORTED,NONE,-1,-1,False,UNGROUNDED,UNGROUNDED,False
EVT-IMCA-0063,IOGP-08,Work authorization,NONE,AMBIGUOUS,AMBIGUOUS,Stop Work,1784,1793,True,DERIVED_FACT,AMBIGUOUS_PARTIAL_MATCH,False
EVT-IMCA-0063,IOGP-09,Working at height,EXPLICIT,SUPPORTED,SUPPORTED,Fall from height during mooring due to rope tension reaction Safety Flash Published on 13 February 2026 Generated on 14 September,0,129,True,SOURCE_FACT,EXPLICIT_SOURCE_TEXT,False
EVT-IMCA-0065,IOGP-01,Bypassing safety controls,DERIVED,DERIVED,DERIVED,Bypassing,2687,2696,True,SOURCE_FACT,EXPLICIT_SOURCE_TEXT,False
EVT-IMCA-0065,IOGP-04,Energy isolation,DERIVED,DERIVED,DERIVED,isolate,613,620,True,SOURCE_FACT,EXPLICIT_SOURCE_TEXT,False
EVT-IMCA-0065,IOGP-05,Hot work,EXPLICIT,DERIVED,DERIVED,ignited,49,56,True,SOURCE_FACT,EXPLICIT_SOURCE_TEXT,False
EVT-IMCA-0067,IOGP-01,Bypassing safety controls,DERIVED,DERIVED,DERIVED,Bypassing,3442,3451,True,SOURCE_FACT,EXPLICIT_SOURCE_TEXT,False
EVT-IMCA-0067,IOGP-04,Energy isolation,EXPLICIT,SUPPORTED,SUPPORTED,"erience and was unfamiliar with key procedural requirements, including verifying the gas line’s condition through proper isolation checks and ensuring all necessary approvals and safety documentation were complete before starting work",1235,1469,True,SOURCE_FACT,EXPLICIT_SOURCE_TEXT,False
EVT-IMCA-0067,IOGP-08,Work authorization,EXPLICIT,SUPPORTED,SUPPORTED,JSA,1056,1059,True,SOURCE_FACT,EXPLICIT_SOURCE_TEXT,False
EVT-IMCA-0067,IOGP-09,Working at height,EXPLICIT,SUPPORTED,SUPPORTED,fall protection,2058,2073,True,SOURCE_FACT,EXPLICIT_SOURCE_TEXT,False
EVT-IMCA-0068,IOGP-06,Line of fire,EXPLICIT,AMBIGUOUS,AMBIGUOUS,afety Flashes Unexpected descent and ascent of mattress lifting frame Safety Flash IMCA SF 19/23 3 August 2023 Read more Dropped object due to over-ridden limit switch Safety Flash IMCA SF 18/25 2 October 2025 Read more Download PDF Safety Flashes Latest S,3964,4220,True,DERIVED_FACT,AMBIGUOUS_PARTIAL_MATCH,False
EVT-IMCA-0068,IOGP-07,Safe mechanical lifting,EXPLICIT,SUPPORTED,SUPPORTED,crane,936,941,True,SOURCE_FACT,EXPLICIT_SOURCE_TEXT,False
EVT-IMCA-0069,IOGP-03,Driving,EXPLICIT,SUPPORTED,SUPPORTED,Umbilical support frame made contact with passing vehicle on public road Safety Flash Published on 22 January 2026 Generated on 14 September 2026 IMCA SF 02/26 2 minute read Whil,0,178,True,SOURCE_FACT,EXPLICIT_SOURCE_TEXT,False
EVT-IMCA-0069,IOGP-09,Working at height,NONE,AMBIGUOUS,AMBIGUOUS,falls from,2602,2612,True,DERIVED_FACT,AMBIGUOUS_PARTIAL_MATCH,False
EVT-IMCA-0070,IOGP-01,Bypassing safety controls,DERIVED,DERIVED,DERIVED,Bypassing,1780,1789,True,SOURCE_FACT,EXPLICIT_SOURCE_TEXT,False
EVT-IMCA-0070,IOGP-03,Driving,NONE,AMBIGUOUS,AMBIGUOUS,Petrol driven equipment left stored in an emergency generator room Safety Flash Published on 22 January 2026 Generated on 14 September,0,134,True,DERIVED_FACT,AMBIGUOUS_PARTIAL_MATCH,False
EVT-IMCA-0070,IOGP-05,Hot work,EXPLICIT,DERIVED,DERIVED,ignition,664,672,True,SOURCE_FACT,EXPLICIT_SOURCE_TEXT,False
EVT-IMCA-0071,IOGP-01,Bypassing safety controls,DERIVED,DERIVED,DERIVED,Bypassing,1773,1782,True,SOURCE_FACT,EXPLICIT_SOURCE_TEXT,False
EVT-IMCA-0071,IOGP-05,Hot work,EXPLICIT,SUPPORTED,SUPPORTED,"rated on 14 September 2026 IMCA SF 02/26 2 minute read During refuelling, petrol (gasoline) spilled around generator and ignited",99,227,True,SOURCE_FACT,EXPLICIT_SOURCE_TEXT,False
EVT-IMCA-0071,IOGP-06,Line of fire,EXPLICIT,SUPPORTED,SUPPORTED,Line of fire,1799,1811,True,SOURCE_FACT,EXPLICIT_SOURCE_TEXT,False
EVT-IMCA-0071,IOGP-08,Work authorization,EXPLICIT,DERIVED,DERIVED,risk assessment,999,1014,True,SOURCE_FACT,EXPLICIT_SOURCE_TEXT,False
EVT-IMCA-0072,IOGP-01,Bypassing safety controls,DERIVED,DERIVED,DERIVED,Bridge,435,441,True,SOURCE_FACT,EXPLICIT_SOURCE_TEXT,False
EVT-IMCA-0072,IOGP-03,Driving,NONE,DERIVED,DERIVED,collision,751,760,True,SOURCE_FACT,EXPLICIT_SOURCE_TEXT,False
EVT-IMCA-0072,IOGP-08,Work authorization,NONE,DERIVED,DERIVED,"el may operate in close proximity to offshore installations without completing the required checklists, obtaining proper authorization, and maintaining continuous situational awareness",539,723,True,SOURCE_FACT,EXPLICIT_SOURCE_TEXT,False
EVT-IMCA-0073,IOGP-06,Line of fire,EXPLICIT,SUPPORTED,SUPPORTED,line of fire,1047,1059,True,SOURCE_FACT,EXPLICIT_SOURCE_TEXT,False
EVT-IMCA-0073,IOGP-07,Safe mechanical lifting,EXPLICIT,SUPPORTED,SUPPORTED,crane,468,473,True,SOURCE_FACT,EXPLICIT_SOURCE_TEXT,False
EVT-IMCA-0073,IOGP-09,Working at height,NONE,AMBIGUOUS,AMBIGUOUS,High potential dropped object - cradle falls from trailer Safety Flash Published on 12 January 2026 Generated on 14 September 2026 IMCA SF 01/26 3 minute read A large “cr,0,170,True,DERIVED_FACT,AMBIGUOUS_PARTIAL_MATCH,False
EVT-IMCA-0074,IOGP-01,Bypassing safety controls,NONE,DERIVED,DERIVED,bridge,459,465,True,SOURCE_FACT,EXPLICIT_SOURCE_TEXT,False
EVT-IMCA-0074,IOGP-07,Safe mechanical lifting,EXPLICIT,SUPPORTED,SUPPORTED,crane,2363,2368,True,SOURCE_FACT,EXPLICIT_SOURCE_TEXT,False
EVT-IMCA-0074,IOGP-08,Work authorization,EXPLICIT,DERIVED,DERIVED,risk assessment,1916,1931,True,SOURCE_FACT,EXPLICIT_SOURCE_TEXT,False
EVT-IMCA-0075,IOGP-05,Hot work,NONE,AMBIGUOUS,AMBIGUOUS,ed that the probable cause of the engine room fire was lube oil spraying from an auxiliary diesel engine (generator) and igniting off a nearby running diesel engine,860,1024,True,DERIVED_FACT,AMBIGUOUS_PARTIAL_MATCH,False
EVT-IMCA-0076,IOGP-01,Bypassing safety controls,DERIVED,DERIVED,DERIVED,Bypassing,3820,3829,True,SOURCE_FACT,EXPLICIT_SOURCE_TEXT,False
EVT-IMCA-0076,IOGP-04,Energy isolation,EXPLICIT,SUPPORTED,SUPPORTED,d more UK MAIB: Electrician injured in explosion Safety Flash IMCA SF 28/23 6 December 2023 Read more Permit to Work and Isolation procedure not followed Safety Flash IMCA SF 05/22 28 February 2022 Read more High potential: electric shock near miss Sa,3497,3748,True,SOURCE_FACT,EXPLICIT_SOURCE_TEXT,False
EVT-IMCA-0076,IOGP-08,Work authorization,EXPLICIT,SUPPORTED,SUPPORTED,Permit to Work,2862,2876,True,SOURCE_FACT,EXPLICIT_SOURCE_TEXT,False
EVT-IMCA-0078,IOGP-01,Bypassing safety controls,DERIVED,SUPPORTED,SUPPORTED,bypass,4698,4704,True,SOURCE_FACT,EXPLICIT_SOURCE_TEXT,False
EVT-IMCA-0078,IOGP-03,Driving,NONE,AMBIGUOUS,AMBIGUOUS,Collision,266,275,True,DERIVED_FACT,AMBIGUOUS_PARTIAL_MATCH,False
EVT-IMCA-0078,IOGP-05,Hot work,EXPLICIT,UNSUPPORTED,UNSUPPORTED,NONE,-1,-1,False,UNGROUNDED,UNGROUNDED,False
EVT-IMCA-0078,IOGP-06,Line of fire,EXPLICIT,SUPPORTED,SUPPORTED,Line of fire,5668,5680,True,SOURCE_FACT,EXPLICIT_SOURCE_TEXT,False
EVT-IMCA-0078,IOGP-07,Safe mechanical lifting,EXPLICIT,AMBIGUOUS,AMBIGUOUS,Crane,281,286,True,DERIVED_FACT,AMBIGUOUS_PARTIAL_MATCH,False
EVT-IMCA-0079,IOGP-02,Confined space,EXPLICIT,SUPPORTED,SUPPORTED,"as: Bailouts were being suspended using S-hooks rather than carabiners, increasing the likelihood of dislodgement in the confined space of the diving bell",1287,1441,True,SOURCE_FACT,EXPLICIT_SOURCE_TEXT,False
EVT-IMCA-0079,IOGP-06,Line of fire,EXPLICIT,SUPPORTED,SUPPORTED,shes Diver in the bell hit by falling object Safety Flash IMCA SF 01/24 9 January 2024 Read more IOGP Life Saving Rules: Line of fire What are these,2370,2518,True,SOURCE_FACT,EXPLICIT_SOURCE_TEXT,False
EVT-IMCA-0079,IOGP-08,Work authorization,EXPLICIT,UNSUPPORTED,UNSUPPORTED,NONE,-1,-1,False,UNGROUNDED,UNGROUNDED,False
EVT-IMCA-0080,IOGP-01,Bypassing safety controls,DERIVED,DERIVED,DERIVED,Bypassing,2481,2490,True,SOURCE_FACT,EXPLICIT_SOURCE_TEXT,False
EVT-IMCA-0080,IOGP-07,Safe mechanical lifting,EXPLICIT,AMBIGUOUS,AMBIGUOUS,crane,265,270,True,DERIVED_FACT,AMBIGUOUS_PARTIAL_MATCH,False
EVT-IMCA-0080,IOGP-08,Work authorization,EXPLICIT,DERIVED,DERIVED,Stop Work,1306,1315,True,SOURCE_FACT,EXPLICIT_SOURCE_TEXT,False
EVT-IMCA-0080,IOGP-09,Working at height,NONE,DERIVED,DERIVED,Man overboard in port: Seaman falls from quay access ladder Safety Flash Published on 18 December 2025 Generated on 14 September 2026 IMCA SF 23/25 2 minute read,0,161,True,SOURCE_FACT,EXPLICIT_SOURCE_TEXT,False
EVT-IMCA-0081,IOGP-01,Bypassing safety controls,DERIVED,DERIVED,DERIVED,Bypassing,2394,2403,True,SOURCE_FACT,EXPLICIT_SOURCE_TEXT,False
EVT-IMCA-0081,IOGP-05,Hot work,DERIVED,DERIVED,DERIVED,cutting,335,342,True,SOURCE_FACT,EXPLICIT_SOURCE_TEXT,False
EVT-IMCA-0081,IOGP-06,Line of fire,EXPLICIT,SUPPORTED,SUPPORTED,Line of fire,2420,2432,True,SOURCE_FACT,EXPLICIT_SOURCE_TEXT,False
EVT-IMCA-0081,IOGP-08,Work authorization,NONE,DERIVED,DERIVED,toolbox talk,1677,1689,True,SOURCE_FACT,EXPLICIT_SOURCE_TEXT,False
EVT-IMCA-0082,IOGP-08,Work authorization,NONE,AMBIGUOUS,AMBIGUOUS,SIMOPS,1421,1427,True,DERIVED_FACT,AMBIGUOUS_PARTIAL_MATCH,False
EVT-IMCA-0083,IOGP-01,Bypassing safety controls,EXPLICIT,SUPPORTED,SUPPORTED,Bypassing,2360,2369,True,SOURCE_FACT,EXPLICIT_SOURCE_TEXT,False
EVT-IMCA-0083,IOGP-08,Work authorization,NONE,DERIVED,DERIVED,toolbox talk,1002,1014,True,SOURCE_FACT,EXPLICIT_SOURCE_TEXT,False
EVT-IMCA-0084,IOGP-03,Driving,EXPLICIT,SUPPORTED,SUPPORTED,ak causes a fire in the engine room Safety Flash IMCA SF 14/23 12 June 2023 Read more Fire in engine room and subsequent collision with structure on transport barge Safety Flash IMCA SF 14/20 28 April 2020 Read more Fuel spray fire Safety Flash IMCA S,2022,2273,True,SOURCE_FACT,EXPLICIT_SOURCE_TEXT,False
EVT-IMCA-0084,IOGP-05,Hot work,EXPLICIT,SUPPORTED,SUPPORTED,20 July 2018 Read more Fire in engine room Safety Flash IMCA SF 35/16 20 December 2016 Read more IOGP Life Saving Rules: Hot work What are these,2281,2425,True,SOURCE_FACT,EXPLICIT_SOURCE_TEXT,False
EVT-IMCA-0085,IOGP-01,Bypassing safety controls,DERIVED,SUPPORTED,SUPPORTED,Fire dampers and fixed firefighting systems Safety Flash IMCA SF 04/19 12 March 2019 Read more IOGP Life Saving Rules: Bypassing safety controls What are these,1668,1827,True,SOURCE_FACT,EXPLICIT_SOURCE_TEXT,False
EVT-IMCA-0086,IOGP-06,Line of fire,EXPLICIT,AMBIGUOUS,AMBIGUOUS,Dropped object,2043,2057,True,DERIVED_FACT,AMBIGUOUS_PARTIAL_MATCH,False
EVT-IMCA-0086,IOGP-07,Safe mechanical lifting,EXPLICIT,SUPPORTED,SUPPORTED,ed on 14 September 2026 IMCA SF 22/25 2 minute read A plastic pallet loaded with plastic lube oil drums fell while being hoisted,86,214,True,SOURCE_FACT,EXPLICIT_SOURCE_TEXT,False
EVT-IMCA-0088,IOGP-06,Line of fire,EXPLICIT,UNSUPPORTED,UNSUPPORTED,NONE,-1,-1,False,UNGROUNDED,UNGROUNDED,False
EVT-IMCA-0088,IOGP-07,Safe mechanical lifting,EXPLICIT,AMBIGUOUS,AMBIGUOUS,crane,635,640,True,DERIVED_FACT,AMBIGUOUS_PARTIAL_MATCH,False
EVT-IMCA-0088,IOGP-08,Work authorization,NONE,AMBIGUOUS,AMBIGUOUS,STOP WORK,1501,1510,True,DERIVED_FACT,AMBIGUOUS_PARTIAL_MATCH,False
EVT-IMCA-0089,IOGP-01,Bypassing safety controls,DERIVED,SUPPORTED,SUPPORTED,ad more Fatality during lifting operations Safety Flash IMCA SF 18/13 20 December 2013 Read more IOGP Life Saving Rules: Bypassing safety controls Safe mechanical lifting Line of fire What are these,3378,3576,True,SOURCE_FACT,EXPLICIT_SOURCE_TEXT,False
EVT-IMCA-0089,IOGP-05,Hot work,EXPLICIT,UNSUPPORTED,UNSUPPORTED,NONE,-1,-1,False,UNGROUNDED,UNGROUNDED,False
EVT-IMCA-0089,IOGP-06,Line of fire,EXPLICIT,SUPPORTED,SUPPORTED,Flash IMCA SF 18/13 20 December 2013 Read more IOGP Life Saving Rules: Bypassing safety controls Safe mechanical lifting Line of fire What are these,3428,3576,True,SOURCE_FACT,EXPLICIT_SOURCE_TEXT,False
EVT-IMCA-0089,IOGP-07,Safe mechanical lifting,EXPLICIT,SUPPORTED,SUPPORTED,rigging,1831,1838,True,SOURCE_FACT,EXPLICIT_SOURCE_TEXT,False
EVT-IMCA-0089,IOGP-08,Work authorization,NONE,AMBIGUOUS,AMBIGUOUS,Stop Work,3021,3030,True,DERIVED_FACT,AMBIGUOUS_PARTIAL_MATCH,False
EVT-IMCA-0089,IOGP-09,Working at height,NONE,AMBIGUOUS,AMBIGUOUS,Fall from,3303,3312,True,DERIVED_FACT,AMBIGUOUS_PARTIAL_MATCH,False
EVT-IMCA-0091,IOGP-04,Energy isolation,EXPLICIT,UNSUPPORTED,UNSUPPORTED,NONE,-1,-1,False,UNGROUNDED,UNGROUNDED,False
EVT-IMCA-0092,IOGP-05,Hot work,EXPLICIT,UNSUPPORTED,UNSUPPORTED,NONE,-1,-1,False,UNGROUNDED,UNGROUNDED,False
EVT-IMCA-0093,IOGP-01,Bypassing safety controls,DERIVED,SUPPORTED,SUPPORTED,emergency exit hatch blocked by mooring ropes Safety Flash IMCA SF 12/21 27 April 2021 Read more IOGP Life Saving Rules: Bypassing safety controls What are these,1550,1711,True,SOURCE_FACT,EXPLICIT_SOURCE_TEXT,False
EVT-IMCA-0093,IOGP-08,Work authorization,EXPLICIT,SUPPORTED,SUPPORTED,"scape, and the need to discuss where to route the hose in this context, could easily be added to the risk assessment and toolbox talk for bunkering",856,1003,True,SOURCE_FACT,EXPLICIT_SOURCE_TEXT,False
EVT-IMCA-0094,IOGP-01,Bypassing safety controls,DERIVED,SUPPORTED,SUPPORTED,2024 Read more Blocked emergency exit hatch Safety Flash IMCA SF 02/23 11 January 2023 Read more IOGP Life Saving Rules: Bypassing safety controls What are these,1954,2115,True,SOURCE_FACT,EXPLICIT_SOURCE_TEXT,False
EVT-IMCA-0095,IOGP-01,Bypassing safety controls,DERIVED,DERIVED,DERIVED,Bypassing,2601,2610,True,SOURCE_FACT,EXPLICIT_SOURCE_TEXT,False
EVT-IMCA-0095,IOGP-03,Driving,DERIVED,DERIVED,DERIVED,urns Safety Flash Published on 7 November 2025 Generated on 14 September 2026 IMCA SF 20/25 2 minute read The Australian Transport Safety Bureau (ATSB) has published Report MO-2025-004 into an unplanned pressure release which resulted in burn injuries,54,305,True,SOURCE_FACT,EXPLICIT_SOURCE_TEXT,False
EVT-IMCA-0095,IOGP-04,Energy isolation,EXPLICIT,DERIVED,DERIVED,isolated,482,490,True,SOURCE_FACT,EXPLICIT_SOURCE_TEXT,False
EVT-IMCA-0095,IOGP-06,Line of fire,NONE,AMBIGUOUS,AMBIGUOUS,pressure release,257,273,True,DERIVED_FACT,AMBIGUOUS_PARTIAL_MATCH,False
EVT-IMCA-0095,IOGP-08,Work authorization,EXPLICIT,DERIVED,DERIVED,risk assessment,1170,1185,True,SOURCE_FACT,EXPLICIT_SOURCE_TEXT,False
EVT-IMCA-0096,IOGP-01,Bypassing safety controls,NONE,DERIVED,DERIVED,bridge,307,313,True,SOURCE_FACT,EXPLICIT_SOURCE_TEXT,False
EVT-IMCA-0096,IOGP-03,Driving,DERIVED,DERIVED,DERIVED,transport,1406,1415,True,SOURCE_FACT,EXPLICIT_SOURCE_TEXT,False
EVT-IMCA-0096,IOGP-04,Energy isolation,DERIVED,DERIVED,DERIVED,isolated,619,627,True,SOURCE_FACT,EXPLICIT_SOURCE_TEXT,False
EVT-IMCA-0098,IOGP-08,Work authorization,EXPLICIT,SUPPORTED,SUPPORTED,JSA,1588,1591,True,SOURCE_FACT,EXPLICIT_SOURCE_TEXT,False
EVT-IMCA-0098,IOGP-09,Working at height,NONE,DERIVED,DERIVED,Injury after fall from vertical ladder Safety Flash Published on 27 October 2025 Generated on 14 September 2026 IMCA SF 19/25 2 minute read Two,0,143,True,SOURCE_FACT,EXPLICIT_SOURCE_TEXT,False
EVT-IMCA-0099,IOGP-01,Bypassing safety controls,DERIVED,SUPPORTED,SUPPORTED,r crushed while moving mobile gantry crane Safety Flash IMCA SF 05/23 16 February 2023 Read more IOGP Life Saving Rules: Bypassing safety controls Safe mechanical lifting Line of fire What are these,2336,2534,True,SOURCE_FACT,EXPLICIT_SOURCE_TEXT,False
EVT-IMCA-0099,IOGP-04,Energy isolation,DERIVED,DERIVED,DERIVED,t put your finger in the wrong place: Failure to isolate equipment causes serious finger injury Safety Flash IMCA SF 13/19 4 June 2019 Read more Serious finger injury during val,2080,2257,True,SOURCE_FACT,EXPLICIT_SOURCE_TEXT,False
EVT-IMCA-0099,IOGP-06,Line of fire,EXPLICIT,SUPPORTED,SUPPORTED,line of fire,1338,1350,True,SOURCE_FACT,EXPLICIT_SOURCE_TEXT,False
EVT-IMCA-0099,IOGP-07,Safe mechanical lifting,EXPLICIT,AMBIGUOUS,AMBIGUOUS,g valve installation Safety Flash IMCA SF 28/16 18 October 2016 Read more LTI: Finger crushed while moving mobile gantry crane Safety Flash IMCA SF 05/23 16 February 2023 Read more IOGP Life Saving Rules: Bypassing safety controls Safe mechanical,2252,2498,True,DERIVED_FACT,AMBIGUOUS_PARTIAL_MATCH,False
EVT-IMCA-0099,IOGP-08,Work authorization,EXPLICIT,SUPPORTED,SUPPORTED,Permit to Work,987,1001,True,SOURCE_FACT,EXPLICIT_SOURCE_TEXT,False
EVT-IMCA-0100,IOGP-01,Bypassing safety controls,EXPLICIT,SUPPORTED,SUPPORTED,more Fire: Spontaneous combustion of towels Safety Flash IMCA SF 03/16 27 January 2016 Read more IOGP Life Saving Rules: Bypassing safety controls Energy isolation What are these,2102,2280,True,SOURCE_FACT,EXPLICIT_SOURCE_TEXT,False
EVT-IMCA-0100,IOGP-04,Energy isolation,EXPLICIT,DERIVED,DERIVED,isolation,2256,2265,True,SOURCE_FACT,EXPLICIT_SOURCE_TEXT,False
EVT-IMCA-0101,IOGP-02,Confined space,EXPLICIT,SUPPORTED,SUPPORTED,Japan Transport Safety Board: two confined space fatalities Safety Flash Published on 27 October 2025 Generated on 14 September 2026 IMCA SF 19/25 2 minute read The Japa,0,169,True,SOURCE_FACT,EXPLICIT_SOURCE_TEXT,False
EVT-IMCA-0101,IOGP-03,Driving,DERIVED,DERIVED,DERIVED,Japan Transport Safety Board: two confined space fatalities Safety Flash Published on 27 October 2025 Generated on 14 September 2026 IMC,0,136,True,SOURCE_FACT,EXPLICIT_SOURCE_TEXT,False
EVT-IMCA-0101,IOGP-08,Work authorization,EXPLICIT,DERIVED,DERIVED,risk assessment,900,915,True,SOURCE_FACT,EXPLICIT_SOURCE_TEXT,False
EVT-IMCA-0102,IOGP-01,Bypassing safety controls,NONE,AMBIGUOUS,AMBIGUOUS,bridge,360,366,True,DERIVED_FACT,AMBIGUOUS_PARTIAL_MATCH,False
EVT-IMCA-0102,IOGP-08,Work authorization,DERIVED,SUPPORTED,SUPPORTED,toolbox talk,295,307,True,SOURCE_FACT,EXPLICIT_SOURCE_TEXT,False
EVT-IMCA-0103,IOGP-05,Hot work,NONE,AMBIGUOUS,AMBIGUOUS,weld,816,820,True,DERIVED_FACT,AMBIGUOUS_PARTIAL_MATCH,False
EVT-IMCA-0103,IOGP-07,Safe mechanical lifting,EXPLICIT,DERIVED,DERIVED,Crane cab access platform collapsed Safety Flash Published on 2 October 2025 Generated on 14 September 2026 IMCA SF 18/25 2 mi,0,126,True,SOURCE_FACT,EXPLICIT_SOURCE_TEXT,False
EVT-IMCA-0104,IOGP-01,Bypassing safety controls,NONE,DERIVED,DERIVED,bridge,836,842,True,SOURCE_FACT,EXPLICIT_SOURCE_TEXT,False
EVT-IMCA-0105,IOGP-01,Bypassing safety controls,EXPLICIT,SUPPORTED,SUPPORTED,ontrol/emergency stop on rescue boat winch Safety Flash IMCA SF 05/21 11 February 2021 Read more IOGP Life Saving Rules: Bypassing safety controls Energy isolation Line of fire Safe mechanical lifting What are these,4306,4521,True,SOURCE_FACT,EXPLICIT_SOURCE_TEXT,False
EVT-IMCA-0105,IOGP-04,Energy isolation,EXPLICIT,SUPPORTED,SUPPORTED,oat winch Safety Flash IMCA SF 05/21 11 February 2021 Read more IOGP Life Saving Rules: Bypassing safety controls Energy isolation Line of fire Safe mechanical lifting What are these,4339,4521,True,SOURCE_FACT,EXPLICIT_SOURCE_TEXT,False
EVT-IMCA-0105,IOGP-06,Line of fire,EXPLICIT,SUPPORTED,SUPPORTED,line of fire,1063,1075,True,SOURCE_FACT,EXPLICIT_SOURCE_TEXT,False
EVT-IMCA-0105,IOGP-07,Safe mechanical lifting,EXPLICIT,SUPPORTED,SUPPORTED,crane,167,172,True,SOURCE_FACT,EXPLICIT_SOURCE_TEXT,False
EVT-IMCA-0105,IOGP-08,Work authorization,EXPLICIT,DERIVED,DERIVED,Risk Assessment,1607,1622,True,SOURCE_FACT,EXPLICIT_SOURCE_TEXT,False
EVT-IMCA-0105,IOGP-09,Working at height,NONE,AMBIGUOUS,AMBIGUOUS,"ember 2026 IMCA SF 18/25 4 minute read A limit switch on a crane was over-ridden, resulting in wires parting and objects falling from the crane",108,251,True,DERIVED_FACT,AMBIGUOUS_PARTIAL_MATCH,False
EVT-IMCA-0106,IOGP-04,Energy isolation,EXPLICIT,SUPPORTED,SUPPORTED,isolated,1062,1070,True,SOURCE_FACT,EXPLICIT_SOURCE_TEXT,False
EVT-IMCA-0106,IOGP-08,Work authorization,EXPLICIT,DERIVED,DERIVED,toolbox talk,1433,1445,True,SOURCE_FACT,EXPLICIT_SOURCE_TEXT,False
EVT-IMCA-0108,IOGP-06,Line of fire,EXPLICIT,AMBIGUOUS,AMBIGUOUS,dropped object,768,782,True,DERIVED_FACT,AMBIGUOUS_PARTIAL_MATCH,False
EVT-IMCA-0108,IOGP-07,Safe mechanical lifting,EXPLICIT,AMBIGUOUS,AMBIGUOUS,SWL plate dropped from crane block Safety Flash Published on 17 September 2025 Generated on 14 September 2026 IMCA SF 17/25 2 minute read An “SWL” pl,0,149,True,DERIVED_FACT,AMBIGUOUS_PARTIAL_MATCH,False
EVT-IMCA-0109,IOGP-07,Safe mechanical lifting,EXPLICIT,SUPPORTED,SUPPORTED,sub-contractors in dry dock There was no evidence of effective supervision of the dry dock contract personnel during the lifting operation,707,845,True,SOURCE_FACT,EXPLICIT_SOURCE_TEXT,False
EVT-IMCA-0109,IOGP-08,Work authorization,EXPLICIT,SUPPORTED,SUPPORTED,toolbox talk,886,898,True,SOURCE_FACT,EXPLICIT_SOURCE_TEXT,False
EVT-IMCA-0110,IOGP-01,Bypassing safety controls,NONE,DERIVED,DERIVED,Handling alarms on the bridge &#x2013,0,37,True,SOURCE_FACT,EXPLICIT_SOURCE_TEXT,False
EVT-IMCA-0110,IOGP-07,Safe mechanical lifting,EXPLICIT,AMBIGUOUS,AMBIGUOUS,crane,307,312,True,DERIVED_FACT,AMBIGUOUS_PARTIAL_MATCH,False
EVT-IMCA-0111,IOGP-04,Energy isolation,EXPLICIT,SUPPORTED,SUPPORTED,induced fatigue on process pipework Safety Flash IMCA SF 02/14 20 February 2014 Read more IOGP Life Saving Rules: Energy isolation Line of fire Work authorisation What are these,2811,2988,True,SOURCE_FACT,EXPLICIT_SOURCE_TEXT,False
EVT-IMCA-0111,IOGP-06,Line of fire,EXPLICIT,SUPPORTED,SUPPORTED,tigue on process pipework Safety Flash IMCA SF 02/14 20 February 2014 Read more IOGP Life Saving Rules: Energy isolation Line of fire Work authorisation What are these,2821,2988,True,SOURCE_FACT,EXPLICIT_SOURCE_TEXT,False
EVT-IMCA-0111,IOGP-08,Work authorization,EXPLICIT,UNSUPPORTED,UNSUPPORTED,NONE,-1,-1,False,UNGROUNDED,UNGROUNDED,False
EVT-IMCA-0112,IOGP-02,Confined space,EXPLICIT,UNSUPPORTED,UNSUPPORTED,NONE,-1,-1,False,UNGROUNDED,UNGROUNDED,False
EVT-IMCA-0113,IOGP-01,Bypassing safety controls,DERIVED,DERIVED,DERIVED,Bypassing,2363,2372,True,SOURCE_FACT,EXPLICIT_SOURCE_TEXT,False
EVT-IMCA-0113,IOGP-06,Line of fire,EXPLICIT,SUPPORTED,SUPPORTED,ng lifting operations Safety Flash IMCA SF 10/25 4 June 2025 Read more IOGP Life Saving Rules: Bypassing safety controls Line of fire What are these,2268,2416,True,SOURCE_FACT,EXPLICIT_SOURCE_TEXT,False
EVT-IMCA-0113,IOGP-07,Safe mechanical lifting,EXPLICIT,AMBIGUOUS,AMBIGUOUS,lifting operation,1475,1492,True,DERIVED_FACT,AMBIGUOUS_PARTIAL_MATCH,False
EVT-IMCA-0113,IOGP-08,Work authorization,EXPLICIT,SUPPORTED,SUPPORTED,Toolbox Talk,1433,1445,True,SOURCE_FACT,EXPLICIT_SOURCE_TEXT,False
EVT-IMCA-0114,IOGP-06,Line of fire,EXPLICIT,UNSUPPORTED,UNSUPPORTED,NONE,-1,-1,False,UNGROUNDED,UNGROUNDED,False
EVT-IMCA-0114,IOGP-08,Work authorization,EXPLICIT,SUPPORTED,SUPPORTED,job safety analysis,1375,1394,True,SOURCE_FACT,EXPLICIT_SOURCE_TEXT,False
EVT-IMCA-0115,IOGP-07,Safe mechanical lifting,EXPLICIT,DERIVED,DERIVED,nally that: “A critical factor in this incident was a failure to stop work and review the JSA before proceeding with the lifting operation” and that this reflected a safety culture where crew members did not feel empowered to halt operations to reassess poten,1474,1733,True,SOURCE_FACT,EXPLICIT_SOURCE_TEXT,False
EVT-IMCA-0115,IOGP-08,Work authorization,EXPLICIT,SUPPORTED,SUPPORTED,JSA,1205,1208,True,SOURCE_FACT,EXPLICIT_SOURCE_TEXT,False
EVT-IMCA-0116,IOGP-01,Bypassing safety controls,NONE,AMBIGUOUS,AMBIGUOUS,bridge,1317,1323,True,DERIVED_FACT,AMBIGUOUS_PARTIAL_MATCH,False
EVT-IMCA-0116,IOGP-06,Line of fire,EXPLICIT,UNSUPPORTED,UNSUPPORTED,NONE,-1,-1,False,UNGROUNDED,UNGROUNDED,False
EVT-IMCA-0117,IOGP-03,Driving,NONE,AMBIGUOUS,AMBIGUOUS,drive,2433,2438,True,DERIVED_FACT,AMBIGUOUS_PARTIAL_MATCH,False
EVT-IMCA-0117,IOGP-04,Energy isolation,EXPLICIT,SUPPORTED,SUPPORTED,njury: Injection of hydraulic fluid Safety Flash IMCA SF 16/09 10 November 2009 Read more IOGP Life Saving Rules: Energy isolation Line of fire What are these,3229,3387,True,SOURCE_FACT,EXPLICIT_SOURCE_TEXT,False
EVT-IMCA-0117,IOGP-06,Line of fire,EXPLICIT,SUPPORTED,SUPPORTED,ection of hydraulic fluid Safety Flash IMCA SF 16/09 10 November 2009 Read more IOGP Life Saving Rules: Energy isolation Line of fire What are these,3239,3387,True,SOURCE_FACT,EXPLICIT_SOURCE_TEXT,False
EVT-IMCA-0118,IOGP-01,Bypassing safety controls,NONE,DERIVED,DERIVED,"allow them to move to a safe location or brace for sudden movement, or allow sufficient time for the gangway operator to override the retraction",1021,1165,True,SOURCE_FACT,EXPLICIT_SOURCE_TEXT,False
EVT-IMCA-0118,IOGP-06,Line of fire,EXPLICIT,DERIVED,DERIVED,struck by,1271,1280,True,SOURCE_FACT,EXPLICIT_SOURCE_TEXT,False
EVT-IMCA-0118,IOGP-08,Work authorization,EXPLICIT,DERIVED,DERIVED,risk assessment,3602,3617,True,SOURCE_FACT,EXPLICIT_SOURCE_TEXT,False
EVT-IMCA-0118,IOGP-09,Working at height,NONE,DERIVED,DERIVED,f warning that the gangway is about to retract can lead to people: falling onto the gangway being struck by moving parts falling from height resulting in serious injury or death,1173,1350,True,SOURCE_FACT,EXPLICIT_SOURCE_TEXT,False
EVT-IMCA-0119,IOGP-03,Driving,EXPLICIT,SUPPORTED,SUPPORTED,drive,1249,1254,True,SOURCE_FACT,EXPLICIT_SOURCE_TEXT,False
EVT-IMCA-0119,IOGP-08,Work authorization,EXPLICIT,DERIVED,DERIVED,risk assessment,2013,2028,True,SOURCE_FACT,EXPLICIT_SOURCE_TEXT,False
EVT-IMCA-0121,IOGP-03,Driving,EXPLICIT,SUPPORTED,SUPPORTED,driving,717,724,True,SOURCE_FACT,EXPLICIT_SOURCE_TEXT,False
EVT-IMCA-0121,IOGP-06,Line of fire,EXPLICIT,SUPPORTED,SUPPORTED,e-side crane Safety Flash IMCA SF 11/25 18 June 2025 Read more Near miss: load lifted without notice putting crew in the line of fire Safety Flash IMCA SF 29/22 21 December 2022 Read more IOGP Life Saving Rules: Safe mechanical lifting What are these,1840,2090,True,SOURCE_FACT,EXPLICIT_SOURCE_TEXT,False
EVT-IMCA-0121,IOGP-07,Safe mechanical lifting,EXPLICIT,AMBIGUOUS,AMBIGUOUS,Shore-side crane boom collides with vessel mast Safety Flash Published on 14 August 2025 Generated on 14 September 2026 IMCA SF 14/25 2 m,0,137,True,DERIVED_FACT,AMBIGUOUS_PARTIAL_MATCH,False
EVT-IMCA-0122,IOGP-06,Line of fire,EXPLICIT,SUPPORTED,SUPPORTED,ase of stored energy from coiled superloops Safety Flash IMCA SF 24/18 30 October 2018 Read more IOGP Life Saving Rules: Line of fire What are these,1831,1979,True,SOURCE_FACT,EXPLICIT_SOURCE_TEXT,False
EVT-IMCA-0122,IOGP-07,Safe mechanical lifting,EXPLICIT,UNSUPPORTED,UNSUPPORTED,NONE,-1,-1,False,UNGROUNDED,UNGROUNDED,False
EVT-IMCA-0123,IOGP-01,Bypassing safety controls,DERIVED,SUPPORTED,SUPPORTED,ead more High potential LTI: Rigger ear injury Safety Flash IMCA SF 09/20 6 March 2020 Read more IOGP Life Saving Rules: Bypassing safety controls Line of fire What are these,1952,2126,True,SOURCE_FACT,EXPLICIT_SOURCE_TEXT,False
EVT-IMCA-0123,IOGP-06,Line of fire,EXPLICIT,SUPPORTED,SUPPORTED,I: Rigger ear injury Safety Flash IMCA SF 09/20 6 March 2020 Read more IOGP Life Saving Rules: Bypassing safety controls Line of fire What are these,1978,2126,True,SOURCE_FACT,EXPLICIT_SOURCE_TEXT,False
EVT-IMCA-0124,IOGP-03,Driving,NONE,DERIVED,DERIVED,collision,2711,2720,True,SOURCE_FACT,EXPLICIT_SOURCE_TEXT,False
EVT-IMCA-0124,IOGP-05,Hot work,EXPLICIT,UNSUPPORTED,UNSUPPORTED,NONE,-1,-1,False,UNGROUNDED,UNGROUNDED,False
EVT-IMCA-0124,IOGP-06,Line of fire,EXPLICIT,SUPPORTED,SUPPORTED,"unpredictability of vessel movement, tension within the downline, and the closeness of the diver to high-risk equipment (line of fire) such as the snatch block",1449,1608,True,SOURCE_FACT,EXPLICIT_SOURCE_TEXT,False
EVT-IMCA-0124,IOGP-07,Safe mechanical lifting,EXPLICIT,SUPPORTED,SUPPORTED,crane,3094,3099,True,SOURCE_FACT,EXPLICIT_SOURCE_TEXT,False
EVT-IMCA-0124,IOGP-08,Work authorization,EXPLICIT,UNSUPPORTED,UNSUPPORTED,NONE,-1,-1,False,UNGROUNDED,UNGROUNDED,False
EVT-IMCA-0124,IOGP-09,Working at height,DERIVED,DERIVED,DERIVED,lanyard,2114,2121,True,SOURCE_FACT,EXPLICIT_SOURCE_TEXT,False
EVT-IMCA-0127,IOGP-03,Driving,EXPLICIT,SUPPORTED,SUPPORTED,"ty Flash Published on 31 July 2025 Generated on 14 September 2026 IMCA SF 13/25 2 minute read Whilst in transit, a truck driver noticed a container door swing open whilst the truck was moving",41,232,True,SOURCE_FACT,EXPLICIT_SOURCE_TEXT,False
EVT-IMCA-0127,IOGP-06,Line of fire,EXPLICIT,AMBIGUOUS,AMBIGUOUS,dropped object,2100,2114,True,DERIVED_FACT,AMBIGUOUS_PARTIAL_MATCH,False
EVT-IMCA-0127,IOGP-07,Safe mechanical lifting,EXPLICIT,UNSUPPORTED,UNSUPPORTED,NONE,-1,-1,False,UNGROUNDED,UNGROUNDED,False
EVT-IMCA-0128,IOGP-01,Bypassing safety controls,NONE,DERIVED,DERIVED,"s and nights during a very complex operation near to five fixed offshore platforms, none of the Officers of the Watch or bridge crew used any mobile devices whilst on duty on the bridge",250,435,True,SOURCE_FACT,EXPLICIT_SOURCE_TEXT,False
EVT-IMCA-0128,IOGP-03,Driving,NONE,AMBIGUOUS,AMBIGUOUS,shes Case study: Lone watchkeeping grounding at night Safety Flash IMCA SF 09/21 30 March 2021 Read more UK HSE: Risk of collision with offshore installations from attendant vessels Safety Flash IMCA SF 07/25 16 April 2025 Read more Vessel near miss w,455,706,True,DERIVED_FACT,AMBIGUOUS_PARTIAL_MATCH,False
EVT-IMCA-0129,IOGP-05,Hot work,NONE,AMBIGUOUS,AMBIGUOUS,cutting,3142,3149,True,DERIVED_FACT,AMBIGUOUS_PARTIAL_MATCH,False
EVT-IMCA-0129,IOGP-06,Line of fire,EXPLICIT,SUPPORTED,SUPPORTED,"ollowing “risk-based thinking”, a toolbox talk and discussion of the task beforehand, someone’s hand still went into the line of fire",1083,1216,True,SOURCE_FACT,EXPLICIT_SOURCE_TEXT,False
EVT-IMCA-0129,IOGP-07,Safe mechanical lifting,EXPLICIT,UNSUPPORTED,UNSUPPORTED,NONE,-1,-1,False,UNGROUNDED,UNGROUNDED,False
EVT-IMCA-0129,IOGP-08,Work authorization,EXPLICIT,SUPPORTED,SUPPORTED,toolbox talk,1117,1129,True,SOURCE_FACT,EXPLICIT_SOURCE_TEXT,False
EVT-IMCA-0129,IOGP-09,Working at height,EXPLICIT,AMBIGUOUS,AMBIGUOUS,grating,1837,1844,True,DERIVED_FACT,AMBIGUOUS_PARTIAL_MATCH,False
EVT-IMCA-0130,IOGP-01,Bypassing safety controls,DERIVED,DERIVED,DERIVED,jumper,555,561,True,SOURCE_FACT,EXPLICIT_SOURCE_TEXT,False
EVT-IMCA-0130,IOGP-04,Energy isolation,EXPLICIT,DERIVED,DERIVED,isolated,964,972,True,SOURCE_FACT,EXPLICIT_SOURCE_TEXT,False
EVT-IMCA-0130,IOGP-08,Work authorization,EXPLICIT,DERIVED,DERIVED,Permit to Work,1130,1144,True,SOURCE_FACT,EXPLICIT_SOURCE_TEXT,False
EVT-IMCA-0131,IOGP-04,Energy isolation,EXPLICIT,SUPPORTED,SUPPORTED,energized,674,683,True,SOURCE_FACT,EXPLICIT_SOURCE_TEXT,False
EVT-IMCA-0131,IOGP-07,Safe mechanical lifting,EXPLICIT,AMBIGUOUS,AMBIGUOUS,4 September 2026 IMCA SF 12/25 2 minute read A member of a vessel crew suffered a mains electric shock when working on a crane pedestal,93,228,True,DERIVED_FACT,AMBIGUOUS_PARTIAL_MATCH,False
EVT-IMCA-0133,IOGP-03,Driving,EXPLICIT,SUPPORTED,SUPPORTED,driver,1030,1036,True,SOURCE_FACT,EXPLICIT_SOURCE_TEXT,False
EVT-IMCA-0133,IOGP-06,Line of fire,EXPLICIT,SUPPORTED,SUPPORTED,pped cargo slipped during loading and fell Safety Flash IMCA SF 05/20 13 February 2020 Read more IOGP Life Saving Rules: Line of fire What are these,2709,2857,True,SOURCE_FACT,EXPLICIT_SOURCE_TEXT,False
EVT-IMCA-0133,IOGP-09,Working at height,NONE,AMBIGUOUS,AMBIGUOUS,UK HSE: load falls from lorry and kills cyclist Safety Flash Published on 3 July 2025 Generated on 14 September 2026 IMCA SF 12/25 2 minute read,0,144,True,DERIVED_FACT,AMBIGUOUS_PARTIAL_MATCH,False
EVT-IMCA-0134,IOGP-01,Bypassing safety controls,NONE,DERIVED,DERIVED,bridge,1377,1383,True,SOURCE_FACT,EXPLICIT_SOURCE_TEXT,False
EVT-IMCA-0134,IOGP-03,Driving,EXPLICIT,SUPPORTED,SUPPORTED,e placed ship in line of fire Safety Flash IMCA SF 25/21 13 September 2021 Read more Vital safety information (height of vehicle) found incorrect Safety Flash IMCA SF 23/24 27 November 2024 Read more Download PDF Safety Flashes Latest Safety Flashes,1740,1989,True,SOURCE_FACT,EXPLICIT_SOURCE_TEXT,False
EVT-IMCA-0134,IOGP-06,Line of fire,EXPLICIT,SUPPORTED,SUPPORTED,ting in dropped object Safety Flash IMCA SF 23/21 19 August 2021 Read more Yawing of wind turbine nacelle placed ship in line of fire Safety Flash IMCA SF 25/21 13 September 2021 Read more Vital safety information (height of vehicle) found incorrect Safe,1636,1890,True,SOURCE_FACT,EXPLICIT_SOURCE_TEXT,False
EVT-IMCA-0134,IOGP-07,Safe mechanical lifting,EXPLICIT,AMBIGUOUS,AMBIGUOUS,NTSB: Vessel crane contact with shore-side crane Safety Flash Published on 18 June 2025 Generated on 14 September 2026 IMCA SF 11/25 2 minu,0,139,True,DERIVED_FACT,AMBIGUOUS_PARTIAL_MATCH,False
EVT-IMCA-0135,IOGP-03,Driving,EXPLICIT,SUPPORTED,SUPPORTED,/25 2 minute read A pallet containing a load weighing 500kg dropped off a flatbed truck in close proximity to a delivery driver,121,248,True,SOURCE_FACT,EXPLICIT_SOURCE_TEXT,False
EVT-IMCA-0135,IOGP-06,Line of fire,EXPLICIT,SUPPORTED,SUPPORTED,tonne load fell on him Safety Flash IMCA SF 19/16 12 July 2016 Read more IOGP Life Saving Rules: Safe mechanical lifting Line of fire What are these,2114,2262,True,SOURCE_FACT,EXPLICIT_SOURCE_TEXT,False
EVT-IMCA-0135,IOGP-07,Safe mechanical lifting,EXPLICIT,UNSUPPORTED,UNSUPPORTED,NONE,-1,-1,False,UNGROUNDED,UNGROUNDED,False
EVT-IMCA-0136,IOGP-06,Line of fire,EXPLICIT,AMBIGUOUS,AMBIGUOUS,Dropped object hazard: access hatch to the communication dome Safety Flash Published on 18 June 2025 Generated on 14 September 2026 IMC,0,135,True,DERIVED_FACT,AMBIGUOUS_PARTIAL_MATCH,False
EVT-IMCA-0136,IOGP-09,Working at height,DERIVED,DERIVED,DERIVED,lanyard,841,848,True,SOURCE_FACT,EXPLICIT_SOURCE_TEXT,False
EVT-IMCA-0137,IOGP-01,Bypassing safety controls,EXPLICIT,SUPPORTED,SUPPORTED,Bypasses,2691,2699,True,SOURCE_FACT,EXPLICIT_SOURCE_TEXT,False
EVT-IMCA-0137,IOGP-04,Energy isolation,EXPLICIT,SUPPORTED,SUPPORTED,isolation,569,578,True,SOURCE_FACT,EXPLICIT_SOURCE_TEXT,False
EVT-IMCA-0139,IOGP-07,Safe mechanical lifting,DERIVED,DERIVED,DERIVED,winch,635,640,True,SOURCE_FACT,EXPLICIT_SOURCE_TEXT,False
EVT-IMCA-0140,IOGP-02,Confined space,EXPLICIT,SUPPORTED,SUPPORTED,LTI: Back injury in Confined Space (Tank Entry) Safety Flash Published on 4 June 2025 Generated on 14 September 2026 IMCA SF 10/25 2 minute read A worker s,0,155,True,SOURCE_FACT,EXPLICIT_SOURCE_TEXT,False
EVT-IMCA-0140,IOGP-08,Work authorization,EXPLICIT,DERIVED,DERIVED,risk assessment,1279,1294,True,SOURCE_FACT,EXPLICIT_SOURCE_TEXT,False
EVT-IMCA-0141,IOGP-03,Driving,EXPLICIT,SUPPORTED,SUPPORTED,driver,388,394,True,SOURCE_FACT,EXPLICIT_SOURCE_TEXT,False
EVT-IMCA-0141,IOGP-06,Line of fire,EXPLICIT,UNSUPPORTED,UNSUPPORTED,NONE,-1,-1,False,UNGROUNDED,UNGROUNDED,False
EVT-IMCA-0141,IOGP-07,Safe mechanical lifting,EXPLICIT,AMBIGUOUS,AMBIGUOUS,crane,605,610,True,DERIVED_FACT,AMBIGUOUS_PARTIAL_MATCH,False
EVT-IMCA-0141,IOGP-08,Work authorization,NONE,DERIVED,DERIVED,Toolbox talk,1580,1592,True,SOURCE_FACT,EXPLICIT_SOURCE_TEXT,False
EVT-IMCA-0142,IOGP-03,Driving,DERIVED,DERIVED,DERIVED,transport,1660,1669,True,SOURCE_FACT,EXPLICIT_SOURCE_TEXT,False
EVT-IMCA-0142,IOGP-06,Line of fire,EXPLICIT,SUPPORTED,SUPPORTED,s: uncontrolled movement of mooring chain Safety Flash IMCA SF 03/21 19 January 2021 Read more High Potential Near Miss: Line of Fire During Mooring Operations Safety Flash IMCA SF 22/18 25 September 2018 Read more IOGP Life Saving Rules: Line of fire Wh,2530,2784,True,SOURCE_FACT,EXPLICIT_SOURCE_TEXT,False
EVT-IMCA-0142,IOGP-08,Work authorization,EXPLICIT,DERIVED,DERIVED,risk assessment,2422,2437,True,SOURCE_FACT,EXPLICIT_SOURCE_TEXT,False
EVT-IMCA-0143,IOGP-01,Bypassing safety controls,DERIVED,DERIVED,DERIVED,Bypassing,2684,2693,True,SOURCE_FACT,EXPLICIT_SOURCE_TEXT,False
EVT-IMCA-0143,IOGP-03,Driving,DERIVED,DERIVED,DERIVED,transport,2141,2150,True,SOURCE_FACT,EXPLICIT_SOURCE_TEXT,False
EVT-IMCA-0143,IOGP-05,Hot work,NONE,AMBIGUOUS,AMBIGUOUS,cutting,284,291,True,DERIVED_FACT,AMBIGUOUS_PARTIAL_MATCH,False
EVT-IMCA-0143,IOGP-06,Line of fire,EXPLICIT,SUPPORTED,SUPPORTED,Line of fire,2710,2722,True,SOURCE_FACT,EXPLICIT_SOURCE_TEXT,False
EVT-IMCA-0144,IOGP-09,Working at height,EXPLICIT,SUPPORTED,SUPPORTED,scaffolding,541,552,True,SOURCE_FACT,EXPLICIT_SOURCE_TEXT,False
EVT-IMCA-0145,IOGP-03,Driving,NONE,DERIVED,DERIVED,Unintended Cargo collision during lifting operations Safety Flash Published on 16 May 2025 Generated on 14 September 2026 IMCA SF 09/25 2 minute re,0,147,True,SOURCE_FACT,EXPLICIT_SOURCE_TEXT,False
EVT-IMCA-0145,IOGP-05,Hot work,EXPLICIT,UNSUPPORTED,UNSUPPORTED,NONE,-1,-1,False,UNGROUNDED,UNGROUNDED,False
EVT-IMCA-0145,IOGP-07,Safe mechanical lifting,EXPLICIT,SUPPORTED,SUPPORTED,"from one vessel to another, as cargo was being lowered onto the deck of the receiving vessel, the banksman signalled the crane operator to lower the hoist and disconnect the stinger",321,502,True,SOURCE_FACT,EXPLICIT_SOURCE_TEXT,False
EVT-IMCA-0145,IOGP-08,Work authorization,EXPLICIT,DERIVED,DERIVED,STOP WORK,1929,1938,True,SOURCE_FACT,EXPLICIT_SOURCE_TEXT,False
EVT-IMCA-0146,IOGP-03,Driving,NONE,AMBIGUOUS,AMBIGUOUS,Drive,579,584,True,DERIVED_FACT,AMBIGUOUS_PARTIAL_MATCH,False
EVT-IMCA-0146,IOGP-05,Hot work,EXPLICIT,SUPPORTED,SUPPORTED,hot work,932,940,True,SOURCE_FACT,EXPLICIT_SOURCE_TEXT,False
EVT-IMCA-0146,IOGP-09,Working at height,EXPLICIT,SUPPORTED,SUPPORTED,njured following engine room slip/trip Safety Flash IMCA SF 03/19 27 February 2019 Read more Near miss: narrowly avoided fall from height due to missing deck gratings Safety Flash IMCA SF 03/25 20 February 2025 Read more LTI &#x2013,2058,2290,True,SOURCE_FACT,EXPLICIT_SOURCE_TEXT,False
EVT-IMCA-0147,IOGP-03,Driving,EXPLICIT,AMBIGUOUS,AMBIGUOUS,Vehicle,1305,1312,True,DERIVED_FACT,AMBIGUOUS_PARTIAL_MATCH,False
EVT-IMCA-0147,IOGP-04,Energy isolation,EXPLICIT,DERIVED,DERIVED,Electrical isolation: Failing to &#x201C,0,40,True,SOURCE_FACT,EXPLICIT_SOURCE_TEXT,False
EVT-IMCA-0148,IOGP-01,Bypassing safety controls,DERIVED,SUPPORTED,SUPPORTED,ad more Lone worker collapsed at onshore site Safety Flash IMCA SF 08/24 16 April 2024 Read more IOGP Life Saving Rules: Bypassing safety controls Line of fire What are these,3137,3311,True,SOURCE_FACT,EXPLICIT_SOURCE_TEXT,False
EVT-IMCA-0148,IOGP-03,Driving,DERIVED,DERIVED,DERIVED,Transport Malta: fatality after steel plates fell onto crew member Safety Flash Published on 16 May 2025 Generated on 14 September,0,130,True,SOURCE_FACT,EXPLICIT_SOURCE_TEXT,False
EVT-IMCA-0148,IOGP-06,Line of fire,EXPLICIT,SUPPORTED,SUPPORTED,sed at onshore site Safety Flash IMCA SF 08/24 16 April 2024 Read more IOGP Life Saving Rules: Bypassing safety controls Line of fire What are these,3163,3311,True,SOURCE_FACT,EXPLICIT_SOURCE_TEXT,False
EVT-IMCA-0148,IOGP-07,Safe mechanical lifting,EXPLICIT,AMBIGUOUS,AMBIGUOUS,hoist,2018,2023,True,DERIVED_FACT,AMBIGUOUS_PARTIAL_MATCH,False
EVT-IMCA-0149,IOGP-01,Bypassing safety controls,DERIVED,SUPPORTED,SUPPORTED,MAIB: Worker falls between vessel and quay Safety Flash IMCA SF 28/22 13 December 2022 Read more IOGP Life Saving Rules: Bypassing safety controls Safe mechanical lifting What are these,2945,3130,True,SOURCE_FACT,EXPLICIT_SOURCE_TEXT,False
EVT-IMCA-0149,IOGP-07,Safe mechanical lifting,EXPLICIT,SUPPORTED,SUPPORTED,rigging,2884,2891,True,SOURCE_FACT,EXPLICIT_SOURCE_TEXT,False
EVT-IMCA-0149,IOGP-08,Work authorization,NONE,DERIVED,DERIVED,stop work,2621,2630,True,SOURCE_FACT,EXPLICIT_SOURCE_TEXT,False
EVT-IMCA-0151,IOGP-01,Bypassing safety controls,DERIVED,SUPPORTED,SUPPORTED,atality during maintenance of elevator lift Safety Flash IMCA SF 13/01 1 November 2001 Read more IOGP Life Saving Rules: Bypassing safety controls Confined space Driving Line of fire What are these,1960,2157,True,SOURCE_FACT,EXPLICIT_SOURCE_TEXT,False
EVT-IMCA-0151,IOGP-02,Confined space,EXPLICIT,SUPPORTED,SUPPORTED,Confined space,2107,2121,True,SOURCE_FACT,EXPLICIT_SOURCE_TEXT,False
EVT-IMCA-0151,IOGP-03,Driving,EXPLICIT,SUPPORTED,SUPPORTED,ft Safety Flash IMCA SF 13/01 1 November 2001 Read more IOGP Life Saving Rules: Bypassing safety controls Confined space Driving Line of fire What are these,2001,2157,True,SOURCE_FACT,EXPLICIT_SOURCE_TEXT,False
EVT-IMCA-0151,IOGP-06,Line of fire,EXPLICIT,SUPPORTED,SUPPORTED,y Flash IMCA SF 13/01 1 November 2001 Read more IOGP Life Saving Rules: Bypassing safety controls Confined space Driving Line of fire What are these,2009,2157,True,SOURCE_FACT,EXPLICIT_SOURCE_TEXT,False
EVT-IMCA-0151,IOGP-08,Work authorization,EXPLICIT,SUPPORTED,SUPPORTED,job safety analysis,1848,1867,True,SOURCE_FACT,EXPLICIT_SOURCE_TEXT,False
EVT-IMCA-0152,IOGP-04,Energy isolation,EXPLICIT,DERIVED,DERIVED,isolation,602,611,True,SOURCE_FACT,EXPLICIT_SOURCE_TEXT,False
EVT-IMCA-0153,IOGP-04,Energy isolation,EXPLICIT,SUPPORTED,SUPPORTED,Lockout,384,391,True,SOURCE_FACT,EXPLICIT_SOURCE_TEXT,False
EVT-IMCA-0153,IOGP-06,Line of fire,NONE,AMBIGUOUS,AMBIGUOUS,snap-back,1092,1101,True,DERIVED_FACT,AMBIGUOUS_PARTIAL_MATCH,False
EVT-IMCA-0154,IOGP-01,Bypassing safety controls,EXPLICIT,SUPPORTED,SUPPORTED,xposed to hydrogen sulphide during maintenance Safety Flash IMCA SF 12/24 18 June 2024 Read more IOGP Life Saving Rules: Bypassing safety controls What are these,2791,2952,True,SOURCE_FACT,EXPLICIT_SOURCE_TEXT,False
EVT-IMCA-0154,IOGP-08,Work authorization,EXPLICIT,DERIVED,DERIVED,risk assessment,1535,1550,True,SOURCE_FACT,EXPLICIT_SOURCE_TEXT,False
EVT-IMCA-0155,IOGP-09,Working at height,EXPLICIT,SUPPORTED,SUPPORTED,Working at height,3178,3195,True,SOURCE_FACT,EXPLICIT_SOURCE_TEXT,False
EVT-IMCA-0156,IOGP-01,Bypassing safety controls,DERIVED,DERIVED,DERIVED,bridge,754,760,True,SOURCE_FACT,EXPLICIT_SOURCE_TEXT,False
EVT-IMCA-0156,IOGP-03,Driving,DERIVED,DERIVED,DERIVED,UK HSE: Risk of collision with offshore installations from attendant vessels Safety Flash Published on 16 April 2025 Generated on 14 September 202,0,146,True,SOURCE_FACT,EXPLICIT_SOURCE_TEXT,False
EVT-IMCA-0156,IOGP-05,Hot work,EXPLICIT,UNSUPPORTED,UNSUPPORTED,NONE,-1,-1,False,UNGROUNDED,UNGROUNDED,False
EVT-IMCA-0156,IOGP-07,Safe mechanical lifting,EXPLICIT,AMBIGUOUS,AMBIGUOUS,crane,3360,3365,True,DERIVED_FACT,AMBIGUOUS_PARTIAL_MATCH,False
EVT-IMCA-0157,IOGP-05,Hot work,EXPLICIT,SUPPORTED,SUPPORTED,Hot work,1890,1898,True,SOURCE_FACT,EXPLICIT_SOURCE_TEXT,False
EVT-IMCA-0157,IOGP-08,Work authorization,EXPLICIT,SUPPORTED,SUPPORTED,Permit to Work,1920,1934,True,SOURCE_FACT,EXPLICIT_SOURCE_TEXT,False
EVT-IMCA-0158,IOGP-01,Bypassing safety controls,DERIVED,SUPPORTED,SUPPORTED,n quay damaged when vessel started listing Safety Flash IMCA SF 04/22 10 February 2022 Read more IOGP Life Saving Rules: Bypassing safety controls Safe mechanical lifting What are these,2262,2447,True,SOURCE_FACT,EXPLICIT_SOURCE_TEXT,False
EVT-IMCA-0158,IOGP-03,Driving,NONE,AMBIGUOUS,AMBIGUOUS,collision,1033,1042,True,DERIVED_FACT,AMBIGUOUS_PARTIAL_MATCH,False
EVT-IMCA-0158,IOGP-05,Hot work,EXPLICIT,UNSUPPORTED,UNSUPPORTED,NONE,-1,-1,False,UNGROUNDED,UNGROUNDED,False
EVT-IMCA-0158,IOGP-07,Safe mechanical lifting,EXPLICIT,AMBIGUOUS,AMBIGUOUS,BSEE: Crane safety awareness during offshore helideck operations Safety Flash Published on 16 April 2025 Generated on 14 September 2,0,132,True,DERIVED_FACT,AMBIGUOUS_PARTIAL_MATCH,False
EVT-IMCA-0158,IOGP-08,Work authorization,NONE,DERIVED,DERIVED,SIMOPS,1506,1512,True,SOURCE_FACT,EXPLICIT_SOURCE_TEXT,False
EVT-IMCA-0159,IOGP-01,Bypassing safety controls,DERIVED,SUPPORTED,SUPPORTED,hich one of the IOGP Life-saving Rules was broken (not all of them) indicates the following: Safe mechanical lifting – 5 Bypassing safety controls – 4 Line of fire – 3 Working at height – 2 Work authorisation – 1 Further information on decommissioning,573,824,True,SOURCE_FACT,EXPLICIT_SOURCE_TEXT,False
EVT-IMCA-0159,IOGP-02,Confined space,DERIVED,DERIVED,DERIVED,caisson,1993,2000,True,SOURCE_FACT,EXPLICIT_SOURCE_TEXT,False
EVT-IMCA-0159,IOGP-05,Hot work,EXPLICIT,AMBIGUOUS,AMBIGUOUS,cutting,1953,1960,True,DERIVED_FACT,AMBIGUOUS_PARTIAL_MATCH,False
EVT-IMCA-0159,IOGP-06,Line of fire,EXPLICIT,SUPPORTED,SUPPORTED,ng Rules was broken (not all of them) indicates the following: Safe mechanical lifting – 5 Bypassing safety controls – 4 Line of fire – 3 Working at height – 2 Work authorisation – 1 Further information on decommissioning of offshore structures can be fo,603,857,True,SOURCE_FACT,EXPLICIT_SOURCE_TEXT,False
EVT-IMCA-0159,IOGP-07,Safe mechanical lifting,EXPLICIT,SUPPORTED,SUPPORTED,crane,2042,2047,True,SOURCE_FACT,EXPLICIT_SOURCE_TEXT,False
EVT-IMCA-0159,IOGP-09,Working at height,EXPLICIT,SUPPORTED,SUPPORTED,en (not all of them) indicates the following: Safe mechanical lifting – 5 Bypassing safety controls – 4 Line of fire – 3 Working at height – 2 Work authorisation – 1 Further information on decommissioning of offshore structures can be found in Appendix 5 of I,620,879,True,SOURCE_FACT,EXPLICIT_SOURCE_TEXT,False
EVT-IMCA-0160,IOGP-06,Line of fire,EXPLICIT,SUPPORTED,SUPPORTED,"ook at how work is taking place, and try to recognize previously unnoticed new situations that place crew members in the line of fire",1575,1708,True,SOURCE_FACT,EXPLICIT_SOURCE_TEXT,False
EVT-IMCA-0160,IOGP-07,Safe mechanical lifting,DERIVED,DERIVED,DERIVED,winch,368,373,True,SOURCE_FACT,EXPLICIT_SOURCE_TEXT,False
EVT-IMCA-0161,IOGP-05,Hot work,EXPLICIT,UNSUPPORTED,UNSUPPORTED,NONE,-1,-1,False,UNGROUNDED,UNGROUNDED,False
EVT-IMCA-0161,IOGP-06,Line of fire,EXPLICIT,SUPPORTED,SUPPORTED,line of fire,1315,1327,True,SOURCE_FACT,EXPLICIT_SOURCE_TEXT,False
EVT-IMCA-0161,IOGP-07,Safe mechanical lifting,EXPLICIT,SUPPORTED,SUPPORTED,"5t folding crane was slewed and extended causing the overhaul ball to contact the sheave (two-block), resulting in the crane wire parting",356,493,True,SOURCE_FACT,EXPLICIT_SOURCE_TEXT,False
EVT-IMCA-0162,IOGP-06,Line of fire,EXPLICIT,SUPPORTED,SUPPORTED,ere manually handling the steel frames rather than using tools to do the job and so keeping hands and fingers out of the line of fire,735,868,True,SOURCE_FACT,EXPLICIT_SOURCE_TEXT,False
EVT-IMCA-0162,IOGP-07,Safe mechanical lifting,EXPLICIT,UNSUPPORTED,UNSUPPORTED,NONE,-1,-1,False,UNGROUNDED,UNGROUNDED,False
EVT-IMCA-0163,IOGP-05,Hot work,EXPLICIT,SUPPORTED,SUPPORTED,Hot Work,1049,1057,True,SOURCE_FACT,EXPLICIT_SOURCE_TEXT,False
EVT-IMCA-0163,IOGP-08,Work authorization,DERIVED,DERIVED,DERIVED,Work Permit,1053,1064,True,SOURCE_FACT,EXPLICIT_SOURCE_TEXT,False
EVT-IMCA-0164,IOGP-01,Bypassing safety controls,NONE,DERIVED,DERIVED,bridge,246,252,True,SOURCE_FACT,EXPLICIT_SOURCE_TEXT,False
EVT-IMCA-0164,IOGP-07,Safe mechanical lifting,EXPLICIT,AMBIGUOUS,AMBIGUOUS,Crane cab fire caused by fridge Safety Flash Published on 19 March 2025 Generated on 14 September 2026 IMCA SF 05/25 1 minute,0,125,True,DERIVED_FACT,AMBIGUOUS_PARTIAL_MATCH,False
EVT-IMCA-0165,IOGP-05,Hot work,EXPLICIT,UNSUPPORTED,UNSUPPORTED,NONE,-1,-1,False,UNGROUNDED,UNGROUNDED,False
EVT-IMCA-0165,IOGP-06,Line of fire,EXPLICIT,SUPPORTED,SUPPORTED,ad more Fatality during air diving operations Safety Flash IMCA SF 06/14 16 April 2014 Read more IOGP Life Saving Rules: Line of fire What are these,4106,4254,True,SOURCE_FACT,EXPLICIT_SOURCE_TEXT,False
EVT-IMCA-0165,IOGP-07,Safe mechanical lifting,EXPLICIT,SUPPORTED,SUPPORTED,Divers helmet struck and damaged subsea by crane hook Safety Flash Published on 6 March 2025 Generated on 14 September 2026 IMCA SF 04/25 3 minute read During subsea spo,0,169,True,SOURCE_FACT,EXPLICIT_SOURCE_TEXT,False
EVT-IMCA-0166,IOGP-06,Line of fire,EXPLICIT,SUPPORTED,SUPPORTED,Line of Fire,2086,2098,True,SOURCE_FACT,EXPLICIT_SOURCE_TEXT,False
EVT-IMCA-0166,IOGP-07,Safe mechanical lifting,EXPLICIT,UNSUPPORTED,UNSUPPORTED,NONE,-1,-1,False,UNGROUNDED,UNGROUNDED,False
EVT-IMCA-0167,IOGP-03,Driving,NONE,AMBIGUOUS,AMBIGUOUS,drive,675,680,True,DERIVED_FACT,AMBIGUOUS_PARTIAL_MATCH,False
EVT-IMCA-0167,IOGP-06,Line of fire,EXPLICIT,SUPPORTED,SUPPORTED,elines for lifting operations Short video – lifting operations Short video – lifting equipment Promoting Safety – In the line of fire IOGP Life Saving Rules: Safe mechanical lifting Line of fire What are these,1679,1888,True,SOURCE_FACT,EXPLICIT_SOURCE_TEXT,False
EVT-IMCA-0167,IOGP-07,Safe mechanical lifting,EXPLICIT,AMBIGUOUS,AMBIGUOUS,MAIB: Very serious leg injury during crane operations Safety Flash Published on 6 March 2025 Generated on 14 September 2026 IMCA SF 04/25 2 minute read The UK Mari,0,163,True,DERIVED_FACT,AMBIGUOUS_PARTIAL_MATCH,False
EVT-IMCA-0167,IOGP-08,Work authorization,EXPLICIT,DERIVED,DERIVED,permit to work,1323,1337,True,SOURCE_FACT,EXPLICIT_SOURCE_TEXT,False
EVT-IMCA-0167,IOGP-09,Working at height,EXPLICIT,SUPPORTED,SUPPORTED,working at height,1369,1386,True,SOURCE_FACT,EXPLICIT_SOURCE_TEXT,False
EVT-IMCA-0168,IOGP-07,Safe mechanical lifting,EXPLICIT,UNSUPPORTED,UNSUPPORTED,NONE,-1,-1,False,UNGROUNDED,UNGROUNDED,False
EVT-IMCA-0168,IOGP-08,Work authorization,NONE,DERIVED,DERIVED,toolbox talk,1115,1127,True,SOURCE_FACT,EXPLICIT_SOURCE_TEXT,False
EVT-IMCA-0168,IOGP-09,Working at height,NONE,AMBIGUOUS,AMBIGUOUS,fall from,1471,1480,True,DERIVED_FACT,AMBIGUOUS_PARTIAL_MATCH,False
EVT-IMCA-0169,IOGP-02,Confined space,EXPLICIT,SUPPORTED,SUPPORTED,confined space,1298,1312,True,SOURCE_FACT,EXPLICIT_SOURCE_TEXT,False
EVT-IMCA-0169,IOGP-06,Line of fire,EXPLICIT,UNSUPPORTED,UNSUPPORTED,NONE,-1,-1,False,UNGROUNDED,UNGROUNDED,False
EVT-IMCA-0170,IOGP-01,Bypassing safety controls,NONE,DERIVED,DERIVED,bridge,997,1003,True,SOURCE_FACT,EXPLICIT_SOURCE_TEXT,False
EVT-IMCA-0171,IOGP-01,Bypassing safety controls,DERIVED,SUPPORTED,SUPPORTED,ght during anchor chain handling operation Safety Flash IMCA SF 24/24 17 December 2024 Read more IOGP Life Saving Rules: Bypassing safety controls Working at height What are these,2811,2990,True,SOURCE_FACT,EXPLICIT_SOURCE_TEXT,False
EVT-IMCA-0171,IOGP-07,Safe mechanical lifting,EXPLICIT,AMBIGUOUS,AMBIGUOUS,crane,419,424,True,DERIVED_FACT,AMBIGUOUS_PARTIAL_MATCH,False
EVT-IMCA-0171,IOGP-08,Work authorization,EXPLICIT,SUPPORTED,SUPPORTED,toolbox talk,1579,1591,True,SOURCE_FACT,EXPLICIT_SOURCE_TEXT,False
EVT-IMCA-0171,IOGP-09,Working at height,EXPLICIT,SUPPORTED,SUPPORTED,ndling operation Safety Flash IMCA SF 24/24 17 December 2024 Read more IOGP Life Saving Rules: Bypassing safety controls Working at height What are these,2837,2990,True,SOURCE_FACT,EXPLICIT_SOURCE_TEXT,False
EVT-IMCA-0172,IOGP-07,Safe mechanical lifting,EXPLICIT,AMBIGUOUS,AMBIGUOUS,lifting operation,609,626,True,DERIVED_FACT,AMBIGUOUS_PARTIAL_MATCH,False
EVT-IMCA-0172,IOGP-09,Working at height,EXPLICIT,SUPPORTED,SUPPORTED,Working at height,2890,2907,True,SOURCE_FACT,EXPLICIT_SOURCE_TEXT,False
EVT-IMCA-0174,IOGP-03,Driving,NONE,AMBIGUOUS,AMBIGUOUS,driven,1735,1741,True,DERIVED_FACT,AMBIGUOUS_PARTIAL_MATCH,False
EVT-IMCA-0175,IOGP-03,Driving,EXPLICIT,AMBIGUOUS,AMBIGUOUS,vehicle,419,426,True,DERIVED_FACT,AMBIGUOUS_PARTIAL_MATCH,False
EVT-IMCA-0175,IOGP-07,Safe mechanical lifting,EXPLICIT,UNSUPPORTED,UNSUPPORTED,NONE,-1,-1,False,UNGROUNDED,UNGROUNDED,False
EVT-IMCA-0176,IOGP-04,Energy isolation,DERIVED,DERIVED,DERIVED,isolate,2110,2117,True,SOURCE_FACT,EXPLICIT_SOURCE_TEXT,False
EVT-IMCA-0177,IOGP-06,Line of fire,DERIVED,DERIVED,DERIVED,snap-back,2289,2298,True,SOURCE_FACT,EXPLICIT_SOURCE_TEXT,False
EVT-IMCA-0178,IOGP-02,Confined space,EXPLICIT,SUPPORTED,SUPPORTED,Confined space entry hot work fatality Safety Flash Published on 6 February 2025 Generated on 14 September 2026 IMCA SF 02/25 2 minute,0,134,True,SOURCE_FACT,EXPLICIT_SOURCE_TEXT,False
EVT-IMCA-0178,IOGP-05,Hot work,EXPLICIT,SUPPORTED,SUPPORTED,Confined space entry hot work fatality Safety Flash Published on 6 February 2025 Generated on 14 September 2026 IMCA SF 02/25 2 minute read Late last,0,149,True,SOURCE_FACT,EXPLICIT_SOURCE_TEXT,False
EVT-IMCA-0178,IOGP-08,Work authorization,EXPLICIT,SUPPORTED,SUPPORTED,Permit to Work,1027,1041,True,SOURCE_FACT,EXPLICIT_SOURCE_TEXT,False
EVT-IMCA-0179,IOGP-04,Energy isolation,DERIVED,DERIVED,DERIVED,isolated,1043,1051,True,SOURCE_FACT,EXPLICIT_SOURCE_TEXT,False
EVT-IMCA-0179,IOGP-05,Hot work,NONE,AMBIGUOUS,AMBIGUOUS,ignited,440,447,True,DERIVED_FACT,AMBIGUOUS_PARTIAL_MATCH,False
EVT-IMCA-0180,IOGP-05,Hot work,NONE,AMBIGUOUS,AMBIGUOUS,welds,814,819,True,DERIVED_FACT,AMBIGUOUS_PARTIAL_MATCH,False
EVT-IMCA-0181,IOGP-01,Bypassing safety controls,EXPLICIT,SUPPORTED,SUPPORTED,"t doors left open, carriage of Dangerous Goods by vessel without proper certification, and approved safety devices being tampered with",1680,1814,True,SOURCE_FACT,EXPLICIT_SOURCE_TEXT,False
EVT-IMCA-0181,IOGP-02,Confined space,EXPLICIT,SUPPORTED,SUPPORTED,"afety Controls: In the 21 events or incidents reported by members, we see occurrences such as an unauthorised entry into confined space, misuse of tools, watertight doors left open, carriage of Dangerous Goods by vessel without proper certification, and ap",1517,1773,True,SOURCE_FACT,EXPLICIT_SOURCE_TEXT,False
EVT-IMCA-0181,IOGP-03,Driving,EXPLICIT,SUPPORTED,SUPPORTED,e wire failure ¨ Hot work performed outside of Permit to Work (PTW) boundary limit ¨ Vital safety information (height of vehicle) found incorrect Nov-24 IMCA SF 24/24 ¨ Structural failure of rescue boat ¨ High potential: spontaneous opening of hydra,9395,9644,True,SOURCE_FACT,EXPLICIT_SOURCE_TEXT,False
EVT-IMCA-0181,IOGP-05,Hot work,EXPLICIT,SUPPORTED,SUPPORTED,"king at height in a confined space, and one of these was a case where someone was prevented from working at height doing hot work in a confined space",2241,2390,True,SOURCE_FACT,EXPLICIT_SOURCE_TEXT,False
EVT-IMCA-0181,IOGP-06,Line of fire,EXPLICIT,SUPPORTED,SUPPORTED,Line of Fire,953,965,True,SOURCE_FACT,EXPLICIT_SOURCE_TEXT,False
EVT-IMCA-0181,IOGP-07,Safe mechanical lifting,EXPLICIT,SUPPORTED,SUPPORTED,"cases of crew being caught on lines during lifting operations, one snagged by a tag line, the other, pulled to deck by a crane whip line catching on fall arrest equipment",1967,2137,True,SOURCE_FACT,EXPLICIT_SOURCE_TEXT,False
EVT-IMCA-0181,IOGP-08,Work authorization,EXPLICIT,SUPPORTED,SUPPORTED,SEE: recurring hand injuries from alternative cutting devices ¨ NTSB: Crane wire failure ¨ Hot work performed outside of Permit to Work (PTW) boundary limit ¨ Vital safety information (height of vehicle) found incorrect Nov-24 IMCA SF 24/24 ¨ Structural fa,9321,9577,True,SOURCE_FACT,EXPLICIT_SOURCE_TEXT,False
EVT-IMCA-0181,IOGP-09,Working at height,EXPLICIT,SUPPORTED,SUPPORTED,Working at Height,2139,2156,True,SOURCE_FACT,EXPLICIT_SOURCE_TEXT,False
EVT-IMCA-0182,IOGP-04,Energy isolation,DERIVED,DERIVED,DERIVED,isolated,757,765,True,SOURCE_FACT,EXPLICIT_SOURCE_TEXT,False
EVT-IMCA-0182,IOGP-06,Line of fire,EXPLICIT,SUPPORTED,SUPPORTED,Line of fire,3989,4001,True,SOURCE_FACT,EXPLICIT_SOURCE_TEXT,False
EVT-IMCA-0182,IOGP-07,Safe mechanical lifting,EXPLICIT,AMBIGUOUS,AMBIGUOUS,"1 x overload test, as observed on the shock absorber displacement during factory acceptance testing of the boat",1004,1115,True,DERIVED_FACT,AMBIGUOUS_PARTIAL_MATCH,False
EVT-IMCA-0183,IOGP-01,Bypassing safety controls,DERIVED,SUPPORTED,SUPPORTED,miss: Missing nut and split pin on shackle Safety Flash IMCA SF 02/15 5 February 2015 Read more IOGP Life Saving Rules: Bypassing safety controls Safe mechanical lifting What are these,2997,3181,True,SOURCE_FACT,EXPLICIT_SOURCE_TEXT,False
EVT-IMCA-0183,IOGP-07,Safe mechanical lifting,EXPLICIT,SUPPORTED,SUPPORTED,crane,318,323,True,SOURCE_FACT,EXPLICIT_SOURCE_TEXT,False
EVT-IMCA-0183,IOGP-08,Work authorization,EXPLICIT,DERIVED,DERIVED,risk assessment,1901,1916,True,SOURCE_FACT,EXPLICIT_SOURCE_TEXT,False
EVT-IMCA-0184,IOGP-04,Energy isolation,DERIVED,DERIVED,DERIVED,isolated,3144,3152,True,SOURCE_FACT,EXPLICIT_SOURCE_TEXT,False
EVT-IMCA-0185,IOGP-01,Bypassing safety controls,DERIVED,DERIVED,DERIVED,Bypassing,3078,3087,True,SOURCE_FACT,EXPLICIT_SOURCE_TEXT,False
EVT-IMCA-0185,IOGP-03,Driving,DERIVED,DERIVED,DERIVED,road,673,677,True,SOURCE_FACT,EXPLICIT_SOURCE_TEXT,False
EVT-IMCA-0185,IOGP-08,Work authorization,EXPLICIT,DERIVED,DERIVED,risk assessment,1578,1593,True,SOURCE_FACT,EXPLICIT_SOURCE_TEXT,False
EVT-IMCA-0185,IOGP-09,Working at height,EXPLICIT,SUPPORTED,SUPPORTED,working at height,2707,2724,True,SOURCE_FACT,EXPLICIT_SOURCE_TEXT,False
EVT-IMCA-0186,IOGP-01,Bypassing safety controls,DERIVED,SUPPORTED,SUPPORTED,ed Pressurised Hoses Result in Hand Injuries Safety Flash IMCA SF 22/22 3 October 2022 Read more IOGP Life Saving Rules: Bypassing safety controls Line of fire What are these,1761,1935,True,SOURCE_FACT,EXPLICIT_SOURCE_TEXT,False
EVT-IMCA-0186,IOGP-06,Line of fire,EXPLICIT,SUPPORTED,SUPPORTED,line of fire,483,495,True,SOURCE_FACT,EXPLICIT_SOURCE_TEXT,False
EVT-IMCA-0186,IOGP-08,Work authorization,EXPLICIT,DERIVED,DERIVED,risk assessment,721,736,True,SOURCE_FACT,EXPLICIT_SOURCE_TEXT,False
EVT-IMCA-0187,IOGP-06,Line of fire,EXPLICIT,SUPPORTED,SUPPORTED,8 January 2023 Read more MSF: Hand injuries Safety Flash IMCA SF 16/13 17 October 2013 Read more IOGP Life Saving Rules: Line of fire What are these,2368,2516,True,SOURCE_FACT,EXPLICIT_SOURCE_TEXT,False
EVT-IMCA-0187,IOGP-07,Safe mechanical lifting,EXPLICIT,SUPPORTED,SUPPORTED,tember 2026 IMCA SF 23/24 2 minute read A worker suffered a serious finger injury when their finger was caught between a crane wire and the recovery hook on an ROV,114,277,True,SOURCE_FACT,EXPLICIT_SOURCE_TEXT,False
EVT-IMCA-0187,IOGP-08,Work authorization,EXPLICIT,SUPPORTED,SUPPORTED,toolbox talk,1477,1489,True,SOURCE_FACT,EXPLICIT_SOURCE_TEXT,False
EVT-IMCA-0188,IOGP-05,Hot work,NONE,AMBIGUOUS,AMBIGUOUS,BSEE: recurring hand injuries from alternative cutting devices Safety Flash Published on 27 November 2024 Generated on 14 September 2026 IMCA SF 23/24 2 minute read The United,0,175,True,DERIVED_FACT,AMBIGUOUS_PARTIAL_MATCH,False
EVT-IMCA-0188,IOGP-08,Work authorization,NONE,AMBIGUOUS,AMBIGUOUS,Job Safety Analysis,1732,1751,True,DERIVED_FACT,AMBIGUOUS_PARTIAL_MATCH,False
EVT-IMCA-0189,IOGP-07,Safe mechanical lifting,EXPLICIT,SUPPORTED,SUPPORTED,NTSB: Crane wire failure Safety Flash Published on 27 November 2024 Generated on 14 September 2026 IMCA SF 23/24 3 minute read The N,0,132,True,SOURCE_FACT,EXPLICIT_SOURCE_TEXT,False
EVT-IMCA-0190,IOGP-04,Energy isolation,EXPLICIT,SUPPORTED,SUPPORTED,Safety Flashes Poor control of work in dry dock Safety Flash IMCA SF 06/23 27 February 2023 Read more Permit to Work and Isolation procedure not followed Safety Flash IMCA SF 05/22 28 February 2022 Read more US BSEE: Welding and burning hazards Safety,2898,3149,True,SOURCE_FACT,EXPLICIT_SOURCE_TEXT,False
EVT-IMCA-0190,IOGP-05,Hot work,EXPLICIT,SUPPORTED,SUPPORTED,Hot work performed outside of Permit to Work (PTW) boundary limit Safety Flash Published on 27 November 2024 Generated on 14 Sept,0,129,True,SOURCE_FACT,EXPLICIT_SOURCE_TEXT,False
EVT-IMCA-0190,IOGP-08,Work authorization,EXPLICIT,SUPPORTED,SUPPORTED,Hot work performed outside of Permit to Work (PTW) boundary limit Safety Flash Published on 27 November 2024 Generated on 14 September 2026 IMCA SF 23/24 3 minute re,0,165,True,SOURCE_FACT,EXPLICIT_SOURCE_TEXT,False
EVT-IMCA-0190,IOGP-09,Working at height,EXPLICIT,DERIVED,DERIVED,scaffolding,533,544,True,SOURCE_FACT,EXPLICIT_SOURCE_TEXT,False
EVT-IMCA-0191,IOGP-03,Driving,EXPLICIT,SUPPORTED,SUPPORTED,Vital safety information (height of vehicle) found incorrect Safety Flash Published on 27 November 2024 Generated on 14 September 2026 IMCA SF 23/24 2 minute read “,0,164,True,SOURCE_FACT,EXPLICIT_SOURCE_TEXT,False
EVT-IMCA-0192,IOGP-01,Bypassing safety controls,DERIVED,SUPPORTED,SUPPORTED,more Near-miss: Gas release from subsea pipeline Safety Flash IMCA SF 09/17 3 May 2017 Read more IOGP Life Saving Rules: Bypassing safety controls Energy isolation Line of fire Work authorisation What are these,3945,4155,True,SOURCE_FACT,EXPLICIT_SOURCE_TEXT,False
EVT-IMCA-0192,IOGP-04,Energy isolation,EXPLICIT,DERIVED,DERIVED,isolation,1699,1708,True,SOURCE_FACT,EXPLICIT_SOURCE_TEXT,False
EVT-IMCA-0192,IOGP-06,Line of fire,EXPLICIT,SUPPORTED,SUPPORTED,line of fire,1484,1496,True,SOURCE_FACT,EXPLICIT_SOURCE_TEXT,False
EVT-IMCA-0192,IOGP-08,Work authorization,EXPLICIT,SUPPORTED,SUPPORTED,Toolbox Talk,2278,2290,True,SOURCE_FACT,EXPLICIT_SOURCE_TEXT,False
EVT-IMCA-0193,IOGP-06,Line of fire,EXPLICIT,DERIVED,DERIVED,Dropped object &#x2013,0,22,True,SOURCE_FACT,EXPLICIT_SOURCE_TEXT,False
EVT-IMCA-0194,IOGP-05,Hot work,EXPLICIT,SUPPORTED,SUPPORTED,hot work,1366,1374,True,SOURCE_FACT,EXPLICIT_SOURCE_TEXT,False
EVT-IMCA-0194,IOGP-08,Work authorization,NONE,DERIVED,DERIVED,job safety analysis,2619,2638,True,SOURCE_FACT,EXPLICIT_SOURCE_TEXT,False
EVT-IMCA-0194,IOGP-09,Working at height,EXPLICIT,SUPPORTED,SUPPORTED,"ultiple factors contributed to the incident, including a lack of situational awareness for potential hazards, inadequate fall protection measures, and the failure to 1) properly secure the hatch covering the hole, 2) take corrective action after the cover w",654,911,True,SOURCE_FACT,EXPLICIT_SOURCE_TEXT,False
EVT-IMCA-0195,IOGP-05,Hot work,EXPLICIT,AMBIGUOUS,AMBIGUOUS,welds,1088,1093,True,DERIVED_FACT,AMBIGUOUS_PARTIAL_MATCH,False
EVT-IMCA-0195,IOGP-07,Safe mechanical lifting,EXPLICIT,AMBIGUOUS,AMBIGUOUS,Fire hazard from leaking fuel supply line Safety Flash IMCA SF 12/17 25 May 2017 Read more Near-miss: Corrosion caused crane boom failure during heavy lifting Safety Flash IMCA SF 21/15 7 December 2015 Read more Download PDF Safety Flashes Lates,2580,2825,True,DERIVED_FACT,AMBIGUOUS_PARTIAL_MATCH,False
EVT-IMCA-0196,IOGP-07,Safe mechanical lifting,EXPLICIT,SUPPORTED,SUPPORTED,crane,454,459,True,SOURCE_FACT,EXPLICIT_SOURCE_TEXT,False
EVT-IMCA-0197,IOGP-07,Safe mechanical lifting,EXPLICIT,AMBIGUOUS,AMBIGUOUS,Main Crane failure during load test Safety Flash Published on 24 October 2024 Generated on 14 September 2026 IMCA SF 21/24 2 minute,0,131,True,DERIVED_FACT,AMBIGUOUS_PARTIAL_MATCH,False
EVT-IMCA-0198,IOGP-06,Line of fire,EXPLICIT,AMBIGUOUS,AMBIGUOUS,dropped object,1753,1767,True,DERIVED_FACT,AMBIGUOUS_PARTIAL_MATCH,False
EVT-IMCA-0198,IOGP-07,Safe mechanical lifting,DERIVED,DERIVED,DERIVED,stopped to investigate the source of the noise and found that an AC unit vent cover had become detached from the capstan winch PLC cabinet,766,904,True,SOURCE_FACT,EXPLICIT_SOURCE_TEXT,False
EVT-IMCA-0198,IOGP-08,Work authorization,NONE,AMBIGUOUS,AMBIGUOUS,Stop Work,999,1008,True,DERIVED_FACT,AMBIGUOUS_PARTIAL_MATCH,False
EVT-IMCA-0199,IOGP-03,Driving,EXPLICIT,SUPPORTED,SUPPORTED,truck,1545,1550,True,SOURCE_FACT,EXPLICIT_SOURCE_TEXT,False
EVT-IMCA-0199,IOGP-06,Line of fire,EXPLICIT,SUPPORTED,SUPPORTED,Dropped clump weight Safety Flash IMCA SF 08/09 19 June 2009 Read more IOGP Life Saving Rules: Safe mechanical lifting Line of fire What are these,2665,2811,True,SOURCE_FACT,EXPLICIT_SOURCE_TEXT,False
EVT-IMCA-0199,IOGP-07,Safe mechanical lifting,EXPLICIT,SUPPORTED,SUPPORTED,crane,859,864,True,SOURCE_FACT,EXPLICIT_SOURCE_TEXT,False
EVT-IMCA-0200,IOGP-05,Hot work,EXPLICIT,AMBIGUOUS,AMBIGUOUS,cutting,828,835,True,DERIVED_FACT,AMBIGUOUS_PARTIAL_MATCH,False
EVT-IMCA-0200,IOGP-07,Safe mechanical lifting,EXPLICIT,AMBIGUOUS,AMBIGUOUS,crane,1933,1938,True,DERIVED_FACT,AMBIGUOUS_PARTIAL_MATCH,False
EVT-IMCA-0200,IOGP-08,Work authorization,EXPLICIT,DERIVED,DERIVED,risk assessment,616,631,True,SOURCE_FACT,EXPLICIT_SOURCE_TEXT,False
EVT-IMCA-0200,IOGP-09,Working at height,EXPLICIT,SUPPORTED,SUPPORTED,fall from,1923,1932,True,SOURCE_FACT,EXPLICIT_SOURCE_TEXT,False
EVT-IMCA-0202,IOGP-01,Bypassing safety controls,DERIVED,DERIVED,DERIVED,Bypassing,3403,3412,True,SOURCE_FACT,EXPLICIT_SOURCE_TEXT,False
EVT-IMCA-0202,IOGP-05,Hot work,DERIVED,DERIVED,DERIVED,ignited,1435,1442,True,SOURCE_FACT,EXPLICIT_SOURCE_TEXT,False
EVT-IMCA-0202,IOGP-06,Line of fire,EXPLICIT,SUPPORTED,SUPPORTED,y fuel spray ignition Safety Flash IMCA SF 08/15 2 June 2015 Read more IOGP Life Saving Rules: Bypassing safety controls Line of fire What are these,3308,3456,True,SOURCE_FACT,EXPLICIT_SOURCE_TEXT,False
EVT-IMCA-0204,IOGP-01,Bypassing safety controls,DERIVED,DERIVED,DERIVED,Bypassing,917,926,True,SOURCE_FACT,EXPLICIT_SOURCE_TEXT,False
EVT-IMCA-0207,IOGP-01,Bypassing safety controls,NONE,DERIVED,DERIVED,bridge,914,920,True,SOURCE_FACT,EXPLICIT_SOURCE_TEXT,False
EVT-IMCA-0207,IOGP-04,Energy isolation,EXPLICIT,SUPPORTED,SUPPORTED,extinguishing system leads to a fatality Safety Flash IMCA SF 17/20 1 June 2020 Read more IOGP Life Saving Rules: Energy isolation What are these,1953,2098,True,SOURCE_FACT,EXPLICIT_SOURCE_TEXT,False
EVT-IMCA-0208,IOGP-06,Line of fire,EXPLICIT,SUPPORTED,SUPPORTED,Line of fire,2485,2497,True,SOURCE_FACT,EXPLICIT_SOURCE_TEXT,False
EVT-IMCA-0209,IOGP-03,Driving,NONE,DERIVED,DERIVED,driver,355,361,True,SOURCE_FACT,EXPLICIT_SOURCE_TEXT,False
EVT-IMCA-0209,IOGP-08,Work authorization,EXPLICIT,DERIVED,DERIVED,risk assessment,957,972,True,SOURCE_FACT,EXPLICIT_SOURCE_TEXT,False
EVT-IMCA-0209,IOGP-09,Working at height,EXPLICIT,SUPPORTED,SUPPORTED,working at height,1068,1085,True,SOURCE_FACT,EXPLICIT_SOURCE_TEXT,False
EVT-IMCA-0210,IOGP-01,Bypassing safety controls,EXPLICIT,SUPPORTED,SUPPORTED,l tank sight glass push buttons wired open Safety Flash IMCA SF 28/22 13 December 2022 Read more IOGP Life Saving Rules: Bypassing safety controls What are these,2226,2387,True,SOURCE_FACT,EXPLICIT_SOURCE_TEXT,False
EVT-IMCA-0211,IOGP-04,Energy isolation,EXPLICIT,SUPPORTED,SUPPORTED,Serious Injury from Rotating Winch Safety Flash IMCA SF 22/18 25 September 2018 Read more IOGP Life Saving Rules: Energy isolation Line of fire What are these,2366,2524,True,SOURCE_FACT,EXPLICIT_SOURCE_TEXT,False
EVT-IMCA-0211,IOGP-06,Line of fire,EXPLICIT,SUPPORTED,SUPPORTED,jury from Rotating Winch Safety Flash IMCA SF 22/18 25 September 2018 Read more IOGP Life Saving Rules: Energy isolation Line of fire What are these,2376,2524,True,SOURCE_FACT,EXPLICIT_SOURCE_TEXT,False
EVT-IMCA-0211,IOGP-07,Safe mechanical lifting,DERIVED,DERIVED,DERIVED,2024 Generated on 14 September 2026 IMCA SF 19/24 2 minute read A worker suffered an injury whilst painting an auxiliary winch drum following maintenance,76,229,True,SOURCE_FACT,EXPLICIT_SOURCE_TEXT,False
EVT-IMCA-0211,IOGP-08,Work authorization,EXPLICIT,SUPPORTED,SUPPORTED,toolbox talk,422,434,True,SOURCE_FACT,EXPLICIT_SOURCE_TEXT,False
EVT-IMCA-0212,IOGP-06,Line of fire,EXPLICIT,SUPPORTED,SUPPORTED,fety Flashes LTI: Hand injury resulting from clothing catching on door Safety Flash IMCA SF 16/17 27 June 2017 Read more Line of fire: pinched finger between door and frame Safety Flash IMCA SF 06/22 11 March 2022 Read more Crushed finger Safety Flash IM,1293,1547,True,SOURCE_FACT,EXPLICIT_SOURCE_TEXT,False
EVT-IMCA-0214,IOGP-01,Bypassing safety controls,NONE,AMBIGUOUS,AMBIGUOUS,bridge,907,913,True,DERIVED_FACT,AMBIGUOUS_PARTIAL_MATCH,False
EVT-IMCA-0214,IOGP-07,Safe mechanical lifting,EXPLICIT,SUPPORTED,SUPPORTED,Near miss: lift bag released unintentionally from crane hook Safety Flash Published on 3 September 2024 Generated on 14 September 2026 IMCA SF 18/24 2 minute read Lift bag came,0,176,True,SOURCE_FACT,EXPLICIT_SOURCE_TEXT,False
EVT-IMCA-0214,IOGP-08,Work authorization,EXPLICIT,DERIVED,DERIVED,risk assessment,1657,1672,True,SOURCE_FACT,EXPLICIT_SOURCE_TEXT,False
EVT-IMCA-0215,IOGP-07,Safe mechanical lifting,EXPLICIT,UNSUPPORTED,UNSUPPORTED,NONE,-1,-1,False,UNGROUNDED,UNGROUNDED,False
EVT-IMCA-0216,IOGP-01,Bypassing safety controls,DERIVED,SUPPORTED,SUPPORTED,nt: topsides started swinging during lifting Safety Flash IMCA SF 27/21 1 October 2021 Read more IOGP Life Saving Rules: Bypassing safety controls Safe mechanical lifting Line of fire What are these,2349,2547,True,SOURCE_FACT,EXPLICIT_SOURCE_TEXT,False
EVT-IMCA-0216,IOGP-02,Confined space,DERIVED,DERIVED,DERIVED,caisson,673,680,True,SOURCE_FACT,EXPLICIT_SOURCE_TEXT,False
EVT-IMCA-0216,IOGP-05,Hot work,NONE,AMBIGUOUS,AMBIGUOUS,cutting,633,640,True,DERIVED_FACT,AMBIGUOUS_PARTIAL_MATCH,False
EVT-IMCA-0216,IOGP-06,Line of fire,EXPLICIT,SUPPORTED,SUPPORTED,y Flash IMCA SF 27/21 1 October 2021 Read more IOGP Life Saving Rules: Bypassing safety controls Safe mechanical lifting Line of fire What are these,2399,2547,True,SOURCE_FACT,EXPLICIT_SOURCE_TEXT,False
EVT-IMCA-0216,IOGP-07,Safe mechanical lifting,EXPLICIT,SUPPORTED,SUPPORTED,crane,722,727,True,SOURCE_FACT,EXPLICIT_SOURCE_TEXT,False
EVT-IMCA-0217,IOGP-01,Bypassing safety controls,DERIVED,SUPPORTED,SUPPORTED,more Shipyard worker receives electrical shock Safety Flash IMCA SF 10/21 8 April 2021 Read more IOGP Life Saving Rules: Bypassing safety controls What are these,3707,3868,True,SOURCE_FACT,EXPLICIT_SOURCE_TEXT,False
EVT-IMCA-0217,IOGP-04,Energy isolation,DERIVED,DERIVED,DERIVED,energized,2600,2609,True,SOURCE_FACT,EXPLICIT_SOURCE_TEXT,False
EVT-IMCA-0217,IOGP-05,Hot work,EXPLICIT,SUPPORTED,SUPPORTED,hot work,850,858,True,SOURCE_FACT,EXPLICIT_SOURCE_TEXT,False
EVT-IMCA-0218,IOGP-01,Bypassing safety controls,DERIVED,DERIVED,DERIVED,MAIB: vessel collision caused by mismatch between bridge and engine room control Safety Flash Published on 3 September 2024 Generated on 14 September 2026 IMCA SF 18/24 2 minute,0,177,True,SOURCE_FACT,EXPLICIT_SOURCE_TEXT,False
EVT-IMCA-0218,IOGP-03,Driving,EXPLICIT,SUPPORTED,SUPPORTED,driving,835,842,True,SOURCE_FACT,EXPLICIT_SOURCE_TEXT,False
EVT-IMCA-0219,IOGP-01,Bypassing safety controls,DERIVED,SUPPORTED,SUPPORTED,mber 2020 Read more Man overboard from stinger Safety Flash IMCA SF 19/20 23 June 2020 Read more IOGP Life Saving Rules: Bypassing safety controls Working at height What are these,1524,1703,True,SOURCE_FACT,EXPLICIT_SOURCE_TEXT,False
EVT-IMCA-0219,IOGP-08,Work authorization,EXPLICIT,SUPPORTED,SUPPORTED,permit to work,755,769,True,SOURCE_FACT,EXPLICIT_SOURCE_TEXT,False
EVT-IMCA-0219,IOGP-09,Working at height,EXPLICIT,SUPPORTED,SUPPORTED,Working at height,496,513,True,SOURCE_FACT,EXPLICIT_SOURCE_TEXT,False
EVT-IMCA-0220,IOGP-01,Bypassing safety controls,DERIVED,DERIVED,DERIVED,Bypassing,2014,2023,True,SOURCE_FACT,EXPLICIT_SOURCE_TEXT,False
EVT-IMCA-0220,IOGP-08,Work authorization,EXPLICIT,DERIVED,DERIVED,risk assessment,1341,1356,True,SOURCE_FACT,EXPLICIT_SOURCE_TEXT,False
EVT-IMCA-0221,IOGP-04,Energy isolation,DERIVED,DERIVED,DERIVED,Bleed down,2874,2884,True,SOURCE_FACT,EXPLICIT_SOURCE_TEXT,False
EVT-IMCA-0221,IOGP-06,Line of fire,EXPLICIT,AMBIGUOUS,AMBIGUOUS,ighting frame on Fast Rescue Craft (FRC) Safety Flash IMCA SF 03/24 12 February 2024 Read more Galvanic corrosion causes dropped object &#x2013,3629,3772,True,DERIVED_FACT,AMBIGUOUS_PARTIAL_MATCH,False
EVT-IMCA-0222,IOGP-06,Line of fire,EXPLICIT,SUPPORTED,SUPPORTED,Line of fire,3218,3230,True,SOURCE_FACT,EXPLICIT_SOURCE_TEXT,False
EVT-IMCA-0222,IOGP-07,Safe mechanical lifting,EXPLICIT,AMBIGUOUS,AMBIGUOUS,suspended load,995,1009,True,DERIVED_FACT,AMBIGUOUS_PARTIAL_MATCH,False
EVT-IMCA-0222,IOGP-08,Work authorization,EXPLICIT,UNSUPPORTED,UNSUPPORTED,NONE,-1,-1,False,UNGROUNDED,UNGROUNDED,False
EVT-IMCA-0222,IOGP-09,Working at height,NONE,AMBIGUOUS,AMBIGUOUS,fall from,414,423,True,DERIVED_FACT,AMBIGUOUS_PARTIAL_MATCH,False
EVT-IMCA-0223,IOGP-05,Hot work,EXPLICIT,UNSUPPORTED,UNSUPPORTED,NONE,-1,-1,False,UNGROUNDED,UNGROUNDED,False
EVT-IMCA-0223,IOGP-06,Line of fire,EXPLICIT,SUPPORTED,SUPPORTED,y Flashes Communications: LTI finger injury during lifting operations Safety Flash IMCA SF 10/22 21 April 2022 Read more Line of fire LTI: Finger injury during lifting operations Safety Flash IMCA SF 28/16 18 October 2016 Read more MSF: Near-miss &#x2013,2440,2694,True,SOURCE_FACT,EXPLICIT_SOURCE_TEXT,False
EVT-IMCA-0223,IOGP-07,Safe mechanical lifting,EXPLICIT,SUPPORTED,SUPPORTED,crane,542,547,True,SOURCE_FACT,EXPLICIT_SOURCE_TEXT,False
EVT-IMCA-0223,IOGP-08,Work authorization,EXPLICIT,DERIVED,DERIVED,d approved using a lift plan which identifies all the risks and helps to communicate the task at the worksite during the Toolbox talk,1417,1550,True,SOURCE_FACT,EXPLICIT_SOURCE_TEXT,False
EVT-IMCA-0224,IOGP-01,Bypassing safety controls,NONE,AMBIGUOUS,AMBIGUOUS,bypass,2604,2610,True,DERIVED_FACT,AMBIGUOUS_PARTIAL_MATCH,False
EVT-IMCA-0224,IOGP-02,Confined space,EXPLICIT,SUPPORTED,SUPPORTED,confined space,1175,1189,True,SOURCE_FACT,EXPLICIT_SOURCE_TEXT,False
EVT-IMCA-0224,IOGP-06,Line of fire,EXPLICIT,SUPPORTED,SUPPORTED,"n last year’s safety statistics, 42% of LTIs reported by IMCA members involved injuries caused when workers got into the Line of Fire",370,503,True,SOURCE_FACT,EXPLICIT_SOURCE_TEXT,False
EVT-IMCA-0224,IOGP-07,Safe mechanical lifting,EXPLICIT,DERIVED,DERIVED,he equipment used was neither suitable nor safe: the handle for the portable blower was obstructed with rope and webbing sling,1626,1752,True,SOURCE_FACT,EXPLICIT_SOURCE_TEXT,False
EVT-IMCA-0224,IOGP-08,Work authorization,NONE,DERIVED,DERIVED,toolbox talk,2254,2266,True,SOURCE_FACT,EXPLICIT_SOURCE_TEXT,False
EVT-IMCA-0225,IOGP-05,Hot work,EXPLICIT,SUPPORTED,SUPPORTED,Hot Work,1692,1700,True,SOURCE_FACT,EXPLICIT_SOURCE_TEXT,False
EVT-IMCA-0225,IOGP-06,Line of fire,EXPLICIT,SUPPORTED,SUPPORTED,"n last year’s safety statistics, 42% of LTIs reported by IMCA members involved injuries caused when workers got into the Line of Fire",322,455,True,SOURCE_FACT,EXPLICIT_SOURCE_TEXT,False
EVT-IMCA-0225,IOGP-08,Work authorization,EXPLICIT,SUPPORTED,SUPPORTED,Permit to Work,1701,1715,True,SOURCE_FACT,EXPLICIT_SOURCE_TEXT,False
EVT-IMCA-0226,IOGP-01,Bypassing safety controls,DERIVED,SUPPORTED,SUPPORTED,er fell over in bathroom during heavy weather Safety Flash IMCA SF 08/23 27 March 2023 Read more IOGP Life Saving Rules: Bypassing safety controls Line of fire What are these,1843,2017,True,SOURCE_FACT,EXPLICIT_SOURCE_TEXT,False
EVT-IMCA-0226,IOGP-05,Hot work,EXPLICIT,UNSUPPORTED,UNSUPPORTED,NONE,-1,-1,False,UNGROUNDED,UNGROUNDED,False
EVT-IMCA-0226,IOGP-06,Line of fire,EXPLICIT,SUPPORTED,SUPPORTED,"n last year’s safety statistics, 42% of LTIs reported by IMCA members involved injuries caused when workers got into the Line of Fire",351,484,True,SOURCE_FACT,EXPLICIT_SOURCE_TEXT,False
EVT-IMCA-0226,IOGP-07,Safe mechanical lifting,EXPLICIT,AMBIGUOUS,AMBIGUOUS,lifting operation,1746,1763,True,DERIVED_FACT,AMBIGUOUS_PARTIAL_MATCH,False
EVT-IMCA-0227,IOGP-05,Hot work,EXPLICIT,UNSUPPORTED,UNSUPPORTED,NONE,-1,-1,False,UNGROUNDED,UNGROUNDED,False
EVT-IMCA-0227,IOGP-06,Line of fire,EXPLICIT,SUPPORTED,SUPPORTED,"n last year’s safety statistics, 42% of LTIs reported by IMCA members involved injuries caused when workers got into the Line of Fire",319,452,True,SOURCE_FACT,EXPLICIT_SOURCE_TEXT,False
EVT-IMCA-0227,IOGP-07,Safe mechanical lifting,EXPLICIT,UNSUPPORTED,UNSUPPORTED,NONE,-1,-1,False,UNGROUNDED,UNGROUNDED,False
EVT-IMCA-0228,IOGP-06,Line of fire,EXPLICIT,SUPPORTED,SUPPORTED,"n last year’s safety statistics, 42% of LTIs reported by IMCA members involved injuries caused when workers got into the Line of Fire",364,497,True,SOURCE_FACT,EXPLICIT_SOURCE_TEXT,False
EVT-IMCA-0229,IOGP-06,Line of fire,EXPLICIT,SUPPORTED,SUPPORTED,Line of fire,1963,1975,True,SOURCE_FACT,EXPLICIT_SOURCE_TEXT,False
EVT-IMCA-0230,IOGP-08,Work authorization,EXPLICIT,DERIVED,DERIVED,Risk Assessment,1304,1319,True,SOURCE_FACT,EXPLICIT_SOURCE_TEXT,False
EVT-IMCA-0231,IOGP-03,Driving,EXPLICIT,SUPPORTED,SUPPORTED,Load lost from lorry on public road &#x2013,0,43,True,SOURCE_FACT,EXPLICIT_SOURCE_TEXT,False
EVT-IMCA-0231,IOGP-06,Line of fire,EXPLICIT,SUPPORTED,SUPPORTED,13 25 June 2013 Read more Securing of loads Safety Flash IMCA SF 02/05 1 February 2005 Read more IOGP Life Saving Rules: Line of fire What are these,2179,2327,True,SOURCE_FACT,EXPLICIT_SOURCE_TEXT,False
EVT-IMCA-0232,IOGP-06,Line of fire,EXPLICIT,DERIVED,DERIVED,Dropped object: unsecured cargo inside box broke lose and fell Safety Flash Published on 31 July 2024 Generated on 14 September 2026 IM,0,135,True,SOURCE_FACT,EXPLICIT_SOURCE_TEXT,False
EVT-IMCA-0232,IOGP-07,Safe mechanical lifting,EXPLICIT,SUPPORTED,SUPPORTED,crane,639,644,True,SOURCE_FACT,EXPLICIT_SOURCE_TEXT,False
EVT-IMCA-0233,IOGP-06,Line of fire,EXPLICIT,SUPPORTED,SUPPORTED,"otes that under slightly different circumstances the incident could easily have been a fatality, had someone been in the line of fire of the glass pane, frame, and screw heads",702,877,True,SOURCE_FACT,EXPLICIT_SOURCE_TEXT,False
EVT-IMCA-0236,IOGP-04,Energy isolation,EXPLICIT,DERIVED,DERIVED,isolated,439,447,True,SOURCE_FACT,EXPLICIT_SOURCE_TEXT,False
EVT-IMCA-0237,IOGP-01,Bypassing safety controls,NONE,DERIVED,DERIVED,bridge,337,343,True,SOURCE_FACT,EXPLICIT_SOURCE_TEXT,False
EVT-IMCA-0237,IOGP-05,Hot work,DERIVED,DERIVED,DERIVED,ignition,1871,1879,True,SOURCE_FACT,EXPLICIT_SOURCE_TEXT,False
EVT-IMCA-0237,IOGP-07,Safe mechanical lifting,DERIVED,DERIVED,DERIVED,winch,745,750,True,SOURCE_FACT,EXPLICIT_SOURCE_TEXT,False
EVT-IMCA-0238,IOGP-01,Bypassing safety controls,NONE,DERIVED,DERIVED,bridge,1334,1340,True,SOURCE_FACT,EXPLICIT_SOURCE_TEXT,False
EVT-IMCA-0238,IOGP-07,Safe mechanical lifting,EXPLICIT,AMBIGUOUS,AMBIGUOUS,crane,392,397,True,DERIVED_FACT,AMBIGUOUS_PARTIAL_MATCH,False
EVT-IMCA-0238,IOGP-08,Work authorization,EXPLICIT,DERIVED,DERIVED,risk assessment,1188,1203,True,SOURCE_FACT,EXPLICIT_SOURCE_TEXT,False
EVT-IMCA-0239,IOGP-06,Line of fire,EXPLICIT,SUPPORTED,SUPPORTED,line of fire,756,768,True,SOURCE_FACT,EXPLICIT_SOURCE_TEXT,False
EVT-IMCA-0239,IOGP-07,Safe mechanical lifting,DERIVED,DERIVED,DERIVED,Winch,648,653,True,SOURCE_FACT,EXPLICIT_SOURCE_TEXT,False
EVT-IMCA-0240,IOGP-03,Driving,DERIVED,DERIVED,DERIVED,transport,1784,1793,True,SOURCE_FACT,EXPLICIT_SOURCE_TEXT,False
EVT-IMCA-0240,IOGP-06,Line of fire,EXPLICIT,SUPPORTED,SUPPORTED,Line of fire,3093,3105,True,SOURCE_FACT,EXPLICIT_SOURCE_TEXT,False
EVT-IMCA-0240,IOGP-07,Safe mechanical lifting,EXPLICIT,UNSUPPORTED,UNSUPPORTED,NONE,-1,-1,False,UNGROUNDED,UNGROUNDED,False
EVT-IMCA-0241,IOGP-09,Working at height,EXPLICIT,DERIVED,DERIVED,"ety Flash Published on 2 July 2024 Generated on 14 September 2026 IMCA SF 13/24 2 minute read A halogen lamp fell from a scaffolding where the work was taking place, causing a small fire",42,228,True,SOURCE_FACT,EXPLICIT_SOURCE_TEXT,False
EVT-IMCA-0242,IOGP-01,Bypassing safety controls,NONE,DERIVED,DERIVED,bridge,860,866,True,SOURCE_FACT,EXPLICIT_SOURCE_TEXT,False
EVT-IMCA-0242,IOGP-08,Work authorization,EXPLICIT,DERIVED,DERIVED,risk assessment,2123,2138,True,SOURCE_FACT,EXPLICIT_SOURCE_TEXT,False
EVT-IMCA-0243,IOGP-01,Bypassing safety controls,DERIVED,SUPPORTED,SUPPORTED,son fractured pelvis in a fall from a ladder Safety Flash IMCA SF 20/23 15 August 2023 Read more IOGP Life Saving Rules: Bypassing safety controls What are these,2532,2693,True,SOURCE_FACT,EXPLICIT_SOURCE_TEXT,False
EVT-IMCA-0243,IOGP-07,Safe mechanical lifting,EXPLICIT,UNSUPPORTED,UNSUPPORTED,NONE,-1,-1,False,UNGROUNDED,UNGROUNDED,False
EVT-IMCA-0243,IOGP-08,Work authorization,EXPLICIT,UNSUPPORTED,UNSUPPORTED,NONE,-1,-1,False,UNGROUNDED,UNGROUNDED,False
EVT-IMCA-0243,IOGP-09,Working at height,EXPLICIT,SUPPORTED,SUPPORTED,working at height,1845,1862,True,SOURCE_FACT,EXPLICIT_SOURCE_TEXT,False
EVT-IMCA-0244,IOGP-07,Safe mechanical lifting,EXPLICIT,UNSUPPORTED,UNSUPPORTED,NONE,-1,-1,False,UNGROUNDED,UNGROUNDED,False
EVT-IMCA-0245,IOGP-05,Hot work,EXPLICIT,AMBIGUOUS,AMBIGUOUS,Dropped welding fume extraction hood Safety Flash Published on 18 June 2024 Generated on 14 September 2026 IMCA SF 12/24 2 minute read A,0,136,True,DERIVED_FACT,AMBIGUOUS_PARTIAL_MATCH,False
EVT-IMCA-0245,IOGP-06,Line of fire,EXPLICIT,SUPPORTED,SUPPORTED,Line of fire,2435,2447,True,SOURCE_FACT,EXPLICIT_SOURCE_TEXT,False
EVT-IMCA-0245,IOGP-07,Safe mechanical lifting,EXPLICIT,AMBIGUOUS,AMBIGUOUS,hoist,2207,2212,True,DERIVED_FACT,AMBIGUOUS_PARTIAL_MATCH,False
EVT-IMCA-0246,IOGP-04,Energy isolation,NONE,AMBIGUOUS,AMBIGUOUS,isolated,1291,1299,True,DERIVED_FACT,AMBIGUOUS_PARTIAL_MATCH,False
EVT-IMCA-0246,IOGP-08,Work authorization,EXPLICIT,DERIVED,DERIVED,Risk Assessment,988,1003,True,SOURCE_FACT,EXPLICIT_SOURCE_TEXT,False
EVT-IMCA-0247,IOGP-01,Bypassing safety controls,EXPLICIT,SUPPORTED,SUPPORTED,S Safety Flash IMCA SF 03/14 13 March 2014 Read more IOGP Life Saving Rules: Bypassing safety controls Confined space What are these,3337,3469,True,SOURCE_FACT,EXPLICIT_SOURCE_TEXT,False
EVT-IMCA-0247,IOGP-02,Confined space,EXPLICIT,SUPPORTED,SUPPORTED,Confined space,3085,3099,True,SOURCE_FACT,EXPLICIT_SOURCE_TEXT,False
EVT-IMCA-0247,IOGP-06,Line of fire,NONE,AMBIGUOUS,AMBIGUOUS,pressure release,635,651,True,DERIVED_FACT,AMBIGUOUS_PARTIAL_MATCH,False
EVT-IMCA-0247,IOGP-08,Work authorization,EXPLICIT,SUPPORTED,SUPPORTED,Permit To Work,924,938,True,SOURCE_FACT,EXPLICIT_SOURCE_TEXT,False
EVT-IMCA-0248,IOGP-03,Driving,EXPLICIT,SUPPORTED,SUPPORTED,truck,2584,2589,True,SOURCE_FACT,EXPLICIT_SOURCE_TEXT,False
EVT-IMCA-0248,IOGP-04,Energy isolation,EXPLICIT,DERIVED,DERIVED,isolation,3307,3316,True,SOURCE_FACT,EXPLICIT_SOURCE_TEXT,False
EVT-IMCA-0248,IOGP-06,Line of fire,EXPLICIT,SUPPORTED,SUPPORTED,Line of fire,3983,3995,True,SOURCE_FACT,EXPLICIT_SOURCE_TEXT,False
EVT-IMCA-0248,IOGP-07,Safe mechanical lifting,EXPLICIT,AMBIGUOUS,AMBIGUOUS,suspended load,2669,2683,True,DERIVED_FACT,AMBIGUOUS_PARTIAL_MATCH,False
EVT-IMCA-0249,IOGP-06,Line of fire,EXPLICIT,UNSUPPORTED,UNSUPPORTED,NONE,-1,-1,False,UNGROUNDED,UNGROUNDED,False
EVT-IMCA-0249,IOGP-07,Safe mechanical lifting,EXPLICIT,AMBIGUOUS,AMBIGUOUS,crane,536,541,True,DERIVED_FACT,AMBIGUOUS_PARTIAL_MATCH,False
EVT-IMCA-0250,IOGP-01,Bypassing safety controls,EXPLICIT,SUPPORTED,SUPPORTED,Bypassing,5013,5022,True,SOURCE_FACT,EXPLICIT_SOURCE_TEXT,False
EVT-IMCA-0250,IOGP-03,Driving,EXPLICIT,SUPPORTED,SUPPORTED,driven,507,513,True,SOURCE_FACT,EXPLICIT_SOURCE_TEXT,False
EVT-IMCA-0250,IOGP-08,Work authorization,EXPLICIT,SUPPORTED,SUPPORTED,Job Safety Analysis,3588,3607,True,SOURCE_FACT,EXPLICIT_SOURCE_TEXT,False
EVT-IMCA-0251,IOGP-06,Line of fire,NONE,DERIVED,DERIVED,pinch point,2714,2725,True,SOURCE_FACT,EXPLICIT_SOURCE_TEXT,False
EVT-IMCA-0252,IOGP-01,Bypassing safety controls,EXPLICIT,SUPPORTED,SUPPORTED,more Lacerated chin caused by flying wedge Safety Flash IMCA SF 08/10 15 December 2010 Read more IOGP Life Saving Rules: Bypassing safety controls Line of fire What are these,3185,3359,True,SOURCE_FACT,EXPLICIT_SOURCE_TEXT,False
EVT-IMCA-0252,IOGP-05,Hot work,EXPLICIT,UNSUPPORTED,UNSUPPORTED,NONE,-1,-1,False,UNGROUNDED,UNGROUNDED,False
EVT-IMCA-0252,IOGP-06,Line of fire,EXPLICIT,SUPPORTED,SUPPORTED,line of fire,949,961,True,SOURCE_FACT,EXPLICIT_SOURCE_TEXT,False
EVT-IMCA-0252,IOGP-07,Safe mechanical lifting,EXPLICIT,DERIVED,DERIVED,nding hammer Safety Flash IMCA SF 13/21 6 May 2021 Read more Finger injury while using a crowbar to try to shift a large shackle Safety Flash IMCA SF 32/17 21 December 2017 Read more High potential stored energy incident: inner buoyancy module clamp,2866,3115,True,SOURCE_FACT,EXPLICIT_SOURCE_TEXT,False
EVT-IMCA-0252,IOGP-08,Work authorization,EXPLICIT,SUPPORTED,SUPPORTED,"ask risk assessment (TRA) for this task did not consider the use of a hydraulic jack for removal of the pin, nor did the toolbox talk (TBT) before starting work",1390,1550,True,SOURCE_FACT,EXPLICIT_SOURCE_TEXT,False
EVT-IMCA-0253,IOGP-06,Line of fire,EXPLICIT,AMBIGUOUS,AMBIGUOUS,snapback,2049,2057,True,DERIVED_FACT,AMBIGUOUS_PARTIAL_MATCH,False
EVT-IMCA-0253,IOGP-07,Safe mechanical lifting,EXPLICIT,DERIVED,DERIVED,winch,552,557,True,SOURCE_FACT,EXPLICIT_SOURCE_TEXT,False
EVT-IMCA-0254,IOGP-06,Line of fire,EXPLICIT,UNSUPPORTED,UNSUPPORTED,NONE,-1,-1,False,UNGROUNDED,UNGROUNDED,False
EVT-IMCA-0254,IOGP-08,Work authorization,EXPLICIT,SUPPORTED,SUPPORTED,toolbox talk,760,772,True,SOURCE_FACT,EXPLICIT_SOURCE_TEXT,False
EVT-IMCA-0255,IOGP-06,Line of fire,EXPLICIT,UNSUPPORTED,UNSUPPORTED,NONE,-1,-1,False,UNGROUNDED,UNGROUNDED,False
EVT-IMCA-0255,IOGP-07,Safe mechanical lifting,EXPLICIT,SUPPORTED,SUPPORTED,crane,733,738,True,SOURCE_FACT,EXPLICIT_SOURCE_TEXT,False
EVT-IMCA-0255,IOGP-09,Working at height,DERIVED,DERIVED,DERIVED,"y Flash Published on 22 May 2024 Generated on 14 September 2026 IMCA SF 10/24 3 minute read Crew member’s work restraint lanyard became entangled in a hook and wire sling, and the crew member was lifted off the deck",59,274,True,SOURCE_FACT,EXPLICIT_SOURCE_TEXT,False
EVT-IMCA-0256,IOGP-07,Safe mechanical lifting,EXPLICIT,DERIVED,DERIVED,Crew member was lifted off deck after a tag line attached to the slings snagged or became entangled to his harness,0,114,True,SOURCE_FACT,EXPLICIT_SOURCE_TEXT,False
EVT-IMCA-0256,IOGP-09,Working at height,EXPLICIT,AMBIGUOUS,AMBIGUOUS,Crew member was lifted off deck after a tag line attached to the slings snagged or became entangled to his harness,0,114,True,DERIVED_FACT,AMBIGUOUS_PARTIAL_MATCH,False
EVT-IMCA-0257,IOGP-04,Energy isolation,EXPLICIT,DERIVED,DERIVED,isolations,2074,2084,True,SOURCE_FACT,EXPLICIT_SOURCE_TEXT,False
EVT-IMCA-0258,IOGP-01,Bypassing safety controls,DERIVED,SUPPORTED,SUPPORTED,reparation prior to hot work leads to fires Safety Flash IMCA SF 24/22 1 November 2022 Read more IOGP Life Saving Rules: Bypassing safety controls Hot work What are these,2895,3065,True,SOURCE_FACT,EXPLICIT_SOURCE_TEXT,False
EVT-IMCA-0258,IOGP-02,Confined space,EXPLICIT,SUPPORTED,SUPPORTED,confined space,2702,2716,True,SOURCE_FACT,EXPLICIT_SOURCE_TEXT,False
EVT-IMCA-0258,IOGP-05,Hot work,EXPLICIT,SUPPORTED,SUPPORTED,hot work,901,909,True,SOURCE_FACT,EXPLICIT_SOURCE_TEXT,False
EVT-IMCA-0258,IOGP-08,Work authorization,EXPLICIT,DERIVED,DERIVED,JSA,2552,2555,True,SOURCE_FACT,EXPLICIT_SOURCE_TEXT,False
EVT-IMCA-0258,IOGP-09,Working at height,EXPLICIT,SUPPORTED,SUPPORTED,working at height,2679,2696,True,SOURCE_FACT,EXPLICIT_SOURCE_TEXT,False
EVT-IMCA-0259,IOGP-06,Line of fire,EXPLICIT,SUPPORTED,SUPPORTED,Worker scalded when hot ash dropped into water Safety Flash IMCA SF 17/17 13 July 2017 Read more IOGP Life Saving Rules: Line of fire What are these,2191,2339,True,SOURCE_FACT,EXPLICIT_SOURCE_TEXT,False
EVT-IMCA-0259,IOGP-08,Work authorization,EXPLICIT,DERIVED,DERIVED,risk assessment,1913,1928,True,SOURCE_FACT,EXPLICIT_SOURCE_TEXT,False
EVT-IMCA-0260,IOGP-01,Bypassing safety controls,DERIVED,SUPPORTED,SUPPORTED,ot something in his eye when removing his PPE Safety Flash IMCA SF 08/17 12 April 2017 Read more IOGP Life Saving Rules: Bypassing safety controls Energy isolation Line of fire Work authorisation What are these,3901,4111,True,SOURCE_FACT,EXPLICIT_SOURCE_TEXT,False
EVT-IMCA-0260,IOGP-03,Driving,NONE,DERIVED,DERIVED,driver,1042,1048,True,SOURCE_FACT,EXPLICIT_SOURCE_TEXT,False
EVT-IMCA-0260,IOGP-04,Energy isolation,EXPLICIT,SUPPORTED,SUPPORTED,ving his PPE Safety Flash IMCA SF 08/17 12 April 2017 Read more IOGP Life Saving Rules: Bypassing safety controls Energy isolation Line of fire Work authorisation What are these,3934,4111,True,SOURCE_FACT,EXPLICIT_SOURCE_TEXT,False
EVT-IMCA-0260,IOGP-05,Hot work,EXPLICIT,AMBIGUOUS,AMBIGUOUS,ad more Related Safety Flashes (Incident 1 and 2) BBC news: Worker loses hand after he was injured with faulty hydraulic cutting gear Safety Flash IMCA SF 22/19 17 September 2019 Read more Lost time injury (LTI): Stored pressure release &#x2013,3436,3680,True,DERIVED_FACT,AMBIGUOUS_PARTIAL_MATCH,False
EVT-IMCA-0260,IOGP-06,Line of fire,EXPLICIT,SUPPORTED,SUPPORTED,y Flashes (Incident 1) MSF: Eye injury whilst opening paint tin lid Safety Flash IMCA SF 30/21 8 November 2021 Read more Line of fire injury &#x2013,3092,3240,True,SOURCE_FACT,EXPLICIT_SOURCE_TEXT,False
EVT-IMCA-0260,IOGP-07,Safe mechanical lifting,EXPLICIT,AMBIGUOUS,AMBIGUOUS,crane,1036,1041,True,DERIVED_FACT,AMBIGUOUS_PARTIAL_MATCH,False
EVT-IMCA-0260,IOGP-08,Work authorization,EXPLICIT,SUPPORTED,SUPPORTED,Permit to Work,1764,1778,True,SOURCE_FACT,EXPLICIT_SOURCE_TEXT,False
EVT-IMCA-0261,IOGP-06,Line of fire,EXPLICIT,UNSUPPORTED,UNSUPPORTED,NONE,-1,-1,False,UNGROUNDED,UNGROUNDED,False
EVT-IMCA-0261,IOGP-08,Work authorization,EXPLICIT,DERIVED,DERIVED,risk assessment,1055,1070,True,SOURCE_FACT,EXPLICIT_SOURCE_TEXT,False
EVT-IMCA-0262,IOGP-01,Bypassing safety controls,DERIVED,SUPPORTED,SUPPORTED,k by rotating chain attached to flexible pipe Safety Flash IMCA SF 10/23 20 April 2023 Read more IOGP Life Saving Rules: Bypassing safety controls Line of fire What are these,2664,2838,True,SOURCE_FACT,EXPLICIT_SOURCE_TEXT,False
EVT-IMCA-0262,IOGP-06,Line of fire,EXPLICIT,SUPPORTED,SUPPORTED,ed to flexible pipe Safety Flash IMCA SF 10/23 20 April 2023 Read more IOGP Life Saving Rules: Bypassing safety controls Line of fire What are these,2690,2838,True,SOURCE_FACT,EXPLICIT_SOURCE_TEXT,False
EVT-IMCA-0262,IOGP-07,Safe mechanical lifting,DERIVED,DERIVED,DERIVED,winch,283,288,True,SOURCE_FACT,EXPLICIT_SOURCE_TEXT,False
EVT-IMCA-0262,IOGP-08,Work authorization,EXPLICIT,DERIVED,DERIVED,risk assessment,1885,1900,True,SOURCE_FACT,EXPLICIT_SOURCE_TEXT,False
EVT-IMCA-0263,IOGP-05,Hot work,EXPLICIT,DERIVED,DERIVED,welder,387,393,True,SOURCE_FACT,EXPLICIT_SOURCE_TEXT,False
EVT-IMCA-0263,IOGP-06,Line of fire,EXPLICIT,UNSUPPORTED,UNSUPPORTED,NONE,-1,-1,False,UNGROUNDED,UNGROUNDED,False
EVT-IMCA-0263,IOGP-09,Working at height,EXPLICIT,AMBIGUOUS,AMBIGUOUS,Near miss: dislodged grating with potential fall to sea Safety Flash Published on 30 April 2024 Generated on 14 September 2026 IMCA SF 09/24 2 minute,0,149,True,DERIVED_FACT,AMBIGUOUS_PARTIAL_MATCH,False
EVT-IMCA-0264,IOGP-04,Energy isolation,EXPLICIT,DERIVED,DERIVED,isolation,3387,3396,True,SOURCE_FACT,EXPLICIT_SOURCE_TEXT,False
EVT-IMCA-0264,IOGP-07,Safe mechanical lifting,EXPLICIT,DERIVED,DERIVED,winch,522,527,True,SOURCE_FACT,EXPLICIT_SOURCE_TEXT,False
EVT-IMCA-0265,IOGP-07,Safe mechanical lifting,EXPLICIT,AMBIGUOUS,AMBIGUOUS,Crane,2990,2995,True,DERIVED_FACT,AMBIGUOUS_PARTIAL_MATCH,False
EVT-IMCA-0266,IOGP-08,Work authorization,EXPLICIT,DERIVED,DERIVED,risk assessment,2638,2653,True,SOURCE_FACT,EXPLICIT_SOURCE_TEXT,False
EVT-IMCA-0267,IOGP-01,Bypassing safety controls,DERIVED,SUPPORTED,SUPPORTED,t doors and hatches routinely left open at sea Safety Flash IMCA SF 03/12 4 April 2012 Read more IOGP Life Saving Rules: Bypassing safety controls What are these,2393,2554,True,SOURCE_FACT,EXPLICIT_SOURCE_TEXT,False
EVT-IMCA-0267,IOGP-02,Confined space,NONE,DERIVED,DERIVED,"ne compartment to other during flooding or accidents, and therefore act as a safety barrier limiting the spread of water inside the vessel",531,669,True,SOURCE_FACT,EXPLICIT_SOURCE_TEXT,False
EVT-IMCA-0268,IOGP-01,Bypassing safety controls,DERIVED,DERIVED,DERIVED,Bypassing,2002,2011,True,SOURCE_FACT,EXPLICIT_SOURCE_TEXT,False
EVT-IMCA-0268,IOGP-04,Energy isolation,DERIVED,DERIVED,DERIVED,isolated,1327,1335,True,SOURCE_FACT,EXPLICIT_SOURCE_TEXT,False
EVT-IMCA-0268,IOGP-05,Hot work,EXPLICIT,UNSUPPORTED,UNSUPPORTED,NONE,-1,-1,False,UNGROUNDED,UNGROUNDED,False
EVT-IMCA-0268,IOGP-06,Line of fire,EXPLICIT,SUPPORTED,SUPPORTED,diate Bulk Container) Safety Flash IMCA SF 20/20 6 July 2020 Read more IOGP Life Saving Rules: Bypassing safety controls Line of fire What are these,1907,2055,True,SOURCE_FACT,EXPLICIT_SOURCE_TEXT,False
EVT-IMCA-0268,IOGP-07,Safe mechanical lifting,EXPLICIT,AMBIGUOUS,AMBIGUOUS,Lifting operation,1633,1650,True,DERIVED_FACT,AMBIGUOUS_PARTIAL_MATCH,False
EVT-IMCA-0268,IOGP-08,Work authorization,EXPLICIT,UNSUPPORTED,UNSUPPORTED,NONE,-1,-1,False,UNGROUNDED,UNGROUNDED,False
EVT-IMCA-0269,IOGP-01,Bypassing safety controls,NONE,DERIVED,DERIVED,bridge,3408,3414,True,SOURCE_FACT,EXPLICIT_SOURCE_TEXT,False
EVT-IMCA-0269,IOGP-04,Energy isolation,EXPLICIT,SUPPORTED,SUPPORTED,isolated,333,341,True,SOURCE_FACT,EXPLICIT_SOURCE_TEXT,False
EVT-IMCA-0269,IOGP-08,Work authorization,EXPLICIT,SUPPORTED,SUPPORTED,ctivity that was usually discussed in the work permit/SIMOPS meeting as it was seen as operational and did not require a Permit to work,2284,2419,True,SOURCE_FACT,EXPLICIT_SOURCE_TEXT,False
EVT-IMCA-0272,IOGP-05,Hot work,EXPLICIT,UNSUPPORTED,UNSUPPORTED,NONE,-1,-1,False,UNGROUNDED,UNGROUNDED,False
EVT-IMCA-0272,IOGP-06,Line of fire,EXPLICIT,SUPPORTED,SUPPORTED,oist failure resulting in a serious near miss Safety Flash IMCA SF 12/20 31 March 2020 Read more IOGP Life Saving Rules: Line of fire Safe mechanical lifting What are these,2310,2482,True,SOURCE_FACT,EXPLICIT_SOURCE_TEXT,False
EVT-IMCA-0272,IOGP-07,Safe mechanical lifting,EXPLICIT,AMBIGUOUS,AMBIGUOUS,Person injured when chain hoist container failed at securing point Safety Flash Published on 27 March 2024 Generated on 14 September 2026 IMCA SF 07/24,0,151,True,DERIVED_FACT,AMBIGUOUS_PARTIAL_MATCH,False
EVT-IMCA-0273,IOGP-02,Confined space,EXPLICIT,SUPPORTED,SUPPORTED,confined space,989,1003,True,SOURCE_FACT,EXPLICIT_SOURCE_TEXT,False
EVT-IMCA-0273,IOGP-05,Hot work,NONE,AMBIGUOUS,AMBIGUOUS,torch,524,529,True,DERIVED_FACT,AMBIGUOUS_PARTIAL_MATCH,False
EVT-IMCA-0273,IOGP-08,Work authorization,EXPLICIT,SUPPORTED,SUPPORTED,"rsons involved in the operation followed all appropriate safety controls for entry into the confined space of the tank – Permit to Work, toolbox talk, rescue plan etc",897,1063,True,SOURCE_FACT,EXPLICIT_SOURCE_TEXT,False
EVT-IMCA-0274,IOGP-03,Driving,NONE,DERIVED,DERIVED,transport,998,1007,True,SOURCE_FACT,EXPLICIT_SOURCE_TEXT,False
EVT-IMCA-0274,IOGP-05,Hot work,EXPLICIT,AMBIGUOUS,AMBIGUOUS,welds,1259,1264,True,DERIVED_FACT,AMBIGUOUS_PARTIAL_MATCH,False
EVT-IMCA-0274,IOGP-06,Line of fire,EXPLICIT,SUPPORTED,SUPPORTED,"den and unplanned release of energy led to the nitrogen vessel tank striking the injured person, who was standing in the line of fire",671,804,True,SOURCE_FACT,EXPLICIT_SOURCE_TEXT,False
EVT-IMCA-0274,IOGP-07,Safe mechanical lifting,EXPLICIT,DERIVED,DERIVED,rigging,472,479,True,SOURCE_FACT,EXPLICIT_SOURCE_TEXT,False
EVT-IMCA-0275,IOGP-06,Line of fire,EXPLICIT,SUPPORTED,SUPPORTED,line of fire,1286,1298,True,SOURCE_FACT,EXPLICIT_SOURCE_TEXT,False
EVT-IMCA-0275,IOGP-07,Safe mechanical lifting,EXPLICIT,AMBIGUOUS,AMBIGUOUS,crane,286,291,True,DERIVED_FACT,AMBIGUOUS_PARTIAL_MATCH,False
EVT-IMCA-0275,IOGP-09,Working at height,EXPLICIT,AMBIGUOUS,AMBIGUOUS,Person pulled to deck by fall arrest harness Safety Flash Published on 19 March 2024 Generated on 14 September 2026 IMCA SF 06/24 2 minute read A person was pulled t,0,165,True,DERIVED_FACT,AMBIGUOUS_PARTIAL_MATCH,False
EVT-IMCA-0277,IOGP-01,Bypassing safety controls,NONE,DERIVED,DERIVED,bridge,584,590,True,SOURCE_FACT,EXPLICIT_SOURCE_TEXT,False
EVT-IMCA-0277,IOGP-08,Work authorization,NONE,DERIVED,DERIVED,Toolbox Talk,2047,2059,True,SOURCE_FACT,EXPLICIT_SOURCE_TEXT,False
EVT-IMCA-0278,IOGP-01,Bypassing safety controls,NONE,DERIVED,DERIVED,"tely went to the workshop to wash his eyes with water, alerted the engineer who provided eyewash liquid and informed the bridge about the incident",962,1108,True,SOURCE_FACT,EXPLICIT_SOURCE_TEXT,False
EVT-IMCA-0278,IOGP-03,Driving,DERIVED,DERIVED,DERIVED,transport,1151,1160,True,SOURCE_FACT,EXPLICIT_SOURCE_TEXT,False
EVT-IMCA-0278,IOGP-06,Line of fire,EXPLICIT,AMBIGUOUS,AMBIGUOUS,shes De-rusting incident resulting in eye injury Safety Flash IMCA SF 30/21 8 November 2021 Read more Grease itself is a dropped object,2071,2206,True,DERIVED_FACT,AMBIGUOUS_PARTIAL_MATCH,False
EVT-IMCA-0278,IOGP-08,Work authorization,EXPLICIT,SUPPORTED,SUPPORTED,toolbox talk,579,591,True,SOURCE_FACT,EXPLICIT_SOURCE_TEXT,False
EVT-IMCA-0278,IOGP-09,Working at height,EXPLICIT,SUPPORTED,SUPPORTED,ot something in his eye when removing his PPE Safety Flash IMCA SF 08/17 12 April 2017 Read more IOGP Life Saving Rules: Working at height What are these,2284,2437,True,SOURCE_FACT,EXPLICIT_SOURCE_TEXT,False
EVT-IMCA-0279,IOGP-01,Bypassing safety controls,DERIVED,DERIVED,DERIVED,Bypassing,2905,2914,True,SOURCE_FACT,EXPLICIT_SOURCE_TEXT,False
EVT-IMCA-0279,IOGP-07,Safe mechanical lifting,EXPLICIT,SUPPORTED,SUPPORTED,rigging,623,630,True,SOURCE_FACT,EXPLICIT_SOURCE_TEXT,False
EVT-IMCA-0279,IOGP-08,Work authorization,EXPLICIT,DERIVED,DERIVED,risk assessment,1550,1565,True,SOURCE_FACT,EXPLICIT_SOURCE_TEXT,False
EVT-IMCA-0280,IOGP-06,Line of fire,EXPLICIT,SUPPORTED,SUPPORTED,er fell over in bathroom during heavy weather Safety Flash IMCA SF 08/23 27 March 2023 Read more IOGP Life Saving Rules: Line of fire Work authorisation What are these,2730,2897,True,SOURCE_FACT,EXPLICIT_SOURCE_TEXT,False
EVT-IMCA-0280,IOGP-07,Safe mechanical lifting,EXPLICIT,SUPPORTED,SUPPORTED,lash Published on 27 February 2024 Generated on 14 September 2026 IMCA SF 05/24 3 minute read A weathertight door in the crane pedestal from the main deck to the crane room was forced open by a large wave,67,271,True,SOURCE_FACT,EXPLICIT_SOURCE_TEXT,False
EVT-IMCA-0281,IOGP-03,Driving,NONE,DERIVED,DERIVED,collision,908,917,True,SOURCE_FACT,EXPLICIT_SOURCE_TEXT,False
EVT-IMCA-0281,IOGP-08,Work authorization,EXPLICIT,DERIVED,DERIVED,risk assessment,1249,1264,True,SOURCE_FACT,EXPLICIT_SOURCE_TEXT,False
EVT-IMCA-0281,IOGP-09,Working at height,EXPLICIT,DERIVED,DERIVED,Crew Transfer Vessel (CTV) hit protruding scaffolding on a supply vessel Safety Flash Published on 27 February 2024 Generated on 14 September 2026 IMCA SF 05/24 2 minute read,0,174,True,SOURCE_FACT,EXPLICIT_SOURCE_TEXT,False
EVT-IMCA-0282,IOGP-06,Line of fire,EXPLICIT,SUPPORTED,SUPPORTED,line of fire,976,988,True,SOURCE_FACT,EXPLICIT_SOURCE_TEXT,False
EVT-IMCA-0282,IOGP-07,Safe mechanical lifting,EXPLICIT,AMBIGUOUS,AMBIGUOUS,ds to severe injuries Safety Flash IMCA SF 20/23 15 August 2023 Read more LTI: Finger crushed while moving mobile gantry crane Safety Flash IMCA SF 05/23 16 February 2023 Read more IOGP Life Saving Rules: Line of fire What are these,2208,2440,True,DERIVED_FACT,AMBIGUOUS_PARTIAL_MATCH,False
EVT-IMCA-0282,IOGP-08,Work authorization,EXPLICIT,DERIVED,DERIVED,Risk Assessment,1079,1094,True,SOURCE_FACT,EXPLICIT_SOURCE_TEXT,False
EVT-IMCA-0283,IOGP-07,Safe mechanical lifting,EXPLICIT,AMBIGUOUS,AMBIGUOUS,The UK Health & Safety Executive (HSE) has fined an offshore drilling company after the catastrophic collapse of a crane boom,0,125,True,DERIVED_FACT,AMBIGUOUS_PARTIAL_MATCH,False
EVT-IMCA-0284,IOGP-02,Confined space,EXPLICIT,AMBIGUOUS,AMBIGUOUS,Personnel observed accessing a confined space in which welding was taking place,0,79,True,DERIVED_FACT,AMBIGUOUS_PARTIAL_MATCH,False
EVT-IMCA-0284,IOGP-05,Hot work,EXPLICIT,AMBIGUOUS,AMBIGUOUS,Personnel observed accessing a confined space in which welding was taking place,0,79,True,DERIVED_FACT,AMBIGUOUS_PARTIAL_MATCH,False
EVT-IMCA-0285,IOGP-01,Bypassing safety controls,DERIVED,SUPPORTED,SUPPORTED,Smoke from hot work task enters confined space Safety Flash IMCA SF 10/21 8 April 2021 Read more IOGP Life Saving Rules: Bypassing safety controls Working at height Confined space Work authorisation What are these,2375,2588,True,SOURCE_FACT,EXPLICIT_SOURCE_TEXT,False
EVT-IMCA-0285,IOGP-02,Confined space,EXPLICIT,SUPPORTED,SUPPORTED,Hot work whilst working at height in a confined space &#x2013,0,61,True,SOURCE_FACT,EXPLICIT_SOURCE_TEXT,False
EVT-IMCA-0285,IOGP-05,Hot work,EXPLICIT,SUPPORTED,SUPPORTED,Hot work whilst working at height in a confined space &#x2013,0,61,True,SOURCE_FACT,EXPLICIT_SOURCE_TEXT,False
EVT-IMCA-0285,IOGP-08,Work authorization,EXPLICIT,SUPPORTED,SUPPORTED,Permit to Work,1119,1133,True,SOURCE_FACT,EXPLICIT_SOURCE_TEXT,False
EVT-IMCA-0285,IOGP-09,Working at height,EXPLICIT,SUPPORTED,SUPPORTED,Hot work whilst working at height in a confined space &#x2013,0,61,True,SOURCE_FACT,EXPLICIT_SOURCE_TEXT,False
EVT-IMCA-0286,IOGP-02,Confined space,EXPLICIT,SUPPORTED,SUPPORTED,US BSEE: Confined space entry &#x2013,0,37,True,SOURCE_FACT,EXPLICIT_SOURCE_TEXT,False
EVT-IMCA-0286,IOGP-08,Work authorization,EXPLICIT,SUPPORTED,SUPPORTED,Permit to Work,2417,2431,True,SOURCE_FACT,EXPLICIT_SOURCE_TEXT,False
EVT-IMCA-0288,IOGP-03,Driving,DERIVED,SUPPORTED,SUPPORTED,"m to transfer crew onto it, when there was a failure of control of the port inner main engine, causing it to continue to drive the vessel forward",374,519,True,SOURCE_FACT,EXPLICIT_SOURCE_TEXT,False
EVT-IMCA-0289,IOGP-07,Safe mechanical lifting,EXPLICIT,AMBIGUOUS,AMBIGUOUS,hoisting,1626,1634,True,DERIVED_FACT,AMBIGUOUS_PARTIAL_MATCH,False
EVT-IMCA-0290,IOGP-01,Bypassing safety controls,EXPLICIT,SUPPORTED,SUPPORTED,ar miss: Vessel approach to wind turbine tower Safety Flash IMCA SF 10/21 8 April 2021 Read more IOGP Life Saving Rules: Bypassing safety controls What are these,2817,2978,True,SOURCE_FACT,EXPLICIT_SOURCE_TEXT,False
EVT-IMCA-0290,IOGP-03,Driving,DERIVED,DERIVED,DERIVED,collision,2612,2621,True,SOURCE_FACT,EXPLICIT_SOURCE_TEXT,False
EVT-IMCA-0290,IOGP-06,Line of fire,EXPLICIT,SUPPORTED,SUPPORTED,line of fire,2747,2759,True,SOURCE_FACT,EXPLICIT_SOURCE_TEXT,False
EVT-IMCA-0290,IOGP-08,Work authorization,NONE,DERIVED,DERIVED,toolbox talk,1955,1967,True,SOURCE_FACT,EXPLICIT_SOURCE_TEXT,False
EVT-IMCA-0291,IOGP-01,Bypassing safety controls,NONE,DERIVED,DERIVED,Bridge,2437,2443,True,SOURCE_FACT,EXPLICIT_SOURCE_TEXT,False
EVT-IMCA-0291,IOGP-07,Safe mechanical lifting,EXPLICIT,DERIVED,DERIVED,"ustainability Greenhouse Gases Health, Safety & Security HSS Security Legal, Contracts, Insurance & Compliance Lifting & Rigging Marine Policy & Regulatory Affairs People Competence & Training Next Generation Network Steering Group Divisional Diving",350,599,True,SOURCE_FACT,EXPLICIT_SOURCE_TEXT,False
EVT-IMCA-0291,IOGP-08,Work authorization,NONE,DERIVED,DERIVED,Toolbox talk,2356,2368,True,SOURCE_FACT,EXPLICIT_SOURCE_TEXT,False
EVT-IMCA-0292,IOGP-07,Safe mechanical lifting,EXPLICIT,DERIVED,DERIVED,"ustainability Greenhouse Gases Health, Safety & Security HSS Security Legal, Contracts, Insurance & Compliance Lifting & Rigging Marine Policy & Regulatory Affairs People Competence & Training Next Generation Network Steering Group Divisional Diving",342,591,True,SOURCE_FACT,EXPLICIT_SOURCE_TEXT,False
EVT-IMCA-0292,IOGP-09,Working at height,EXPLICIT,SUPPORTED,SUPPORTED,per use of fall-arrest equipment leads to fall Safety Flash IMCA SF 02/10 8 April 2010 Read more IOGP Life Saving Rules: Working at height What are these,3567,3720,True,SOURCE_FACT,EXPLICIT_SOURCE_TEXT,False
EVT-IMCA-0293,IOGP-06,Line of fire,EXPLICIT,SUPPORTED,SUPPORTED,Line of fire,4913,4925,True,SOURCE_FACT,EXPLICIT_SOURCE_TEXT,False
EVT-IMCA-0293,IOGP-07,Safe mechanical lifting,EXPLICIT,SUPPORTED,SUPPORTED,crane,3557,3562,True,SOURCE_FACT,EXPLICIT_SOURCE_TEXT,False
EVT-IMCA-0293,IOGP-09,Working at height,NONE,AMBIGUOUS,AMBIGUOUS,falling from,3544,3556,True,DERIVED_FACT,AMBIGUOUS_PARTIAL_MATCH,False
EVT-IMCA-0294,IOGP-01,Bypassing safety controls,NONE,DERIVED,DERIVED,bridge,2103,2109,True,SOURCE_FACT,EXPLICIT_SOURCE_TEXT,False
EVT-IMCA-0294,IOGP-03,Driving,DERIVED,DERIVED,DERIVED,Collision,3845,3854,True,SOURCE_FACT,EXPLICIT_SOURCE_TEXT,False
EVT-IMCA-0294,IOGP-05,Hot work,EXPLICIT,UNSUPPORTED,UNSUPPORTED,NONE,-1,-1,False,UNGROUNDED,UNGROUNDED,False
EVT-IMCA-0294,IOGP-06,Line of fire,EXPLICIT,AMBIGUOUS,AMBIGUOUS,dropped object,3358,3372,True,DERIVED_FACT,AMBIGUOUS_PARTIAL_MATCH,False
EVT-IMCA-0294,IOGP-07,Safe mechanical lifting,EXPLICIT,SUPPORTED,SUPPORTED,"ustainability Greenhouse Gases Health, Safety & Security HSS Security Legal, Contracts, Insurance & Compliance Lifting & Rigging Marine Policy & Regulatory Affairs People Competence & Training Next Generation Network Steering Group Divisional Diving",335,584,True,SOURCE_FACT,EXPLICIT_SOURCE_TEXT,False
EVT-IMCA-0295,IOGP-05,Hot work,EXPLICIT,UNSUPPORTED,UNSUPPORTED,NONE,-1,-1,False,UNGROUNDED,UNGROUNDED,False
EVT-IMCA-0295,IOGP-07,Safe mechanical lifting,EXPLICIT,SUPPORTED,SUPPORTED,crane,3259,3264,True,SOURCE_FACT,EXPLICIT_SOURCE_TEXT,False
EVT-IMCA-0295,IOGP-09,Working at height,EXPLICIT,SUPPORTED,SUPPORTED,lt: A fall from a crane ladder leads to an LTI Safety Flash IMCA SF 19/16 12 July 2016 Read more IOGP Life Saving Rules: Working at height What are these,3241,3394,True,SOURCE_FACT,EXPLICIT_SOURCE_TEXT,False
EVT-IMCA-0296,IOGP-03,Driving,EXPLICIT,SUPPORTED,SUPPORTED,truck,1940,1945,True,SOURCE_FACT,EXPLICIT_SOURCE_TEXT,False
EVT-IMCA-0296,IOGP-06,Line of fire,EXPLICIT,DERIVED,DERIVED,Crewman struck and injured by forklift truck Safety Flash IMCA SF 04/17 27 February 2017 Read more Fatality: Crew member struck by forklift during quayside operations Safety Flash IMCA SF 11/16 29 April 2016 Read more Download PDF Safety Flashes Lates,3995,4246,True,SOURCE_FACT,EXPLICIT_SOURCE_TEXT,False
EVT-IMCA-0296,IOGP-07,Safe mechanical lifting,EXPLICIT,SUPPORTED,SUPPORTED,"ustainability Greenhouse Gases Health, Safety & Security HSS Security Legal, Contracts, Insurance & Compliance Lifting & Rigging Marine Policy & Regulatory Affairs People Competence & Training Next Generation Network Steering Group Divisional Diving",359,608,True,SOURCE_FACT,EXPLICIT_SOURCE_TEXT,False
EVT-IMCA-0296,IOGP-08,Work authorization,EXPLICIT,UNSUPPORTED,UNSUPPORTED,NONE,-1,-1,False,UNGROUNDED,UNGROUNDED,False
EVT-IMCA-0297,IOGP-07,Safe mechanical lifting,EXPLICIT,DERIVED,DERIVED,"ustainability Greenhouse Gases Health, Safety & Security HSS Security Legal, Contracts, Insurance & Compliance Lifting & Rigging Marine Policy & Regulatory Affairs People Competence & Training Next Generation Network Steering Group Divisional Diving",327,576,True,SOURCE_FACT,EXPLICIT_SOURCE_TEXT,False
EVT-IMCA-0298,IOGP-04,Energy isolation,EXPLICIT,SUPPORTED,SUPPORTED,isolators,2102,2111,True,SOURCE_FACT,EXPLICIT_SOURCE_TEXT,False
EVT-IMCA-0298,IOGP-05,Hot work,NONE,AMBIGUOUS,AMBIGUOUS,n drained of oil for cleaning and the cause of the fire was found to be residual food scraps saturated with fat that had ignited when the fryers were switched on,2915,3076,True,DERIVED_FACT,AMBIGUOUS_PARTIAL_MATCH,False
EVT-IMCA-0298,IOGP-07,Safe mechanical lifting,EXPLICIT,DERIVED,DERIVED,"ustainability Greenhouse Gases Health, Safety & Security HSS Security Legal, Contracts, Insurance & Compliance Lifting & Rigging Marine Policy & Regulatory Affairs People Competence & Training Next Generation Network Steering Group Divisional Diving",321,570,True,SOURCE_FACT,EXPLICIT_SOURCE_TEXT,False
EVT-IMCA-0299,IOGP-06,Line of fire,EXPLICIT,SUPPORTED,SUPPORTED,ell re-claim failure resulting in minor injury Safety Flash IMCA SF 13/14 17 July 2014 Read more IOGP Life Saving Rules: Line of fire What are these,3640,3788,True,SOURCE_FACT,EXPLICIT_SOURCE_TEXT,False
EVT-IMCA-0299,IOGP-07,Safe mechanical lifting,EXPLICIT,DERIVED,DERIVED,"ustainability Greenhouse Gases Health, Safety & Security HSS Security Legal, Contracts, Insurance & Compliance Lifting & Rigging Marine Policy & Regulatory Affairs People Competence & Training Next Generation Network Steering Group Divisional Diving",332,581,True,SOURCE_FACT,EXPLICIT_SOURCE_TEXT,False
EVT-IMCA-0299,IOGP-08,Work authorization,EXPLICIT,DERIVED,DERIVED,risk assessment,2987,3002,True,SOURCE_FACT,EXPLICIT_SOURCE_TEXT,False
EVT-IMCA-0300,IOGP-01,Bypassing safety controls,NONE,DERIVED,DERIVED,bridge,1818,1824,True,SOURCE_FACT,EXPLICIT_SOURCE_TEXT,False
EVT-IMCA-0300,IOGP-07,Safe mechanical lifting,EXPLICIT,DERIVED,DERIVED,"ustainability Greenhouse Gases Health, Safety & Security HSS Security Legal, Contracts, Insurance & Compliance Lifting & Rigging Marine Policy & Regulatory Affairs People Competence & Training Next Generation Network Steering Group Divisional Diving",333,582,True,SOURCE_FACT,EXPLICIT_SOURCE_TEXT,False
EVT-IMCA-0302,IOGP-07,Safe mechanical lifting,EXPLICIT,AMBIGUOUS,AMBIGUOUS,Motorman observed the hoist’s chain with hook to have “paid out” fully and created a dangerous condition near to main engine,0,124,True,DERIVED_FACT,AMBIGUOUS_PARTIAL_MATCH,False
EVT-IMCA-0304,IOGP-04,Energy isolation,NONE,AMBIGUOUS,AMBIGUOUS,"On a vessel in dry dock, a crane, which had been isolated for many days for work to be conducted by a third party, was used by crew unaware that the crane was out of use for main",0,178,True,DERIVED_FACT,AMBIGUOUS_PARTIAL_MATCH,False
EVT-IMCA-0304,IOGP-07,Safe mechanical lifting,EXPLICIT,AMBIGUOUS,AMBIGUOUS,"On a vessel in dry dock, a crane, which had been isolated for many days for work to be conducted by a third party, was used by crew unaware that the cran",0,153,True,DERIVED_FACT,AMBIGUOUS_PARTIAL_MATCH,False
EVT-IMCA-0306,IOGP-07,Safe mechanical lifting,EXPLICIT,AMBIGUOUS,AMBIGUOUS,"A crew member got his finger trapped in a hinged fall protection bar on a crane pedestal platform, causing serious injury",0,121,True,DERIVED_FACT,AMBIGUOUS_PARTIAL_MATCH,False
EVT-IMCA-0306,IOGP-09,Working at height,NONE,AMBIGUOUS,AMBIGUOUS,"A crew member got his finger trapped in a hinged fall protection bar on a crane pedestal platform, causing serious injury",0,121,True,DERIVED_FACT,AMBIGUOUS_PARTIAL_MATCH,False
EVT-IMCA-0308,IOGP-06,Line of fire,EXPLICIT,SUPPORTED,SUPPORTED,A member of the deck crew put themselves in the line of fire during landing of a structure on the back deck of a vessel,0,119,True,SOURCE_FACT,EXPLICIT_SOURCE_TEXT,False
EVT-IMCA-0312,IOGP-07,Safe mechanical lifting,EXPLICIT,UNSUPPORTED,UNSUPPORTED,NONE,-1,-1,False,UNGROUNDED,UNGROUNDED,False
EVT-IMCA-0314,IOGP-02,Confined space,EXPLICIT,SUPPORTED,SUPPORTED,This Safety Flash briefly summarises a recent case report on confined space fatalities on board an oil rig during work involving gas sampling/monitoring inside the “spud cans” of the rig,0,186,True,SOURCE_FACT,EXPLICIT_SOURCE_TEXT,False
EVT-IMCA-0318,IOGP-05,Hot work,EXPLICIT,SUPPORTED,SUPPORTED,Hot work was being conducted in close proximity to a fuel transfer operation,0,76,True,SOURCE_FACT,EXPLICIT_SOURCE_TEXT,False
EVT-IMCA-0319,IOGP-03,Driving,EXPLICIT,AMBIGUOUS,AMBIGUOUS,Vehicle drifted onto hard shoulder and crashed into the back of a stationary police vehicle,0,91,True,DERIVED_FACT,AMBIGUOUS_PARTIAL_MATCH,False
EVT-IMCA-0321,IOGP-07,Safe mechanical lifting,EXPLICIT,SUPPORTED,SUPPORTED,"During a rescue from height /evacuation drill within the top of the main crane pedestal, a Paraguard stretcher (12 kg) slipped out from the dummy and fell approx",0,161,True,SOURCE_FACT,EXPLICIT_SOURCE_TEXT,False
EVT-IMCA-0322,IOGP-07,Safe mechanical lifting,EXPLICIT,AMBIGUOUS,AMBIGUOUS,"During a vessel transit, a crew member discovered that one of the three Crane Whip Line Block Catcher Limit Switches (3",0,119,True,DERIVED_FACT,AMBIGUOUS_PARTIAL_MATCH,False
EVT-IMCA-0326,IOGP-05,Hot work,EXPLICIT,UNSUPPORTED,UNSUPPORTED,NONE,-1,-1,False,UNGROUNDED,UNGROUNDED,False
EVT-IMCA-0326,IOGP-07,Safe mechanical lifting,EXPLICIT,SUPPORTED,SUPPORTED,"During loading of subsea hatch covers onto a vessel, a member of the rigging crew was struck and badly injured by a 55 Te shackle connected to a steel wire sling and fibre lifting sling, which form",0,197,True,SOURCE_FACT,EXPLICIT_SOURCE_TEXT,False
EVT-IMCA-0327,IOGP-06,Line of fire,EXPLICIT,AMBIGUOUS,AMBIGUOUS,Near miss: Dropped object during lifeboat testing,0,49,True,DERIVED_FACT,AMBIGUOUS_PARTIAL_MATCH,False
EVT-IMCA-0329,IOGP-09,Working at height,EXPLICIT,SUPPORTED,SUPPORTED,"Two workers removed grating panels at height on a horizontal lay system, in order to gain access to lift points for further removal of a lateral wal",0,148,True,SOURCE_FACT,EXPLICIT_SOURCE_TEXT,False
EVT-IMCA-0330,IOGP-09,Working at height,EXPLICIT,SUPPORTED,SUPPORTED,"ng management visits to vessels discovered three separate cases where “bosun’s chairs” or similar support structures for working at height activities related to painting and repair works, had been fabricated by crew from wooden boards and ropes",17,261,True,SOURCE_FACT,EXPLICIT_SOURCE_TEXT,False
EVT-IMCA-0333,IOGP-09,Working at height,EXPLICIT,AMBIGUOUS,AMBIGUOUS,Examples of typical polymer grating systems and detail of various fittings,0,74,True,DERIVED_FACT,AMBIGUOUS_PARTIAL_MATCH,False
EVT-IMCA-0337,IOGP-07,Safe mechanical lifting,EXPLICIT,DERIVED,DERIVED,LTI – fingertip pinched by wire sling,0,37,True,SOURCE_FACT,EXPLICIT_SOURCE_TEXT,False
EVT-IMCA-0339,IOGP-07,Safe mechanical lifting,EXPLICIT,UNSUPPORTED,UNSUPPORTED,NONE,-1,-1,False,UNGROUNDED,UNGROUNDED,False
EVT-IMCA-0340,IOGP-05,Hot work,EXPLICIT,UNSUPPORTED,UNSUPPORTED,NONE,-1,-1,False,UNGROUNDED,UNGROUNDED,False
EVT-IMCA-0340,IOGP-07,Safe mechanical lifting,EXPLICIT,AMBIGUOUS,AMBIGUOUS,th and Safety Executive (HSE) has fined a manufacturer after an employee lost an eye when he was struck in the face by a crane hook,11,142,True,DERIVED_FACT,AMBIGUOUS_PARTIAL_MATCH,False
EVT-IMCA-0341,IOGP-09,Working at height,NONE,AMBIGUOUS,AMBIGUOUS,A rope access technician had a fatal fall from around 8,0,55,True,DERIVED_FACT,AMBIGUOUS_PARTIAL_MATCH,False
EVT-IMCA-0342,IOGP-01,Bypassing safety controls,NONE,AMBIGUOUS,AMBIGUOUS,"A crew member was setting up a pipe cutting machine in a vertical position to cut welding that was done on a jumper for repair, when they suffered a finger injury",0,162,True,DERIVED_FACT,AMBIGUOUS_PARTIAL_MATCH,False
EVT-IMCA-0342,IOGP-05,Hot work,EXPLICIT,AMBIGUOUS,AMBIGUOUS,"A crew member was setting up a pipe cutting machine in a vertical position to cut welding that was done on a jumper for repair, when they suffered a finger injury",0,162,True,DERIVED_FACT,AMBIGUOUS_PARTIAL_MATCH,False
EVT-IMCA-0343,IOGP-07,Safe mechanical lifting,EXPLICIT,AMBIGUOUS,AMBIGUOUS,Lifting operation: A person has been killed during the transfer of pipework between quay and vessel,0,99,True,DERIVED_FACT,AMBIGUOUS_PARTIAL_MATCH,False
EVT-IMCA-0344,IOGP-08,Work authorization,EXPLICIT,DERIVED,DERIVED,"Despite a permit to work being in place for a crew member to work at height on a vessel, the length of fall arrest equipment was found to be grea",0,145,True,SOURCE_FACT,EXPLICIT_SOURCE_TEXT,False
EVT-IMCA-0344,IOGP-09,Working at height,EXPLICIT,UNSUPPORTED,UNSUPPORTED,NONE,-1,-1,False,UNGROUNDED,UNGROUNDED,False
EVT-IMCA-0352,IOGP-06,Line of fire,EXPLICIT,AMBIGUOUS,AMBIGUOUS,"The Marine Safety Forum has published safety alerts on two recent dropped object incidents, both of which have learning value for IMCA Members",0,142,True,DERIVED_FACT,AMBIGUOUS_PARTIAL_MATCH,False
EVT-IMCA-0353,IOGP-07,Safe mechanical lifting,EXPLICIT,AMBIGUOUS,AMBIGUOUS,"While concrete mattresses were being moved using a mattress handling frame and the main crane, the frame began moving close to working divers with no intervention from the crane operator",0,186,True,DERIVED_FACT,AMBIGUOUS_PARTIAL_MATCH,False
EVT-IMCA-0361,IOGP-07,Safe mechanical lifting,EXPLICIT,AMBIGUOUS,AMBIGUOUS,"Crew were removing a hydrogen gland from a generator using a lifting attachment, two chain falls, and an overhead crane",0,119,True,DERIVED_FACT,AMBIGUOUS_PARTIAL_MATCH,False
EVT-IMCA-0362,IOGP-06,Line of fire,EXPLICIT,AMBIGUOUS,AMBIGUOUS,The United States Bureau of Safety and Environmental Enforcement (BSEE) has published Safety Alert 460 relating to a dropped object during lifting operations,0,157,True,DERIVED_FACT,AMBIGUOUS_PARTIAL_MATCH,False
EVT-IMCA-0362,IOGP-07,Safe mechanical lifting,EXPLICIT,UNSUPPORTED,UNSUPPORTED,NONE,-1,-1,False,UNGROUNDED,UNGROUNDED,False
EVT-IMCA-0365,IOGP-07,Safe mechanical lifting,NONE,AMBIGUOUS,AMBIGUOUS,"A Second Engineer went to assist crew members with positioning a pallet of cylinders for a lift operation, but got his right hand trapped below one of the cylinders - the middle finger was pinched and injured",0,208,True,DERIVED_FACT,AMBIGUOUS_PARTIAL_MATCH,False
EVT-IMCA-0366,IOGP-07,Safe mechanical lifting,EXPLICIT,DERIVED,DERIVED,"During a pennant wire spooling operation, a crew member was trying to remove a 35 tonne SWL shackle from the pennant eye, but the shackle landed on his left-hand middle finger causing a crush injury 1",0,200,True,SOURCE_FACT,EXPLICIT_SOURCE_TEXT,False
EVT-IMCA-0373,IOGP-07,Safe mechanical lifting,EXPLICIT,UNSUPPORTED,UNSUPPORTED,NONE,-1,-1,False,UNGROUNDED,UNGROUNDED,False
EVT-IMCA-0376,IOGP-07,Safe mechanical lifting,EXPLICIT,AMBIGUOUS,AMBIGUOUS,"While transferring two personnel to a platform using the vessel crane, the base bumper of the personnel transfer basket came into contact with the helipad netting rail of the platform",0,183,True,DERIVED_FACT,AMBIGUOUS_PARTIAL_MATCH,False
EVT-IMCA-0377,IOGP-07,Safe mechanical lifting,NONE,AMBIGUOUS,AMBIGUOUS,he United States Bureau of Safety and Environmental Enforcement (BSEE) has published Safety Alert 461 relating to recent tagline entanglements which have resulted in several High Potential near misses,1,201,True,DERIVED_FACT,AMBIGUOUS_PARTIAL_MATCH,False
EVT-IMCA-0379,IOGP-07,Safe mechanical lifting,EXPLICIT,SUPPORTED,SUPPORTED,"A gantry crane hoist wire parted causing a load to drop, causing injury and damage to equipment",0,95,True,SOURCE_FACT,EXPLICIT_SOURCE_TEXT,False
EVT-IMCA-0386,IOGP-05,Hot work,DERIVED,UNSUPPORTED,UNSUPPORTED,NONE,-1,-1,False,UNGROUNDED,UNGROUNDED,False
EVT-IMCA-0388,IOGP-06,Line of fire,EXPLICIT,SUPPORTED,SUPPORTED,line of fire,171,183,True,SOURCE_FACT,EXPLICIT_SOURCE_TEXT,False
EVT-IMCA-0393,IOGP-07,Safe mechanical lifting,EXPLICIT,SUPPORTED,SUPPORTED,crane,175,180,True,SOURCE_FACT,EXPLICIT_SOURCE_TEXT,False
EVT-IMCA-0393,IOGP-09,Working at height,NONE,AMBIGUOUS,AMBIGUOUS,"were removed by the deck crew and as the crane raised the rigging, the spreader bar rotated uncontrollably causing it to fall from its supports, with the forward end landing on deck and aft end landing on the spool",134,348,True,DERIVED_FACT,AMBIGUOUS_PARTIAL_MATCH,False
EVT-IMCA-0399,IOGP-09,Working at height,DERIVED,DERIVED,DERIVED,"During work at height, a spanner became disconnected from its DROPS protection lanyard whilst crew were working in an area outside the installed protective netting",0,163,True,SOURCE_FACT,EXPLICIT_SOURCE_TEXT,False
EVT-IMCA-0401,IOGP-06,Line of fire,EXPLICIT,DERIVED,DERIVED,struck by,305,314,True,SOURCE_FACT,EXPLICIT_SOURCE_TEXT,False
EVT-IMCA-0404,IOGP-01,Bypassing safety controls,NONE,DERIVED,DERIVED,A visual alarm on the bridge indicated that a watertight door near one of the engine rooms was open,0,99,True,SOURCE_FACT,EXPLICIT_SOURCE_TEXT,False
EVT-IMCA-0413,IOGP-07,Safe mechanical lifting,EXPLICIT,DERIVED,DERIVED,"During the over-boarding of a spool, a lift bag while being inflated, ascended through the engineered rigging arrangement and was caught by the contingency rigging",0,163,True,SOURCE_FACT,EXPLICIT_SOURCE_TEXT,False
EVT-IMCA-0415,IOGP-05,Hot work,EXPLICIT,AMBIGUOUS,AMBIGUOUS,Abandonment and Recovery (A&R) head was being prepared for welding at the end of offshore pipeline installation operations,0,122,True,DERIVED_FACT,AMBIGUOUS_PARTIAL_MATCH,False
EVT-IMCA-0416,IOGP-06,Line of fire,EXPLICIT,AMBIGUOUS,AMBIGUOUS,tates Bureau of Safety and Environmental Enforcement (BSEE) has published Safety Report 452 relating to a high-potential dropped object incident on a Gulf of Mexico energy facility,12,192,True,DERIVED_FACT,AMBIGUOUS_PARTIAL_MATCH,False
EVT-IMCA-0417,IOGP-05,Hot work,EXPLICIT,SUPPORTED,SUPPORTED,"A member reports several cases of hot work and other activities being conducted by contractors on a vessel hull during dry dock/maintenance activities, in which th",0,163,True,SOURCE_FACT,EXPLICIT_SOURCE_TEXT,False
EVT-IMCA-0420,IOGP-03,Driving,NONE,AMBIGUOUS,AMBIGUOUS,Fire broke out in in a 25bar high flow diesel-driven screw compressor installed on the back deck of a diving support vessel operating within the 500m zone of an offshore pla,0,173,True,DERIVED_FACT,AMBIGUOUS_PARTIAL_MATCH,False
EVT-IMCA-0424,IOGP-06,Line of fire,EXPLICIT,SUPPORTED,SUPPORTED,"While a Yokohama fender was being lifted onboard a vessel in harbour, a crewman came within the line of fire between the fender and bumper bars protecting an electrical services panel",0,183,True,SOURCE_FACT,EXPLICIT_SOURCE_TEXT,False
EVT-IMCA-0426,IOGP-07,Safe mechanical lifting,EXPLICIT,UNSUPPORTED,UNSUPPORTED,NONE,-1,-1,False,UNGROUNDED,UNGROUNDED,False
EVT-IMCA-0427,IOGP-07,Safe mechanical lifting,EXPLICIT,AMBIGUOUS,AMBIGUOUS,"Crane's block and hook were ejected forward until they hit a stair railing, approx",0,82,True,DERIVED_FACT,AMBIGUOUS_PARTIAL_MATCH,False
EVT-IMCA-0428,IOGP-06,Line of fire,EXPLICIT,AMBIGUOUS,AMBIGUOUS,"A member reports two dropped object incidents during a vessel dry-dock, both with serious injury potential",0,106,True,DERIVED_FACT,AMBIGUOUS_PARTIAL_MATCH,False
EVT-IMCA-0429,IOGP-03,Driving,NONE,AMBIGUOUS,AMBIGUOUS,An air supply hose on an air-driven tugger winch snapped out under pressure from the cam lock adapter,0,101,True,DERIVED_FACT,AMBIGUOUS_PARTIAL_MATCH,False
EVT-IMCA-0429,IOGP-07,Safe mechanical lifting,DERIVED,DERIVED,DERIVED,An air supply hose on an air-driven tugger winch snapped out under pressure from the cam lock adapter,0,101,True,SOURCE_FACT,EXPLICIT_SOURCE_TEXT,False
EVT-IMCA-0434,IOGP-05,Hot work,EXPLICIT,SUPPORTED,SUPPORTED,"On a Member’s vessel alongside, a small fire started following hot work conducted by the client’s welding sub-contractors",0,121,True,SOURCE_FACT,EXPLICIT_SOURCE_TEXT,False
EVT-IMCA-0444,IOGP-06,Line of fire,EXPLICIT,SUPPORTED,SUPPORTED,Near miss: load lifted without notice putting crew in the line of fire,0,70,True,SOURCE_FACT,EXPLICIT_SOURCE_TEXT,False
EVT-IMCA-0457,IOGP-03,Driving,NONE,AMBIGUOUS,AMBIGUOUS,Vessel collision with underwater objects in harbour,0,51,True,DERIVED_FACT,AMBIGUOUS_PARTIAL_MATCH,False
EVT-IMCA-0458,IOGP-07,Safe mechanical lifting,EXPLICIT,AMBIGUOUS,AMBIGUOUS,Oil leakage from vessel crane onto quayside,0,43,True,DERIVED_FACT,AMBIGUOUS_PARTIAL_MATCH,False
EVT-IMCA-0460,IOGP-07,Safe mechanical lifting,EXPLICIT,AMBIGUOUS,AMBIGUOUS,Connection failure during lifting operation,0,43,True,DERIVED_FACT,AMBIGUOUS_PARTIAL_MATCH,False
EVT-IMCA-0461,IOGP-07,Safe mechanical lifting,EXPLICIT,UNSUPPORTED,UNSUPPORTED,NONE,-1,-1,False,UNGROUNDED,UNGROUNDED,False
EVT-IMCA-0462,IOGP-07,Safe mechanical lifting,EXPLICIT,AMBIGUOUS,AMBIGUOUS,BSEE: Unsafe crane working practices result in injury,0,53,True,DERIVED_FACT,AMBIGUOUS_PARTIAL_MATCH,False
EVT-IMCA-0466,IOGP-06,Line of fire,EXPLICIT,UNSUPPORTED,UNSUPPORTED,NONE,-1,-1,False,UNGROUNDED,UNGROUNDED,False
EVT-IMCA-0468,IOGP-05,Hot work,EXPLICIT,SUPPORTED,SUPPORTED,BSEE: Poor preparation prior to hot work leads to fires,0,55,True,SOURCE_FACT,EXPLICIT_SOURCE_TEXT,False
EVT-IMCA-0473,IOGP-07,Safe mechanical lifting,EXPLICIT,DERIVED,DERIVED,Failure of slings during loading operations,0,43,True,SOURCE_FACT,EXPLICIT_SOURCE_TEXT,False
EVT-IMCA-0474,IOGP-07,Safe mechanical lifting,EXPLICIT,DERIVED,DERIVED,BSEE: Stored Energy in Slings Causes Multiple Injuries,0,54,True,SOURCE_FACT,EXPLICIT_SOURCE_TEXT,False
EVT-IMCA-0475,IOGP-07,Safe mechanical lifting,EXPLICIT,AMBIGUOUS,AMBIGUOUS,Damage to chain hoist subsea,0,28,True,DERIVED_FACT,AMBIGUOUS_PARTIAL_MATCH,False
EVT-IMCA-0481,IOGP-06,Line of fire,DERIVED,UNSUPPORTED,UNSUPPORTED,NONE,-1,-1,False,UNGROUNDED,UNGROUNDED,False
EVT-IMCA-0492,IOGP-04,Energy isolation,NONE,AMBIGUOUS,AMBIGUOUS,"During an inspection, it was discovered that the heaters were still live and energized",0,86,True,DERIVED_FACT,AMBIGUOUS_PARTIAL_MATCH,False
EVT-IMCA-0498,IOGP-03,Driving,EXPLICIT,AMBIGUOUS,AMBIGUOUS,"A member reports two serious vehicle incidents, in Brazil and in the Netherlands, which resulted in only minor injuries but could have had much worse outcome",0,157,True,DERIVED_FACT,AMBIGUOUS_PARTIAL_MATCH,False
EVT-IMCA-0501,IOGP-07,Safe mechanical lifting,EXPLICIT,AMBIGUOUS,AMBIGUOUS,"Chinese Finger broke, resulting in the auxiliary hoist wire falling down into the cargo hold",0,92,True,DERIVED_FACT,AMBIGUOUS_PARTIAL_MATCH,False
EVT-IMCA-0505,IOGP-07,Safe mechanical lifting,DERIVED,DERIVED,DERIVED,IOGP has published Safety Alert #336 relating to a squeezed hand due to the unintentional activation of a winch,0,111,True,SOURCE_FACT,EXPLICIT_SOURCE_TEXT,False
EVT-IMCA-0509,IOGP-06,Line of fire,EXPLICIT,DERIVED,DERIVED,A person was seriously injured when he was struck by the end of a 58mm anchor wire,0,82,True,SOURCE_FACT,EXPLICIT_SOURCE_TEXT,False
EVT-IMCA-0510,IOGP-07,Safe mechanical lifting,EXPLICIT,AMBIGUOUS,AMBIGUOUS,"During a lifting operation, mattresses hit the port side bulwarks causing damage",0,80,True,DERIVED_FACT,AMBIGUOUS_PARTIAL_MATCH,False
EVT-IMCA-0516,IOGP-07,Safe mechanical lifting,EXPLICIT,UNSUPPORTED,UNSUPPORTED,NONE,-1,-1,False,UNGROUNDED,UNGROUNDED,False
EVT-IMCA-0518,IOGP-05,Hot work,DERIVED,DERIVED,DERIVED,rthcoming dive a GR29 underwater grinder was requested to be set up by the topside technician to be used for left-handed cutting to assist in gaining access to the cut,23,190,True,SOURCE_FACT,EXPLICIT_SOURCE_TEXT,False
EVT-IMCA-0522,IOGP-03,Driving,DERIVED,DERIVED,DERIVED,12/22 Explosion – hot work in a flammable atmosphere (Transport Malta),0,70,True,SOURCE_FACT,EXPLICIT_SOURCE_TEXT,False
EVT-IMCA-0522,IOGP-05,Hot work,EXPLICIT,SUPPORTED,SUPPORTED,12/22 Explosion – hot work in a flammable atmosphere (Transport Malta),0,70,True,SOURCE_FACT,EXPLICIT_SOURCE_TEXT,False
EVT-IMCA-0524,IOGP-06,Line of fire,EXPLICIT,AMBIGUOUS,AMBIGUOUS,IOGP have released Safety Alert 334 relating to a dropped object incident during drilling operations on a Jack-up Mobile Offshore Drilling Unit,0,143,True,DERIVED_FACT,AMBIGUOUS_PARTIAL_MATCH,False
EVT-IMCA-0527,IOGP-07,Safe mechanical lifting,EXPLICIT,DERIVED,DERIVED,11/22 Riggers injured while disconnecting rigging,0,49,True,SOURCE_FACT,EXPLICIT_SOURCE_TEXT,False
EVT-IMCA-0532,IOGP-07,Safe mechanical lifting,EXPLICIT,AMBIGUOUS,AMBIGUOUS,"During demobilization lifting operations, a rigger’s right ring finger was crushed between the crane hook and a lifting eye",0,123,True,DERIVED_FACT,AMBIGUOUS_PARTIAL_MATCH,False
EVT-IMCA-0540,IOGP-07,Safe mechanical lifting,EXPLICIT,AMBIGUOUS,AMBIGUOUS,er an electrician died in a fall of approximately eight metres when an access panel on the raised walkway of an overhead crane gave way beneath him,69,216,True,DERIVED_FACT,AMBIGUOUS_PARTIAL_MATCH,False
EVT-IMCA-0543,IOGP-05,Hot work,EXPLICIT,SUPPORTED,SUPPORTED,ent American P&I Club “Good Catch” safety briefing series has published a briefing on a fire that started as a result of hot work,10,139,True,SOURCE_FACT,EXPLICIT_SOURCE_TEXT,False
EVT-IMCA-0550,IOGP-03,Driving,NONE,AMBIGUOUS,AMBIGUOUS,The Marine Safety Forum (MSF) has published Safety Alert 22-02 relating to a collision between a standby vessel and an offshore installation,0,140,True,DERIVED_FACT,AMBIGUOUS_PARTIAL_MATCH,False
EVT-IMCA-0552,IOGP-09,Working at height,EXPLICIT,SUPPORTED,SUPPORTED,A sailor was killed in a fall from collapsing scaffolding,0,57,True,SOURCE_FACT,EXPLICIT_SOURCE_TEXT,False
EVT-IMCA-0557,IOGP-04,Energy isolation,DERIVED,UNSUPPORTED,UNSUPPORTED,NONE,-1,-1,False,UNGROUNDED,UNGROUNDED,False
EVT-IMCA-0557,IOGP-08,Work authorization,DERIVED,UNSUPPORTED,UNSUPPORTED,NONE,-1,-1,False,UNGROUNDED,UNGROUNDED,False
EVT-IMCA-0558,IOGP-01,Bypassing safety controls,NONE,AMBIGUOUS,AMBIGUOUS,The Marine Safety Forum published Safety Alert 21-18 relating to an incident where someone fell from the bridge deck to the deck below,0,134,True,DERIVED_FACT,AMBIGUOUS_PARTIAL_MATCH,False
EVT-IMCA-0563,IOGP-07,Safe mechanical lifting,EXPLICIT,AMBIGUOUS,AMBIGUOUS,"and Safety Executive) have published an alert relating to two incidents that occurred offshore, involving the failure of crane boom hoist ropes, resulting in the crane booms falling onto the deck below",19,220,True,DERIVED_FACT,AMBIGUOUS_PARTIAL_MATCH,False
EVT-IMCA-0566,IOGP-03,Driving,EXPLICIT,DERIVED,DERIVED,The National Transportation Safety Board of the United States (NTSB) has published a report into a fire aboard a vehicle carrier,0,128,True,SOURCE_FACT,EXPLICIT_SOURCE_TEXT,False
EVT-IMCA-0567,IOGP-07,Safe mechanical lifting,EXPLICIT,UNSUPPORTED,UNSUPPORTED,NONE,-1,-1,False,UNGROUNDED,UNGROUNDED,False
EVT-IMCA-0568,IOGP-01,Bypassing safety controls,NONE,AMBIGUOUS,AMBIGUOUS,A subsea asset’s actual jumper configuration differed from the data received from the client,0,92,True,DERIVED_FACT,AMBIGUOUS_PARTIAL_MATCH,False
EVT-IMCA-0579,IOGP-05,Hot work,EXPLICIT,AMBIGUOUS,AMBIGUOUS,d Safety Executive (HSE) has prosecuted an engineering company after an employee sustained life-changing injuries whilst welding an industrial steel fabrication,16,176,True,DERIVED_FACT,AMBIGUOUS_PARTIAL_MATCH,False
EVT-IMCA-0587,IOGP-05,Hot work,DERIVED,DERIVED,DERIVED,A member of the crew was badly injured whilst cutting a piece of wood using an angle grinder fitted with a cutting blade,0,120,True,SOURCE_FACT,EXPLICIT_SOURCE_TEXT,False
EVT-IMCA-0588,IOGP-06,Line of fire,EXPLICIT,DERIVED,DERIVED,h and Safety Executive (HSE) has prosecuted a shipbuilding and repair company after an employee was fatally injured when struck by a 10m steel post,12,159,True,SOURCE_FACT,EXPLICIT_SOURCE_TEXT,False
EVT-IMCA-0592,IOGP-06,Line of fire,EXPLICIT,AMBIGUOUS,AMBIGUOUS,Dropped object: Dislodged flex-joint laydown tool component,0,59,True,DERIVED_FACT,AMBIGUOUS_PARTIAL_MATCH,False
EVT-IMCA-0599,IOGP-07,Safe mechanical lifting,EXPLICIT,SUPPORTED,SUPPORTED,"and ballast chain from the main anchor handling winch over the stern roller, there was a failure in the chain link / 35t shackle",41,169,True,SOURCE_FACT,EXPLICIT_SOURCE_TEXT,False
EVT-IMCA-0600,IOGP-06,Line of fire,EXPLICIT,AMBIGUOUS,AMBIGUOUS,The Marine Safety Forum (MSF) has published Safety Alert 21-14 relating to a dropped object during cargo discharge operations,0,125,True,DERIVED_FACT,AMBIGUOUS_PARTIAL_MATCH,False
EVT-IMCA-0615,IOGP-09,Working at height,DERIVED,UNSUPPORTED,UNSUPPORTED,NONE,-1,-1,False,UNGROUNDED,UNGROUNDED,False
EVT-IMCA-0617,IOGP-07,Safe mechanical lifting,EXPLICIT,AMBIGUOUS,AMBIGUOUS,"ne Accident Investigation Branch) has published Report 12/2021 into a fatal crush accident which occurred while a gantry crane was moving a hatch cover, on board the general cargo vessel Cimbris, at Antwerp, Belgium, on 14 July 2020",17,249,True,DERIVED_FACT,AMBIGUOUS_PARTIAL_MATCH,False
EVT-IMCA-0618,IOGP-07,Safe mechanical lifting,EXPLICIT,AMBIGUOUS,AMBIGUOUS,9 relating to how two crew members on a general cargo ship were injured when a suspended load fell and struck them,57,171,True,DERIVED_FACT,AMBIGUOUS_PARTIAL_MATCH,False
EVT-IMCA-0620,IOGP-03,Driving,DERIVED,DERIVED,DERIVED,National Transportation Safety Board of the United States (NTSB) has published Marine Accident Brief 21/16 relating to a collision on the Mississippi river in January 2020,4,175,True,SOURCE_FACT,EXPLICIT_SOURCE_TEXT,False
EVT-IMCA-0627,IOGP-06,Line of fire,EXPLICIT,SUPPORTED,SUPPORTED,"A wind turbine started yawing, placing an approaching vessel in the line of fire",0,80,True,SOURCE_FACT,EXPLICIT_SOURCE_TEXT,False
EVT-IMCA-0628,IOGP-07,Safe mechanical lifting,EXPLICIT,UNSUPPORTED,UNSUPPORTED,NONE,-1,-1,False,UNGROUNDED,UNGROUNDED,False
EVT-IMCA-0636,IOGP-06,Line of fire,EXPLICIT,SUPPORTED,SUPPORTED,"A wind turbine started yawing, placing an approaching vessel in the line of fire",0,80,True,SOURCE_FACT,EXPLICIT_SOURCE_TEXT,False
EVT-IMCA-0637,IOGP-07,Safe mechanical lifting,EXPLICIT,AMBIGUOUS,AMBIGUOUS,"While being lifted off a vessel, a cherry picker (a movable hydraulic crane with a railed platform used to raise or lower personnel) tipped over, causing minor damage to the vessel bulwark",0,188,True,DERIVED_FACT,AMBIGUOUS_PARTIAL_MATCH,False
EVT-IMCA-0639,IOGP-07,Safe mechanical lifting,EXPLICIT,AMBIGUOUS,AMBIGUOUS,d Safety Alert #73 relating to an incident on an offshore facility where members of the workforce were impacted during a lifting operation,113,251,True,DERIVED_FACT,AMBIGUOUS_PARTIAL_MATCH,False
EVT-IMCA-0640,IOGP-06,Line of fire,EXPLICIT,AMBIGUOUS,AMBIGUOUS,"A crane made contact with a pipelay tower handrail during a routine lifting operation, resulting in a serious dropped object event",0,130,True,DERIVED_FACT,AMBIGUOUS_PARTIAL_MATCH,False
EVT-IMCA-0640,IOGP-07,Safe mechanical lifting,EXPLICIT,AMBIGUOUS,AMBIGUOUS,"A crane made contact with a pipelay tower handrail during a routine lifting operation, resulting in a serious dropped object eve",0,128,True,DERIVED_FACT,AMBIGUOUS_PARTIAL_MATCH,False
EVT-IMCA-0641,IOGP-07,Safe mechanical lifting,EXPLICIT,AMBIGUOUS,AMBIGUOUS,"During a jacket lifting operation, as the crane was slewing, the jacket started rotating",0,88,True,DERIVED_FACT,AMBIGUOUS_PARTIAL_MATCH,False
EVT-IMCA-0642,IOGP-07,Safe mechanical lifting,EXPLICIT,DERIVED,DERIVED,slings,343,349,True,SOURCE_FACT,EXPLICIT_SOURCE_TEXT,False
EVT-IMCA-0643,IOGP-07,Safe mechanical lifting,EXPLICIT,DERIVED,DERIVED,slings,343,349,True,SOURCE_FACT,EXPLICIT_SOURCE_TEXT,False
EVT-IMCA-0644,IOGP-04,Energy isolation,NONE,AMBIGUOUS,AMBIGUOUS,"alth & Safety Executive (HSE) has prosecuted an oil company after it failed to provide written safety procedures for the depressurisation of an oil well, which led to the release of more than 1000 kg of hydrocarbon gas at the Beryl Alpha production installat",9,267,True,DERIVED_FACT,AMBIGUOUS_PARTIAL_MATCH,False
EVT-IMCA-0645,IOGP-09,Working at height,EXPLICIT,DERIVED,DERIVED,harness,138,145,True,SOURCE_FACT,EXPLICIT_SOURCE_TEXT,False
EVT-IMCA-0651,IOGP-05,Hot work,EXPLICIT,DERIVED,DERIVED,sparks,85,91,True,SOURCE_FACT,EXPLICIT_SOURCE_TEXT,False
EVT-IMCA-0654,IOGP-02,Confined space,DERIVED,DERIVED,DERIVED,"ingapore (WSH) reported in Accident Notification of 24 May 2021, that two workers had passed out and died in a dredger’s ballast tank",44,177,True,SOURCE_FACT,EXPLICIT_SOURCE_TEXT,False
EVT-IMCA-0662,IOGP-07,Safe mechanical lifting,EXPLICIT,UNSUPPORTED,UNSUPPORTED,NONE,-1,-1,False,UNGROUNDED,UNGROUNDED,False
EVT-IMCA-0665,IOGP-06,Line of fire,EXPLICIT,AMBIGUOUS,AMBIGUOUS,The Marine Safety Forum (MSF) has published Safety Alert 21-08 relating to a potential dropped object which was found during lifting operations between a vessel and a platform,0,175,True,DERIVED_FACT,AMBIGUOUS_PARTIAL_MATCH,False
EVT-IMCA-0665,IOGP-07,Safe mechanical lifting,EXPLICIT,UNSUPPORTED,UNSUPPORTED,NONE,-1,-1,False,UNGROUNDED,UNGROUNDED,False
EVT-IMCA-0666,IOGP-03,Driving,EXPLICIT,AMBIGUOUS,AMBIGUOUS,During offshore installation activities a Remotely Operated Vehicle (ROV) and Tether Management System (TMS) recovered to deck was observed to have a TMS door missing,0,166,True,DERIVED_FACT,AMBIGUOUS_PARTIAL_MATCH,False
EVT-IMCA-0674,IOGP-03,Driving,EXPLICIT,SUPPORTED,SUPPORTED,alth and Safety Executive (HSE) fined a port following an incident in which an employee was seriously injured by a clamp truck,9,135,True,SOURCE_FACT,EXPLICIT_SOURCE_TEXT,False
EVT-IMCA-0676,IOGP-05,Hot work,EXPLICIT,SUPPORTED,SUPPORTED,The UK Health and Safety Executive (HSE) prosecuted a company after a worker was killed when an oil drum exploded during hot work,0,129,True,SOURCE_FACT,EXPLICIT_SOURCE_TEXT,False
EVT-IMCA-0677,IOGP-07,Safe mechanical lifting,EXPLICIT,AMBIGUOUS,AMBIGUOUS,"A floodlight weighing about 6 kg was found on the deck, near to the scaffolding storage area, underneath the main crane boom rest",0,129,True,DERIVED_FACT,AMBIGUOUS_PARTIAL_MATCH,False
EVT-IMCA-0677,IOGP-09,Working at height,EXPLICIT,DERIVED,DERIVED,"A floodlight weighing about 6 kg was found on the deck, near to the scaffolding storage area, underneath the main crane boom rest",0,129,True,SOURCE_FACT,EXPLICIT_SOURCE_TEXT,False
EVT-IMCA-0679,IOGP-08,Work authorization,EXPLICIT,UNSUPPORTED,UNSUPPORTED,NONE,-1,-1,False,UNGROUNDED,UNGROUNDED,False
EVT-IMCA-0680,IOGP-02,Confined space,EXPLICIT,DERIVED,DERIVED,enclosed space,134,148,True,SOURCE_FACT,EXPLICIT_SOURCE_TEXT,False
EVT-IMCA-0681,IOGP-02,Confined space,EXPLICIT,DERIVED,DERIVED,enclosed space,134,148,True,SOURCE_FACT,EXPLICIT_SOURCE_TEXT,False
EVT-IMCA-0684,IOGP-06,Line of fire,DERIVED,UNSUPPORTED,UNSUPPORTED,NONE,-1,-1,False,UNGROUNDED,UNGROUNDED,False
EVT-IMCA-0684,IOGP-07,Safe mechanical lifting,DERIVED,DERIVED,DERIVED,cident occurred when he was using the hammer to remove a stainless steel securing pin on the brake band drum of a tugger winch,89,215,True,SOURCE_FACT,EXPLICIT_SOURCE_TEXT,False
EVT-IMCA-0693,IOGP-09,Working at height,DERIVED,AMBIGUOUS,AMBIGUOUS,ited States’ Bureau of Safety and Environmental Enforcement (BSEE) has published BSEE Panel Report 2021-001 into a fatal fall from a platform in the Gulf of Mexico in 2019,6,177,True,DERIVED_FACT,AMBIGUOUS_PARTIAL_MATCH,False
EVT-IMCA-0698,IOGP-07,Safe mechanical lifting,EXPLICIT,AMBIGUOUS,AMBIGUOUS,Two sub-contracted crane technicians were mobilised to the vessel to inspect the pipelay system 15Te crane before a load and rock test of the cra,0,145,True,DERIVED_FACT,AMBIGUOUS_PARTIAL_MATCH,False
EVT-IMCA-0699,IOGP-05,Hot work,EXPLICIT,AMBIGUOUS,AMBIGUOUS,welding,122,129,True,DERIVED_FACT,AMBIGUOUS_PARTIAL_MATCH,False
EVT-IMCA-0700,IOGP-02,Confined space,EXPLICIT,SUPPORTED,SUPPORTED,"A portable fan providing fresh air to a tank cleaning operation (requiring confined space entry permit), began drawing in smoke from an oxy-propane cutting operation nearby",0,172,True,SOURCE_FACT,EXPLICIT_SOURCE_TEXT,False
EVT-IMCA-0700,IOGP-05,Hot work,DERIVED,AMBIGUOUS,AMBIGUOUS,"esh air to a tank cleaning operation (requiring confined space entry permit), began drawing in smoke from an oxy-propane cutting operation nearby",27,172,True,DERIVED_FACT,AMBIGUOUS_PARTIAL_MATCH,False
EVT-IMCA-0700,IOGP-08,Work authorization,DERIVED,UNSUPPORTED,UNSUPPORTED,NONE,-1,-1,False,UNGROUNDED,UNGROUNDED,False
EVT-IMCA-0701,IOGP-07,Safe mechanical lifting,EXPLICIT,AMBIGUOUS,AMBIGUOUS,A crew member was seriously injured while pipe bundles were being lifted by crane from the vessel onto a fixed structure,0,120,True,DERIVED_FACT,AMBIGUOUS_PARTIAL_MATCH,False
EVT-IMCA-0702,IOGP-07,Safe mechanical lifting,EXPLICIT,AMBIGUOUS,AMBIGUOUS,6 kg fell approximately 10 m from a crane jib and landed on the main deck,29,102,True,DERIVED_FACT,AMBIGUOUS_PARTIAL_MATCH,False
EVT-IMCA-0708,IOGP-07,Safe mechanical lifting,EXPLICIT,AMBIGUOUS,AMBIGUOUS,crane,159,164,True,DERIVED_FACT,AMBIGUOUS_PARTIAL_MATCH,False
EVT-IMCA-0709,IOGP-05,Hot work,DERIVED,AMBIGUOUS,AMBIGUOUS,"Accumulated lint trapped inside an industrial tumble dryer onboard a Member’s vessel, overheated and ignited",0,108,True,DERIVED_FACT,AMBIGUOUS_PARTIAL_MATCH,False
EVT-IMCA-0712,IOGP-03,Driving,DERIVED,DERIVED,DERIVED,The Marine Safety Investigation Unit of Transport Malta has published two reports outlining three man overboard fatalities,0,122,True,SOURCE_FACT,EXPLICIT_SOURCE_TEXT,False
EVT-IMCA-0713,IOGP-01,Bypassing safety controls,DERIVED,UNSUPPORTED,UNSUPPORTED,NONE,-1,-1,False,UNGROUNDED,UNGROUNDED,False
EVT-IMCA-0713,IOGP-07,Safe mechanical lifting,EXPLICIT,AMBIGUOUS,AMBIGUOUS,"The hull of a vessel in dry dock was being painted using the shipyard crane and a personnel basket, but it was observed that workers in the basket had not been provided with safety harnesses",0,190,True,DERIVED_FACT,AMBIGUOUS_PARTIAL_MATCH,False
EVT-IMCA-0713,IOGP-09,Working at height,EXPLICIT,UNSUPPORTED,UNSUPPORTED,NONE,-1,-1,False,UNGROUNDED,UNGROUNDED,False
EVT-IMCA-0714,IOGP-06,Line of fire,EXPLICIT,SUPPORTED,SUPPORTED,line of fire,136,148,True,SOURCE_FACT,EXPLICIT_SOURCE_TEXT,False
EVT-IMCA-0714,IOGP-07,Safe mechanical lifting,EXPLICIT,SUPPORTED,SUPPORTED,"During recovery of a back-fill plough, a chain sling failed and the rigging recoiled across the deck, narrowly missing personnel in the line of fire",0,148,True,SOURCE_FACT,EXPLICIT_SOURCE_TEXT,False
EVT-IMCA-0715,IOGP-09,Working at height,NONE,DERIVED,DERIVED,"Inspection of a lifeboat embarkation ladder identified that the fibre rope at the anchor point securing thimble was worn through due to incorrect connection, creating the potential for ladder failure on deployment",0,213,True,SOURCE_FACT,EXPLICIT_SOURCE_TEXT,False
EVT-IMCA-0722,IOGP-07,Safe mechanical lifting,EXPLICIT,UNSUPPORTED,UNSUPPORTED,NONE,-1,-1,False,UNGROUNDED,UNGROUNDED,False
EVT-IMCA-0724,IOGP-07,Safe mechanical lifting,EXPLICIT,DERIVED,DERIVED,5m to deck when the slings parted after rubbing on the sharp edge of the deadman anchor,79,166,True,SOURCE_FACT,EXPLICIT_SOURCE_TEXT,False
EVT-IMCA-0725,IOGP-07,Safe mechanical lifting,DERIVED,UNSUPPORTED,UNSUPPORTED,NONE,-1,-1,False,UNGROUNDED,UNGROUNDED,False
EVT-IMCA-0726,IOGP-06,Line of fire,EXPLICIT,AMBIGUOUS,AMBIGUOUS,The Marine Safety Forum has published Safety Alert 20-11 relating to a potential dropped object in a load,0,105,True,DERIVED_FACT,AMBIGUOUS_PARTIAL_MATCH,False
EVT-IMCA-0727,IOGP-07,Safe mechanical lifting,EXPLICIT,SUPPORTED,SUPPORTED,The crane was positioned in the rest while the Crane Operator carried out hook stop testing of the auxiliary winch,0,114,True,SOURCE_FACT,EXPLICIT_SOURCE_TEXT,False
EVT-IMCA-0730,IOGP-07,Safe mechanical lifting,EXPLICIT,UNSUPPORTED,UNSUPPORTED,NONE,-1,-1,False,UNGROUNDED,UNGROUNDED,False
EVT-IMCA-0739,IOGP-07,Safe mechanical lifting,EXPLICIT,UNSUPPORTED,UNSUPPORTED,NONE,-1,-1,False,UNGROUNDED,UNGROUNDED,False
EVT-IMCA-0739,IOGP-08,Work authorization,NONE,AMBIGUOUS,AMBIGUOUS,"Stop work authority enforced – unsafe conditions, no appropriate lifting gear available",0,87,True,DERIVED_FACT,AMBIGUOUS_PARTIAL_MATCH,False
EVT-IMCA-0743,IOGP-05,Hot work,EXPLICIT,UNSUPPORTED,UNSUPPORTED,NONE,-1,-1,False,UNGROUNDED,UNGROUNDED,False
EVT-IMCA-0743,IOGP-06,Line of fire,EXPLICIT,DERIVED,DERIVED,LTI Incident – Crew Struck by Cargo During Lifting Operations,0,61,True,SOURCE_FACT,EXPLICIT_SOURCE_TEXT,False
EVT-IMCA-0743,IOGP-07,Safe mechanical lifting,EXPLICIT,UNSUPPORTED,UNSUPPORTED,NONE,-1,-1,False,UNGROUNDED,UNGROUNDED,False
EVT-IMCA-0744,IOGP-06,Line of fire,EXPLICIT,DERIVED,DERIVED,Serious LTI – Deck crew member struck by termination head/flexible,0,66,True,SOURCE_FACT,EXPLICIT_SOURCE_TEXT,False
EVT-IMCA-0746,IOGP-03,Driving,EXPLICIT,DERIVED,DERIVED,Unexpected truck movement caused rigger to fall off a ladder,0,60,True,SOURCE_FACT,EXPLICIT_SOURCE_TEXT,False
EVT-IMCA-0757,IOGP-07,Safe mechanical lifting,EXPLICIT,DERIVED,DERIVED,Rigging failure – Clump weight dropped to seabed,0,48,True,SOURCE_FACT,EXPLICIT_SOURCE_TEXT,False
EVT-IMCA-0758,IOGP-07,Safe mechanical lifting,EXPLICIT,SUPPORTED,SUPPORTED,Main crane hoist wire damage,0,28,True,SOURCE_FACT,EXPLICIT_SOURCE_TEXT,False
EVT-IMCA-0759,IOGP-07,Safe mechanical lifting,EXPLICIT,SUPPORTED,SUPPORTED,Serious injury incurred while removing wire rope sling from a crane hook,0,72,True,SOURCE_FACT,EXPLICIT_SOURCE_TEXT,False
EVT-IMCA-0760,IOGP-02,Confined space,EXPLICIT,SUPPORTED,SUPPORTED,Confined space entry fatality,0,29,True,SOURCE_FACT,EXPLICIT_SOURCE_TEXT,False
EVT-IMCA-0767,IOGP-03,Driving,DERIVED,DERIVED,DERIVED,UK HSE: employee foot crushed by forklift at maritime freight logistics company,0,79,True,SOURCE_FACT,EXPLICIT_SOURCE_TEXT,False
EVT-IMCA-0769,IOGP-07,Safe mechanical lifting,EXPLICIT,AMBIGUOUS,AMBIGUOUS,"While retracting the outer jib of the boom during crane operations, one of the hydraulic hoses caught on the protruding grease fitting of the boom bearings, which could have le",0,176,True,DERIVED_FACT,AMBIGUOUS_PARTIAL_MATCH,False
EVT-IMCA-0771,IOGP-05,Hot work,DERIVED,UNSUPPORTED,UNSUPPORTED,NONE,-1,-1,False,UNGROUNDED,UNGROUNDED,False
EVT-IMCA-0772,IOGP-06,Line of fire,EXPLICIT,AMBIGUOUS,AMBIGUOUS,Dropped object – wireless crane control unit,0,44,True,DERIVED_FACT,AMBIGUOUS_PARTIAL_MATCH,False
EVT-IMCA-0772,IOGP-07,Safe mechanical lifting,EXPLICIT,AMBIGUOUS,AMBIGUOUS,Dropped object – wireless crane control unit,0,44,True,DERIVED_FACT,AMBIGUOUS_PARTIAL_MATCH,False
EVT-IMCA-0774,IOGP-07,Safe mechanical lifting,EXPLICIT,UNSUPPORTED,UNSUPPORTED,NONE,-1,-1,False,UNGROUNDED,UNGROUNDED,False
EVT-IMCA-0778,IOGP-05,Hot work,EXPLICIT,DERIVED,DERIVED,The United States Coast Guard (USCG) has published Safety Alert 05/20 entitled Electrical Issues Spark Major Concern – Addressing Hazardous Area Electrical Installations Knowledge Gaps,0,184,True,SOURCE_FACT,EXPLICIT_SOURCE_TEXT,False
EVT-IMCA-0779,IOGP-07,Safe mechanical lifting,EXPLICIT,AMBIGUOUS,AMBIGUOUS,suspended load,228,242,True,DERIVED_FACT,AMBIGUOUS_PARTIAL_MATCH,False
EVT-IMCA-0780,IOGP-07,Safe mechanical lifting,DERIVED,DERIVED,DERIVED,An umbilical winch sheave was being hand-rolled along the deck when it fell over and struck the leg of one of the people handling it,0,132,True,SOURCE_FACT,EXPLICIT_SOURCE_TEXT,False
EVT-IMCA-0784,IOGP-07,Safe mechanical lifting,EXPLICIT,AMBIGUOUS,AMBIGUOUS,High potential DROPS near miss: Failed crane component,0,54,True,DERIVED_FACT,AMBIGUOUS_PARTIAL_MATCH,False
EVT-IMCA-0785,IOGP-07,Safe mechanical lifting,EXPLICIT,AMBIGUOUS,AMBIGUOUS,A lever hoist failed causing a load to descend to deck in an uncontrolled manner,0,80,True,DERIVED_FACT,AMBIGUOUS_PARTIAL_MATCH,False
EVT-IMCA-0786,IOGP-07,Safe mechanical lifting,EXPLICIT,AMBIGUOUS,AMBIGUOUS,Crane,155,160,True,DERIVED_FACT,AMBIGUOUS_PARTIAL_MATCH,False
EVT-IMCA-0787,IOGP-06,Line of fire,DERIVED,UNSUPPORTED,UNSUPPORTED,NONE,-1,-1,False,UNGROUNDED,UNGROUNDED,False
EVT-IMCA-0787,IOGP-07,Safe mechanical lifting,EXPLICIT,AMBIGUOUS,AMBIGUOUS,Crane,155,160,True,DERIVED_FACT,AMBIGUOUS_PARTIAL_MATCH,False
EVT-IMCA-0788,IOGP-07,Safe mechanical lifting,EXPLICIT,AMBIGUOUS,AMBIGUOUS,suspended load,228,242,True,DERIVED_FACT,AMBIGUOUS_PARTIAL_MATCH,False
EVT-IMCA-0790,IOGP-05,Hot work,EXPLICIT,AMBIGUOUS,AMBIGUOUS,Fire in welding fumes extraction system,0,39,True,DERIVED_FACT,AMBIGUOUS_PARTIAL_MATCH,False
EVT-IMCA-0795,IOGP-08,Work authorization,NONE,AMBIGUOUS,AMBIGUOUS,Stop Work,164,173,True,DERIVED_FACT,AMBIGUOUS_PARTIAL_MATCH,False
EVT-IMCA-0798,IOGP-03,Driving,EXPLICIT,SUPPORTED,SUPPORTED,"In a vessel alongside, a new fuel gas cylinder was connected to a gas-powered forklift truck",0,92,True,SOURCE_FACT,EXPLICIT_SOURCE_TEXT,False
EVT-IMCA-0803,IOGP-07,Safe mechanical lifting,EXPLICIT,UNSUPPORTED,UNSUPPORTED,NONE,-1,-1,False,UNGROUNDED,UNGROUNDED,False
EVT-IMCA-0806,IOGP-03,Driving,EXPLICIT,SUPPORTED,SUPPORTED,driver,134,140,True,SOURCE_FACT,EXPLICIT_SOURCE_TEXT,False
EVT-IMCA-0811,IOGP-07,Safe mechanical lifting,EXPLICIT,UNSUPPORTED,UNSUPPORTED,NONE,-1,-1,False,UNGROUNDED,UNGROUNDED,False
EVT-IMCA-0812,IOGP-07,Safe mechanical lifting,EXPLICIT,UNSUPPORTED,UNSUPPORTED,NONE,-1,-1,False,UNGROUNDED,UNGROUNDED,False
EVT-IMCA-0814,IOGP-06,Line of fire,EXPLICIT,AMBIGUOUS,AMBIGUOUS,Marine Safety Forum Safety Alert 20-04 describes a potential dropped object (PDO) during cargo operations,0,105,True,DERIVED_FACT,AMBIGUOUS_PARTIAL_MATCH,False
EVT-IMCA-0816,IOGP-02,Confined space,DERIVED,DERIVED,DERIVED,A worker inside a ballast tank fell from height,0,47,True,SOURCE_FACT,EXPLICIT_SOURCE_TEXT,False
EVT-IMCA-0820,IOGP-03,Driving,EXPLICIT,DERIVED,DERIVED,Third Officer of the vessel Seatruck Progress was struck and fatally injured by a freight vehicle semi-trailer while standing on the vessel’s stern ramp,0,152,True,SOURCE_FACT,EXPLICIT_SOURCE_TEXT,False
EVT-IMCA-0823,IOGP-07,Safe mechanical lifting,EXPLICIT,AMBIGUOUS,AMBIGUOUS,crane,107,112,True,DERIVED_FACT,AMBIGUOUS_PARTIAL_MATCH,False
EVT-IMCA-0831,IOGP-03,Driving,EXPLICIT,DERIVED,DERIVED,30-40 litres of sewage water was spilled onto the quayside during a transfer operation from vessel to sewage truck,0,114,True,SOURCE_FACT,EXPLICIT_SOURCE_TEXT,False
EVT-IMCA-0832,IOGP-07,Safe mechanical lifting,EXPLICIT,DERIVED,DERIVED,"Whilst slinging a palleted water bag (load), a third-party contract worker who was assisting in the operation fell approximately 3 metre",0,136,True,SOURCE_FACT,EXPLICIT_SOURCE_TEXT,False
EVT-IMCA-0833,IOGP-07,Safe mechanical lifting,EXPLICIT,DERIVED,DERIVED,"Whilst slinging a palleted water bag (load), a third-party contract worker who was assisting in the operation fell approximately 3 metre",0,136,True,SOURCE_FACT,EXPLICIT_SOURCE_TEXT,False
EVT-IMCA-0834,IOGP-07,Safe mechanical lifting,EXPLICIT,AMBIGUOUS,AMBIGUOUS,A lightning conductor mounted on top of a service crane came free from its mounting and dropped 75 metres,0,105,True,DERIVED_FACT,AMBIGUOUS_PARTIAL_MATCH,False
EVT-IMCA-0836,IOGP-03,Driving,EXPLICIT,AMBIGUOUS,AMBIGUOUS,Following vehicle cleaning and disinfection protocol an additional initiative to protect drivers and passengers from COVID-19 during the pandemic is the installation of protective plexiglass shields in all company sha,0,217,True,DERIVED_FACT,AMBIGUOUS_PARTIAL_MATCH,False
EVT-IMCA-0839,IOGP-07,Safe mechanical lifting,EXPLICIT,AMBIGUOUS,AMBIGUOUS,14/20: Lifting operations: Wire hoist rope failure,0,50,True,DERIVED_FACT,AMBIGUOUS_PARTIAL_MATCH,False
EVT-IMCA-0840,IOGP-03,Driving,EXPLICIT,SUPPORTED,SUPPORTED,collision,132,141,True,SOURCE_FACT,EXPLICIT_SOURCE_TEXT,False
EVT-IMCA-0847,IOGP-01,Bypassing safety controls,DERIVED,UNSUPPORTED,UNSUPPORTED,NONE,-1,-1,False,UNGROUNDED,UNGROUNDED,False
EVT-IMCA-0848,IOGP-01,Bypassing safety controls,NONE,AMBIGUOUS,AMBIGUOUS,override,122,130,True,DERIVED_FACT,AMBIGUOUS_PARTIAL_MATCH,False
EVT-IMCA-0848,IOGP-04,Energy isolation,EXPLICIT,DERIVED,DERIVED,n a near miss that could have resulted in serious injury when he was asked to function an ROV valve override on a subsea isolation valve with a hand-held torque wrench,22,189,True,SOURCE_FACT,EXPLICIT_SOURCE_TEXT,False
EVT-IMCA-0849,IOGP-07,Safe mechanical lifting,EXPLICIT,AMBIGUOUS,AMBIGUOUS,"arty contractor who was tasked with the maintenance job was in the process of lifting the item when the (electric) chain hoist failed, resulting in the load dropping two metres to the engine room deck plating",11,219,True,DERIVED_FACT,AMBIGUOUS_PARTIAL_MATCH,False
EVT-IMCA-0855,IOGP-07,Safe mechanical lifting,EXPLICIT,AMBIGUOUS,AMBIGUOUS,Multiple metal objects were dropped during a lifting operation using a flexible intermediate bulk container (FIBC),0,114,True,DERIVED_FACT,AMBIGUOUS_PARTIAL_MATCH,False
EVT-IMCA-0857,IOGP-05,Hot work,NONE,AMBIGUOUS,AMBIGUOUS,"fshore trenching operations, the ROV pilot unknowingly made contact with the control joystick, inadvertently raising the cutting wheel and thereby decreasing the cutting depth",9,184,True,DERIVED_FACT,AMBIGUOUS_PARTIAL_MATCH,False
EVT-IMCA-0860,IOGP-07,Safe mechanical lifting,EXPLICIT,SUPPORTED,SUPPORTED,A crew member suffered a serious ear injury whilst removing some temporary rigging suspended from a crane gantry walkway,0,120,True,SOURCE_FACT,EXPLICIT_SOURCE_TEXT,False
EVT-IMCA-0861,IOGP-07,Safe mechanical lifting,EXPLICIT,SUPPORTED,SUPPORTED,A crew member suffered a serious ear injury whilst removing some temporary rigging suspended from a crane gantry walkway,0,120,True,SOURCE_FACT,EXPLICIT_SOURCE_TEXT,False
EVT-IMCA-0865,IOGP-07,Safe mechanical lifting,EXPLICIT,AMBIGUOUS,AMBIGUOUS,Two lifting bags detached and fell from the crane hook on a wind turbine tower,0,78,True,DERIVED_FACT,AMBIGUOUS_PARTIAL_MATCH,False
EVT-IMCA-0866,IOGP-03,Driving,EXPLICIT,AMBIGUOUS,AMBIGUOUS,"et of heavy chain links, or ‘Brothers’ used in lifting, fell from a turbine tower onto the front deck of a Crew Transfer Vehicle (CTV) below",3,143,True,DERIVED_FACT,AMBIGUOUS_PARTIAL_MATCH,False
EVT-IMCA-0866,IOGP-07,Safe mechanical lifting,EXPLICIT,UNSUPPORTED,UNSUPPORTED,NONE,-1,-1,False,UNGROUNDED,UNGROUNDED,False
EVT-IMCA-0873,IOGP-06,Line of fire,EXPLICIT,AMBIGUOUS,AMBIGUOUS,This was a high potential near miss dropped object incident in which a crane boom bumper stop fell onto the crane cab,0,117,True,DERIVED_FACT,AMBIGUOUS_PARTIAL_MATCH,False
EVT-IMCA-0873,IOGP-07,Safe mechanical lifting,EXPLICIT,AMBIGUOUS,AMBIGUOUS,This was a high potential near miss dropped object incident in which a crane boom bumper stop fell onto the crane cab,0,117,True,DERIVED_FACT,AMBIGUOUS_PARTIAL_MATCH,False
EVT-IMCA-0874,IOGP-06,Line of fire,EXPLICIT,AMBIGUOUS,AMBIGUOUS,This was a high potential near miss dropped object incident in which a crane boom bumper stop fell onto the crane cab,0,117,True,DERIVED_FACT,AMBIGUOUS_PARTIAL_MATCH,False
EVT-IMCA-0874,IOGP-07,Safe mechanical lifting,EXPLICIT,AMBIGUOUS,AMBIGUOUS,This was a high potential near miss dropped object incident in which a crane boom bumper stop fell onto the crane cab,0,117,True,DERIVED_FACT,AMBIGUOUS_PARTIAL_MATCH,False
EVT-IMCA-0875,IOGP-06,Line of fire,EXPLICIT,AMBIGUOUS,AMBIGUOUS,This was a high potential near miss dropped object incident in which a crane boom bumper stop fell onto the crane cab,0,117,True,DERIVED_FACT,AMBIGUOUS_PARTIAL_MATCH,False
EVT-IMCA-0875,IOGP-07,Safe mechanical lifting,EXPLICIT,AMBIGUOUS,AMBIGUOUS,This was a high potential near miss dropped object incident in which a crane boom bumper stop fell onto the crane cab,0,117,True,DERIVED_FACT,AMBIGUOUS_PARTIAL_MATCH,False
EVT-IMCA-0876,IOGP-06,Line of fire,EXPLICIT,AMBIGUOUS,AMBIGUOUS,This was a high potential near miss dropped object incident in which a crane boom bumper stop fell onto the crane cab,0,117,True,DERIVED_FACT,AMBIGUOUS_PARTIAL_MATCH,False
EVT-IMCA-0876,IOGP-07,Safe mechanical lifting,EXPLICIT,AMBIGUOUS,AMBIGUOUS,This was a high potential near miss dropped object incident in which a crane boom bumper stop fell onto the crane cab,0,117,True,DERIVED_FACT,AMBIGUOUS_PARTIAL_MATCH,False
EVT-IMCA-0877,IOGP-06,Line of fire,EXPLICIT,AMBIGUOUS,AMBIGUOUS,The Marine Safety Forum (MSF) has published Safety Alert 19-15 relating to a potential dropped object during unsafe lifting operations,0,134,True,DERIVED_FACT,AMBIGUOUS_PARTIAL_MATCH,False
EVT-IMCA-0877,IOGP-07,Safe mechanical lifting,EXPLICIT,UNSUPPORTED,UNSUPPORTED,NONE,-1,-1,False,UNGROUNDED,UNGROUNDED,False
EVT-IMCA-0882,IOGP-09,Working at height,NONE,AMBIGUOUS,AMBIGUOUS,ripartite Alliance for Workplace Safety and Health (WSH) has published Accident Notification 1920060 relating to a fatal fall from a gangway,15,155,True,DERIVED_FACT,AMBIGUOUS_PARTIAL_MATCH,False
EVT-IMCA-0885,IOGP-02,Confined space,EXPLICIT,AMBIGUOUS,AMBIGUOUS,A crew member felt faint and subsequently collapsed after working in a confined space,0,85,True,DERIVED_FACT,AMBIGUOUS_PARTIAL_MATCH,False
EVT-IMCA-0891,IOGP-07,Safe mechanical lifting,EXPLICIT,UNSUPPORTED,UNSUPPORTED,NONE,-1,-1,False,UNGROUNDED,UNGROUNDED,False
EVT-IMCA-0892,IOGP-07,Safe mechanical lifting,EXPLICIT,UNSUPPORTED,UNSUPPORTED,NONE,-1,-1,False,UNGROUNDED,UNGROUNDED,False
EVT-IMCA-0896,IOGP-07,Safe mechanical lifting,EXPLICIT,DERIVED,DERIVED,"During a mooring operation, vessel crew were found to be using a 4 ton shackle attached to a heaving line (instead of proper “monkey fist”)",0,139,True,SOURCE_FACT,EXPLICIT_SOURCE_TEXT,False
EVT-IMCA-0900,IOGP-03,Driving,DERIVED,DERIVED,DERIVED,The Transport Safety Investigation Bureau (TSIB) of Singapore has released Safety Flyer 2019/02 entitled The importance of ensuring pr,0,134,True,SOURCE_FACT,EXPLICIT_SOURCE_TEXT,False
EVT-IMCA-0901,IOGP-05,Hot work,DERIVED,DERIVED,DERIVED,A welder was hit and slightly injured by a lashing wire during lashing operations being conducted close by,0,106,True,SOURCE_FACT,EXPLICIT_SOURCE_TEXT,False
EVT-IMCA-0902,IOGP-07,Safe mechanical lifting,EXPLICIT,UNSUPPORTED,UNSUPPORTED,NONE,-1,-1,False,UNGROUNDED,UNGROUNDED,False
EVT-IMCA-0906,IOGP-07,Safe mechanical lifting,EXPLICIT,AMBIGUOUS,AMBIGUOUS,"While attempting to secure a crane hook to the deck handrail with a polypropylene rope, a rigger’s right hand was caught between the hook shank and the han",0,155,True,DERIVED_FACT,AMBIGUOUS_PARTIAL_MATCH,False
EVT-IMCA-0907,IOGP-03,Driving,EXPLICIT,SUPPORTED,SUPPORTED,2T x 4) used to distribute the load from the outriggers were repositioned one at a time using a counterbalance forklift truck (FLT) and placed onto timber blocks to allow the removal of the forks,160,355,True,SOURCE_FACT,EXPLICIT_SOURCE_TEXT,False
EVT-IMCA-0907,IOGP-07,Safe mechanical lifting,EXPLICIT,AMBIGUOUS,AMBIGUOUS,"During a mechanical lifting operation using a mobile crane, the crane was required to move and set up at a new location",0,119,True,DERIVED_FACT,AMBIGUOUS_PARTIAL_MATCH,False
EVT-IMCA-0911,IOGP-09,Working at height,EXPLICIT,SUPPORTED,SUPPORTED,"A member has noted that certain headlamps supplied for use with certain helmets, as used extensively for working at height in the offshore renewables sector, could come loose and fall",0,183,True,SOURCE_FACT,EXPLICIT_SOURCE_TEXT,False
EVT-IMCA-0912,IOGP-07,Safe mechanical lifting,DERIVED,DERIVED,DERIVED,"During a safety walk round, it was observed that a snake was on top of the anchor winch while vessel was at anchor near a port",0,126,True,SOURCE_FACT,EXPLICIT_SOURCE_TEXT,False
EVT-IMCA-0915,IOGP-01,Bypassing safety controls,NONE,DERIVED,DERIVED,Bridge,231,237,True,SOURCE_FACT,EXPLICIT_SOURCE_TEXT,False
EVT-IMCA-0916,IOGP-05,Hot work,NONE,AMBIGUOUS,AMBIGUOUS,ignited,166,173,True,DERIVED_FACT,AMBIGUOUS_PARTIAL_MATCH,False
EVT-IMCA-0917,IOGP-01,Bypassing safety controls,NONE,AMBIGUOUS,AMBIGUOUS,Bridge,179,185,True,DERIVED_FACT,AMBIGUOUS_PARTIAL_MATCH,False
EVT-IMCA-0918,IOGP-05,Hot work,DERIVED,AMBIGUOUS,AMBIGUOUS,A subcontractor was preparing to use an oxy-acetylene torch on the back deck of a vessel,0,88,True,DERIVED_FACT,AMBIGUOUS_PARTIAL_MATCH,False
EVT-IMCA-0925,IOGP-07,Safe mechanical lifting,EXPLICIT,AMBIGUOUS,AMBIGUOUS,"During crane operations on an offshore vessel, quantities of grease fell from the crane block and landed on deck",0,112,True,DERIVED_FACT,AMBIGUOUS_PARTIAL_MATCH,False
EVT-IMCA-0927,IOGP-07,Safe mechanical lifting,EXPLICIT,DERIVED,DERIVED,During planned modernisation of the stern anchor it was discovered that the safety pin in the anchor’s swivel shackle was absent,0,128,True,SOURCE_FACT,EXPLICIT_SOURCE_TEXT,False
EVT-IMCA-0928,IOGP-09,Working at height,EXPLICIT,DERIVED,DERIVED,The UK Marine Accident Investigation Branch (MAIB) has published accident Investigation Report 9/19 into a fatal fall from height,0,129,True,SOURCE_FACT,EXPLICIT_SOURCE_TEXT,False
EVT-IMCA-0929,IOGP-05,Hot work,NONE,AMBIGUOUS,AMBIGUOUS,A firefighter whose hand was amputated after he was injured by faulty cutting gear has received £1,0,98,True,DERIVED_FACT,AMBIGUOUS_PARTIAL_MATCH,False
EVT-IMCA-0935,IOGP-09,Working at height,EXPLICIT,DERIVED,DERIVED,LTI – Fall from height,0,22,True,SOURCE_FACT,EXPLICIT_SOURCE_TEXT,False
EVT-IMCA-0946,IOGP-07,Safe mechanical lifting,EXPLICIT,AMBIGUOUS,AMBIGUOUS,Crane anti-two block securing wire failure,0,42,True,DERIVED_FACT,AMBIGUOUS_PARTIAL_MATCH,False
EVT-IMCA-0948,IOGP-06,Line of fire,EXPLICIT,UNSUPPORTED,UNSUPPORTED,NONE,-1,-1,False,UNGROUNDED,UNGROUNDED,False
EVT-IMCA-0949,IOGP-03,Driving,DERIVED,DERIVED,DERIVED,High potential near miss – storage box dropped from forklift,0,60,True,SOURCE_FACT,EXPLICIT_SOURCE_TEXT,False
EVT-IMCA-0950,IOGP-07,Safe mechanical lifting,EXPLICIT,UNSUPPORTED,UNSUPPORTED,NONE,-1,-1,False,UNGROUNDED,UNGROUNDED,False
EVT-IMCA-0951,IOGP-07,Safe mechanical lifting,EXPLICIT,UNSUPPORTED,UNSUPPORTED,NONE,-1,-1,False,UNGROUNDED,UNGROUNDED,False
EVT-IMCA-0952,IOGP-06,Line of fire,EXPLICIT,AMBIGUOUS,AMBIGUOUS,High potential near miss: Dropped object during piggyback drilling operations,0,77,True,DERIVED_FACT,AMBIGUOUS_PARTIAL_MATCH,False
EVT-IMCA-0953,IOGP-06,Line of fire,EXPLICIT,AMBIGUOUS,AMBIGUOUS,Quayside dropped object,0,23,True,DERIVED_FACT,AMBIGUOUS_PARTIAL_MATCH,False
EVT-IMCA-0955,IOGP-07,Safe mechanical lifting,DERIVED,DERIVED,DERIVED,LTI: Foot injury after standing on rotating winch drum,0,54,True,SOURCE_FACT,EXPLICIT_SOURCE_TEXT,False
EVT-IMCA-0957,IOGP-05,Hot work,NONE,AMBIGUOUS,AMBIGUOUS,Line of fire: cutting injury to index finger,0,44,True,DERIVED_FACT,AMBIGUOUS_PARTIAL_MATCH,False
EVT-IMCA-0957,IOGP-06,Line of fire,EXPLICIT,SUPPORTED,SUPPORTED,Line of fire: cutting injury to index finger,0,44,True,SOURCE_FACT,EXPLICIT_SOURCE_TEXT,False
EVT-IMCA-0965,IOGP-02,Confined space,EXPLICIT,AMBIGUOUS,AMBIGUOUS,High potential near miss: Person found unconscious in confined space,0,68,True,DERIVED_FACT,AMBIGUOUS_PARTIAL_MATCH,False
EVT-IMCA-0967,IOGP-02,Confined space,EXPLICIT,UNSUPPORTED,UNSUPPORTED,NONE,-1,-1,False,UNGROUNDED,UNGROUNDED,False
EVT-IMCA-0971,IOGP-04,Energy isolation,NONE,AMBIGUOUS,AMBIGUOUS,Don’t put your finger in the wrong place: failure to isolate equipment causes serious finger injury,0,99,True,DERIVED_FACT,AMBIGUOUS_PARTIAL_MATCH,False
EVT-IMCA-0980,IOGP-07,Safe mechanical lifting,EXPLICIT,UNSUPPORTED,UNSUPPORTED,NONE,-1,-1,False,UNGROUNDED,UNGROUNDED,False
EVT-IMCA-0984,IOGP-06,Line of fire,EXPLICIT,SUPPORTED,SUPPORTED,Line of fire/pinch point – fractured fingers,0,44,True,SOURCE_FACT,EXPLICIT_SOURCE_TEXT,False
EVT-IMCA-0999,IOGP-05,Hot work,EXPLICIT,UNSUPPORTED,UNSUPPORTED,NONE,-1,-1,False,UNGROUNDED,UNGROUNDED,False
EVT-IMCA-0999,IOGP-07,Safe mechanical lifting,EXPLICIT,AMBIGUOUS,AMBIGUOUS,Near miss: Crewman struck on head by crane hook (Marine Safety Forum),0,69,True,DERIVED_FACT,AMBIGUOUS_PARTIAL_MATCH,False
EVT-IMCA-1006,IOGP-07,Safe mechanical lifting,DERIVED,DERIVED,DERIVED,Near miss: Winch wire snagged and released suddenly,0,51,True,SOURCE_FACT,EXPLICIT_SOURCE_TEXT,False
EVT-IMCA-1009,IOGP-05,Hot work,EXPLICIT,DERIVED,DERIVED,Sparks from funnel caused small fire,0,36,True,SOURCE_FACT,EXPLICIT_SOURCE_TEXT,False
EVT-IMCA-1016,IOGP-09,Working at height,EXPLICIT,DERIVED,DERIVED,BSEE: Worker injured in fall from height into water,0,51,True,SOURCE_FACT,EXPLICIT_SOURCE_TEXT,False
EVT-IMCA-1019,IOGP-06,Line of fire,EXPLICIT,AMBIGUOUS,AMBIGUOUS,High potential near miss: Dropped object (flood lamp),0,53,True,DERIVED_FACT,AMBIGUOUS_PARTIAL_MATCH,False
EVT-IMCA-1020,IOGP-02,Confined space,EXPLICIT,SUPPORTED,SUPPORTED,Confined space entry: person overcome by fumes and rendered unconscious,0,71,True,SOURCE_FACT,EXPLICIT_SOURCE_TEXT,False
EVT-IMCA-1021,IOGP-02,Confined space,EXPLICIT,SUPPORTED,SUPPORTED,Confined space fatality on-board the fishing vessel Sunbeam,0,59,True,SOURCE_FACT,EXPLICIT_SOURCE_TEXT,False
EVT-IMCA-1022,IOGP-02,Confined space,EXPLICIT,SUPPORTED,SUPPORTED,Confined space entry: Worker died inside pump room,0,50,True,SOURCE_FACT,EXPLICIT_SOURCE_TEXT,False
EVT-IMCA-1023,IOGP-02,Confined space,EXPLICIT,AMBIGUOUS,AMBIGUOUS,Person felt unwell while working in confined space,0,50,True,DERIVED_FACT,AMBIGUOUS_PARTIAL_MATCH,False
EVT-IMCA-1028,IOGP-07,Safe mechanical lifting,EXPLICIT,UNSUPPORTED,UNSUPPORTED,NONE,-1,-1,False,UNGROUNDED,UNGROUNDED,False
EVT-IMCA-1029,IOGP-06,Line of fire,EXPLICIT,AMBIGUOUS,AMBIGUOUS,MSF: Near miss – potential dropped object during cargo operations,0,65,True,DERIVED_FACT,AMBIGUOUS_PARTIAL_MATCH,False
EVT-IMCA-1038,IOGP-07,Safe mechanical lifting,EXPLICIT,AMBIGUOUS,AMBIGUOUS,BSEE: Failure of Crane Hydraulic Boom Cylinders,0,47,True,DERIVED_FACT,AMBIGUOUS_PARTIAL_MATCH,False
EVT-IMCA-1042,IOGP-06,Line of fire,EXPLICIT,AMBIGUOUS,AMBIGUOUS,High potential dropped object during lifting operations,0,55,True,DERIVED_FACT,AMBIGUOUS_PARTIAL_MATCH,False
EVT-IMCA-1042,IOGP-07,Safe mechanical lifting,EXPLICIT,UNSUPPORTED,UNSUPPORTED,NONE,-1,-1,False,UNGROUNDED,UNGROUNDED,False
EVT-IMCA-1046,IOGP-07,Safe mechanical lifting,EXPLICIT,UNSUPPORTED,UNSUPPORTED,NONE,-1,-1,False,UNGROUNDED,UNGROUNDED,False
EVT-IMCA-1050,IOGP-06,Line of fire,EXPLICIT,AMBIGUOUS,AMBIGUOUS,Pallet failure: High potential dropped object during lifting operations,0,71,True,DERIVED_FACT,AMBIGUOUS_PARTIAL_MATCH,False
EVT-IMCA-1050,IOGP-07,Safe mechanical lifting,EXPLICIT,UNSUPPORTED,UNSUPPORTED,NONE,-1,-1,False,UNGROUNDED,UNGROUNDED,False
EVT-IMCA-1056,IOGP-05,Hot work,NONE,AMBIGUOUS,AMBIGUOUS,Grinding using a cutting disc,0,29,True,DERIVED_FACT,AMBIGUOUS_PARTIAL_MATCH,False
EVT-IMCA-1058,IOGP-03,Driving,NONE,AMBIGUOUS,AMBIGUOUS,Seamanship: Vessel Collision with Fishing Boat,0,46,True,DERIVED_FACT,AMBIGUOUS_PARTIAL_MATCH,False
EVT-IMCA-1059,IOGP-06,Line of fire,EXPLICIT,SUPPORTED,SUPPORTED,High Potential Near Miss: Line of Fire During Mooring Operations,0,64,True,SOURCE_FACT,EXPLICIT_SOURCE_TEXT,False
EVT-IMCA-1061,IOGP-07,Safe mechanical lifting,DERIVED,DERIVED,DERIVED,Serious Injury from Rotating Winch,0,34,True,SOURCE_FACT,EXPLICIT_SOURCE_TEXT,False
EVT-IMCA-1069,IOGP-06,Line of fire,EXPLICIT,UNSUPPORTED,UNSUPPORTED,NONE,-1,-1,False,UNGROUNDED,UNGROUNDED,False
EVT-IMCA-1071,IOGP-06,Line of fire,EXPLICIT,AMBIGUOUS,AMBIGUOUS,Dropped object: crane floodlight,0,32,True,DERIVED_FACT,AMBIGUOUS_PARTIAL_MATCH,False
EVT-IMCA-1071,IOGP-07,Safe mechanical lifting,EXPLICIT,AMBIGUOUS,AMBIGUOUS,Dropped object: crane floodlight,0,32,True,DERIVED_FACT,AMBIGUOUS_PARTIAL_MATCH,False
EVT-IMCA-1072,IOGP-06,Line of fire,EXPLICIT,AMBIGUOUS,AMBIGUOUS,Two serious dropped object near miss,0,36,True,DERIVED_FACT,AMBIGUOUS_PARTIAL_MATCH,False
EVT-IMCA-1073,IOGP-06,Line of fire,EXPLICIT,AMBIGUOUS,AMBIGUOUS,Dropped object: first aid injury during ROV maintenance,0,55,True,DERIVED_FACT,AMBIGUOUS_PARTIAL_MATCH,False
EVT-IMCA-1074,IOGP-06,Line of fire,EXPLICIT,UNSUPPORTED,UNSUPPORTED,NONE,-1,-1,False,UNGROUNDED,UNGROUNDED,False
EVT-IMCA-1075,IOGP-07,Safe mechanical lifting,EXPLICIT,UNSUPPORTED,UNSUPPORTED,NONE,-1,-1,False,UNGROUNDED,UNGROUNDED,False
EVT-IMCA-1078,IOGP-05,Hot work,DERIVED,DERIVED,DERIVED,Auto-ignition of laundry items,0,30,True,SOURCE_FACT,EXPLICIT_SOURCE_TEXT,False
EVT-IMCA-1081,IOGP-06,Line of fire,EXPLICIT,SUPPORTED,SUPPORTED,Unplanned stored pressure release: worker struck by gas cylinder – company fined,0,80,True,SOURCE_FACT,EXPLICIT_SOURCE_TEXT,False
EVT-IMCA-1082,IOGP-04,Energy isolation,EXPLICIT,AMBIGUOUS,AMBIGUOUS,Serious injury caused by energy isolation failure,0,49,True,DERIVED_FACT,AMBIGUOUS_PARTIAL_MATCH,False
EVT-IMCA-1084,IOGP-07,Safe mechanical lifting,EXPLICIT,DERIVED,DERIVED,Wire rope sling failed during lifting operations,0,48,True,SOURCE_FACT,EXPLICIT_SOURCE_TEXT,False
EVT-IMCA-1092,IOGP-03,Driving,NONE,AMBIGUOUS,AMBIGUOUS,Vessel collision with fixed structure on wind farm,0,50,True,DERIVED_FACT,AMBIGUOUS_PARTIAL_MATCH,False
EVT-IMCA-1106,IOGP-06,Line of fire,EXPLICIT,AMBIGUOUS,AMBIGUOUS,Two dropped object near misses,0,30,True,DERIVED_FACT,AMBIGUOUS_PARTIAL_MATCH,False
EVT-IMCA-1115,IOGP-07,Safe mechanical lifting,EXPLICIT,AMBIGUOUS,AMBIGUOUS,High potential near miss: worker inadvertently lifted by crane (Marine Safety Forum),0,84,True,DERIVED_FACT,AMBIGUOUS_PARTIAL_MATCH,False
EVT-IMCA-1116,IOGP-06,Line of fire,EXPLICIT,UNSUPPORTED,UNSUPPORTED,NONE,-1,-1,False,UNGROUNDED,UNGROUNDED,False
EVT-IMCA-1117,IOGP-06,Line of fire,EXPLICIT,UNSUPPORTED,UNSUPPORTED,NONE,-1,-1,False,UNGROUNDED,UNGROUNDED,False
EVT-IMCA-1118,IOGP-05,Hot work,EXPLICIT,AMBIGUOUS,AMBIGUOUS,Incorrectly selected oxygen welding gas hose bursts & catches fire,0,66,True,DERIVED_FACT,AMBIGUOUS_PARTIAL_MATCH,False
EVT-IMCA-1123,IOGP-06,Line of fire,EXPLICIT,AMBIGUOUS,AMBIGUOUS,Dropped object – intermediate bulk container (IBC),0,50,True,DERIVED_FACT,AMBIGUOUS_PARTIAL_MATCH,False
EVT-IMCA-1124,IOGP-07,Safe mechanical lifting,EXPLICIT,AMBIGUOUS,AMBIGUOUS,BSEE: potentially catastrophic crane and lifting incidents,0,58,True,DERIVED_FACT,AMBIGUOUS_PARTIAL_MATCH,False
EVT-IMCA-1125,IOGP-07,Safe mechanical lifting,EXPLICIT,AMBIGUOUS,AMBIGUOUS,Worker hit by steel plate falling from crane,0,44,True,DERIVED_FACT,AMBIGUOUS_PARTIAL_MATCH,False
EVT-IMCA-1125,IOGP-09,Working at height,NONE,AMBIGUOUS,AMBIGUOUS,Worker hit by steel plate falling from crane,0,44,True,DERIVED_FACT,AMBIGUOUS_PARTIAL_MATCH,False
EVT-IMCA-1126,IOGP-06,Line of fire,EXPLICIT,AMBIGUOUS,AMBIGUOUS,Missing protection cover becomes potential dropped object,0,57,True,DERIVED_FACT,AMBIGUOUS_PARTIAL_MATCH,False
EVT-IMCA-1134,IOGP-05,Hot work,EXPLICIT,SUPPORTED,SUPPORTED,Technical Service Bulletin from Broco/Rankin – BR22 Plus Exothermic Cutting Torch,0,81,True,SOURCE_FACT,EXPLICIT_SOURCE_TEXT,False
EVT-IMCA-1138,IOGP-03,Driving,NONE,AMBIGUOUS,AMBIGUOUS,Vessel/Platform Collision – Mooring Bollard Broken by Vessel,0,60,True,DERIVED_FACT,AMBIGUOUS_PARTIAL_MATCH,False
EVT-IMCA-1142,IOGP-03,Driving,EXPLICIT,SUPPORTED,SUPPORTED,Worker lost his leg when he was hit by a forklift truck during lifting operations,0,81,True,SOURCE_FACT,EXPLICIT_SOURCE_TEXT,False
EVT-IMCA-1142,IOGP-07,Safe mechanical lifting,EXPLICIT,UNSUPPORTED,UNSUPPORTED,NONE,-1,-1,False,UNGROUNDED,UNGROUNDED,False
EVT-IMCA-1143,IOGP-03,Driving,EXPLICIT,AMBIGUOUS,AMBIGUOUS,Worker fatally injured in falling from a scissor-lift platform which collided with another vehicle,0,98,True,DERIVED_FACT,AMBIGUOUS_PARTIAL_MATCH,False
EVT-IMCA-1143,IOGP-09,Working at height,NONE,AMBIGUOUS,AMBIGUOUS,Worker fatally injured in falling from a scissor-lift platform which collided with another vehicle,0,98,True,DERIVED_FACT,AMBIGUOUS_PARTIAL_MATCH,False
EVT-IMCA-1144,IOGP-03,Driving,EXPLICIT,DERIVED,DERIVED,Worker struck and injured by tipper truck,0,41,True,SOURCE_FACT,EXPLICIT_SOURCE_TEXT,False
EVT-IMCA-1145,IOGP-06,Line of fire,EXPLICIT,AMBIGUOUS,AMBIGUOUS,Near miss: potential dropped object left on top of cargo,0,56,True,DERIVED_FACT,AMBIGUOUS_PARTIAL_MATCH,False
EVT-IMCA-1146,IOGP-06,Line of fire,EXPLICIT,UNSUPPORTED,UNSUPPORTED,NONE,-1,-1,False,UNGROUNDED,UNGROUNDED,False
EVT-IMCA-1147,IOGP-05,Hot work,EXPLICIT,DERIVED,DERIVED,High potential near miss: dropped object – spark arrestor,0,57,True,SOURCE_FACT,EXPLICIT_SOURCE_TEXT,False
EVT-IMCA-1147,IOGP-06,Line of fire,EXPLICIT,AMBIGUOUS,AMBIGUOUS,High potential near miss: dropped object – spark arrestor,0,57,True,DERIVED_FACT,AMBIGUOUS_PARTIAL_MATCH,False
EVT-IMCA-1148,IOGP-06,Line of fire,EXPLICIT,AMBIGUOUS,AMBIGUOUS,High potential dropped object – satellite dome fell from mast,0,61,True,DERIVED_FACT,AMBIGUOUS_PARTIAL_MATCH,False
EVT-IMCA-1149,IOGP-06,Line of fire,EXPLICIT,AMBIGUOUS,AMBIGUOUS,Galvanic corrosion causes dropped object – satellite dome fell from mast,0,72,True,DERIVED_FACT,AMBIGUOUS_PARTIAL_MATCH,False
EVT-IMCA-1151,IOGP-07,Safe mechanical lifting,EXPLICIT,UNSUPPORTED,UNSUPPORTED,NONE,-1,-1,False,UNGROUNDED,UNGROUNDED,False
EVT-IMCA-1160,IOGP-06,Line of fire,EXPLICIT,AMBIGUOUS,AMBIGUOUS,Step Change in Safety reports an incident in which there was a potential dropped object due to an unsecured door on a load,0,122,True,DERIVED_FACT,AMBIGUOUS_PARTIAL_MATCH,False
EVT-IMCA-1164,IOGP-07,Safe mechanical lifting,EXPLICIT,DERIVED,DERIVED,"hor handling operations, one anchor was on deck and crew were required to connect a wire socket to the anchor by using a shackle",10,138,True,SOURCE_FACT,EXPLICIT_SOURCE_TEXT,False
EVT-IMCA-1166,IOGP-02,Confined space,DERIVED,UNSUPPORTED,UNSUPPORTED,NONE,-1,-1,False,UNGROUNDED,UNGROUNDED,False
EVT-IMCA-1168,IOGP-08,Work authorization,EXPLICIT,DERIVED,DERIVED,"rine environment, the underlying issues involved – traffic management and separation, planning and safe systems of work, risk assessment, work at height etc",51,207,True,SOURCE_FACT,EXPLICIT_SOURCE_TEXT,False
EVT-IMCA-1175,IOGP-03,Driving,DERIVED,UNSUPPORTED,UNSUPPORTED,NONE,-1,-1,False,UNGROUNDED,UNGROUNDED,False
EVT-IMCA-1175,IOGP-08,Work authorization,EXPLICIT,DERIVED,DERIVED,"rine environment, the underlying issues involved – traffic management and separation, planning and safe systems of work, risk assessment, work at height etc",51,207,True,SOURCE_FACT,EXPLICIT_SOURCE_TEXT,False
EVT-IMCA-1181,IOGP-06,Line of fire,DERIVED,UNSUPPORTED,UNSUPPORTED,NONE,-1,-1,False,UNGROUNDED,UNGROUNDED,False
EVT-IMCA-1181,IOGP-07,Safe mechanical lifting,EXPLICIT,AMBIGUOUS,AMBIGUOUS,A Member reports a near miss incident in which a worker was almost hit by a ‘cherry picker’ mobile crane,0,104,True,DERIVED_FACT,AMBIGUOUS_PARTIAL_MATCH,False
EVT-IMCA-1185,IOGP-03,Driving,DERIVED,UNSUPPORTED,UNSUPPORTED,NONE,-1,-1,False,UNGROUNDED,UNGROUNDED,False
EVT-IMCA-1189,IOGP-07,Safe mechanical lifting,EXPLICIT,SUPPORTED,SUPPORTED,A winch wire failed causing a pennant assembly and wire to fall directly into a crane basket,0,92,True,SOURCE_FACT,EXPLICIT_SOURCE_TEXT,False
EVT-IMCA-1195,IOGP-09,Working at height,EXPLICIT,AMBIGUOUS,AMBIGUOUS,The Marine Safety Forum (MSF) reports an incident in which a piece of grating weighing 17kg fell from a load,0,108,True,DERIVED_FACT,AMBIGUOUS_PARTIAL_MATCH,False
EVT-IMCA-1196,IOGP-09,Working at height,EXPLICIT,AMBIGUOUS,AMBIGUOUS,The Marine Safety Forum (MSF) reports an incident in which a piece of grating weighing 17kg fell from a load,0,108,True,DERIVED_FACT,AMBIGUOUS_PARTIAL_MATCH,False
EVT-IMCA-1201,IOGP-07,Safe mechanical lifting,EXPLICIT,AMBIGUOUS,AMBIGUOUS,A crane operator stepped on a loose piece of grating on the crane walkway,0,73,True,DERIVED_FACT,AMBIGUOUS_PARTIAL_MATCH,False
EVT-IMCA-1201,IOGP-09,Working at height,EXPLICIT,AMBIGUOUS,AMBIGUOUS,A crane operator stepped on a loose piece of grating on the crane walkway,0,73,True,DERIVED_FACT,AMBIGUOUS_PARTIAL_MATCH,False
EVT-IMCA-1202,IOGP-09,Working at height,EXPLICIT,AMBIGUOUS,AMBIGUOUS,"During flow-line installation work on an oil platform, a section of plastic grating became dislodged as a crewman stepped on it",0,127,True,DERIVED_FACT,AMBIGUOUS_PARTIAL_MATCH,False
EVT-IMCA-1203,IOGP-09,Working at height,EXPLICIT,AMBIGUOUS,AMBIGUOUS,"During flow-line installation work on an oil platform, a section of plastic grating became dislodged as a crewman stepped on it",0,127,True,DERIVED_FACT,AMBIGUOUS_PARTIAL_MATCH,False
EVT-IMCA-1207,IOGP-07,Safe mechanical lifting,EXPLICIT,UNSUPPORTED,UNSUPPORTED,NONE,-1,-1,False,UNGROUNDED,UNGROUNDED,False
EVT-IMCA-1210,IOGP-06,Line of fire,EXPLICIT,UNSUPPORTED,UNSUPPORTED,NONE,-1,-1,False,UNGROUNDED,UNGROUNDED,False
EVT-IMCA-1211,IOGP-07,Safe mechanical lifting,EXPLICIT,SUPPORTED,SUPPORTED,"IMCA has been advised that there has been a recent increase in counterfeit training certificates in circulation for crane operators, riggers, banksman/slingers etc",0,163,True,SOURCE_FACT,EXPLICIT_SOURCE_TEXT,False
EVT-IMCA-1213,IOGP-03,Driving,EXPLICIT,AMBIGUOUS,AMBIGUOUS,"n IOGP safety alert recounts how, at a land-based seismic survey camp, a worker was trapped and injured when a reversing vehicle did not stop",1,142,True,DERIVED_FACT,AMBIGUOUS_PARTIAL_MATCH,False
EVT-IMCA-1214,IOGP-03,Driving,EXPLICIT,UNSUPPORTED,UNSUPPORTED,NONE,-1,-1,False,UNGROUNDED,UNGROUNDED,False
EVT-IMCA-1217,IOGP-07,Safe mechanical lifting,EXPLICIT,AMBIGUOUS,AMBIGUOUS,"During lifting operations with the main crane, a buffer plate fell from the crane boom",0,86,True,DERIVED_FACT,AMBIGUOUS_PARTIAL_MATCH,False
EVT-IMCA-1219,IOGP-06,Line of fire,EXPLICIT,SUPPORTED,SUPPORTED,"was an uncontrolled movement of a crane block, resulting in a pennant striking a supply vessel, placing personnel in the line of fire",62,195,True,SOURCE_FACT,EXPLICIT_SOURCE_TEXT,False
EVT-IMCA-1219,IOGP-07,Safe mechanical lifting,EXPLICIT,AMBIGUOUS,AMBIGUOUS,"During bunkering operations between two vessels at sea, there was an uncontrolled movement of a crane block, resulting in a pennant striking a supply vessel, placing personnel in the line of fire",0,195,True,DERIVED_FACT,AMBIGUOUS_PARTIAL_MATCH,False
EVT-IMCA-1220,IOGP-07,Safe mechanical lifting,EXPLICIT,UNSUPPORTED,UNSUPPORTED,NONE,-1,-1,False,UNGROUNDED,UNGROUNDED,False
EVT-IMCA-1234,IOGP-06,Line of fire,NONE,AMBIGUOUS,AMBIGUOUS,"During at-sea bunkering operations between two vessels, a mooring line parted and then a fuel hose parted also",0,110,True,DERIVED_FACT,AMBIGUOUS_PARTIAL_MATCH,False
EVT-IMCA-1235,IOGP-07,Safe mechanical lifting,DERIVED,DERIVED,DERIVED,During a routine marine inspection of a vessel it was observed that rope lines had been attached to the mooring winch control levers to facilitate ‘remote’ operation of the winches,0,180,True,SOURCE_FACT,EXPLICIT_SOURCE_TEXT,False
EVT-IMCA-1244,IOGP-07,Safe mechanical lifting,EXPLICIT,DERIVED,DERIVED,An Ordinary Seaman was injured while rigging the pilot ladder during arrival in port,0,84,True,SOURCE_FACT,EXPLICIT_SOURCE_TEXT,False
EVT-IMCA-1246,IOGP-05,Hot work,NONE,AMBIGUOUS,AMBIGUOUS,igniting,229,237,True,DERIVED_FACT,AMBIGUOUS_PARTIAL_MATCH,False
EVT-IMCA-1249,IOGP-07,Safe mechanical lifting,DERIVED,UNSUPPORTED,UNSUPPORTED,NONE,-1,-1,False,UNGROUNDED,UNGROUNDED,False
EVT-IMCA-1252,IOGP-07,Safe mechanical lifting,EXPLICIT,UNSUPPORTED,UNSUPPORTED,NONE,-1,-1,False,UNGROUNDED,UNGROUNDED,False
EVT-IMCA-1253,IOGP-07,Safe mechanical lifting,EXPLICIT,DERIVED,DERIVED,The MSF has published Safety Alert 17-03 in which lifting rigging got snagged on an open top mini basket type unit,0,114,True,SOURCE_FACT,EXPLICIT_SOURCE_TEXT,False
EVT-IMCA-1260,IOGP-07,Safe mechanical lifting,EXPLICIT,DERIVED,DERIVED,A crew member's left index finger was nipped between the head of the shackle and the body of the shackle,0,104,True,SOURCE_FACT,EXPLICIT_SOURCE_TEXT,False
EVT-IMCA-1263,IOGP-07,Safe mechanical lifting,DERIVED,DERIVED,DERIVED,F) has issued Safety Alert 17-01 about an incident in which an Able Seaman's foot was crushed while operating the tugger winch,27,153,True,SOURCE_FACT,EXPLICIT_SOURCE_TEXT,False
EVT-IMCA-1272,IOGP-07,Safe mechanical lifting,EXPLICIT,UNSUPPORTED,UNSUPPORTED,NONE,-1,-1,False,UNGROUNDED,UNGROUNDED,False
EVT-IMCA-1274,IOGP-06,Line of fire,EXPLICIT,UNSUPPORTED,UNSUPPORTED,NONE,-1,-1,False,UNGROUNDED,UNGROUNDED,False
EVT-IMCA-1274,IOGP-07,Safe mechanical lifting,EXPLICIT,UNSUPPORTED,UNSUPPORTED,NONE,-1,-1,False,UNGROUNDED,UNGROUNDED,False
EVT-IMCA-1275,IOGP-05,Hot work,EXPLICIT,UNSUPPORTED,UNSUPPORTED,NONE,-1,-1,False,UNGROUNDED,UNGROUNDED,False
EVT-IMCA-1275,IOGP-07,Safe mechanical lifting,EXPLICIT,DERIVED,DERIVED,"During operations, it was observed that the connecting shackle pins on two separate items of overhead equipment (fall arrest inertia reels) were loose and could have become detached",0,181,True,SOURCE_FACT,EXPLICIT_SOURCE_TEXT,False
EVT-IMCA-1275,IOGP-09,Working at height,EXPLICIT,UNSUPPORTED,UNSUPPORTED,NONE,-1,-1,False,UNGROUNDED,UNGROUNDED,False
EVT-IMCA-1276,IOGP-03,Driving,EXPLICIT,DERIVED,DERIVED,UK Step Change in Safety has published a ‘Safety Moment’ describing an incident in which a car travelling along a road near a port was struck by an object,0,154,True,SOURCE_FACT,EXPLICIT_SOURCE_TEXT,False
EVT-IMCA-1276,IOGP-06,Line of fire,EXPLICIT,DERIVED,DERIVED,struck by,135,144,True,SOURCE_FACT,EXPLICIT_SOURCE_TEXT,False
EVT-IMCA-1277,IOGP-03,Driving,EXPLICIT,DERIVED,DERIVED,UK Step Change in Safety has published a ‘Safety Moment’ describing an incident in which a car travelling along a road near a port was struck by an object,0,154,True,SOURCE_FACT,EXPLICIT_SOURCE_TEXT,False
EVT-IMCA-1277,IOGP-06,Line of fire,EXPLICIT,DERIVED,DERIVED,struck by,135,144,True,SOURCE_FACT,EXPLICIT_SOURCE_TEXT,False
EVT-IMCA-1293,IOGP-07,Safe mechanical lifting,EXPLICIT,AMBIGUOUS,AMBIGUOUS,"have taken place during cargo operations offshore causing damage to vessels, the cargo, and/or the offshore installation crane",92,218,True,DERIVED_FACT,AMBIGUOUS_PARTIAL_MATCH,False
EVT-IMCA-1298,IOGP-01,Bypassing safety controls,NONE,AMBIGUOUS,AMBIGUOUS,r has reported a near miss incident in which it was discovered that an emergency fire pump could not be started from the bridge,7,134,True,DERIVED_FACT,AMBIGUOUS_PARTIAL_MATCH,False
EVT-IMCA-1302,IOGP-03,Driving,EXPLICIT,DERIVED,DERIVED,A member has reported an incident in which a person was struck by a shipyard forklift while returning to the vessel from the yard machine shop,0,142,True,SOURCE_FACT,EXPLICIT_SOURCE_TEXT,False
EVT-IMCA-1302,IOGP-06,Line of fire,EXPLICIT,DERIVED,DERIVED,A member has reported an incident in which a person was struck by a shipyard forklift while returning to the vessel from the yard machine shop,0,142,True,SOURCE_FACT,EXPLICIT_SOURCE_TEXT,False
EVT-IMCA-1303,IOGP-09,Working at height,NONE,DERIVED,DERIVED,afety Executive (UK HSE) has published two recent news alerts covering prosecutions of companies responsible for someone falling from height,19,159,True,SOURCE_FACT,EXPLICIT_SOURCE_TEXT,False
EVT-IMCA-1305,IOGP-09,Working at height,EXPLICIT,DERIVED,DERIVED,The UK Marine Accident Investigation Branch (MAIB) has published Report 1/2017 regarding a fatal fall from height during cargo operations,0,137,True,SOURCE_FACT,EXPLICIT_SOURCE_TEXT,False
EVT-IMCA-1306,IOGP-09,Working at height,EXPLICIT,DERIVED,DERIVED,The UK Marine Accident Investigation Branch (MAIB) has published Report 1/2017 regarding a fatal fall from height during cargo operations,0,137,True,SOURCE_FACT,EXPLICIT_SOURCE_TEXT,False
EVT-IMCA-1313,IOGP-07,Safe mechanical lifting,EXPLICIT,AMBIGUOUS,AMBIGUOUS,Offshore crane safety systems,0,29,True,DERIVED_FACT,AMBIGUOUS_PARTIAL_MATCH,False
EVT-IMCA-1315,IOGP-06,Line of fire,EXPLICIT,AMBIGUOUS,AMBIGUOUS,Near-miss: Dropped object from crane,0,36,True,DERIVED_FACT,AMBIGUOUS_PARTIAL_MATCH,False
EVT-IMCA-1315,IOGP-07,Safe mechanical lifting,EXPLICIT,AMBIGUOUS,AMBIGUOUS,Near-miss: Dropped object from crane,0,36,True,DERIVED_FACT,AMBIGUOUS_PARTIAL_MATCH,False
EVT-IMCA-1326,IOGP-06,Line of fire,EXPLICIT,AMBIGUOUS,AMBIGUOUS,Dropped object near-miss: Crane rest damage,0,43,True,DERIVED_FACT,AMBIGUOUS_PARTIAL_MATCH,False
EVT-IMCA-1326,IOGP-07,Safe mechanical lifting,EXPLICIT,AMBIGUOUS,AMBIGUOUS,Dropped object near-miss: Crane rest damage,0,43,True,DERIVED_FACT,AMBIGUOUS_PARTIAL_MATCH,False
EVT-IMCA-1328,IOGP-09,Working at height,EXPLICIT,DERIVED,DERIVED,Fatal fall from height,0,22,True,SOURCE_FACT,EXPLICIT_SOURCE_TEXT,False
EVT-IMCA-1336,IOGP-09,Working at height,NONE,AMBIGUOUS,AMBIGUOUS,Fatal fall from tug Svitzer Moira,0,33,True,DERIVED_FACT,AMBIGUOUS_PARTIAL_MATCH,False
EVT-IMCA-1341,IOGP-07,Safe mechanical lifting,EXPLICIT,UNSUPPORTED,UNSUPPORTED,NONE,-1,-1,False,UNGROUNDED,UNGROUNDED,False
EVT-IMCA-1342,IOGP-07,Safe mechanical lifting,EXPLICIT,AMBIGUOUS,AMBIGUOUS,Crane malfunction during lifting operations,0,43,True,DERIVED_FACT,AMBIGUOUS_PARTIAL_MATCH,False
EVT-IMCA-1345,IOGP-06,Line of fire,EXPLICIT,AMBIGUOUS,AMBIGUOUS,Dropped object awareness,0,24,True,DERIVED_FACT,AMBIGUOUS_PARTIAL_MATCH,False
EVT-IMCA-1347,IOGP-06,Line of fire,EXPLICIT,SUPPORTED,SUPPORTED,Line of fire LTI: Finger injury during lifting operations,0,57,True,SOURCE_FACT,EXPLICIT_SOURCE_TEXT,False
EVT-IMCA-1347,IOGP-07,Safe mechanical lifting,EXPLICIT,UNSUPPORTED,UNSUPPORTED,NONE,-1,-1,False,UNGROUNDED,UNGROUNDED,False
EVT-IMCA-1360,IOGP-03,Driving,NONE,AMBIGUOUS,AMBIGUOUS,Collision between vessels,0,25,True,DERIVED_FACT,AMBIGUOUS_PARTIAL_MATCH,False
EVT-IMCA-1364,IOGP-05,Hot work,EXPLICIT,SUPPORTED,SUPPORTED,Near-miss: Welding in ‘no hot work’ zone,0,40,True,SOURCE_FACT,EXPLICIT_SOURCE_TEXT,False
EVT-IMCA-1367,IOGP-06,Line of fire,EXPLICIT,AMBIGUOUS,AMBIGUOUS,Dropped object fell from crane – Poor communication/lack of awareness/control of work,0,85,True,DERIVED_FACT,AMBIGUOUS_PARTIAL_MATCH,False
EVT-IMCA-1367,IOGP-07,Safe mechanical lifting,EXPLICIT,AMBIGUOUS,AMBIGUOUS,Dropped object fell from crane – Poor communication/lack of awareness/control of work,0,85,True,DERIVED_FACT,AMBIGUOUS_PARTIAL_MATCH,False
EVT-IMCA-1368,IOGP-06,Line of fire,EXPLICIT,AMBIGUOUS,AMBIGUOUS,Dropped object – Failure of split head elbow on bolts,0,53,True,DERIVED_FACT,AMBIGUOUS_PARTIAL_MATCH,False
EVT-IMCA-1369,IOGP-09,Working at height,EXPLICIT,SUPPORTED,SUPPORTED,Working at height – Use of wooden handled hammers,0,49,True,SOURCE_FACT,EXPLICIT_SOURCE_TEXT,False
EVT-IMCA-1370,IOGP-06,Line of fire,EXPLICIT,AMBIGUOUS,AMBIGUOUS,High potential near-miss: Dropped object,0,40,True,DERIVED_FACT,AMBIGUOUS_PARTIAL_MATCH,False
EVT-IMCA-1371,IOGP-02,Confined space,EXPLICIT,AMBIGUOUS,AMBIGUOUS,Confined space fatality – Sharp Lady,0,36,True,DERIVED_FACT,AMBIGUOUS_PARTIAL_MATCH,False
EVT-IMCA-1373,IOGP-06,Line of fire,EXPLICIT,AMBIGUOUS,AMBIGUOUS,Potential dropped object during cargo offloading operations,0,59,True,DERIVED_FACT,AMBIGUOUS_PARTIAL_MATCH,False
EVT-IMCA-1374,IOGP-07,Safe mechanical lifting,EXPLICIT,UNSUPPORTED,UNSUPPORTED,NONE,-1,-1,False,UNGROUNDED,UNGROUNDED,False
EVT-IMCA-1376,IOGP-05,Hot work,EXPLICIT,AMBIGUOUS,AMBIGUOUS,Proper care of oxy-acetylene cutting and welding equipment,0,58,True,DERIVED_FACT,AMBIGUOUS_PARTIAL_MATCH,False
EVT-IMCA-1378,IOGP-07,Safe mechanical lifting,EXPLICIT,DERIVED,DERIVED,Lifting sling failure on freefall lifeboat,0,42,True,SOURCE_FACT,EXPLICIT_SOURCE_TEXT,False
EVT-IMCA-1379,IOGP-07,Safe mechanical lifting,EXPLICIT,UNSUPPORTED,UNSUPPORTED,NONE,-1,-1,False,UNGROUNDED,UNGROUNDED,False
EVT-IMCA-1387,IOGP-07,Safe mechanical lifting,EXPLICIT,AMBIGUOUS,AMBIGUOUS,"Routine’ task, non-routine result: A fall from a crane ladder leads to an LTI",0,77,True,DERIVED_FACT,AMBIGUOUS_PARTIAL_MATCH,False
EVT-IMCA-1387,IOGP-09,Working at height,NONE,DERIVED,DERIVED,"Routine’ task, non-routine result: A fall from a crane ladder leads to an LTI",0,77,True,SOURCE_FACT,EXPLICIT_SOURCE_TEXT,False
EVT-IMCA-1391,IOGP-06,Line of fire,NONE,AMBIGUOUS,AMBIGUOUS,Stored pressure release near-miss: Small part expelled from hydraulic winch,0,75,True,DERIVED_FACT,AMBIGUOUS_PARTIAL_MATCH,False
EVT-IMCA-1391,IOGP-07,Safe mechanical lifting,DERIVED,DERIVED,DERIVED,Stored pressure release near-miss: Small part expelled from hydraulic winch,0,75,True,SOURCE_FACT,EXPLICIT_SOURCE_TEXT,False
EVT-IMCA-1397,IOGP-03,Driving,NONE,AMBIGUOUS,AMBIGUOUS,Collision whilst drifting,0,25,True,DERIVED_FACT,AMBIGUOUS_PARTIAL_MATCH,False
EVT-IMCA-1401,IOGP-06,Line of fire,EXPLICIT,AMBIGUOUS,AMBIGUOUS,Dropped object: Signage dropped from crane boom,0,47,True,DERIVED_FACT,AMBIGUOUS_PARTIAL_MATCH,False
EVT-IMCA-1401,IOGP-07,Safe mechanical lifting,EXPLICIT,AMBIGUOUS,AMBIGUOUS,Dropped object: Signage dropped from crane boom,0,47,True,DERIVED_FACT,AMBIGUOUS_PARTIAL_MATCH,False
EVT-IMCA-1404,IOGP-07,Safe mechanical lifting,EXPLICIT,SUPPORTED,SUPPORTED,Near-miss: Rigging recovered with missing nut from tri-plate shackle,0,68,True,SOURCE_FACT,EXPLICIT_SOURCE_TEXT,False
EVT-IMCA-1407,IOGP-05,Hot work,EXPLICIT,UNSUPPORTED,UNSUPPORTED,NONE,-1,-1,False,UNGROUNDED,UNGROUNDED,False
EVT-IMCA-1407,IOGP-07,Safe mechanical lifting,EXPLICIT,AMBIGUOUS,AMBIGUOUS,Serious incident: Pad eye fell from crane boom and struck rigger,0,64,True,DERIVED_FACT,AMBIGUOUS_PARTIAL_MATCH,False
EVT-IMCA-1408,IOGP-06,Line of fire,EXPLICIT,AMBIGUOUS,AMBIGUOUS,Potential dropped object: Inbound cargo,0,39,True,DERIVED_FACT,AMBIGUOUS_PARTIAL_MATCH,False
EVT-IMCA-1409,IOGP-06,Line of fire,EXPLICIT,AMBIGUOUS,AMBIGUOUS,Dropped object: Tank dog,0,24,True,DERIVED_FACT,AMBIGUOUS_PARTIAL_MATCH,False
EVT-IMCA-1412,IOGP-07,Safe mechanical lifting,EXPLICIT,UNSUPPORTED,UNSUPPORTED,NONE,-1,-1,False,UNGROUNDED,UNGROUNDED,False
EVT-IMCA-1413,IOGP-06,Line of fire,EXPLICIT,DERIVED,DERIVED,First aid injury: Person struck by wire under tension,0,53,True,SOURCE_FACT,EXPLICIT_SOURCE_TEXT,False
EVT-IMCA-1417,IOGP-07,Safe mechanical lifting,EXPLICIT,DERIVED,DERIVED,Fatalities caused by crane collapse following metal fatigue,0,59,True,SOURCE_FACT,EXPLICIT_SOURCE_TEXT,False
EVT-IMCA-1418,IOGP-03,Driving,EXPLICIT,DERIVED,DERIVED,Fatality: Crew member struck by forklift during quayside operations,0,67,True,SOURCE_FACT,EXPLICIT_SOURCE_TEXT,False
EVT-IMCA-1418,IOGP-06,Line of fire,EXPLICIT,DERIVED,DERIVED,Fatality: Crew member struck by forklift during quayside operations,0,67,True,SOURCE_FACT,EXPLICIT_SOURCE_TEXT,False
EVT-IMCA-1419,IOGP-03,Driving,NONE,AMBIGUOUS,AMBIGUOUS,Vessel in collision with floating dock,0,38,True,DERIVED_FACT,AMBIGUOUS_PARTIAL_MATCH,False
EVT-IMCA-1423,IOGP-06,Line of fire,NONE,AMBIGUOUS,AMBIGUOUS,Fatality: Stored pressure release,0,33,True,DERIVED_FACT,AMBIGUOUS_PARTIAL_MATCH,False
EVT-IMCA-1427,IOGP-06,Line of fire,EXPLICIT,AMBIGUOUS,AMBIGUOUS,Dropped object fell 12m and hit worker,0,38,True,DERIVED_FACT,AMBIGUOUS_PARTIAL_MATCH,False
EVT-IMCA-1432,IOGP-03,Driving,EXPLICIT,DERIVED,DERIVED,"Listing, flooding and grounding of vehicle carrier Hoegh Osaka",0,62,True,SOURCE_FACT,EXPLICIT_SOURCE_TEXT,False
EVT-IMCA-1443,IOGP-06,Line of fire,NONE,DERIVED,DERIVED,Finger injury: pinch point,0,26,True,SOURCE_FACT,EXPLICIT_SOURCE_TEXT,False
EVT-IMCA-1444,IOGP-06,Line of fire,NONE,AMBIGUOUS,AMBIGUOUS,Lost time injury (LTI): Stored pressure release – Crewman lost an eye,0,69,True,DERIVED_FACT,AMBIGUOUS_PARTIAL_MATCH,False
EVT-IMCA-1448,IOGP-05,Hot work,EXPLICIT,UNSUPPORTED,UNSUPPORTED,NONE,-1,-1,False,UNGROUNDED,UNGROUNDED,False
EVT-IMCA-1448,IOGP-06,Line of fire,EXPLICIT,DERIVED,DERIVED,Worker killed when struck by a load on a moving crane,0,53,True,SOURCE_FACT,EXPLICIT_SOURCE_TEXT,False
EVT-IMCA-1448,IOGP-07,Safe mechanical lifting,EXPLICIT,AMBIGUOUS,AMBIGUOUS,Worker killed when struck by a load on a moving crane,0,53,True,DERIVED_FACT,AMBIGUOUS_PARTIAL_MATCH,False
EVT-IMCA-1452,IOGP-07,Safe mechanical lifting,DERIVED,DERIVED,DERIVED,High potential near-miss: Failure of both divers’ breathing air supply and dive stage recovery winch,0,100,True,SOURCE_FACT,EXPLICIT_SOURCE_TEXT,False
EVT-IMCA-1455,IOGP-02,Confined space,EXPLICIT,SUPPORTED,SUPPORTED,Confined space entry incidents – a reminder,0,43,True,SOURCE_FACT,EXPLICIT_SOURCE_TEXT,False
EVT-IMCA-1457,IOGP-07,Safe mechanical lifting,EXPLICIT,UNSUPPORTED,UNSUPPORTED,NONE,-1,-1,False,UNGROUNDED,UNGROUNDED,False
EVT-IMCA-1461,IOGP-07,Safe mechanical lifting,EXPLICIT,AMBIGUOUS,AMBIGUOUS,7 kg -fell from a crane block onto the deck,93,136,True,DERIVED_FACT,AMBIGUOUS_PARTIAL_MATCH,False
EVT-IMCA-1462,IOGP-07,Safe mechanical lifting,EXPLICIT,AMBIGUOUS,AMBIGUOUS,Two members have reported incidents in which a Teflon pad fell from a crane rest during the parking of the crane,0,112,True,DERIVED_FACT,AMBIGUOUS_PARTIAL_MATCH,False
EVT-IMCA-1464,IOGP-07,Safe mechanical lifting,EXPLICIT,AMBIGUOUS,AMBIGUOUS,A member has reported an incident in which a crane boom failed under load while lifting a 37T load,0,98,True,DERIVED_FACT,AMBIGUOUS_PARTIAL_MATCH,False
EVT-IMCA-1481,IOGP-06,Line of fire,EXPLICIT,SUPPORTED,SUPPORTED,Line of fire injury – Man struck in face by hammer,0,50,True,SOURCE_FACT,EXPLICIT_SOURCE_TEXT,False
EVT-IMCA-1484,IOGP-05,Hot work,EXPLICIT,UNSUPPORTED,UNSUPPORTED,NONE,-1,-1,False,UNGROUNDED,UNGROUNDED,False
EVT-IMCA-1484,IOGP-06,Line of fire,EXPLICIT,DERIVED,DERIVED,The Workplace Safety & Health Council of Singapore (WSH) published two recent safety alerts regarding dropped object fatal incidents where workers have been struck and killed by falling loads during lifting operations,0,217,True,SOURCE_FACT,EXPLICIT_SOURCE_TEXT,False
EVT-IMCA-1484,IOGP-07,Safe mechanical lifting,EXPLICIT,UNSUPPORTED,UNSUPPORTED,NONE,-1,-1,False,UNGROUNDED,UNGROUNDED,False
EVT-IMCA-1485,IOGP-02,Confined space,DERIVED,DERIVED,DERIVED,"A member has reported an incident in which the valve on a cargo tank was damaged, causing a leak of approximately 1000 litres of methanol",0,137,True,SOURCE_FACT,EXPLICIT_SOURCE_TEXT,False
EVT-IMCA-1486,IOGP-07,Safe mechanical lifting,EXPLICIT,AMBIGUOUS,AMBIGUOUS,"A Member has reported a number of recent incidents resulting from poor crane operations on the part of the crews of platforms, barges and other installations operated by third parties, clients or o",0,197,True,DERIVED_FACT,AMBIGUOUS_PARTIAL_MATCH,False
EVT-IMCA-1488,IOGP-02,Confined space,EXPLICIT,AMBIGUOUS,AMBIGUOUS,Fall from height in a confined space,0,36,True,DERIVED_FACT,AMBIGUOUS_PARTIAL_MATCH,False
EVT-IMCA-1488,IOGP-09,Working at height,EXPLICIT,DERIVED,DERIVED,Fall from height in a confined space,0,36,True,SOURCE_FACT,EXPLICIT_SOURCE_TEXT,False
EVT-IMCA-1489,IOGP-04,Energy isolation,EXPLICIT,DERIVED,DERIVED,Electrical shock – Failure of isolations and barriers,0,53,True,SOURCE_FACT,EXPLICIT_SOURCE_TEXT,False
EVT-IMCA-1490,IOGP-05,Hot work,EXPLICIT,UNSUPPORTED,UNSUPPORTED,NONE,-1,-1,False,UNGROUNDED,UNGROUNDED,False
EVT-IMCA-1490,IOGP-06,Line of fire,EXPLICIT,DERIVED,DERIVED,Crewman struck by sling during anchor handling operations,0,57,True,SOURCE_FACT,EXPLICIT_SOURCE_TEXT,False
EVT-IMCA-1490,IOGP-07,Safe mechanical lifting,EXPLICIT,DERIVED,DERIVED,Crewman struck by sling during anchor handling operations,0,57,True,SOURCE_FACT,EXPLICIT_SOURCE_TEXT,False
EVT-IMCA-1491,IOGP-06,Line of fire,EXPLICIT,AMBIGUOUS,AMBIGUOUS,Dropped object near-miss: Lifting,0,33,True,DERIVED_FACT,AMBIGUOUS_PARTIAL_MATCH,False
EVT-IMCA-1491,IOGP-07,Safe mechanical lifting,EXPLICIT,UNSUPPORTED,UNSUPPORTED,NONE,-1,-1,False,UNGROUNDED,UNGROUNDED,False
EVT-IMCA-1492,IOGP-06,Line of fire,EXPLICIT,AMBIGUOUS,AMBIGUOUS,Dropped object near-miss: ROV wire rope,0,39,True,DERIVED_FACT,AMBIGUOUS_PARTIAL_MATCH,False
EVT-IMCA-1493,IOGP-02,Confined space,EXPLICIT,AMBIGUOUS,AMBIGUOUS,Confined space fatality in shipyard,0,35,True,DERIVED_FACT,AMBIGUOUS_PARTIAL_MATCH,False
EVT-IMCA-1496,IOGP-06,Line of fire,EXPLICIT,DERIVED,DERIVED,A member has reported an incident in which a rigger was struck by a winch wire and sustained a fractured arm,0,108,True,SOURCE_FACT,EXPLICIT_SOURCE_TEXT,False
EVT-IMCA-1496,IOGP-07,Safe mechanical lifting,EXPLICIT,DERIVED,DERIVED,A member has reported an incident in which a rigger was struck by a winch wire and sustained a fractured arm,0,108,True,SOURCE_FACT,EXPLICIT_SOURCE_TEXT,False
EVT-IMCA-1500,IOGP-03,Driving,NONE,AMBIGUOUS,AMBIGUOUS,Collision between crew boat and anchored barge,0,46,True,DERIVED_FACT,AMBIGUOUS_PARTIAL_MATCH,False
EVT-IMCA-1501,IOGP-02,Confined space,EXPLICIT,SUPPORTED,SUPPORTED,Confined space entry fatalities,0,31,True,SOURCE_FACT,EXPLICIT_SOURCE_TEXT,False
EVT-IMCA-1507,IOGP-06,Line of fire,EXPLICIT,AMBIGUOUS,AMBIGUOUS,"The Marine Safety Forum has published a safety flash regarding a recent near miss dropped object incident, in which parts fell from a crane",0,139,True,DERIVED_FACT,AMBIGUOUS_PARTIAL_MATCH,False
EVT-IMCA-1507,IOGP-07,Safe mechanical lifting,EXPLICIT,AMBIGUOUS,AMBIGUOUS,"fety Forum has published a safety flash regarding a recent near miss dropped object incident, in which parts fell from a crane",13,139,True,DERIVED_FACT,AMBIGUOUS_PARTIAL_MATCH,False
EVT-IMCA-1508,IOGP-06,Line of fire,EXPLICIT,AMBIGUOUS,AMBIGUOUS,Near-miss: Dropped object fell from crane boom,0,46,True,DERIVED_FACT,AMBIGUOUS_PARTIAL_MATCH,False
EVT-IMCA-1508,IOGP-07,Safe mechanical lifting,EXPLICIT,AMBIGUOUS,AMBIGUOUS,Near-miss: Dropped object fell from crane boom,0,46,True,DERIVED_FACT,AMBIGUOUS_PARTIAL_MATCH,False
EVT-IMCA-1509,IOGP-06,Line of fire,EXPLICIT,AMBIGUOUS,AMBIGUOUS,Dropped object near-miss: Antenna parts worked loose and fell to deck,0,69,True,DERIVED_FACT,AMBIGUOUS_PARTIAL_MATCH,False
EVT-IMCA-1510,IOGP-07,Safe mechanical lifting,EXPLICIT,UNSUPPORTED,UNSUPPORTED,NONE,-1,-1,False,UNGROUNDED,UNGROUNDED,False
EVT-IMCA-1511,IOGP-05,Hot work,NONE,AMBIGUOUS,AMBIGUOUS,Poor storage leading to failure and disintegration of cutting discs,0,67,True,DERIVED_FACT,AMBIGUOUS_PARTIAL_MATCH,False
EVT-IMCA-1515,IOGP-05,Hot work,DERIVED,DERIVED,DERIVED,A member has reported an incident in which a welder injured his finger whilst at work,0,85,True,SOURCE_FACT,EXPLICIT_SOURCE_TEXT,False
EVT-IMCA-1518,IOGP-03,Driving,EXPLICIT,AMBIGUOUS,AMBIGUOUS,on Board (DMAIB) has published a report on an incident involving a fire on an offshore renewables industry crew transfer vehicle (CTV),40,174,True,DERIVED_FACT,AMBIGUOUS_PARTIAL_MATCH,False
EVT-IMCA-1521,IOGP-05,Hot work,EXPLICIT,SUPPORTED,SUPPORTED,Near-miss: Hot work in no-weld zone,0,35,True,SOURCE_FACT,EXPLICIT_SOURCE_TEXT,False
EVT-IMCA-1523,IOGP-05,Hot work,DERIVED,DERIVED,DERIVED,USCG: fatalities in engine room fire caused by fuel spray ignition,0,66,True,SOURCE_FACT,EXPLICIT_SOURCE_TEXT,False
EVT-IMCA-1525,IOGP-03,Driving,NONE,AMBIGUOUS,AMBIGUOUS,s reported an incident in which an offshore wind farm Crew Transfer Vessel (CTV) suffered an engine breakdown due to the drive belt automatic tensioner seizing,11,170,True,DERIVED_FACT,AMBIGUOUS_PARTIAL_MATCH,False
EVT-IMCA-1535,IOGP-07,Safe mechanical lifting,EXPLICIT,AMBIGUOUS,AMBIGUOUS,A member has reported an incident in which a chain hoist failed causing a 700kg load to fall into the moonpool,0,110,True,DERIVED_FACT,AMBIGUOUS_PARTIAL_MATCH,False
EVT-IMCA-1536,IOGP-07,Safe mechanical lifting,DERIVED,DERIVED,DERIVED,"A member has reported an incident in which an ROV winch brake failed, leading to the uncontrolled movement of an ROV as approximately 800 m of umbilical ran off the winch drum",0,175,True,SOURCE_FACT,EXPLICIT_SOURCE_TEXT,False
EVT-IMCA-1537,IOGP-07,Safe mechanical lifting,DERIVED,DERIVED,DERIVED,"A member has reported an incident in which an ROV winch brake failed, leading to the uncontrolled movement of an ROV as approximately 800 m of umbilical ran off the winch drum",0,175,True,SOURCE_FACT,EXPLICIT_SOURCE_TEXT,False
EVT-IMCA-1541,IOGP-07,Safe mechanical lifting,EXPLICIT,UNSUPPORTED,UNSUPPORTED,NONE,-1,-1,False,UNGROUNDED,UNGROUNDED,False
EVT-IMCA-1542,IOGP-06,Line of fire,NONE,AMBIGUOUS,AMBIGUOUS,Stored pressure release – hydraulic oil,0,39,True,DERIVED_FACT,AMBIGUOUS_PARTIAL_MATCH,False
EVT-IMCA-1544,IOGP-09,Working at height,EXPLICIT,UNSUPPORTED,UNSUPPORTED,NONE,-1,-1,False,UNGROUNDED,UNGROUNDED,False
EVT-IMCA-1552,IOGP-07,Safe mechanical lifting,EXPLICIT,DERIVED,DERIVED,A company has reported an incident in which there was a failure of lifting slings,0,81,True,SOURCE_FACT,EXPLICIT_SOURCE_TEXT,False
EVT-IMCA-1553,IOGP-06,Line of fire,EXPLICIT,AMBIGUOUS,AMBIGUOUS,Dropped object near-miss: Falling crane block,0,45,True,DERIVED_FACT,AMBIGUOUS_PARTIAL_MATCH,False
EVT-IMCA-1553,IOGP-07,Safe mechanical lifting,EXPLICIT,AMBIGUOUS,AMBIGUOUS,Dropped object near-miss: Falling crane block,0,45,True,DERIVED_FACT,AMBIGUOUS_PARTIAL_MATCH,False
EVT-IMCA-1554,IOGP-06,Line of fire,EXPLICIT,AMBIGUOUS,AMBIGUOUS,MSF: dropped object near-misses,0,31,True,DERIVED_FACT,AMBIGUOUS_PARTIAL_MATCH,False
EVT-IMCA-1555,IOGP-06,Line of fire,EXPLICIT,AMBIGUOUS,AMBIGUOUS,Dropped object: Failure of lump hammer,0,38,True,DERIVED_FACT,AMBIGUOUS_PARTIAL_MATCH,False
EVT-IMCA-1556,IOGP-07,Safe mechanical lifting,EXPLICIT,DERIVED,DERIVED,Near-miss: Missing nut and split pin on shackle,0,47,True,SOURCE_FACT,EXPLICIT_SOURCE_TEXT,False
EVT-IMCA-1560,IOGP-07,Safe mechanical lifting,EXPLICIT,DERIVED,DERIVED,rigging,314,321,True,SOURCE_FACT,EXPLICIT_SOURCE_TEXT,False
EVT-IMCA-1561,IOGP-07,Safe mechanical lifting,EXPLICIT,DERIVED,DERIVED,A member has reported a near miss incident in which rigging was anchored to uncertified points,0,94,True,SOURCE_FACT,EXPLICIT_SOURCE_TEXT,False
EVT-IMCA-1563,IOGP-05,Hot work,EXPLICIT,DERIVED,DERIVED,ted an environmental incident in which flammable substances were disposed of from a vessel in the same bags as potential ignition sources,18,155,True,SOURCE_FACT,EXPLICIT_SOURCE_TEXT,False
EVT-IMCA-1567,IOGP-06,Line of fire,EXPLICIT,AMBIGUOUS,AMBIGUOUS,Near-miss: Dropped object from cargo,0,36,True,DERIVED_FACT,AMBIGUOUS_PARTIAL_MATCH,False
EVT-IMCA-1568,IOGP-03,Driving,NONE,AMBIGUOUS,AMBIGUOUS,Collision and near-miss caused by guard vessel,0,46,True,DERIVED_FACT,AMBIGUOUS_PARTIAL_MATCH,False
EVT-IMCA-1569,IOGP-07,Safe mechanical lifting,EXPLICIT,AMBIGUOUS,AMBIGUOUS,WSH: fatality – worker hit by ship crane during lifting operation,0,65,True,DERIVED_FACT,AMBIGUOUS_PARTIAL_MATCH,False
EVT-IMCA-1572,IOGP-07,Safe mechanical lifting,DERIVED,DERIVED,DERIVED,Failure of bell winch clutch coupling during bell recovery,0,58,True,SOURCE_FACT,EXPLICIT_SOURCE_TEXT,False
EVT-IMCA-1574,IOGP-07,Safe mechanical lifting,DERIVED,DERIVED,DERIVED,Hydraulic umbilical winch operation – trapped thumb,0,51,True,SOURCE_FACT,EXPLICIT_SOURCE_TEXT,False
EVT-IMCA-1576,IOGP-06,Line of fire,EXPLICIT,AMBIGUOUS,AMBIGUOUS,Dropped object incidents,0,24,True,DERIVED_FACT,AMBIGUOUS_PARTIAL_MATCH,False
EVT-IMCA-1578,IOGP-09,Working at height,EXPLICIT,DERIVED,DERIVED,Lost time injury (LTI): Fall overboard/fall from height,0,55,True,SOURCE_FACT,EXPLICIT_SOURCE_TEXT,False
EVT-IMCA-1584,IOGP-06,Line of fire,EXPLICIT,AMBIGUOUS,AMBIGUOUS,Dropped object incident,0,23,True,DERIVED_FACT,AMBIGUOUS_PARTIAL_MATCH,False
EVT-IMCA-1588,IOGP-06,Line of fire,EXPLICIT,DERIVED,DERIVED,MSF: person struck by tugger wire assembly,0,42,True,SOURCE_FACT,EXPLICIT_SOURCE_TEXT,False
EVT-IMCA-1589,IOGP-06,Line of fire,EXPLICIT,AMBIGUOUS,AMBIGUOUS,Dropped object near-miss – Unsecured plastic box fell from load being lifted by mobile crane,0,92,True,DERIVED_FACT,AMBIGUOUS_PARTIAL_MATCH,False
EVT-IMCA-1589,IOGP-07,Safe mechanical lifting,EXPLICIT,AMBIGUOUS,AMBIGUOUS,Dropped object near-miss – Unsecured plastic box fell from load being lifted by mobile crane,0,92,True,DERIVED_FACT,AMBIGUOUS_PARTIAL_MATCH,False
EVT-IMCA-1593,IOGP-02,Confined space,EXPLICIT,SUPPORTED,SUPPORTED,Confined space entry – multiple fatalities,0,42,True,SOURCE_FACT,EXPLICIT_SOURCE_TEXT,False
EVT-IMCA-1599,IOGP-06,Line of fire,EXPLICIT,AMBIGUOUS,AMBIGUOUS,High potential dropped object incident,0,38,True,DERIVED_FACT,AMBIGUOUS_PARTIAL_MATCH,False
EVT-IMCA-1601,IOGP-07,Safe mechanical lifting,EXPLICIT,DERIVED,DERIVED,Lifting and rigging plans,0,25,True,SOURCE_FACT,EXPLICIT_SOURCE_TEXT,False
EVT-IMCA-1606,IOGP-07,Safe mechanical lifting,EXPLICIT,UNSUPPORTED,UNSUPPORTED,NONE,-1,-1,False,UNGROUNDED,UNGROUNDED,False
EVT-IMCA-1607,IOGP-06,Line of fire,EXPLICIT,AMBIGUOUS,AMBIGUOUS,Potential dropped object – poor housekeeping,0,44,True,DERIVED_FACT,AMBIGUOUS_PARTIAL_MATCH,False
EVT-IMCA-1609,IOGP-05,Hot work,EXPLICIT,AMBIGUOUS,AMBIGUOUS,Punctured welding hose flash fire,0,33,True,DERIVED_FACT,AMBIGUOUS_PARTIAL_MATCH,False
EVT-IMCA-1610,IOGP-07,Safe mechanical lifting,DERIVED,DERIVED,DERIVED,Lost time injury (LTI): Winch base plate failure,0,48,True,SOURCE_FACT,EXPLICIT_SOURCE_TEXT,False
EVT-IMCA-1615,IOGP-07,Safe mechanical lifting,EXPLICIT,UNSUPPORTED,UNSUPPORTED,NONE,-1,-1,False,UNGROUNDED,UNGROUNDED,False
EVT-IMCA-1627,IOGP-06,Line of fire,EXPLICIT,AMBIGUOUS,AMBIGUOUS,Serious dropped object incidents,0,32,True,DERIVED_FACT,AMBIGUOUS_PARTIAL_MATCH,False
EVT-IMCA-1631,IOGP-06,Line of fire,EXPLICIT,SUPPORTED,SUPPORTED,Crewman struck by dropped object,0,32,True,SOURCE_FACT,EXPLICIT_SOURCE_TEXT,False
EVT-IMCA-1633,IOGP-05,Hot work,NONE,AMBIGUOUS,AMBIGUOUS,Crewman suffered first aid injury during cutting operations,0,59,True,DERIVED_FACT,AMBIGUOUS_PARTIAL_MATCH,False
EVT-IMCA-1634,IOGP-05,Hot work,EXPLICIT,SUPPORTED,SUPPORTED,Cutting torch hose separates from flame arrestor,0,48,True,SOURCE_FACT,EXPLICIT_SOURCE_TEXT,False
EVT-IMCA-1638,IOGP-07,Safe mechanical lifting,EXPLICIT,AMBIGUOUS,AMBIGUOUS,Crane wire rope grip incorrectly fitted,0,39,True,DERIVED_FACT,AMBIGUOUS_PARTIAL_MATCH,False
EVT-IMCA-1639,IOGP-03,Driving,NONE,AMBIGUOUS,AMBIGUOUS,Crew transfer vessel in collision with anchor wire,0,50,True,DERIVED_FACT,AMBIGUOUS_PARTIAL_MATCH,False
EVT-IMCA-1641,IOGP-07,Safe mechanical lifting,EXPLICIT,UNSUPPORTED,UNSUPPORTED,NONE,-1,-1,False,UNGROUNDED,UNGROUNDED,False
EVT-IMCA-1653,IOGP-07,Safe mechanical lifting,EXPLICIT,AMBIGUOUS,AMBIGUOUS,Overloading leads to catastrophic failure of crane boom,0,55,True,DERIVED_FACT,AMBIGUOUS_PARTIAL_MATCH,False
EVT-IMCA-1657,IOGP-06,Line of fire,EXPLICIT,UNSUPPORTED,UNSUPPORTED,NONE,-1,-1,False,UNGROUNDED,UNGROUNDED,False
EVT-IMCA-1665,IOGP-02,Confined space,EXPLICIT,SUPPORTED,SUPPORTED,Fatality in ballast water tank – working at height in a confined space,0,70,True,SOURCE_FACT,EXPLICIT_SOURCE_TEXT,False
EVT-IMCA-1665,IOGP-09,Working at height,EXPLICIT,SUPPORTED,SUPPORTED,Fatality in ballast water tank – working at height in a confined space,0,70,True,SOURCE_FACT,EXPLICIT_SOURCE_TEXT,False
EVT-IMCA-1666,IOGP-07,Safe mechanical lifting,EXPLICIT,DERIVED,DERIVED,Damaged wire rope slings,0,24,True,SOURCE_FACT,EXPLICIT_SOURCE_TEXT,False
EVT-IMCA-1669,IOGP-06,Line of fire,EXPLICIT,SUPPORTED,SUPPORTED,High potential dropped object – Rigger struck by falling object,0,63,True,SOURCE_FACT,EXPLICIT_SOURCE_TEXT,False
EVT-IMCA-1672,IOGP-09,Working at height,EXPLICIT,SUPPORTED,SUPPORTED,"A Member has reported a number of serious working at height incidents, resulting in a fatality and five Lost Time Injuries (LTIs)",0,129,True,SOURCE_FACT,EXPLICIT_SOURCE_TEXT,False
EVT-IMCA-1673,IOGP-07,Safe mechanical lifting,EXPLICIT,DERIVED,DERIVED,A member has reported a near miss incident in which an ROV shackle holding a boulder grab became loose and the pin partially disengaged,0,135,True,SOURCE_FACT,EXPLICIT_SOURCE_TEXT,False
EVT-IMCA-1675,IOGP-07,Safe mechanical lifting,EXPLICIT,UNSUPPORTED,UNSUPPORTED,NONE,-1,-1,False,UNGROUNDED,UNGROUNDED,False
EVT-IMCA-1687,IOGP-06,Line of fire,EXPLICIT,AMBIGUOUS,AMBIGUOUS,A member has reported an incident in which someone sustained a serious neck injury as a result of a dropped object incident,0,123,True,DERIVED_FACT,AMBIGUOUS_PARTIAL_MATCH,False
EVT-IMCA-1688,IOGP-09,Working at height,EXPLICIT,DERIVED,DERIVED,A Member has reported a number of incidents involving the use of scaffolding,0,76,True,SOURCE_FACT,EXPLICIT_SOURCE_TEXT,False
EVT-IMCA-1699,IOGP-07,Safe mechanical lifting,EXPLICIT,AMBIGUOUS,AMBIGUOUS,crane,144,149,True,DERIVED_FACT,AMBIGUOUS_PARTIAL_MATCH,False
EVT-IMCA-1701,IOGP-01,Bypassing safety controls,NONE,DERIVED,DERIVED,8 kg dropped 10 m to the top of the bridge roof,95,142,True,SOURCE_FACT,EXPLICIT_SOURCE_TEXT,False
EVT-IMCA-1703,IOGP-03,Driving,NONE,AMBIGUOUS,AMBIGUOUS,A Member has reported a number of incidents involving jet drives on wind farm service vessels,0,93,True,DERIVED_FACT,AMBIGUOUS_PARTIAL_MATCH,False
EVT-IMCA-1704,IOGP-03,Driving,DERIVED,AMBIGUOUS,AMBIGUOUS,"rted an incident in which a wind farm service vessel collided with a turbine foundation, after failure of the vessel jet drive",17,143,True,DERIVED_FACT,AMBIGUOUS_PARTIAL_MATCH,False
EVT-IMCA-1708,IOGP-07,Safe mechanical lifting,EXPLICIT,DERIVED,DERIVED,A Member has reported an incident in which there was a potentially catastrophic failure of a lifting sling,0,106,True,SOURCE_FACT,EXPLICIT_SOURCE_TEXT,False
EVT-IMCA-1713,IOGP-07,Safe mechanical lifting,EXPLICIT,DERIVED,DERIVED,"A member has reported an incident during offshore lifting operations in which a sling failed, causing an ROV and TMS to drop 30 cm onto deck",0,140,True,SOURCE_FACT,EXPLICIT_SOURCE_TEXT,False
EVT-IMCA-1716,IOGP-06,Line of fire,EXPLICIT,AMBIGUOUS,AMBIGUOUS,ional Offshore Petroleum Safety and Environmental Management Authority (NOPSEMA) has identified a concerning increase in dropped object events on mobile offshore drilling units (MODUs) in the first quarter of 2013,18,231,True,DERIVED_FACT,AMBIGUOUS_PARTIAL_MATCH,False
EVT-IMCA-1719,IOGP-07,Safe mechanical lifting,EXPLICIT,AMBIGUOUS,AMBIGUOUS,The Marine Safety Forum has published safety flash 13-11 regarding the parting of a crane wire on an offshore vessel,0,116,True,DERIVED_FACT,AMBIGUOUS_PARTIAL_MATCH,False
EVT-IMCA-1721,IOGP-05,Hot work,EXPLICIT,SUPPORTED,SUPPORTED,A Member has reported an incident in which a small fire was caused by hot work taking place on the deck above,0,109,True,SOURCE_FACT,EXPLICIT_SOURCE_TEXT,False
EVT-IMCA-1723,IOGP-07,Safe mechanical lifting,EXPLICIT,AMBIGUOUS,AMBIGUOUS,hoist,138,143,True,DERIVED_FACT,AMBIGUOUS_PARTIAL_MATCH,False
EVT-IMCA-1727,IOGP-09,Working at height,EXPLICIT,DERIVED,DERIVED,A member has reported an incident in which a crewman suffered an injury during a fall from height,0,97,True,SOURCE_FACT,EXPLICIT_SOURCE_TEXT,False
EVT-IMCA-1732,IOGP-07,Safe mechanical lifting,EXPLICIT,DERIVED,DERIVED,A member has reported an incident in which pieces of angle bar slipped out of slings and fell into the sea,0,106,True,SOURCE_FACT,EXPLICIT_SOURCE_TEXT,False
EVT-IMCA-1733,IOGP-07,Safe mechanical lifting,EXPLICIT,DERIVED,DERIVED,A member has reported an incident in which pieces of angle bar slipped out of slings and fell into the sea,0,106,True,SOURCE_FACT,EXPLICIT_SOURCE_TEXT,False
EVT-IMCA-1738,IOGP-03,Driving,EXPLICIT,SUPPORTED,SUPPORTED,A member has reported an incident in which a heavy metal work table was dragged nearly a metre by a forklift truck,0,114,True,SOURCE_FACT,EXPLICIT_SOURCE_TEXT,False
EVT-IMCA-1742,IOGP-09,Working at height,EXPLICIT,DERIVED,DERIVED,vironmental Management Authority of Australia (NOPSEMA) has published a report regarding an incident in which a vertical scaffolding tube (a ‘dropper’) supporting a scaffolder began to slip under his weight,45,251,True,SOURCE_FACT,EXPLICIT_SOURCE_TEXT,False
EVT-IMCA-1745,IOGP-09,Working at height,NONE,AMBIGUOUS,AMBIGUOUS,A member has reported an incident in which a crew member suffered a fatal fall from a Billy Pugh X-800 series personnel basket during a transfer between an incomplete platform jacket and heavy lift barge,0,203,True,DERIVED_FACT,AMBIGUOUS_PARTIAL_MATCH,False
EVT-IMCA-1746,IOGP-09,Working at height,NONE,AMBIGUOUS,AMBIGUOUS,A member has reported an incident in which a construction derrick lay barge lost all of its bow/weather anchors during a severe tropical storm,0,142,True,DERIVED_FACT,AMBIGUOUS_PARTIAL_MATCH,False
EVT-IMCA-1748,IOGP-09,Working at height,NONE,AMBIGUOUS,AMBIGUOUS,A member has reported an incident in which a construction derrick lay barge lost all of its bow/weather anchors during a severe tropical storm,0,142,True,DERIVED_FACT,AMBIGUOUS_PARTIAL_MATCH,False
EVT-IMCA-1750,IOGP-07,Safe mechanical lifting,EXPLICIT,UNSUPPORTED,UNSUPPORTED,NONE,-1,-1,False,UNGROUNDED,UNGROUNDED,False
EVT-IMCA-1751,IOGP-07,Safe mechanical lifting,EXPLICIT,SUPPORTED,SUPPORTED,A member has reported an incident in which a crane winch was badly damaged and the load dropped as a result,0,107,True,SOURCE_FACT,EXPLICIT_SOURCE_TEXT,False
EVT-IMCA-1755,IOGP-07,Safe mechanical lifting,EXPLICIT,UNSUPPORTED,UNSUPPORTED,NONE,-1,-1,False,UNGROUNDED,UNGROUNDED,False
EVT-IMCA-1757,IOGP-07,Safe mechanical lifting,EXPLICIT,UNSUPPORTED,UNSUPPORTED,NONE,-1,-1,False,UNGROUNDED,UNGROUNDED,False
EVT-IMCA-1763,IOGP-06,Line of fire,EXPLICIT,AMBIGUOUS,AMBIGUOUS,Near-miss: Dropped object,0,25,True,DERIVED_FACT,AMBIGUOUS_PARTIAL_MATCH,False
EVT-IMCA-1765,IOGP-06,Line of fire,EXPLICIT,AMBIGUOUS,AMBIGUOUS,Near-miss: Dropped object – turnbuckle pin,0,42,True,DERIVED_FACT,AMBIGUOUS_PARTIAL_MATCH,False
EVT-IMCA-1766,IOGP-07,Safe mechanical lifting,EXPLICIT,AMBIGUOUS,AMBIGUOUS,Lost time injury (LTI): Crush injury – arm trapped by movement of crane block,0,77,True,DERIVED_FACT,AMBIGUOUS_PARTIAL_MATCH,False
EVT-IMCA-1769,IOGP-07,Safe mechanical lifting,EXPLICIT,UNSUPPORTED,UNSUPPORTED,NONE,-1,-1,False,UNGROUNDED,UNGROUNDED,False
EVT-IMCA-1776,IOGP-05,Hot work,NONE,AMBIGUOUS,AMBIGUOUS,Lost time injury (LTI): Hand cut during cutting operations,0,58,True,DERIVED_FACT,AMBIGUOUS_PARTIAL_MATCH,False
EVT-IMCA-1779,IOGP-07,Safe mechanical lifting,EXPLICIT,UNSUPPORTED,UNSUPPORTED,NONE,-1,-1,False,UNGROUNDED,UNGROUNDED,False
EVT-IMCA-1781,IOGP-06,Line of fire,EXPLICIT,UNSUPPORTED,UNSUPPORTED,NONE,-1,-1,False,UNGROUNDED,UNGROUNDED,False
EVT-IMCA-1783,IOGP-05,Hot work,NONE,AMBIGUOUS,AMBIGUOUS,Small fire and minor injury during gas cutting,0,46,True,DERIVED_FACT,AMBIGUOUS_PARTIAL_MATCH,False
EVT-IMCA-1795,IOGP-07,Safe mechanical lifting,EXPLICIT,UNSUPPORTED,UNSUPPORTED,NONE,-1,-1,False,UNGROUNDED,UNGROUNDED,False
EVT-IMCA-1796,IOGP-06,Line of fire,EXPLICIT,UNSUPPORTED,UNSUPPORTED,NONE,-1,-1,False,UNGROUNDED,UNGROUNDED,False
EVT-IMCA-1797,IOGP-07,Safe mechanical lifting,EXPLICIT,DERIVED,DERIVED,Lacerated finger during rigging operations,0,42,True,SOURCE_FACT,EXPLICIT_SOURCE_TEXT,False
EVT-IMCA-1798,IOGP-05,Hot work,NONE,AMBIGUOUS,AMBIGUOUS,Near-miss during subsea cutting operations,0,42,True,DERIVED_FACT,AMBIGUOUS_PARTIAL_MATCH,False
EVT-IMCA-1800,IOGP-07,Safe mechanical lifting,EXPLICIT,AMBIGUOUS,AMBIGUOUS,Crane and supply boat lifting incident,0,38,True,DERIVED_FACT,AMBIGUOUS_PARTIAL_MATCH,False
EVT-IMCA-1801,IOGP-07,Safe mechanical lifting,EXPLICIT,UNSUPPORTED,UNSUPPORTED,NONE,-1,-1,False,UNGROUNDED,UNGROUNDED,False
EVT-IMCA-1802,IOGP-04,Energy isolation,NONE,AMBIGUOUS,AMBIGUOUS,Near-miss: 220v cable not isolated during work,0,46,True,DERIVED_FACT,AMBIGUOUS_PARTIAL_MATCH,False
EVT-IMCA-1803,IOGP-07,Safe mechanical lifting,EXPLICIT,UNSUPPORTED,UNSUPPORTED,NONE,-1,-1,False,UNGROUNDED,UNGROUNDED,False
EVT-IMCA-1804,IOGP-07,Safe mechanical lifting,EXPLICIT,AMBIGUOUS,AMBIGUOUS,Near-miss: supply vessel pulls platform crane overboard,0,55,True,DERIVED_FACT,AMBIGUOUS_PARTIAL_MATCH,False
EVT-IMCA-1805,IOGP-01,Bypassing safety controls,NONE,AMBIGUOUS,AMBIGUOUS,Bypassing of storage tanks safety features,0,42,True,DERIVED_FACT,AMBIGUOUS_PARTIAL_MATCH,False
EVT-IMCA-1809,IOGP-02,Confined space,EXPLICIT,AMBIGUOUS,AMBIGUOUS,Major injury suffered in confined space incident,0,48,True,DERIVED_FACT,AMBIGUOUS_PARTIAL_MATCH,False
EVT-IMCA-1812,IOGP-07,Safe mechanical lifting,EXPLICIT,AMBIGUOUS,AMBIGUOUS,Near-miss: Crane hook block dropped to deck,0,43,True,DERIVED_FACT,AMBIGUOUS_PARTIAL_MATCH,False
EVT-IMCA-1816,IOGP-06,Line of fire,EXPLICIT,AMBIGUOUS,AMBIGUOUS,Dropped object: Injury resulting from failure caused by corrosion,0,65,True,DERIVED_FACT,AMBIGUOUS_PARTIAL_MATCH,False
EVT-IMCA-1824,IOGP-07,Safe mechanical lifting,EXPLICIT,UNSUPPORTED,UNSUPPORTED,NONE,-1,-1,False,UNGROUNDED,UNGROUNDED,False
EVT-IMCA-1827,IOGP-07,Safe mechanical lifting,DERIVED,DERIVED,DERIVED,A Member has reported an incident in which a winch wire parted and a taut wire clump weight was dropped onto the seabed during diving operations,0,144,True,SOURCE_FACT,EXPLICIT_SOURCE_TEXT,False
EVT-IMCA-1829,IOGP-07,Safe mechanical lifting,EXPLICIT,SUPPORTED,SUPPORTED,A member has reported an incident in which a crane winch wire parted and caused a crane block to fall 13 m into a small boat,0,124,True,SOURCE_FACT,EXPLICIT_SOURCE_TEXT,False
EVT-IMCA-1830,IOGP-09,Working at height,NONE,AMBIGUOUS,AMBIGUOUS,The Marine Safety Forum has published Safety Flash 11-35 regarding the recall of certain fall protection products by 3M,0,119,True,DERIVED_FACT,AMBIGUOUS_PARTIAL_MATCH,False
EVT-IMCA-1834,IOGP-07,Safe mechanical lifting,EXPLICIT,DERIVED,DERIVED,A member has reported two incidents in which the rigging of an offshore tank container failed as a result of a cold fracture,0,124,True,SOURCE_FACT,EXPLICIT_SOURCE_TEXT,False
EVT-IMCA-1836,IOGP-07,Safe mechanical lifting,EXPLICIT,SUPPORTED,SUPPORTED,"A Member has reported an incident in which, owing to the sudden movement of the vessel, a crane winch wire hit the crane cab with the operator inside, causing damage to the cab structure",0,186,True,SOURCE_FACT,EXPLICIT_SOURCE_TEXT,False
EVT-IMCA-1837,IOGP-07,Safe mechanical lifting,EXPLICIT,AMBIGUOUS,AMBIGUOUS,A Member has reported an incident in which a diver found himself working under a suspended load,0,95,True,DERIVED_FACT,AMBIGUOUS_PARTIAL_MATCH,False
EVT-IMCA-1838,IOGP-03,Driving,DERIVED,DERIVED,DERIVED,The Australian Transport Safety Board (ASTB) has published a report into a fast rescue boat incident on board a natural gas tanker,0,130,True,SOURCE_FACT,EXPLICIT_SOURCE_TEXT,False
EVT-IMCA-1840,IOGP-04,Energy isolation,DERIVED,UNSUPPORTED,UNSUPPORTED,NONE,-1,-1,False,UNGROUNDED,UNGROUNDED,False
EVT-IMCA-1844,IOGP-05,Hot work,DERIVED,DERIVED,DERIVED,A Member has reported an incident in which a welder discovered a defect in a new grinding disc,0,94,True,SOURCE_FACT,EXPLICIT_SOURCE_TEXT,False
EVT-IMCA-1846,IOGP-03,Driving,EXPLICIT,SUPPORTED,SUPPORTED,The Australian Transport Safety Bureau (ASTB) has published a report into a collision in port between an OSV and a barge,0,120,True,SOURCE_FACT,EXPLICIT_SOURCE_TEXT,False
EVT-IMCA-1853,IOGP-09,Working at height,EXPLICIT,DERIVED,DERIVED,The Marine Safety Forum published Safety Flash 11-23 regarding a serious injury which occurred as a result of a fall from height,0,128,True,SOURCE_FACT,EXPLICIT_SOURCE_TEXT,False
EVT-IMCA-1854,IOGP-09,Working at height,EXPLICIT,DERIVED,DERIVED,The Marine Safety Forum published Safety Flash 11-23 regarding a serious injury which occurred as a result of a fall from height,0,128,True,SOURCE_FACT,EXPLICIT_SOURCE_TEXT,False
EVT-IMCA-1855,IOGP-03,Driving,NONE,AMBIGUOUS,AMBIGUOUS,The Marine Safety Forum has published Safety Flash 11-25 (attached) regarding a recent collision between a vessel and an installation which caused some damage to both vessel and installation,0,190,True,DERIVED_FACT,AMBIGUOUS_PARTIAL_MATCH,False
EVT-IMCA-1856,IOGP-03,Driving,NONE,AMBIGUOUS,AMBIGUOUS,The Marine Safety Forum has published Safety Flash 11-25 (attached) regarding a recent collision between a vessel and an installation which caused some damage to both vessel and installation,0,190,True,DERIVED_FACT,AMBIGUOUS_PARTIAL_MATCH,False
EVT-IMCA-1862,IOGP-07,Safe mechanical lifting,EXPLICIT,AMBIGUOUS,AMBIGUOUS,A Member has reported an incident in which a crane was damaged and objects fell to the deck in the vicinity of personnel,0,120,True,DERIVED_FACT,AMBIGUOUS_PARTIAL_MATCH,False
EVT-IMCA-1864,IOGP-07,Safe mechanical lifting,EXPLICIT,DERIVED,DERIVED,A member has reported that during a recent a recent spot check on a lifting bridle it was identified that a 17T shackle had been fitted instead of a 30T shackle,0,160,True,SOURCE_FACT,EXPLICIT_SOURCE_TEXT,False
EVT-IMCA-1865,IOGP-07,Safe mechanical lifting,EXPLICIT,AMBIGUOUS,AMBIGUOUS,A Member has reported an incident in which someone was almost caught between a crane housing and a scaffold pipe,0,112,True,DERIVED_FACT,AMBIGUOUS_PARTIAL_MATCH,False
EVT-IMCA-1865,IOGP-09,Working at height,EXPLICIT,DERIVED,DERIVED,A Member has reported an incident in which someone was almost caught between a crane housing and a scaffold pipe,0,112,True,SOURCE_FACT,EXPLICIT_SOURCE_TEXT,False
EVT-IMCA-1868,IOGP-09,Working at height,DERIVED,DERIVED,DERIVED,Information has been passed to IMCA regarding the possible failure of a certain kind of safety lanyard owing to manufacturing defects,0,133,True,SOURCE_FACT,EXPLICIT_SOURCE_TEXT,False
EVT-IMCA-1869,IOGP-02,Confined space,EXPLICIT,AMBIGUOUS,AMBIGUOUS,IMCA has received information about a confined space incident in which there were multiple fatalities,0,101,True,DERIVED_FACT,AMBIGUOUS_PARTIAL_MATCH,False
EVT-IMCA-1870,IOGP-02,Confined space,EXPLICIT,SUPPORTED,SUPPORTED,ident has been drawn to IMCA’s attention in which one man died and two men had to be hospitalised following entry into a confined space,6,141,True,SOURCE_FACT,EXPLICIT_SOURCE_TEXT,False
EVT-IMCA-1871,IOGP-02,Confined space,EXPLICIT,SUPPORTED,SUPPORTED,ident has been drawn to IMCA’s attention in which one man died and two men had to be hospitalised following entry into a confined space,6,141,True,SOURCE_FACT,EXPLICIT_SOURCE_TEXT,False
EVT-IMCA-1874,IOGP-07,Safe mechanical lifting,EXPLICIT,UNSUPPORTED,UNSUPPORTED,NONE,-1,-1,False,UNGROUNDED,UNGROUNDED,False
EVT-IMCA-1875,IOGP-07,Safe mechanical lifting,EXPLICIT,UNSUPPORTED,UNSUPPORTED,NONE,-1,-1,False,UNGROUNDED,UNGROUNDED,False
EVT-IMCA-1878,IOGP-07,Safe mechanical lifting,EXPLICIT,AMBIGUOUS,AMBIGUOUS,"A member has reported an incident on an offshore construction vessel in which a piece of wood from the main crane boom rest cradle became detached from the cradle and stuck to the crane boom, before falling on to the main deck",0,226,True,DERIVED_FACT,AMBIGUOUS_PARTIAL_MATCH,False
EVT-IMCA-1880,IOGP-05,Hot work,EXPLICIT,SUPPORTED,SUPPORTED,A member has reported an incident in which someone was found conducting hot work on a vessel within the 500m safety zone of a platform,0,134,True,SOURCE_FACT,EXPLICIT_SOURCE_TEXT,False
EVT-IMCA-1882,IOGP-07,Safe mechanical lifting,EXPLICIT,SUPPORTED,SUPPORTED,A member reports the following incident in which a crane paid out winch wire unexpectedly whilst in active heave compensation (AHC) mode,0,136,True,SOURCE_FACT,EXPLICIT_SOURCE_TEXT,False
EVT-IMCA-1885,IOGP-03,Driving,NONE,AMBIGUOUS,AMBIGUOUS,A member has reported an incident in which a crew member sustained a serious hand injury while using an air driven deck scaler during maintenance operations on deck,0,164,True,DERIVED_FACT,AMBIGUOUS_PARTIAL_MATCH,False
EVT-IMCA-1892,IOGP-05,Hot work,NONE,AMBIGUOUS,AMBIGUOUS,ncident in which there was a potentially catastrophic failure of uncertified and ‘home-made’ equipment (a piece of chain welded to a stainless steel shackle),71,228,True,DERIVED_FACT,AMBIGUOUS_PARTIAL_MATCH,False
EVT-IMCA-1892,IOGP-07,Safe mechanical lifting,EXPLICIT,DERIVED,DERIVED,shackle,220,227,True,SOURCE_FACT,EXPLICIT_SOURCE_TEXT,False
EVT-IMCA-1893,IOGP-05,Hot work,EXPLICIT,AMBIGUOUS,AMBIGUOUS,Welding of shackles,0,19,True,DERIVED_FACT,AMBIGUOUS_PARTIAL_MATCH,False
EVT-IMCA-1893,IOGP-07,Safe mechanical lifting,EXPLICIT,UNSUPPORTED,UNSUPPORTED,NONE,-1,-1,False,UNGROUNDED,UNGROUNDED,False
EVT-IMCA-1898,IOGP-05,Hot work,NONE,AMBIGUOUS,AMBIGUOUS,Subsea oxy-arc cutting – risk of explosion,0,42,True,DERIVED_FACT,AMBIGUOUS_PARTIAL_MATCH,False
EVT-IMCA-1902,IOGP-09,Working at height,EXPLICIT,DERIVED,DERIVED,Fatality: fall from height,0,26,True,SOURCE_FACT,EXPLICIT_SOURCE_TEXT,False
EVT-IMCA-1905,IOGP-05,Hot work,EXPLICIT,SUPPORTED,SUPPORTED,Near-miss: safety device (hard link) damaged during hot work,0,60,True,SOURCE_FACT,EXPLICIT_SOURCE_TEXT,False
EVT-IMCA-1907,IOGP-07,Safe mechanical lifting,EXPLICIT,AMBIGUOUS,AMBIGUOUS,Load dropped owing to incorrect manufacture of “flemish eye” crane pennant,0,74,True,DERIVED_FACT,AMBIGUOUS_PARTIAL_MATCH,False
EVT-IMCA-1911,IOGP-07,Safe mechanical lifting,EXPLICIT,AMBIGUOUS,AMBIGUOUS,Near-miss: crane wire grease and headache ball,0,46,True,DERIVED_FACT,AMBIGUOUS_PARTIAL_MATCH,False
EVT-IMCA-1912,IOGP-07,Safe mechanical lifting,DERIVED,DERIVED,DERIVED,Oxy-arc umbilical handling winch – fire on deck,0,47,True,SOURCE_FACT,EXPLICIT_SOURCE_TEXT,False
EVT-IMCA-1913,IOGP-05,Hot work,EXPLICIT,SUPPORTED,SUPPORTED,Third degree burn sustained during rope access hot work,0,55,True,SOURCE_FACT,EXPLICIT_SOURCE_TEXT,False
EVT-IMCA-1915,IOGP-06,Line of fire,EXPLICIT,AMBIGUOUS,AMBIGUOUS,High potential dropped object near-miss: antenna fell to deck,0,61,True,DERIVED_FACT,AMBIGUOUS_PARTIAL_MATCH,False
EVT-IMCA-1937,IOGP-03,Driving,EXPLICIT,AMBIGUOUS,AMBIGUOUS,A Member has reported an incident in which a remotely controlled vehicle (ROV) and its tether management system (TMS) were dropped to the seabed following failure of the umbilical termination,0,191,True,DERIVED_FACT,AMBIGUOUS_PARTIAL_MATCH,False
EVT-IMCA-1938,IOGP-03,Driving,EXPLICIT,DERIVED,DERIVED,ent in which a crew member was narrowly missed by the head of a fuse bolt which had been shot out of a remotely operated vehicle (ROV) manipulator arm at high speed,30,194,True,SOURCE_FACT,EXPLICIT_SOURCE_TEXT,False
EVT-IMCA-1940,IOGP-07,Safe mechanical lifting,EXPLICIT,AMBIGUOUS,AMBIGUOUS,A Member has reported an incident in which there was an unexpected lowering of a suspended load during a lifting operation which had the potential to cause significant injury,0,174,True,DERIVED_FACT,AMBIGUOUS_PARTIAL_MATCH,False
EVT-IMCA-1941,IOGP-07,Safe mechanical lifting,EXPLICIT,SUPPORTED,SUPPORTED,A member has reported an incident in which a crane winch wire was lost during light subsea lifting work,0,103,True,SOURCE_FACT,EXPLICIT_SOURCE_TEXT,False
EVT-IMCA-1945,IOGP-03,Driving,EXPLICIT,DERIVED,DERIVED,ent in which a crew member was narrowly missed by the head of a fuse bolt which had been shot out of a remotely operated vehicle (ROV) manipulator arm at high speed,30,194,True,SOURCE_FACT,EXPLICIT_SOURCE_TEXT,False
EVT-IMCA-1949,IOGP-09,Working at height,NONE,AMBIGUOUS,AMBIGUOUS,IMCA has been made aware of a number of examples of fall protection equipment failing owing to poor or sub-standard equipment,0,125,True,DERIVED_FACT,AMBIGUOUS_PARTIAL_MATCH,False
EVT-IMCA-1957,IOGP-05,Hot work,EXPLICIT,UNSUPPORTED,UNSUPPORTED,NONE,-1,-1,False,UNGROUNDED,UNGROUNDED,False
EVT-IMCA-1957,IOGP-06,Line of fire,EXPLICIT,DERIVED,DERIVED,"A member has reported an incident in which workers were struck by a falling crane stop/striker plate, causing injuries",0,118,True,SOURCE_FACT,EXPLICIT_SOURCE_TEXT,False
EVT-IMCA-1957,IOGP-07,Safe mechanical lifting,EXPLICIT,AMBIGUOUS,AMBIGUOUS,"A member has reported an incident in which workers were struck by a falling crane stop/striker plate, causing injuries",0,118,True,DERIVED_FACT,AMBIGUOUS_PARTIAL_MATCH,False
EVT-IMCA-1965,IOGP-09,Working at height,NONE,AMBIGUOUS,AMBIGUOUS,A Member has reported an incident in which a person was injured in a fall from a different level,0,96,True,DERIVED_FACT,AMBIGUOUS_PARTIAL_MATCH,False
EVT-IMCA-1966,IOGP-05,Hot work,EXPLICIT,AMBIGUOUS,AMBIGUOUS,"During a recent mobilisation on a Member’s vessel, sub-contractors were burning and welding sea fastenings on the main deck",0,123,True,DERIVED_FACT,AMBIGUOUS_PARTIAL_MATCH,False
EVT-IMCA-1968,IOGP-03,Driving,EXPLICIT,AMBIGUOUS,AMBIGUOUS,reported an incident in which an employee sustained an electrical shock whilst re-routing a work class remotely operated vehicle (ROV) tether,13,154,True,DERIVED_FACT,AMBIGUOUS_PARTIAL_MATCH,False
EVT-IMCA-1969,IOGP-03,Driving,EXPLICIT,AMBIGUOUS,AMBIGUOUS,reported an incident in which an employee sustained an electrical shock whilst re-routing a work class remotely operated vehicle (ROV) tether,13,154,True,DERIVED_FACT,AMBIGUOUS_PARTIAL_MATCH,False
EVT-IMCA-1973,IOGP-07,Safe mechanical lifting,EXPLICIT,UNSUPPORTED,UNSUPPORTED,NONE,-1,-1,False,UNGROUNDED,UNGROUNDED,False
EVT-IMCA-1975,IOGP-02,Confined space,EXPLICIT,AMBIGUOUS,AMBIGUOUS,"An ROV pilot technician suffered burns to his hands, face and knee as a result of a fire in a confined space",0,108,True,DERIVED_FACT,AMBIGUOUS_PARTIAL_MATCH,False
EVT-IMCA-1983,IOGP-07,Safe mechanical lifting,EXPLICIT,DERIVED,DERIVED,"Following an incident which involved the failure of the structure of a winch drum in a new lifting system with a load suspended at over 2,000 metres water depth on a recovery operation, A member’s",0,196,True,SOURCE_FACT,EXPLICIT_SOURCE_TEXT,False
EVT-IMCA-1988,IOGP-07,Safe mechanical lifting,EXPLICIT,AMBIGUOUS,AMBIGUOUS,Mini transponder falling from crane wire to deck,0,48,True,DERIVED_FACT,AMBIGUOUS_PARTIAL_MATCH,False
EVT-IMCA-1988,IOGP-09,Working at height,NONE,AMBIGUOUS,AMBIGUOUS,Mini transponder falling from crane wire to deck,0,48,True,DERIVED_FACT,AMBIGUOUS_PARTIAL_MATCH,False
EVT-IMCA-1991,IOGP-05,Hot work,EXPLICIT,UNSUPPORTED,UNSUPPORTED,NONE,-1,-1,False,UNGROUNDED,UNGROUNDED,False
EVT-IMCA-1991,IOGP-07,Safe mechanical lifting,EXPLICIT,AMBIGUOUS,AMBIGUOUS,Fatality: struck down by falling object during lifting operation,0,64,True,DERIVED_FACT,AMBIGUOUS_PARTIAL_MATCH,False
EVT-IMCA-1993,IOGP-07,Safe mechanical lifting,EXPLICIT,UNSUPPORTED,UNSUPPORTED,NONE,-1,-1,False,UNGROUNDED,UNGROUNDED,False
EVT-IMCA-1994,IOGP-07,Safe mechanical lifting,EXPLICIT,AMBIGUOUS,AMBIGUOUS,Uncontrolled movement of crane jib during inspection,0,52,True,DERIVED_FACT,AMBIGUOUS_PARTIAL_MATCH,False
EVT-IMCA-1995,IOGP-07,Safe mechanical lifting,EXPLICIT,UNSUPPORTED,UNSUPPORTED,NONE,-1,-1,False,UNGROUNDED,UNGROUNDED,False
EVT-IMCA-2001,IOGP-07,Safe mechanical lifting,EXPLICIT,UNSUPPORTED,UNSUPPORTED,NONE,-1,-1,False,UNGROUNDED,UNGROUNDED,False
EVT-IMCA-2003,IOGP-07,Safe mechanical lifting,EXPLICIT,AMBIGUOUS,AMBIGUOUS,Serious injury incident during routine crane maintenance,0,56,True,DERIVED_FACT,AMBIGUOUS_PARTIAL_MATCH,False
EVT-IMCA-2004,IOGP-09,Working at height,EXPLICIT,UNSUPPORTED,UNSUPPORTED,NONE,-1,-1,False,UNGROUNDED,UNGROUNDED,False
EVT-IMCA-2006,IOGP-02,Confined space,DERIVED,DERIVED,DERIVED,Ballast tank hydrogen,0,21,True,SOURCE_FACT,EXPLICIT_SOURCE_TEXT,False
EVT-IMCA-2009,IOGP-07,Safe mechanical lifting,EXPLICIT,AMBIGUOUS,AMBIGUOUS,Catastrophic failure of vessel main crane wire,0,46,True,DERIVED_FACT,AMBIGUOUS_PARTIAL_MATCH,False
EVT-IMCA-2010,IOGP-07,Safe mechanical lifting,EXPLICIT,UNSUPPORTED,UNSUPPORTED,NONE,-1,-1,False,UNGROUNDED,UNGROUNDED,False
EVT-IMCA-2014,IOGP-05,Hot work,EXPLICIT,AMBIGUOUS,AMBIGUOUS,Fire watches for surface welding and burning operations,0,55,True,DERIVED_FACT,AMBIGUOUS_PARTIAL_MATCH,False
EVT-IMCA-2018,IOGP-07,Safe mechanical lifting,EXPLICIT,AMBIGUOUS,AMBIGUOUS,Near-miss involving knuckle boom crane – hydraulic pump selection,0,65,True,DERIVED_FACT,AMBIGUOUS_PARTIAL_MATCH,False
EVT-IMCA-2022,IOGP-07,Safe mechanical lifting,EXPLICIT,AMBIGUOUS,AMBIGUOUS,Movement of vessel during crane operations caused near-miss,0,59,True,DERIVED_FACT,AMBIGUOUS_PARTIAL_MATCH,False
EVT-IMCA-2027,IOGP-07,Safe mechanical lifting,EXPLICIT,UNSUPPORTED,UNSUPPORTED,NONE,-1,-1,False,UNGROUNDED,UNGROUNDED,False
EVT-IMCA-2038,IOGP-07,Safe mechanical lifting,DERIVED,DERIVED,DERIVED,"A Member has identified a potentially serious hazard on a tugger winch, temporarily installed on a vessel deck, wherein a hand could be ‘drawn in’ between the winch drum cheek plate and the w",0,191,True,SOURCE_FACT,EXPLICIT_SOURCE_TEXT,False
EVT-IMCA-2040,IOGP-07,Safe mechanical lifting,EXPLICIT,DERIVED,DERIVED,"A recent incident has been reported in which there was a failure of both the primary and back up slings of a ‘Frog’ personnel transfer capsule, which was under low load conditions (a single passenger)",0,200,True,SOURCE_FACT,EXPLICIT_SOURCE_TEXT,False
EVT-IMCA-2041,IOGP-02,Confined space,EXPLICIT,SUPPORTED,SUPPORTED,ember has reported an incident onboard a vessel in dry dock involving a number of fatalities caused by an explosion in a confined space,3,138,True,SOURCE_FACT,EXPLICIT_SOURCE_TEXT,False
EVT-IMCA-2042,IOGP-05,Hot work,NONE,AMBIGUOUS,AMBIGUOUS,A Member has reported that a weld failed on the medical lock door assembly of a hyperbaric rescue chamber,0,105,True,DERIVED_FACT,AMBIGUOUS_PARTIAL_MATCH,False
EVT-IMCA-2049,IOGP-05,Hot work,NONE,AMBIGUOUS,AMBIGUOUS,A Member has reported that a weld on an eight-year-old Kirby Morgan neck clamp arrangement has failed,0,101,True,DERIVED_FACT,AMBIGUOUS_PARTIAL_MATCH,False
EVT-IMCA-2051,IOGP-03,Driving,EXPLICIT,SUPPORTED,SUPPORTED,A Member has reported an incident in which an employee was injured whilst working with a forklift truck,0,103,True,SOURCE_FACT,EXPLICIT_SOURCE_TEXT,False
EVT-IMCA-2056,IOGP-07,Safe mechanical lifting,EXPLICIT,AMBIGUOUS,AMBIGUOUS,IMCA has received a report of a near-miss resulting from a failure of a chain lever hoist being used in a subsea operation,0,122,True,DERIVED_FACT,AMBIGUOUS_PARTIAL_MATCH,False
EVT-IMCA-2057,IOGP-07,Safe mechanical lifting,EXPLICIT,AMBIGUOUS,AMBIGUOUS,IMCA has received a report of a near-miss resulting from a failure of a chain lever hoist being used in a subsea operation,0,122,True,DERIVED_FACT,AMBIGUOUS_PARTIAL_MATCH,False
EVT-IMCA-2062,IOGP-03,Driving,NONE,AMBIGUOUS,AMBIGUOUS,Wire break in wind sensor caused DP drive-off,0,45,True,DERIVED_FACT,AMBIGUOUS_PARTIAL_MATCH,False
EVT-IMCA-2063,IOGP-07,Safe mechanical lifting,EXPLICIT,DERIVED,DERIVED,Parting of slings causing fall of heavy object onto seabed,0,58,True,SOURCE_FACT,EXPLICIT_SOURCE_TEXT,False
EVT-IMCA-2065,IOGP-07,Safe mechanical lifting,EXPLICIT,UNSUPPORTED,UNSUPPORTED,NONE,-1,-1,False,UNGROUNDED,UNGROUNDED,False
EVT-IMCA-2067,IOGP-07,Safe mechanical lifting,EXPLICIT,UNSUPPORTED,UNSUPPORTED,NONE,-1,-1,False,UNGROUNDED,UNGROUNDED,False
EVT-IMCA-2069,IOGP-06,Line of fire,NONE,AMBIGUOUS,AMBIGUOUS,Trapped pressure release incident,0,33,True,DERIVED_FACT,AMBIGUOUS_PARTIAL_MATCH,False
EVT-IMCA-2074,IOGP-07,Safe mechanical lifting,EXPLICIT,AMBIGUOUS,AMBIGUOUS,07/06 Crane incident,0,20,True,DERIVED_FACT,AMBIGUOUS_PARTIAL_MATCH,False
EVT-IMCA-2075,IOGP-09,Working at height,EXPLICIT,AMBIGUOUS,AMBIGUOUS,Near-miss: Missing grating on platform in fuel tank,0,51,True,DERIVED_FACT,AMBIGUOUS_PARTIAL_MATCH,False
EVT-IMCA-2076,IOGP-03,Driving,NONE,AMBIGUOUS,AMBIGUOUS,Recall of Pains Wessex white collision warning hand flares,0,58,True,DERIVED_FACT,AMBIGUOUS_PARTIAL_MATCH,False
EVT-IMCA-2079,IOGP-04,Energy isolation,EXPLICIT,AMBIGUOUS,AMBIGUOUS,Isolation of fuel tanks,0,23,True,DERIVED_FACT,AMBIGUOUS_PARTIAL_MATCH,False
EVT-IMCA-2084,IOGP-07,Safe mechanical lifting,EXPLICIT,UNSUPPORTED,UNSUPPORTED,NONE,-1,-1,False,UNGROUNDED,UNGROUNDED,False
EVT-IMCA-2089,IOGP-09,Working at height,EXPLICIT,DERIVED,DERIVED,Fatality: Fall from height in shipyard,0,38,True,SOURCE_FACT,EXPLICIT_SOURCE_TEXT,False
EVT-IMCA-2090,IOGP-07,Safe mechanical lifting,EXPLICIT,AMBIGUOUS,AMBIGUOUS,Falling object – Load dropped by crane,0,38,True,DERIVED_FACT,AMBIGUOUS_PARTIAL_MATCH,False
EVT-IMCA-2092,IOGP-09,Working at height,EXPLICIT,AMBIGUOUS,AMBIGUOUS,Falling object – Grating fell onto pipe deck,0,44,True,DERIVED_FACT,AMBIGUOUS_PARTIAL_MATCH,False
EVT-IMCA-2095,IOGP-07,Safe mechanical lifting,EXPLICIT,AMBIGUOUS,AMBIGUOUS,A member has reported a fatality during crane operations,0,56,True,DERIVED_FACT,AMBIGUOUS_PARTIAL_MATCH,False
EVT-IMCA-2103,IOGP-02,Confined space,DERIVED,UNSUPPORTED,UNSUPPORTED,NONE,-1,-1,False,UNGROUNDED,UNGROUNDED,False
EVT-IMCA-2105,IOGP-07,Safe mechanical lifting,EXPLICIT,AMBIGUOUS,AMBIGUOUS,A Member has reported a near-miss incident that occurred during a dual crane lift of a stinger being offloaded from a barge,0,123,True,DERIVED_FACT,AMBIGUOUS_PARTIAL_MATCH,False
EVT-IMCA-2106,IOGP-07,Safe mechanical lifting,EXPLICIT,AMBIGUOUS,AMBIGUOUS,A Member has reported a near-miss incident that occurred during a dual crane lift of a stinger being offloaded from a barge,0,123,True,DERIVED_FACT,AMBIGUOUS_PARTIAL_MATCH,False
EVT-IMCA-2111,IOGP-07,Safe mechanical lifting,EXPLICIT,AMBIGUOUS,AMBIGUOUS,A Member has reported a serious injury that occurred during crane operations on a third party vessel,0,100,True,DERIVED_FACT,AMBIGUOUS_PARTIAL_MATCH,False
EVT-IMCA-2113,IOGP-05,Hot work,EXPLICIT,SUPPORTED,SUPPORTED,A member has reported an incident whereby which a diver experienced an oxygen leak from his cutting torch whilst on the seabed in around 27 msw,0,143,True,SOURCE_FACT,EXPLICIT_SOURCE_TEXT,False
EVT-IMCA-2115,IOGP-03,Driving,EXPLICIT,AMBIGUOUS,AMBIGUOUS,A member has reported an incident which resulted in a work-class remotely operated vehicle (ROV) free-falling approximately 10 metres into the sea during a recovery operation,0,174,True,DERIVED_FACT,AMBIGUOUS_PARTIAL_MATCH,False
EVT-IMCA-2122,IOGP-05,Hot work,DERIVED,DERIVED,DERIVED,"A worker was cutting an aluminium roof using a grinder when the wheel came apart, striking the worker in the face and causing serious injury",0,140,True,SOURCE_FACT,EXPLICIT_SOURCE_TEXT,False
EVT-IMCA-2125,IOGP-05,Hot work,DERIVED,UNSUPPORTED,UNSUPPORTED,NONE,-1,-1,False,UNGROUNDED,UNGROUNDED,False
EVT-IMCA-2126,IOGP-05,Hot work,NONE,AMBIGUOUS,AMBIGUOUS,A Member has reported an incident where a diver received a burn to his hand while using underwater cutting equipment,0,116,True,DERIVED_FACT,AMBIGUOUS_PARTIAL_MATCH,False
EVT-IMCA-2131,IOGP-05,Hot work,EXPLICIT,AMBIGUOUS,AMBIGUOUS,A member has reported a fatality which occurred during preparation of surfaces for welding,0,90,True,DERIVED_FACT,AMBIGUOUS_PARTIAL_MATCH,False
EVT-IMCA-2132,IOGP-05,Hot work,EXPLICIT,AMBIGUOUS,AMBIGUOUS,A member has reported a fatality which occurred during preparation of surfaces for welding,0,90,True,DERIVED_FACT,AMBIGUOUS_PARTIAL_MATCH,False
EVT-IMCA-2138,IOGP-03,Driving,DERIVED,DERIVED,DERIVED,"An incident has been reported to IMCA which, although relating to a road incident, provides an important reminder in relation to the securing of loads",0,150,True,SOURCE_FACT,EXPLICIT_SOURCE_TEXT,False
EVT-IMCA-2139,IOGP-07,Safe mechanical lifting,EXPLICIT,UNSUPPORTED,UNSUPPORTED,NONE,-1,-1,False,UNGROUNDED,UNGROUNDED,False
EVT-IMCA-2145,IOGP-07,Safe mechanical lifting,EXPLICIT,UNSUPPORTED,UNSUPPORTED,NONE,-1,-1,False,UNGROUNDED,UNGROUNDED,False
EVT-IMCA-2147,IOGP-09,Working at height,EXPLICIT,SUPPORTED,SUPPORTED,Fatality: Fall from scaffold opening/breakdown in co-ordination/communication,0,77,True,SOURCE_FACT,EXPLICIT_SOURCE_TEXT,False
EVT-IMCA-2166,IOGP-05,Hot work,EXPLICIT,UNSUPPORTED,UNSUPPORTED,NONE,-1,-1,False,UNGROUNDED,UNGROUNDED,False
EVT-IMCA-2166,IOGP-06,Line of fire,EXPLICIT,DERIVED,DERIVED,Diver struck by lifting frame while installing concrete mattresses,0,66,True,SOURCE_FACT,EXPLICIT_SOURCE_TEXT,False
EVT-IMCA-2166,IOGP-07,Safe mechanical lifting,EXPLICIT,UNSUPPORTED,UNSUPPORTED,NONE,-1,-1,False,UNGROUNDED,UNGROUNDED,False
EVT-IMCA-2185,IOGP-03,Driving,DERIVED,DERIVED,DERIVED,Internal explosion within 12V forklift battery,0,46,True,SOURCE_FACT,EXPLICIT_SOURCE_TEXT,False
EVT-IMCA-2191,IOGP-09,Working at height,EXPLICIT,DERIVED,DERIVED,Fatality: Fall from height arising from a failure to use personal protective equipment,0,86,True,SOURCE_FACT,EXPLICIT_SOURCE_TEXT,False
EVT-IMCA-2193,IOGP-07,Safe mechanical lifting,EXPLICIT,AMBIGUOUS,AMBIGUOUS,Incident involving a crane boom,0,31,True,DERIVED_FACT,AMBIGUOUS_PARTIAL_MATCH,False
EVT-IMCA-2210,IOGP-09,Working at height,NONE,AMBIGUOUS,AMBIGUOUS,Fatality: Fall from suspended work platform,0,43,True,DERIVED_FACT,AMBIGUOUS_PARTIAL_MATCH,False
EVT-IMCA-2212,IOGP-07,Safe mechanical lifting,NONE,AMBIGUOUS,AMBIGUOUS,Tagline incident,0,16,True,DERIVED_FACT,AMBIGUOUS_PARTIAL_MATCH,False
EVT-IMCA-2225,IOGP-07,Safe mechanical lifting,DERIVED,DERIVED,DERIVED,Incident during winch-to-winch wire transfer operations,0,55,True,SOURCE_FACT,EXPLICIT_SOURCE_TEXT,False
EVT-IMCA-2230,IOGP-05,Hot work,DERIVED,AMBIGUOUS,AMBIGUOUS,Near-miss involving oxy-acetylene cutting of plate,0,50,True,DERIVED_FACT,AMBIGUOUS_PARTIAL_MATCH,False
EVT-IMCA-2231,IOGP-09,Working at height,NONE,AMBIGUOUS,AMBIGUOUS,Fatality: Fall from rig of a container,0,38,True,DERIVED_FACT,AMBIGUOUS_PARTIAL_MATCH,False
EVT-IMCA-2233,IOGP-07,Safe mechanical lifting,EXPLICIT,AMBIGUOUS,AMBIGUOUS,Serious crane incident,0,22,True,DERIVED_FACT,AMBIGUOUS_PARTIAL_MATCH,False
EVT-IMCA-2236,IOGP-07,Safe mechanical lifting,NONE,AMBIGUOUS,AMBIGUOUS,Fatality and serious injuries during heavy lift operation,0,57,True,DERIVED_FACT,AMBIGUOUS_PARTIAL_MATCH,False
EVT-IMCA-2242,IOGP-05,Hot work,NONE,AMBIGUOUS,AMBIGUOUS,Penetration injury to eye during blending repair weld,0,53,True,DERIVED_FACT,AMBIGUOUS_PARTIAL_MATCH,False
EVT-IMCA-2243,IOGP-03,Driving,EXPLICIT,AMBIGUOUS,AMBIGUOUS,Injury involving contact with a vehicle battery,0,47,True,DERIVED_FACT,AMBIGUOUS_PARTIAL_MATCH,False
EVT-IMCA-2245,IOGP-07,Safe mechanical lifting,DERIVED,DERIVED,DERIVED,Near-miss involving winch failure,0,33,True,SOURCE_FACT,EXPLICIT_SOURCE_TEXT,False
EVT-IMCA-2253,IOGP-07,Safe mechanical lifting,EXPLICIT,UNSUPPORTED,UNSUPPORTED,NONE,-1,-1,False,UNGROUNDED,UNGROUNDED,False
EVT-IMCA-2258,IOGP-07,Safe mechanical lifting,EXPLICIT,AMBIGUOUS,AMBIGUOUS,Dangers from insecure crane loads,0,33,True,DERIVED_FACT,AMBIGUOUS_PARTIAL_MATCH,False
EVT-IMCA-2269,IOGP-07,Safe mechanical lifting,EXPLICIT,AMBIGUOUS,AMBIGUOUS,Lifting operation incident,0,26,True,DERIVED_FACT,AMBIGUOUS_PARTIAL_MATCH,False
EVT-IMCA-2274,IOGP-05,Hot work,DERIVED,DERIVED,DERIVED,Caution advised on cellphone use due to ignition fears,0,54,True,SOURCE_FACT,EXPLICIT_SOURCE_TEXT,False
EVT-IMCA-2276,IOGP-07,Safe mechanical lifting,EXPLICIT,UNSUPPORTED,UNSUPPORTED,NONE,-1,-1,False,UNGROUNDED,UNGROUNDED,False
EVT-IMCA-2283,IOGP-01,Bypassing safety controls,NONE,AMBIGUOUS,AMBIGUOUS,01/02 Drugs tampering,0,21,True,DERIVED_FACT,AMBIGUOUS_PARTIAL_MATCH,False
EVT-IMCA-2290,IOGP-07,Safe mechanical lifting,EXPLICIT,DERIVED,DERIVED,Improper slinging of cargo,0,26,True,SOURCE_FACT,EXPLICIT_SOURCE_TEXT,False
EVT-IMCA-2293,IOGP-07,Safe mechanical lifting,DERIVED,DERIVED,DERIVED,13/01 Winch incident,0,20,True,SOURCE_FACT,EXPLICIT_SOURCE_TEXT,False
EVT-IMCA-2295,IOGP-06,Line of fire,EXPLICIT,AMBIGUOUS,AMBIGUOUS,Dropped object risk,0,19,True,DERIVED_FACT,AMBIGUOUS_PARTIAL_MATCH,False
EVT-IMCA-2299,IOGP-07,Safe mechanical lifting,EXPLICIT,DERIVED,DERIVED,Failure of cable socks (Chinese fingers) on subsea rigging,0,58,True,SOURCE_FACT,EXPLICIT_SOURCE_TEXT,False
EVT-IMCA-2304,IOGP-07,Safe mechanical lifting,EXPLICIT,AMBIGUOUS,AMBIGUOUS,Insecure crane lighting,0,23,True,DERIVED_FACT,AMBIGUOUS_PARTIAL_MATCH,False
EVT-IMCA-2306,IOGP-07,Safe mechanical lifting,DERIVED,DERIVED,DERIVED,Failure of ROV lift umbilical winch brake – Update,0,50,True,SOURCE_FACT,EXPLICIT_SOURCE_TEXT,False
EVT-IMCA-2310,IOGP-07,Safe mechanical lifting,DERIVED,DERIVED,DERIVED,ROV winch failure,0,17,True,SOURCE_FACT,EXPLICIT_SOURCE_TEXT,False
EVT-IMCA-2312,IOGP-07,Safe mechanical lifting,DERIVED,DERIVED,DERIVED,Failure of ROV lift umbilical winch brake,0,41,True,SOURCE_FACT,EXPLICIT_SOURCE_TEXT,False
EVT-IMCA-2313,IOGP-07,Safe mechanical lifting,DERIVED,DERIVED,DERIVED,Failure of winch brake on air diving bell system,0,48,True,SOURCE_FACT,EXPLICIT_SOURCE_TEXT,False
EVT-IMCA-2314,IOGP-05,Hot work,DERIVED,AMBIGUOUS,AMBIGUOUS,Incident involving oxy-acetylene cutting,0,40,True,DERIVED_FACT,AMBIGUOUS_PARTIAL_MATCH,False
EVT-IMCA-2315,IOGP-07,Safe mechanical lifting,EXPLICIT,DERIVED,DERIVED,Failure of a shackle,0,20,True,SOURCE_FACT,EXPLICIT_SOURCE_TEXT,False
EVT-IMCA-2316,IOGP-07,Safe mechanical lifting,EXPLICIT,AMBIGUOUS,AMBIGUOUS,Dangerous occurrence involving a mobile crane,0,45,True,DERIVED_FACT,AMBIGUOUS_PARTIAL_MATCH,False
EVT-IMCA-2317,IOGP-05,Hot work,DERIVED,DERIVED,DERIVED,Explosion caused by ignition of paint vapour,0,44,True,SOURCE_FACT,EXPLICIT_SOURCE_TEXT,False
EVT-IMCA-2319,IOGP-05,Hot work,NONE,AMBIGUOUS,AMBIGUOUS,07/01 Oxy-arc cutting,0,21,True,DERIVED_FACT,AMBIGUOUS_PARTIAL_MATCH,False
EVT-IMCA-2324,IOGP-03,Driving,EXPLICIT,DERIVED,DERIVED,Fork lift truck operation,0,25,True,SOURCE_FACT,EXPLICIT_SOURCE_TEXT,False
EVT-IMCA-2328,IOGP-07,Safe mechanical lifting,EXPLICIT,AMBIGUOUS,AMBIGUOUS,03/01 Crane incident,0,20,True,DERIVED_FACT,AMBIGUOUS_PARTIAL_MATCH,False
EVT-IMCA-2343,IOGP-07,Safe mechanical lifting,EXPLICIT,DERIVED,DERIVED,Flat woven webbing slings made from man-made fibre,0,50,True,SOURCE_FACT,EXPLICIT_SOURCE_TEXT,False
EVT-IMCA-2346,IOGP-07,Safe mechanical lifting,EXPLICIT,UNSUPPORTED,UNSUPPORTED,NONE,-1,-1,False,UNGROUNDED,UNGROUNDED,False
EVT-IMCA-2349,IOGP-02,Confined space,EXPLICIT,AMBIGUOUS,AMBIGUOUS,Confined space incident,0,23,True,DERIVED_FACT,AMBIGUOUS_PARTIAL_MATCH,False
EVT-IMCA-2357,IOGP-03,Driving,DERIVED,DERIVED,DERIVED,Transport of welding/burning gas,0,32,True,SOURCE_FACT,EXPLICIT_SOURCE_TEXT,False
EVT-IMCA-2357,IOGP-05,Hot work,EXPLICIT,AMBIGUOUS,AMBIGUOUS,Transport of welding/burning gas,0,32,True,DERIVED_FACT,AMBIGUOUS_PARTIAL_MATCH,False
EVT-IMCA-2358,IOGP-07,Safe mechanical lifting,EXPLICIT,AMBIGUOUS,AMBIGUOUS,Parting of a crane lift wire,0,28,True,DERIVED_FACT,AMBIGUOUS_PARTIAL_MATCH,False
EVT-IMCA-2362,IOGP-07,Safe mechanical lifting,EXPLICIT,DERIVED,DERIVED,Rigging incident,0,16,True,SOURCE_FACT,EXPLICIT_SOURCE_TEXT,False
EVT-IMCA-2367,IOGP-07,Safe mechanical lifting,EXPLICIT,AMBIGUOUS,AMBIGUOUS,Damage to main hoist rope on Liebheur 1080/1 crane,0,50,True,DERIVED_FACT,AMBIGUOUS_PARTIAL_MATCH,False
EVT-IMCA-2371,IOGP-07,Safe mechanical lifting,DERIVED,DERIVED,DERIVED,Lifeboat winch failure,0,22,True,SOURCE_FACT,EXPLICIT_SOURCE_TEXT,False
EVT-IMCA-2378,IOGP-07,Safe mechanical lifting,EXPLICIT,AMBIGUOUS,AMBIGUOUS,07/99 Crane accidents,0,21,True,DERIVED_FACT,AMBIGUOUS_PARTIAL_MATCH,False
EVT-IMCA-2379,IOGP-07,Safe mechanical lifting,EXPLICIT,AMBIGUOUS,AMBIGUOUS,Crane whip line incident,0,24,True,DERIVED_FACT,AMBIGUOUS_PARTIAL_MATCH,False
EVT-IMCA-2393,IOGP-07,Safe mechanical lifting,EXPLICIT,UNSUPPORTED,UNSUPPORTED,NONE,-1,-1,False,UNGROUNDED,UNGROUNDED,False
EVT-IMCA-2395,IOGP-07,Safe mechanical lifting,EXPLICIT,DERIVED,DERIVED,Underwater rigging failure,0,26,True,SOURCE_FACT,EXPLICIT_SOURCE_TEXT,False
EVT-IMCA-2400,IOGP-07,Safe mechanical lifting,EXPLICIT,AMBIGUOUS,AMBIGUOUS,A member has alerted IMCA of a failure of a crane wire during the recovery of an ROV,0,84,True,DERIVED_FACT,AMBIGUOUS_PARTIAL_MATCH,False
EVT-HSE-0001,IOGP-03,Driving,DERIVED,DERIVED,DERIVED,transport,1978,1987,True,SOURCE_FACT,EXPLICIT_SOURCE_TEXT,False
EVT-HSE-0001,IOGP-07,Safe mechanical lifting,EXPLICIT,UNSUPPORTED,UNSUPPORTED,NONE,-1,-1,False,UNGROUNDED,UNGROUNDED,False
EVT-HSE-0003,IOGP-08,Work authorization,EXPLICIT,DERIVED,DERIVED,risk assessment,1298,1313,True,SOURCE_FACT,EXPLICIT_SOURCE_TEXT,False
EVT-HSE-0003,IOGP-09,Working at height,EXPLICIT,AMBIGUOUS,AMBIGUOUS,variants --> Title --> Manage risk of damage to grating systems (walkways and deck areas) on offshore installations during rig moves Health and Safety Executive - Safety alert,0,175,True,DERIVED_FACT,AMBIGUOUS_PARTIAL_MATCH,False
EVT-HSE-0004,IOGP-03,Driving,EXPLICIT,DERIVED,DERIVED,variants --> Title --> Unsafe bolts on BendPak XPR series two-post vehicle lift Health and Safety Executive - Safety notice Department Name: Field Operations Division Bulletin No: FOD 02 -2023 Is,0,195,True,SOURCE_FACT,EXPLICIT_SOURCE_TEXT,False
EVT-HSE-0004,IOGP-05,Hot work,NONE,AMBIGUOUS,AMBIGUOUS,welded,467,473,True,DERIVED_FACT,AMBIGUOUS_PARTIAL_MATCH,False
EVT-HSE-0004,IOGP-07,Safe mechanical lifting,EXPLICIT,UNSUPPORTED,UNSUPPORTED,NONE,-1,-1,False,UNGROUNDED,UNGROUNDED,False
EVT-HSE-0004,IOGP-09,Working at height,NONE,AMBIGUOUS,AMBIGUOUS,"8' or unmarked bolts, then there is an increased risk of a major incident, including a vehicle falling from the lift",932,1048,True,DERIVED_FACT,AMBIGUOUS_PARTIAL_MATCH,False
EVT-HSE-0005,IOGP-03,Driving,EXPLICIT,SUPPORTED,SUPPORTED,vehicle,1097,1104,True,SOURCE_FACT,EXPLICIT_SOURCE_TEXT,False
EVT-HSE-0005,IOGP-04,Energy isolation,DERIVED,DERIVED,DERIVED,pray volatile agents into the air intake in an attempt to aid starting get off the truck and close the shut off valve to isolate the gas bottle secure the truck to prevent further starting attempts ensure the area is well ventilated do NOT attempt t,1680,1929,True,SOURCE_FACT,EXPLICIT_SOURCE_TEXT,False
EVT-HSE-0005,IOGP-05,Hot work,EXPLICIT,SUPPORTED,SUPPORTED,ignited,907,914,True,SOURCE_FACT,EXPLICIT_SOURCE_TEXT,False
EVT-HSE-0006,IOGP-02,Confined space,EXPLICIT,SUPPORTED,SUPPORTED,onal releases due to poor integrity of pipework attached to cargo tanks or during regular venting operations to maintain cargo tank pressure within operating limits,1737,1901,True,SOURCE_FACT,EXPLICIT_SOURCE_TEXT,False
EVT-HSE-0006,IOGP-04,Energy isolation,DERIVED,DERIVED,DERIVED,"from such low-pressure release (often less than 800mm of WG), may not disperse in low wind conditions, can accumulate in isolated pockets onboard offshore installations",1913,2081,True,SOURCE_FACT,EXPLICIT_SOURCE_TEXT,False
EVT-HSE-0006,IOGP-06,Line of fire,NONE,AMBIGUOUS,AMBIGUOUS,pressure release,1927,1943,True,DERIVED_FACT,AMBIGUOUS_PARTIAL_MATCH,False
EVT-HSE-0006,IOGP-08,Work authorization,EXPLICIT,DERIVED,DERIVED,"agement and control of major accident hazards The Management of Health and Safety at Work Regulations 1999, Regulation 3 Risk Assessment & Regulation 5 Health & Safety Arrangements The Offshore Installations (Prevention of Fire and Explosion, and Emergency",5357,5613,True,SOURCE_FACT,EXPLICIT_SOURCE_TEXT,False
EVT-HSE-0007,IOGP-09,Working at height,EXPLICIT,AMBIGUOUS,AMBIGUOUS,"variants --> Title --> Unsafe use of floor grating systems in oil and gas, and wind generation Health and Safety Executive - Safety alert Department name: Energy Division",0,170,True,DERIVED_FACT,AMBIGUOUS_PARTIAL_MATCH,False
EVT-HSE-0008,IOGP-03,Driving,DERIVED,DERIVED,DERIVED,variants --> Title --> Mast climbing work platforms: Failure to detect mechanical failure in drive units leading to uncontrolled fall of platforms Health and Safety Executive - Safety alert Department name: BSCD (Buildi,0,219,True,SOURCE_FACT,EXPLICIT_SOURCE_TEXT,False
EVT-HSE-0008,IOGP-07,Safe mechanical lifting,EXPLICIT,AMBIGUOUS,AMBIGUOUS,"ndelibly affix to the platform the safe working load for configuration of the platform include functional testing of the overload warning device(s), if fitted, in maintenance inspections Prevent failure due to defects or deterioration being undetecte",5609,5859,True,DERIVED_FACT,AMBIGUOUS_PARTIAL_MATCH,False
EVT-HSE-0008,IOGP-08,Work authorization,EXPLICIT,DERIVED,DERIVED,"ts or deterioration being undetected , as part of your risk management and control arrangements, you should: review your risk assessment with a focus on periodicity of inspections and thorough examinations and tests, with reference to national regulations a",5824,6081,True,SOURCE_FACT,EXPLICIT_SOURCE_TEXT,False
EVT-HSE-0008,IOGP-09,Working at height,EXPLICIT,SUPPORTED,SUPPORTED,fall from,849,858,True,SOURCE_FACT,EXPLICIT_SOURCE_TEXT,False
EVT-CSB-2971,IOGP-05,Hot work,DERIVED,DERIVED,DERIVED,ignited,297,304,True,SOURCE_FACT,EXPLICIT_SOURCE_TEXT,False
EVT-CSB-2972,IOGP-03,Driving,NONE,DERIVED,DERIVED,"d massive volumes of flammable liquid geysering from a blowdown stack, forming a vapor cloud ignited by an idling diesel truck, causing 15 fatalities and 180 injuries",268,434,True,SOURCE_FACT,EXPLICIT_SOURCE_TEXT,False
EVT-CSB-2972,IOGP-05,Hot work,NONE,AMBIGUOUS,AMBIGUOUS,"umn overfilled and discharged massive volumes of flammable liquid geysering from a blowdown stack, forming a vapor cloud ignited by an idling diesel truck, causing 15 fatalities and 180 injuries",240,434,True,DERIVED_FACT,AMBIGUOUS_PARTIAL_MATCH,False
EVT-CSB-2974,IOGP-05,Hot work,NONE,AMBIGUOUS,AMBIGUOUS,ignited,280,287,True,DERIVED_FACT,AMBIGUOUS_PARTIAL_MATCH,False
EVT-CSB-2975,IOGP-05,Hot work,NONE,AMBIGUOUS,AMBIGUOUS,igniting,321,329,True,DERIVED_FACT,AMBIGUOUS_PARTIAL_MATCH,False
EVT-CSB-2976,IOGP-04,Energy isolation,EXPLICIT,SUPPORTED,SUPPORTED,"During maintenance on the fluid catalytic cracking (FCC) unit, flammable hydrocarbon vapor escaped past an isolated spent catalyst slide valve into an electrostatic precipitator (ESP)",0,183,True,SOURCE_FACT,EXPLICIT_SOURCE_TEXT,False
EVT-CSB-2976,IOGP-05,Hot work,DERIVED,DERIVED,DERIVED,ignition,232,240,True,SOURCE_FACT,EXPLICIT_SOURCE_TEXT,False
EVT-CSB-2977,IOGP-04,Energy isolation,DERIVED,DERIVED,DERIVED,A standby propylene fractionator reboiler was isolated from its pressure relief valve by a closed manual block valve,0,116,True,SOURCE_FACT,EXPLICIT_SOURCE_TEXT,False
EVT-CSB-2977,IOGP-05,Hot work,NONE,AMBIGUOUS,AMBIGUOUS,ignited,310,317,True,DERIVED_FACT,AMBIGUOUS_PARTIAL_MATCH,False
EVT-CSB-2978,IOGP-04,Energy isolation,NONE,AMBIGUOUS,AMBIGUOUS,isolation,181,190,True,DERIVED_FACT,AMBIGUOUS_PARTIAL_MATCH,False
EVT-CSB-2978,IOGP-05,Hot work,EXPLICIT,SUPPORTED,SUPPORTED,Hot work welding was being performed on top of a foul condensate tank while the mill was in annual outage,0,105,True,SOURCE_FACT,EXPLICIT_SOURCE_TEXT,False
EVT-CSB-2980,IOGP-03,Driving,DERIVED,DERIVED,DERIVED,A yard forklift carrying a loaded waste container snagged an unshielded 1-inch manual bleed valve on a propylene piping manifold,0,128,True,SOURCE_FACT,EXPLICIT_SOURCE_TEXT,False
EVT-CSB-2980,IOGP-05,Hot work,NONE,AMBIGUOUS,AMBIGUOUS,ignited,250,257,True,DERIVED_FACT,AMBIGUOUS_PARTIAL_MATCH,False
EVT-CSB-2981,IOGP-05,Hot work,NONE,AMBIGUOUS,AMBIGUOUS,ignited,143,150,True,DERIVED_FACT,AMBIGUOUS_PARTIAL_MATCH,False
EVT-CSB-2982,IOGP-04,Energy isolation,DERIVED,DERIVED,DERIVED,isolation,153,162,True,SOURCE_FACT,EXPLICIT_SOURCE_TEXT,False
EVT-CSB-2982,IOGP-05,Hot work,NONE,AMBIGUOUS,AMBIGUOUS,ignited,247,254,True,DERIVED_FACT,AMBIGUOUS_PARTIAL_MATCH,False
EVT-CSB-2983,IOGP-05,Hot work,EXPLICIT,SUPPORTED,SUPPORTED,torch,143,148,True,SOURCE_FACT,EXPLICIT_SOURCE_TEXT,False
EVT-CSB-2984,IOGP-05,Hot work,DERIVED,AMBIGUOUS,AMBIGUOUS,ignited,260,267,True,DERIVED_FACT,AMBIGUOUS_PARTIAL_MATCH,False
EVT-CSB-2985,IOGP-04,Energy isolation,DERIVED,DERIVED,DERIVED,isolated,279,287,True,SOURCE_FACT,EXPLICIT_SOURCE_TEXT,False
EVT-CSB-2985,IOGP-05,Hot work,NONE,AMBIGUOUS,AMBIGUOUS,ignited,172,179,True,DERIVED_FACT,AMBIGUOUS_PARTIAL_MATCH,False
EVT-CSB-2986,IOGP-05,Hot work,NONE,AMBIGUOUS,AMBIGUOUS,"tator, projecting shrapnel that punctured a 50,000-barrel asphalt storage tank 200 feet away, releasing hot asphalt that ignited into a massive toxic fire forcing the evacuation of the entire city",167,363,True,DERIVED_FACT,AMBIGUOUS_PARTIAL_MATCH,False
EVT-OBS-2987,IOGP-02,Confined space,EXPLICIT,SUPPORTED,SUPPORTED,"sed, unventilated mud pit to visually inspect the agitator blade without conducting an atmospheric gas test, obtaining a confined space entry permit, or stationing an entry attendant",89,271,True,SOURCE_FACT,EXPLICIT_SOURCE_TEXT,False
EVT-OBS-2988,IOGP-06,Line of fire,NONE,AMBIGUOUS,AMBIGUOUS,", a roustabout walked directly beneath the suspended 4-ton load to unhook a tagline, completely breaching the marked red exclusion zone boundary while the hoist was active",51,222,True,DERIVED_FACT,AMBIGUOUS_PARTIAL_MATCH,False
EVT-OBS-2988,IOGP-07,Safe mechanical lifting,DERIVED,AMBIGUOUS,AMBIGUOUS,"During deck crane transfer of tubular drill collars, a roustabout walked directly beneath the suspended 4-ton load to unhook a tagline, co",0,138,True,DERIVED_FACT,AMBIGUOUS_PARTIAL_MATCH,False
EVT-OBS-2989,IOGP-05,Hot work,EXPLICIT,SUPPORTED,SUPPORTED,ng an electric arc on a structural support bracket adjacent to the main gas compression skid without obtaining an active hot work permit or performing a 4-gas atmospheric test for flammable vapors,43,239,True,SOURCE_FACT,EXPLICIT_SOURCE_TEXT,False
EVT-OBS-2989,IOGP-08,Work authorization,DERIVED,UNSUPPORTED,UNSUPPORTED,NONE,-1,-1,False,UNGROUNDED,UNGROUNDED,True
EVT-OBS-2990,IOGP-09,Working at height,EXPLICIT,SUPPORTED,SUPPORTED,"While modifying scaffolding on the spider deck 12 meters above open water, a scaffolder unclipped both safety harness lanyards simultaneously to navigate around a structural diagonal brace, operating for over 30 seconds without 100% tie-o",0,238,True,SOURCE_FACT,EXPLICIT_SOURCE_TEXT,False
EVT-OBS-2991,IOGP-01,Bypassing safety controls,EXPLICIT,DERIVED,DERIVED,"To prevent recurring nuisance alarm shutdowns during tank transfer, an operator placed an unauthorized electrical jumper wire across the terminals of the high-level safety trip switch (LSHH) without management of change (MOC) authorization",0,239,True,SOURCE_FACT,EXPLICIT_SOURCE_TEXT,False
EVT-OBS-2991,IOGP-08,Work authorization,NONE,AMBIGUOUS,AMBIGUOUS,ectrical jumper wire across the terminals of the high-level safety trip switch (LSHH) without management of change (MOC) authorization,105,239,True,DERIVED_FACT,AMBIGUOUS_PARTIAL_MATCH,False
EVT-OBS-2992,IOGP-03,Driving,EXPLICIT,SUPPORTED,SUPPORTED,A supply yard forklift driver was observed reversing a 5-ton counterbalance forklift carrying a pallet of casing centralizers while looking down and t,0,150,True,SOURCE_FACT,EXPLICIT_SOURCE_TEXT,False
EVT-OBS-2993,IOGP-04,Energy isolation,EXPLICIT,DERIVED,DERIVED,on a chemical injection methanol supply line without verifying zero pressure at the bleeder valve or applying a personal lockout padlock to the upstream block valve,42,206,True,SOURCE_FACT,EXPLICIT_SOURCE_TEXT,False
EVT-OBS-2994,IOGP-09,Working at height,NONE,DERIVED,DERIVED,"To reach an elevated structural brace on the flare boom without adjusting scaffold staging, a painter placed an unsecured stepladder on the top scaffold planks 8 meters aloft and climbed to the top rung",0,202,True,SOURCE_FACT,EXPLICIT_SOURCE_TEXT,False
EVT-OBS-2995,IOGP-09,Working at height,NONE,AMBIGUOUS,AMBIGUOUS,"Routine walkaround identified a 1-meter section of carbon steel deck grating on the lower cellar deck with severe galvanic corrosion and 50% cross-section thinning, sagging under light foot pressur",0,197,True,DERIVED_FACT,AMBIGUOUS_PARTIAL_MATCH,False
EVT-OBS-2996,IOGP-04,Energy isolation,DERIVED,DERIVED,DERIVED,inst a structural beam with outer synthetic cover completely worn away and high-tensile wire braid severely frayed while energized at 2500 psi,98,240,True,SOURCE_FACT,EXPLICIT_SOURCE_TEXT,False
EVT-OBS-2997,IOGP-07,Safe mechanical lifting,DERIVED,DERIVED,DERIVED,"pment audits on the anchor handling tug, the primary emergency stop (E-stop) push-button console on the starboard towing winch was found taped over with heavy industrial duct tape, preventing physical depression",18,229,True,SOURCE_FACT,EXPLICIT_SOURCE_TEXT,False
EVT-OBS-2998,IOGP-04,Energy isolation,NONE,AMBIGUOUS,AMBIGUOUS,"cooler completely enveloped an optical ultraviolet/infrared (UV/IR) flame detector with fire-retardant plastic sheeting, blinding the sensor to potential flash fires in the compressor bay",46,233,True,DERIVED_FACT,AMBIGUOUS_PARTIAL_MATCH,False
EVT-OBS-2998,IOGP-09,Working at height,NONE,DERIVED,DERIVED,Maintenance scaffolding erected around an oil cooler completely enveloped an optical ultraviolet/infrared (UV/IR) flame detector with fire-retar,0,144,True,SOURCE_FACT,EXPLICIT_SOURCE_TEXT,False
EVT-OBS-2999,IOGP-07,Safe mechanical lifting,DERIVED,SUPPORTED,SUPPORTED,"Pre-use rigging inspection of a 20-ton pedestal crane auxiliary hoist line identified a severe kink, core crushing, and 8 broken exterior wires within a single lay length, ex",0,174,True,SOURCE_FACT,EXPLICIT_SOURCE_TEXT,False
EVT-OBS-3001,IOGP-06,Line of fire,NONE,AMBIGUOUS,AMBIGUOUS,snapback,136,144,True,DERIVED_FACT,AMBIGUOUS_PARTIAL_MATCH,False
EVT-OBS-3002,IOGP-07,Safe mechanical lifting,DERIVED,SUPPORTED,SUPPORTED,"While a crane boom was being slewed across the pipe deck, an unpinned 18-kg safety bow shackle vibrated loose from the auxiliary block",0,134,True,SOURCE_FACT,EXPLICIT_SOURCE_TEXT,False
EVT-OBS-3003,IOGP-02,Confined space,DERIVED,UNSUPPORTED,UNSUPPORTED,NONE,-1,-1,False,UNGROUNDED,UNGROUNDED,False
EVT-OBS-3004,IOGP-03,Driving,DERIVED,DERIVED,DERIVED,A yard forklift carrying two pallets of solvent drums took an unbanked corner at excessive speed,0,96,True,SOURCE_FACT,EXPLICIT_SOURCE_TEXT,False
EVT-OBS-3006,IOGP-09,Working at height,EXPLICIT,SUPPORTED,SUPPORTED,Official safety observation: Rigger climbed onto container stack without safety harness or fall arrest lanyard,0,110,True,SOURCE_FACT,EXPLICIT_SOURCE_TEXT,False
EVT-OBS-3007,IOGP-05,Hot work,EXPLICIT,SUPPORTED,SUPPORTED,Official safety observation: Welder placed hot oxy-acetylene torch on top of pressurized hydrocarbon pipe spool,0,111,True,SOURCE_FACT,EXPLICIT_SOURCE_TEXT,False
EVT-OBS-3008,IOGP-03,Driving,EXPLICIT,SUPPORTED,SUPPORTED,Official safety observation: Driver exited crew truck on steep lease road without engaging emergency parking brake,0,114,True,SOURCE_FACT,EXPLICIT_SOURCE_TEXT,False
EVT-OBS-3009,IOGP-01,Bypassing safety controls,EXPLICIT,SUPPORTED,SUPPORTED,Official safety observation: Maintenance tech bridged temperature sensor interlock on turbine exhaust duct,0,106,True,SOURCE_FACT,EXPLICIT_SOURCE_TEXT,False
EVT-OBS-3010,IOGP-02,Confined space,DERIVED,DERIVED,DERIVED,Official safety observation: Oxygen deficiency alarm sounding inside bilge tank while ventilation fan was unplugged,0,115,True,SOURCE_FACT,EXPLICIT_SOURCE_TEXT,False
EVT-OBS-3011,IOGP-09,Working at height,NONE,DERIVED,DERIVED,Official safety observation: Corroded scaffolding coupling bolt sheared during high-wind gale offshore,0,102,True,SOURCE_FACT,EXPLICIT_SOURCE_TEXT,False
EVT-OBS-3013,IOGP-07,Safe mechanical lifting,DERIVED,DERIVED,DERIVED,Official safety observation: Winch emergency stop line frayed and jammed inside guide roller on anchor deck,0,107,True,SOURCE_FACT,EXPLICIT_SOURCE_TEXT,False
