event_id,event_type,source_organization,document_id,event_date,facility,region,activity,equipment,energy_type,sif_potential,sif_label_type,actual_consequence,injury,fatality,dataset_tier,ml_eligibility
EVT-BSEE-0001,INCIDENT,Bureau of Safety and Environmental Enforcement (BSEE),SRC-BSEE-0001,,UNKNOWN,US Gulf of Mexico / OCS,Drilling & Well Intervention,parachute flare,THERMAL,TRUE,DERIVED,Personal injury sustained (Second-degree burn injury).,Second-degree burn injury,False,SILVER,ML_ELIGIBLE
EVT-BSEE-0002,INCIDENT,Bureau of Safety and Environmental Enforcement (BSEE),SRC-BSEE-0002,,Offshore Fixed Platform,US Gulf of Mexico / OCS,Drilling & Well Intervention,pressure safety valve,PRESSURE,UNKNOWN,UNKNOWN,None reported / Equipment stoppage or minor disruption.,,False,BRONZE,UNLABELED
EVT-BSEE-0003,NEAR_MISS,Bureau of Safety and Environmental Enforcement (BSEE),SRC-BSEE-0003,,UNKNOWN,US Gulf of Mexico / OCS,Drilling & Well Intervention,hot work,THERMAL,UNKNOWN,UNKNOWN,None reported / Equipment stoppage or minor disruption.,,False,BRONZE,UNLABELED
EVT-BSEE-0004,INCIDENT,Bureau of Safety and Environmental Enforcement (BSEE),SRC-BSEE-0004,,Offshore Fixed Platform,US Gulf of Mexico / OCS,Lifting & Rigging Operations,crane,UNKNOWN,UNKNOWN,UNKNOWN,Minor injury requiring first aid or medical attention.,First aid / minor laceration or contusion,False,BRONZE,UNLABELED
EVT-BSEE-0005,INCIDENT,Bureau of Safety and Environmental Enforcement (BSEE),SRC-BSEE-0005,,Offshore Fixed Platform,US Gulf of Mexico / OCS,Lifting & Rigging Operations,,GRAVITATIONAL,TRUE,EXPLICIT,Fatal injury occurred.,Fatal injury,True,GOLD,ML_ELIGIBLE
EVT-BSEE-0006,INCIDENT,Bureau of Safety and Environmental Enforcement (BSEE),SRC-BSEE-0006,,Offshore Fixed Platform,US Gulf of Mexico / OCS,Subsea & Diving Operations,hose,THERMAL,UNKNOWN,UNKNOWN,None reported / Equipment stoppage or minor disruption.,,False,BRONZE,UNLABELED
EVT-BSEE-0007,INCIDENT,Bureau of Safety and Environmental Enforcement (BSEE),SRC-BSEE-0007,,Offshore Fixed Platform,US Gulf of Mexico / OCS,Lifting & Rigging Operations,crane,GRAVITATIONAL,TRUE,DERIVED,None reported / Equipment stoppage or minor disruption.,,False,SILVER,ML_ELIGIBLE
EVT-BSEE-0008,INCIDENT,Bureau of Safety and Environmental Enforcement (BSEE),SRC-BSEE-0008,,Offshore Fixed Platform,US Gulf of Mexico / OCS,Drilling & Well Intervention,valve,PRESSURE,UNKNOWN,UNKNOWN,None reported / Equipment stoppage or minor disruption.,,False,BRONZE,UNLABELED
EVT-BSEE-0009,INCIDENT,Bureau of Safety and Environmental Enforcement (BSEE),SRC-BSEE-0009,,UNKNOWN,US Gulf of Mexico / OCS,Subsea & Diving Operations,pump,THERMAL,TRUE,DERIVED,Minor injury requiring first aid or medical attention.,First aid / minor laceration or contusion,False,SILVER,ML_ELIGIBLE
EVT-BSEE-0010,NEAR_MISS,Bureau of Safety and Environmental Enforcement (BSEE),SRC-BSEE-0010,,Offshore Fixed Platform,US Gulf of Mexico / OCS,Subsea & Diving Operations,,GRAVITATIONAL,UNKNOWN,UNKNOWN,None reported / Equipment stoppage or minor disruption.,,False,BRONZE,UNLABELED
EVT-BSEE-0011,INCIDENT,Bureau of Safety and Environmental Enforcement (BSEE),SRC-BSEE-0011,,UNKNOWN,US Gulf of Mexico / OCS,Lifting & Rigging Operations,crane,UNKNOWN,UNKNOWN,UNKNOWN,Lost time / serious personal injury sustained.,Fracture / Lost time injury,False,BRONZE,UNLABELED
EVT-BSEE-0012,INCIDENT,Bureau of Safety and Environmental Enforcement (BSEE),SRC-BSEE-0012,,Offshore Fixed Platform,US Gulf of Mexico / OCS,Subsea & Diving Operations,scaffold,GRAVITATIONAL,TRUE,DERIVED,Minor injury requiring first aid or medical attention.,First aid / minor laceration or contusion,False,SILVER,ML_ELIGIBLE
EVT-BSEE-0013,INCIDENT,Bureau of Safety and Environmental Enforcement (BSEE),SRC-BSEE-0013,,Jack-up Rig,US Gulf of Mexico / OCS,Drilling & Well Intervention,entangled,KINETIC,UNKNOWN,UNKNOWN,Minor injury requiring first aid or medical attention.,First aid / minor laceration or contusion,False,BRONZE,UNLABELED
EVT-BSEE-0014,UC,Bureau of Safety and Environmental Enforcement (BSEE),SRC-BSEE-0014,,Offshore Fixed Platform,US Gulf of Mexico / OCS,Drilling & Well Intervention,drill pipe / tubular,PRESSURE,UNKNOWN,UNKNOWN,None reported / Equipment stoppage or minor disruption.,,False,BRONZE,UNLABELED
EVT-BSEE-0015,INCIDENT,Bureau of Safety and Environmental Enforcement (BSEE),SRC-BSEE-0015,,Offshore Fixed Platform,US Gulf of Mexico / OCS,Subsea & Diving Operations,,THERMAL,TRUE,DERIVED,Personal injury sustained (Second-degree burn injury).,Second-degree burn injury,False,SILVER,ML_ELIGIBLE
EVT-BSEE-0016,INCIDENT,Bureau of Safety and Environmental Enforcement (BSEE),SRC-BSEE-0016,,Offshore Fixed Platform,US Gulf of Mexico / OCS,Lifting & Rigging Operations,scaffold,GRAVITATIONAL,TRUE,DERIVED,Lost time / serious personal injury sustained.,Fracture / Lost time injury,False,SILVER,ML_ELIGIBLE
EVT-BSEE-0017,INCIDENT,Bureau of Safety and Environmental Enforcement (BSEE),SRC-BSEE-0017,,Offshore Fixed Platform,US Gulf of Mexico / OCS,Piping & Pressure Maintenance,valve,THERMAL,TRUE,DERIVED,None reported / Equipment stoppage or minor disruption.,,False,SILVER,ML_ELIGIBLE
EVT-BSEE-0018,INCIDENT,Bureau of Safety and Environmental Enforcement (BSEE),SRC-BSEE-0018,,Offshore Fixed Platform,US Gulf of Mexico / OCS,Piping & Pressure Maintenance,compressor,THERMAL,UNKNOWN,UNKNOWN,No injuries occurred (Near Miss / Potential Consequence only).,None,False,BRONZE,UNLABELED
EVT-BSEE-0019,UA,Bureau of Safety and Environmental Enforcement (BSEE),SRC-BSEE-0019,,Offshore Fixed Platform,US Gulf of Mexico / OCS,Drilling & Well Intervention,,PRESSURE,UNKNOWN,UNKNOWN,None reported / Equipment stoppage or minor disruption.,,False,BRONZE,UNLABELED
EVT-BSEE-0020,INCIDENT,Bureau of Safety and Environmental Enforcement (BSEE),SRC-BSEE-0020,,UNKNOWN,US Gulf of Mexico / OCS,Lifting & Rigging Operations,lift / elevator,GRAVITATIONAL,TRUE,DERIVED,Personal injury sustained (Burn injury).,Burn injury,False,SILVER,ML_ELIGIBLE
EVT-BSEE-0021,NEAR_MISS,Bureau of Safety and Environmental Enforcement (BSEE),SRC-BSEE-0021,,UNKNOWN,US Gulf of Mexico / OCS,Drilling & Well Intervention,winch,GRAVITATIONAL,UNKNOWN,UNKNOWN,None reported / Equipment stoppage or minor disruption.,,False,BRONZE,UNLABELED
EVT-BSEE-0022,INCIDENT,Bureau of Safety and Environmental Enforcement (BSEE),SRC-BSEE-0022,,Mobile Offshore Drilling Unit (MODU),US Gulf of Mexico / OCS,Lifting & Rigging Operations,valve,THERMAL,TRUE,DERIVED,Personal injury sustained (Second-degree burn injury).,Second-degree burn injury,False,SILVER,ML_ELIGIBLE
EVT-BSEE-0023,INCIDENT,Bureau of Safety and Environmental Enforcement (BSEE),SRC-BSEE-0023,,Offshore Fixed Platform,US Gulf of Mexico / OCS,Lifting & Rigging Operations,crane,PRESSURE,TRUE,DERIVED,Lost time / serious personal injury sustained.,Fracture / Lost time injury,False,SILVER,ML_ELIGIBLE
EVT-BSEE-0024,INCIDENT,Bureau of Safety and Environmental Enforcement (BSEE),SRC-BSEE-0024,,UNKNOWN,US Gulf of Mexico / OCS,Lifting & Rigging Operations,scaffold,GRAVITATIONAL,TRUE,EXPLICIT,Fatal injury occurred.,Fatal injury,True,GOLD,ML_ELIGIBLE
EVT-BSEE-0025,INCIDENT,Bureau of Safety and Environmental Enforcement (BSEE),SRC-BSEE-0025,,UNKNOWN,US Gulf of Mexico / OCS,Piping & Pressure Maintenance,generator,GRAVITATIONAL,TRUE,DERIVED,Fatal injury occurred.,Fatal injury,True,SILVER,ML_ELIGIBLE
EVT-BSEE-0026,INCIDENT,Bureau of Safety and Environmental Enforcement (BSEE),SRC-BSEE-0026,,UNKNOWN,US Gulf of Mexico / OCS,Drilling & Well Intervention,gas cylinder / bailout cylinder,PRESSURE,UNKNOWN,UNKNOWN,None reported / Equipment stoppage or minor disruption.,,False,BRONZE,UNLABELED
EVT-BSEE-0027,INCIDENT,Bureau of Safety and Environmental Enforcement (BSEE),SRC-BSEE-0027,,UNKNOWN,US Gulf of Mexico / OCS,Subsea & Diving Operations,blowout preventer (BOP),GRAVITATIONAL,TRUE,DERIVED,Minor injury requiring first aid or medical attention.,First aid / minor laceration or contusion,False,SILVER,ML_ELIGIBLE
EVT-BSEE-0028,NEAR_MISS,Bureau of Safety and Environmental Enforcement (BSEE),SRC-BSEE-0028,,UNKNOWN,US Gulf of Mexico / OCS,Lifting & Rigging Operations,crane,UNKNOWN,UNKNOWN,UNKNOWN,Minor injury requiring first aid or medical attention.,First aid / minor laceration or contusion,False,BRONZE,UNLABELED
EVT-BSEE-0029,NEAR_MISS,Bureau of Safety and Environmental Enforcement (BSEE),SRC-BSEE-0029,,Offshore Fixed Platform,US Gulf of Mexico / OCS,General Industrial / Offshore Operations,,UNKNOWN,UNKNOWN,UNKNOWN,No injuries occurred (Near Miss / Potential Consequence only).,None,False,BRONZE,UNLABELED
EVT-BSEE-0030,INCIDENT,Bureau of Safety and Environmental Enforcement (BSEE),SRC-BSEE-0030,,Offshore Fixed Platform,US Gulf of Mexico / OCS,Lifting & Rigging Operations,blowout preventer (BOP),PRESSURE,UNKNOWN,UNKNOWN,None reported / Equipment stoppage or minor disruption.,,False,BRONZE,UNLABELED
EVT-BSEE-0031,INCIDENT,Bureau of Safety and Environmental Enforcement (BSEE),SRC-BSEE-0031,,UNKNOWN,US Gulf of Mexico / OCS,Subsea & Diving Operations,,PRESSURE,TRUE,DERIVED,Fatal injury occurred.,Fatal injury,True,SILVER,ML_ELIGIBLE
EVT-BSEE-0032,INCIDENT,Bureau of Safety and Environmental Enforcement (BSEE),SRC-BSEE-0032,,UNKNOWN,US Gulf of Mexico / OCS,Subsea & Diving Operations,,UNKNOWN,UNKNOWN,UNKNOWN,Minor injury requiring first aid or medical attention.,First aid / minor laceration or contusion,False,BRONZE,UNLABELED
EVT-BSEE-0033,INCIDENT,Bureau of Safety and Environmental Enforcement (BSEE),SRC-BSEE-0033,,UNKNOWN,US Gulf of Mexico / OCS,Subsea & Diving Operations,,PRESSURE,TRUE,DERIVED,Fatal injury occurred.,Fatal injury,True,SILVER,ML_ELIGIBLE
EVT-BSEE-0034,INCIDENT,Bureau of Safety and Environmental Enforcement (BSEE),SRC-BSEE-0034,,UNKNOWN,US Gulf of Mexico / OCS,Drilling & Well Intervention,,UNKNOWN,UNKNOWN,UNKNOWN,Lost time / serious personal injury sustained.,Fracture / Lost time injury,False,BRONZE,UNLABELED
EVT-BSEE-0035,INCIDENT,Bureau of Safety and Environmental Enforcement (BSEE),SRC-BSEE-0035,,Offshore Fixed Platform,US Gulf of Mexico / OCS,Lifting & Rigging Operations,valve,PRESSURE,TRUE,DERIVED,None reported / Equipment stoppage or minor disruption.,,False,SILVER,ML_ELIGIBLE
EVT-BSEE-0036,NEAR_MISS,Bureau of Safety and Environmental Enforcement (BSEE),SRC-BSEE-0036,,Offshore Fixed Platform,US Gulf of Mexico / OCS,Subsea & Diving Operations,,UNKNOWN,UNKNOWN,UNKNOWN,None reported / Equipment stoppage or minor disruption.,,False,BRONZE,UNLABELED
EVT-BSEE-0037,INCIDENT,Bureau of Safety and Environmental Enforcement (BSEE),SRC-BSEE-0037,,UNKNOWN,US Gulf of Mexico / OCS,Lifting & Rigging Operations,compressor,THERMAL,TRUE,EXPLICIT,Minor injury requiring first aid or medical attention.,First aid / minor laceration or contusion,False,GOLD,ML_ELIGIBLE
EVT-BSEE-0038,INCIDENT,Bureau of Safety and Environmental Enforcement (BSEE),SRC-BSEE-0038,,UNKNOWN,US Gulf of Mexico / OCS,Drilling & Well Intervention,,UNKNOWN,UNKNOWN,UNKNOWN,Minor injury requiring first aid or medical attention.,First aid / minor laceration or contusion,False,BRONZE,UNLABELED
EVT-BSEE-0039,INCIDENT,Bureau of Safety and Environmental Enforcement (BSEE),SRC-BSEE-0039,,UNKNOWN,US Gulf of Mexico / OCS,Lifting & Rigging Operations,,PRESSURE,TRUE,EXPLICIT,Fatal injury occurred.,Fatal injury,True,GOLD,ML_ELIGIBLE
EVT-BSEE-0040,NEAR_MISS,Bureau of Safety and Environmental Enforcement (BSEE),SRC-BSEE-0040,,UNKNOWN,US Gulf of Mexico / OCS,Lifting & Rigging Operations,crane,UNKNOWN,UNKNOWN,UNKNOWN,Minor injury requiring first aid or medical attention.,First aid / minor laceration or contusion,False,BRONZE,UNLABELED
EVT-BSEE-0041,INCIDENT,Bureau of Safety and Environmental Enforcement (BSEE),SRC-BSEE-0041,,Offshore Fixed Platform,US Gulf of Mexico / OCS,Piping & Pressure Maintenance,generator,THERMAL,TRUE,DERIVED,Lost time / serious personal injury sustained.,Fracture / Lost time injury,False,SILVER,ML_ELIGIBLE
EVT-BSEE-0042,INCIDENT,Bureau of Safety and Environmental Enforcement (BSEE),SRC-BSEE-0042,,UNKNOWN,US Gulf of Mexico / OCS,Subsea & Diving Operations,,THERMAL,TRUE,DERIVED,Minor injury requiring first aid or medical attention.,First aid / minor laceration or contusion,False,SILVER,ML_ELIGIBLE
EVT-BSEE-0043,INCIDENT,Bureau of Safety and Environmental Enforcement (BSEE),SRC-BSEE-0043,,Offshore Fixed Platform,US Gulf of Mexico / OCS,Drilling & Well Intervention,hose,PRESSURE,TRUE,EXPLICIT,Fatal injury occurred.,Fatal injury,True,GOLD,ML_ELIGIBLE
EVT-BSEE-0044,INCIDENT,Bureau of Safety and Environmental Enforcement (BSEE),SRC-BSEE-0044,,Offshore Fixed Platform,US Gulf of Mexico / OCS,Lifting & Rigging Operations,valve,PRESSURE,TRUE,DERIVED,Personal injury sustained (Second-degree burn injury).,Second-degree burn injury,False,SILVER,ML_ELIGIBLE
EVT-BSEE-0045,INCIDENT,Bureau of Safety and Environmental Enforcement (BSEE),SRC-BSEE-0045,,UNKNOWN,US Gulf of Mexico / OCS,Drilling & Well Intervention,,THERMAL,TRUE,DERIVED,Fatal injury occurred.,Fatal injury,True,SILVER,ML_ELIGIBLE
EVT-BSEE-0046,INCIDENT,Bureau of Safety and Environmental Enforcement (BSEE),SRC-BSEE-0046,,UNKNOWN,US Gulf of Mexico / OCS,Drilling & Well Intervention,,UNKNOWN,UNKNOWN,UNKNOWN,Fatal injury occurred.,Fatal injury,True,BRONZE,UNLABELED
EVT-BSEE-0047,INCIDENT,Bureau of Safety and Environmental Enforcement (BSEE),SRC-BSEE-0047,,UNKNOWN,US Gulf of Mexico / OCS,Lifting & Rigging Operations,entangled,KINETIC,TRUE,DERIVED,None reported / Equipment stoppage or minor disruption.,,False,SILVER,ML_ELIGIBLE
EVT-BSEE-0048,INCIDENT,Bureau of Safety and Environmental Enforcement (BSEE),SRC-BSEE-0048,,UNKNOWN,US Gulf of Mexico / OCS,Drilling & Well Intervention,hose,PRESSURE,UNKNOWN,UNKNOWN,None reported / Equipment stoppage or minor disruption.,,False,BRONZE,UNLABELED
EVT-BSEE-0049,INCIDENT,Bureau of Safety and Environmental Enforcement (BSEE),SRC-BSEE-0049,,UNKNOWN,US Gulf of Mexico / OCS,Subsea & Diving Operations,hose,GRAVITATIONAL,UNKNOWN,UNKNOWN,None reported / Equipment stoppage or minor disruption.,,False,BRONZE,UNLABELED
EVT-BSEE-0050,NEAR_MISS,Bureau of Safety and Environmental Enforcement (BSEE),SRC-BSEE-0050,,Offshore Fixed Platform,US Gulf of Mexico / OCS,Drilling & Well Intervention,,UNKNOWN,UNKNOWN,UNKNOWN,Minor injury requiring first aid or medical attention.,First aid / minor laceration or contusion,False,BRONZE,UNLABELED
EVT-BSEE-0051,INCIDENT,Bureau of Safety and Environmental Enforcement (BSEE),SRC-BSEE-0051,,UNKNOWN,US Gulf of Mexico / OCS,Lifting & Rigging Operations,crane,THERMAL,TRUE,DERIVED,Fatal injury occurred.,Fatal injury,True,SILVER,ML_ELIGIBLE
EVT-BSEE-0052,INCIDENT,Bureau of Safety and Environmental Enforcement (BSEE),SRC-BSEE-0052,,Offshore Fixed Platform,US Gulf of Mexico / OCS,Subsea & Diving Operations,,PRESSURE,TRUE,DERIVED,Fatal injury occurred.,Fatal injury,True,SILVER,ML_ELIGIBLE
EVT-BSEE-0053,INCIDENT,Bureau of Safety and Environmental Enforcement (BSEE),SRC-BSEE-0053,,Offshore Fixed Platform,US Gulf of Mexico / OCS,Subsea & Diving Operations,generator,PRESSURE,TRUE,DERIVED,None reported / Equipment stoppage or minor disruption.,,False,SILVER,ML_ELIGIBLE
EVT-BSEE-0054,INCIDENT,Bureau of Safety and Environmental Enforcement (BSEE),SRC-BSEE-0054,,UNKNOWN,US Gulf of Mexico / OCS,Piping & Pressure Maintenance,hose,PRESSURE,UNKNOWN,UNKNOWN,Minor injury requiring first aid or medical attention.,First aid / minor laceration or contusion,False,BRONZE,UNLABELED
EVT-BSEE-0055,NEAR_MISS,Bureau of Safety and Environmental Enforcement (BSEE),SRC-BSEE-0055,,UNKNOWN,US Gulf of Mexico / OCS,Drilling & Well Intervention,valve,GRAVITATIONAL,UNKNOWN,UNKNOWN,None reported / Equipment stoppage or minor disruption.,,False,BRONZE,UNLABELED
EVT-BSEE-0056,INCIDENT,Bureau of Safety and Environmental Enforcement (BSEE),SRC-BSEE-0056,,UNKNOWN,US Gulf of Mexico / OCS,Piping & Pressure Maintenance,hydraulic line,PRESSURE,TRUE,DERIVED,Minor injury requiring first aid or medical attention.,First aid / minor laceration or contusion,False,SILVER,ML_ELIGIBLE
EVT-BSEE-0057,INCIDENT,Bureau of Safety and Environmental Enforcement (BSEE),SRC-BSEE-0057,,Offshore Fixed Platform,US Gulf of Mexico / OCS,Piping & Pressure Maintenance,scaffold,GRAVITATIONAL,TRUE,DERIVED,Personal injury sustained (Burn injury).,Burn injury,False,SILVER,ML_ELIGIBLE
EVT-BSEE-0058,INCIDENT,Bureau of Safety and Environmental Enforcement (BSEE),SRC-BSEE-0058,,Offshore Fixed Platform,US Gulf of Mexico / OCS,Lifting & Rigging Operations,suspended load,GRAVITATIONAL,TRUE,EXPLICIT,No injuries occurred (Near Miss / Potential Consequence only).,None,False,GOLD,ML_ELIGIBLE
EVT-BSEE-0059,INCIDENT,Bureau of Safety and Environmental Enforcement (BSEE),SRC-BSEE-0059,,Offshore Fixed Platform,US Gulf of Mexico / OCS,Lifting & Rigging Operations,crane,PRESSURE,TRUE,EXPLICIT,Fatal injury occurred.,Fatal injury,True,GOLD,ML_ELIGIBLE
EVT-BSEE-0060,INCIDENT,Bureau of Safety and Environmental Enforcement (BSEE),SRC-BSEE-0060,,Drillship,US Gulf of Mexico / OCS,Lifting & Rigging Operations,winch,PRESSURE,TRUE,EXPLICIT,Fatal injury occurred.,Fatal injury,True,GOLD,ML_ELIGIBLE
EVT-BSEE-0061,INCIDENT,Bureau of Safety and Environmental Enforcement (BSEE),SRC-BSEE-0061,,UNKNOWN,US Gulf of Mexico / OCS,Drilling & Well Intervention,subsea jumper,PRESSURE,TRUE,DERIVED,Lost time / serious personal injury sustained.,Fracture / Lost time injury,False,SILVER,ML_ELIGIBLE
EVT-BSEE-0062,INCIDENT,Bureau of Safety and Environmental Enforcement (BSEE),SRC-BSEE-0062,,UNKNOWN,US Gulf of Mexico / OCS,Lifting & Rigging Operations,pressurized,PRESSURE,TRUE,DERIVED,Lost time / serious personal injury sustained.,Fracture / Lost time injury,False,SILVER,ML_ELIGIBLE
EVT-BSEE-0063,INCIDENT,Bureau of Safety and Environmental Enforcement (BSEE),SRC-BSEE-0063,,Offshore Fixed Platform,US Gulf of Mexico / OCS,Lifting & Rigging Operations,,UNKNOWN,UNKNOWN,UNKNOWN,Lost time / serious personal injury sustained.,Fracture / Lost time injury,False,BRONZE,UNLABELED
EVT-BSEE-0064,INCIDENT,Bureau of Safety and Environmental Enforcement (BSEE),SRC-BSEE-0064,,Offshore Fixed Platform,US Gulf of Mexico / OCS,Lifting & Rigging Operations,pressurized,PRESSURE,TRUE,DERIVED,Minor injury requiring first aid or medical attention.,First aid / minor laceration or contusion,False,SILVER,ML_ELIGIBLE
EVT-BSEE-0065,NEAR_MISS,Bureau of Safety and Environmental Enforcement (BSEE),SRC-BSEE-0065,,UNKNOWN,US Gulf of Mexico / OCS,Lifting & Rigging Operations,crane,GRAVITATIONAL,UNKNOWN,UNKNOWN,None reported / Equipment stoppage or minor disruption.,,False,BRONZE,UNLABELED
EVT-BSEE-0066,INCIDENT,Bureau of Safety and Environmental Enforcement (BSEE),SRC-BSEE-0066,,UNKNOWN,US Gulf of Mexico / OCS,Piping & Pressure Maintenance,valve,PRESSURE,TRUE,DERIVED,Minor injury requiring first aid or medical attention.,First aid / minor laceration or contusion,False,SILVER,ML_ELIGIBLE
EVT-BSEE-0067,INCIDENT,Bureau of Safety and Environmental Enforcement (BSEE),SRC-BSEE-0067,,Offshore Fixed Platform,US Gulf of Mexico / OCS,Lifting & Rigging Operations,crane,UNKNOWN,TRUE,EXPLICIT,No injuries occurred (Near Miss / Potential Consequence only).,None,False,BRONZE,ML_LIMITED
EVT-BSEE-0068,INCIDENT,Bureau of Safety and Environmental Enforcement (BSEE),SRC-BSEE-0068,,UNKNOWN,US Gulf of Mexico / OCS,Lifting & Rigging Operations,valve,PRESSURE,TRUE,DERIVED,Fatal injury occurred.,Fatal injury,True,SILVER,ML_ELIGIBLE
EVT-BSEE-0069,INCIDENT,Bureau of Safety and Environmental Enforcement (BSEE),SRC-BSEE-0069,,Offshore Fixed Platform,US Gulf of Mexico / OCS,Subsea & Diving Operations,,THERMAL,TRUE,DERIVED,Minor injury requiring first aid or medical attention.,First aid / minor laceration or contusion,False,SILVER,ML_ELIGIBLE
EVT-BSEE-0070,INCIDENT,Bureau of Safety and Environmental Enforcement (BSEE),SRC-BSEE-0070,,Offshore Fixed Platform,US Gulf of Mexico / OCS,Drilling & Well Intervention,compressor,THERMAL,UNKNOWN,UNKNOWN,None reported / Equipment stoppage or minor disruption.,,False,BRONZE,UNLABELED
EVT-BSEE-0071,INCIDENT,Bureau of Safety and Environmental Enforcement (BSEE),SRC-BSEE-0071,,Offshore Fixed Platform,US Gulf of Mexico / OCS,Lifting & Rigging Operations,crane,GRAVITATIONAL,UNKNOWN,UNKNOWN,None reported / Equipment stoppage or minor disruption.,,False,BRONZE,UNLABELED
EVT-BSEE-0072,INCIDENT,Bureau of Safety and Environmental Enforcement (BSEE),SRC-BSEE-0072,,UNKNOWN,US Gulf of Mexico / OCS,Drilling & Well Intervention,scaffold,GRAVITATIONAL,TRUE,DERIVED,Minor injury requiring first aid or medical attention.,First aid / minor laceration or contusion,False,SILVER,ML_ELIGIBLE
EVT-BSEE-0073,INCIDENT,Bureau of Safety and Environmental Enforcement (BSEE),SRC-BSEE-0073,,UNKNOWN,US Gulf of Mexico / OCS,Lifting & Rigging Operations,crane,THERMAL,TRUE,DERIVED,Lost time / serious personal injury sustained.,Fracture / Lost time injury,False,SILVER,ML_ELIGIBLE
EVT-BSEE-0074,INCIDENT,Bureau of Safety and Environmental Enforcement (BSEE),SRC-BSEE-0074,,UNKNOWN,US Gulf of Mexico / OCS,Lifting & Rigging Operations,crane,THERMAL,TRUE,DERIVED,None reported / Equipment stoppage or minor disruption.,,False,SILVER,ML_ELIGIBLE
EVT-BSEE-0075,INCIDENT,Bureau of Safety and Environmental Enforcement (BSEE),SRC-BSEE-0075,,UNKNOWN,US Gulf of Mexico / OCS,Lifting & Rigging Operations,hose,PRESSURE,TRUE,DERIVED,Minor injury requiring first aid or medical attention.,First aid / minor laceration or contusion,False,SILVER,ML_ELIGIBLE
EVT-BSEE-0076,INCIDENT,Bureau of Safety and Environmental Enforcement (BSEE),SRC-BSEE-0076,,Drillship,US Gulf of Mexico / OCS,Drilling & Well Intervention,,UNKNOWN,UNKNOWN,UNKNOWN,Minor injury requiring first aid or medical attention.,First aid / minor laceration or contusion,False,BRONZE,UNLABELED
EVT-BSEE-0077,INCIDENT,Bureau of Safety and Environmental Enforcement (BSEE),SRC-BSEE-0077,,Offshore Fixed Platform,US Gulf of Mexico / OCS,Drilling & Well Intervention,pump,GRAVITATIONAL,TRUE,DERIVED,None reported / Equipment stoppage or minor disruption.,,False,SILVER,ML_ELIGIBLE
EVT-BSEE-0078,INCIDENT,Bureau of Safety and Environmental Enforcement (BSEE),SRC-BSEE-0078,,Offshore Fixed Platform,US Gulf of Mexico / OCS,Lifting & Rigging Operations,crane,PRESSURE,TRUE,EXPLICIT,Fatal injury occurred.,Fatal injury,True,GOLD,ML_ELIGIBLE
EVT-BSEE-0079,NEAR_MISS,Bureau of Safety and Environmental Enforcement (BSEE),SRC-BSEE-0079,,UNKNOWN,US Gulf of Mexico / OCS,Subsea & Diving Operations,open hole,GRAVITATIONAL,UNKNOWN,UNKNOWN,None reported / Equipment stoppage or minor disruption.,,False,BRONZE,UNLABELED
EVT-BSEE-0080,INCIDENT,Bureau of Safety and Environmental Enforcement (BSEE),SRC-BSEE-0080,,UNKNOWN,US Gulf of Mexico / OCS,Subsea & Diving Operations,drill pipe / tubular,THERMAL,UNKNOWN,UNKNOWN,None reported / Equipment stoppage or minor disruption.,,False,BRONZE,UNLABELED
EVT-BSEE-0081,INCIDENT,Bureau of Safety and Environmental Enforcement (BSEE),SRC-BSEE-0081,,UNKNOWN,US Gulf of Mexico / OCS,General Industrial / Offshore Operations,generator,THERMAL,TRUE,DERIVED,Personal injury sustained (Second-degree burn injury).,Second-degree burn injury,False,SILVER,ML_ELIGIBLE
EVT-BSEE-0082,NEAR_MISS,Bureau of Safety and Environmental Enforcement (BSEE),SRC-BSEE-0082,,Offshore Fixed Platform,US Gulf of Mexico / OCS,Lifting & Rigging Operations,crane,ELECTRICAL,UNKNOWN,UNKNOWN,None reported / Equipment stoppage or minor disruption.,,False,BRONZE,UNLABELED
EVT-BSEE-0083,INCIDENT,Bureau of Safety and Environmental Enforcement (BSEE),SRC-BSEE-0083,,UNKNOWN,US Gulf of Mexico / OCS,Drilling & Well Intervention,,UNKNOWN,UNKNOWN,UNKNOWN,None reported / Equipment stoppage or minor disruption.,,False,BRONZE,UNLABELED
EVT-BSEE-0084,INCIDENT,Bureau of Safety and Environmental Enforcement (BSEE),SRC-BSEE-0084,,Offshore Fixed Platform,US Gulf of Mexico / OCS,Lifting & Rigging Operations,crane,UNKNOWN,UNKNOWN,UNKNOWN,None reported / Equipment stoppage or minor disruption.,,False,BRONZE,UNLABELED
EVT-BSEE-0085,INCIDENT,Bureau of Safety and Environmental Enforcement (BSEE),SRC-BSEE-0085,,UNKNOWN,US Gulf of Mexico / OCS,Subsea & Diving Operations,generator,THERMAL,TRUE,DERIVED,None reported / Equipment stoppage or minor disruption.,,False,SILVER,ML_ELIGIBLE
EVT-BSEE-0086,INCIDENT,Bureau of Safety and Environmental Enforcement (BSEE),SRC-BSEE-0086,,UNKNOWN,US Gulf of Mexico / OCS,Drilling & Well Intervention,,THERMAL,UNKNOWN,UNKNOWN,Minor injury requiring first aid or medical attention.,First aid / minor laceration or contusion,False,BRONZE,UNLABELED
EVT-BSEE-0087,INCIDENT,Bureau of Safety and Environmental Enforcement (BSEE),SRC-BSEE-0087,,UNKNOWN,US Gulf of Mexico / OCS,General Industrial / Offshore Operations,,THERMAL,UNKNOWN,UNKNOWN,None reported / Equipment stoppage or minor disruption.,,False,BRONZE,UNLABELED
EVT-BSEE-0088,INCIDENT,Bureau of Safety and Environmental Enforcement (BSEE),SRC-BSEE-0088,,Offshore Fixed Platform,US Gulf of Mexico / OCS,Lifting & Rigging Operations,crane load,GRAVITATIONAL,TRUE,DERIVED,None reported / Equipment stoppage or minor disruption.,,False,SILVER,ML_ELIGIBLE
EVT-BSEE-0089,NEAR_MISS,Bureau of Safety and Environmental Enforcement (BSEE),SRC-BSEE-0089,,Offshore Fixed Platform,US Gulf of Mexico / OCS,Lifting & Rigging Operations,crane,GRAVITATIONAL,UNKNOWN,UNKNOWN,No injuries occurred (Near Miss / Potential Consequence only).,None,False,BRONZE,UNLABELED
EVT-BSEE-0090,INCIDENT,Bureau of Safety and Environmental Enforcement (BSEE),SRC-BSEE-0090,,UNKNOWN,US Gulf of Mexico / OCS,Subsea & Diving Operations,grating failure,GRAVITATIONAL,TRUE,EXPLICIT,Fatal injury occurred.,Fatal injury,True,GOLD,ML_ELIGIBLE
EVT-BSEE-0091,NEAR_MISS,Bureau of Safety and Environmental Enforcement (BSEE),SRC-BSEE-0091,,UNKNOWN,US Gulf of Mexico / OCS,Lifting & Rigging Operations,crane,GRAVITATIONAL,TRUE,EXPLICIT,None reported / Equipment stoppage or minor disruption.,,False,GOLD,ML_ELIGIBLE
EVT-BSEE-0092,NEAR_MISS,Bureau of Safety and Environmental Enforcement (BSEE),SRC-BSEE-0092,,UNKNOWN,US Gulf of Mexico / OCS,Drilling & Well Intervention,valve,PRESSURE,UNKNOWN,UNKNOWN,Minor injury requiring first aid or medical attention.,First aid / minor laceration or contusion,False,BRONZE,UNLABELED
EVT-BSEE-0093,INCIDENT,Bureau of Safety and Environmental Enforcement (BSEE),SRC-BSEE-0093,,UNKNOWN,US Gulf of Mexico / OCS,Lifting & Rigging Operations,crane,UNKNOWN,UNKNOWN,UNKNOWN,Lost time / serious personal injury sustained.,Fracture / Lost time injury,False,BRONZE,UNLABELED
EVT-BSEE-0094,INCIDENT,Bureau of Safety and Environmental Enforcement (BSEE),SRC-BSEE-0094,,Offshore Fixed Platform,US Gulf of Mexico / OCS,Drilling & Well Intervention,open hole,GRAVITATIONAL,UNKNOWN,UNKNOWN,None reported / Equipment stoppage or minor disruption.,,False,BRONZE,UNLABELED
EVT-BSEE-0095,INCIDENT,Bureau of Safety and Environmental Enforcement (BSEE),SRC-BSEE-0095,,Offshore Fixed Platform,US Gulf of Mexico / OCS,Lifting & Rigging Operations,crane,UNKNOWN,TRUE,EXPLICIT,No injuries occurred (Near Miss / Potential Consequence only).,None,False,BRONZE,ML_LIMITED
EVT-BSEE-0096,INCIDENT,Bureau of Safety and Environmental Enforcement (BSEE),SRC-BSEE-0096,,UNKNOWN,US Gulf of Mexico / OCS,Piping & Pressure Maintenance,valve,UNKNOWN,UNKNOWN,UNKNOWN,Minor injury requiring first aid or medical attention.,First aid / minor laceration or contusion,False,BRONZE,UNLABELED
EVT-BSEE-0097,INCIDENT,Bureau of Safety and Environmental Enforcement (BSEE),SRC-BSEE-0097,,Offshore Fixed Platform,US Gulf of Mexico / OCS,Lifting & Rigging Operations,rotating,KINETIC,TRUE,DERIVED,Lost time / serious personal injury sustained.,Fracture / Lost time injury,False,SILVER,ML_ELIGIBLE
EVT-BSEE-0098,NEAR_MISS,Bureau of Safety and Environmental Enforcement (BSEE),SRC-BSEE-0098,,Offshore Fixed Platform,US Gulf of Mexico / OCS,Drilling & Well Intervention,valve,PRESSURE,UNKNOWN,UNKNOWN,None reported / Equipment stoppage or minor disruption.,,False,BRONZE,UNLABELED
EVT-BSEE-0099,INCIDENT,Bureau of Safety and Environmental Enforcement (BSEE),SRC-BSEE-0099,,UNKNOWN,US Gulf of Mexico / OCS,Lifting & Rigging Operations,crane,UNKNOWN,UNKNOWN,UNKNOWN,No injuries occurred (Near Miss / Potential Consequence only).,None,False,BRONZE,UNLABELED
EVT-BSEE-0100,NEAR_MISS,Bureau of Safety and Environmental Enforcement (BSEE),SRC-BSEE-0100,,UNKNOWN,US Gulf of Mexico / OCS,General Industrial / Offshore Operations,compressor,ELECTRICAL,UNKNOWN,UNKNOWN,No injuries occurred (Near Miss / Potential Consequence only).,None,False,BRONZE,UNLABELED
EVT-BSEE-0101,INCIDENT,Bureau of Safety and Environmental Enforcement (BSEE),SRC-BSEE-0101,,Offshore Fixed Platform,US Gulf of Mexico / OCS,Lifting & Rigging Operations,grating failure,GRAVITATIONAL,TRUE,EXPLICIT,Fatal injury occurred.,Fatal injury,True,BRONZE,QUARANTINED
EVT-BSEE-0102,INCIDENT,Bureau of Safety and Environmental Enforcement (BSEE),SRC-BSEE-0102,,Drillship,US Gulf of Mexico / OCS,Drilling & Well Intervention,blowout preventer (BOP),PRESSURE,TRUE,DERIVED,No injuries occurred (Near Miss / Potential Consequence only).,None,False,BRONZE,QUARANTINED
EVT-BSEE-0103,INCIDENT,Bureau of Safety and Environmental Enforcement (BSEE),SRC-BSEE-0103,,Offshore Fixed Platform,US Gulf of Mexico / OCS,Drilling & Well Intervention,,UNKNOWN,UNKNOWN,UNKNOWN,No injuries occurred (Near Miss / Potential Consequence only).,None,False,BRONZE,QUARANTINED
EVT-BSEE-0104,INCIDENT,Bureau of Safety and Environmental Enforcement (BSEE),SRC-BSEE-0104,,Offshore Fixed Platform,US Gulf of Mexico / OCS,Drilling & Well Intervention,,UNKNOWN,UNKNOWN,UNKNOWN,No injuries occurred (Near Miss / Potential Consequence only).,None,False,BRONZE,QUARANTINED
EVT-BSEE-0105,INCIDENT,Bureau of Safety and Environmental Enforcement (BSEE),SRC-BSEE-0105,,UNKNOWN,US Gulf of Mexico / OCS,Drilling & Well Intervention,valve,UNKNOWN,UNKNOWN,UNKNOWN,None reported / Equipment stoppage or minor disruption.,,False,BRONZE,QUARANTINED
EVT-BSEE-0106,INCIDENT,Bureau of Safety and Environmental Enforcement (BSEE),SRC-BSEE-0106,,Offshore Fixed Platform,US Gulf of Mexico / OCS,Subsea & Diving Operations,flare,THERMAL,TRUE,DERIVED,None reported / Equipment stoppage or minor disruption.,,False,BRONZE,QUARANTINED
EVT-BSEE-0107,INCIDENT,Bureau of Safety and Environmental Enforcement (BSEE),SRC-BSEE-0107,,UNKNOWN,US Gulf of Mexico / OCS,Lifting & Rigging Operations,,THERMAL,TRUE,DERIVED,None reported / Equipment stoppage or minor disruption.,,False,BRONZE,QUARANTINED
EVT-BSEE-0108,INCIDENT,Bureau of Safety and Environmental Enforcement (BSEE),SRC-BSEE-0108,,Offshore Fixed Platform,US Gulf of Mexico / OCS,General Industrial / Offshore Operations,,UNKNOWN,TRUE,EXPLICIT,Fatal injury occurred.,Fatal injury,True,BRONZE,QUARANTINED
EVT-BSEE-0109,INCIDENT,Bureau of Safety and Environmental Enforcement (BSEE),SRC-BSEE-0109,,Offshore Fixed Platform,US Gulf of Mexico / OCS,Drilling & Well Intervention,,THERMAL,TRUE,DERIVED,None reported / Equipment stoppage or minor disruption.,,False,BRONZE,QUARANTINED
EVT-BSEE-0110,INCIDENT,Bureau of Safety and Environmental Enforcement (BSEE),SRC-BSEE-0110,,UNKNOWN,US Gulf of Mexico / OCS,Drilling & Well Intervention,vehicle,KINETIC,TRUE,DERIVED,Lost time / serious personal injury sustained.,Fracture / Lost time injury,False,BRONZE,QUARANTINED
EVT-BSEE-0111,INCIDENT,Bureau of Safety and Environmental Enforcement (BSEE),SRC-BSEE-0111,,UNKNOWN,US Gulf of Mexico / OCS,Lifting & Rigging Operations,open hole,GRAVITATIONAL,TRUE,EXPLICIT,Fatal injury occurred.,Fatal injury,True,BRONZE,QUARANTINED
EVT-BSEE-0112,INCIDENT,Bureau of Safety and Environmental Enforcement (BSEE),SRC-BSEE-0112,,UNKNOWN,US Gulf of Mexico / OCS,Drilling & Well Intervention,drill pipe / tubular,PRESSURE,UNKNOWN,UNKNOWN,None reported / Equipment stoppage or minor disruption.,,False,BRONZE,QUARANTINED
EVT-BSEE-0113,INCIDENT,Bureau of Safety and Environmental Enforcement (BSEE),SRC-BSEE-0113,,UNKNOWN,US Gulf of Mexico / OCS,Lifting & Rigging Operations,crane,UNKNOWN,UNKNOWN,UNKNOWN,None reported / Equipment stoppage or minor disruption.,,False,BRONZE,QUARANTINED
EVT-BSEE-0114,INCIDENT,Bureau of Safety and Environmental Enforcement (BSEE),SRC-BSEE-0114,,UNKNOWN,US Gulf of Mexico / OCS,Drilling & Well Intervention,,UNKNOWN,UNKNOWN,UNKNOWN,None reported / Equipment stoppage or minor disruption.,,False,BRONZE,QUARANTINED
EVT-BSEE-0115,INCIDENT,Bureau of Safety and Environmental Enforcement (BSEE),SRC-BSEE-0115,,Offshore Fixed Platform,US Gulf of Mexico / OCS,Drilling & Well Intervention,pressure vessel,PRESSURE,UNKNOWN,UNKNOWN,None reported / Equipment stoppage or minor disruption.,,False,BRONZE,QUARANTINED
EVT-BSEE-0116,INCIDENT,Bureau of Safety and Environmental Enforcement (BSEE),SRC-BSEE-0116,,Offshore Fixed Platform,US Gulf of Mexico / OCS,Drilling & Well Intervention,,UNKNOWN,UNKNOWN,UNKNOWN,Minor injury requiring first aid or medical attention.,First aid / minor laceration or contusion,False,BRONZE,QUARANTINED
EVT-BSEE-0117,INCIDENT,Bureau of Safety and Environmental Enforcement (BSEE),SRC-BSEE-0117,,Offshore Fixed Platform,US Gulf of Mexico / OCS,Piping & Pressure Maintenance,gas cylinder / bailout cylinder,PRESSURE,TRUE,DERIVED,None reported / Equipment stoppage or minor disruption.,,False,BRONZE,QUARANTINED
EVT-BSEE-0118,INCIDENT,Bureau of Safety and Environmental Enforcement (BSEE),SRC-BSEE-0118,,Offshore Fixed Platform,US Gulf of Mexico / OCS,General Industrial / Offshore Operations,grating failure,GRAVITATIONAL,TRUE,EXPLICIT,Fatal injury occurred.,Fatal injury,True,BRONZE,QUARANTINED
EVT-BSEE-0119,INCIDENT,Bureau of Safety and Environmental Enforcement (BSEE),SRC-BSEE-0119,,Offshore Fixed Platform,US Gulf of Mexico / OCS,Drilling & Well Intervention,winch,KINETIC,TRUE,DERIVED,None reported / Equipment stoppage or minor disruption.,,False,BRONZE,QUARANTINED
EVT-BSEE-0120,INCIDENT,Bureau of Safety and Environmental Enforcement (BSEE),SRC-BSEE-0120,,Offshore Fixed Platform,US Gulf of Mexico / OCS,Piping & Pressure Maintenance,,THERMAL,UNKNOWN,UNKNOWN,None reported / Equipment stoppage or minor disruption.,,False,BRONZE,QUARANTINED
EVT-BSEE-0121,INCIDENT,Bureau of Safety and Environmental Enforcement (BSEE),SRC-BSEE-0121,,UNKNOWN,US Gulf of Mexico / OCS,Piping & Pressure Maintenance,,THERMAL,UNKNOWN,UNKNOWN,None reported / Equipment stoppage or minor disruption.,,False,BRONZE,QUARANTINED
EVT-BSEE-0122,INCIDENT,Bureau of Safety and Environmental Enforcement (BSEE),SRC-BSEE-0122,,UNKNOWN,US Gulf of Mexico / OCS,General Industrial / Offshore Operations,,THERMAL,UNKNOWN,UNKNOWN,None reported / Equipment stoppage or minor disruption.,,False,BRONZE,QUARANTINED
EVT-BSEE-0123,INCIDENT,Bureau of Safety and Environmental Enforcement (BSEE),SRC-BSEE-0123,,UNKNOWN,US Gulf of Mexico / OCS,Subsea & Diving Operations,,PRESSURE,UNKNOWN,UNKNOWN,Fatal injury occurred.,Fatal injury,True,BRONZE,QUARANTINED
EVT-BSEE-0124,INCIDENT,Bureau of Safety and Environmental Enforcement (BSEE),SRC-BSEE-0124,,Offshore Fixed Platform,US Gulf of Mexico / OCS,Lifting & Rigging Operations,crane,UNKNOWN,UNKNOWN,UNKNOWN,Minor injury requiring first aid or medical attention.,First aid / minor laceration or contusion,False,BRONZE,QUARANTINED
EVT-BSEE-0125,NEAR_MISS,Bureau of Safety and Environmental Enforcement (BSEE),SRC-BSEE-0125,,UNKNOWN,US Gulf of Mexico / OCS,Drilling & Well Intervention,,UNKNOWN,UNKNOWN,UNKNOWN,No injuries occurred (Near Miss / Potential Consequence only).,None,False,BRONZE,QUARANTINED
EVT-BSEE-0126,INCIDENT,Bureau of Safety and Environmental Enforcement (BSEE),SRC-BSEE-0126,,Offshore Fixed Platform,US Gulf of Mexico / OCS,Lifting & Rigging Operations,crane,ELECTRICAL,UNKNOWN,UNKNOWN,None reported / Equipment stoppage or minor disruption.,,False,BRONZE,QUARANTINED
EVT-BSEE-0127,INCIDENT,Bureau of Safety and Environmental Enforcement (BSEE),SRC-BSEE-0127,,UNKNOWN,US Gulf of Mexico / OCS,Drilling & Well Intervention,lift / elevator,UNKNOWN,UNKNOWN,UNKNOWN,None reported / Equipment stoppage or minor disruption.,,False,BRONZE,QUARANTINED
EVT-BSEE-0128,INCIDENT,Bureau of Safety and Environmental Enforcement (BSEE),SRC-BSEE-0128,,UNKNOWN,US Gulf of Mexico / OCS,Subsea & Diving Operations,scaffold,GRAVITATIONAL,TRUE,EXPLICIT,Fatal injury occurred.,Fatal injury,True,BRONZE,QUARANTINED
EVT-BSEE-0129,INCIDENT,Bureau of Safety and Environmental Enforcement (BSEE),SRC-BSEE-0129,,Offshore Fixed Platform,US Gulf of Mexico / OCS,Drilling & Well Intervention,compressor,PRESSURE,UNKNOWN,UNKNOWN,None reported / Equipment stoppage or minor disruption.,,False,BRONZE,QUARANTINED
EVT-BSEE-0130,INCIDENT,Bureau of Safety and Environmental Enforcement (BSEE),SRC-BSEE-0130,,UNKNOWN,US Gulf of Mexico / OCS,General Industrial / Offshore Operations,hose,PRESSURE,UNKNOWN,UNKNOWN,None reported / Equipment stoppage or minor disruption.,,False,BRONZE,QUARANTINED
EVT-BSEE-0131,INCIDENT,Bureau of Safety and Environmental Enforcement (BSEE),SRC-BSEE-0131,,UNKNOWN,US Gulf of Mexico / OCS,Subsea & Diving Operations,pressure safety valve,PRESSURE,UNKNOWN,UNKNOWN,None reported / Equipment stoppage or minor disruption.,,False,BRONZE,QUARANTINED
EVT-BSEE-0132,INCIDENT,Bureau of Safety and Environmental Enforcement (BSEE),SRC-BSEE-0132,,UNKNOWN,US Gulf of Mexico / OCS,Drilling & Well Intervention,,THERMAL,TRUE,DERIVED,None reported / Equipment stoppage or minor disruption.,,False,BRONZE,QUARANTINED
EVT-BSEE-0133,INCIDENT,Bureau of Safety and Environmental Enforcement (BSEE),SRC-BSEE-0133,,UNKNOWN,US Gulf of Mexico / OCS,Piping & Pressure Maintenance,,PRESSURE,UNKNOWN,UNKNOWN,None reported / Equipment stoppage or minor disruption.,,False,BRONZE,QUARANTINED
EVT-BSEE-0134,NEAR_MISS,Bureau of Safety and Environmental Enforcement (BSEE),SRC-BSEE-0134,,UNKNOWN,US Gulf of Mexico / OCS,Lifting & Rigging Operations,crane,GRAVITATIONAL,FALSE,DERIVED,None reported / Equipment stoppage or minor disruption.,,False,BRONZE,QUARANTINED
EVT-BSEE-0135,NEAR_MISS,Bureau of Safety and Environmental Enforcement (BSEE),SRC-BSEE-0135,,UNKNOWN,US Gulf of Mexico / OCS,General Industrial / Offshore Operations,,UNKNOWN,UNKNOWN,UNKNOWN,None reported / Equipment stoppage or minor disruption.,,False,BRONZE,QUARANTINED
EVT-BSEE-0136,INCIDENT,Bureau of Safety and Environmental Enforcement (BSEE),SRC-BSEE-0136,,UNKNOWN,US Gulf of Mexico / OCS,Drilling & Well Intervention,,THERMAL,UNKNOWN,UNKNOWN,Minor injury requiring first aid or medical attention.,First aid / minor laceration or contusion,False,BRONZE,QUARANTINED
EVT-BSEE-0137,INCIDENT,Bureau of Safety and Environmental Enforcement (BSEE),SRC-BSEE-0137,,UNKNOWN,US Gulf of Mexico / OCS,Drilling & Well Intervention,subsea jumper,PRESSURE,UNKNOWN,UNKNOWN,"Major subsea leak resulting in 16,000 barrels oil release.",,False,BRONZE,QUARANTINED
EVT-BSEE-0138,INCIDENT,Bureau of Safety and Environmental Enforcement (BSEE),SRC-BSEE-0138,,Offshore Fixed Platform,US Gulf of Mexico / OCS,Piping & Pressure Maintenance,compressor,PRESSURE,UNKNOWN,UNKNOWN,None reported / Equipment stoppage or minor disruption.,,False,BRONZE,QUARANTINED
EVT-BSEE-0139,INCIDENT,Bureau of Safety and Environmental Enforcement (BSEE),SRC-BSEE-0139,,UNKNOWN,US Gulf of Mexico / OCS,Drilling & Well Intervention,,UNKNOWN,UNKNOWN,UNKNOWN,None reported / Equipment stoppage or minor disruption.,,False,BRONZE,QUARANTINED
EVT-BSEE-0140,UA,Bureau of Safety and Environmental Enforcement (BSEE),SRC-BSEE-0140,,Offshore Fixed Platform,US Gulf of Mexico / OCS,Subsea & Diving Operations,,PRESSURE,UNKNOWN,UNKNOWN,None reported / Equipment stoppage or minor disruption.,,False,BRONZE,QUARANTINED
EVT-BSEE-0141,INCIDENT,Bureau of Safety and Environmental Enforcement (BSEE),SRC-BSEE-0141,,UNKNOWN,US Gulf of Mexico / OCS,Drilling & Well Intervention,,UNKNOWN,UNKNOWN,UNKNOWN,Lost time / serious personal injury sustained.,Fracture / Lost time injury,False,BRONZE,QUARANTINED
EVT-BSEE-0142,UC,Bureau of Safety and Environmental Enforcement (BSEE),SRC-BSEE-0142,,UNKNOWN,US Gulf of Mexico / OCS,General Industrial / Offshore Operations,shackle,UNKNOWN,UNKNOWN,UNKNOWN,None reported / Equipment stoppage or minor disruption.,,False,BRONZE,QUARANTINED
EVT-BSEE-0143,INCIDENT,Bureau of Safety and Environmental Enforcement (BSEE),SRC-BSEE-0143,,Offshore Fixed Platform,US Gulf of Mexico / OCS,Piping & Pressure Maintenance,hose,PRESSURE,TRUE,DERIVED,None reported / Equipment stoppage or minor disruption.,,False,BRONZE,QUARANTINED
EVT-BSEE-0144,INCIDENT,Bureau of Safety and Environmental Enforcement (BSEE),SRC-BSEE-0144,,UNKNOWN,US Gulf of Mexico / OCS,General Industrial / Offshore Operations,,UNKNOWN,UNKNOWN,UNKNOWN,None reported / Equipment stoppage or minor disruption.,,False,BRONZE,QUARANTINED
EVT-BSEE-0145,INCIDENT,Bureau of Safety and Environmental Enforcement (BSEE),SRC-BSEE-0145,,UNKNOWN,US Gulf of Mexico / OCS,Subsea & Diving Operations,wireline unit,THERMAL,TRUE,DERIVED,Minor injury requiring first aid or medical attention.,First aid / minor laceration or contusion,False,BRONZE,QUARANTINED
EVT-BSEE-0146,INCIDENT,Bureau of Safety and Environmental Enforcement (BSEE),SRC-BSEE-0146,,UNKNOWN,US Gulf of Mexico / OCS,Drilling & Well Intervention,,PRESSURE,TRUE,DERIVED,Lost time / serious personal injury sustained.,Fracture / Lost time injury,False,BRONZE,QUARANTINED
EVT-BSEE-0147,INCIDENT,Bureau of Safety and Environmental Enforcement (BSEE),SRC-BSEE-0147,,UNKNOWN,US Gulf of Mexico / OCS,General Industrial / Offshore Operations,,THERMAL,UNKNOWN,UNKNOWN,No injuries occurred (Near Miss / Potential Consequence only).,None,False,BRONZE,QUARANTINED
EVT-BSEE-0148,NEAR_MISS,Bureau of Safety and Environmental Enforcement (BSEE),SRC-BSEE-0148,,UNKNOWN,US Gulf of Mexico / OCS,Drilling & Well Intervention,,GRAVITATIONAL,UNKNOWN,UNKNOWN,None reported / Equipment stoppage or minor disruption.,,False,BRONZE,QUARANTINED
EVT-BSEE-0149,INCIDENT,Bureau of Safety and Environmental Enforcement (BSEE),SRC-BSEE-0149,,Offshore Fixed Platform,US Gulf of Mexico / OCS,Lifting & Rigging Operations,valve,PRESSURE,TRUE,DERIVED,None reported / Equipment stoppage or minor disruption.,,False,BRONZE,QUARANTINED
EVT-BSEE-0150,INCIDENT,Bureau of Safety and Environmental Enforcement (BSEE),SRC-BSEE-0150,,Offshore Fixed Platform,US Gulf of Mexico / OCS,Subsea & Diving Operations,compressor,THERMAL,UNKNOWN,UNKNOWN,None reported / Equipment stoppage or minor disruption.,,False,BRONZE,QUARANTINED
EVT-BSEE-0151,INCIDENT,Bureau of Safety and Environmental Enforcement (BSEE),SRC-BSEE-0151,,UNKNOWN,US Gulf of Mexico / OCS,Drilling & Well Intervention,h2s,CHEMICAL,TRUE,DERIVED,Fatal injury occurred.,Fatal injury,True,BRONZE,QUARANTINED
EVT-BSEE-0152,INCIDENT,Bureau of Safety and Environmental Enforcement (BSEE),SRC-BSEE-0152,,Offshore Fixed Platform,US Gulf of Mexico / OCS,Drilling & Well Intervention,open hole,GRAVITATIONAL,TRUE,DERIVED,None reported / Equipment stoppage or minor disruption.,,False,BRONZE,QUARANTINED
EVT-BSEE-0153,NEAR_MISS,Bureau of Safety and Environmental Enforcement (BSEE),SRC-BSEE-0153,,UNKNOWN,US Gulf of Mexico / OCS,Drilling & Well Intervention,remotely operated vehicle (ROV),PRESSURE,UNKNOWN,UNKNOWN,None reported / Equipment stoppage or minor disruption.,,False,BRONZE,QUARANTINED
EVT-BSEE-0154,INCIDENT,Bureau of Safety and Environmental Enforcement (BSEE),SRC-BSEE-0154,,UNKNOWN,US Gulf of Mexico / OCS,Lifting & Rigging Operations,entangled,KINETIC,TRUE,DERIVED,None reported / Equipment stoppage or minor disruption.,,False,BRONZE,QUARANTINED
EVT-BSEE-0155,INCIDENT,Bureau of Safety and Environmental Enforcement (BSEE),SRC-BSEE-0155,,Offshore Fixed Platform,US Gulf of Mexico / OCS,Lifting & Rigging Operations,crane,UNKNOWN,UNKNOWN,UNKNOWN,None reported / Equipment stoppage or minor disruption.,,False,BRONZE,QUARANTINED
EVT-BSEE-0156,NEAR_MISS,Bureau of Safety and Environmental Enforcement (BSEE),SRC-BSEE-0156,,UNKNOWN,US Gulf of Mexico / OCS,Lifting & Rigging Operations,crane,UNKNOWN,UNKNOWN,UNKNOWN,No injuries occurred (Near Miss / Potential Consequence only).,None,False,BRONZE,QUARANTINED
EVT-BSEE-0157,INCIDENT,Bureau of Safety and Environmental Enforcement (BSEE),SRC-BSEE-0157,,UNKNOWN,US Gulf of Mexico / OCS,Lifting & Rigging Operations,shackle,UNKNOWN,UNKNOWN,UNKNOWN,None reported / Equipment stoppage or minor disruption.,,False,BRONZE,QUARANTINED
EVT-BSEE-0158,NEAR_MISS,Bureau of Safety and Environmental Enforcement (BSEE),SRC-BSEE-0158,,UNKNOWN,US Gulf of Mexico / OCS,Lifting & Rigging Operations,crane,UNKNOWN,UNKNOWN,UNKNOWN,None reported / Equipment stoppage or minor disruption.,,False,BRONZE,QUARANTINED
EVT-BSEE-0159,NEAR_MISS,Bureau of Safety and Environmental Enforcement (BSEE),SRC-BSEE-0159,,UNKNOWN,US Gulf of Mexico / OCS,Subsea & Diving Operations,,UNKNOWN,UNKNOWN,UNKNOWN,None reported / Equipment stoppage or minor disruption.,,False,BRONZE,QUARANTINED
EVT-BSEE-0160,INCIDENT,Bureau of Safety and Environmental Enforcement (BSEE),SRC-BSEE-0160,,Offshore Fixed Platform,US Gulf of Mexico / OCS,Piping & Pressure Maintenance,valve,PRESSURE,UNKNOWN,UNKNOWN,No injuries occurred (Near Miss / Potential Consequence only).,None,False,BRONZE,QUARANTINED
EVT-BSEE-0161,UC,Bureau of Safety and Environmental Enforcement (BSEE),SRC-BSEE-0161,,UNKNOWN,US Gulf of Mexico / OCS,Drilling & Well Intervention,toxic,CHEMICAL,UNKNOWN,UNKNOWN,None reported / Equipment stoppage or minor disruption.,,False,BRONZE,QUARANTINED
EVT-BSEE-0162,INCIDENT,Bureau of Safety and Environmental Enforcement (BSEE),SRC-BSEE-0162,,Offshore Fixed Platform,US Gulf of Mexico / OCS,General Industrial / Offshore Operations,,THERMAL,TRUE,DERIVED,None reported / Equipment stoppage or minor disruption.,,False,BRONZE,QUARANTINED
EVT-BSEE-0163,NEAR_MISS,Bureau of Safety and Environmental Enforcement (BSEE),SRC-BSEE-0163,,Offshore Fixed Platform,US Gulf of Mexico / OCS,Drilling & Well Intervention,open hole,GRAVITATIONAL,UNKNOWN,UNKNOWN,None reported / Equipment stoppage or minor disruption.,,False,BRONZE,QUARANTINED
EVT-BSEE-0164,INCIDENT,Bureau of Safety and Environmental Enforcement (BSEE),SRC-BSEE-0164,,Offshore Fixed Platform,US Gulf of Mexico / OCS,Hot Work Operations,,UNKNOWN,UNKNOWN,UNKNOWN,Minor injury requiring first aid or medical attention.,First aid / minor laceration or contusion,False,BRONZE,QUARANTINED
EVT-BSEE-0165,INCIDENT,Bureau of Safety and Environmental Enforcement (BSEE),SRC-BSEE-0165,,UNKNOWN,US Gulf of Mexico / OCS,Lifting & Rigging Operations,winch,KINETIC,TRUE,EXPLICIT,Fatal injury occurred.,Fatal injury,True,BRONZE,QUARANTINED
EVT-BSEE-0166,INCIDENT,Bureau of Safety and Environmental Enforcement (BSEE),SRC-BSEE-0166,,UNKNOWN,US Gulf of Mexico / OCS,General Industrial / Offshore Operations,hose,THERMAL,UNKNOWN,UNKNOWN,None reported / Equipment stoppage or minor disruption.,,False,BRONZE,QUARANTINED
EVT-BSEE-0167,INCIDENT,Bureau of Safety and Environmental Enforcement (BSEE),SRC-BSEE-0167,,UNKNOWN,US Gulf of Mexico / OCS,Lifting & Rigging Operations,shackle,UNKNOWN,UNKNOWN,UNKNOWN,None reported / Equipment stoppage or minor disruption.,,False,BRONZE,UNLABELED
EVT-BSEE-0168,INCIDENT,Bureau of Safety and Environmental Enforcement (BSEE),SRC-BSEE-0168,,UNKNOWN,US Gulf of Mexico / OCS,Drilling & Well Intervention,hose,PRESSURE,UNKNOWN,UNKNOWN,None reported / Equipment stoppage or minor disruption.,,False,BRONZE,UNLABELED
EVT-BSEE-0169,INCIDENT,Bureau of Safety and Environmental Enforcement (BSEE),SRC-BSEE-0169,,UNKNOWN,US Gulf of Mexico / OCS,Lifting & Rigging Operations,,GRAVITATIONAL,TRUE,DERIVED,No injuries occurred (Near Miss / Potential Consequence only).,None,False,BRONZE,QUARANTINED
EVT-BSEE-0170,INCIDENT,Bureau of Safety and Environmental Enforcement (BSEE),SRC-BSEE-0170,,UNKNOWN,US Gulf of Mexico / OCS,Drilling & Well Intervention,,PRESSURE,TRUE,DERIVED,Lost time / serious personal injury sustained.,Fracture / Lost time injury,False,SILVER,ML_ELIGIBLE
EVT-BSEE-0171,INCIDENT,Bureau of Safety and Environmental Enforcement (BSEE),SRC-BSEE-0171,,Offshore Fixed Platform,US Gulf of Mexico / OCS,Lifting & Rigging Operations,crane,ELECTRICAL,UNKNOWN,UNKNOWN,No injuries occurred (Near Miss / Potential Consequence only).,None,False,BRONZE,UNLABELED
EVT-BSEE-0172,NEAR_MISS,Bureau of Safety and Environmental Enforcement (BSEE),SRC-BSEE-0172,,Offshore Fixed Platform,US Gulf of Mexico / OCS,Subsea & Diving Operations,chemical spill,CHEMICAL,UNKNOWN,UNKNOWN,No injuries occurred (Near Miss / Potential Consequence only).,None,False,BRONZE,UNLABELED
EVT-BSEE-0173,NEAR_MISS,Bureau of Safety and Environmental Enforcement (BSEE),SRC-BSEE-0173,,UNKNOWN,US Gulf of Mexico / OCS,General Industrial / Offshore Operations,,UNKNOWN,UNKNOWN,UNKNOWN,None reported / Equipment stoppage or minor disruption.,,False,BRONZE,QUARANTINED
EVT-BSEE-0174,NEAR_MISS,Bureau of Safety and Environmental Enforcement (BSEE),SRC-BSEE-0174,,UNKNOWN,US Gulf of Mexico / OCS,Piping & Pressure Maintenance,gas cylinder / bailout cylinder,UNKNOWN,UNKNOWN,UNKNOWN,None reported / Equipment stoppage or minor disruption.,,False,BRONZE,QUARANTINED
EVT-BSEE-0175,INCIDENT,Bureau of Safety and Environmental Enforcement (BSEE),SRC-BSEE-0175,,Offshore Fixed Platform,US Gulf of Mexico / OCS,Drilling & Well Intervention,valve,PRESSURE,TRUE,DERIVED,No injuries occurred (Near Miss / Potential Consequence only).,None,False,SILVER,ML_ELIGIBLE
EVT-BSEE-0176,INCIDENT,Bureau of Safety and Environmental Enforcement (BSEE),SRC-BSEE-0176,,Offshore Fixed Platform,US Gulf of Mexico / OCS,Drilling & Well Intervention,valve,PRESSURE,UNKNOWN,UNKNOWN,No injuries occurred (Near Miss / Potential Consequence only).,None,False,BRONZE,UNLABELED
EVT-BSEE-0177,INCIDENT,Bureau of Safety and Environmental Enforcement (BSEE),SRC-BSEE-0177,,Offshore Fixed Platform,US Gulf of Mexico / OCS,Piping & Pressure Maintenance,,PRESSURE,UNKNOWN,UNKNOWN,No injuries occurred (Near Miss / Potential Consequence only).,None,False,BRONZE,UNLABELED
EVT-BSEE-0178,INCIDENT,Bureau of Safety and Environmental Enforcement (BSEE),SRC-BSEE-0178,,Offshore Fixed Platform,US Gulf of Mexico / OCS,General Industrial / Offshore Operations,flare,PRESSURE,UNKNOWN,UNKNOWN,No injuries occurred (Near Miss / Potential Consequence only).,None,False,BRONZE,UNLABELED
EVT-BSEE-0179,NEAR_MISS,Bureau of Safety and Environmental Enforcement (BSEE),SRC-BSEE-0179,,UNKNOWN,US Gulf of Mexico / OCS,Drilling & Well Intervention,hose,THERMAL,UNKNOWN,UNKNOWN,No injuries occurred (Near Miss / Potential Consequence only).,None,False,BRONZE,UNLABELED
EVT-BSEE-0180,INCIDENT,Bureau of Safety and Environmental Enforcement (BSEE),SRC-BSEE-0180,,UNKNOWN,US Gulf of Mexico / OCS,Lifting & Rigging Operations,crane,THERMAL,TRUE,DERIVED,Minor injury requiring first aid or medical attention.,First aid / minor laceration or contusion,False,SILVER,ML_ELIGIBLE
EVT-BSEE-0181,NEAR_MISS,Bureau of Safety and Environmental Enforcement (BSEE),SRC-BSEE-0181,,Offshore Fixed Platform,US Gulf of Mexico / OCS,Drilling & Well Intervention,drill pipe / tubular,PRESSURE,UNKNOWN,UNKNOWN,Minor injury requiring first aid or medical attention.,First aid / minor laceration or contusion,False,BRONZE,UNLABELED
EVT-BSEE-0182,NEAR_MISS,Bureau of Safety and Environmental Enforcement (BSEE),SRC-BSEE-0182,,UNKNOWN,US Gulf of Mexico / OCS,Drilling & Well Intervention,valve,UNKNOWN,UNKNOWN,UNKNOWN,Minor injury requiring first aid or medical attention.,First aid / minor laceration or contusion,False,BRONZE,UNLABELED
EVT-BSEE-0183,NEAR_MISS,Bureau of Safety and Environmental Enforcement (BSEE),SRC-BSEE-0183,,Offshore Fixed Platform,US Gulf of Mexico / OCS,Drilling & Well Intervention,generator,GRAVITATIONAL,UNKNOWN,UNKNOWN,Minor injury requiring first aid or medical attention.,First aid / minor laceration or contusion,False,BRONZE,UNLABELED
EVT-BSEE-0184,NEAR_MISS,Bureau of Safety and Environmental Enforcement (BSEE),SRC-BSEE-0184,,Offshore Fixed Platform,US Gulf of Mexico / OCS,Lifting & Rigging Operations,crane,UNKNOWN,UNKNOWN,UNKNOWN,No injuries occurred (Near Miss / Potential Consequence only).,None,False,BRONZE,UNLABELED
EVT-BSEE-0185,INCIDENT,Bureau of Safety and Environmental Enforcement (BSEE),SRC-BSEE-0185,,Offshore Fixed Platform,US Gulf of Mexico / OCS,Lifting & Rigging Operations,crane,UNKNOWN,UNKNOWN,UNKNOWN,No injuries occurred (Near Miss / Potential Consequence only).,None,False,BRONZE,UNLABELED
EVT-BSEE-0186,NEAR_MISS,Bureau of Safety and Environmental Enforcement (BSEE),SRC-BSEE-0186,,UNKNOWN,US Gulf of Mexico / OCS,Hot Work Operations,,UNKNOWN,UNKNOWN,UNKNOWN,No injuries occurred (Near Miss / Potential Consequence only).,None,False,BRONZE,UNLABELED
EVT-BSEE-0187,NEAR_MISS,Bureau of Safety and Environmental Enforcement (BSEE),SRC-BSEE-0187,,Jack-up Rig,US Gulf of Mexico / OCS,Lifting & Rigging Operations,crane,GRAVITATIONAL,UNKNOWN,UNKNOWN,Minor injury requiring first aid or medical attention.,First aid / minor laceration or contusion,False,BRONZE,UNLABELED
EVT-BSEE-0188,NEAR_MISS,Bureau of Safety and Environmental Enforcement (BSEE),SRC-BSEE-0188,,Offshore Fixed Platform,US Gulf of Mexico / OCS,Drilling & Well Intervention,pressurized,PRESSURE,UNKNOWN,UNKNOWN,No injuries occurred (Near Miss / Potential Consequence only).,None,False,BRONZE,UNLABELED
EVT-BSEE-0189,INCIDENT,Bureau of Safety and Environmental Enforcement (BSEE),SRC-BSEE-0189,,Offshore Fixed Platform,US Gulf of Mexico / OCS,Piping & Pressure Maintenance,valve,THERMAL,TRUE,DERIVED,No injuries occurred (Near Miss / Potential Consequence only).,None,False,SILVER,ML_ELIGIBLE
EVT-BSEE-0190,INCIDENT,Bureau of Safety and Environmental Enforcement (BSEE),SRC-BSEE-0190,,Drillship,US Gulf of Mexico / OCS,Drilling & Well Intervention,,UNKNOWN,TRUE,EXPLICIT,Fatal injury occurred.,Fatal injury,True,BRONZE,ML_LIMITED
EVT-BSEE-0191,INCIDENT,Bureau of Safety and Environmental Enforcement (BSEE),SRC-BSEE-0191,,UNKNOWN,US Gulf of Mexico / OCS,Drilling & Well Intervention,blowout preventer (BOP),PRESSURE,TRUE,DERIVED,No injuries occurred (Near Miss / Potential Consequence only).,None,False,SILVER,ML_ELIGIBLE
EVT-BSEE-0192,INCIDENT,Bureau of Safety and Environmental Enforcement (BSEE),SRC-BSEE-0192,,UNKNOWN,US Gulf of Mexico / OCS,Drilling & Well Intervention,drill pipe / tubular,PRESSURE,TRUE,DERIVED,Fatal injury occurred.,Fatal injury,True,SILVER,ML_ELIGIBLE
EVT-BSEE-0193,NEAR_MISS,Bureau of Safety and Environmental Enforcement (BSEE),SRC-BSEE-0193,,UNKNOWN,US Gulf of Mexico / OCS,Drilling & Well Intervention,valve,PRESSURE,UNKNOWN,UNKNOWN,No injuries occurred (Near Miss / Potential Consequence only).,None,False,BRONZE,UNLABELED
EVT-BSEE-0194,INCIDENT,Bureau of Safety and Environmental Enforcement (BSEE),SRC-BSEE-0194,,UNKNOWN,US Gulf of Mexico / OCS,Subsea & Diving Operations,,UNKNOWN,UNKNOWN,UNKNOWN,Fatal injury occurred.,Fatal injury,True,BRONZE,UNLABELED
EVT-BSEE-0195,INCIDENT,Bureau of Safety and Environmental Enforcement (BSEE),SRC-BSEE-0195,,Offshore Fixed Platform,US Gulf of Mexico / OCS,Lifting & Rigging Operations,crane,ELECTRICAL,TRUE,EXPLICIT,Fatal injury occurred.,Fatal injury,True,GOLD,ML_ELIGIBLE
EVT-BSEE-0196,NEAR_MISS,Bureau of Safety and Environmental Enforcement (BSEE),SRC-BSEE-0196,,UNKNOWN,US Gulf of Mexico / OCS,Lifting & Rigging Operations,conveyor,KINETIC,UNKNOWN,UNKNOWN,None reported / Equipment stoppage or minor disruption.,,False,BRONZE,UNLABELED
EVT-BSEE-0197,INCIDENT,Bureau of Safety and Environmental Enforcement (BSEE),SRC-BSEE-0197,,Offshore Fixed Platform,US Gulf of Mexico / OCS,Piping & Pressure Maintenance,,PRESSURE,UNKNOWN,UNKNOWN,No injuries occurred (Near Miss / Potential Consequence only).,None,False,BRONZE,UNLABELED
EVT-BSEE-0198,NEAR_MISS,Bureau of Safety and Environmental Enforcement (BSEE),SRC-BSEE-0198,,UNKNOWN,US Gulf of Mexico / OCS,Drilling & Well Intervention,,PRESSURE,UNKNOWN,UNKNOWN,No injuries occurred (Near Miss / Potential Consequence only).,None,False,BRONZE,UNLABELED
EVT-BSEE-0199,INCIDENT,Bureau of Safety and Environmental Enforcement (BSEE),SRC-BSEE-0199,,Offshore Fixed Platform,US Gulf of Mexico / OCS,Lifting & Rigging Operations,valve,PRESSURE,UNKNOWN,UNKNOWN,Minor injury requiring first aid or medical attention.,First aid / minor laceration or contusion,False,BRONZE,UNLABELED
EVT-BSEE-0200,INCIDENT,Bureau of Safety and Environmental Enforcement (BSEE),SRC-BSEE-0200,,Offshore Fixed Platform,US Gulf of Mexico / OCS,Subsea & Diving Operations,,UNKNOWN,UNKNOWN,UNKNOWN,No injuries occurred (Near Miss / Potential Consequence only).,None,False,BRONZE,UNLABELED
EVT-BSEE-0201,INCIDENT,Bureau of Safety and Environmental Enforcement (BSEE),SRC-BSEE-0201,,Offshore Fixed Platform,US Gulf of Mexico / OCS,Drilling & Well Intervention,valve,PRESSURE,UNKNOWN,UNKNOWN,None reported / Equipment stoppage or minor disruption.,,False,BRONZE,UNLABELED
EVT-BSEE-0202,INCIDENT,Bureau of Safety and Environmental Enforcement (BSEE),SRC-BSEE-0202,,UNKNOWN,US Gulf of Mexico / OCS,Drilling & Well Intervention,,THERMAL,TRUE,EXPLICIT,Fatal injury occurred.,Fatal injury,True,GOLD,ML_ELIGIBLE
EVT-BSEE-0203,INCIDENT,Bureau of Safety and Environmental Enforcement (BSEE),SRC-BSEE-0203,,Offshore Fixed Platform,US Gulf of Mexico / OCS,Drilling & Well Intervention,winch,KINETIC,TRUE,DERIVED,No injuries occurred (Near Miss / Potential Consequence only).,None,False,SILVER,ML_ELIGIBLE
EVT-BSEE-0204,INCIDENT,Bureau of Safety and Environmental Enforcement (BSEE),SRC-BSEE-0204,,UNKNOWN,US Gulf of Mexico / OCS,Drilling & Well Intervention,transformer,ELECTRICAL,TRUE,DERIVED,None reported / Equipment stoppage or minor disruption.,,False,SILVER,ML_ELIGIBLE
EVT-BSEE-0205,NEAR_MISS,Bureau of Safety and Environmental Enforcement (BSEE),SRC-BSEE-0205,,UNKNOWN,US Gulf of Mexico / OCS,Subsea & Diving Operations,ignited,THERMAL,UNKNOWN,UNKNOWN,No injuries occurred (Near Miss / Potential Consequence only).,None,False,BRONZE,UNLABELED
EVT-BSEE-0206,INCIDENT,Bureau of Safety and Environmental Enforcement (BSEE),SRC-BSEE-0206,,Offshore Fixed Platform,US Gulf of Mexico / OCS,Lifting & Rigging Operations,lift / elevator,UNKNOWN,UNKNOWN,UNKNOWN,None reported / Equipment stoppage or minor disruption.,,False,BRONZE,UNLABELED
EVT-BSEE-0207,INCIDENT,Bureau of Safety and Environmental Enforcement (BSEE),SRC-BSEE-0207,,UNKNOWN,US Gulf of Mexico / OCS,Drilling & Well Intervention,,THERMAL,UNKNOWN,UNKNOWN,None reported / Equipment stoppage or minor disruption.,,False,BRONZE,UNLABELED
EVT-BSEE-0208,INCIDENT,Bureau of Safety and Environmental Enforcement (BSEE),SRC-BSEE-0208,,Offshore Fixed Platform,US Gulf of Mexico / OCS,Lifting & Rigging Operations,crane,UNKNOWN,UNKNOWN,UNKNOWN,Minor injury requiring first aid or medical attention.,First aid / minor laceration or contusion,False,BRONZE,UNLABELED
EVT-BSEE-0209,INCIDENT,Bureau of Safety and Environmental Enforcement (BSEE),SRC-BSEE-0209,,UNKNOWN,US Gulf of Mexico / OCS,Drilling & Well Intervention,,UNKNOWN,UNKNOWN,UNKNOWN,No injuries occurred (Near Miss / Potential Consequence only).,None,False,BRONZE,UNLABELED
EVT-BSEE-0210,NEAR_MISS,Bureau of Safety and Environmental Enforcement (BSEE),SRC-BSEE-0210,,Offshore Fixed Platform,US Gulf of Mexico / OCS,Drilling & Well Intervention,pump,PRESSURE,UNKNOWN,UNKNOWN,Minor injury requiring first aid or medical attention.,First aid / minor laceration or contusion,False,BRONZE,UNLABELED
EVT-BSEE-0211,INCIDENT,Bureau of Safety and Environmental Enforcement (BSEE),SRC-BSEE-0211,,Offshore Fixed Platform,US Gulf of Mexico / OCS,Subsea & Diving Operations,scaffold,GRAVITATIONAL,TRUE,DERIVED,Fatal injury occurred.,Fatal injury,True,SILVER,ML_ELIGIBLE
EVT-BSEE-0212,INCIDENT,Bureau of Safety and Environmental Enforcement (BSEE),SRC-BSEE-0212,,Offshore Fixed Platform,US Gulf of Mexico / OCS,Lifting & Rigging Operations,crane,UNKNOWN,TRUE,EXPLICIT,Fatal injury occurred.,Fatal injury,True,BRONZE,ML_LIMITED
EVT-BSEE-0213,NEAR_MISS,Bureau of Safety and Environmental Enforcement (BSEE),SRC-BSEE-0213,,UNKNOWN,US Gulf of Mexico / OCS,Drilling & Well Intervention,blowout preventer (BOP),PRESSURE,UNKNOWN,UNKNOWN,No injuries occurred (Near Miss / Potential Consequence only).,None,False,BRONZE,UNLABELED
EVT-BSEE-0214,NEAR_MISS,Bureau of Safety and Environmental Enforcement (BSEE),SRC-BSEE-0214,,Offshore Fixed Platform,US Gulf of Mexico / OCS,Lifting & Rigging Operations,crane,PRESSURE,UNKNOWN,UNKNOWN,Minor injury requiring first aid or medical attention.,First aid / minor laceration or contusion,False,BRONZE,UNLABELED
EVT-BSEE-0215,INCIDENT,Bureau of Safety and Environmental Enforcement (BSEE),SRC-BSEE-0215,,Offshore Fixed Platform,US Gulf of Mexico / OCS,Lifting & Rigging Operations,open hole,GRAVITATIONAL,TRUE,EXPLICIT,Fatal injury occurred.,Fatal injury,True,GOLD,ML_ELIGIBLE
EVT-BSEE-0216,NEAR_MISS,Bureau of Safety and Environmental Enforcement (BSEE),SRC-BSEE-0216,,UNKNOWN,US Gulf of Mexico / OCS,Drilling & Well Intervention,blowout preventer (BOP),GRAVITATIONAL,UNKNOWN,UNKNOWN,No injuries occurred (Near Miss / Potential Consequence only).,None,False,BRONZE,UNLABELED
EVT-BSEE-0217,INCIDENT,Bureau of Safety and Environmental Enforcement (BSEE),SRC-BSEE-0217,,UNKNOWN,US Gulf of Mexico / OCS,Drilling & Well Intervention,valve,PRESSURE,TRUE,DERIVED,Minor injury requiring first aid or medical attention.,First aid / minor laceration or contusion,False,SILVER,ML_ELIGIBLE
EVT-BSEE-0218,INCIDENT,Bureau of Safety and Environmental Enforcement (BSEE),SRC-BSEE-0218,,UNKNOWN,US Gulf of Mexico / OCS,Lifting & Rigging Operations,crane,UNKNOWN,UNKNOWN,UNKNOWN,Lost time / serious personal injury sustained.,Fracture / Lost time injury,False,BRONZE,UNLABELED
EVT-BSEE-0219,INCIDENT,Bureau of Safety and Environmental Enforcement (BSEE),SRC-BSEE-0219,,Offshore Fixed Platform,US Gulf of Mexico / OCS,General Industrial / Offshore Operations,pump,PRESSURE,TRUE,EXPLICIT,Fatal injury occurred.,Fatal injury,True,GOLD,ML_ELIGIBLE
EVT-BSEE-0220,INCIDENT,Bureau of Safety and Environmental Enforcement (BSEE),SRC-BSEE-0220,,Mobile Offshore Drilling Unit (MODU),US Gulf of Mexico / OCS,Hot Work Operations,shackle,UNKNOWN,UNKNOWN,UNKNOWN,Lost time / serious personal injury sustained.,Fracture / Lost time injury,False,BRONZE,UNLABELED
EVT-BSEE-0221,INCIDENT,Bureau of Safety and Environmental Enforcement (BSEE),SRC-BSEE-0221,,Offshore Fixed Platform,US Gulf of Mexico / OCS,Piping & Pressure Maintenance,hose,THERMAL,TRUE,DERIVED,No injuries occurred (Near Miss / Potential Consequence only).,None,False,SILVER,ML_ELIGIBLE
EVT-BSEE-0222,NEAR_MISS,Bureau of Safety and Environmental Enforcement (BSEE),SRC-BSEE-0222,,UNKNOWN,US Gulf of Mexico / OCS,Drilling & Well Intervention,blowout preventer (BOP),PRESSURE,UNKNOWN,UNKNOWN,No injuries occurred (Near Miss / Potential Consequence only).,None,False,BRONZE,UNLABELED
EVT-BSEE-0223,NEAR_MISS,Bureau of Safety and Environmental Enforcement (BSEE),SRC-BSEE-0223,,Offshore Fixed Platform,US Gulf of Mexico / OCS,Subsea & Diving Operations,,THERMAL,UNKNOWN,UNKNOWN,No injuries occurred (Near Miss / Potential Consequence only).,None,False,BRONZE,UNLABELED
EVT-BSEE-0224,NEAR_MISS,Bureau of Safety and Environmental Enforcement (BSEE),SRC-BSEE-0224,,UNKNOWN,US Gulf of Mexico / OCS,Drilling & Well Intervention,valve,PRESSURE,UNKNOWN,UNKNOWN,No injuries occurred (Near Miss / Potential Consequence only).,None,False,BRONZE,UNLABELED
EVT-BSEE-0225,INCIDENT,Bureau of Safety and Environmental Enforcement (BSEE),SRC-BSEE-0225,,Offshore Fixed Platform,US Gulf of Mexico / OCS,Piping & Pressure Maintenance,valve,THERMAL,TRUE,DERIVED,Fatal injury occurred.,Fatal injury,True,SILVER,ML_ELIGIBLE
EVT-BSEE-0226,INCIDENT,Bureau of Safety and Environmental Enforcement (BSEE),SRC-BSEE-0226,,UNKNOWN,US Gulf of Mexico / OCS,Piping & Pressure Maintenance,flare,PRESSURE,TRUE,DERIVED,Minor injury requiring first aid or medical attention.,First aid / minor laceration or contusion,False,SILVER,ML_ELIGIBLE
EVT-BSEE-0227,INCIDENT,Bureau of Safety and Environmental Enforcement (BSEE),SRC-BSEE-0227,,Offshore Fixed Platform,US Gulf of Mexico / OCS,Drilling & Well Intervention,valve,PRESSURE,TRUE,DERIVED,Fatal injury occurred.,Fatal injury,True,SILVER,ML_ELIGIBLE
EVT-BSEE-0228,INCIDENT,Bureau of Safety and Environmental Enforcement (BSEE),SRC-BSEE-0228,,UNKNOWN,US Gulf of Mexico / OCS,Lifting & Rigging Operations,crane,UNKNOWN,TRUE,EXPLICIT,Fatal injury occurred.,Fatal injury,True,BRONZE,ML_LIMITED
EVT-BSEE-0229,INCIDENT,Bureau of Safety and Environmental Enforcement (BSEE),SRC-BSEE-0229,,UNKNOWN,US Gulf of Mexico / OCS,Piping & Pressure Maintenance,valve,PRESSURE,UNKNOWN,UNKNOWN,None reported / Equipment stoppage or minor disruption.,,False,BRONZE,UNLABELED
EVT-BSEE-0230,INCIDENT,Bureau of Safety and Environmental Enforcement (BSEE),SRC-BSEE-0230,,UNKNOWN,US Gulf of Mexico / OCS,Piping & Pressure Maintenance,valve,PRESSURE,UNKNOWN,UNKNOWN,None reported / Equipment stoppage or minor disruption.,,False,BRONZE,UNLABELED
EVT-BSEE-0231,INCIDENT,Bureau of Safety and Environmental Enforcement (BSEE),SRC-BSEE-0231,,UNKNOWN,US Gulf of Mexico / OCS,Piping & Pressure Maintenance,valve,PRESSURE,TRUE,DERIVED,None reported / Equipment stoppage or minor disruption.,,False,SILVER,ML_ELIGIBLE
EVT-BSEE-0232,NEAR_MISS,Bureau of Safety and Environmental Enforcement (BSEE),SRC-BSEE-0232,,Semi-submersible Rig,US Gulf of Mexico / OCS,Lifting & Rigging Operations,valve,PRESSURE,UNKNOWN,UNKNOWN,None reported / Equipment stoppage or minor disruption.,,False,BRONZE,UNLABELED
EVT-BSEE-0233,INCIDENT,Bureau of Safety and Environmental Enforcement (BSEE),SRC-BSEE-0233,,Offshore Fixed Platform,US Gulf of Mexico / OCS,Lifting & Rigging Operations,crane,PRESSURE,UNKNOWN,UNKNOWN,Minor injury requiring first aid or medical attention.,First aid / minor laceration or contusion,False,BRONZE,UNLABELED
EVT-BSEE-0234,INCIDENT,Bureau of Safety and Environmental Enforcement (BSEE),SRC-BSEE-0234,,UNKNOWN,US Gulf of Mexico / OCS,Lifting & Rigging Operations,hose,UNKNOWN,TRUE,EXPLICIT,Fatal injury occurred.,Fatal injury,True,BRONZE,ML_LIMITED
EVT-BSEE-0235,INCIDENT,Bureau of Safety and Environmental Enforcement (BSEE),SRC-BSEE-0235,,Jack-up Rig,US Gulf of Mexico / OCS,Lifting & Rigging Operations,hose,UNKNOWN,TRUE,EXPLICIT,Fatal injury occurred.,Fatal injury,True,BRONZE,ML_LIMITED
EVT-BSEE-0236,INCIDENT,Bureau of Safety and Environmental Enforcement (BSEE),SRC-BSEE-0236,,Barge,US Gulf of Mexico / OCS,Subsea & Diving Operations,conveyor,KINETIC,TRUE,DERIVED,Fatal injury occurred.,Fatal injury,True,SILVER,ML_ELIGIBLE
EVT-BSEE-0237,NEAR_MISS,Bureau of Safety and Environmental Enforcement (BSEE),SRC-BSEE-0237,,Offshore Fixed Platform,US Gulf of Mexico / OCS,Lifting & Rigging Operations,crane,UNKNOWN,UNKNOWN,UNKNOWN,None reported / Equipment stoppage or minor disruption.,,False,BRONZE,UNLABELED
EVT-BSEE-0238,NEAR_MISS,Bureau of Safety and Environmental Enforcement (BSEE),SRC-BSEE-0238,,UNKNOWN,US Gulf of Mexico / OCS,Lifting & Rigging Operations,,GRAVITATIONAL,UNKNOWN,UNKNOWN,Fatal injury occurred.,Fatal injury,True,BRONZE,UNLABELED
EVT-BSEE-0239,INCIDENT,Bureau of Safety and Environmental Enforcement (BSEE),SRC-BSEE-0239,,Offshore Fixed Platform,US Gulf of Mexico / OCS,Subsea & Diving Operations,rotating,KINETIC,TRUE,DERIVED,Lost time / serious personal injury sustained.,Fracture / Lost time injury,False,SILVER,ML_ELIGIBLE
EVT-BSEE-0240,INCIDENT,Bureau of Safety and Environmental Enforcement (BSEE),SRC-BSEE-0240,,Offshore Fixed Platform,US Gulf of Mexico / OCS,Drilling & Well Intervention,,PRESSURE,TRUE,DERIVED,None reported / Equipment stoppage or minor disruption.,,False,SILVER,ML_ELIGIBLE
EVT-BSEE-0241,UA,Bureau of Safety and Environmental Enforcement (BSEE),SRC-BSEE-0241,,UNKNOWN,US Gulf of Mexico / OCS,Drilling & Well Intervention,pump,PRESSURE,UNKNOWN,UNKNOWN,None reported / Equipment stoppage or minor disruption.,,False,BRONZE,UNLABELED
EVT-BSEE-0242,INCIDENT,Bureau of Safety and Environmental Enforcement (BSEE),SRC-BSEE-0242,,Jack-up Rig,US Gulf of Mexico / OCS,Drilling & Well Intervention,generator,THERMAL,TRUE,DERIVED,None reported / Equipment stoppage or minor disruption.,,False,SILVER,ML_ELIGIBLE
EVT-BSEE-0243,INCIDENT,Bureau of Safety and Environmental Enforcement (BSEE),SRC-BSEE-0243,,Offshore Fixed Platform,US Gulf of Mexico / OCS,Drilling & Well Intervention,acid,CHEMICAL,TRUE,DERIVED,None reported / Equipment stoppage or minor disruption.,,False,SILVER,ML_ELIGIBLE
EVT-BSEE-0244,INCIDENT,Bureau of Safety and Environmental Enforcement (BSEE),SRC-BSEE-0244,,Offshore Fixed Platform,US Gulf of Mexico / OCS,Drilling & Well Intervention,,THERMAL,TRUE,EXPLICIT,Fatal injury occurred.,Fatal injury,True,GOLD,ML_ELIGIBLE
EVT-BSEE-0245,INCIDENT,Bureau of Safety and Environmental Enforcement (BSEE),SRC-BSEE-0245,,UNKNOWN,US Gulf of Mexico / OCS,Hot Work Operations,compressor,UNKNOWN,UNKNOWN,UNKNOWN,Lost time / serious personal injury sustained.,Fracture / Lost time injury,False,BRONZE,UNLABELED
EVT-BSEE-0246,NEAR_MISS,Bureau of Safety and Environmental Enforcement (BSEE),SRC-BSEE-0246,,UNKNOWN,US Gulf of Mexico / OCS,Drilling & Well Intervention,drill pipe / tubular,PRESSURE,UNKNOWN,UNKNOWN,Fatal injury occurred.,Fatal injury,True,BRONZE,UNLABELED
EVT-BSEE-0247,INCIDENT,Bureau of Safety and Environmental Enforcement (BSEE),SRC-BSEE-0247,,Barge,US Gulf of Mexico / OCS,Drilling & Well Intervention,,UNKNOWN,UNKNOWN,UNKNOWN,None reported / Equipment stoppage or minor disruption.,,False,BRONZE,UNLABELED
EVT-BSEE-0248,INCIDENT,Bureau of Safety and Environmental Enforcement (BSEE),SRC-BSEE-0248,,UNKNOWN,US Gulf of Mexico / OCS,Drilling & Well Intervention,,THERMAL,UNKNOWN,UNKNOWN,None reported / Equipment stoppage or minor disruption.,,False,BRONZE,UNLABELED
EVT-BSEE-0249,INCIDENT,Bureau of Safety and Environmental Enforcement (BSEE),SRC-BSEE-0249,,Offshore Fixed Platform,US Gulf of Mexico / OCS,Marine & Vessel Operations,flare,PRESSURE,TRUE,DERIVED,None reported / Equipment stoppage or minor disruption.,,False,SILVER,ML_ELIGIBLE
EVT-BSEE-0250,INCIDENT,Bureau of Safety and Environmental Enforcement (BSEE),SRC-BSEE-0250,,Offshore Fixed Platform,US Gulf of Mexico / OCS,Drilling & Well Intervention,valve,PRESSURE,UNKNOWN,UNKNOWN,None reported / Equipment stoppage or minor disruption.,,False,BRONZE,UNLABELED
EVT-BSEE-0251,INCIDENT,Bureau of Safety and Environmental Enforcement (BSEE),SRC-BSEE-0251,,UNKNOWN,US Gulf of Mexico / OCS,Subsea & Diving Operations,rotating,KINETIC,UNKNOWN,UNKNOWN,None reported / Equipment stoppage or minor disruption.,,False,BRONZE,UNLABELED
EVT-BSEE-0252,INCIDENT,Bureau of Safety and Environmental Enforcement (BSEE),SRC-BSEE-0252,,Offshore Fixed Platform,US Gulf of Mexico / OCS,Piping & Pressure Maintenance,pump,THERMAL,TRUE,DERIVED,None reported / Equipment stoppage or minor disruption.,,False,SILVER,ML_ELIGIBLE
EVT-BSEE-0253,NEAR_MISS,Bureau of Safety and Environmental Enforcement (BSEE),SRC-BSEE-0253,,UNKNOWN,US Gulf of Mexico / OCS,Lifting & Rigging Operations,crane,GRAVITATIONAL,UNKNOWN,UNKNOWN,Minor injury requiring first aid or medical attention.,First aid / minor laceration or contusion,False,BRONZE,UNLABELED
EVT-BSEE-0254,UA,Bureau of Safety and Environmental Enforcement (BSEE),SRC-BSEE-0254,,Offshore Fixed Platform,US Gulf of Mexico / OCS,Piping & Pressure Maintenance,,PRESSURE,UNKNOWN,UNKNOWN,None reported / Equipment stoppage or minor disruption.,,False,BRONZE,UNLABELED
EVT-BSEE-0255,INCIDENT,Bureau of Safety and Environmental Enforcement (BSEE),SRC-BSEE-0255,,UNKNOWN,US Gulf of Mexico / OCS,Drilling & Well Intervention,rotating,KINETIC,TRUE,EXPLICIT,Fatal injury occurred.,Fatal injury,True,GOLD,ML_ELIGIBLE
EVT-BSEE-0256,INCIDENT,Bureau of Safety and Environmental Enforcement (BSEE),SRC-BSEE-0256,,UNKNOWN,US Gulf of Mexico / OCS,Marine & Vessel Operations,shackle,UNKNOWN,UNKNOWN,UNKNOWN,None reported / Equipment stoppage or minor disruption.,,False,BRONZE,UNLABELED
EVT-BSEE-0257,INCIDENT,Bureau of Safety and Environmental Enforcement (BSEE),SRC-BSEE-0257,,UNKNOWN,US Gulf of Mexico / OCS,Drilling & Well Intervention,open hole,GRAVITATIONAL,TRUE,DERIVED,Minor injury requiring first aid or medical attention.,First aid / minor laceration or contusion,False,SILVER,ML_ELIGIBLE
EVT-BSEE-0258,INCIDENT,Bureau of Safety and Environmental Enforcement (BSEE),SRC-BSEE-0258,,UNKNOWN,US Gulf of Mexico / OCS,Lifting & Rigging Operations,crane,GRAVITATIONAL,TRUE,DERIVED,Minor injury requiring first aid or medical attention.,First aid / minor laceration or contusion,False,SILVER,ML_ELIGIBLE
EVT-BSEE-0259,INCIDENT,Bureau of Safety and Environmental Enforcement (BSEE),SRC-BSEE-0259,,Offshore Fixed Platform,US Gulf of Mexico / OCS,Drilling & Well Intervention,generator,UNKNOWN,UNKNOWN,UNKNOWN,None reported / Equipment stoppage or minor disruption.,,False,BRONZE,UNLABELED
EVT-BSEE-0260,INCIDENT,Bureau of Safety and Environmental Enforcement (BSEE),SRC-BSEE-0260,,UNKNOWN,US Gulf of Mexico / OCS,Piping & Pressure Maintenance,compressor,PRESSURE,TRUE,DERIVED,None reported / Equipment stoppage or minor disruption.,,False,SILVER,ML_ELIGIBLE
EVT-BSEE-0261,INCIDENT,Bureau of Safety and Environmental Enforcement (BSEE),SRC-BSEE-0261,,UNKNOWN,US Gulf of Mexico / OCS,Lifting & Rigging Operations,drill pipe / tubular,UNKNOWN,TRUE,EXPLICIT,Fatal injury occurred.,Fatal injury,True,BRONZE,ML_LIMITED
EVT-BSEE-0262,NEAR_MISS,Bureau of Safety and Environmental Enforcement (BSEE),SRC-BSEE-0262,,Offshore Fixed Platform,US Gulf of Mexico / OCS,Drilling & Well Intervention,,UNKNOWN,UNKNOWN,UNKNOWN,None reported / Equipment stoppage or minor disruption.,,False,BRONZE,UNLABELED
EVT-BSEE-0263,NEAR_MISS,Bureau of Safety and Environmental Enforcement (BSEE),SRC-BSEE-0263,,UNKNOWN,US Gulf of Mexico / OCS,Drilling & Well Intervention,valve,PRESSURE,FALSE,DERIVED,None reported / Equipment stoppage or minor disruption.,,False,SILVER,ML_ELIGIBLE
EVT-BSEE-0264,NEAR_MISS,Bureau of Safety and Environmental Enforcement (BSEE),SRC-BSEE-0264,,Offshore Fixed Platform,US Gulf of Mexico / OCS,Lifting & Rigging Operations,crane,UNKNOWN,UNKNOWN,UNKNOWN,None reported / Equipment stoppage or minor disruption.,,False,BRONZE,UNLABELED
EVT-BSEE-0265,INCIDENT,Bureau of Safety and Environmental Enforcement (BSEE),SRC-BSEE-0265,,Offshore Fixed Platform,US Gulf of Mexico / OCS,Drilling & Well Intervention,drill pipe / tubular,UNKNOWN,TRUE,EXPLICIT,Fatal injury occurred.,Fatal injury,True,BRONZE,ML_LIMITED
EVT-BSEE-0266,UC,Bureau of Safety and Environmental Enforcement (BSEE),SRC-BSEE-0266,,Offshore Fixed Platform,US Gulf of Mexico / OCS,Drilling & Well Intervention,,PRESSURE,UNKNOWN,UNKNOWN,None reported / Equipment stoppage or minor disruption.,,False,BRONZE,UNLABELED
EVT-BSEE-0267,INCIDENT,Bureau of Safety and Environmental Enforcement (BSEE),SRC-BSEE-0267,,UNKNOWN,US Gulf of Mexico / OCS,Piping & Pressure Maintenance,pressure safety valve,PRESSURE,UNKNOWN,UNKNOWN,None reported / Equipment stoppage or minor disruption.,,False,BRONZE,UNLABELED
EVT-BSEE-0268,INCIDENT,Bureau of Safety and Environmental Enforcement (BSEE),SRC-BSEE-0268,,Offshore Fixed Platform,US Gulf of Mexico / OCS,Drilling & Well Intervention,,UNKNOWN,TRUE,EXPLICIT,Fatal injury occurred.,Fatal injury,True,BRONZE,ML_LIMITED
EVT-BSEE-0269,INCIDENT,Bureau of Safety and Environmental Enforcement (BSEE),SRC-BSEE-0269,,UNKNOWN,US Gulf of Mexico / OCS,Piping & Pressure Maintenance,pressure safety valve,PRESSURE,UNKNOWN,UNKNOWN,None reported / Equipment stoppage or minor disruption.,,False,BRONZE,UNLABELED
EVT-BSEE-0270,INCIDENT,Bureau of Safety and Environmental Enforcement (BSEE),SRC-BSEE-0270,,UNKNOWN,US Gulf of Mexico / OCS,Lifting & Rigging Operations,crane,THERMAL,TRUE,DERIVED,Personal injury sustained (Second-degree burn injury).,Second-degree burn injury,False,SILVER,ML_ELIGIBLE
EVT-BSEE-0271,INCIDENT,Bureau of Safety and Environmental Enforcement (BSEE),SRC-BSEE-0271,,Offshore Fixed Platform,US Gulf of Mexico / OCS,Lifting & Rigging Operations,flare,GRAVITATIONAL,TRUE,DERIVED,None reported / Equipment stoppage or minor disruption.,,False,SILVER,ML_ELIGIBLE
EVT-BSEE-0272,INCIDENT,Bureau of Safety and Environmental Enforcement (BSEE),SRC-BSEE-0272,,Semi-submersible Rig,US Gulf of Mexico / OCS,Drilling & Well Intervention,blowout preventer (BOP),PRESSURE,UNKNOWN,UNKNOWN,None reported / Equipment stoppage or minor disruption.,,False,BRONZE,UNLABELED
EVT-BSEE-0273,INCIDENT,Bureau of Safety and Environmental Enforcement (BSEE),SRC-BSEE-0273,,Offshore Fixed Platform,US Gulf of Mexico / OCS,Lifting & Rigging Operations,conveyor,KINETIC,TRUE,DERIVED,Fatal injury occurred.,Fatal injury,True,SILVER,ML_ELIGIBLE
EVT-BSEE-0274,INCIDENT,Bureau of Safety and Environmental Enforcement (BSEE),SRC-BSEE-0274,,UNKNOWN,US Gulf of Mexico / OCS,Drilling & Well Intervention,,PRESSURE,TRUE,DERIVED,Lost time / serious personal injury sustained.,Fracture / Lost time injury,False,SILVER,ML_ELIGIBLE
EVT-BSEE-0275,NEAR_MISS,Bureau of Safety and Environmental Enforcement (BSEE),SRC-BSEE-0275,,UNKNOWN,US Gulf of Mexico / OCS,Subsea & Diving Operations,,UNKNOWN,UNKNOWN,UNKNOWN,None reported / Equipment stoppage or minor disruption.,,False,BRONZE,UNLABELED
EVT-BSEE-0276,INCIDENT,Bureau of Safety and Environmental Enforcement (BSEE),SRC-BSEE-0276,,Offshore Fixed Platform,US Gulf of Mexico / OCS,General Industrial / Offshore Operations,,THERMAL,UNKNOWN,UNKNOWN,None reported / Equipment stoppage or minor disruption.,,False,BRONZE,QUARANTINED
EVT-BSEE-0277,NEAR_MISS,Bureau of Safety and Environmental Enforcement (BSEE),SRC-BSEE-0277,,UNKNOWN,US Gulf of Mexico / OCS,General Industrial / Offshore Operations,,UNKNOWN,UNKNOWN,UNKNOWN,None reported / Equipment stoppage or minor disruption.,,False,BRONZE,QUARANTINED
EVT-BSEE-0278,INCIDENT,Bureau of Safety and Environmental Enforcement (BSEE),SRC-BSEE-0278,,UNKNOWN,US Gulf of Mexico / OCS,Drilling & Well Intervention,,THERMAL,TRUE,EXPLICIT,Fatal injury occurred.,Fatal injury,True,GOLD,ML_ELIGIBLE
EVT-BSEE-0279,INCIDENT,Bureau of Safety and Environmental Enforcement (BSEE),SRC-BSEE-0279,,UNKNOWN,US Gulf of Mexico / OCS,Piping & Pressure Maintenance,,UNKNOWN,TRUE,EXPLICIT,Fatal injury occurred.,Fatal injury,True,BRONZE,ML_LIMITED
EVT-BSEE-0280,NEAR_MISS,Bureau of Safety and Environmental Enforcement (BSEE),SRC-BSEE-0280,,UNKNOWN,US Gulf of Mexico / OCS,General Industrial / Offshore Operations,,PRESSURE,UNKNOWN,UNKNOWN,None reported / Equipment stoppage or minor disruption.,,False,BRONZE,UNLABELED
EVT-BSEE-0281,INCIDENT,Bureau of Safety and Environmental Enforcement (BSEE),SRC-BSEE-0281,,Offshore Fixed Platform,US Gulf of Mexico / OCS,Drilling & Well Intervention,valve,UNKNOWN,UNKNOWN,UNKNOWN,None reported / Equipment stoppage or minor disruption.,,False,BRONZE,UNLABELED
EVT-BSEE-0283,INCIDENT,Bureau of Safety and Environmental Enforcement (BSEE),SRC-BSEE-0283,,Offshore Fixed Platform,US Gulf of Mexico / OCS,Drilling & Well Intervention,valve,UNKNOWN,UNKNOWN,UNKNOWN,None reported / Equipment stoppage or minor disruption.,,False,BRONZE,UNLABELED
EVT-BSEE-0285,INCIDENT,Bureau of Safety and Environmental Enforcement (BSEE),SRC-BSEE-0285,,Offshore Fixed Platform,US Gulf of Mexico / OCS,Marine & Vessel Operations,valve,UNKNOWN,UNKNOWN,UNKNOWN,None reported / Equipment stoppage or minor disruption.,,False,BRONZE,UNLABELED
EVT-BSEE-0286,INCIDENT,Bureau of Safety and Environmental Enforcement (BSEE),SRC-BSEE-0286,,Offshore Fixed Platform,US Gulf of Mexico / OCS,Drilling & Well Intervention,,UNKNOWN,UNKNOWN,UNKNOWN,None reported / Equipment stoppage or minor disruption.,,False,BRONZE,UNLABELED
EVT-BSEE-0287,NEAR_MISS,Bureau of Safety and Environmental Enforcement (BSEE),SRC-BSEE-0287,,UNKNOWN,US Gulf of Mexico / OCS,Drilling & Well Intervention,blowout preventer (BOP),PRESSURE,UNKNOWN,UNKNOWN,None reported / Equipment stoppage or minor disruption.,,False,BRONZE,UNLABELED
EVT-BSEE-0289,NEAR_MISS,Bureau of Safety and Environmental Enforcement (BSEE),SRC-BSEE-0289,,UNKNOWN,US Gulf of Mexico / OCS,General Industrial / Offshore Operations,,UNKNOWN,UNKNOWN,UNKNOWN,None reported / Equipment stoppage or minor disruption.,,False,BRONZE,QUARANTINED
EVT-BSEE-0290,NEAR_MISS,Bureau of Safety and Environmental Enforcement (BSEE),SRC-BSEE-0290,,Offshore Fixed Platform,US Gulf of Mexico / OCS,Subsea & Diving Operations,flare,PRESSURE,UNKNOWN,UNKNOWN,None reported / Equipment stoppage or minor disruption.,,False,BRONZE,UNLABELED
EVT-BSEE-0291,INCIDENT,Bureau of Safety and Environmental Enforcement (BSEE),SRC-BSEE-0291,,Offshore Fixed Platform,US Gulf of Mexico / OCS,Piping & Pressure Maintenance,pump,PRESSURE,UNKNOWN,UNKNOWN,None reported / Equipment stoppage or minor disruption.,,False,BRONZE,UNLABELED
EVT-BSEE-0292,INCIDENT,Bureau of Safety and Environmental Enforcement (BSEE),SRC-BSEE-0292,,Offshore Fixed Platform,US Gulf of Mexico / OCS,Subsea & Diving Operations,pressure vessel,PRESSURE,TRUE,DERIVED,Minor injury requiring first aid or medical attention.,First aid / minor laceration or contusion,False,SILVER,ML_ELIGIBLE
EVT-BSEE-0293,INCIDENT,Bureau of Safety and Environmental Enforcement (BSEE),SRC-BSEE-0293,,UNKNOWN,US Gulf of Mexico / OCS,Drilling & Well Intervention,,PRESSURE,UNKNOWN,UNKNOWN,None reported / Equipment stoppage or minor disruption.,,False,BRONZE,UNLABELED
EVT-BSEE-0294,INCIDENT,Bureau of Safety and Environmental Enforcement (BSEE),SRC-BSEE-0294,,UNKNOWN,US Gulf of Mexico / OCS,Lifting & Rigging Operations,shackle,UNKNOWN,TRUE,EXPLICIT,Fatal injury occurred.,Fatal injury,True,BRONZE,ML_LIMITED
EVT-BSEE-0295,NEAR_MISS,Bureau of Safety and Environmental Enforcement (BSEE),SRC-BSEE-0295,,UNKNOWN,US Gulf of Mexico / OCS,Drilling & Well Intervention,valve,UNKNOWN,UNKNOWN,UNKNOWN,Minor injury requiring first aid or medical attention.,First aid / minor laceration or contusion,False,BRONZE,UNLABELED
EVT-BSEE-0296,INCIDENT,Bureau of Safety and Environmental Enforcement (BSEE),SRC-BSEE-0296,,UNKNOWN,US Gulf of Mexico / OCS,Drilling & Well Intervention,drill pipe / tubular,PRESSURE,UNKNOWN,UNKNOWN,Fatal injury occurred.,Fatal injury,True,BRONZE,UNLABELED
EVT-BSEE-0297,INCIDENT,Bureau of Safety and Environmental Enforcement (BSEE),SRC-BSEE-0297,,UNKNOWN,US Gulf of Mexico / OCS,Subsea & Diving Operations,rotating,KINETIC,UNKNOWN,UNKNOWN,None reported / Equipment stoppage or minor disruption.,,False,BRONZE,UNLABELED
EVT-BSEE-0298,NEAR_MISS,Bureau of Safety and Environmental Enforcement (BSEE),SRC-BSEE-0298,,UNKNOWN,US Gulf of Mexico / OCS,Drilling & Well Intervention,drill pipe / tubular,PRESSURE,UNKNOWN,UNKNOWN,None reported / Equipment stoppage or minor disruption.,,False,BRONZE,UNLABELED
EVT-BSEE-0299,INCIDENT,Bureau of Safety and Environmental Enforcement (BSEE),SRC-BSEE-0299,,UNKNOWN,US Gulf of Mexico / OCS,Lifting & Rigging Operations,crane,UNKNOWN,TRUE,EXPLICIT,Fatal injury occurred.,Fatal injury,True,BRONZE,ML_LIMITED
EVT-BSEE-0300,NEAR_MISS,Bureau of Safety and Environmental Enforcement (BSEE),SRC-BSEE-0300,,Offshore Fixed Platform,US Gulf of Mexico / OCS,Drilling & Well Intervention,,UNKNOWN,UNKNOWN,UNKNOWN,None reported / Equipment stoppage or minor disruption.,,False,BRONZE,UNLABELED
EVT-BSEE-0301,INCIDENT,Bureau of Safety and Environmental Enforcement (BSEE),SRC-BSEE-0301,,UNKNOWN,US Gulf of Mexico / OCS,Marine & Vessel Operations,,UNKNOWN,TRUE,EXPLICIT,Fatal injury occurred.,Fatal injury,True,BRONZE,ML_LIMITED
EVT-BSEE-0302,INCIDENT,Bureau of Safety and Environmental Enforcement (BSEE),SRC-BSEE-0302,,Offshore Fixed Platform,US Gulf of Mexico / OCS,Drilling & Well Intervention,,PRESSURE,UNKNOWN,UNKNOWN,None reported / Equipment stoppage or minor disruption.,,False,BRONZE,UNLABELED
EVT-BSEE-0303,INCIDENT,Bureau of Safety and Environmental Enforcement (BSEE),SRC-BSEE-0303,,Offshore Fixed Platform,US Gulf of Mexico / OCS,Drilling & Well Intervention,,PRESSURE,TRUE,EXPLICIT,Fatal injury occurred.,Fatal injury,True,GOLD,ML_ELIGIBLE
EVT-BSEE-0304,INCIDENT,Bureau of Safety and Environmental Enforcement (BSEE),SRC-BSEE-0304,,UNKNOWN,US Gulf of Mexico / OCS,Subsea & Diving Operations,,THERMAL,TRUE,EXPLICIT,Fatal injury occurred.,Fatal injury,True,GOLD,ML_ELIGIBLE
EVT-BSEE-0305,INCIDENT,Bureau of Safety and Environmental Enforcement (BSEE),SRC-BSEE-0305,,Offshore Fixed Platform,US Gulf of Mexico / OCS,Marine & Vessel Operations,,PRESSURE,TRUE,DERIVED,None reported / Equipment stoppage or minor disruption.,,False,SILVER,ML_ELIGIBLE
EVT-BSEE-0306,NEAR_MISS,Bureau of Safety and Environmental Enforcement (BSEE),SRC-BSEE-0306,,UNKNOWN,US Gulf of Mexico / OCS,Marine & Vessel Operations,,UNKNOWN,UNKNOWN,UNKNOWN,None reported / Equipment stoppage or minor disruption.,,False,BRONZE,QUARANTINED
EVT-BSEE-0307,NEAR_MISS,Bureau of Safety and Environmental Enforcement (BSEE),SRC-BSEE-0307,,Offshore Fixed Platform,US Gulf of Mexico / OCS,General Industrial / Offshore Operations,,PRESSURE,UNKNOWN,UNKNOWN,None reported / Equipment stoppage or minor disruption.,,False,BRONZE,UNLABELED
EVT-BSEE-0308,NEAR_MISS,Bureau of Safety and Environmental Enforcement (BSEE),SRC-BSEE-0308,,UNKNOWN,US Gulf of Mexico / OCS,Piping & Pressure Maintenance,,UNKNOWN,UNKNOWN,UNKNOWN,None reported / Equipment stoppage or minor disruption.,,False,BRONZE,UNLABELED
EVT-BSEE-0309,NEAR_MISS,Bureau of Safety and Environmental Enforcement (BSEE),SRC-BSEE-0309,,Offshore Fixed Platform,US Gulf of Mexico / OCS,General Industrial / Offshore Operations,,PRESSURE,TRUE,EXPLICIT,None reported / Equipment stoppage or minor disruption.,,False,GOLD,ML_ELIGIBLE
EVT-BSEE-0310,INCIDENT,Bureau of Safety and Environmental Enforcement (BSEE),SRC-BSEE-0310,,UNKNOWN,US Gulf of Mexico / OCS,Lifting & Rigging Operations,crane,UNKNOWN,UNKNOWN,UNKNOWN,None reported / Equipment stoppage or minor disruption.,,False,BRONZE,UNLABELED
EVT-BSEE-0311,NEAR_MISS,Bureau of Safety and Environmental Enforcement (BSEE),SRC-BSEE-0311,,UNKNOWN,US Gulf of Mexico / OCS,Drilling & Well Intervention,pressure safety valve,PRESSURE,UNKNOWN,UNKNOWN,None reported / Equipment stoppage or minor disruption.,,False,BRONZE,UNLABELED
EVT-BSEE-0312,INCIDENT,Bureau of Safety and Environmental Enforcement (BSEE),SRC-BSEE-0312,,Offshore Fixed Platform,US Gulf of Mexico / OCS,Lifting & Rigging Operations,flare,THERMAL,TRUE,EXPLICIT,Fatal injury occurred.,Fatal injury,True,GOLD,ML_ELIGIBLE
EVT-BSEE-0313,INCIDENT,Bureau of Safety and Environmental Enforcement (BSEE),SRC-BSEE-0313,,Offshore Fixed Platform,US Gulf of Mexico / OCS,General Industrial / Offshore Operations,,UNKNOWN,TRUE,EXPLICIT,Fatal injury occurred.,Fatal injury,True,BRONZE,ML_LIMITED
EVT-BSEE-0314,INCIDENT,Bureau of Safety and Environmental Enforcement (BSEE),SRC-BSEE-0314,,UNKNOWN,US Gulf of Mexico / OCS,General Industrial / Offshore Operations,valve,PRESSURE,TRUE,EXPLICIT,Fatal injury occurred.,Fatal injury,True,GOLD,ML_ELIGIBLE
EVT-BSEE-0315,INCIDENT,Bureau of Safety and Environmental Enforcement (BSEE),SRC-BSEE-0315,,UNKNOWN,US Gulf of Mexico / OCS,Piping & Pressure Maintenance,,UNKNOWN,TRUE,EXPLICIT,Fatal injury occurred.,Fatal injury,True,BRONZE,ML_LIMITED
EVT-BSEE-0316,INCIDENT,Bureau of Safety and Environmental Enforcement (BSEE),SRC-BSEE-0316,,UNKNOWN,US Gulf of Mexico / OCS,General Industrial / Offshore Operations,,UNKNOWN,UNKNOWN,UNKNOWN,None reported / Equipment stoppage or minor disruption.,,False,BRONZE,UNLABELED
EVT-BSEE-0317,INCIDENT,Bureau of Safety and Environmental Enforcement (BSEE),SRC-BSEE-0317,,Offshore Fixed Platform,US Gulf of Mexico / OCS,Lifting & Rigging Operations,flare,THERMAL,TRUE,EXPLICIT,Fatal injury occurred.,Fatal injury,True,GOLD,ML_ELIGIBLE
EVT-BSEE-0318,NEAR_MISS,Bureau of Safety and Environmental Enforcement (BSEE),SRC-BSEE-0318,,Offshore Fixed Platform,US Gulf of Mexico / OCS,General Industrial / Offshore Operations,valve,PRESSURE,UNKNOWN,UNKNOWN,None reported / Equipment stoppage or minor disruption.,,False,BRONZE,UNLABELED
EVT-BSEE-0319,NEAR_MISS,Bureau of Safety and Environmental Enforcement (BSEE),SRC-BSEE-0319,,Offshore Fixed Platform,US Gulf of Mexico / OCS,General Industrial / Offshore Operations,valve,PRESSURE,UNKNOWN,UNKNOWN,None reported / Equipment stoppage or minor disruption.,,False,BRONZE,UNLABELED
EVT-BSEE-0320,INCIDENT,Bureau of Safety and Environmental Enforcement (BSEE),SRC-BSEE-0320,,Offshore Fixed Platform,US Gulf of Mexico / OCS,General Industrial / Offshore Operations,valve,PRESSURE,UNKNOWN,UNKNOWN,None reported / Equipment stoppage or minor disruption.,,False,BRONZE,UNLABELED
EVT-BSEE-0321,INCIDENT,Bureau of Safety and Environmental Enforcement (BSEE),SRC-BSEE-0321,,UNKNOWN,US Gulf of Mexico / OCS,Drilling & Well Intervention,,UNKNOWN,TRUE,EXPLICIT,Fatal injury occurred.,Fatal injury,True,BRONZE,ML_LIMITED
EVT-BSEE-0322,NEAR_MISS,Bureau of Safety and Environmental Enforcement (BSEE),SRC-BSEE-0322,,UNKNOWN,US Gulf of Mexico / OCS,General Industrial / Offshore Operations,,UNKNOWN,UNKNOWN,UNKNOWN,None reported / Equipment stoppage or minor disruption.,,False,BRONZE,UNLABELED
EVT-BSEE-0323,NEAR_MISS,Bureau of Safety and Environmental Enforcement (BSEE),SRC-BSEE-0323,,Offshore Fixed Platform,US Gulf of Mexico / OCS,Lifting & Rigging Operations,crane,PRESSURE,UNKNOWN,UNKNOWN,None reported / Equipment stoppage or minor disruption.,,False,BRONZE,UNLABELED
EVT-BSEE-0324,INCIDENT,Bureau of Safety and Environmental Enforcement (BSEE),SRC-BSEE-0324,,UNKNOWN,US Gulf of Mexico / OCS,General Industrial / Offshore Operations,crane,UNKNOWN,TRUE,EXPLICIT,None reported / Equipment stoppage or minor disruption.,,False,BRONZE,ML_LIMITED
EVT-BSEE-0325,NEAR_MISS,Bureau of Safety and Environmental Enforcement (BSEE),SRC-BSEE-0325,,UNKNOWN,US Gulf of Mexico / OCS,General Industrial / Offshore Operations,,UNKNOWN,UNKNOWN,UNKNOWN,None reported / Equipment stoppage or minor disruption.,,False,BRONZE,UNLABELED
EVT-BSEE-0326,INCIDENT,Bureau of Safety and Environmental Enforcement (BSEE),SRC-BSEE-0326,,UNKNOWN,US Gulf of Mexico / OCS,General Industrial / Offshore Operations,scaffold,GRAVITATIONAL,TRUE,EXPLICIT,Fatal injury occurred.,Fatal injury,True,GOLD,ML_ELIGIBLE
EVT-BSEE-0327,NEAR_MISS,Bureau of Safety and Environmental Enforcement (BSEE),SRC-BSEE-0327,,UNKNOWN,US Gulf of Mexico / OCS,General Industrial / Offshore Operations,,UNKNOWN,UNKNOWN,UNKNOWN,None reported / Equipment stoppage or minor disruption.,,False,BRONZE,UNLABELED
EVT-BSEE-0328,NEAR_MISS,Bureau of Safety and Environmental Enforcement (BSEE),SRC-BSEE-0328,,Drillship,US Gulf of Mexico / OCS,Drilling & Well Intervention,blowout preventer (BOP),PRESSURE,UNKNOWN,UNKNOWN,None reported / Equipment stoppage or minor disruption.,,False,BRONZE,UNLABELED
EVT-BSEE-0329,INCIDENT,Bureau of Safety and Environmental Enforcement (BSEE),SRC-BSEE-0329,,UNKNOWN,US Gulf of Mexico / OCS,General Industrial / Offshore Operations,scaffold,GRAVITATIONAL,TRUE,EXPLICIT,Fatal injury occurred.,Fatal injury,True,GOLD,ML_ELIGIBLE
EVT-BSEE-0330,INCIDENT,Bureau of Safety and Environmental Enforcement (BSEE),SRC-BSEE-0330,,UNKNOWN,US Gulf of Mexico / OCS,General Industrial / Offshore Operations,,UNKNOWN,TRUE,EXPLICIT,None reported / Equipment stoppage or minor disruption.,,False,BRONZE,ML_LIMITED
EVT-BSEE-0331,INCIDENT,Bureau of Safety and Environmental Enforcement (BSEE),SRC-BSEE-0331,,Offshore Fixed Platform,US Gulf of Mexico / OCS,General Industrial / Offshore Operations,valve,THERMAL,TRUE,EXPLICIT,Fatal injury occurred.,Fatal injury,True,GOLD,ML_ELIGIBLE
EVT-BSEE-0332,NEAR_MISS,Bureau of Safety and Environmental Enforcement (BSEE),SRC-BSEE-0332,,UNKNOWN,US Gulf of Mexico / OCS,General Industrial / Offshore Operations,valve,PRESSURE,UNKNOWN,UNKNOWN,None reported / Equipment stoppage or minor disruption.,,False,BRONZE,UNLABELED
EVT-BSEE-0333,INCIDENT,Bureau of Safety and Environmental Enforcement (BSEE),SRC-BSEE-0333,,Drillship,US Gulf of Mexico / OCS,Drilling & Well Intervention,remotely operated vehicle (ROV),PRESSURE,UNKNOWN,UNKNOWN,None reported / Equipment stoppage or minor disruption.,,False,BRONZE,UNLABELED
EVT-BSEE-0334,NEAR_MISS,Bureau of Safety and Environmental Enforcement (BSEE),SRC-BSEE-0334,,UNKNOWN,US Gulf of Mexico / OCS,General Industrial / Offshore Operations,,UNKNOWN,UNKNOWN,UNKNOWN,None reported / Equipment stoppage or minor disruption.,,False,BRONZE,UNLABELED
EVT-BSEE-0335,INCIDENT,Bureau of Safety and Environmental Enforcement (BSEE),SRC-BSEE-0335,,Offshore Fixed Platform,US Gulf of Mexico / OCS,General Industrial / Offshore Operations,valve,PRESSURE,TRUE,EXPLICIT,Fatal injury occurred.,Fatal injury,True,GOLD,ML_ELIGIBLE
EVT-BSEE-0336,NEAR_MISS,Bureau of Safety and Environmental Enforcement (BSEE),SRC-BSEE-0336,,UNKNOWN,US Gulf of Mexico / OCS,General Industrial / Offshore Operations,,PRESSURE,UNKNOWN,UNKNOWN,None reported / Equipment stoppage or minor disruption.,,False,BRONZE,UNLABELED
EVT-BSEE-0337,INCIDENT,Bureau of Safety and Environmental Enforcement (BSEE),SRC-BSEE-0337,,UNKNOWN,US Gulf of Mexico / OCS,Piping & Pressure Maintenance,,UNKNOWN,UNKNOWN,UNKNOWN,None reported / Equipment stoppage or minor disruption.,,False,BRONZE,QUARANTINED
EVT-BSEE-0338,INCIDENT,Bureau of Safety and Environmental Enforcement (BSEE),SRC-BSEE-0338,,Offshore Fixed Platform,US Gulf of Mexico / OCS,General Industrial / Offshore Operations,,UNKNOWN,UNKNOWN,UNKNOWN,Fatal injury occurred.,Fatal injury,True,BRONZE,UNLABELED
EVT-BSEE-0339,NEAR_MISS,Bureau of Safety and Environmental Enforcement (BSEE),SRC-BSEE-0339,,UNKNOWN,US Gulf of Mexico / OCS,General Industrial / Offshore Operations,,UNKNOWN,UNKNOWN,UNKNOWN,None reported / Equipment stoppage or minor disruption.,,False,BRONZE,UNLABELED
EVT-BSEE-0340,INCIDENT,Bureau of Safety and Environmental Enforcement (BSEE),SRC-BSEE-0340,,UNKNOWN,US Gulf of Mexico / OCS,Drilling & Well Intervention,rotating,KINETIC,TRUE,EXPLICIT,Fatal injury occurred.,Fatal injury,True,GOLD,ML_ELIGIBLE
EVT-BSEE-0341,INCIDENT,Bureau of Safety and Environmental Enforcement (BSEE),SRC-BSEE-0341,,UNKNOWN,US Gulf of Mexico / OCS,Piping & Pressure Maintenance,,UNKNOWN,UNKNOWN,UNKNOWN,None reported / Equipment stoppage or minor disruption.,,False,BRONZE,QUARANTINED
EVT-BSEE-0342,INCIDENT,Bureau of Safety and Environmental Enforcement (BSEE),SRC-BSEE-0342,,UNKNOWN,US Gulf of Mexico / OCS,General Industrial / Offshore Operations,,UNKNOWN,TRUE,EXPLICIT,Fatal injury occurred.,Fatal injury,True,BRONZE,QUARANTINED
EVT-BSEE-0343,INCIDENT,Bureau of Safety and Environmental Enforcement (BSEE),SRC-BSEE-0343,,UNKNOWN,US Gulf of Mexico / OCS,General Industrial / Offshore Operations,hose,PRESSURE,TRUE,DERIVED,None reported / Equipment stoppage or minor disruption.,,False,SILVER,ML_ELIGIBLE
EVT-BSEE-0344,NEAR_MISS,Bureau of Safety and Environmental Enforcement (BSEE),SRC-BSEE-0344,,UNKNOWN,US Gulf of Mexico / OCS,Lifting & Rigging Operations,crane,UNKNOWN,UNKNOWN,UNKNOWN,None reported / Equipment stoppage or minor disruption.,,False,BRONZE,UNLABELED
EVT-BSEE-0345,INCIDENT,Bureau of Safety and Environmental Enforcement (BSEE),SRC-BSEE-0345,,Offshore Fixed Platform,US Gulf of Mexico / OCS,General Industrial / Offshore Operations,flare,PRESSURE,TRUE,DERIVED,Personal injury sustained (Burn injury).,Burn injury,False,SILVER,ML_ELIGIBLE
EVT-BSEE-0346,INCIDENT,Bureau of Safety and Environmental Enforcement (BSEE),SRC-BSEE-0346,,Offshore Fixed Platform,US Gulf of Mexico / OCS,General Industrial / Offshore Operations,valve,PRESSURE,TRUE,DERIVED,Fatal injury occurred.,Fatal injury,True,SILVER,ML_ELIGIBLE
EVT-BSEE-0347,INCIDENT,Bureau of Safety and Environmental Enforcement (BSEE),SRC-BSEE-0347,,Offshore Fixed Platform,US Gulf of Mexico / OCS,General Industrial / Offshore Operations,,THERMAL,TRUE,DERIVED,Personal injury sustained (Personal injury requiring hospitalization).,Personal injury requiring hospitalization,False,SILVER,ML_ELIGIBLE
EVT-BSEE-0348,NEAR_MISS,Bureau of Safety and Environmental Enforcement (BSEE),SRC-BSEE-0348,,UNKNOWN,US Gulf of Mexico / OCS,General Industrial / Offshore Operations,,PRESSURE,UNKNOWN,UNKNOWN,None reported / Equipment stoppage or minor disruption.,,False,BRONZE,UNLABELED
EVT-BSEE-0349,INCIDENT,Bureau of Safety and Environmental Enforcement (BSEE),SRC-BSEE-0349,,UNKNOWN,US Gulf of Mexico / OCS,General Industrial / Offshore Operations,,UNKNOWN,TRUE,EXPLICIT,Fatal injury occurred.,Fatal injury,True,BRONZE,ML_LIMITED
EVT-BSEE-0350,INCIDENT,Bureau of Safety and Environmental Enforcement (BSEE),SRC-BSEE-0350,,Offshore Fixed Platform,US Gulf of Mexico / OCS,General Industrial / Offshore Operations,falling object,GRAVITATIONAL,TRUE,EXPLICIT,Fatal injury occurred.,Fatal injury,True,GOLD,ML_ELIGIBLE
EVT-BSEE-0351,INCIDENT,Bureau of Safety and Environmental Enforcement (BSEE),SRC-BSEE-0351,,UNKNOWN,US Gulf of Mexico / OCS,Piping & Pressure Maintenance,valve,PRESSURE,UNKNOWN,UNKNOWN,None reported / Equipment stoppage or minor disruption.,,False,BRONZE,UNLABELED
EVT-BSEE-0352,INCIDENT,Bureau of Safety and Environmental Enforcement (BSEE),SRC-BSEE-0352,,UNKNOWN,US Gulf of Mexico / OCS,Drilling & Well Intervention,valve,PRESSURE,TRUE,EXPLICIT,None reported / Equipment stoppage or minor disruption.,,False,GOLD,ML_ELIGIBLE
EVT-BSEE-0353,INCIDENT,Bureau of Safety and Environmental Enforcement (BSEE),SRC-BSEE-0353,,Jack-up Rig,US Gulf of Mexico / OCS,Lifting & Rigging Operations,crane,UNKNOWN,UNKNOWN,UNKNOWN,Fatal injury occurred.,Fatal injury,True,BRONZE,UNLABELED
EVT-BSEE-0354,NEAR_MISS,Bureau of Safety and Environmental Enforcement (BSEE),SRC-BSEE-0354,,UNKNOWN,US Gulf of Mexico / OCS,General Industrial / Offshore Operations,,UNKNOWN,UNKNOWN,UNKNOWN,None reported / Equipment stoppage or minor disruption.,,False,BRONZE,QUARANTINED
EVT-BSEE-0355,INCIDENT,Bureau of Safety and Environmental Enforcement (BSEE),SRC-BSEE-0355,,UNKNOWN,US Gulf of Mexico / OCS,Subsea & Diving Operations,crane,UNKNOWN,UNKNOWN,UNKNOWN,Fatal injury occurred.,Fatal injury,True,BRONZE,UNLABELED
EVT-BSEE-0356,NEAR_MISS,Bureau of Safety and Environmental Enforcement (BSEE),SRC-BSEE-0356,,Jack-up Rig,US Gulf of Mexico / OCS,Drilling & Well Intervention,,PRESSURE,UNKNOWN,UNKNOWN,None reported / Equipment stoppage or minor disruption.,,False,BRONZE,UNLABELED
EVT-BSEE-0357,NEAR_MISS,Bureau of Safety and Environmental Enforcement (BSEE),SRC-BSEE-0357,,UNKNOWN,US Gulf of Mexico / OCS,Drilling & Well Intervention,,UNKNOWN,UNKNOWN,UNKNOWN,None reported / Equipment stoppage or minor disruption.,,False,BRONZE,QUARANTINED
EVT-BSEE-0358,INCIDENT,Bureau of Safety and Environmental Enforcement (BSEE),SRC-BSEE-0358,,Offshore Fixed Platform,US Gulf of Mexico / OCS,General Industrial / Offshore Operations,flare,THERMAL,TRUE,DERIVED,Personal injury sustained (Burn injury).,Burn injury,False,SILVER,ML_ELIGIBLE
EVT-BSEE-0359,NEAR_MISS,Bureau of Safety and Environmental Enforcement (BSEE),SRC-BSEE-0359,,UNKNOWN,US Gulf of Mexico / OCS,Piping & Pressure Maintenance,valve,UNKNOWN,UNKNOWN,UNKNOWN,None reported / Equipment stoppage or minor disruption.,,False,BRONZE,QUARANTINED
EVT-BSEE-0360,INCIDENT,Bureau of Safety and Environmental Enforcement (BSEE),SRC-BSEE-0360,,UNKNOWN,US Gulf of Mexico / OCS,Piping & Pressure Maintenance,,THERMAL,TRUE,DERIVED,None reported / Equipment stoppage or minor disruption.,,False,BRONZE,QUARANTINED
EVT-BSEE-0361,INCIDENT,Bureau of Safety and Environmental Enforcement (BSEE),SRC-BSEE-0361,,Offshore Fixed Platform,US Gulf of Mexico / OCS,General Industrial / Offshore Operations,flare,PRESSURE,TRUE,DERIVED,Personal injury sustained (Burn injury).,Burn injury,False,SILVER,ML_ELIGIBLE
EVT-BSEE-0362,NEAR_MISS,Bureau of Safety and Environmental Enforcement (BSEE),SRC-BSEE-0362,,UNKNOWN,US Gulf of Mexico / OCS,General Industrial / Offshore Operations,wireline unit,UNKNOWN,UNKNOWN,UNKNOWN,None reported / Equipment stoppage or minor disruption.,,False,BRONZE,QUARANTINED
EVT-BSEE-0363,INCIDENT,Bureau of Safety and Environmental Enforcement (BSEE),SRC-BSEE-0363,,Offshore Fixed Platform,US Gulf of Mexico / OCS,General Industrial / Offshore Operations,generator,THERMAL,TRUE,EXPLICIT,Personal injury sustained (Burn injury).,Burn injury,False,GOLD,ML_ELIGIBLE
EVT-BSEE-0364,INCIDENT,Bureau of Safety and Environmental Enforcement (BSEE),SRC-BSEE-0364,,Offshore Fixed Platform,US Gulf of Mexico / OCS,General Industrial / Offshore Operations,valve,THERMAL,UNKNOWN,UNKNOWN,None reported / Equipment stoppage or minor disruption.,,False,BRONZE,UNLABELED
EVT-BSEE-0365,INCIDENT,Bureau of Safety and Environmental Enforcement (BSEE),SRC-BSEE-0365,,UNKNOWN,US Gulf of Mexico / OCS,Drilling & Well Intervention,,THERMAL,UNKNOWN,UNKNOWN,None reported / Equipment stoppage or minor disruption.,,False,BRONZE,QUARANTINED
EVT-BSEE-0366,INCIDENT,Bureau of Safety and Environmental Enforcement (BSEE),SRC-BSEE-0366,,UNKNOWN,US Gulf of Mexico / OCS,Hot Work Operations,lift / elevator,THERMAL,UNKNOWN,UNKNOWN,Minor injury requiring first aid or medical attention.,First aid / minor laceration or contusion,False,BRONZE,UNLABELED
EVT-BSEE-0367,NEAR_MISS,Bureau of Safety and Environmental Enforcement (BSEE),SRC-BSEE-0367,,UNKNOWN,US Gulf of Mexico / OCS,General Industrial / Offshore Operations,drill pipe / tubular,UNKNOWN,UNKNOWN,UNKNOWN,None reported / Equipment stoppage or minor disruption.,,False,BRONZE,QUARANTINED
EVT-BSEE-0368,INCIDENT,Bureau of Safety and Environmental Enforcement (BSEE),SRC-BSEE-0368,,Offshore Fixed Platform,US Gulf of Mexico / OCS,Marine & Vessel Operations,pneumatic,PRESSURE,TRUE,DERIVED,None reported / Equipment stoppage or minor disruption.,,False,SILVER,ML_ELIGIBLE
EVT-BSEE-0369,INCIDENT,Bureau of Safety and Environmental Enforcement (BSEE),SRC-BSEE-0369,,Offshore Fixed Platform,US Gulf of Mexico / OCS,Hot Work Operations,,THERMAL,UNKNOWN,UNKNOWN,Minor injury requiring first aid or medical attention.,First aid / minor laceration or contusion,False,BRONZE,UNLABELED
EVT-BSEE-0370,INCIDENT,Bureau of Safety and Environmental Enforcement (BSEE),SRC-BSEE-0370,,UNKNOWN,US Gulf of Mexico / OCS,General Industrial / Offshore Operations,compressor,THERMAL,UNKNOWN,UNKNOWN,None reported / Equipment stoppage or minor disruption.,,False,BRONZE,QUARANTINED
EVT-BSEE-0371,INCIDENT,Bureau of Safety and Environmental Enforcement (BSEE),SRC-BSEE-0371,,UNKNOWN,US Gulf of Mexico / OCS,Piping & Pressure Maintenance,compressor,THERMAL,UNKNOWN,UNKNOWN,None reported / Equipment stoppage or minor disruption.,,False,BRONZE,QUARANTINED
EVT-BSEE-0372,INCIDENT,Bureau of Safety and Environmental Enforcement (BSEE),SRC-BSEE-0372,,UNKNOWN,US Gulf of Mexico / OCS,General Industrial / Offshore Operations,generator,THERMAL,UNKNOWN,UNKNOWN,None reported / Equipment stoppage or minor disruption.,,False,BRONZE,QUARANTINED
EVT-BSEE-0373,INCIDENT,Bureau of Safety and Environmental Enforcement (BSEE),SRC-BSEE-0373,,UNKNOWN,US Gulf of Mexico / OCS,General Industrial / Offshore Operations,,THERMAL,UNKNOWN,UNKNOWN,None reported / Equipment stoppage or minor disruption.,,False,BRONZE,QUARANTINED
EVT-BSEE-0374,NEAR_MISS,Bureau of Safety and Environmental Enforcement (BSEE),SRC-BSEE-0374,,UNKNOWN,US Gulf of Mexico / OCS,General Industrial / Offshore Operations,drill pipe / tubular,UNKNOWN,UNKNOWN,UNKNOWN,None reported / Equipment stoppage or minor disruption.,,False,BRONZE,QUARANTINED
EVT-BSEE-0375,NEAR_MISS,Bureau of Safety and Environmental Enforcement (BSEE),SRC-BSEE-0375,,UNKNOWN,US Gulf of Mexico / OCS,General Industrial / Offshore Operations,,UNKNOWN,UNKNOWN,UNKNOWN,None reported / Equipment stoppage or minor disruption.,,False,BRONZE,QUARANTINED
EVT-BSEE-0376,INCIDENT,Bureau of Safety and Environmental Enforcement (BSEE),SRC-BSEE-0376,,UNKNOWN,US Gulf of Mexico / OCS,General Industrial / Offshore Operations,compressor,THERMAL,UNKNOWN,UNKNOWN,None reported / Equipment stoppage or minor disruption.,,False,BRONZE,QUARANTINED
EVT-BSEE-0377,NEAR_MISS,Bureau of Safety and Environmental Enforcement (BSEE),SRC-BSEE-0377,,UNKNOWN,US Gulf of Mexico / OCS,General Industrial / Offshore Operations,,UNKNOWN,UNKNOWN,UNKNOWN,None reported / Equipment stoppage or minor disruption.,,False,BRONZE,QUARANTINED
EVT-BSEE-0378,INCIDENT,Bureau of Safety and Environmental Enforcement (BSEE),SRC-BSEE-0378,,Offshore Fixed Platform,US Gulf of Mexico / OCS,General Industrial / Offshore Operations,generator,THERMAL,UNKNOWN,UNKNOWN,None reported / Equipment stoppage or minor disruption.,,False,BRONZE,QUARANTINED
EVT-BSEE-0379,NEAR_MISS,Bureau of Safety and Environmental Enforcement (BSEE),SRC-BSEE-0379,,UNKNOWN,US Gulf of Mexico / OCS,Drilling & Well Intervention,,UNKNOWN,UNKNOWN,UNKNOWN,None reported / Equipment stoppage or minor disruption.,,False,BRONZE,QUARANTINED
EVT-BSEE-0380,NEAR_MISS,Bureau of Safety and Environmental Enforcement (BSEE),SRC-BSEE-0380,,UNKNOWN,US Gulf of Mexico / OCS,General Industrial / Offshore Operations,,PRESSURE,UNKNOWN,UNKNOWN,None reported / Equipment stoppage or minor disruption.,,False,BRONZE,QUARANTINED
EVT-BSEE-0381,INCIDENT,Bureau of Safety and Environmental Enforcement (BSEE),SRC-BSEE-0381,,UNKNOWN,US Gulf of Mexico / OCS,Hot Work Operations,,THERMAL,TRUE,DERIVED,None reported / Equipment stoppage or minor disruption.,,False,BRONZE,QUARANTINED
EVT-BSEE-0382,INCIDENT,Bureau of Safety and Environmental Enforcement (BSEE),SRC-BSEE-0382,,UNKNOWN,US Gulf of Mexico / OCS,Drilling & Well Intervention,,UNKNOWN,UNKNOWN,UNKNOWN,None reported / Equipment stoppage or minor disruption.,,False,BRONZE,QUARANTINED
EVT-BSEE-0383,INCIDENT,Bureau of Safety and Environmental Enforcement (BSEE),SRC-BSEE-0383,,UNKNOWN,US Gulf of Mexico / OCS,General Industrial / Offshore Operations,,THERMAL,UNKNOWN,UNKNOWN,None reported / Equipment stoppage or minor disruption.,,False,BRONZE,QUARANTINED
EVT-BSEE-0384,NEAR_MISS,Bureau of Safety and Environmental Enforcement (BSEE),SRC-BSEE-0384,,UNKNOWN,US Gulf of Mexico / OCS,General Industrial / Offshore Operations,,UNKNOWN,UNKNOWN,UNKNOWN,None reported / Equipment stoppage or minor disruption.,,False,BRONZE,QUARANTINED
EVT-BSEE-0385,INCIDENT,Bureau of Safety and Environmental Enforcement (BSEE),SRC-BSEE-0385,,UNKNOWN,US Gulf of Mexico / OCS,Piping & Pressure Maintenance,pump,THERMAL,UNKNOWN,UNKNOWN,None reported / Equipment stoppage or minor disruption.,,False,BRONZE,QUARANTINED
EVT-BSEE-0386,INCIDENT,Bureau of Safety and Environmental Enforcement (BSEE),SRC-BSEE-0386,,UNKNOWN,US Gulf of Mexico / OCS,General Industrial / Offshore Operations,,THERMAL,UNKNOWN,UNKNOWN,None reported / Equipment stoppage or minor disruption.,,False,BRONZE,QUARANTINED
EVT-BSEE-0387,INCIDENT,Bureau of Safety and Environmental Enforcement (BSEE),SRC-BSEE-0387,,UNKNOWN,US Gulf of Mexico / OCS,General Industrial / Offshore Operations,,THERMAL,UNKNOWN,UNKNOWN,None reported / Equipment stoppage or minor disruption.,,False,BRONZE,QUARANTINED
EVT-BSEE-0388,NEAR_MISS,Bureau of Safety and Environmental Enforcement (BSEE),SRC-BSEE-0388,,UNKNOWN,US Gulf of Mexico / OCS,General Industrial / Offshore Operations,,UNKNOWN,UNKNOWN,UNKNOWN,None reported / Equipment stoppage or minor disruption.,,False,BRONZE,QUARANTINED
EVT-BSEE-0389,INCIDENT,Bureau of Safety and Environmental Enforcement (BSEE),SRC-BSEE-0389,,UNKNOWN,US Gulf of Mexico / OCS,General Industrial / Offshore Operations,,THERMAL,UNKNOWN,UNKNOWN,None reported / Equipment stoppage or minor disruption.,,False,BRONZE,QUARANTINED
EVT-BSEE-0390,INCIDENT,Bureau of Safety and Environmental Enforcement (BSEE),SRC-BSEE-0390,,UNKNOWN,US Gulf of Mexico / OCS,Hot Work Operations,,THERMAL,TRUE,DERIVED,None reported / Equipment stoppage or minor disruption.,,False,BRONZE,QUARANTINED
EVT-BSEE-0391,INCIDENT,Bureau of Safety and Environmental Enforcement (BSEE),SRC-BSEE-0391,,Offshore Fixed Platform,US Gulf of Mexico / OCS,General Industrial / Offshore Operations,,THERMAL,UNKNOWN,UNKNOWN,None reported / Equipment stoppage or minor disruption.,,False,BRONZE,QUARANTINED
EVT-BSEE-0392,INCIDENT,Bureau of Safety and Environmental Enforcement (BSEE),SRC-BSEE-0392,,UNKNOWN,US Gulf of Mexico / OCS,General Industrial / Offshore Operations,,PRESSURE,TRUE,DERIVED,None reported / Equipment stoppage or minor disruption.,,False,BRONZE,QUARANTINED
EVT-BSEE-0393,INCIDENT,Bureau of Safety and Environmental Enforcement (BSEE),SRC-BSEE-0393,,UNKNOWN,US Gulf of Mexico / OCS,Hot Work Operations,,THERMAL,TRUE,DERIVED,None reported / Equipment stoppage or minor disruption.,,False,BRONZE,QUARANTINED
EVT-BSEE-0394,NEAR_MISS,Bureau of Safety and Environmental Enforcement (BSEE),SRC-BSEE-0394,,UNKNOWN,US Gulf of Mexico / OCS,Lifting & Rigging Operations,crane,UNKNOWN,UNKNOWN,UNKNOWN,None reported / Equipment stoppage or minor disruption.,,False,BRONZE,QUARANTINED
EVT-BSEE-0395,NEAR_MISS,Bureau of Safety and Environmental Enforcement (BSEE),SRC-BSEE-0395,,UNKNOWN,US Gulf of Mexico / OCS,Lifting & Rigging Operations,crane,UNKNOWN,UNKNOWN,UNKNOWN,None reported / Equipment stoppage or minor disruption.,,False,BRONZE,QUARANTINED
EVT-BSEE-0396,NEAR_MISS,Bureau of Safety and Environmental Enforcement (BSEE),SRC-BSEE-0396,,UNKNOWN,US Gulf of Mexico / OCS,General Industrial / Offshore Operations,,PRESSURE,UNKNOWN,UNKNOWN,None reported / Equipment stoppage or minor disruption.,,False,BRONZE,QUARANTINED
EVT-BSEE-0397,INCIDENT,Bureau of Safety and Environmental Enforcement (BSEE),SRC-BSEE-0397,,UNKNOWN,US Gulf of Mexico / OCS,General Industrial / Offshore Operations,,UNKNOWN,UNKNOWN,UNKNOWN,None reported / Equipment stoppage or minor disruption.,,False,BRONZE,QUARANTINED
EVT-BSEE-0398,INCIDENT,Bureau of Safety and Environmental Enforcement (BSEE),SRC-BSEE-0398,,UNKNOWN,US Gulf of Mexico / OCS,General Industrial / Offshore Operations,,UNKNOWN,UNKNOWN,UNKNOWN,None reported / Equipment stoppage or minor disruption.,,False,BRONZE,QUARANTINED
EVT-BSEE-0399,INCIDENT,Bureau of Safety and Environmental Enforcement (BSEE),SRC-BSEE-0399,,UNKNOWN,US Gulf of Mexico / OCS,General Industrial / Offshore Operations,compressor,THERMAL,UNKNOWN,UNKNOWN,None reported / Equipment stoppage or minor disruption.,,False,BRONZE,QUARANTINED
EVT-BSEE-0400,NEAR_MISS,Bureau of Safety and Environmental Enforcement (BSEE),SRC-BSEE-0400,,UNKNOWN,US Gulf of Mexico / OCS,Subsea & Diving Operations,,UNKNOWN,UNKNOWN,UNKNOWN,None reported / Equipment stoppage or minor disruption.,,False,BRONZE,QUARANTINED
EVT-BSEE-0401,NEAR_MISS,Bureau of Safety and Environmental Enforcement (BSEE),SRC-BSEE-0401,,UNKNOWN,US Gulf of Mexico / OCS,General Industrial / Offshore Operations,,UNKNOWN,UNKNOWN,UNKNOWN,None reported / Equipment stoppage or minor disruption.,,False,BRONZE,QUARANTINED
EVT-BSEE-0402,INCIDENT,Bureau of Safety and Environmental Enforcement (BSEE),SRC-BSEE-0402,,UNKNOWN,US Gulf of Mexico / OCS,General Industrial / Offshore Operations,,UNKNOWN,TRUE,EXPLICIT,Fatal injury occurred.,Fatal injury,True,BRONZE,QUARANTINED
EVT-BSEE-0403,INCIDENT,Bureau of Safety and Environmental Enforcement (BSEE),SRC-BSEE-0403,,UNKNOWN,US Gulf of Mexico / OCS,General Industrial / Offshore Operations,,THERMAL,UNKNOWN,UNKNOWN,None reported / Equipment stoppage or minor disruption.,,False,BRONZE,QUARANTINED
EVT-BSEE-0404,INCIDENT,Bureau of Safety and Environmental Enforcement (BSEE),SRC-BSEE-0404,,UNKNOWN,US Gulf of Mexico / OCS,General Industrial / Offshore Operations,,THERMAL,UNKNOWN,UNKNOWN,None reported / Equipment stoppage or minor disruption.,,False,BRONZE,QUARANTINED
EVT-BSEE-0405,INCIDENT,Bureau of Safety and Environmental Enforcement (BSEE),SRC-BSEE-0405,,UNKNOWN,US Gulf of Mexico / OCS,General Industrial / Offshore Operations,,THERMAL,UNKNOWN,UNKNOWN,None reported / Equipment stoppage or minor disruption.,,False,BRONZE,QUARANTINED
EVT-BSEE-0406,INCIDENT,Bureau of Safety and Environmental Enforcement (BSEE),SRC-BSEE-0406,,UNKNOWN,US Gulf of Mexico / OCS,General Industrial / Offshore Operations,,THERMAL,UNKNOWN,UNKNOWN,None reported / Equipment stoppage or minor disruption.,,False,BRONZE,QUARANTINED
EVT-BSEE-0407,INCIDENT,Bureau of Safety and Environmental Enforcement (BSEE),SRC-BSEE-0407,,UNKNOWN,US Gulf of Mexico / OCS,General Industrial / Offshore Operations,,THERMAL,UNKNOWN,UNKNOWN,None reported / Equipment stoppage or minor disruption.,,False,BRONZE,QUARANTINED
EVT-BSEE-0408,INCIDENT,Bureau of Safety and Environmental Enforcement (BSEE),SRC-BSEE-0408,,UNKNOWN,US Gulf of Mexico / OCS,General Industrial / Offshore Operations,,PRESSURE,UNKNOWN,UNKNOWN,None reported / Equipment stoppage or minor disruption.,,False,BRONZE,QUARANTINED
EVT-BSEE-0409,INCIDENT,Bureau of Safety and Environmental Enforcement (BSEE),SRC-BSEE-0409,,UNKNOWN,US Gulf of Mexico / OCS,General Industrial / Offshore Operations,,THERMAL,UNKNOWN,UNKNOWN,None reported / Equipment stoppage or minor disruption.,,False,BRONZE,QUARANTINED
EVT-BSEE-0410,INCIDENT,Bureau of Safety and Environmental Enforcement (BSEE),SRC-BSEE-0410,,UNKNOWN,US Gulf of Mexico / OCS,General Industrial / Offshore Operations,,THERMAL,UNKNOWN,UNKNOWN,None reported / Equipment stoppage or minor disruption.,,False,BRONZE,QUARANTINED
EVT-BSEE-0411,INCIDENT,Bureau of Safety and Environmental Enforcement (BSEE),SRC-BSEE-0411,,UNKNOWN,US Gulf of Mexico / OCS,General Industrial / Offshore Operations,,THERMAL,UNKNOWN,UNKNOWN,None reported / Equipment stoppage or minor disruption.,,False,BRONZE,QUARANTINED
EVT-BSEE-0412,INCIDENT,Bureau of Safety and Environmental Enforcement (BSEE),SRC-BSEE-0412,,UNKNOWN,US Gulf of Mexico / OCS,General Industrial / Offshore Operations,,THERMAL,UNKNOWN,UNKNOWN,None reported / Equipment stoppage or minor disruption.,,False,BRONZE,QUARANTINED
EVT-BSEE-0413,NEAR_MISS,Bureau of Safety and Environmental Enforcement (BSEE),SRC-BSEE-0413,,UNKNOWN,US Gulf of Mexico / OCS,General Industrial / Offshore Operations,,PRESSURE,UNKNOWN,UNKNOWN,None reported / Equipment stoppage or minor disruption.,,False,BRONZE,QUARANTINED
EVT-BSEE-0414,NEAR_MISS,Bureau of Safety and Environmental Enforcement (BSEE),SRC-BSEE-0414,,UNKNOWN,US Gulf of Mexico / OCS,Hot Work Operations,,UNKNOWN,UNKNOWN,UNKNOWN,None reported / Equipment stoppage or minor disruption.,,False,BRONZE,QUARANTINED
EVT-BSEE-0415,NEAR_MISS,Bureau of Safety and Environmental Enforcement (BSEE),SRC-BSEE-0415,,UNKNOWN,US Gulf of Mexico / OCS,Lifting & Rigging Operations,crane,UNKNOWN,UNKNOWN,UNKNOWN,None reported / Equipment stoppage or minor disruption.,,False,BRONZE,QUARANTINED
EVT-BSEE-0416,NEAR_MISS,Bureau of Safety and Environmental Enforcement (BSEE),SRC-BSEE-0416,,UNKNOWN,US Gulf of Mexico / OCS,General Industrial / Offshore Operations,,PRESSURE,UNKNOWN,UNKNOWN,None reported / Equipment stoppage or minor disruption.,,False,BRONZE,QUARANTINED
EVT-BSEE-0417,INCIDENT,Bureau of Safety and Environmental Enforcement (BSEE),SRC-BSEE-0417,,UNKNOWN,US Gulf of Mexico / OCS,General Industrial / Offshore Operations,,THERMAL,UNKNOWN,UNKNOWN,None reported / Equipment stoppage or minor disruption.,,False,BRONZE,QUARANTINED
EVT-BSEE-0418,INCIDENT,Bureau of Safety and Environmental Enforcement (BSEE),SRC-BSEE-0418,,UNKNOWN,US Gulf of Mexico / OCS,General Industrial / Offshore Operations,,THERMAL,UNKNOWN,UNKNOWN,None reported / Equipment stoppage or minor disruption.,,False,BRONZE,QUARANTINED
EVT-BSEE-0419,INCIDENT,Bureau of Safety and Environmental Enforcement (BSEE),SRC-BSEE-0419,,UNKNOWN,US Gulf of Mexico / OCS,General Industrial / Offshore Operations,,THERMAL,UNKNOWN,UNKNOWN,None reported / Equipment stoppage or minor disruption.,,False,BRONZE,QUARANTINED
EVT-BSEE-0420,INCIDENT,Bureau of Safety and Environmental Enforcement (BSEE),SRC-BSEE-0420,,UNKNOWN,US Gulf of Mexico / OCS,General Industrial / Offshore Operations,,UNKNOWN,TRUE,EXPLICIT,Fatal injury occurred.,Fatal injury,True,BRONZE,QUARANTINED
EVT-BSEE-0421,INCIDENT,Bureau of Safety and Environmental Enforcement (BSEE),SRC-BSEE-0421,,UNKNOWN,US Gulf of Mexico / OCS,General Industrial / Offshore Operations,,THERMAL,UNKNOWN,UNKNOWN,None reported / Equipment stoppage or minor disruption.,,False,BRONZE,QUARANTINED
EVT-BSEE-0422,INCIDENT,Bureau of Safety and Environmental Enforcement (BSEE),SRC-BSEE-0422,,UNKNOWN,US Gulf of Mexico / OCS,Hot Work Operations,,THERMAL,UNKNOWN,UNKNOWN,None reported / Equipment stoppage or minor disruption.,,False,BRONZE,QUARANTINED
EVT-BSEE-0423,NEAR_MISS,Bureau of Safety and Environmental Enforcement (BSEE),SRC-BSEE-0423,,UNKNOWN,US Gulf of Mexico / OCS,Lifting & Rigging Operations,crane,UNKNOWN,UNKNOWN,UNKNOWN,None reported / Equipment stoppage or minor disruption.,,False,BRONZE,QUARANTINED
EVT-BSEE-0424,INCIDENT,Bureau of Safety and Environmental Enforcement (BSEE),SRC-BSEE-0424,,UNKNOWN,US Gulf of Mexico / OCS,Lifting & Rigging Operations,crane,UNKNOWN,TRUE,EXPLICIT,Fatal injury occurred.,Fatal injury,True,BRONZE,QUARANTINED
EVT-BSEE-0425,NEAR_MISS,Bureau of Safety and Environmental Enforcement (BSEE),SRC-BSEE-0425,,UNKNOWN,US Gulf of Mexico / OCS,General Industrial / Offshore Operations,,PRESSURE,UNKNOWN,UNKNOWN,None reported / Equipment stoppage or minor disruption.,,False,BRONZE,QUARANTINED
EVT-BSEE-0426,INCIDENT,Bureau of Safety and Environmental Enforcement (BSEE),SRC-BSEE-0426,,UNKNOWN,US Gulf of Mexico / OCS,General Industrial / Offshore Operations,,UNKNOWN,UNKNOWN,UNKNOWN,None reported / Equipment stoppage or minor disruption.,,False,BRONZE,QUARANTINED
EVT-BSEE-0427,NEAR_MISS,Bureau of Safety and Environmental Enforcement (BSEE),SRC-BSEE-0427,,UNKNOWN,US Gulf of Mexico / OCS,Piping & Pressure Maintenance,,UNKNOWN,UNKNOWN,UNKNOWN,None reported / Equipment stoppage or minor disruption.,,False,BRONZE,QUARANTINED
EVT-BSEE-0428,INCIDENT,Bureau of Safety and Environmental Enforcement (BSEE),SRC-BSEE-0428,,UNKNOWN,US Gulf of Mexico / OCS,General Industrial / Offshore Operations,,UNKNOWN,TRUE,EXPLICIT,Fatal injury occurred.,Fatal injury,True,BRONZE,QUARANTINED
EVT-BSEE-0429,INCIDENT,Bureau of Safety and Environmental Enforcement (BSEE),SRC-BSEE-0429,,UNKNOWN,US Gulf of Mexico / OCS,General Industrial / Offshore Operations,hose,PRESSURE,TRUE,EXPLICIT,Fatal injury occurred.,Fatal injury,True,BRONZE,QUARANTINED
EVT-BSEE-0430,INCIDENT,Bureau of Safety and Environmental Enforcement (BSEE),SRC-BSEE-0430,,UNKNOWN,US Gulf of Mexico / OCS,General Industrial / Offshore Operations,,PRESSURE,TRUE,DERIVED,Fatal injury occurred.,Fatal injury,True,BRONZE,QUARANTINED
EVT-BSEE-0431,INCIDENT,Bureau of Safety and Environmental Enforcement (BSEE),SRC-BSEE-0431,,UNKNOWN,US Gulf of Mexico / OCS,General Industrial / Offshore Operations,,THERMAL,TRUE,DERIVED,None reported / Equipment stoppage or minor disruption.,,False,BRONZE,QUARANTINED
EVT-BSEE-0432,INCIDENT,Bureau of Safety and Environmental Enforcement (BSEE),SRC-BSEE-0432,,UNKNOWN,US Gulf of Mexico / OCS,General Industrial / Offshore Operations,,UNKNOWN,UNKNOWN,UNKNOWN,None reported / Equipment stoppage or minor disruption.,,False,BRONZE,QUARANTINED
EVT-BSEE-0433,INCIDENT,Bureau of Safety and Environmental Enforcement (BSEE),SRC-BSEE-0433,,UNKNOWN,US Gulf of Mexico / OCS,General Industrial / Offshore Operations,,UNKNOWN,TRUE,EXPLICIT,Fatal injury occurred.,Fatal injury,True,BRONZE,QUARANTINED
EVT-BSEE-0434,NEAR_MISS,Bureau of Safety and Environmental Enforcement (BSEE),SRC-BSEE-0434,,UNKNOWN,US Gulf of Mexico / OCS,General Industrial / Offshore Operations,,UNKNOWN,UNKNOWN,UNKNOWN,None reported / Equipment stoppage or minor disruption.,,False,BRONZE,QUARANTINED
EVT-BSEE-0435,INCIDENT,Bureau of Safety and Environmental Enforcement (BSEE),SRC-BSEE-0435,,UNKNOWN,US Gulf of Mexico / OCS,General Industrial / Offshore Operations,,THERMAL,TRUE,DERIVED,Fatal injury occurred.,Fatal injury,True,BRONZE,QUARANTINED
EVT-BSEE-0436,INCIDENT,Bureau of Safety and Environmental Enforcement (BSEE),SRC-BSEE-0436,,UNKNOWN,US Gulf of Mexico / OCS,General Industrial / Offshore Operations,,UNKNOWN,TRUE,EXPLICIT,Fatal injury occurred.,Fatal injury,True,BRONZE,QUARANTINED
EVT-BSEE-0437,INCIDENT,Bureau of Safety and Environmental Enforcement (BSEE),SRC-BSEE-0437,,UNKNOWN,US Gulf of Mexico / OCS,Piping & Pressure Maintenance,valve,THERMAL,UNKNOWN,UNKNOWN,None reported / Equipment stoppage or minor disruption.,,False,BRONZE,QUARANTINED
EVT-BSEE-0438,INCIDENT,Bureau of Safety and Environmental Enforcement (BSEE),SRC-BSEE-0438,,UNKNOWN,US Gulf of Mexico / OCS,General Industrial / Offshore Operations,compressor,THERMAL,UNKNOWN,UNKNOWN,None reported / Equipment stoppage or minor disruption.,,False,BRONZE,QUARANTINED
EVT-BSEE-0439,NEAR_MISS,Bureau of Safety and Environmental Enforcement (BSEE),SRC-BSEE-0439,,UNKNOWN,US Gulf of Mexico / OCS,General Industrial / Offshore Operations,,PRESSURE,UNKNOWN,UNKNOWN,None reported / Equipment stoppage or minor disruption.,,False,BRONZE,QUARANTINED
EVT-BSEE-0440,INCIDENT,Bureau of Safety and Environmental Enforcement (BSEE),SRC-BSEE-0440,,Offshore Fixed Platform,US Gulf of Mexico / OCS,General Industrial / Offshore Operations,,THERMAL,UNKNOWN,UNKNOWN,None reported / Equipment stoppage or minor disruption.,,False,BRONZE,QUARANTINED
EVT-BSEE-0441,INCIDENT,Bureau of Safety and Environmental Enforcement (BSEE),SRC-BSEE-0441,,UNKNOWN,US Gulf of Mexico / OCS,Lifting & Rigging Operations,crane,UNKNOWN,TRUE,EXPLICIT,Fatal injury occurred.,Fatal injury,True,BRONZE,QUARANTINED
EVT-BSEE-0442,INCIDENT,Bureau of Safety and Environmental Enforcement (BSEE),SRC-BSEE-0442,,UNKNOWN,US Gulf of Mexico / OCS,General Industrial / Offshore Operations,,THERMAL,UNKNOWN,UNKNOWN,None reported / Equipment stoppage or minor disruption.,,False,BRONZE,QUARANTINED
EVT-BSEE-0443,INCIDENT,Bureau of Safety and Environmental Enforcement (BSEE),SRC-BSEE-0443,,UNKNOWN,US Gulf of Mexico / OCS,General Industrial / Offshore Operations,generator,THERMAL,UNKNOWN,UNKNOWN,None reported / Equipment stoppage or minor disruption.,,False,BRONZE,QUARANTINED
EVT-BSEE-0444,INCIDENT,Bureau of Safety and Environmental Enforcement (BSEE),SRC-BSEE-0444,,UNKNOWN,US Gulf of Mexico / OCS,General Industrial / Offshore Operations,,PRESSURE,TRUE,DERIVED,None reported / Equipment stoppage or minor disruption.,,False,BRONZE,QUARANTINED
EVT-BSEE-0445,INCIDENT,Bureau of Safety and Environmental Enforcement (BSEE),SRC-BSEE-0445,,UNKNOWN,US Gulf of Mexico / OCS,General Industrial / Offshore Operations,,UNKNOWN,UNKNOWN,UNKNOWN,Fatal injury occurred.,Fatal injury,True,BRONZE,QUARANTINED
EVT-BSEE-0446,INCIDENT,Bureau of Safety and Environmental Enforcement (BSEE),SRC-BSEE-0446,,UNKNOWN,US Gulf of Mexico / OCS,General Industrial / Offshore Operations,hose,UNKNOWN,UNKNOWN,UNKNOWN,None reported / Equipment stoppage or minor disruption.,,False,BRONZE,QUARANTINED
EVT-BSEE-0447,NEAR_MISS,Bureau of Safety and Environmental Enforcement (BSEE),SRC-BSEE-0447,,UNKNOWN,US Gulf of Mexico / OCS,Drilling & Well Intervention,blowout preventer (BOP),UNKNOWN,UNKNOWN,UNKNOWN,None reported / Equipment stoppage or minor disruption.,,False,BRONZE,QUARANTINED
EVT-BSEE-0448,INCIDENT,Bureau of Safety and Environmental Enforcement (BSEE),SRC-BSEE-0448,,UNKNOWN,US Gulf of Mexico / OCS,General Industrial / Offshore Operations,,THERMAL,UNKNOWN,UNKNOWN,None reported / Equipment stoppage or minor disruption.,,False,BRONZE,QUARANTINED
EVT-BSEE-0449,INCIDENT,Bureau of Safety and Environmental Enforcement (BSEE),SRC-BSEE-0449,,UNKNOWN,US Gulf of Mexico / OCS,General Industrial / Offshore Operations,,THERMAL,UNKNOWN,UNKNOWN,None reported / Equipment stoppage or minor disruption.,,False,BRONZE,QUARANTINED
EVT-BSEE-0450,NEAR_MISS,Bureau of Safety and Environmental Enforcement (BSEE),SRC-BSEE-0450,,UNKNOWN,US Gulf of Mexico / OCS,General Industrial / Offshore Operations,,PRESSURE,UNKNOWN,UNKNOWN,None reported / Equipment stoppage or minor disruption.,,False,BRONZE,QUARANTINED
EVT-BSEE-0451,NEAR_MISS,Bureau of Safety and Environmental Enforcement (BSEE),SRC-BSEE-0451,,Offshore Fixed Platform,US Gulf of Mexico / OCS,General Industrial / Offshore Operations,,PRESSURE,UNKNOWN,UNKNOWN,None reported / Equipment stoppage or minor disruption.,,False,BRONZE,QUARANTINED
EVT-BSEE-0452,INCIDENT,Bureau of Safety and Environmental Enforcement (BSEE),SRC-BSEE-0452,,UNKNOWN,US Gulf of Mexico / OCS,General Industrial / Offshore Operations,,THERMAL,UNKNOWN,UNKNOWN,None reported / Equipment stoppage or minor disruption.,,False,BRONZE,QUARANTINED
EVT-BSEE-0453,INCIDENT,Bureau of Safety and Environmental Enforcement (BSEE),SRC-BSEE-0453,,UNKNOWN,US Gulf of Mexico / OCS,General Industrial / Offshore Operations,,UNKNOWN,TRUE,EXPLICIT,Fatal injury occurred.,Fatal injury,True,BRONZE,QUARANTINED
EVT-BSEE-0454,NEAR_MISS,Bureau of Safety and Environmental Enforcement (BSEE),SRC-BSEE-0454,,UNKNOWN,US Gulf of Mexico / OCS,General Industrial / Offshore Operations,,PRESSURE,UNKNOWN,UNKNOWN,None reported / Equipment stoppage or minor disruption.,,False,BRONZE,QUARANTINED
EVT-BSEE-0455,INCIDENT,Bureau of Safety and Environmental Enforcement (BSEE),SRC-BSEE-0455,,UNKNOWN,US Gulf of Mexico / OCS,Lifting & Rigging Operations,crane,UNKNOWN,TRUE,EXPLICIT,Fatal injury occurred.,Fatal injury,True,BRONZE,QUARANTINED
EVT-BSEE-0456,NEAR_MISS,Bureau of Safety and Environmental Enforcement (BSEE),SRC-BSEE-0456,,UNKNOWN,US Gulf of Mexico / OCS,General Industrial / Offshore Operations,,UNKNOWN,UNKNOWN,UNKNOWN,None reported / Equipment stoppage or minor disruption.,,False,BRONZE,QUARANTINED
EVT-BSEE-0457,INCIDENT,Bureau of Safety and Environmental Enforcement (BSEE),SRC-BSEE-0457,,UNKNOWN,US Gulf of Mexico / OCS,General Industrial / Offshore Operations,hose,UNKNOWN,UNKNOWN,UNKNOWN,None reported / Equipment stoppage or minor disruption.,,False,BRONZE,QUARANTINED
EVT-BSEE-0458,INCIDENT,Bureau of Safety and Environmental Enforcement (BSEE),SRC-BSEE-0458,,UNKNOWN,US Gulf of Mexico / OCS,General Industrial / Offshore Operations,,THERMAL,TRUE,DERIVED,None reported / Equipment stoppage or minor disruption.,,False,BRONZE,QUARANTINED
EVT-BSEE-0459,INCIDENT,Bureau of Safety and Environmental Enforcement (BSEE),SRC-BSEE-0459,,UNKNOWN,US Gulf of Mexico / OCS,General Industrial / Offshore Operations,,THERMAL,UNKNOWN,UNKNOWN,None reported / Equipment stoppage or minor disruption.,,False,BRONZE,QUARANTINED
EVT-BSEE-0460,INCIDENT,Bureau of Safety and Environmental Enforcement (BSEE),SRC-BSEE-0460,,UNKNOWN,US Gulf of Mexico / OCS,General Industrial / Offshore Operations,,THERMAL,TRUE,DERIVED,None reported / Equipment stoppage or minor disruption.,,False,BRONZE,QUARANTINED
EVT-BSEE-0461,INCIDENT,Bureau of Safety and Environmental Enforcement (BSEE),SRC-BSEE-0461,,UNKNOWN,US Gulf of Mexico / OCS,General Industrial / Offshore Operations,compressor,THERMAL,UNKNOWN,UNKNOWN,None reported / Equipment stoppage or minor disruption.,,False,BRONZE,QUARANTINED
EVT-BSEE-0462,INCIDENT,Bureau of Safety and Environmental Enforcement (BSEE),SRC-BSEE-0462,,UNKNOWN,US Gulf of Mexico / OCS,General Industrial / Offshore Operations,,UNKNOWN,TRUE,EXPLICIT,Fatal injury occurred.,Fatal injury,True,BRONZE,QUARANTINED
EVT-BSEE-0464,INCIDENT,Bureau of Safety and Environmental Enforcement (BSEE),SRC-BSEE-0464,,UNKNOWN,US Gulf of Mexico / OCS,Lifting & Rigging Operations,crane,UNKNOWN,TRUE,EXPLICIT,Fatal injury occurred.,Fatal injury,True,BRONZE,QUARANTINED
EVT-BSEE-0465,INCIDENT,Bureau of Safety and Environmental Enforcement (BSEE),SRC-BSEE-0465,,UNKNOWN,US Gulf of Mexico / OCS,General Industrial / Offshore Operations,,THERMAL,UNKNOWN,UNKNOWN,None reported / Equipment stoppage or minor disruption.,,False,BRONZE,QUARANTINED
EVT-BSEE-0466,NEAR_MISS,Bureau of Safety and Environmental Enforcement (BSEE),SRC-BSEE-0466,,UNKNOWN,US Gulf of Mexico / OCS,General Industrial / Offshore Operations,,UNKNOWN,UNKNOWN,UNKNOWN,None reported / Equipment stoppage or minor disruption.,,False,BRONZE,QUARANTINED
EVT-BSEE-0467,INCIDENT,Bureau of Safety and Environmental Enforcement (BSEE),SRC-BSEE-0467,,UNKNOWN,US Gulf of Mexico / OCS,Hot Work Operations,,THERMAL,UNKNOWN,UNKNOWN,None reported / Equipment stoppage or minor disruption.,,False,BRONZE,QUARANTINED
EVT-BSEE-0468,NEAR_MISS,Bureau of Safety and Environmental Enforcement (BSEE),SRC-BSEE-0468,,UNKNOWN,US Gulf of Mexico / OCS,General Industrial / Offshore Operations,,UNKNOWN,UNKNOWN,UNKNOWN,None reported / Equipment stoppage or minor disruption.,,False,BRONZE,QUARANTINED
EVT-BSEE-0469,INCIDENT,Bureau of Safety and Environmental Enforcement (BSEE),SRC-BSEE-0469,,UNKNOWN,US Gulf of Mexico / OCS,General Industrial / Offshore Operations,compressor,THERMAL,UNKNOWN,UNKNOWN,None reported / Equipment stoppage or minor disruption.,,False,BRONZE,QUARANTINED
EVT-BSEE-0470,INCIDENT,Bureau of Safety and Environmental Enforcement (BSEE),SRC-BSEE-0470,,UNKNOWN,US Gulf of Mexico / OCS,General Industrial / Offshore Operations,hose,PRESSURE,UNKNOWN,UNKNOWN,None reported / Equipment stoppage or minor disruption.,,False,BRONZE,QUARANTINED
EVT-BSEE-0471,INCIDENT,Bureau of Safety and Environmental Enforcement (BSEE),SRC-BSEE-0471,,UNKNOWN,US Gulf of Mexico / OCS,General Industrial / Offshore Operations,falling object,GRAVITATIONAL,TRUE,EXPLICIT,Fatal injury occurred.,Fatal injury,True,BRONZE,QUARANTINED
EVT-BSEE-0472,NEAR_MISS,Bureau of Safety and Environmental Enforcement (BSEE),SRC-BSEE-0472,,Offshore Fixed Platform,US Gulf of Mexico / OCS,Drilling & Well Intervention,,UNKNOWN,UNKNOWN,UNKNOWN,None reported / Equipment stoppage or minor disruption.,,False,BRONZE,QUARANTINED
EVT-BSEE-0473,INCIDENT,Bureau of Safety and Environmental Enforcement (BSEE),SRC-BSEE-0473,,UNKNOWN,US Gulf of Mexico / OCS,General Industrial / Offshore Operations,,THERMAL,TRUE,DERIVED,None reported / Equipment stoppage or minor disruption.,,False,BRONZE,QUARANTINED
EVT-BSEE-0474,NEAR_MISS,Bureau of Safety and Environmental Enforcement (BSEE),SRC-BSEE-0474,,UNKNOWN,US Gulf of Mexico / OCS,General Industrial / Offshore Operations,,UNKNOWN,UNKNOWN,UNKNOWN,None reported / Equipment stoppage or minor disruption.,,False,BRONZE,QUARANTINED
EVT-BSEE-0475,INCIDENT,Bureau of Safety and Environmental Enforcement (BSEE),SRC-BSEE-0475,,UNKNOWN,US Gulf of Mexico / OCS,General Industrial / Offshore Operations,,UNKNOWN,UNKNOWN,UNKNOWN,None reported / Equipment stoppage or minor disruption.,,False,BRONZE,QUARANTINED
EVT-BSEE-0476,NEAR_MISS,Bureau of Safety and Environmental Enforcement (BSEE),SRC-BSEE-0476,,UNKNOWN,US Gulf of Mexico / OCS,General Industrial / Offshore Operations,,UNKNOWN,UNKNOWN,UNKNOWN,None reported / Equipment stoppage or minor disruption.,,False,BRONZE,QUARANTINED
EVT-BSEE-0477,INCIDENT,Bureau of Safety and Environmental Enforcement (BSEE),SRC-BSEE-0477,,UNKNOWN,US Gulf of Mexico / OCS,General Industrial / Offshore Operations,,THERMAL,TRUE,DERIVED,None reported / Equipment stoppage or minor disruption.,,False,BRONZE,QUARANTINED
EVT-BSEE-0478,NEAR_MISS,Bureau of Safety and Environmental Enforcement (BSEE),SRC-BSEE-0478,,Offshore Fixed Platform,US Gulf of Mexico / OCS,Drilling & Well Intervention,,UNKNOWN,UNKNOWN,UNKNOWN,None reported / Equipment stoppage or minor disruption.,,False,BRONZE,QUARANTINED
EVT-BSEE-0479,INCIDENT,Bureau of Safety and Environmental Enforcement (BSEE),SRC-BSEE-0479,,UNKNOWN,US Gulf of Mexico / OCS,General Industrial / Offshore Operations,falling object,GRAVITATIONAL,TRUE,EXPLICIT,Fatal injury occurred.,Fatal injury,True,BRONZE,QUARANTINED
EVT-BSEE-0480,NEAR_MISS,Bureau of Safety and Environmental Enforcement (BSEE),SRC-BSEE-0480,,UNKNOWN,US Gulf of Mexico / OCS,General Industrial / Offshore Operations,,UNKNOWN,UNKNOWN,UNKNOWN,None reported / Equipment stoppage or minor disruption.,,False,BRONZE,QUARANTINED
EVT-BSEE-0481,INCIDENT,Bureau of Safety and Environmental Enforcement (BSEE),SRC-BSEE-0481,,UNKNOWN,US Gulf of Mexico / OCS,General Industrial / Offshore Operations,,THERMAL,UNKNOWN,UNKNOWN,None reported / Equipment stoppage or minor disruption.,,False,BRONZE,QUARANTINED
EVT-BSEE-0482,NEAR_MISS,Bureau of Safety and Environmental Enforcement (BSEE),SRC-BSEE-0482,,Offshore Fixed Platform,US Gulf of Mexico / OCS,Drilling & Well Intervention,,UNKNOWN,UNKNOWN,UNKNOWN,None reported / Equipment stoppage or minor disruption.,,False,BRONZE,UNLABELED
EVT-BSEE-0483,INCIDENT,Bureau of Safety and Environmental Enforcement (BSEE),SRC-BSEE-0483,,UNKNOWN,US Gulf of Mexico / OCS,Drilling & Well Intervention,drill pipe / tubular,UNKNOWN,UNKNOWN,UNKNOWN,None reported / Equipment stoppage or minor disruption.,,False,BRONZE,QUARANTINED
EVT-BSEE-0484,NEAR_MISS,Bureau of Safety and Environmental Enforcement (BSEE),SRC-BSEE-0484,,Offshore Fixed Platform,US Gulf of Mexico / OCS,General Industrial / Offshore Operations,,UNKNOWN,UNKNOWN,UNKNOWN,None reported / Equipment stoppage or minor disruption.,,False,BRONZE,QUARANTINED
EVT-BSEE-0485,INCIDENT,Bureau of Safety and Environmental Enforcement (BSEE),SRC-BSEE-0485,,UNKNOWN,US Gulf of Mexico / OCS,General Industrial / Offshore Operations,,UNKNOWN,TRUE,EXPLICIT,Fatal injury occurred.,Fatal injury,True,BRONZE,QUARANTINED
EVT-BSEE-0486,NEAR_MISS,Bureau of Safety and Environmental Enforcement (BSEE),SRC-BSEE-0486,,Offshore Fixed Platform,US Gulf of Mexico / OCS,General Industrial / Offshore Operations,,UNKNOWN,UNKNOWN,UNKNOWN,None reported / Equipment stoppage or minor disruption.,,False,BRONZE,QUARANTINED
EVT-BSEE-0487,NEAR_MISS,Bureau of Safety and Environmental Enforcement (BSEE),SRC-BSEE-0487,,UNKNOWN,US Gulf of Mexico / OCS,General Industrial / Offshore Operations,,PRESSURE,UNKNOWN,UNKNOWN,None reported / Equipment stoppage or minor disruption.,,False,BRONZE,QUARANTINED
EVT-BSEE-0488,NEAR_MISS,Bureau of Safety and Environmental Enforcement (BSEE),SRC-BSEE-0488,,UNKNOWN,US Gulf of Mexico / OCS,Drilling & Well Intervention,,UNKNOWN,UNKNOWN,UNKNOWN,None reported / Equipment stoppage or minor disruption.,,False,BRONZE,QUARANTINED
EVT-BSEE-0489,INCIDENT,Bureau of Safety and Environmental Enforcement (BSEE),SRC-BSEE-0489,,UNKNOWN,US Gulf of Mexico / OCS,Piping & Pressure Maintenance,pump,PRESSURE,TRUE,DERIVED,None reported / Equipment stoppage or minor disruption.,,False,BRONZE,QUARANTINED
EVT-BSEE-0490,NEAR_MISS,Bureau of Safety and Environmental Enforcement (BSEE),SRC-BSEE-0490,,UNKNOWN,US Gulf of Mexico / OCS,General Industrial / Offshore Operations,,UNKNOWN,UNKNOWN,UNKNOWN,None reported / Equipment stoppage or minor disruption.,,False,BRONZE,QUARANTINED
EVT-BSEE-0491,NEAR_MISS,Bureau of Safety and Environmental Enforcement (BSEE),SRC-BSEE-0491,,UNKNOWN,US Gulf of Mexico / OCS,Piping & Pressure Maintenance,pump,PRESSURE,UNKNOWN,UNKNOWN,None reported / Equipment stoppage or minor disruption.,,False,BRONZE,QUARANTINED
EVT-BSEE-0492,INCIDENT,Bureau of Safety and Environmental Enforcement (BSEE),SRC-BSEE-0492,,UNKNOWN,US Gulf of Mexico / OCS,General Industrial / Offshore Operations,,UNKNOWN,TRUE,EXPLICIT,Fatal injury occurred.,Fatal injury,True,BRONZE,QUARANTINED
EVT-BSEE-0493,NEAR_MISS,Bureau of Safety and Environmental Enforcement (BSEE),SRC-BSEE-0493,,UNKNOWN,US Gulf of Mexico / OCS,Drilling & Well Intervention,,UNKNOWN,UNKNOWN,UNKNOWN,None reported / Equipment stoppage or minor disruption.,,False,BRONZE,QUARANTINED
EVT-BSEE-0494,INCIDENT,Bureau of Safety and Environmental Enforcement (BSEE),SRC-BSEE-0494,,UNKNOWN,US Gulf of Mexico / OCS,General Industrial / Offshore Operations,,UNKNOWN,UNKNOWN,UNKNOWN,None reported / Equipment stoppage or minor disruption.,,False,BRONZE,QUARANTINED
EVT-BSEE-0495,NEAR_MISS,Bureau of Safety and Environmental Enforcement (BSEE),SRC-BSEE-0495,,Offshore Fixed Platform,US Gulf of Mexico / OCS,General Industrial / Offshore Operations,,UNKNOWN,UNKNOWN,UNKNOWN,None reported / Equipment stoppage or minor disruption.,,False,BRONZE,QUARANTINED
EVT-BSEE-0496,INCIDENT,Bureau of Safety and Environmental Enforcement (BSEE),SRC-BSEE-0496,,UNKNOWN,US Gulf of Mexico / OCS,Piping & Pressure Maintenance,hose,PRESSURE,UNKNOWN,UNKNOWN,None reported / Equipment stoppage or minor disruption.,,False,BRONZE,QUARANTINED
EVT-BSEE-0497,NEAR_MISS,Bureau of Safety and Environmental Enforcement (BSEE),SRC-BSEE-0497,,Offshore Fixed Platform,US Gulf of Mexico / OCS,Drilling & Well Intervention,,UNKNOWN,UNKNOWN,UNKNOWN,None reported / Equipment stoppage or minor disruption.,,False,BRONZE,QUARANTINED
EVT-BSEE-0498,INCIDENT,Bureau of Safety and Environmental Enforcement (BSEE),SRC-BSEE-0498,,UNKNOWN,US Gulf of Mexico / OCS,General Industrial / Offshore Operations,,UNKNOWN,TRUE,EXPLICIT,Fatal injury occurred.,Fatal injury,True,BRONZE,QUARANTINED
EVT-BSEE-0499,NEAR_MISS,Bureau of Safety and Environmental Enforcement (BSEE),SRC-BSEE-0499,,Offshore Fixed Platform,US Gulf of Mexico / OCS,Drilling & Well Intervention,,UNKNOWN,UNKNOWN,UNKNOWN,None reported / Equipment stoppage or minor disruption.,,False,BRONZE,QUARANTINED
EVT-BSEE-0500,INCIDENT,Bureau of Safety and Environmental Enforcement (BSEE),SRC-BSEE-0500,,UNKNOWN,US Gulf of Mexico / OCS,General Industrial / Offshore Operations,,UNKNOWN,UNKNOWN,UNKNOWN,None reported / Equipment stoppage or minor disruption.,,False,BRONZE,QUARANTINED
EVT-BSEE-0501,NEAR_MISS,Bureau of Safety and Environmental Enforcement (BSEE),SRC-BSEE-0501,,Offshore Fixed Platform,US Gulf of Mexico / OCS,Hot Work Operations,,UNKNOWN,UNKNOWN,UNKNOWN,None reported / Equipment stoppage or minor disruption.,,False,BRONZE,QUARANTINED
EVT-BSEE-0502,INCIDENT,Bureau of Safety and Environmental Enforcement (BSEE),SRC-BSEE-0502,,UNKNOWN,US Gulf of Mexico / OCS,General Industrial / Offshore Operations,,UNKNOWN,TRUE,EXPLICIT,Fatal injury occurred.,Fatal injury,True,BRONZE,QUARANTINED
EVT-BSEE-0503,NEAR_MISS,Bureau of Safety and Environmental Enforcement (BSEE),SRC-BSEE-0503,,Offshore Fixed Platform,US Gulf of Mexico / OCS,Hot Work Operations,,UNKNOWN,UNKNOWN,UNKNOWN,None reported / Equipment stoppage or minor disruption.,,False,BRONZE,QUARANTINED
EVT-BSEE-0504,INCIDENT,Bureau of Safety and Environmental Enforcement (BSEE),SRC-BSEE-0504,,UNKNOWN,US Gulf of Mexico / OCS,General Industrial / Offshore Operations,,THERMAL,UNKNOWN,UNKNOWN,None reported / Equipment stoppage or minor disruption.,,False,BRONZE,QUARANTINED
EVT-BSEE-0505,NEAR_MISS,Bureau of Safety and Environmental Enforcement (BSEE),SRC-BSEE-0505,,Offshore Fixed Platform,US Gulf of Mexico / OCS,Drilling & Well Intervention,,UNKNOWN,UNKNOWN,UNKNOWN,None reported / Equipment stoppage or minor disruption.,,False,BRONZE,QUARANTINED
EVT-BSEE-0506,INCIDENT,Bureau of Safety and Environmental Enforcement (BSEE),SRC-BSEE-0506,,UNKNOWN,US Gulf of Mexico / OCS,General Industrial / Offshore Operations,,THERMAL,UNKNOWN,UNKNOWN,None reported / Equipment stoppage or minor disruption.,,False,BRONZE,QUARANTINED
EVT-BSEE-0507,NEAR_MISS,Bureau of Safety and Environmental Enforcement (BSEE),SRC-BSEE-0507,,UNKNOWN,US Gulf of Mexico / OCS,General Industrial / Offshore Operations,,UNKNOWN,UNKNOWN,UNKNOWN,None reported / Equipment stoppage or minor disruption.,,False,BRONZE,QUARANTINED
EVT-BSEE-0508,INCIDENT,Bureau of Safety and Environmental Enforcement (BSEE),SRC-BSEE-0508,,UNKNOWN,US Gulf of Mexico / OCS,General Industrial / Offshore Operations,,THERMAL,TRUE,DERIVED,None reported / Equipment stoppage or minor disruption.,,False,BRONZE,QUARANTINED
EVT-BSEE-0509,NEAR_MISS,Bureau of Safety and Environmental Enforcement (BSEE),SRC-BSEE-0509,,UNKNOWN,US Gulf of Mexico / OCS,Drilling & Well Intervention,,UNKNOWN,UNKNOWN,UNKNOWN,None reported / Equipment stoppage or minor disruption.,,False,BRONZE,QUARANTINED
EVT-BSEE-0510,NEAR_MISS,Bureau of Safety and Environmental Enforcement (BSEE),SRC-BSEE-0510,,Offshore Fixed Platform,US Gulf of Mexico / OCS,General Industrial / Offshore Operations,,UNKNOWN,UNKNOWN,UNKNOWN,None reported / Equipment stoppage or minor disruption.,,False,BRONZE,QUARANTINED
EVT-BSEE-0511,INCIDENT,Bureau of Safety and Environmental Enforcement (BSEE),SRC-BSEE-0511,,UNKNOWN,US Gulf of Mexico / OCS,General Industrial / Offshore Operations,,UNKNOWN,UNKNOWN,UNKNOWN,None reported / Equipment stoppage or minor disruption.,,False,BRONZE,QUARANTINED
EVT-BSEE-0512,NEAR_MISS,Bureau of Safety and Environmental Enforcement (BSEE),SRC-BSEE-0512,,Offshore Fixed Platform,US Gulf of Mexico / OCS,General Industrial / Offshore Operations,,UNKNOWN,UNKNOWN,UNKNOWN,None reported / Equipment stoppage or minor disruption.,,False,BRONZE,QUARANTINED
EVT-BSEE-0513,INCIDENT,Bureau of Safety and Environmental Enforcement (BSEE),SRC-BSEE-0513,,UNKNOWN,US Gulf of Mexico / OCS,General Industrial / Offshore Operations,generator,THERMAL,UNKNOWN,UNKNOWN,None reported / Equipment stoppage or minor disruption.,,False,BRONZE,QUARANTINED
EVT-BSEE-0514,NEAR_MISS,Bureau of Safety and Environmental Enforcement (BSEE),SRC-BSEE-0514,,Offshore Fixed Platform,US Gulf of Mexico / OCS,Drilling & Well Intervention,,UNKNOWN,UNKNOWN,UNKNOWN,None reported / Equipment stoppage or minor disruption.,,False,BRONZE,QUARANTINED
EVT-BSEE-0515,NEAR_MISS,Bureau of Safety and Environmental Enforcement (BSEE),SRC-BSEE-0515,,Offshore Fixed Platform,US Gulf of Mexico / OCS,General Industrial / Offshore Operations,,UNKNOWN,UNKNOWN,UNKNOWN,None reported / Equipment stoppage or minor disruption.,,False,BRONZE,QUARANTINED
EVT-BSEE-0516,NEAR_MISS,Bureau of Safety and Environmental Enforcement (BSEE),SRC-BSEE-0516,,UNKNOWN,US Gulf of Mexico / OCS,General Industrial / Offshore Operations,,UNKNOWN,UNKNOWN,UNKNOWN,None reported / Equipment stoppage or minor disruption.,,False,BRONZE,QUARANTINED
EVT-BSEE-0517,NEAR_MISS,Bureau of Safety and Environmental Enforcement (BSEE),SRC-BSEE-0517,,UNKNOWN,US Gulf of Mexico / OCS,Hot Work Operations,,UNKNOWN,UNKNOWN,UNKNOWN,None reported / Equipment stoppage or minor disruption.,,False,BRONZE,QUARANTINED
EVT-BSEE-0518,NEAR_MISS,Bureau of Safety and Environmental Enforcement (BSEE),SRC-BSEE-0518,,UNKNOWN,US Gulf of Mexico / OCS,General Industrial / Offshore Operations,,UNKNOWN,UNKNOWN,UNKNOWN,None reported / Equipment stoppage or minor disruption.,,False,BRONZE,QUARANTINED
EVT-BSEE-0519,NEAR_MISS,Bureau of Safety and Environmental Enforcement (BSEE),SRC-BSEE-0519,,UNKNOWN,US Gulf of Mexico / OCS,General Industrial / Offshore Operations,generator,UNKNOWN,UNKNOWN,UNKNOWN,None reported / Equipment stoppage or minor disruption.,,False,BRONZE,QUARANTINED
EVT-BSEE-0520,NEAR_MISS,Bureau of Safety and Environmental Enforcement (BSEE),SRC-BSEE-0520,,Offshore Fixed Platform,US Gulf of Mexico / OCS,General Industrial / Offshore Operations,,UNKNOWN,UNKNOWN,UNKNOWN,None reported / Equipment stoppage or minor disruption.,,False,BRONZE,QUARANTINED
EVT-BSEE-0521,INCIDENT,Bureau of Safety and Environmental Enforcement (BSEE),SRC-BSEE-0521,,UNKNOWN,US Gulf of Mexico / OCS,General Industrial / Offshore Operations,,UNKNOWN,TRUE,EXPLICIT,Fatal injury occurred.,Fatal injury,True,BRONZE,QUARANTINED
EVT-BSEE-0522,NEAR_MISS,Bureau of Safety and Environmental Enforcement (BSEE),SRC-BSEE-0522,,UNKNOWN,US Gulf of Mexico / OCS,Drilling & Well Intervention,,UNKNOWN,UNKNOWN,UNKNOWN,None reported / Equipment stoppage or minor disruption.,,False,BRONZE,QUARANTINED
EVT-BSEE-0523,INCIDENT,Bureau of Safety and Environmental Enforcement (BSEE),SRC-BSEE-0523,,UNKNOWN,US Gulf of Mexico / OCS,General Industrial / Offshore Operations,,UNKNOWN,TRUE,EXPLICIT,Fatal injury occurred.,Fatal injury,True,BRONZE,QUARANTINED
EVT-BSEE-0524,NEAR_MISS,Bureau of Safety and Environmental Enforcement (BSEE),SRC-BSEE-0524,,UNKNOWN,US Gulf of Mexico / OCS,General Industrial / Offshore Operations,,UNKNOWN,UNKNOWN,UNKNOWN,None reported / Equipment stoppage or minor disruption.,,False,BRONZE,QUARANTINED
EVT-BSEE-0525,NEAR_MISS,Bureau of Safety and Environmental Enforcement (BSEE),SRC-BSEE-0525,,UNKNOWN,US Gulf of Mexico / OCS,General Industrial / Offshore Operations,,PRESSURE,UNKNOWN,UNKNOWN,None reported / Equipment stoppage or minor disruption.,,False,BRONZE,QUARANTINED
EVT-BSEE-0526,NEAR_MISS,Bureau of Safety and Environmental Enforcement (BSEE),SRC-BSEE-0526,,Offshore Fixed Platform,US Gulf of Mexico / OCS,General Industrial / Offshore Operations,,UNKNOWN,UNKNOWN,UNKNOWN,None reported / Equipment stoppage or minor disruption.,,False,BRONZE,QUARANTINED
EVT-BSEE-0527,INCIDENT,Bureau of Safety and Environmental Enforcement (BSEE),SRC-BSEE-0527,,UNKNOWN,US Gulf of Mexico / OCS,General Industrial / Offshore Operations,,THERMAL,TRUE,DERIVED,None reported / Equipment stoppage or minor disruption.,,False,BRONZE,QUARANTINED
EVT-BSEE-0528,NEAR_MISS,Bureau of Safety and Environmental Enforcement (BSEE),SRC-BSEE-0528,,Offshore Fixed Platform,US Gulf of Mexico / OCS,General Industrial / Offshore Operations,,UNKNOWN,UNKNOWN,UNKNOWN,None reported / Equipment stoppage or minor disruption.,,False,BRONZE,QUARANTINED
EVT-BSEE-0529,INCIDENT,Bureau of Safety and Environmental Enforcement (BSEE),SRC-BSEE-0529,,UNKNOWN,US Gulf of Mexico / OCS,General Industrial / Offshore Operations,,THERMAL,TRUE,DERIVED,None reported / Equipment stoppage or minor disruption.,,False,BRONZE,QUARANTINED
EVT-BSEE-0530,UC,Bureau of Safety and Environmental Enforcement (BSEE),SRC-BSEE-0530,,UNKNOWN,US Gulf of Mexico / OCS,Hot Work Operations,h2s,CHEMICAL,UNKNOWN,UNKNOWN,None reported / Equipment stoppage or minor disruption.,,False,BRONZE,QUARANTINED
EVT-BSEE-0532,NEAR_MISS,Bureau of Safety and Environmental Enforcement (BSEE),SRC-BSEE-0532,,Offshore Fixed Platform,US Gulf of Mexico / OCS,General Industrial / Offshore Operations,,UNKNOWN,UNKNOWN,UNKNOWN,None reported / Equipment stoppage or minor disruption.,,False,BRONZE,QUARANTINED
EVT-BSEE-0533,NEAR_MISS,Bureau of Safety and Environmental Enforcement (BSEE),SRC-BSEE-0533,,UNKNOWN,US Gulf of Mexico / OCS,Subsea & Diving Operations,,PRESSURE,UNKNOWN,UNKNOWN,None reported / Equipment stoppage or minor disruption.,,False,BRONZE,QUARANTINED
EVT-BSEE-0534,INCIDENT,Bureau of Safety and Environmental Enforcement (BSEE),SRC-BSEE-0534,,UNKNOWN,US Gulf of Mexico / OCS,General Industrial / Offshore Operations,,UNKNOWN,TRUE,EXPLICIT,Fatal injury occurred.,Fatal injury,True,BRONZE,QUARANTINED
EVT-BSEE-0535,NEAR_MISS,Bureau of Safety and Environmental Enforcement (BSEE),SRC-BSEE-0535,,UNKNOWN,US Gulf of Mexico / OCS,General Industrial / Offshore Operations,,UNKNOWN,UNKNOWN,UNKNOWN,None reported / Equipment stoppage or minor disruption.,,False,BRONZE,QUARANTINED
EVT-BSEE-0536,INCIDENT,Bureau of Safety and Environmental Enforcement (BSEE),SRC-BSEE-0536,,UNKNOWN,US Gulf of Mexico / OCS,Lifting & Rigging Operations,crane,UNKNOWN,TRUE,EXPLICIT,Fatal injury occurred.,Fatal injury,True,BRONZE,QUARANTINED
EVT-BSEE-0537,NEAR_MISS,Bureau of Safety and Environmental Enforcement (BSEE),SRC-BSEE-0537,,UNKNOWN,US Gulf of Mexico / OCS,Marine & Vessel Operations,,UNKNOWN,UNKNOWN,UNKNOWN,None reported / Equipment stoppage or minor disruption.,,False,BRONZE,QUARANTINED
EVT-BSEE-0538,NEAR_MISS,Bureau of Safety and Environmental Enforcement (BSEE),SRC-BSEE-0538,,UNKNOWN,US Gulf of Mexico / OCS,General Industrial / Offshore Operations,pump,UNKNOWN,UNKNOWN,UNKNOWN,None reported / Equipment stoppage or minor disruption.,,False,BRONZE,QUARANTINED
EVT-BSEE-0540,INCIDENT,Bureau of Safety and Environmental Enforcement (BSEE),SRC-BSEE-0540,,UNKNOWN,US Gulf of Mexico / OCS,General Industrial / Offshore Operations,,UNKNOWN,UNKNOWN,UNKNOWN,None reported / Equipment stoppage or minor disruption.,,False,BRONZE,QUARANTINED
EVT-BSEE-0541,NEAR_MISS,Bureau of Safety and Environmental Enforcement (BSEE),SRC-BSEE-0541,,UNKNOWN,US Gulf of Mexico / OCS,Drilling & Well Intervention,,UNKNOWN,UNKNOWN,UNKNOWN,None reported / Equipment stoppage or minor disruption.,,False,BRONZE,QUARANTINED
EVT-BSEE-0542,NEAR_MISS,Bureau of Safety and Environmental Enforcement (BSEE),SRC-BSEE-0542,,UNKNOWN,US Gulf of Mexico / OCS,General Industrial / Offshore Operations,,UNKNOWN,UNKNOWN,UNKNOWN,None reported / Equipment stoppage or minor disruption.,,False,BRONZE,QUARANTINED
EVT-BSEE-0543,NEAR_MISS,Bureau of Safety and Environmental Enforcement (BSEE),SRC-BSEE-0543,,UNKNOWN,US Gulf of Mexico / OCS,General Industrial / Offshore Operations,,UNKNOWN,UNKNOWN,UNKNOWN,None reported / Equipment stoppage or minor disruption.,,False,BRONZE,QUARANTINED
EVT-BSEE-0544,NEAR_MISS,Bureau of Safety and Environmental Enforcement (BSEE),SRC-BSEE-0544,,UNKNOWN,US Gulf of Mexico / OCS,General Industrial / Offshore Operations,,ELECTRICAL,UNKNOWN,UNKNOWN,None reported / Equipment stoppage or minor disruption.,,False,BRONZE,QUARANTINED
EVT-BSEE-0545,INCIDENT,Bureau of Safety and Environmental Enforcement (BSEE),SRC-BSEE-0545,,UNKNOWN,US Gulf of Mexico / OCS,General Industrial / Offshore Operations,,THERMAL,TRUE,DERIVED,None reported / Equipment stoppage or minor disruption.,,False,BRONZE,QUARANTINED
EVT-BSEE-0546,NEAR_MISS,Bureau of Safety and Environmental Enforcement (BSEE),SRC-BSEE-0546,,Offshore Fixed Platform,US Gulf of Mexico / OCS,General Industrial / Offshore Operations,,UNKNOWN,UNKNOWN,UNKNOWN,None reported / Equipment stoppage or minor disruption.,,False,BRONZE,QUARANTINED
EVT-BSEE-0547,NEAR_MISS,Bureau of Safety and Environmental Enforcement (BSEE),SRC-BSEE-0547,,UNKNOWN,US Gulf of Mexico / OCS,General Industrial / Offshore Operations,,PRESSURE,UNKNOWN,UNKNOWN,None reported / Equipment stoppage or minor disruption.,,False,BRONZE,QUARANTINED
EVT-BSEE-0549,INCIDENT,Bureau of Safety and Environmental Enforcement (BSEE),SRC-BSEE-0549,,UNKNOWN,US Gulf of Mexico / OCS,General Industrial / Offshore Operations,,UNKNOWN,TRUE,EXPLICIT,Fatal injury occurred.,Fatal injury,True,BRONZE,QUARANTINED
EVT-BSEE-0550,NEAR_MISS,Bureau of Safety and Environmental Enforcement (BSEE),SRC-BSEE-0550,,UNKNOWN,US Gulf of Mexico / OCS,General Industrial / Offshore Operations,,UNKNOWN,UNKNOWN,UNKNOWN,None reported / Equipment stoppage or minor disruption.,,False,BRONZE,QUARANTINED
EVT-BSEE-0551,NEAR_MISS,Bureau of Safety and Environmental Enforcement (BSEE),SRC-BSEE-0551,,UNKNOWN,US Gulf of Mexico / OCS,General Industrial / Offshore Operations,,ELECTRICAL,UNKNOWN,UNKNOWN,None reported / Equipment stoppage or minor disruption.,,False,BRONZE,QUARANTINED
EVT-BSEE-0552,INCIDENT,Bureau of Safety and Environmental Enforcement (BSEE),SRC-BSEE-0552,,UNKNOWN,US Gulf of Mexico / OCS,General Industrial / Offshore Operations,,UNKNOWN,TRUE,EXPLICIT,Fatal injury occurred.,Fatal injury,True,BRONZE,QUARANTINED
EVT-BSEE-0553,NEAR_MISS,Bureau of Safety and Environmental Enforcement (BSEE),SRC-BSEE-0553,,UNKNOWN,US Gulf of Mexico / OCS,General Industrial / Offshore Operations,,UNKNOWN,UNKNOWN,UNKNOWN,None reported / Equipment stoppage or minor disruption.,,False,BRONZE,QUARANTINED
EVT-BSEE-0554,NEAR_MISS,Bureau of Safety and Environmental Enforcement (BSEE),SRC-BSEE-0554,,UNKNOWN,US Gulf of Mexico / OCS,General Industrial / Offshore Operations,,UNKNOWN,UNKNOWN,UNKNOWN,None reported / Equipment stoppage or minor disruption.,,False,BRONZE,QUARANTINED
EVT-BSEE-0555,INCIDENT,Bureau of Safety and Environmental Enforcement (BSEE),SRC-BSEE-0555,,Barge,US Gulf of Mexico / OCS,General Industrial / Offshore Operations,,PRESSURE,UNKNOWN,UNKNOWN,None reported / Equipment stoppage or minor disruption.,,False,BRONZE,QUARANTINED
EVT-BSEE-0556,NEAR_MISS,Bureau of Safety and Environmental Enforcement (BSEE),SRC-BSEE-0556,,UNKNOWN,US Gulf of Mexico / OCS,General Industrial / Offshore Operations,,UNKNOWN,UNKNOWN,UNKNOWN,None reported / Equipment stoppage or minor disruption.,,False,BRONZE,QUARANTINED
EVT-BSEE-0557,NEAR_MISS,Bureau of Safety and Environmental Enforcement (BSEE),SRC-BSEE-0557,,UNKNOWN,US Gulf of Mexico / OCS,Lifting & Rigging Operations,crane,UNKNOWN,UNKNOWN,UNKNOWN,None reported / Equipment stoppage or minor disruption.,,False,BRONZE,QUARANTINED
EVT-BSEE-0558,INCIDENT,Bureau of Safety and Environmental Enforcement (BSEE),SRC-BSEE-0558,,UNKNOWN,US Gulf of Mexico / OCS,General Industrial / Offshore Operations,,THERMAL,UNKNOWN,UNKNOWN,None reported / Equipment stoppage or minor disruption.,,False,BRONZE,QUARANTINED
EVT-BSEE-0559,NEAR_MISS,Bureau of Safety and Environmental Enforcement (BSEE),SRC-BSEE-0559,,UNKNOWN,US Gulf of Mexico / OCS,General Industrial / Offshore Operations,,UNKNOWN,UNKNOWN,UNKNOWN,None reported / Equipment stoppage or minor disruption.,,False,BRONZE,QUARANTINED
EVT-BSEE-0560,NEAR_MISS,Bureau of Safety and Environmental Enforcement (BSEE),SRC-BSEE-0560,,UNKNOWN,US Gulf of Mexico / OCS,General Industrial / Offshore Operations,,UNKNOWN,UNKNOWN,UNKNOWN,None reported / Equipment stoppage or minor disruption.,,False,BRONZE,QUARANTINED
EVT-BSEE-0561,NEAR_MISS,Bureau of Safety and Environmental Enforcement (BSEE),SRC-BSEE-0561,,UNKNOWN,US Gulf of Mexico / OCS,Drilling & Well Intervention,,UNKNOWN,UNKNOWN,UNKNOWN,None reported / Equipment stoppage or minor disruption.,,False,BRONZE,QUARANTINED
EVT-BSEE-0562,NEAR_MISS,Bureau of Safety and Environmental Enforcement (BSEE),SRC-BSEE-0562,,UNKNOWN,US Gulf of Mexico / OCS,Lifting & Rigging Operations,crane,UNKNOWN,UNKNOWN,UNKNOWN,None reported / Equipment stoppage or minor disruption.,,False,BRONZE,QUARANTINED
EVT-BSEE-0563,NEAR_MISS,Bureau of Safety and Environmental Enforcement (BSEE),SRC-BSEE-0563,,UNKNOWN,US Gulf of Mexico / OCS,Lifting & Rigging Operations,,UNKNOWN,UNKNOWN,UNKNOWN,None reported / Equipment stoppage or minor disruption.,,False,BRONZE,QUARANTINED
EVT-BSEE-0564,NEAR_MISS,Bureau of Safety and Environmental Enforcement (BSEE),SRC-BSEE-0564,,UNKNOWN,US Gulf of Mexico / OCS,Subsea & Diving Operations,,PRESSURE,UNKNOWN,UNKNOWN,None reported / Equipment stoppage or minor disruption.,,False,BRONZE,QUARANTINED
EVT-BSEE-0565,NEAR_MISS,Bureau of Safety and Environmental Enforcement (BSEE),SRC-BSEE-0565,,Offshore Fixed Platform,US Gulf of Mexico / OCS,General Industrial / Offshore Operations,,UNKNOWN,UNKNOWN,UNKNOWN,None reported / Equipment stoppage or minor disruption.,,False,BRONZE,QUARANTINED
EVT-BSEE-0566,NEAR_MISS,Bureau of Safety and Environmental Enforcement (BSEE),SRC-BSEE-0566,,UNKNOWN,US Gulf of Mexico / OCS,General Industrial / Offshore Operations,,UNKNOWN,UNKNOWN,UNKNOWN,None reported / Equipment stoppage or minor disruption.,,False,BRONZE,QUARANTINED
EVT-BSEE-0567,INCIDENT,Bureau of Safety and Environmental Enforcement (BSEE),SRC-BSEE-0567,,UNKNOWN,US Gulf of Mexico / OCS,General Industrial / Offshore Operations,,UNKNOWN,TRUE,EXPLICIT,Fatal injury occurred.,Fatal injury,True,BRONZE,QUARANTINED
EVT-BSEE-0568,NEAR_MISS,Bureau of Safety and Environmental Enforcement (BSEE),SRC-BSEE-0568,,UNKNOWN,US Gulf of Mexico / OCS,Lifting & Rigging Operations,,UNKNOWN,UNKNOWN,UNKNOWN,None reported / Equipment stoppage or minor disruption.,,False,BRONZE,QUARANTINED
EVT-BSEE-0569,NEAR_MISS,Bureau of Safety and Environmental Enforcement (BSEE),SRC-BSEE-0569,,UNKNOWN,US Gulf of Mexico / OCS,General Industrial / Offshore Operations,,UNKNOWN,UNKNOWN,UNKNOWN,None reported / Equipment stoppage or minor disruption.,,False,BRONZE,QUARANTINED
EVT-BSEE-0570,NEAR_MISS,Bureau of Safety and Environmental Enforcement (BSEE),SRC-BSEE-0570,,Offshore Fixed Platform,US Gulf of Mexico / OCS,General Industrial / Offshore Operations,,UNKNOWN,UNKNOWN,UNKNOWN,None reported / Equipment stoppage or minor disruption.,,False,BRONZE,QUARANTINED
EVT-BSEE-0571,NEAR_MISS,Bureau of Safety and Environmental Enforcement (BSEE),SRC-BSEE-0571,,Offshore Fixed Platform,US Gulf of Mexico / OCS,General Industrial / Offshore Operations,valve,PRESSURE,UNKNOWN,UNKNOWN,None reported / Equipment stoppage or minor disruption.,,False,BRONZE,UNLABELED
EVT-BSEE-0572,NEAR_MISS,Bureau of Safety and Environmental Enforcement (BSEE),SRC-BSEE-0572,,UNKNOWN,US Gulf of Mexico / OCS,General Industrial / Offshore Operations,,UNKNOWN,UNKNOWN,UNKNOWN,None reported / Equipment stoppage or minor disruption.,,False,BRONZE,QUARANTINED
EVT-BSEE-0573,INCIDENT,Bureau of Safety and Environmental Enforcement (BSEE),SRC-BSEE-0573,,UNKNOWN,US Gulf of Mexico / OCS,Piping & Pressure Maintenance,,UNKNOWN,UNKNOWN,UNKNOWN,None reported / Equipment stoppage or minor disruption.,,False,BRONZE,QUARANTINED
EVT-BSEE-0574,INCIDENT,Bureau of Safety and Environmental Enforcement (BSEE),SRC-BSEE-0574,,UNKNOWN,US Gulf of Mexico / OCS,General Industrial / Offshore Operations,,THERMAL,UNKNOWN,UNKNOWN,None reported / Equipment stoppage or minor disruption.,,False,BRONZE,QUARANTINED
EVT-BSEE-0575,INCIDENT,Bureau of Safety and Environmental Enforcement (BSEE),SRC-BSEE-0575,,UNKNOWN,US Gulf of Mexico / OCS,Hot Work Operations,,THERMAL,UNKNOWN,UNKNOWN,Minor injury requiring first aid or medical attention.,First aid / minor laceration or contusion,False,BRONZE,QUARANTINED
EVT-BSEE-0576,INCIDENT,Bureau of Safety and Environmental Enforcement (BSEE),SRC-BSEE-0576,,UNKNOWN,US Gulf of Mexico / OCS,General Industrial / Offshore Operations,,THERMAL,UNKNOWN,UNKNOWN,None reported / Equipment stoppage or minor disruption.,,False,BRONZE,QUARANTINED
EVT-BSEE-0577,INCIDENT,Bureau of Safety and Environmental Enforcement (BSEE),SRC-BSEE-0577,,UNKNOWN,US Gulf of Mexico / OCS,Drilling & Well Intervention,,UNKNOWN,UNKNOWN,UNKNOWN,None reported / Equipment stoppage or minor disruption.,,False,BRONZE,QUARANTINED
EVT-BSEE-0578,NEAR_MISS,Bureau of Safety and Environmental Enforcement (BSEE),SRC-BSEE-0578,,UNKNOWN,US Gulf of Mexico / OCS,Drilling & Well Intervention,,UNKNOWN,UNKNOWN,UNKNOWN,None reported / Equipment stoppage or minor disruption.,,False,BRONZE,QUARANTINED
EVT-BSEE-0579,INCIDENT,Bureau of Safety and Environmental Enforcement (BSEE),SRC-BSEE-0579,,UNKNOWN,US Gulf of Mexico / OCS,General Industrial / Offshore Operations,,THERMAL,TRUE,DERIVED,Fatal injury occurred.,Fatal injury,True,BRONZE,QUARANTINED
EVT-BSEE-0580,INCIDENT,Bureau of Safety and Environmental Enforcement (BSEE),SRC-BSEE-0580,,UNKNOWN,US Gulf of Mexico / OCS,General Industrial / Offshore Operations,,THERMAL,UNKNOWN,UNKNOWN,None reported / Equipment stoppage or minor disruption.,,False,BRONZE,QUARANTINED
EVT-BSEE-0581,NEAR_MISS,Bureau of Safety and Environmental Enforcement (BSEE),SRC-BSEE-0581,,UNKNOWN,US Gulf of Mexico / OCS,Drilling & Well Intervention,,UNKNOWN,UNKNOWN,UNKNOWN,None reported / Equipment stoppage or minor disruption.,,False,BRONZE,QUARANTINED
EVT-IMCA-0001,INCIDENT,International Marine Contractors Association (IMCA),SRC-IMCA-0001,2026-09-10,Tanker Vessel,International Marine & Offshore,Lifting & Rigging Operations,winch,PRESSURE,TRUE,EXPLICIT,Minor injury requiring first aid or medical attention.,First aid / minor laceration or contusion,False,GOLD,ML_ELIGIBLE
EVT-IMCA-0002,INCIDENT,International Marine Contractors Association (IMCA),SRC-IMCA-0002,2026-09-10,UNKNOWN,International Marine & Offshore,Subsea & Diving Operations,,THERMAL,UNKNOWN,UNKNOWN,None reported / Equipment stoppage or minor disruption.,,False,BRONZE,QUARANTINED
EVT-IMCA-0003,INCIDENT,International Marine Contractors Association (IMCA),SRC-IMCA-0003,2026-09-10,Tanker Vessel,International Marine & Offshore,Lifting & Rigging Operations,winch,PRESSURE,TRUE,DERIVED,Lost time / serious personal injury sustained.,Fracture / Lost time injury,False,SILVER,ML_ELIGIBLE
EVT-IMCA-0004,UA,International Marine Contractors Association (IMCA),SRC-IMCA-0004,2026-09-10,UNKNOWN,International Marine & Offshore,General Industrial / Offshore Operations,pump,PRESSURE,UNKNOWN,UNKNOWN,None reported / Equipment stoppage or minor disruption.,,False,BRONZE,QUARANTINED
EVT-IMCA-0005,NEAR_MISS,International Marine Contractors Association (IMCA),SRC-IMCA-0005,2026-09-10,UNKNOWN,International Marine & Offshore,Marine & Vessel Operations,,UNKNOWN,UNKNOWN,UNKNOWN,None reported / Equipment stoppage or minor disruption.,,False,BRONZE,QUARANTINED
EVT-IMCA-0006,NEAR_MISS,International Marine Contractors Association (IMCA),SRC-IMCA-0006,2026-09-10,UNKNOWN,International Marine & Offshore,Marine & Vessel Operations,hose,UNKNOWN,UNKNOWN,UNKNOWN,None reported / Equipment stoppage or minor disruption.,,False,BRONZE,QUARANTINED
EVT-IMCA-0007,NEAR_MISS,International Marine Contractors Association (IMCA),SRC-IMCA-0007,2026-08-20,UNKNOWN,International Marine & Offshore,Marine & Vessel Operations,,UNKNOWN,UNKNOWN,UNKNOWN,None reported / Equipment stoppage or minor disruption.,,False,BRONZE,QUARANTINED
EVT-IMCA-0008,INCIDENT,International Marine Contractors Association (IMCA),SRC-IMCA-0008,2026-08-20,UNKNOWN,International Marine & Offshore,Subsea & Diving Operations,remotely operated vehicle (ROV),UNKNOWN,UNKNOWN,UNKNOWN,None reported / Equipment stoppage or minor disruption.,,False,BRONZE,QUARANTINED
EVT-IMCA-0009,NEAR_MISS,International Marine Contractors Association (IMCA),SRC-IMCA-0009,2026-08-20,UNKNOWN,International Marine & Offshore,General Industrial / Offshore Operations,,UNKNOWN,UNKNOWN,UNKNOWN,None reported / Equipment stoppage or minor disruption.,,False,BRONZE,QUARANTINED
EVT-IMCA-0010,INCIDENT,International Marine Contractors Association (IMCA),SRC-IMCA-0010,2026-08-20,UNKNOWN,International Marine & Offshore,Lifting & Rigging Operations,gas cylinder / bailout cylinder,UNKNOWN,UNKNOWN,UNKNOWN,None reported / Equipment stoppage or minor disruption.,,False,BRONZE,QUARANTINED
EVT-IMCA-0011,INCIDENT,International Marine Contractors Association (IMCA),SRC-IMCA-0011,2026-08-20,Tanker Vessel,International Marine & Offshore,Lifting & Rigging Operations,pump,PRESSURE,TRUE,DERIVED,Minor injury requiring first aid or medical attention.,First aid / minor laceration or contusion,False,SILVER,ML_ELIGIBLE
EVT-IMCA-0012,INCIDENT,International Marine Contractors Association (IMCA),SRC-IMCA-0012,2026-08-12,Tanker Vessel,International Marine & Offshore,Lifting & Rigging Operations,pump,GRAVITATIONAL,TRUE,EXPLICIT,No injuries occurred (Near Miss / Potential Consequence only).,None,False,GOLD,ML_ELIGIBLE
EVT-IMCA-0013,INCIDENT,International Marine Contractors Association (IMCA),SRC-IMCA-0013,2026-07-23,Tanker Vessel,International Marine & Offshore,Lifting & Rigging Operations,pump,PRESSURE,TRUE,DERIVED,No injuries occurred (Near Miss / Potential Consequence only).,None,False,SILVER,ML_ELIGIBLE
EVT-IMCA-0014,INCIDENT,International Marine Contractors Association (IMCA),SRC-IMCA-0014,2026-07-23,Offshore Fixed Platform,International Marine & Offshore,Lifting & Rigging Operations,valve,PRESSURE,TRUE,EXPLICIT,No injuries occurred (Near Miss / Potential Consequence only).,None,False,GOLD,ML_ELIGIBLE
EVT-IMCA-0015,INCIDENT,International Marine Contractors Association (IMCA),SRC-IMCA-0015,2026-07-23,Offshore Fixed Platform,International Marine & Offshore,Lifting & Rigging Operations,crane,GRAVITATIONAL,TRUE,DERIVED,No injuries occurred (Near Miss / Potential Consequence only).,None,False,SILVER,ML_ELIGIBLE
EVT-IMCA-0016,INCIDENT,International Marine Contractors Association (IMCA),SRC-IMCA-0016,2026-07-23,Tanker Vessel,International Marine & Offshore,Lifting & Rigging Operations,pump,PRESSURE,TRUE,DERIVED,No injuries occurred (Near Miss / Potential Consequence only).,None,False,SILVER,ML_ELIGIBLE
EVT-IMCA-0017,INCIDENT,International Marine Contractors Association (IMCA),SRC-IMCA-0017,2026-07-23,Tanker Vessel,International Marine & Offshore,Lifting & Rigging Operations,pump,PRESSURE,TRUE,DERIVED,No injuries occurred (Near Miss / Potential Consequence only).,None,False,SILVER,ML_ELIGIBLE
EVT-IMCA-0018,INCIDENT,International Marine Contractors Association (IMCA),SRC-IMCA-0018,2026-07-06,Tanker Vessel,International Marine & Offshore,Lifting & Rigging Operations,fast rescue craft (FRC),GRAVITATIONAL,TRUE,DERIVED,None reported / Equipment stoppage or minor disruption.,,False,SILVER,ML_ELIGIBLE
EVT-IMCA-0019,INCIDENT,International Marine Contractors Association (IMCA),SRC-IMCA-0019,2026-07-06,Tanker Vessel,International Marine & Offshore,Lifting & Rigging Operations,pump,PRESSURE,TRUE,DERIVED,None reported / Equipment stoppage or minor disruption.,,False,SILVER,ML_ELIGIBLE
EVT-IMCA-0020,INCIDENT,International Marine Contractors Association (IMCA),SRC-IMCA-0020,2026-07-06,Tanker Vessel,International Marine & Offshore,Lifting & Rigging Operations,pump,PRESSURE,TRUE,DERIVED,Lost time / serious personal injury sustained.,Fracture / Lost time injury,False,SILVER,ML_ELIGIBLE
EVT-IMCA-0021,INCIDENT,International Marine Contractors Association (IMCA),SRC-IMCA-0021,2026-07-06,Tanker Vessel,International Marine & Offshore,Lifting & Rigging Operations,pump,PRESSURE,TRUE,DERIVED,Minor injury requiring first aid or medical attention.,First aid / minor laceration or contusion,False,SILVER,ML_ELIGIBLE
EVT-IMCA-0022,INCIDENT,International Marine Contractors Association (IMCA),SRC-IMCA-0022,2026-07-06,Tanker Vessel,International Marine & Offshore,Lifting & Rigging Operations,pump,PRESSURE,TRUE,DERIVED,No injuries occurred (Near Miss / Potential Consequence only).,None,False,SILVER,ML_ELIGIBLE
EVT-IMCA-0023,INCIDENT,International Marine Contractors Association (IMCA),SRC-IMCA-0023,2026-06-11,Tanker Vessel,International Marine & Offshore,Lifting & Rigging Operations,pump,PRESSURE,TRUE,DERIVED,None reported / Equipment stoppage or minor disruption.,,False,SILVER,ML_ELIGIBLE
EVT-IMCA-0024,INCIDENT,International Marine Contractors Association (IMCA),SRC-IMCA-0024,2026-06-11,Tanker Vessel,International Marine & Offshore,Lifting & Rigging Operations,pump,GRAVITATIONAL,TRUE,DERIVED,None reported / Equipment stoppage or minor disruption.,,False,SILVER,ML_ELIGIBLE
EVT-IMCA-0025,INCIDENT,International Marine Contractors Association (IMCA),SRC-IMCA-0025,2026-06-11,Tanker Vessel,International Marine & Offshore,Lifting & Rigging Operations,pump,PRESSURE,TRUE,DERIVED,No injuries occurred (Near Miss / Potential Consequence only).,None,False,SILVER,ML_ELIGIBLE
EVT-IMCA-0026,INCIDENT,International Marine Contractors Association (IMCA),SRC-IMCA-0026,2026-06-11,Offshore Fixed Platform,International Marine & Offshore,Lifting & Rigging Operations,pump,PRESSURE,TRUE,DERIVED,Minor injury requiring first aid or medical attention.,First aid / minor laceration or contusion,False,SILVER,ML_ELIGIBLE
EVT-IMCA-0027,INCIDENT,International Marine Contractors Association (IMCA),SRC-IMCA-0027,2026-06-11,Tanker Vessel,International Marine & Offshore,Lifting & Rigging Operations,hose,PRESSURE,TRUE,DERIVED,None reported / Equipment stoppage or minor disruption.,,False,SILVER,ML_ELIGIBLE
EVT-IMCA-0028,INCIDENT,International Marine Contractors Association (IMCA),SRC-IMCA-0028,2026-05-28,Tanker Vessel,International Marine & Offshore,Lifting & Rigging Operations,crane,GRAVITATIONAL,TRUE,DERIVED,Minor injury requiring first aid or medical attention.,First aid / minor laceration or contusion,False,SILVER,ML_ELIGIBLE
EVT-IMCA-0029,INCIDENT,International Marine Contractors Association (IMCA),SRC-IMCA-0029,2026-05-28,Tanker Vessel,International Marine & Offshore,Lifting & Rigging Operations,crane,PRESSURE,TRUE,DERIVED,None reported / Equipment stoppage or minor disruption.,,False,SILVER,ML_ELIGIBLE
EVT-IMCA-0030,INCIDENT,International Marine Contractors Association (IMCA),SRC-IMCA-0030,2026-05-28,Tanker Vessel,International Marine & Offshore,Lifting & Rigging Operations,valve,PRESSURE,TRUE,DERIVED,None reported / Equipment stoppage or minor disruption.,,False,SILVER,ML_ELIGIBLE
EVT-IMCA-0031,INCIDENT,International Marine Contractors Association (IMCA),SRC-IMCA-0031,2026-05-28,Tanker Vessel,International Marine & Offshore,Lifting & Rigging Operations,pump,GRAVITATIONAL,TRUE,EXPLICIT,No injuries occurred (Near Miss / Potential Consequence only).,None,False,GOLD,ML_ELIGIBLE
EVT-IMCA-0032,INCIDENT,International Marine Contractors Association (IMCA),SRC-IMCA-0032,2026-05-28,Tanker Vessel,International Marine & Offshore,Lifting & Rigging Operations,pump,PRESSURE,TRUE,DERIVED,None reported / Equipment stoppage or minor disruption.,,False,SILVER,ML_ELIGIBLE
EVT-IMCA-0033,INCIDENT,International Marine Contractors Association (IMCA),SRC-IMCA-0033,2026-05-14,Tanker Vessel,International Marine & Offshore,Lifting & Rigging Operations,pump,PRESSURE,TRUE,EXPLICIT,Fatal injury occurred.,Fatal injury,True,GOLD,ML_ELIGIBLE
EVT-IMCA-0034,INCIDENT,International Marine Contractors Association (IMCA),SRC-IMCA-0034,2026-05-14,Tanker Vessel,International Marine & Offshore,Lifting & Rigging Operations,crane,GRAVITATIONAL,TRUE,EXPLICIT,No injuries occurred (Near Miss / Potential Consequence only).,None,False,GOLD,ML_ELIGIBLE
EVT-IMCA-0036,INCIDENT,International Marine Contractors Association (IMCA),SRC-IMCA-0036,2026-05-14,Tanker Vessel,International Marine & Offshore,Lifting & Rigging Operations,valve,PRESSURE,TRUE,DERIVED,No injuries occurred (Near Miss / Potential Consequence only).,None,False,SILVER,ML_ELIGIBLE
EVT-IMCA-0037,INCIDENT,International Marine Contractors Association (IMCA),SRC-IMCA-0037,2026-05-14,Tanker Vessel,International Marine & Offshore,Lifting & Rigging Operations,fast rescue craft (FRC),PRESSURE,TRUE,DERIVED,None reported / Equipment stoppage or minor disruption.,,False,SILVER,ML_ELIGIBLE
EVT-IMCA-0038,INCIDENT,International Marine Contractors Association (IMCA),SRC-IMCA-0038,2026-04-28,Offshore Fixed Platform,International Marine & Offshore,Lifting & Rigging Operations,crane,PRESSURE,TRUE,DERIVED,Fatal injury occurred.,Fatal injury,True,SILVER,ML_ELIGIBLE
EVT-IMCA-0039,INCIDENT,International Marine Contractors Association (IMCA),SRC-IMCA-0039,2026-04-28,Tanker Vessel,International Marine & Offshore,Lifting & Rigging Operations,pump,PRESSURE,TRUE,DERIVED,Minor injury requiring first aid or medical attention.,First aid / minor laceration or contusion,False,SILVER,ML_ELIGIBLE
EVT-IMCA-0040,INCIDENT,International Marine Contractors Association (IMCA),SRC-IMCA-0040,2026-04-28,Offshore Fixed Platform,International Marine & Offshore,Lifting & Rigging Operations,pump,PRESSURE,TRUE,DERIVED,Minor injury requiring first aid or medical attention.,First aid / minor laceration or contusion,False,SILVER,ML_ELIGIBLE
EVT-IMCA-0041,INCIDENT,International Marine Contractors Association (IMCA),SRC-IMCA-0041,2026-04-28,Offshore Fixed Platform,International Marine & Offshore,Lifting & Rigging Operations,crane,GRAVITATIONAL,TRUE,EXPLICIT,No injuries occurred (Near Miss / Potential Consequence only).,None,False,GOLD,ML_ELIGIBLE
EVT-IMCA-0042,INCIDENT,International Marine Contractors Association (IMCA),SRC-IMCA-0042,2026-04-28,Tanker Vessel,International Marine & Offshore,Lifting & Rigging Operations,pump,PRESSURE,TRUE,EXPLICIT,Fatal injury occurred.,Fatal injury,True,GOLD,ML_ELIGIBLE
EVT-IMCA-0043,INCIDENT,International Marine Contractors Association (IMCA),SRC-IMCA-0043,2026-04-15,Offshore Fixed Platform,International Marine & Offshore,Lifting & Rigging Operations,fast rescue craft (FRC),PRESSURE,TRUE,EXPLICIT,Fatal injury occurred.,Fatal injury,True,GOLD,ML_ELIGIBLE
EVT-IMCA-0044,INCIDENT,International Marine Contractors Association (IMCA),SRC-IMCA-0044,2026-04-15,Offshore Fixed Platform,International Marine & Offshore,Lifting & Rigging Operations,crane,GRAVITATIONAL,TRUE,DERIVED,None reported / Equipment stoppage or minor disruption.,,False,SILVER,ML_ELIGIBLE
EVT-IMCA-0045,INCIDENT,International Marine Contractors Association (IMCA),SRC-IMCA-0045,2026-04-15,Tanker Vessel,International Marine & Offshore,Lifting & Rigging Operations,pump,PRESSURE,TRUE,DERIVED,No injuries occurred (Near Miss / Potential Consequence only).,None,False,SILVER,ML_ELIGIBLE
EVT-IMCA-0046,INCIDENT,International Marine Contractors Association (IMCA),SRC-IMCA-0046,2026-04-15,Tanker Vessel,International Marine & Offshore,Lifting & Rigging Operations,pump,PRESSURE,TRUE,DERIVED,None reported / Equipment stoppage or minor disruption.,,False,SILVER,ML_ELIGIBLE
EVT-IMCA-0047,INCIDENT,International Marine Contractors Association (IMCA),SRC-IMCA-0047,2026-04-15,Offshore Fixed Platform,International Marine & Offshore,Lifting & Rigging Operations,crane,PRESSURE,TRUE,DERIVED,Fatal injury occurred.,Fatal injury,True,SILVER,ML_ELIGIBLE
EVT-IMCA-0048,INCIDENT,International Marine Contractors Association (IMCA),SRC-IMCA-0048,2026-03-24,Tanker Vessel,International Marine & Offshore,Lifting & Rigging Operations,pump,PRESSURE,TRUE,DERIVED,None reported / Equipment stoppage or minor disruption.,,False,SILVER,ML_ELIGIBLE
EVT-IMCA-0049,INCIDENT,International Marine Contractors Association (IMCA),SRC-IMCA-0049,2026-03-24,Tanker Vessel,International Marine & Offshore,Lifting & Rigging Operations,crane,GRAVITATIONAL,TRUE,EXPLICIT,Minor injury requiring first aid or medical attention.,First aid / minor laceration or contusion,False,GOLD,ML_ELIGIBLE
EVT-IMCA-0050,INCIDENT,International Marine Contractors Association (IMCA),SRC-IMCA-0050,2026-03-24,Tanker Vessel,International Marine & Offshore,Lifting & Rigging Operations,pump,PRESSURE,TRUE,DERIVED,Lost time / serious personal injury sustained.,Fracture / Lost time injury,False,SILVER,ML_ELIGIBLE
EVT-IMCA-0051,INCIDENT,International Marine Contractors Association (IMCA),SRC-IMCA-0051,2026-03-24,Tanker Vessel,International Marine & Offshore,Lifting & Rigging Operations,fast rescue craft (FRC),GRAVITATIONAL,TRUE,EXPLICIT,Minor injury requiring first aid or medical attention.,First aid / minor laceration or contusion,False,GOLD,ML_ELIGIBLE
EVT-IMCA-0052,INCIDENT,International Marine Contractors Association (IMCA),SRC-IMCA-0052,2026-03-24,Jack-up Rig,International Marine & Offshore,Lifting & Rigging Operations,crane,PRESSURE,TRUE,DERIVED,Lost time / serious personal injury sustained.,Fracture / Lost time injury,False,SILVER,ML_ELIGIBLE
EVT-IMCA-0053,INCIDENT,International Marine Contractors Association (IMCA),SRC-IMCA-0053,2026-03-17,Tanker Vessel,International Marine & Offshore,Lifting & Rigging Operations,pump,PRESSURE,TRUE,DERIVED,Personal injury sustained (Burn injury).,Burn injury,False,SILVER,ML_ELIGIBLE
EVT-IMCA-0054,INCIDENT,International Marine Contractors Association (IMCA),SRC-IMCA-0054,2026-03-17,Offshore Fixed Platform,International Marine & Offshore,Lifting & Rigging Operations,crane,PRESSURE,TRUE,DERIVED,No injuries occurred (Near Miss / Potential Consequence only).,None,False,SILVER,ML_ELIGIBLE
EVT-IMCA-0055,NEAR_MISS,International Marine Contractors Association (IMCA),SRC-IMCA-0055,2026-03-17,UNKNOWN,International Marine & Offshore,General Industrial / Offshore Operations,,UNKNOWN,UNKNOWN,UNKNOWN,None reported / Equipment stoppage or minor disruption.,,False,BRONZE,QUARANTINED
EVT-IMCA-0056,NEAR_MISS,International Marine Contractors Association (IMCA),SRC-IMCA-0056,2026-03-17,UNKNOWN,International Marine & Offshore,Marine & Vessel Operations,,UNKNOWN,UNKNOWN,UNKNOWN,None reported / Equipment stoppage or minor disruption.,,False,BRONZE,QUARANTINED
EVT-IMCA-0057,NEAR_MISS,International Marine Contractors Association (IMCA),SRC-IMCA-0057,2026-03-17,UNKNOWN,International Marine & Offshore,General Industrial / Offshore Operations,hose,UNKNOWN,UNKNOWN,UNKNOWN,No injuries occurred (Near Miss / Potential Consequence only).,None,False,BRONZE,QUARANTINED
EVT-IMCA-0058,INCIDENT,International Marine Contractors Association (IMCA),SRC-IMCA-0058,2026-03-03,Tanker Vessel,International Marine & Offshore,Lifting & Rigging Operations,crane,GRAVITATIONAL,TRUE,EXPLICIT,Fatal injury occurred.,Fatal injury,True,GOLD,ML_ELIGIBLE
EVT-IMCA-0059,INCIDENT,International Marine Contractors Association (IMCA),SRC-IMCA-0059,2026-03-03,UNKNOWN,International Marine & Offshore,Drilling & Well Intervention,,UNKNOWN,UNKNOWN,UNKNOWN,None reported / Equipment stoppage or minor disruption.,,False,BRONZE,QUARANTINED
EVT-IMCA-0060,NEAR_MISS,International Marine Contractors Association (IMCA),SRC-IMCA-0060,2026-03-03,Barge,International Marine & Offshore,Marine & Vessel Operations,,UNKNOWN,UNKNOWN,UNKNOWN,None reported / Equipment stoppage or minor disruption.,,False,BRONZE,QUARANTINED
EVT-IMCA-0061,INCIDENT,International Marine Contractors Association (IMCA),SRC-IMCA-0061,2026-03-03,Offshore Fixed Platform,International Marine & Offshore,Lifting & Rigging Operations,crane,GRAVITATIONAL,TRUE,EXPLICIT,Fatal injury occurred.,Fatal injury,True,GOLD,ML_ELIGIBLE
EVT-IMCA-0062,INCIDENT,International Marine Contractors Association (IMCA),SRC-IMCA-0062,2026-03-03,Tanker Vessel,International Marine & Offshore,Lifting & Rigging Operations,pump,PRESSURE,TRUE,DERIVED,None reported / Equipment stoppage or minor disruption.,,False,SILVER,ML_ELIGIBLE
EVT-IMCA-0063,INCIDENT,International Marine Contractors Association (IMCA),SRC-IMCA-0063,2026-02-13,Offshore Fixed Platform,International Marine & Offshore,Lifting & Rigging Operations,pump,GRAVITATIONAL,TRUE,DERIVED,Lost time / serious personal injury sustained.,Fracture / Lost time injury,False,SILVER,ML_ELIGIBLE
EVT-IMCA-0064,INCIDENT,International Marine Contractors Association (IMCA),SRC-IMCA-0064,2026-02-13,UNKNOWN,International Marine & Offshore,Piping & Pressure Maintenance,,UNKNOWN,UNKNOWN,UNKNOWN,None reported / Equipment stoppage or minor disruption.,,False,BRONZE,QUARANTINED
EVT-IMCA-0065,INCIDENT,International Marine Contractors Association (IMCA),SRC-IMCA-0065,2026-02-13,Tanker Vessel,International Marine & Offshore,Lifting & Rigging Operations,pump,PRESSURE,TRUE,DERIVED,No injuries occurred (Near Miss / Potential Consequence only).,None,False,SILVER,ML_ELIGIBLE
EVT-IMCA-0066,INCIDENT,International Marine Contractors Association (IMCA),SRC-IMCA-0066,2026-02-13,Tanker Vessel,International Marine & Offshore,Lifting & Rigging Operations,fast rescue craft (FRC),PRESSURE,TRUE,DERIVED,Lost time / serious personal injury sustained.,Fracture / Lost time injury,False,SILVER,ML_ELIGIBLE
EVT-IMCA-0067,INCIDENT,International Marine Contractors Association (IMCA),SRC-IMCA-0067,2026-02-13,Offshore Fixed Platform,International Marine & Offshore,Lifting & Rigging Operations,scaffold,GRAVITATIONAL,TRUE,EXPLICIT,Minor injury requiring first aid or medical attention.,First aid / minor laceration or contusion,False,GOLD,ML_ELIGIBLE
EVT-IMCA-0068,INCIDENT,International Marine Contractors Association (IMCA),SRC-IMCA-0068,2026-01-22,Tanker Vessel,International Marine & Offshore,Lifting & Rigging Operations,crane,GRAVITATIONAL,TRUE,DERIVED,Minor injury requiring first aid or medical attention.,First aid / minor laceration or contusion,False,SILVER,ML_ELIGIBLE
EVT-IMCA-0069,INCIDENT,International Marine Contractors Association (IMCA),SRC-IMCA-0069,2026-01-22,Tanker Vessel,International Marine & Offshore,Lifting & Rigging Operations,pump,GRAVITATIONAL,TRUE,DERIVED,None reported / Equipment stoppage or minor disruption.,,False,SILVER,ML_ELIGIBLE
EVT-IMCA-0070,INCIDENT,International Marine Contractors Association (IMCA),SRC-IMCA-0070,2026-01-22,Tanker Vessel,International Marine & Offshore,Lifting & Rigging Operations,pump,PRESSURE,TRUE,DERIVED,None reported / Equipment stoppage or minor disruption.,,False,SILVER,ML_ELIGIBLE
EVT-IMCA-0071,INCIDENT,International Marine Contractors Association (IMCA),SRC-IMCA-0071,2026-01-22,Tanker Vessel,International Marine & Offshore,Lifting & Rigging Operations,pump,PRESSURE,TRUE,DERIVED,Minor injury requiring first aid or medical attention.,First aid / minor laceration or contusion,False,SILVER,ML_ELIGIBLE
EVT-IMCA-0072,INCIDENT,International Marine Contractors Association (IMCA),SRC-IMCA-0072,2026-01-22,Offshore Fixed Platform,International Marine & Offshore,Lifting & Rigging Operations,pressure safety valve,PRESSURE,TRUE,DERIVED,None reported / Equipment stoppage or minor disruption.,,False,SILVER,ML_ELIGIBLE
EVT-IMCA-0073,INCIDENT,International Marine Contractors Association (IMCA),SRC-IMCA-0073,2026-01-12,Tanker Vessel,International Marine & Offshore,Lifting & Rigging Operations,crane,GRAVITATIONAL,TRUE,EXPLICIT,Fatal injury occurred.,Fatal injury,True,GOLD,ML_ELIGIBLE
EVT-IMCA-0074,INCIDENT,International Marine Contractors Association (IMCA),SRC-IMCA-0074,2026-01-12,Tanker Vessel,International Marine & Offshore,Lifting & Rigging Operations,crane,PRESSURE,TRUE,DERIVED,Minor injury requiring first aid or medical attention.,First aid / minor laceration or contusion,False,SILVER,ML_ELIGIBLE
EVT-IMCA-0075,INCIDENT,International Marine Contractors Association (IMCA),SRC-IMCA-0075,2026-01-12,Tanker Vessel,International Marine & Offshore,Lifting & Rigging Operations,pump,PRESSURE,TRUE,DERIVED,None reported / Equipment stoppage or minor disruption.,,False,SILVER,ML_ELIGIBLE
EVT-IMCA-0076,INCIDENT,International Marine Contractors Association (IMCA),SRC-IMCA-0076,2026-01-12,Offshore Fixed Platform,International Marine & Offshore,Lifting & Rigging Operations,pump,PRESSURE,TRUE,EXPLICIT,Personal injury sustained (Burn injury).,Burn injury,False,GOLD,ML_ELIGIBLE
EVT-IMCA-0077,INCIDENT,International Marine Contractors Association (IMCA),SRC-IMCA-0077,2026-01-12,Tanker Vessel,International Marine & Offshore,Lifting & Rigging Operations,pump,PRESSURE,TRUE,DERIVED,Lost time / serious personal injury sustained.,Fracture / Lost time injury,False,SILVER,ML_ELIGIBLE
EVT-IMCA-0078,INCIDENT,International Marine Contractors Association (IMCA),SRC-IMCA-0078,2025-12-18,Tanker Vessel,International Marine & Offshore,Lifting & Rigging Operations,crane,PRESSURE,TRUE,EXPLICIT,No injuries occurred (Near Miss / Potential Consequence only).,None,False,GOLD,ML_ELIGIBLE
EVT-IMCA-0079,INCIDENT,International Marine Contractors Association (IMCA),SRC-IMCA-0079,2025-12-18,Tanker Vessel,International Marine & Offshore,Lifting & Rigging Operations,pump,GRAVITATIONAL,TRUE,DERIVED,None reported / Equipment stoppage or minor disruption.,,False,SILVER,ML_ELIGIBLE
EVT-IMCA-0080,INCIDENT,International Marine Contractors Association (IMCA),SRC-IMCA-0080,2025-12-18,Tanker Vessel,International Marine & Offshore,Lifting & Rigging Operations,crane,PRESSURE,TRUE,DERIVED,None reported / Equipment stoppage or minor disruption.,,False,SILVER,ML_ELIGIBLE
EVT-IMCA-0081,INCIDENT,International Marine Contractors Association (IMCA),SRC-IMCA-0081,2025-12-18,Tanker Vessel,International Marine & Offshore,Lifting & Rigging Operations,pump,PRESSURE,TRUE,DERIVED,Minor injury requiring first aid or medical attention.,First aid / minor laceration or contusion,False,SILVER,ML_ELIGIBLE
EVT-IMCA-0082,INCIDENT,International Marine Contractors Association (IMCA),SRC-IMCA-0082,2025-12-18,Jack-up Rig,International Marine & Offshore,Lifting & Rigging Operations,valve,PRESSURE,TRUE,DERIVED,Minor injury requiring first aid or medical attention.,First aid / minor laceration or contusion,False,SILVER,ML_ELIGIBLE
EVT-IMCA-0083,INCIDENT,International Marine Contractors Association (IMCA),SRC-IMCA-0083,2025-12-04,Tanker Vessel,International Marine & Offshore,Lifting & Rigging Operations,pump,GRAVITATIONAL,TRUE,DERIVED,No injuries occurred (Near Miss / Potential Consequence only).,None,False,SILVER,ML_ELIGIBLE
EVT-IMCA-0084,INCIDENT,International Marine Contractors Association (IMCA),SRC-IMCA-0084,2025-12-04,Barge,International Marine & Offshore,Lifting & Rigging Operations,pump,PRESSURE,TRUE,DERIVED,No injuries occurred (Near Miss / Potential Consequence only).,None,False,SILVER,ML_ELIGIBLE
EVT-IMCA-0085,INCIDENT,International Marine Contractors Association (IMCA),SRC-IMCA-0085,2025-12-04,Tanker Vessel,International Marine & Offshore,Lifting & Rigging Operations,hose,PRESSURE,TRUE,DERIVED,None reported / Equipment stoppage or minor disruption.,,False,SILVER,ML_ELIGIBLE
EVT-IMCA-0086,INCIDENT,International Marine Contractors Association (IMCA),SRC-IMCA-0086,2025-12-04,Barge,International Marine & Offshore,Lifting & Rigging Operations,pump,GRAVITATIONAL,TRUE,DERIVED,No injuries occurred (Near Miss / Potential Consequence only).,None,False,SILVER,ML_ELIGIBLE
EVT-IMCA-0087,INCIDENT,International Marine Contractors Association (IMCA),SRC-IMCA-0087,2025-12-04,Tanker Vessel,International Marine & Offshore,Lifting & Rigging Operations,pump,PRESSURE,TRUE,DERIVED,None reported / Equipment stoppage or minor disruption.,,False,SILVER,ML_ELIGIBLE
EVT-IMCA-0088,INCIDENT,International Marine Contractors Association (IMCA),SRC-IMCA-0088,2025-11-17,Tanker Vessel,International Marine & Offshore,Lifting & Rigging Operations,crane,PRESSURE,TRUE,DERIVED,None reported / Equipment stoppage or minor disruption.,,False,SILVER,ML_ELIGIBLE
EVT-IMCA-0089,INCIDENT,International Marine Contractors Association (IMCA),SRC-IMCA-0089,2025-11-17,Tanker Vessel,International Marine & Offshore,Lifting & Rigging Operations,suspended load,GRAVITATIONAL,TRUE,EXPLICIT,Fatal injury occurred.,Fatal injury,True,GOLD,ML_ELIGIBLE
EVT-IMCA-0090,INCIDENT,International Marine Contractors Association (IMCA),SRC-IMCA-0090,2025-11-17,Tanker Vessel,International Marine & Offshore,Lifting & Rigging Operations,pump,PRESSURE,TRUE,DERIVED,Lost time / serious personal injury sustained.,Fracture / Lost time injury,False,SILVER,ML_ELIGIBLE
EVT-IMCA-0091,INCIDENT,International Marine Contractors Association (IMCA),SRC-IMCA-0091,2025-11-17,Tanker Vessel,International Marine & Offshore,Lifting & Rigging Operations,pump,PRESSURE,TRUE,DERIVED,None reported / Equipment stoppage or minor disruption.,,False,SILVER,ML_ELIGIBLE
EVT-IMCA-0092,INCIDENT,International Marine Contractors Association (IMCA),SRC-IMCA-0092,2025-11-17,Tanker Vessel,International Marine & Offshore,Lifting & Rigging Operations,pump,PRESSURE,TRUE,DERIVED,Minor injury requiring first aid or medical attention.,First aid / minor laceration or contusion,False,SILVER,ML_ELIGIBLE
EVT-IMCA-0093,INCIDENT,International Marine Contractors Association (IMCA),SRC-IMCA-0093,2025-11-07,Tanker Vessel,International Marine & Offshore,Lifting & Rigging Operations,hose,PRESSURE,TRUE,DERIVED,None reported / Equipment stoppage or minor disruption.,,False,SILVER,ML_ELIGIBLE
EVT-IMCA-0094,INCIDENT,International Marine Contractors Association (IMCA),SRC-IMCA-0094,2025-11-07,Tanker Vessel,International Marine & Offshore,Lifting & Rigging Operations,pump,PRESSURE,TRUE,DERIVED,Minor injury requiring first aid or medical attention.,First aid / minor laceration or contusion,False,SILVER,ML_ELIGIBLE
EVT-IMCA-0095,INCIDENT,International Marine Contractors Association (IMCA),SRC-IMCA-0095,2025-11-07,Tanker Vessel,International Marine & Offshore,Lifting & Rigging Operations,valve,PRESSURE,TRUE,DERIVED,Minor injury requiring first aid or medical attention.,First aid / minor laceration or contusion,False,SILVER,ML_ELIGIBLE
EVT-IMCA-0096,INCIDENT,International Marine Contractors Association (IMCA),SRC-IMCA-0096,2025-11-07,Tanker Vessel,International Marine & Offshore,Lifting & Rigging Operations,pump,PRESSURE,TRUE,DERIVED,None reported / Equipment stoppage or minor disruption.,,False,SILVER,ML_ELIGIBLE
EVT-IMCA-0097,INCIDENT,International Marine Contractors Association (IMCA),SRC-IMCA-0097,2025-11-07,Tanker Vessel,International Marine & Offshore,Lifting & Rigging Operations,pump,PRESSURE,TRUE,DERIVED,None reported / Equipment stoppage or minor disruption.,,False,SILVER,ML_ELIGIBLE
EVT-IMCA-0098,INCIDENT,International Marine Contractors Association (IMCA),SRC-IMCA-0098,2025-10-27,Tanker Vessel,International Marine & Offshore,Lifting & Rigging Operations,pump,PRESSURE,TRUE,DERIVED,Lost time / serious personal injury sustained.,Fracture / Lost time injury,False,SILVER,ML_ELIGIBLE
EVT-IMCA-0099,INCIDENT,International Marine Contractors Association (IMCA),SRC-IMCA-0099,2025-10-27,Tanker Vessel,International Marine & Offshore,Lifting & Rigging Operations,suspended load,GRAVITATIONAL,TRUE,DERIVED,Lost time / serious personal injury sustained.,Fracture / Lost time injury,False,SILVER,ML_ELIGIBLE
EVT-IMCA-0100,INCIDENT,International Marine Contractors Association (IMCA),SRC-IMCA-0100,2025-10-27,Tanker Vessel,International Marine & Offshore,Lifting & Rigging Operations,pump,PRESSURE,TRUE,DERIVED,Minor injury requiring first aid or medical attention.,First aid / minor laceration or contusion,False,SILVER,ML_ELIGIBLE
EVT-IMCA-0101,INCIDENT,International Marine Contractors Association (IMCA),SRC-IMCA-0101,2025-10-27,Tanker Vessel,International Marine & Offshore,Lifting & Rigging Operations,pump,PRESSURE,TRUE,EXPLICIT,Fatal injury occurred.,Fatal injury,True,GOLD,ML_ELIGIBLE
EVT-IMCA-0102,INCIDENT,International Marine Contractors Association (IMCA),SRC-IMCA-0102,2025-10-27,Tanker Vessel,International Marine & Offshore,Lifting & Rigging Operations,pump,PRESSURE,TRUE,DERIVED,None reported / Equipment stoppage or minor disruption.,,False,SILVER,ML_ELIGIBLE
EVT-IMCA-0103,INCIDENT,International Marine Contractors Association (IMCA),SRC-IMCA-0103,2025-10-02,Offshore Fixed Platform,International Marine & Offshore,Lifting & Rigging Operations,crane,PRESSURE,TRUE,DERIVED,Fatal injury occurred.,Fatal injury,True,SILVER,ML_ELIGIBLE
EVT-IMCA-0104,INCIDENT,International Marine Contractors Association (IMCA),SRC-IMCA-0104,2025-10-02,Tanker Vessel,International Marine & Offshore,Lifting & Rigging Operations,pump,PRESSURE,TRUE,DERIVED,None reported / Equipment stoppage or minor disruption.,,False,SILVER,ML_ELIGIBLE
EVT-IMCA-0105,INCIDENT,International Marine Contractors Association (IMCA),SRC-IMCA-0105,2025-10-02,Tanker Vessel,International Marine & Offshore,Lifting & Rigging Operations,crane,GRAVITATIONAL,TRUE,EXPLICIT,No injuries occurred (Near Miss / Potential Consequence only).,None,False,GOLD,ML_ELIGIBLE
EVT-IMCA-0106,INCIDENT,International Marine Contractors Association (IMCA),SRC-IMCA-0106,2025-10-02,Tanker Vessel,International Marine & Offshore,Lifting & Rigging Operations,pump,PRESSURE,TRUE,DERIVED,Personal injury sustained (Burn injury).,Burn injury,False,SILVER,ML_ELIGIBLE
EVT-IMCA-0107,INCIDENT,International Marine Contractors Association (IMCA),SRC-IMCA-0107,2025-10-02,Mobile Offshore Drilling Unit (MODU),International Marine & Offshore,Lifting & Rigging Operations,pump,PRESSURE,TRUE,DERIVED,Personal injury sustained (Burn injury).,Burn injury,False,SILVER,ML_ELIGIBLE
EVT-IMCA-0108,INCIDENT,International Marine Contractors Association (IMCA),SRC-IMCA-0108,2025-09-17,Tanker Vessel,International Marine & Offshore,Lifting & Rigging Operations,crane,GRAVITATIONAL,TRUE,EXPLICIT,No injuries occurred (Near Miss / Potential Consequence only).,None,False,GOLD,ML_ELIGIBLE
EVT-IMCA-0109,INCIDENT,International Marine Contractors Association (IMCA),SRC-IMCA-0109,2025-09-17,Tanker Vessel,International Marine & Offshore,Lifting & Rigging Operations,pump,PRESSURE,TRUE,DERIVED,None reported / Equipment stoppage or minor disruption.,,False,SILVER,ML_ELIGIBLE
EVT-IMCA-0110,INCIDENT,International Marine Contractors Association (IMCA),SRC-IMCA-0110,2025-09-17,Tanker Vessel,International Marine & Offshore,Lifting & Rigging Operations,crane,PRESSURE,TRUE,DERIVED,None reported / Equipment stoppage or minor disruption.,,False,SILVER,ML_ELIGIBLE
EVT-IMCA-0111,INCIDENT,International Marine Contractors Association (IMCA),SRC-IMCA-0111,2025-09-17,Tanker Vessel,International Marine & Offshore,Lifting & Rigging Operations,pump,PRESSURE,TRUE,DERIVED,Lost time / serious personal injury sustained.,Fracture / Lost time injury,False,SILVER,ML_ELIGIBLE
EVT-IMCA-0112,INCIDENT,International Marine Contractors Association (IMCA),SRC-IMCA-0112,2025-09-17,Offshore Fixed Platform,International Marine & Offshore,Lifting & Rigging Operations,pump,PRESSURE,TRUE,DERIVED,None reported / Equipment stoppage or minor disruption.,,False,SILVER,ML_ELIGIBLE
EVT-IMCA-0113,INCIDENT,International Marine Contractors Association (IMCA),SRC-IMCA-0113,2025-09-04,Tanker Vessel,International Marine & Offshore,Lifting & Rigging Operations,pump,PRESSURE,TRUE,DERIVED,Lost time / serious personal injury sustained.,Fracture / Lost time injury,False,SILVER,ML_ELIGIBLE
EVT-IMCA-0114,INCIDENT,International Marine Contractors Association (IMCA),SRC-IMCA-0114,2025-09-04,FPSO (Floating Production Storage & Offloading),International Marine & Offshore,Lifting & Rigging Operations,pump,PRESSURE,TRUE,DERIVED,Personal injury sustained (Amputation injury).,Amputation injury,False,SILVER,ML_ELIGIBLE
EVT-IMCA-0115,INCIDENT,International Marine Contractors Association (IMCA),SRC-IMCA-0115,2025-09-04,Tanker Vessel,International Marine & Offshore,Lifting & Rigging Operations,pump,GRAVITATIONAL,TRUE,DERIVED,Personal injury sustained (Burn injury).,Burn injury,False,SILVER,ML_ELIGIBLE
EVT-IMCA-0116,INCIDENT,International Marine Contractors Association (IMCA),SRC-IMCA-0116,2025-09-04,Tanker Vessel,International Marine & Offshore,Lifting & Rigging Operations,pump,PRESSURE,TRUE,EXPLICIT,Fatal injury occurred.,Fatal injury,True,GOLD,ML_ELIGIBLE
EVT-IMCA-0117,INCIDENT,International Marine Contractors Association (IMCA),SRC-IMCA-0117,2025-09-04,Tanker Vessel,International Marine & Offshore,Lifting & Rigging Operations,hose,PRESSURE,TRUE,DERIVED,None reported / Equipment stoppage or minor disruption.,,False,SILVER,ML_ELIGIBLE
EVT-IMCA-0118,INCIDENT,International Marine Contractors Association (IMCA),SRC-IMCA-0118,2025-08-19,Tanker Vessel,International Marine & Offshore,Lifting & Rigging Operations,pump,PRESSURE,TRUE,DERIVED,Minor injury requiring first aid or medical attention.,First aid / minor laceration or contusion,False,SILVER,ML_ELIGIBLE
EVT-IMCA-0119,INCIDENT,International Marine Contractors Association (IMCA),SRC-IMCA-0119,2025-08-14,Tanker Vessel,International Marine & Offshore,Lifting & Rigging Operations,pump,PRESSURE,TRUE,DERIVED,Lost time / serious personal injury sustained.,Fracture / Lost time injury,False,SILVER,ML_ELIGIBLE
EVT-IMCA-0120,INCIDENT,International Marine Contractors Association (IMCA),SRC-IMCA-0120,2025-08-14,Tanker Vessel,International Marine & Offshore,Lifting & Rigging Operations,pump,PRESSURE,TRUE,DERIVED,None reported / Equipment stoppage or minor disruption.,,False,SILVER,ML_ELIGIBLE
EVT-IMCA-0121,INCIDENT,International Marine Contractors Association (IMCA),SRC-IMCA-0121,2025-08-14,Tanker Vessel,International Marine & Offshore,Lifting & Rigging Operations,crane,PRESSURE,TRUE,EXPLICIT,Fatal injury occurred.,Fatal injury,True,GOLD,ML_ELIGIBLE
EVT-IMCA-0122,INCIDENT,International Marine Contractors Association (IMCA),SRC-IMCA-0122,2025-08-14,Tanker Vessel,International Marine & Offshore,Lifting & Rigging Operations,pump,PRESSURE,TRUE,DERIVED,Minor injury requiring first aid or medical attention.,First aid / minor laceration or contusion,False,SILVER,ML_ELIGIBLE
EVT-IMCA-0123,INCIDENT,International Marine Contractors Association (IMCA),SRC-IMCA-0123,2025-08-14,Tanker Vessel,International Marine & Offshore,Lifting & Rigging Operations,pump,PRESSURE,TRUE,EXPLICIT,Minor injury requiring first aid or medical attention.,First aid / minor laceration or contusion,False,GOLD,ML_ELIGIBLE
EVT-IMCA-0124,INCIDENT,International Marine Contractors Association (IMCA),SRC-IMCA-0124,2025-07-31,Offshore Fixed Platform,International Marine & Offshore,Lifting & Rigging Operations,crane,PRESSURE,TRUE,DERIVED,Minor injury requiring first aid or medical attention.,First aid / minor laceration or contusion,False,SILVER,ML_ELIGIBLE
EVT-IMCA-0125,INCIDENT,International Marine Contractors Association (IMCA),SRC-IMCA-0125,2025-07-31,Tanker Vessel,International Marine & Offshore,Lifting & Rigging Operations,pump,PRESSURE,TRUE,DERIVED,None reported / Equipment stoppage or minor disruption.,,False,SILVER,ML_ELIGIBLE
EVT-IMCA-0126,NEAR_MISS,International Marine Contractors Association (IMCA),SRC-IMCA-0126,2025-07-31,UNKNOWN,International Marine & Offshore,Subsea & Diving Operations,voltage,ELECTRICAL,UNKNOWN,UNKNOWN,No injuries occurred (Near Miss / Potential Consequence only).,None,False,BRONZE,QUARANTINED
EVT-IMCA-0127,INCIDENT,International Marine Contractors Association (IMCA),SRC-IMCA-0127,2025-07-31,Tanker Vessel,International Marine & Offshore,Lifting & Rigging Operations,pump,GRAVITATIONAL,TRUE,DERIVED,None reported / Equipment stoppage or minor disruption.,,False,SILVER,ML_ELIGIBLE
EVT-IMCA-0128,INCIDENT,International Marine Contractors Association (IMCA),SRC-IMCA-0128,2025-07-31,Offshore Fixed Platform,International Marine & Offshore,Lifting & Rigging Operations,pump,PRESSURE,TRUE,DERIVED,No injuries occurred (Near Miss / Potential Consequence only).,None,False,SILVER,ML_ELIGIBLE
EVT-IMCA-0129,INCIDENT,International Marine Contractors Association (IMCA),SRC-IMCA-0129,2025-07-03,Tanker Vessel,International Marine & Offshore,Lifting & Rigging Operations,pump,PRESSURE,TRUE,DERIVED,Minor injury requiring first aid or medical attention.,First aid / minor laceration or contusion,False,SILVER,ML_ELIGIBLE
EVT-IMCA-0130,INCIDENT,International Marine Contractors Association (IMCA),SRC-IMCA-0130,2025-07-03,Tanker Vessel,International Marine & Offshore,Lifting & Rigging Operations,valve,PRESSURE,TRUE,EXPLICIT,No injuries occurred (Near Miss / Potential Consequence only).,None,False,GOLD,ML_ELIGIBLE
EVT-IMCA-0131,INCIDENT,International Marine Contractors Association (IMCA),SRC-IMCA-0131,2025-07-03,Tanker Vessel,International Marine & Offshore,Lifting & Rigging Operations,crane,PRESSURE,TRUE,DERIVED,Minor injury requiring first aid or medical attention.,First aid / minor laceration or contusion,False,SILVER,ML_ELIGIBLE
EVT-IMCA-0132,INCIDENT,International Marine Contractors Association (IMCA),SRC-IMCA-0132,2025-07-03,Tanker Vessel,International Marine & Offshore,Lifting & Rigging Operations,pump,PRESSURE,TRUE,DERIVED,Personal injury sustained (Burn injury).,Burn injury,False,SILVER,ML_ELIGIBLE
EVT-IMCA-0133,INCIDENT,International Marine Contractors Association (IMCA),SRC-IMCA-0133,2025-07-03,Tanker Vessel,International Marine & Offshore,Lifting & Rigging Operations,pump,GRAVITATIONAL,TRUE,DERIVED,Fatal injury occurred.,Fatal injury,True,SILVER,ML_ELIGIBLE
EVT-IMCA-0134,INCIDENT,International Marine Contractors Association (IMCA),SRC-IMCA-0134,2025-06-18,UNKNOWN,International Marine & Offshore,Lifting & Rigging Operations,crane,GRAVITATIONAL,TRUE,DERIVED,No injuries occurred (Near Miss / Potential Consequence only).,None,False,SILVER,ML_ELIGIBLE
EVT-IMCA-0135,INCIDENT,International Marine Contractors Association (IMCA),SRC-IMCA-0135,2025-06-18,UNKNOWN,International Marine & Offshore,Lifting & Rigging Operations,pump,GRAVITATIONAL,TRUE,DERIVED,None reported / Equipment stoppage or minor disruption.,,False,SILVER,ML_ELIGIBLE
EVT-IMCA-0136,INCIDENT,International Marine Contractors Association (IMCA),SRC-IMCA-0136,2025-06-18,Tanker Vessel,International Marine & Offshore,Lifting & Rigging Operations,pump,GRAVITATIONAL,TRUE,EXPLICIT,No injuries occurred (Near Miss / Potential Consequence only).,None,False,GOLD,ML_ELIGIBLE
EVT-IMCA-0137,INCIDENT,International Marine Contractors Association (IMCA),SRC-IMCA-0137,2025-06-18,Tanker Vessel,International Marine & Offshore,Lifting & Rigging Operations,valve,PRESSURE,TRUE,DERIVED,Fatal injury occurred.,Fatal injury,True,SILVER,ML_ELIGIBLE
EVT-IMCA-0138,INCIDENT,International Marine Contractors Association (IMCA),SRC-IMCA-0138,2025-06-18,Barge,International Marine & Offshore,Lifting & Rigging Operations,valve,GRAVITATIONAL,TRUE,DERIVED,No injuries occurred (Near Miss / Potential Consequence only).,None,False,SILVER,ML_ELIGIBLE
EVT-IMCA-0139,INCIDENT,International Marine Contractors Association (IMCA),SRC-IMCA-0139,2025-06-18,Tanker Vessel,International Marine & Offshore,Lifting & Rigging Operations,winch,GRAVITATIONAL,TRUE,DERIVED,None reported / Equipment stoppage or minor disruption.,,False,SILVER,ML_ELIGIBLE
EVT-IMCA-0140,INCIDENT,International Marine Contractors Association (IMCA),SRC-IMCA-0140,2025-06-04,UNKNOWN,International Marine & Offshore,Lifting & Rigging Operations,pump,PRESSURE,TRUE,DERIVED,Personal injury sustained (Burn injury).,Burn injury,False,SILVER,ML_ELIGIBLE
EVT-IMCA-0141,INCIDENT,International Marine Contractors Association (IMCA),SRC-IMCA-0141,2025-06-04,Tanker Vessel,International Marine & Offshore,Lifting & Rigging Operations,crane,PRESSURE,TRUE,DERIVED,Lost time / serious personal injury sustained.,Fracture / Lost time injury,False,SILVER,ML_ELIGIBLE
EVT-IMCA-0142,INCIDENT,International Marine Contractors Association (IMCA),SRC-IMCA-0142,2025-06-04,Barge,International Marine & Offshore,Lifting & Rigging Operations,pump,PRESSURE,TRUE,EXPLICIT,No injuries occurred (Near Miss / Potential Consequence only).,None,False,GOLD,ML_ELIGIBLE
EVT-IMCA-0143,INCIDENT,International Marine Contractors Association (IMCA),SRC-IMCA-0143,2025-06-04,Tanker Vessel,International Marine & Offshore,Lifting & Rigging Operations,pump,PRESSURE,TRUE,DERIVED,Minor injury requiring first aid or medical attention.,First aid / minor laceration or contusion,False,SILVER,ML_ELIGIBLE
EVT-IMCA-0144,INCIDENT,International Marine Contractors Association (IMCA),SRC-IMCA-0144,2025-06-04,Tanker Vessel,International Marine & Offshore,Lifting & Rigging Operations,pump,GRAVITATIONAL,TRUE,EXPLICIT,Fatal injury occurred.,Fatal injury,True,GOLD,ML_ELIGIBLE
EVT-IMCA-0145,INCIDENT,International Marine Contractors Association (IMCA),SRC-IMCA-0145,2025-05-16,Tanker Vessel,International Marine & Offshore,Lifting & Rigging Operations,crane,PRESSURE,TRUE,DERIVED,Lost time / serious personal injury sustained.,Fracture / Lost time injury,False,SILVER,ML_ELIGIBLE
EVT-IMCA-0146,INCIDENT,International Marine Contractors Association (IMCA),SRC-IMCA-0146,2025-05-16,Tanker Vessel,International Marine & Offshore,Lifting & Rigging Operations,pump,GRAVITATIONAL,TRUE,DERIVED,Minor injury requiring first aid or medical attention.,First aid / minor laceration or contusion,False,SILVER,ML_ELIGIBLE
EVT-IMCA-0147,INCIDENT,International Marine Contractors Association (IMCA),SRC-IMCA-0147,2025-05-16,Tanker Vessel,International Marine & Offshore,Lifting & Rigging Operations,pump,PRESSURE,TRUE,EXPLICIT,Fatal injury occurred.,Fatal injury,True,GOLD,ML_ELIGIBLE
EVT-IMCA-0148,INCIDENT,International Marine Contractors Association (IMCA),SRC-IMCA-0148,2025-05-16,Tanker Vessel,International Marine & Offshore,Lifting & Rigging Operations,pump,PRESSURE,TRUE,EXPLICIT,Fatal injury occurred.,Fatal injury,True,GOLD,ML_ELIGIBLE
EVT-IMCA-0149,INCIDENT,International Marine Contractors Association (IMCA),SRC-IMCA-0149,2025-05-16,Tanker Vessel,International Marine & Offshore,Lifting & Rigging Operations,pump,PRESSURE,TRUE,DERIVED,Minor injury requiring first aid or medical attention.,First aid / minor laceration or contusion,False,SILVER,ML_ELIGIBLE
EVT-IMCA-0150,INCIDENT,International Marine Contractors Association (IMCA),SRC-IMCA-0150,2025-04-29,Tanker Vessel,International Marine & Offshore,Lifting & Rigging Operations,pump,PRESSURE,TRUE,EXPLICIT,Fatal injury occurred.,Fatal injury,True,GOLD,ML_ELIGIBLE
EVT-IMCA-0151,INCIDENT,International Marine Contractors Association (IMCA),SRC-IMCA-0151,2025-04-29,Tanker Vessel,International Marine & Offshore,Lifting & Rigging Operations,pump,PRESSURE,TRUE,EXPLICIT,Fatal injury occurred.,Fatal injury,True,GOLD,ML_ELIGIBLE
EVT-IMCA-0152,INCIDENT,International Marine Contractors Association (IMCA),SRC-IMCA-0152,2025-04-29,Tanker Vessel,International Marine & Offshore,Lifting & Rigging Operations,pump,PRESSURE,TRUE,DERIVED,Personal injury sustained (Burn injury).,Burn injury,False,SILVER,ML_ELIGIBLE
EVT-IMCA-0153,INCIDENT,International Marine Contractors Association (IMCA),SRC-IMCA-0153,2025-04-29,Tanker Vessel,International Marine & Offshore,Lifting & Rigging Operations,pump,PRESSURE,TRUE,DERIVED,None reported / Equipment stoppage or minor disruption.,,False,SILVER,ML_ELIGIBLE
EVT-IMCA-0154,INCIDENT,International Marine Contractors Association (IMCA),SRC-IMCA-0154,2025-04-29,Tanker Vessel,International Marine & Offshore,Lifting & Rigging Operations,pump,PRESSURE,TRUE,DERIVED,None reported / Equipment stoppage or minor disruption.,,False,SILVER,ML_ELIGIBLE
EVT-IMCA-0155,INCIDENT,International Marine Contractors Association (IMCA),SRC-IMCA-0155,2025-04-16,Offshore Fixed Platform,International Marine & Offshore,Lifting & Rigging Operations,pump,PRESSURE,TRUE,EXPLICIT,Fatal injury occurred.,Fatal injury,True,GOLD,ML_ELIGIBLE
EVT-IMCA-0156,INCIDENT,International Marine Contractors Association (IMCA),SRC-IMCA-0156,2025-04-16,Jack-up Rig,International Marine & Offshore,Lifting & Rigging Operations,crane,PRESSURE,TRUE,DERIVED,Minor injury requiring first aid or medical attention.,First aid / minor laceration or contusion,False,SILVER,ML_ELIGIBLE
EVT-IMCA-0157,INCIDENT,International Marine Contractors Association (IMCA),SRC-IMCA-0157,2025-04-16,Tanker Vessel,International Marine & Offshore,Lifting & Rigging Operations,valve,PRESSURE,TRUE,DERIVED,None reported / Equipment stoppage or minor disruption.,,False,SILVER,ML_ELIGIBLE
EVT-IMCA-0158,INCIDENT,International Marine Contractors Association (IMCA),SRC-IMCA-0158,2025-04-16,Offshore Fixed Platform,International Marine & Offshore,Lifting & Rigging Operations,crane,PRESSURE,TRUE,DERIVED,Minor injury requiring first aid or medical attention.,First aid / minor laceration or contusion,False,SILVER,ML_ELIGIBLE
EVT-IMCA-0159,INCIDENT,International Marine Contractors Association (IMCA),SRC-IMCA-0159,2025-04-03,Mobile Offshore Drilling Unit (MODU),International Marine & Offshore,Lifting & Rigging Operations,fast rescue craft (FRC),GRAVITATIONAL,TRUE,EXPLICIT,Fatal injury occurred.,Fatal injury,True,GOLD,ML_ELIGIBLE
EVT-IMCA-0160,INCIDENT,International Marine Contractors Association (IMCA),SRC-IMCA-0160,2025-03-19,Tanker Vessel,International Marine & Offshore,Lifting & Rigging Operations,winch,PRESSURE,TRUE,DERIVED,Lost time / serious personal injury sustained.,Fracture / Lost time injury,False,SILVER,ML_ELIGIBLE
EVT-IMCA-0161,INCIDENT,International Marine Contractors Association (IMCA),SRC-IMCA-0161,2025-03-19,Tanker Vessel,International Marine & Offshore,Lifting & Rigging Operations,crane,GRAVITATIONAL,TRUE,DERIVED,No injuries occurred (Near Miss / Potential Consequence only).,None,False,SILVER,ML_ELIGIBLE
EVT-IMCA-0162,INCIDENT,International Marine Contractors Association (IMCA),SRC-IMCA-0162,2025-03-19,Tanker Vessel,International Marine & Offshore,Lifting & Rigging Operations,crane,PRESSURE,TRUE,DERIVED,None reported / Equipment stoppage or minor disruption.,,False,SILVER,ML_ELIGIBLE
EVT-IMCA-0163,INCIDENT,International Marine Contractors Association (IMCA),SRC-IMCA-0163,2025-03-19,Tanker Vessel,International Marine & Offshore,Lifting & Rigging Operations,hose,PRESSURE,TRUE,DERIVED,Minor injury requiring first aid or medical attention.,First aid / minor laceration or contusion,False,SILVER,ML_ELIGIBLE
EVT-IMCA-0164,INCIDENT,International Marine Contractors Association (IMCA),SRC-IMCA-0164,2025-03-19,Offshore Fixed Platform,International Marine & Offshore,Lifting & Rigging Operations,crane,PRESSURE,TRUE,DERIVED,None reported / Equipment stoppage or minor disruption.,,False,SILVER,ML_ELIGIBLE
EVT-IMCA-0165,INCIDENT,International Marine Contractors Association (IMCA),SRC-IMCA-0165,2025-03-06,Tanker Vessel,International Marine & Offshore,Lifting & Rigging Operations,crane,PRESSURE,TRUE,EXPLICIT,Fatal injury occurred.,Fatal injury,True,GOLD,ML_ELIGIBLE
EVT-IMCA-0166,INCIDENT,International Marine Contractors Association (IMCA),SRC-IMCA-0166,2025-03-06,Tanker Vessel,International Marine & Offshore,Lifting & Rigging Operations,pump,PRESSURE,TRUE,DERIVED,No injuries occurred (Near Miss / Potential Consequence only).,None,False,SILVER,ML_ELIGIBLE
EVT-IMCA-0167,INCIDENT,International Marine Contractors Association (IMCA),SRC-IMCA-0167,2025-03-06,Tanker Vessel,International Marine & Offshore,Lifting & Rigging Operations,crane,PRESSURE,TRUE,DERIVED,Lost time / serious personal injury sustained.,Fracture / Lost time injury,False,SILVER,ML_ELIGIBLE
EVT-IMCA-0168,INCIDENT,International Marine Contractors Association (IMCA),SRC-IMCA-0168,2025-03-06,Tanker Vessel,International Marine & Offshore,Lifting & Rigging Operations,crane,PRESSURE,TRUE,DERIVED,Lost time / serious personal injury sustained.,Fracture / Lost time injury,False,SILVER,ML_ELIGIBLE
EVT-IMCA-0169,INCIDENT,International Marine Contractors Association (IMCA),SRC-IMCA-0169,2025-03-06,Tanker Vessel,International Marine & Offshore,Lifting & Rigging Operations,pump,GRAVITATIONAL,TRUE,DERIVED,Personal injury sustained (Burn injury).,Burn injury,False,SILVER,ML_ELIGIBLE
EVT-IMCA-0170,INCIDENT,International Marine Contractors Association (IMCA),SRC-IMCA-0170,2025-02-20,Offshore Fixed Platform,International Marine & Offshore,Lifting & Rigging Operations,pump,PRESSURE,TRUE,DERIVED,None reported / Equipment stoppage or minor disruption.,,False,SILVER,ML_ELIGIBLE
EVT-IMCA-0171,INCIDENT,International Marine Contractors Association (IMCA),SRC-IMCA-0171,2025-02-20,Tanker Vessel,International Marine & Offshore,Lifting & Rigging Operations,fast rescue craft (FRC),GRAVITATIONAL,TRUE,DERIVED,Lost time / serious personal injury sustained.,Fracture / Lost time injury,False,SILVER,ML_ELIGIBLE
EVT-IMCA-0172,INCIDENT,International Marine Contractors Association (IMCA),SRC-IMCA-0172,2025-02-20,Tanker Vessel,International Marine & Offshore,Lifting & Rigging Operations,pump,GRAVITATIONAL,TRUE,DERIVED,No injuries occurred (Near Miss / Potential Consequence only).,None,False,SILVER,ML_ELIGIBLE
EVT-IMCA-0173,INCIDENT,International Marine Contractors Association (IMCA),SRC-IMCA-0173,2025-02-20,Tanker Vessel,International Marine & Offshore,Lifting & Rigging Operations,pump,PRESSURE,TRUE,DERIVED,None reported / Equipment stoppage or minor disruption.,,False,SILVER,ML_ELIGIBLE
EVT-IMCA-0174,INCIDENT,International Marine Contractors Association (IMCA),SRC-IMCA-0174,2025-02-20,Tanker Vessel,International Marine & Offshore,Lifting & Rigging Operations,pump,PRESSURE,TRUE,DERIVED,Minor injury requiring first aid or medical attention.,First aid / minor laceration or contusion,False,SILVER,ML_ELIGIBLE
EVT-IMCA-0175,INCIDENT,International Marine Contractors Association (IMCA),SRC-IMCA-0175,2025-02-20,Offshore Fixed Platform,International Marine & Offshore,Lifting & Rigging Operations,pump,PRESSURE,TRUE,DERIVED,Minor injury requiring first aid or medical attention.,First aid / minor laceration or contusion,False,SILVER,ML_ELIGIBLE
EVT-IMCA-0176,INCIDENT,International Marine Contractors Association (IMCA),SRC-IMCA-0176,2025-02-06,Tanker Vessel,International Marine & Offshore,Lifting & Rigging Operations,hose,PRESSURE,TRUE,DERIVED,Personal injury sustained (Burn injury).,Burn injury,False,SILVER,ML_ELIGIBLE
EVT-IMCA-0177,INCIDENT,International Marine Contractors Association (IMCA),SRC-IMCA-0177,2025-02-06,Tanker Vessel,International Marine & Offshore,Lifting & Rigging Operations,pump,PRESSURE,TRUE,EXPLICIT,Fatal injury occurred.,Fatal injury,True,GOLD,ML_ELIGIBLE
EVT-IMCA-0178,INCIDENT,International Marine Contractors Association (IMCA),SRC-IMCA-0178,2025-02-06,Tanker Vessel,International Marine & Offshore,Lifting & Rigging Operations,pump,PRESSURE,TRUE,EXPLICIT,Fatal injury occurred.,Fatal injury,True,GOLD,ML_ELIGIBLE
EVT-IMCA-0179,INCIDENT,International Marine Contractors Association (IMCA),SRC-IMCA-0179,2025-02-06,Tanker Vessel,International Marine & Offshore,Lifting & Rigging Operations,pump,PRESSURE,TRUE,DERIVED,Minor injury requiring first aid or medical attention.,First aid / minor laceration or contusion,False,SILVER,ML_ELIGIBLE
EVT-IMCA-0180,INCIDENT,International Marine Contractors Association (IMCA),SRC-IMCA-0180,2025-02-06,Tanker Vessel,International Marine & Offshore,Lifting & Rigging Operations,pump,PRESSURE,TRUE,DERIVED,None reported / Equipment stoppage or minor disruption.,,False,SILVER,ML_ELIGIBLE
EVT-IMCA-0181,INCIDENT,International Marine Contractors Association (IMCA),SRC-IMCA-0181,2025-01-23,Offshore Fixed Platform,International Marine & Offshore,Lifting & Rigging Operations,fast rescue craft (FRC),GRAVITATIONAL,TRUE,EXPLICIT,Fatal injury occurred.,Fatal injury,True,GOLD,ML_ELIGIBLE
EVT-IMCA-0182,INCIDENT,International Marine Contractors Association (IMCA),SRC-IMCA-0182,2024-12-17,Tanker Vessel,International Marine & Offshore,Lifting & Rigging Operations,fast rescue craft (FRC),GRAVITATIONAL,TRUE,EXPLICIT,No injuries occurred (Near Miss / Potential Consequence only).,None,False,GOLD,ML_ELIGIBLE
EVT-IMCA-0183,INCIDENT,International Marine Contractors Association (IMCA),SRC-IMCA-0183,2024-12-17,Tanker Vessel,International Marine & Offshore,Lifting & Rigging Operations,flare,GRAVITATIONAL,TRUE,EXPLICIT,No injuries occurred (Near Miss / Potential Consequence only).,None,False,GOLD,ML_ELIGIBLE
EVT-IMCA-0184,INCIDENT,International Marine Contractors Association (IMCA),SRC-IMCA-0184,2024-12-17,Tanker Vessel,International Marine & Offshore,Lifting & Rigging Operations,pump,PRESSURE,TRUE,DERIVED,Minor injury requiring first aid or medical attention.,First aid / minor laceration or contusion,False,SILVER,ML_ELIGIBLE
EVT-IMCA-0185,INCIDENT,International Marine Contractors Association (IMCA),SRC-IMCA-0185,2024-12-17,UNKNOWN,International Marine & Offshore,Lifting & Rigging Operations,pump,GRAVITATIONAL,TRUE,DERIVED,Lost time / serious personal injury sustained.,Fracture / Lost time injury,False,SILVER,ML_ELIGIBLE
EVT-IMCA-0186,INCIDENT,International Marine Contractors Association (IMCA),SRC-IMCA-0186,2024-12-17,Tanker Vessel,International Marine & Offshore,Lifting & Rigging Operations,hose,PRESSURE,TRUE,EXPLICIT,No injuries occurred (Near Miss / Potential Consequence only).,None,False,GOLD,ML_ELIGIBLE
EVT-IMCA-0187,INCIDENT,International Marine Contractors Association (IMCA),SRC-IMCA-0187,2024-11-27,Tanker Vessel,International Marine & Offshore,Lifting & Rigging Operations,fast rescue craft (FRC),PRESSURE,TRUE,DERIVED,Lost time / serious personal injury sustained.,Fracture / Lost time injury,False,SILVER,ML_ELIGIBLE
EVT-IMCA-0188,INCIDENT,International Marine Contractors Association (IMCA),SRC-IMCA-0188,2024-11-27,Tanker Vessel,International Marine & Offshore,Lifting & Rigging Operations,pump,PRESSURE,TRUE,DERIVED,Minor injury requiring first aid or medical attention.,First aid / minor laceration or contusion,False,SILVER,ML_ELIGIBLE
EVT-IMCA-0189,INCIDENT,International Marine Contractors Association (IMCA),SRC-IMCA-0189,2024-11-27,Wind Turbine Generator,International Marine & Offshore,Lifting & Rigging Operations,crane,GRAVITATIONAL,TRUE,DERIVED,None reported / Equipment stoppage or minor disruption.,,False,SILVER,ML_ELIGIBLE
EVT-IMCA-0190,INCIDENT,International Marine Contractors Association (IMCA),SRC-IMCA-0190,2024-11-27,Tanker Vessel,International Marine & Offshore,Lifting & Rigging Operations,pump,GRAVITATIONAL,TRUE,DERIVED,Minor injury requiring first aid or medical attention.,First aid / minor laceration or contusion,False,SILVER,ML_ELIGIBLE
EVT-IMCA-0191,INCIDENT,International Marine Contractors Association (IMCA),SRC-IMCA-0191,2024-11-27,Tanker Vessel,International Marine & Offshore,Lifting & Rigging Operations,pump,PRESSURE,TRUE,DERIVED,Minor injury requiring first aid or medical attention.,First aid / minor laceration or contusion,False,SILVER,ML_ELIGIBLE
EVT-IMCA-0192,INCIDENT,International Marine Contractors Association (IMCA),SRC-IMCA-0192,2024-11-12,Diving Support Vessel (DSV),International Marine & Offshore,Lifting & Rigging Operations,pump,PRESSURE,TRUE,EXPLICIT,No injuries occurred (Near Miss / Potential Consequence only).,None,False,GOLD,ML_ELIGIBLE
EVT-IMCA-0193,INCIDENT,International Marine Contractors Association (IMCA),SRC-IMCA-0193,2024-11-11,Offshore Fixed Platform,International Marine & Offshore,Lifting & Rigging Operations,pump,GRAVITATIONAL,TRUE,DERIVED,No injuries occurred (Near Miss / Potential Consequence only).,None,False,SILVER,ML_ELIGIBLE
EVT-IMCA-0194,INCIDENT,International Marine Contractors Association (IMCA),SRC-IMCA-0194,2024-11-11,Offshore Fixed Platform,International Marine & Offshore,Lifting & Rigging Operations,pump,PRESSURE,TRUE,DERIVED,None reported / Equipment stoppage or minor disruption.,,False,SILVER,ML_ELIGIBLE
EVT-IMCA-0195,INCIDENT,International Marine Contractors Association (IMCA),SRC-IMCA-0195,2024-11-11,Tanker Vessel,International Marine & Offshore,Lifting & Rigging Operations,crane,PRESSURE,TRUE,DERIVED,Personal injury sustained (Burn injury).,Burn injury,False,SILVER,ML_ELIGIBLE
EVT-IMCA-0196,INCIDENT,International Marine Contractors Association (IMCA),SRC-IMCA-0196,2024-11-11,Tanker Vessel,International Marine & Offshore,Lifting & Rigging Operations,crane,PRESSURE,TRUE,DERIVED,No injuries occurred (Near Miss / Potential Consequence only).,None,False,SILVER,ML_ELIGIBLE
EVT-IMCA-0197,INCIDENT,International Marine Contractors Association (IMCA),SRC-IMCA-0197,2024-10-24,UNKNOWN,International Marine & Offshore,Lifting & Rigging Operations,crane load,GRAVITATIONAL,TRUE,DERIVED,Personal injury sustained (Burn injury).,Burn injury,False,SILVER,ML_ELIGIBLE
EVT-IMCA-0198,INCIDENT,International Marine Contractors Association (IMCA),SRC-IMCA-0198,2024-10-24,Offshore Fixed Platform,International Marine & Offshore,Lifting & Rigging Operations,fast rescue craft (FRC),GRAVITATIONAL,TRUE,DERIVED,Lost time / serious personal injury sustained.,Fracture / Lost time injury,False,SILVER,ML_ELIGIBLE
EVT-IMCA-0199,INCIDENT,International Marine Contractors Association (IMCA),SRC-IMCA-0199,2024-10-24,Wind Turbine Generator,International Marine & Offshore,Lifting & Rigging Operations,crane,GRAVITATIONAL,TRUE,EXPLICIT,Fatal injury occurred.,Fatal injury,True,GOLD,ML_ELIGIBLE
EVT-IMCA-0200,INCIDENT,International Marine Contractors Association (IMCA),SRC-IMCA-0200,2024-10-24,Offshore Fixed Platform,International Marine & Offshore,Lifting & Rigging Operations,crane,GRAVITATIONAL,TRUE,EXPLICIT,Fatal injury occurred.,Fatal injury,True,GOLD,ML_ELIGIBLE
EVT-IMCA-0201,INCIDENT,International Marine Contractors Association (IMCA),SRC-IMCA-0201,2024-10-24,Tanker Vessel,International Marine & Offshore,Lifting & Rigging Operations,pump,PRESSURE,TRUE,DERIVED,None reported / Equipment stoppage or minor disruption.,,False,SILVER,ML_ELIGIBLE
EVT-IMCA-0202,INCIDENT,International Marine Contractors Association (IMCA),SRC-IMCA-0202,2024-10-14,Tanker Vessel,International Marine & Offshore,Lifting & Rigging Operations,valve,PRESSURE,TRUE,DERIVED,Fatal injury occurred.,Fatal injury,True,SILVER,ML_ELIGIBLE
EVT-IMCA-0203,INCIDENT,International Marine Contractors Association (IMCA),SRC-IMCA-0203,2024-10-14,Tanker Vessel,International Marine & Offshore,Lifting & Rigging Operations,pump,PRESSURE,TRUE,DERIVED,No injuries occurred (Near Miss / Potential Consequence only).,None,False,SILVER,ML_ELIGIBLE
EVT-IMCA-0204,INCIDENT,International Marine Contractors Association (IMCA),SRC-IMCA-0204,2024-10-14,Tanker Vessel,International Marine & Offshore,Lifting & Rigging Operations,hose,PRESSURE,TRUE,DERIVED,None reported / Equipment stoppage or minor disruption.,,False,SILVER,ML_ELIGIBLE
EVT-IMCA-0205,NEAR_MISS,International Marine Contractors Association (IMCA),SRC-IMCA-0205,2024-10-14,UNKNOWN,International Marine & Offshore,General Industrial / Offshore Operations,,THERMAL,UNKNOWN,UNKNOWN,No injuries occurred (Near Miss / Potential Consequence only).,None,False,BRONZE,QUARANTINED
EVT-IMCA-0207,INCIDENT,International Marine Contractors Association (IMCA),SRC-IMCA-0207,2024-10-14,Tanker Vessel,International Marine & Offshore,Lifting & Rigging Operations,valve,PRESSURE,TRUE,EXPLICIT,Fatal injury occurred.,Fatal injury,True,GOLD,ML_ELIGIBLE
EVT-IMCA-0208,INCIDENT,International Marine Contractors Association (IMCA),SRC-IMCA-0208,2024-09-25,Offshore Fixed Platform,International Marine & Offshore,Lifting & Rigging Operations,pump,PRESSURE,TRUE,DERIVED,None reported / Equipment stoppage or minor disruption.,,False,SILVER,ML_ELIGIBLE
EVT-IMCA-0209,INCIDENT,International Marine Contractors Association (IMCA),SRC-IMCA-0209,2024-09-25,Tanker Vessel,International Marine & Offshore,Lifting & Rigging Operations,pump,GRAVITATIONAL,TRUE,DERIVED,Minor injury requiring first aid or medical attention.,First aid / minor laceration or contusion,False,SILVER,ML_ELIGIBLE
EVT-IMCA-0210,INCIDENT,International Marine Contractors Association (IMCA),SRC-IMCA-0210,2024-09-25,Tanker Vessel,International Marine & Offshore,Lifting & Rigging Operations,valve,PRESSURE,TRUE,DERIVED,None reported / Equipment stoppage or minor disruption.,,False,SILVER,ML_ELIGIBLE
EVT-IMCA-0211,INCIDENT,International Marine Contractors Association (IMCA),SRC-IMCA-0211,2024-09-25,Tanker Vessel,International Marine & Offshore,Lifting & Rigging Operations,winch,PRESSURE,TRUE,DERIVED,None reported / Equipment stoppage or minor disruption.,,False,SILVER,ML_ELIGIBLE
EVT-IMCA-0212,INCIDENT,International Marine Contractors Association (IMCA),SRC-IMCA-0212,2024-09-25,Tanker Vessel,International Marine & Offshore,Lifting & Rigging Operations,pump,PRESSURE,TRUE,DERIVED,Minor injury requiring first aid or medical attention.,First aid / minor laceration or contusion,False,SILVER,ML_ELIGIBLE
EVT-IMCA-0213,INCIDENT,International Marine Contractors Association (IMCA),SRC-IMCA-0213,2024-09-04,UNKNOWN,International Marine & Offshore,Lifting & Rigging Operations,pump,PRESSURE,TRUE,DERIVED,None reported / Equipment stoppage or minor disruption.,,False,SILVER,ML_ELIGIBLE
EVT-IMCA-0214,INCIDENT,International Marine Contractors Association (IMCA),SRC-IMCA-0214,2024-09-03,Tanker Vessel,International Marine & Offshore,Lifting & Rigging Operations,crane,GRAVITATIONAL,TRUE,DERIVED,No injuries occurred (Near Miss / Potential Consequence only).,None,False,SILVER,ML_ELIGIBLE
EVT-IMCA-0215,INCIDENT,International Marine Contractors Association (IMCA),SRC-IMCA-0215,2024-09-03,Tanker Vessel,International Marine & Offshore,Lifting & Rigging Operations,fast rescue craft (FRC),PRESSURE,TRUE,DERIVED,Fatal injury occurred.,Fatal injury,True,SILVER,ML_ELIGIBLE
EVT-IMCA-0216,INCIDENT,International Marine Contractors Association (IMCA),SRC-IMCA-0216,2024-09-03,Offshore Fixed Platform,International Marine & Offshore,Lifting & Rigging Operations,suspended load,GRAVITATIONAL,TRUE,DERIVED,Minor injury requiring first aid or medical attention.,First aid / minor laceration or contusion,False,SILVER,ML_ELIGIBLE
EVT-IMCA-0217,INCIDENT,International Marine Contractors Association (IMCA),SRC-IMCA-0217,2024-09-03,Tanker Vessel,International Marine & Offshore,Lifting & Rigging Operations,pump,PRESSURE,TRUE,DERIVED,None reported / Equipment stoppage or minor disruption.,,False,SILVER,ML_ELIGIBLE
EVT-IMCA-0218,INCIDENT,International Marine Contractors Association (IMCA),SRC-IMCA-0218,2024-09-03,Tanker Vessel,International Marine & Offshore,Lifting & Rigging Operations,pump,PRESSURE,TRUE,DERIVED,No injuries occurred (Near Miss / Potential Consequence only).,None,False,SILVER,ML_ELIGIBLE
EVT-IMCA-0219,INCIDENT,International Marine Contractors Association (IMCA),SRC-IMCA-0219,2024-08-29,Offshore Fixed Platform,International Marine & Offshore,Lifting & Rigging Operations,scaffold,GRAVITATIONAL,TRUE,DERIVED,Fatal injury occurred.,Fatal injury,True,SILVER,ML_ELIGIBLE
EVT-IMCA-0220,INCIDENT,International Marine Contractors Association (IMCA),SRC-IMCA-0220,2024-08-29,Tanker Vessel,International Marine & Offshore,Lifting & Rigging Operations,pump,PRESSURE,TRUE,DERIVED,Lost time / serious personal injury sustained.,Fracture / Lost time injury,False,SILVER,ML_ELIGIBLE
EVT-IMCA-0221,INCIDENT,International Marine Contractors Association (IMCA),SRC-IMCA-0221,2024-08-29,Offshore Fixed Platform,International Marine & Offshore,Lifting & Rigging Operations,fast rescue craft (FRC),GRAVITATIONAL,TRUE,DERIVED,Fatal injury occurred.,Fatal injury,True,SILVER,ML_ELIGIBLE
EVT-IMCA-0222,INCIDENT,International Marine Contractors Association (IMCA),SRC-IMCA-0222,2024-08-29,Tanker Vessel,International Marine & Offshore,Lifting & Rigging Operations,pump,GRAVITATIONAL,TRUE,EXPLICIT,None reported / Equipment stoppage or minor disruption.,,False,GOLD,ML_ELIGIBLE
EVT-IMCA-0223,INCIDENT,International Marine Contractors Association (IMCA),SRC-IMCA-0223,2024-08-29,Tanker Vessel,International Marine & Offshore,Lifting & Rigging Operations,crane,PRESSURE,TRUE,DERIVED,No injuries occurred (Near Miss / Potential Consequence only).,None,False,SILVER,ML_ELIGIBLE
EVT-IMCA-0224,INCIDENT,International Marine Contractors Association (IMCA),SRC-IMCA-0224,2024-08-14,Tanker Vessel,International Marine & Offshore,Lifting & Rigging Operations,valve,PRESSURE,TRUE,DERIVED,None reported / Equipment stoppage or minor disruption.,,False,SILVER,ML_ELIGIBLE
EVT-IMCA-0225,INCIDENT,International Marine Contractors Association (IMCA),SRC-IMCA-0225,2024-08-14,Tanker Vessel,International Marine & Offshore,Lifting & Rigging Operations,pump,PRESSURE,TRUE,DERIVED,Lost time / serious personal injury sustained.,Fracture / Lost time injury,False,SILVER,ML_ELIGIBLE
EVT-IMCA-0226,INCIDENT,International Marine Contractors Association (IMCA),SRC-IMCA-0226,2024-08-14,Tanker Vessel,International Marine & Offshore,Lifting & Rigging Operations,pump,PRESSURE,TRUE,DERIVED,Minor injury requiring first aid or medical attention.,First aid / minor laceration or contusion,False,SILVER,ML_ELIGIBLE
EVT-IMCA-0227,INCIDENT,International Marine Contractors Association (IMCA),SRC-IMCA-0227,2024-08-14,Tanker Vessel,International Marine & Offshore,Lifting & Rigging Operations,pump,PRESSURE,TRUE,DERIVED,Minor injury requiring first aid or medical attention.,First aid / minor laceration or contusion,False,SILVER,ML_ELIGIBLE
EVT-IMCA-0228,INCIDENT,International Marine Contractors Association (IMCA),SRC-IMCA-0228,2024-08-14,Tanker Vessel,International Marine & Offshore,Lifting & Rigging Operations,valve,PRESSURE,TRUE,DERIVED,None reported / Equipment stoppage or minor disruption.,,False,SILVER,ML_ELIGIBLE
EVT-IMCA-0229,INCIDENT,International Marine Contractors Association (IMCA),SRC-IMCA-0229,2024-07-31,Tanker Vessel,International Marine & Offshore,Lifting & Rigging Operations,pump,PRESSURE,TRUE,DERIVED,Minor injury requiring first aid or medical attention.,First aid / minor laceration or contusion,False,SILVER,ML_ELIGIBLE
EVT-IMCA-0230,INCIDENT,International Marine Contractors Association (IMCA),SRC-IMCA-0230,2024-07-31,Tanker Vessel,International Marine & Offshore,Lifting & Rigging Operations,fast rescue craft (FRC),PRESSURE,TRUE,DERIVED,Fatal injury occurred.,Fatal injury,True,SILVER,ML_ELIGIBLE
EVT-IMCA-0231,INCIDENT,International Marine Contractors Association (IMCA),SRC-IMCA-0231,2024-07-31,Tanker Vessel,International Marine & Offshore,Lifting & Rigging Operations,hose,GRAVITATIONAL,TRUE,DERIVED,None reported / Equipment stoppage or minor disruption.,,False,SILVER,ML_ELIGIBLE
EVT-IMCA-0232,INCIDENT,International Marine Contractors Association (IMCA),SRC-IMCA-0232,2024-07-31,Tanker Vessel,International Marine & Offshore,Lifting & Rigging Operations,crane,GRAVITATIONAL,TRUE,EXPLICIT,No injuries occurred (Near Miss / Potential Consequence only).,None,False,GOLD,ML_ELIGIBLE
EVT-IMCA-0233,INCIDENT,International Marine Contractors Association (IMCA),SRC-IMCA-0233,2024-07-31,Offshore Fixed Platform,International Marine & Offshore,Lifting & Rigging Operations,pump,PRESSURE,TRUE,EXPLICIT,Fatal injury occurred.,Fatal injury,True,GOLD,ML_ELIGIBLE
EVT-IMCA-0234,INCIDENT,International Marine Contractors Association (IMCA),SRC-IMCA-0234,2024-07-16,Tanker Vessel,International Marine & Offshore,Lifting & Rigging Operations,pump,PRESSURE,TRUE,DERIVED,No injuries occurred (Near Miss / Potential Consequence only).,None,False,SILVER,ML_ELIGIBLE
EVT-IMCA-0235,INCIDENT,International Marine Contractors Association (IMCA),SRC-IMCA-0235,2024-07-16,Tanker Vessel,International Marine & Offshore,Lifting & Rigging Operations,pump,PRESSURE,TRUE,DERIVED,No injuries occurred (Near Miss / Potential Consequence only).,None,False,SILVER,ML_ELIGIBLE
EVT-IMCA-0236,INCIDENT,International Marine Contractors Association (IMCA),SRC-IMCA-0236,2024-07-16,Tanker Vessel,International Marine & Offshore,Lifting & Rigging Operations,pump,PRESSURE,TRUE,DERIVED,Minor injury requiring first aid or medical attention.,First aid / minor laceration or contusion,False,SILVER,ML_ELIGIBLE
EVT-IMCA-0237,INCIDENT,International Marine Contractors Association (IMCA),SRC-IMCA-0237,2024-07-16,Tanker Vessel,International Marine & Offshore,Lifting & Rigging Operations,winch,PRESSURE,TRUE,DERIVED,Personal injury sustained (Burn injury).,Burn injury,False,SILVER,ML_ELIGIBLE
EVT-IMCA-0238,INCIDENT,International Marine Contractors Association (IMCA),SRC-IMCA-0238,2024-07-16,Tanker Vessel,International Marine & Offshore,Lifting & Rigging Operations,crane,PRESSURE,TRUE,DERIVED,None reported / Equipment stoppage or minor disruption.,,False,SILVER,ML_ELIGIBLE
EVT-IMCA-0239,INCIDENT,International Marine Contractors Association (IMCA),SRC-IMCA-0239,2024-07-02,Tanker Vessel,International Marine & Offshore,Lifting & Rigging Operations,winch,GRAVITATIONAL,TRUE,EXPLICIT,No injuries occurred (Near Miss / Potential Consequence only).,None,False,GOLD,ML_ELIGIBLE
EVT-IMCA-0240,INCIDENT,International Marine Contractors Association (IMCA),SRC-IMCA-0240,2024-07-02,Wind Turbine Generator,International Marine & Offshore,Lifting & Rigging Operations,pump,PRESSURE,TRUE,DERIVED,Minor injury requiring first aid or medical attention.,First aid / minor laceration or contusion,False,SILVER,ML_ELIGIBLE
EVT-IMCA-0241,INCIDENT,International Marine Contractors Association (IMCA),SRC-IMCA-0241,2024-07-02,Tanker Vessel,International Marine & Offshore,Lifting & Rigging Operations,pump,GRAVITATIONAL,TRUE,DERIVED,No injuries occurred (Near Miss / Potential Consequence only).,None,False,SILVER,ML_ELIGIBLE
EVT-IMCA-0242,INCIDENT,International Marine Contractors Association (IMCA),SRC-IMCA-0242,2024-07-02,Tanker Vessel,International Marine & Offshore,Lifting & Rigging Operations,pump,PRESSURE,TRUE,DERIVED,Fatal injury occurred.,Fatal injury,True,SILVER,ML_ELIGIBLE
EVT-IMCA-0243,INCIDENT,International Marine Contractors Association (IMCA),SRC-IMCA-0243,2024-07-02,Tanker Vessel,International Marine & Offshore,Lifting & Rigging Operations,pump,GRAVITATIONAL,TRUE,EXPLICIT,Fatal injury occurred.,Fatal injury,True,GOLD,ML_ELIGIBLE
EVT-IMCA-0244,INCIDENT,International Marine Contractors Association (IMCA),SRC-IMCA-0244,2024-06-18,Tanker Vessel,International Marine & Offshore,Lifting & Rigging Operations,pressure safety valve,PRESSURE,TRUE,DERIVED,None reported / Equipment stoppage or minor disruption.,,False,SILVER,ML_ELIGIBLE
EVT-IMCA-0245,INCIDENT,International Marine Contractors Association (IMCA),SRC-IMCA-0245,2024-06-18,Tanker Vessel,International Marine & Offshore,Lifting & Rigging Operations,pump,GRAVITATIONAL,TRUE,EXPLICIT,Fatal injury occurred.,Fatal injury,True,GOLD,ML_ELIGIBLE
EVT-IMCA-0246,INCIDENT,International Marine Contractors Association (IMCA),SRC-IMCA-0246,2024-06-18,Tanker Vessel,International Marine & Offshore,Lifting & Rigging Operations,pump,PRESSURE,TRUE,EXPLICIT,No injuries occurred (Near Miss / Potential Consequence only).,None,False,GOLD,ML_ELIGIBLE
EVT-IMCA-0247,INCIDENT,International Marine Contractors Association (IMCA),SRC-IMCA-0247,2024-06-18,Tanker Vessel,International Marine & Offshore,Lifting & Rigging Operations,valve,PRESSURE,TRUE,DERIVED,Fatal injury occurred.,Fatal injury,True,SILVER,ML_ELIGIBLE
EVT-IMCA-0248,INCIDENT,International Marine Contractors Association (IMCA),SRC-IMCA-0248,2024-06-18,Tanker Vessel,International Marine & Offshore,Lifting & Rigging Operations,suspended load,GRAVITATIONAL,TRUE,EXPLICIT,Fatal injury occurred.,Fatal injury,True,GOLD,ML_ELIGIBLE
EVT-IMCA-0249,INCIDENT,International Marine Contractors Association (IMCA),SRC-IMCA-0249,2024-06-03,Tanker Vessel,International Marine & Offshore,Lifting & Rigging Operations,crane,GRAVITATIONAL,TRUE,EXPLICIT,No injuries occurred (Near Miss / Potential Consequence only).,None,False,GOLD,ML_ELIGIBLE
EVT-IMCA-0250,INCIDENT,International Marine Contractors Association (IMCA),SRC-IMCA-0250,2024-06-03,Offshore Fixed Platform,International Marine & Offshore,Lifting & Rigging Operations,pump,PRESSURE,TRUE,DERIVED,No injuries occurred (Near Miss / Potential Consequence only).,None,False,SILVER,ML_ELIGIBLE
EVT-IMCA-0251,INCIDENT,International Marine Contractors Association (IMCA),SRC-IMCA-0251,2024-06-03,Offshore Fixed Platform,International Marine & Offshore,Lifting & Rigging Operations,valve,PRESSURE,TRUE,DERIVED,No injuries occurred (Near Miss / Potential Consequence only).,None,False,SILVER,ML_ELIGIBLE
EVT-IMCA-0252,INCIDENT,International Marine Contractors Association (IMCA),SRC-IMCA-0252,2024-06-03,UNKNOWN,International Marine & Offshore,Lifting & Rigging Operations,pump,PRESSURE,TRUE,EXPLICIT,Lost time / serious personal injury sustained.,Fracture / Lost time injury,False,GOLD,ML_ELIGIBLE
EVT-IMCA-0253,INCIDENT,International Marine Contractors Association (IMCA),SRC-IMCA-0253,2024-06-03,Tanker Vessel,International Marine & Offshore,Lifting & Rigging Operations,suspended load,GRAVITATIONAL,TRUE,DERIVED,Lost time / serious personal injury sustained.,Fracture / Lost time injury,False,SILVER,ML_ELIGIBLE
EVT-IMCA-0254,INCIDENT,International Marine Contractors Association (IMCA),SRC-IMCA-0254,2024-05-22,Tanker Vessel,International Marine & Offshore,Lifting & Rigging Operations,pump,PRESSURE,TRUE,DERIVED,Lost time / serious personal injury sustained.,Fracture / Lost time injury,False,SILVER,ML_ELIGIBLE
EVT-IMCA-0255,INCIDENT,International Marine Contractors Association (IMCA),SRC-IMCA-0255,2024-05-22,Wind Turbine Generator,International Marine & Offshore,Lifting & Rigging Operations,crane,GRAVITATIONAL,TRUE,DERIVED,None reported / Equipment stoppage or minor disruption.,,False,SILVER,ML_ELIGIBLE
EVT-IMCA-0256,NEAR_MISS,International Marine Contractors Association (IMCA),SRC-IMCA-0256,2024-05-22,UNKNOWN,International Marine & Offshore,Lifting & Rigging Operations,entangled,KINETIC,UNKNOWN,UNKNOWN,None reported / Equipment stoppage or minor disruption.,,False,BRONZE,QUARANTINED
EVT-IMCA-0257,INCIDENT,International Marine Contractors Association (IMCA),SRC-IMCA-0257,2024-05-22,Tanker Vessel,International Marine & Offshore,Lifting & Rigging Operations,hose,PRESSURE,TRUE,DERIVED,None reported / Equipment stoppage or minor disruption.,,False,SILVER,ML_ELIGIBLE
EVT-IMCA-0258,INCIDENT,International Marine Contractors Association (IMCA),SRC-IMCA-0258,2024-05-22,Tanker Vessel,International Marine & Offshore,Lifting & Rigging Operations,pump,PRESSURE,TRUE,EXPLICIT,Minor injury requiring first aid or medical attention.,First aid / minor laceration or contusion,False,GOLD,ML_ELIGIBLE
EVT-IMCA-0259,INCIDENT,International Marine Contractors Association (IMCA),SRC-IMCA-0259,2024-04-30,Tanker Vessel,International Marine & Offshore,Lifting & Rigging Operations,pump,GRAVITATIONAL,TRUE,DERIVED,No injuries occurred (Near Miss / Potential Consequence only).,None,False,SILVER,ML_ELIGIBLE
EVT-IMCA-0260,INCIDENT,International Marine Contractors Association (IMCA),SRC-IMCA-0260,2024-04-30,Tanker Vessel,International Marine & Offshore,Lifting & Rigging Operations,crane,PRESSURE,TRUE,DERIVED,Lost time / serious personal injury sustained.,Fracture / Lost time injury,False,SILVER,ML_ELIGIBLE
EVT-IMCA-0261,INCIDENT,International Marine Contractors Association (IMCA),SRC-IMCA-0261,2024-04-30,Tanker Vessel,International Marine & Offshore,Lifting & Rigging Operations,pump,PRESSURE,TRUE,EXPLICIT,None reported / Equipment stoppage or minor disruption.,,False,GOLD,ML_ELIGIBLE
EVT-IMCA-0262,INCIDENT,International Marine Contractors Association (IMCA),SRC-IMCA-0262,2024-04-30,Barge,International Marine & Offshore,Lifting & Rigging Operations,winch,PRESSURE,TRUE,DERIVED,Lost time / serious personal injury sustained.,Fracture / Lost time injury,False,SILVER,ML_ELIGIBLE
EVT-IMCA-0263,INCIDENT,International Marine Contractors Association (IMCA),SRC-IMCA-0263,2024-04-30,Tanker Vessel,International Marine & Offshore,Lifting & Rigging Operations,hose,GRAVITATIONAL,TRUE,EXPLICIT,Fatal injury occurred.,Fatal injury,True,GOLD,ML_ELIGIBLE
EVT-IMCA-0264,INCIDENT,International Marine Contractors Association (IMCA),SRC-IMCA-0264,2024-04-16,Tanker Vessel,International Marine & Offshore,Lifting & Rigging Operations,winch,PRESSURE,TRUE,DERIVED,Minor injury requiring first aid or medical attention.,First aid / minor laceration or contusion,False,SILVER,ML_ELIGIBLE
EVT-IMCA-0265,INCIDENT,International Marine Contractors Association (IMCA),SRC-IMCA-0265,2024-04-16,Tanker Vessel,International Marine & Offshore,Lifting & Rigging Operations,crane,PRESSURE,TRUE,DERIVED,Lost time / serious personal injury sustained.,Fracture / Lost time injury,False,SILVER,ML_ELIGIBLE
EVT-IMCA-0266,INCIDENT,International Marine Contractors Association (IMCA),SRC-IMCA-0266,2024-04-16,Tanker Vessel,International Marine & Offshore,Lifting & Rigging Operations,pump,PRESSURE,TRUE,DERIVED,Minor injury requiring first aid or medical attention.,First aid / minor laceration or contusion,False,SILVER,ML_ELIGIBLE
EVT-IMCA-0267,INCIDENT,International Marine Contractors Association (IMCA),SRC-IMCA-0267,2024-04-16,Tanker Vessel,International Marine & Offshore,Lifting & Rigging Operations,pump,PRESSURE,TRUE,DERIVED,Minor injury requiring first aid or medical attention.,First aid / minor laceration or contusion,False,SILVER,ML_ELIGIBLE
EVT-IMCA-0268,INCIDENT,International Marine Contractors Association (IMCA),SRC-IMCA-0268,2024-04-16,Tanker Vessel,International Marine & Offshore,Lifting & Rigging Operations,pump,GRAVITATIONAL,TRUE,DERIVED,Lost time / serious personal injury sustained.,Fracture / Lost time injury,False,SILVER,ML_ELIGIBLE
EVT-IMCA-0269,INCIDENT,International Marine Contractors Association (IMCA),SRC-IMCA-0269,2024-03-27,Tanker Vessel,International Marine & Offshore,Lifting & Rigging Operations,pump,PRESSURE,TRUE,DERIVED,None reported / Equipment stoppage or minor disruption.,,False,SILVER,ML_ELIGIBLE
EVT-IMCA-0270,NEAR_MISS,International Marine Contractors Association (IMCA),SRC-IMCA-0270,2024-03-27,UNKNOWN,International Marine & Offshore,General Industrial / Offshore Operations,,UNKNOWN,UNKNOWN,UNKNOWN,None reported / Equipment stoppage or minor disruption.,,False,BRONZE,QUARANTINED
EVT-IMCA-0271,INCIDENT,International Marine Contractors Association (IMCA),SRC-IMCA-0271,2024-03-27,Tanker Vessel,International Marine & Offshore,Lifting & Rigging Operations,pump,PRESSURE,TRUE,EXPLICIT,Personal injury sustained (Burn injury).,Burn injury,False,GOLD,ML_ELIGIBLE
EVT-IMCA-0272,INCIDENT,International Marine Contractors Association (IMCA),SRC-IMCA-0272,2024-03-27,Tanker Vessel,International Marine & Offshore,Lifting & Rigging Operations,pump,PRESSURE,TRUE,EXPLICIT,No injuries occurred (Near Miss / Potential Consequence only).,None,False,GOLD,ML_ELIGIBLE
EVT-IMCA-0273,INCIDENT,International Marine Contractors Association (IMCA),SRC-IMCA-0273,2024-03-27,Tanker Vessel,International Marine & Offshore,Lifting & Rigging Operations,pump,PRESSURE,TRUE,DERIVED,Lost time / serious personal injury sustained.,Fracture / Lost time injury,False,SILVER,ML_ELIGIBLE
EVT-IMCA-0274,INCIDENT,International Marine Contractors Association (IMCA),SRC-IMCA-0274,2024-03-19,Tanker Vessel,International Marine & Offshore,Lifting & Rigging Operations,pump,PRESSURE,TRUE,EXPLICIT,Fatal injury occurred.,Fatal injury,True,GOLD,ML_ELIGIBLE
EVT-IMCA-0275,INCIDENT,International Marine Contractors Association (IMCA),SRC-IMCA-0275,2024-03-19,Offshore Fixed Platform,International Marine & Offshore,Lifting & Rigging Operations,crane,PRESSURE,TRUE,DERIVED,No injuries occurred (Near Miss / Potential Consequence only).,None,False,SILVER,ML_ELIGIBLE
EVT-IMCA-0276,INCIDENT,International Marine Contractors Association (IMCA),SRC-IMCA-0276,2024-03-19,Tanker Vessel,International Marine & Offshore,Lifting & Rigging Operations,valve,PRESSURE,TRUE,EXPLICIT,None reported / Equipment stoppage or minor disruption.,,False,GOLD,ML_ELIGIBLE
EVT-IMCA-0277,INCIDENT,International Marine Contractors Association (IMCA),SRC-IMCA-0277,2024-03-19,Tanker Vessel,International Marine & Offshore,Lifting & Rigging Operations,pump,PRESSURE,TRUE,DERIVED,None reported / Equipment stoppage or minor disruption.,,False,SILVER,ML_ELIGIBLE
EVT-IMCA-0278,INCIDENT,International Marine Contractors Association (IMCA),SRC-IMCA-0278,2024-03-19,Tanker Vessel,International Marine & Offshore,Lifting & Rigging Operations,hose,GRAVITATIONAL,TRUE,DERIVED,Minor injury requiring first aid or medical attention.,First aid / minor laceration or contusion,False,SILVER,ML_ELIGIBLE
EVT-IMCA-0279,INCIDENT,International Marine Contractors Association (IMCA),SRC-IMCA-0279,2024-02-27,Tanker Vessel,International Marine & Offshore,Lifting & Rigging Operations,pump,GRAVITATIONAL,TRUE,DERIVED,No injuries occurred (Near Miss / Potential Consequence only).,None,False,SILVER,ML_ELIGIBLE
EVT-IMCA-0280,INCIDENT,International Marine Contractors Association (IMCA),SRC-IMCA-0280,2024-02-27,Tanker Vessel,International Marine & Offshore,Lifting & Rigging Operations,crane,PRESSURE,TRUE,DERIVED,None reported / Equipment stoppage or minor disruption.,,False,SILVER,ML_ELIGIBLE
EVT-IMCA-0281,INCIDENT,International Marine Contractors Association (IMCA),SRC-IMCA-0281,2024-02-27,Tanker Vessel,International Marine & Offshore,Lifting & Rigging Operations,scaffold,GRAVITATIONAL,TRUE,DERIVED,No injuries occurred (Near Miss / Potential Consequence only).,None,False,SILVER,ML_ELIGIBLE
EVT-IMCA-0282,INCIDENT,International Marine Contractors Association (IMCA),SRC-IMCA-0282,2024-02-27,Tanker Vessel,International Marine & Offshore,Lifting & Rigging Operations,crane,PRESSURE,TRUE,DERIVED,Fatal injury occurred.,Fatal injury,True,SILVER,ML_ELIGIBLE
EVT-IMCA-0283,NEAR_MISS,International Marine Contractors Association (IMCA),SRC-IMCA-0283,2024-02-27,UNKNOWN,International Marine & Offshore,Lifting & Rigging Operations,crane,UNKNOWN,UNKNOWN,UNKNOWN,Minor injury requiring first aid or medical attention.,First aid / minor laceration or contusion,False,BRONZE,QUARANTINED
EVT-IMCA-0284,UA,International Marine Contractors Association (IMCA),SRC-IMCA-0284,2024-02-19,UNKNOWN,International Marine & Offshore,Hot Work Operations,,UNKNOWN,UNKNOWN,UNKNOWN,None reported / Equipment stoppage or minor disruption.,,False,BRONZE,QUARANTINED
EVT-IMCA-0285,INCIDENT,International Marine Contractors Association (IMCA),SRC-IMCA-0285,2024-02-19,Offshore Fixed Platform,International Marine & Offshore,Lifting & Rigging Operations,scaffold,GRAVITATIONAL,TRUE,EXPLICIT,Minor injury requiring first aid or medical attention.,First aid / minor laceration or contusion,False,GOLD,ML_ELIGIBLE
EVT-IMCA-0286,INCIDENT,International Marine Contractors Association (IMCA),SRC-IMCA-0286,2024-02-19,Tanker Vessel,International Marine & Offshore,Lifting & Rigging Operations,hose,PRESSURE,TRUE,DERIVED,Minor injury requiring first aid or medical attention.,First aid / minor laceration or contusion,False,SILVER,ML_ELIGIBLE
EVT-IMCA-0287,NEAR_MISS,International Marine Contractors Association (IMCA),SRC-IMCA-0287,2024-02-19,Wind Turbine Generator,International Marine & Offshore,General Industrial / Offshore Operations,,UNKNOWN,UNKNOWN,UNKNOWN,None reported / Equipment stoppage or minor disruption.,,False,BRONZE,QUARANTINED
EVT-IMCA-0288,INCIDENT,International Marine Contractors Association (IMCA),SRC-IMCA-0288,2024-02-19,Jack-up Rig,International Marine & Offshore,Lifting & Rigging Operations,pump,PRESSURE,TRUE,DERIVED,None reported / Equipment stoppage or minor disruption.,,False,SILVER,ML_ELIGIBLE
EVT-IMCA-0289,INCIDENT,International Marine Contractors Association (IMCA),SRC-IMCA-0289,2024-02-12,Tanker Vessel,International Marine & Offshore,Lifting & Rigging Operations,pump,GRAVITATIONAL,TRUE,EXPLICIT,Minor injury requiring first aid or medical attention.,First aid / minor laceration or contusion,False,GOLD,ML_ELIGIBLE
EVT-IMCA-0290,INCIDENT,International Marine Contractors Association (IMCA),SRC-IMCA-0290,2024-02-12,Offshore Fixed Platform,International Marine & Offshore,Lifting & Rigging Operations,pump,PRESSURE,TRUE,EXPLICIT,No injuries occurred (Near Miss / Potential Consequence only).,None,False,GOLD,ML_ELIGIBLE
EVT-IMCA-0291,INCIDENT,International Marine Contractors Association (IMCA),SRC-IMCA-0291,2024-02-12,Tanker Vessel,International Marine & Offshore,Lifting & Rigging Operations,fast rescue craft (FRC),PRESSURE,TRUE,DERIVED,None reported / Equipment stoppage or minor disruption.,,False,BRONZE,QUARANTINED
EVT-IMCA-0292,INCIDENT,International Marine Contractors Association (IMCA),SRC-IMCA-0292,2024-02-12,Tanker Vessel,International Marine & Offshore,Lifting & Rigging Operations,pump,PRESSURE,TRUE,DERIVED,No injuries occurred (Near Miss / Potential Consequence only).,None,False,BRONZE,QUARANTINED
EVT-IMCA-0293,INCIDENT,International Marine Contractors Association (IMCA),SRC-IMCA-0293,2024-02-12,Tanker Vessel,International Marine & Offshore,Lifting & Rigging Operations,crane,GRAVITATIONAL,TRUE,DERIVED,No injuries occurred (Near Miss / Potential Consequence only).,None,False,BRONZE,QUARANTINED
EVT-IMCA-0294,INCIDENT,International Marine Contractors Association (IMCA),SRC-IMCA-0294,2024-01-22,Tanker Vessel,International Marine & Offshore,Lifting & Rigging Operations,winch,GRAVITATIONAL,TRUE,DERIVED,No injuries occurred (Near Miss / Potential Consequence only).,None,False,BRONZE,QUARANTINED
EVT-IMCA-0295,INCIDENT,International Marine Contractors Association (IMCA),SRC-IMCA-0295,2024-01-22,Tanker Vessel,International Marine & Offshore,Lifting & Rigging Operations,crane,PRESSURE,TRUE,DERIVED,None reported / Equipment stoppage or minor disruption.,,False,BRONZE,QUARANTINED
EVT-IMCA-0296,INCIDENT,International Marine Contractors Association (IMCA),SRC-IMCA-0296,2024-01-22,Tanker Vessel,International Marine & Offshore,Lifting & Rigging Operations,winch,PRESSURE,TRUE,EXPLICIT,Fatal injury occurred.,Fatal injury,True,BRONZE,QUARANTINED
EVT-IMCA-0297,INCIDENT,International Marine Contractors Association (IMCA),SRC-IMCA-0297,2024-01-22,Offshore Fixed Platform,International Marine & Offshore,Lifting & Rigging Operations,pressure safety valve,PRESSURE,TRUE,DERIVED,Minor injury requiring first aid or medical attention.,First aid / minor laceration or contusion,False,BRONZE,QUARANTINED
EVT-IMCA-0298,INCIDENT,International Marine Contractors Association (IMCA),SRC-IMCA-0298,2024-01-22,Tanker Vessel,International Marine & Offshore,Lifting & Rigging Operations,pump,PRESSURE,TRUE,DERIVED,No injuries occurred (Near Miss / Potential Consequence only).,None,False,BRONZE,QUARANTINED
EVT-IMCA-0299,INCIDENT,International Marine Contractors Association (IMCA),SRC-IMCA-0299,2024-01-09,Tanker Vessel,International Marine & Offshore,Lifting & Rigging Operations,pump,GRAVITATIONAL,TRUE,DERIVED,None reported / Equipment stoppage or minor disruption.,,False,BRONZE,QUARANTINED
EVT-IMCA-0300,INCIDENT,International Marine Contractors Association (IMCA),SRC-IMCA-0300,2024-01-09,Diving Support Vessel (DSV),International Marine & Offshore,Lifting & Rigging Operations,pump,PRESSURE,TRUE,DERIVED,No injuries occurred (Near Miss / Potential Consequence only).,None,False,BRONZE,QUARANTINED
EVT-IMCA-0301,NEAR_MISS,International Marine Contractors Association (IMCA),SRC-IMCA-0301,2024-01-09,UNKNOWN,International Marine & Offshore,Subsea & Diving Operations,,UNKNOWN,UNKNOWN,UNKNOWN,None reported / Equipment stoppage or minor disruption.,,False,BRONZE,QUARANTINED
EVT-IMCA-0302,NEAR_MISS,International Marine Contractors Association (IMCA),SRC-IMCA-0302,2024-01-09,UNKNOWN,International Marine & Offshore,General Industrial / Offshore Operations,,UNKNOWN,UNKNOWN,UNKNOWN,None reported / Equipment stoppage or minor disruption.,,False,BRONZE,QUARANTINED
EVT-IMCA-0303,INCIDENT,International Marine Contractors Association (IMCA),SRC-IMCA-0303,2024-01-09,UNKNOWN,International Marine & Offshore,Marine & Vessel Operations,,UNKNOWN,UNKNOWN,UNKNOWN,None reported / Equipment stoppage or minor disruption.,,False,BRONZE,QUARANTINED
EVT-IMCA-0304,INCIDENT,International Marine Contractors Association (IMCA),SRC-IMCA-0304,2023-12-18,UNKNOWN,International Marine & Offshore,Lifting & Rigging Operations,crane,UNKNOWN,UNKNOWN,UNKNOWN,None reported / Equipment stoppage or minor disruption.,,False,BRONZE,QUARANTINED
EVT-IMCA-0305,NEAR_MISS,International Marine Contractors Association (IMCA),SRC-IMCA-0305,2023-12-18,UNKNOWN,International Marine & Offshore,Hot Work Operations,,UNKNOWN,UNKNOWN,UNKNOWN,Minor injury requiring first aid or medical attention.,First aid / minor laceration or contusion,False,BRONZE,QUARANTINED
EVT-IMCA-0306,INCIDENT,International Marine Contractors Association (IMCA),SRC-IMCA-0306,2023-12-18,Offshore Fixed Platform,International Marine & Offshore,Lifting & Rigging Operations,crane,UNKNOWN,UNKNOWN,UNKNOWN,None reported / Equipment stoppage or minor disruption.,,False,BRONZE,QUARANTINED
EVT-IMCA-0307,NEAR_MISS,International Marine Contractors Association (IMCA),SRC-IMCA-0307,2023-12-18,UNKNOWN,International Marine & Offshore,General Industrial / Offshore Operations,,UNKNOWN,UNKNOWN,UNKNOWN,None reported / Equipment stoppage or minor disruption.,,False,BRONZE,QUARANTINED
EVT-IMCA-0308,NEAR_MISS,International Marine Contractors Association (IMCA),SRC-IMCA-0308,2023-12-18,UNKNOWN,International Marine & Offshore,Lifting & Rigging Operations,,THERMAL,FALSE,DERIVED,No injuries occurred (Near Miss / Potential Consequence only).,None,False,BRONZE,QUARANTINED
EVT-IMCA-0309,INCIDENT,International Marine Contractors Association (IMCA),SRC-IMCA-0309,2023-12-06,Tanker Vessel,International Marine & Offshore,Marine & Vessel Operations,,THERMAL,UNKNOWN,UNKNOWN,None reported / Equipment stoppage or minor disruption.,,False,BRONZE,QUARANTINED
EVT-IMCA-0310,NEAR_MISS,International Marine Contractors Association (IMCA),SRC-IMCA-0310,2023-12-06,UNKNOWN,International Marine & Offshore,Marine & Vessel Operations,,UNKNOWN,UNKNOWN,UNKNOWN,None reported / Equipment stoppage or minor disruption.,,False,BRONZE,QUARANTINED
EVT-IMCA-0311,INCIDENT,International Marine Contractors Association (IMCA),SRC-IMCA-0311,2023-12-06,UNKNOWN,International Marine & Offshore,Marine & Vessel Operations,,UNKNOWN,UNKNOWN,UNKNOWN,None reported / Equipment stoppage or minor disruption.,,False,BRONZE,QUARANTINED
EVT-IMCA-0312,NEAR_MISS,International Marine Contractors Association (IMCA),SRC-IMCA-0312,2023-12-06,UNKNOWN,International Marine & Offshore,Lifting & Rigging Operations,,UNKNOWN,UNKNOWN,UNKNOWN,None reported / Equipment stoppage or minor disruption.,,False,BRONZE,QUARANTINED
EVT-IMCA-0313,INCIDENT,International Marine Contractors Association (IMCA),SRC-IMCA-0313,2023-12-06,UNKNOWN,International Marine & Offshore,General Industrial / Offshore Operations,,UNKNOWN,UNKNOWN,UNKNOWN,None reported / Equipment stoppage or minor disruption.,,False,BRONZE,QUARANTINED
EVT-IMCA-0314,INCIDENT,International Marine Contractors Association (IMCA),SRC-IMCA-0314,2023-11-27,UNKNOWN,International Marine & Offshore,General Industrial / Offshore Operations,,UNKNOWN,UNKNOWN,UNKNOWN,Fatal injury occurred.,Fatal injury,True,BRONZE,QUARANTINED
EVT-IMCA-0315,INCIDENT,International Marine Contractors Association (IMCA),SRC-IMCA-0315,2023-11-27,UNKNOWN,International Marine & Offshore,Subsea & Diving Operations,,UNKNOWN,UNKNOWN,UNKNOWN,Fatal injury occurred.,Fatal injury,True,BRONZE,QUARANTINED
EVT-IMCA-0316,NEAR_MISS,International Marine Contractors Association (IMCA),SRC-IMCA-0316,2023-11-27,UNKNOWN,International Marine & Offshore,Piping & Pressure Maintenance,valve,UNKNOWN,UNKNOWN,UNKNOWN,None reported / Equipment stoppage or minor disruption.,,False,BRONZE,QUARANTINED
EVT-IMCA-0317,NEAR_MISS,International Marine Contractors Association (IMCA),SRC-IMCA-0317,2023-11-27,UNKNOWN,International Marine & Offshore,Subsea & Diving Operations,compressed air,PRESSURE,UNKNOWN,UNKNOWN,None reported / Equipment stoppage or minor disruption.,,False,BRONZE,QUARANTINED
EVT-IMCA-0318,NEAR_MISS,International Marine Contractors Association (IMCA),SRC-IMCA-0318,2023-11-13,UNKNOWN,International Marine & Offshore,Marine & Vessel Operations,hot work,THERMAL,UNKNOWN,UNKNOWN,None reported / Equipment stoppage or minor disruption.,,False,BRONZE,QUARANTINED
EVT-IMCA-0319,NEAR_MISS,International Marine Contractors Association (IMCA),SRC-IMCA-0319,2023-11-13,UNKNOWN,International Marine & Offshore,General Industrial / Offshore Operations,vehicle,KINETIC,UNKNOWN,UNKNOWN,None reported / Equipment stoppage or minor disruption.,,False,BRONZE,QUARANTINED
EVT-IMCA-0320,NEAR_MISS,International Marine Contractors Association (IMCA),SRC-IMCA-0320,2023-11-13,UNKNOWN,International Marine & Offshore,General Industrial / Offshore Operations,gas cylinder / bailout cylinder,UNKNOWN,UNKNOWN,UNKNOWN,None reported / Equipment stoppage or minor disruption.,,False,BRONZE,QUARANTINED
EVT-IMCA-0321,NEAR_MISS,International Marine Contractors Association (IMCA),SRC-IMCA-0321,2023-11-13,UNKNOWN,International Marine & Offshore,Lifting & Rigging Operations,winch,KINETIC,UNKNOWN,UNKNOWN,No injuries occurred (Near Miss / Potential Consequence only).,None,False,BRONZE,QUARANTINED
EVT-IMCA-0322,NEAR_MISS,International Marine Contractors Association (IMCA),SRC-IMCA-0322,2023-11-13,UNKNOWN,International Marine & Offshore,Lifting & Rigging Operations,crane,UNKNOWN,UNKNOWN,UNKNOWN,No injuries occurred (Near Miss / Potential Consequence only).,None,False,BRONZE,QUARANTINED
EVT-IMCA-0323,INCIDENT,International Marine Contractors Association (IMCA),SRC-IMCA-0323,2023-10-30,UNKNOWN,International Marine & Offshore,Subsea & Diving Operations,remotely operated vehicle (ROV),THERMAL,UNKNOWN,UNKNOWN,None reported / Equipment stoppage or minor disruption.,,False,BRONZE,QUARANTINED
EVT-IMCA-0324,INCIDENT,International Marine Contractors Association (IMCA),SRC-IMCA-0324,2023-10-30,UNKNOWN,International Marine & Offshore,Marine & Vessel Operations,,PRESSURE,UNKNOWN,UNKNOWN,None reported / Equipment stoppage or minor disruption.,,False,BRONZE,QUARANTINED
EVT-IMCA-0325,INCIDENT,International Marine Contractors Association (IMCA),SRC-IMCA-0325,2023-10-30,UNKNOWN,International Marine & Offshore,General Industrial / Offshore Operations,,PRESSURE,UNKNOWN,UNKNOWN,None reported / Equipment stoppage or minor disruption.,,False,BRONZE,QUARANTINED
EVT-IMCA-0326,INCIDENT,International Marine Contractors Association (IMCA),SRC-IMCA-0326,2023-10-30,UNKNOWN,International Marine & Offshore,Lifting & Rigging Operations,shackle,UNKNOWN,UNKNOWN,UNKNOWN,None reported / Equipment stoppage or minor disruption.,,False,BRONZE,QUARANTINED
EVT-IMCA-0327,NEAR_MISS,International Marine Contractors Association (IMCA),SRC-IMCA-0327,2023-10-30,UNKNOWN,International Marine & Offshore,General Industrial / Offshore Operations,,GRAVITATIONAL,UNKNOWN,UNKNOWN,No injuries occurred (Near Miss / Potential Consequence only).,None,False,BRONZE,QUARANTINED
EVT-IMCA-0328,NEAR_MISS,International Marine Contractors Association (IMCA),SRC-IMCA-0328,2023-10-16,UNKNOWN,International Marine & Offshore,General Industrial / Offshore Operations,,UNKNOWN,UNKNOWN,UNKNOWN,None reported / Equipment stoppage or minor disruption.,,False,BRONZE,QUARANTINED
EVT-IMCA-0329,NEAR_MISS,International Marine Contractors Association (IMCA),SRC-IMCA-0329,2023-10-16,UNKNOWN,International Marine & Offshore,Lifting & Rigging Operations,open hole,GRAVITATIONAL,UNKNOWN,UNKNOWN,None reported / Equipment stoppage or minor disruption.,,False,BRONZE,QUARANTINED
EVT-IMCA-0330,NEAR_MISS,International Marine Contractors Association (IMCA),SRC-IMCA-0330,2023-10-16,UNKNOWN,International Marine & Offshore,Marine & Vessel Operations,,UNKNOWN,UNKNOWN,UNKNOWN,None reported / Equipment stoppage or minor disruption.,,False,BRONZE,QUARANTINED
EVT-IMCA-0331,INCIDENT,International Marine Contractors Association (IMCA),SRC-IMCA-0331,2023-10-16,UNKNOWN,International Marine & Offshore,Marine & Vessel Operations,,THERMAL,UNKNOWN,UNKNOWN,None reported / Equipment stoppage or minor disruption.,,False,BRONZE,QUARANTINED
EVT-IMCA-0332,NEAR_MISS,International Marine Contractors Association (IMCA),SRC-IMCA-0332,2023-10-16,UNKNOWN,International Marine & Offshore,General Industrial / Offshore Operations,,UNKNOWN,UNKNOWN,UNKNOWN,None reported / Equipment stoppage or minor disruption.,,False,BRONZE,QUARANTINED
EVT-IMCA-0333,INCIDENT,International Marine Contractors Association (IMCA),SRC-IMCA-0333,2023-10-03,UNKNOWN,International Marine & Offshore,General Industrial / Offshore Operations,,UNKNOWN,UNKNOWN,UNKNOWN,Fatal injury occurred.,Fatal injury,True,BRONZE,QUARANTINED
EVT-IMCA-0334,NEAR_MISS,International Marine Contractors Association (IMCA),SRC-IMCA-0334,2023-10-03,UNKNOWN,International Marine & Offshore,General Industrial / Offshore Operations,,UNKNOWN,UNKNOWN,UNKNOWN,None reported / Equipment stoppage or minor disruption.,,False,BRONZE,QUARANTINED
EVT-IMCA-0335,INCIDENT,International Marine Contractors Association (IMCA),SRC-IMCA-0335,2023-10-03,UNKNOWN,International Marine & Offshore,Marine & Vessel Operations,,UNKNOWN,UNKNOWN,UNKNOWN,Lost time / serious personal injury sustained.,Fracture / Lost time injury,False,BRONZE,QUARANTINED
EVT-IMCA-0336,INCIDENT,International Marine Contractors Association (IMCA),SRC-IMCA-0336,2023-10-03,UNKNOWN,International Marine & Offshore,Marine & Vessel Operations,,UNKNOWN,UNKNOWN,UNKNOWN,Lost time / serious personal injury sustained.,Fracture / Lost time injury,False,BRONZE,QUARANTINED
EVT-IMCA-0337,NEAR_MISS,International Marine Contractors Association (IMCA),SRC-IMCA-0337,2023-10-03,UNKNOWN,International Marine & Offshore,General Industrial / Offshore Operations,lifting sling,UNKNOWN,UNKNOWN,UNKNOWN,None reported / Equipment stoppage or minor disruption.,,False,BRONZE,QUARANTINED
EVT-IMCA-0338,NEAR_MISS,International Marine Contractors Association (IMCA),SRC-IMCA-0338,2023-09-12,UNKNOWN,International Marine & Offshore,Drilling & Well Intervention,,UNKNOWN,UNKNOWN,UNKNOWN,None reported / Equipment stoppage or minor disruption.,,False,BRONZE,QUARANTINED
EVT-IMCA-0339,NEAR_MISS,International Marine Contractors Association (IMCA),SRC-IMCA-0339,2023-09-12,UNKNOWN,International Marine & Offshore,Lifting & Rigging Operations,,UNKNOWN,UNKNOWN,UNKNOWN,None reported / Equipment stoppage or minor disruption.,,False,BRONZE,QUARANTINED
EVT-IMCA-0340,NEAR_MISS,International Marine Contractors Association (IMCA),SRC-IMCA-0340,2023-09-12,UNKNOWN,International Marine & Offshore,Lifting & Rigging Operations,crane,UNKNOWN,UNKNOWN,UNKNOWN,Minor injury requiring first aid or medical attention.,First aid / minor laceration or contusion,False,BRONZE,QUARANTINED
EVT-IMCA-0341,INCIDENT,International Marine Contractors Association (IMCA),SRC-IMCA-0341,2023-09-12,UNKNOWN,International Marine & Offshore,Piping & Pressure Maintenance,,UNKNOWN,UNKNOWN,UNKNOWN,Fatal injury occurred.,Fatal injury,True,BRONZE,QUARANTINED
EVT-IMCA-0342,INCIDENT,International Marine Contractors Association (IMCA),SRC-IMCA-0342,2023-09-12,UNKNOWN,International Marine & Offshore,Piping & Pressure Maintenance,subsea jumper,UNKNOWN,UNKNOWN,UNKNOWN,Minor injury requiring first aid or medical attention.,First aid / minor laceration or contusion,False,BRONZE,QUARANTINED
EVT-IMCA-0343,INCIDENT,International Marine Contractors Association (IMCA),SRC-IMCA-0343,2023-08-29,UNKNOWN,International Marine & Offshore,Lifting & Rigging Operations,,UNKNOWN,UNKNOWN,UNKNOWN,Fatal injury occurred.,Fatal injury,True,BRONZE,QUARANTINED
EVT-IMCA-0344,NEAR_MISS,International Marine Contractors Association (IMCA),SRC-IMCA-0344,2023-08-29,UNKNOWN,International Marine & Offshore,Marine & Vessel Operations,,UNKNOWN,UNKNOWN,UNKNOWN,None reported / Equipment stoppage or minor disruption.,,False,BRONZE,QUARANTINED
EVT-IMCA-0345,INCIDENT,International Marine Contractors Association (IMCA),SRC-IMCA-0345,2023-08-29,UNKNOWN,International Marine & Offshore,General Industrial / Offshore Operations,,UNKNOWN,UNKNOWN,UNKNOWN,None reported / Equipment stoppage or minor disruption.,,False,BRONZE,QUARANTINED
EVT-IMCA-0346,NEAR_MISS,International Marine Contractors Association (IMCA),SRC-IMCA-0346,2023-08-29,UNKNOWN,International Marine & Offshore,Piping & Pressure Maintenance,valve,UNKNOWN,UNKNOWN,UNKNOWN,None reported / Equipment stoppage or minor disruption.,,False,BRONZE,QUARANTINED
EVT-IMCA-0347,NEAR_MISS,International Marine Contractors Association (IMCA),SRC-IMCA-0347,2023-08-29,UNKNOWN,International Marine & Offshore,General Industrial / Offshore Operations,,PRESSURE,UNKNOWN,UNKNOWN,None reported / Equipment stoppage or minor disruption.,,False,BRONZE,QUARANTINED
EVT-IMCA-0348,INCIDENT,International Marine Contractors Association (IMCA),SRC-IMCA-0348,2023-08-15,UNKNOWN,International Marine & Offshore,Marine & Vessel Operations,,UNKNOWN,UNKNOWN,UNKNOWN,Lost time / serious personal injury sustained.,Fracture / Lost time injury,False,BRONZE,QUARANTINED
EVT-IMCA-0349,NEAR_MISS,International Marine Contractors Association (IMCA),SRC-IMCA-0349,2023-08-15,UNKNOWN,International Marine & Offshore,General Industrial / Offshore Operations,hose,UNKNOWN,UNKNOWN,UNKNOWN,None reported / Equipment stoppage or minor disruption.,,False,BRONZE,QUARANTINED
EVT-IMCA-0350,INCIDENT,International Marine Contractors Association (IMCA),SRC-IMCA-0350,2023-08-15,UNKNOWN,International Marine & Offshore,Drilling & Well Intervention,rotating,KINETIC,TRUE,DERIVED,None reported / Equipment stoppage or minor disruption.,,False,BRONZE,QUARANTINED
EVT-IMCA-0351,NEAR_MISS,International Marine Contractors Association (IMCA),SRC-IMCA-0351,2023-08-15,UNKNOWN,International Marine & Offshore,Marine & Vessel Operations,,UNKNOWN,UNKNOWN,UNKNOWN,None reported / Equipment stoppage or minor disruption.,,False,BRONZE,QUARANTINED
EVT-IMCA-0352,NEAR_MISS,International Marine Contractors Association (IMCA),SRC-IMCA-0352,2023-08-15,UNKNOWN,International Marine & Offshore,Marine & Vessel Operations,,GRAVITATIONAL,UNKNOWN,UNKNOWN,None reported / Equipment stoppage or minor disruption.,,False,BRONZE,QUARANTINED
EVT-IMCA-0353,NEAR_MISS,International Marine Contractors Association (IMCA),SRC-IMCA-0353,2023-08-03,UNKNOWN,International Marine & Offshore,Lifting & Rigging Operations,crane,UNKNOWN,UNKNOWN,UNKNOWN,None reported / Equipment stoppage or minor disruption.,,False,BRONZE,QUARANTINED
EVT-IMCA-0354,INCIDENT,International Marine Contractors Association (IMCA),SRC-IMCA-0354,2023-08-03,UNKNOWN,International Marine & Offshore,General Industrial / Offshore Operations,,UNKNOWN,UNKNOWN,UNKNOWN,Fatal injury occurred.,Fatal injury,True,BRONZE,QUARANTINED
EVT-IMCA-0355,NEAR_MISS,International Marine Contractors Association (IMCA),SRC-IMCA-0355,2023-08-03,UNKNOWN,International Marine & Offshore,General Industrial / Offshore Operations,,PRESSURE,UNKNOWN,UNKNOWN,No injuries occurred (Near Miss / Potential Consequence only).,None,False,BRONZE,QUARANTINED
EVT-IMCA-0356,NEAR_MISS,International Marine Contractors Association (IMCA),SRC-IMCA-0356,2023-08-03,UNKNOWN,International Marine & Offshore,Hot Work Operations,,ELECTRICAL,UNKNOWN,UNKNOWN,Minor injury requiring first aid or medical attention.,First aid / minor laceration or contusion,False,BRONZE,QUARANTINED
EVT-IMCA-0357,NEAR_MISS,International Marine Contractors Association (IMCA),SRC-IMCA-0357,2023-08-03,UNKNOWN,International Marine & Offshore,Marine & Vessel Operations,,UNKNOWN,UNKNOWN,UNKNOWN,None reported / Equipment stoppage or minor disruption.,,False,BRONZE,QUARANTINED
EVT-IMCA-0358,NEAR_MISS,International Marine Contractors Association (IMCA),SRC-IMCA-0358,2023-07-24,UNKNOWN,International Marine & Offshore,Drilling & Well Intervention,,UNKNOWN,UNKNOWN,UNKNOWN,None reported / Equipment stoppage or minor disruption.,,False,BRONZE,QUARANTINED
EVT-IMCA-0359,INCIDENT,International Marine Contractors Association (IMCA),SRC-IMCA-0359,2023-07-24,UNKNOWN,International Marine & Offshore,Marine & Vessel Operations,,UNKNOWN,UNKNOWN,UNKNOWN,Lost time / serious personal injury sustained.,Fracture / Lost time injury,False,BRONZE,QUARANTINED
EVT-IMCA-0360,INCIDENT,International Marine Contractors Association (IMCA),SRC-IMCA-0360,2023-07-24,UNKNOWN,International Marine & Offshore,Marine & Vessel Operations,generator,THERMAL,UNKNOWN,UNKNOWN,None reported / Equipment stoppage or minor disruption.,,False,BRONZE,QUARANTINED
EVT-IMCA-0361,NEAR_MISS,International Marine Contractors Association (IMCA),SRC-IMCA-0361,2023-07-24,UNKNOWN,International Marine & Offshore,Lifting & Rigging Operations,crane,UNKNOWN,UNKNOWN,UNKNOWN,None reported / Equipment stoppage or minor disruption.,,False,BRONZE,QUARANTINED
EVT-IMCA-0362,NEAR_MISS,International Marine Contractors Association (IMCA),SRC-IMCA-0362,2023-07-24,UNKNOWN,International Marine & Offshore,Lifting & Rigging Operations,,GRAVITATIONAL,UNKNOWN,UNKNOWN,No injuries occurred (Near Miss / Potential Consequence only).,None,False,BRONZE,QUARANTINED
EVT-IMCA-0363,INCIDENT,International Marine Contractors Association (IMCA),SRC-IMCA-0363,2023-07-13,UNKNOWN,International Marine & Offshore,Drilling & Well Intervention,,UNKNOWN,UNKNOWN,UNKNOWN,None reported / Equipment stoppage or minor disruption.,,False,BRONZE,QUARANTINED
EVT-IMCA-0364,INCIDENT,International Marine Contractors Association (IMCA),SRC-IMCA-0364,2023-07-13,UNKNOWN,International Marine & Offshore,General Industrial / Offshore Operations,,UNKNOWN,UNKNOWN,UNKNOWN,None reported / Equipment stoppage or minor disruption.,,False,BRONZE,QUARANTINED
EVT-IMCA-0365,INCIDENT,International Marine Contractors Association (IMCA),SRC-IMCA-0365,2023-07-13,UNKNOWN,International Marine & Offshore,Lifting & Rigging Operations,lift / elevator,UNKNOWN,UNKNOWN,UNKNOWN,None reported / Equipment stoppage or minor disruption.,,False,BRONZE,QUARANTINED
EVT-IMCA-0366,INCIDENT,International Marine Contractors Association (IMCA),SRC-IMCA-0366,2023-07-13,UNKNOWN,International Marine & Offshore,General Industrial / Offshore Operations,shackle,UNKNOWN,UNKNOWN,UNKNOWN,None reported / Equipment stoppage or minor disruption.,,False,BRONZE,QUARANTINED
EVT-IMCA-0367,NEAR_MISS,International Marine Contractors Association (IMCA),SRC-IMCA-0367,2023-07-13,UNKNOWN,International Marine & Offshore,General Industrial / Offshore Operations,,UNKNOWN,UNKNOWN,UNKNOWN,None reported / Equipment stoppage or minor disruption.,,False,BRONZE,QUARANTINED
EVT-IMCA-0368,INCIDENT,International Marine Contractors Association (IMCA),SRC-IMCA-0368,2023-07-01,UNKNOWN,International Marine & Offshore,General Industrial / Offshore Operations,,UNKNOWN,UNKNOWN,UNKNOWN,None reported / Equipment stoppage or minor disruption.,,False,BRONZE,QUARANTINED
EVT-IMCA-0369,NEAR_MISS,International Marine Contractors Association (IMCA),SRC-IMCA-0369,2023-07-01,UNKNOWN,International Marine & Offshore,Subsea & Diving Operations,fast rescue craft (FRC),UNKNOWN,UNKNOWN,UNKNOWN,None reported / Equipment stoppage or minor disruption.,,False,BRONZE,QUARANTINED
EVT-IMCA-0370,NEAR_MISS,International Marine Contractors Association (IMCA),SRC-IMCA-0370,2023-07-01,UNKNOWN,International Marine & Offshore,Hot Work Operations,,UNKNOWN,UNKNOWN,UNKNOWN,Minor injury requiring first aid or medical attention.,First aid / minor laceration or contusion,False,BRONZE,QUARANTINED
EVT-IMCA-0371,NEAR_MISS,International Marine Contractors Association (IMCA),SRC-IMCA-0371,2023-07-01,UNKNOWN,International Marine & Offshore,Subsea & Diving Operations,,UNKNOWN,UNKNOWN,UNKNOWN,None reported / Equipment stoppage or minor disruption.,,False,BRONZE,QUARANTINED
EVT-IMCA-0372,INCIDENT,International Marine Contractors Association (IMCA),SRC-IMCA-0372,2023-07-01,UNKNOWN,International Marine & Offshore,Drilling & Well Intervention,,UNKNOWN,TRUE,EXPLICIT,Fatal injury occurred.,Fatal injury,True,BRONZE,QUARANTINED
EVT-IMCA-0373,NEAR_MISS,International Marine Contractors Association (IMCA),SRC-IMCA-0373,2023-06-21,UNKNOWN,International Marine & Offshore,Lifting & Rigging Operations,,UNKNOWN,UNKNOWN,UNKNOWN,None reported / Equipment stoppage or minor disruption.,,False,BRONZE,QUARANTINED
EVT-IMCA-0374,NEAR_MISS,International Marine Contractors Association (IMCA),SRC-IMCA-0374,2023-06-21,UNKNOWN,International Marine & Offshore,General Industrial / Offshore Operations,,UNKNOWN,UNKNOWN,UNKNOWN,None reported / Equipment stoppage or minor disruption.,,False,BRONZE,QUARANTINED
EVT-IMCA-0375,NEAR_MISS,International Marine Contractors Association (IMCA),SRC-IMCA-0375,2023-06-21,UNKNOWN,International Marine & Offshore,Lifting & Rigging Operations,,UNKNOWN,UNKNOWN,UNKNOWN,None reported / Equipment stoppage or minor disruption.,,False,BRONZE,QUARANTINED
EVT-IMCA-0376,NEAR_MISS,International Marine Contractors Association (IMCA),SRC-IMCA-0376,2023-06-21,Offshore Fixed Platform,International Marine & Offshore,Lifting & Rigging Operations,crane,UNKNOWN,UNKNOWN,UNKNOWN,No injuries occurred (Near Miss / Potential Consequence only).,None,False,BRONZE,QUARANTINED
EVT-IMCA-0377,NEAR_MISS,International Marine Contractors Association (IMCA),SRC-IMCA-0377,2023-06-21,UNKNOWN,International Marine & Offshore,General Industrial / Offshore Operations,,UNKNOWN,TRUE,EXPLICIT,No injuries occurred (Near Miss / Potential Consequence only).,None,False,BRONZE,QUARANTINED
EVT-IMCA-0378,INCIDENT,International Marine Contractors Association (IMCA),SRC-IMCA-0378,2023-06-12,UNKNOWN,International Marine & Offshore,Marine & Vessel Operations,,UNKNOWN,UNKNOWN,UNKNOWN,None reported / Equipment stoppage or minor disruption.,,False,BRONZE,QUARANTINED
EVT-IMCA-0379,INCIDENT,International Marine Contractors Association (IMCA),SRC-IMCA-0379,2023-06-12,UNKNOWN,International Marine & Offshore,Lifting & Rigging Operations,crane,UNKNOWN,UNKNOWN,UNKNOWN,None reported / Equipment stoppage or minor disruption.,,False,BRONZE,QUARANTINED
EVT-IMCA-0380,NEAR_MISS,International Marine Contractors Association (IMCA),SRC-IMCA-0380,2023-06-12,UNKNOWN,International Marine & Offshore,General Industrial / Offshore Operations,,UNKNOWN,UNKNOWN,UNKNOWN,None reported / Equipment stoppage or minor disruption.,,False,BRONZE,QUARANTINED
EVT-IMCA-0381,NEAR_MISS,International Marine Contractors Association (IMCA),SRC-IMCA-0381,2023-06-12,UNKNOWN,International Marine & Offshore,Marine & Vessel Operations,,UNKNOWN,UNKNOWN,UNKNOWN,None reported / Equipment stoppage or minor disruption.,,False,BRONZE,QUARANTINED
EVT-IMCA-0382,INCIDENT,International Marine Contractors Association (IMCA),SRC-IMCA-0382,2023-06-12,UNKNOWN,International Marine & Offshore,General Industrial / Offshore Operations,,THERMAL,UNKNOWN,UNKNOWN,None reported / Equipment stoppage or minor disruption.,,False,BRONZE,QUARANTINED
EVT-IMCA-0383,NEAR_MISS,International Marine Contractors Association (IMCA),SRC-IMCA-0383,2023-05-24,UNKNOWN,International Marine & Offshore,Subsea & Diving Operations,,UNKNOWN,UNKNOWN,UNKNOWN,None reported / Equipment stoppage or minor disruption.,,False,BRONZE,QUARANTINED
EVT-IMCA-0384,INCIDENT,International Marine Contractors Association (IMCA),SRC-IMCA-0384,2023-05-24,UNKNOWN,International Marine & Offshore,General Industrial / Offshore Operations,,UNKNOWN,UNKNOWN,UNKNOWN,None reported / Equipment stoppage or minor disruption.,,False,BRONZE,QUARANTINED
EVT-IMCA-0385,NEAR_MISS,International Marine Contractors Association (IMCA),SRC-IMCA-0385,2023-05-24,UNKNOWN,International Marine & Offshore,General Industrial / Offshore Operations,,UNKNOWN,UNKNOWN,UNKNOWN,None reported / Equipment stoppage or minor disruption.,,False,BRONZE,QUARANTINED
EVT-IMCA-0386,INCIDENT,International Marine Contractors Association (IMCA),SRC-IMCA-0386,2023-05-24,UNKNOWN,International Marine & Offshore,Marine & Vessel Operations,,THERMAL,UNKNOWN,UNKNOWN,None reported / Equipment stoppage or minor disruption.,,False,BRONZE,QUARANTINED
EVT-IMCA-0387,INCIDENT,International Marine Contractors Association (IMCA),SRC-IMCA-0387,2023-05-24,UNKNOWN,International Marine & Offshore,General Industrial / Offshore Operations,,UNKNOWN,UNKNOWN,UNKNOWN,None reported / Equipment stoppage or minor disruption.,,False,BRONZE,QUARANTINED
EVT-IMCA-0388,INCIDENT,International Marine Contractors Association (IMCA),SRC-IMCA-0388,2023-05-16,UNKNOWN,International Marine & Offshore,Subsea & Diving Operations,,PRESSURE,FALSE,DERIVED,None reported / Equipment stoppage or minor disruption.,,False,BRONZE,QUARANTINED
EVT-IMCA-0389,INCIDENT,International Marine Contractors Association (IMCA),SRC-IMCA-0389,2023-05-16,UNKNOWN,International Marine & Offshore,Lifting & Rigging Operations,,UNKNOWN,TRUE,EXPLICIT,Fatal injury occurred.,Fatal injury,True,BRONZE,QUARANTINED
EVT-IMCA-0390,INCIDENT,International Marine Contractors Association (IMCA),SRC-IMCA-0390,2023-05-16,Offshore Fixed Platform,International Marine & Offshore,Marine & Vessel Operations,,THERMAL,UNKNOWN,UNKNOWN,None reported / Equipment stoppage or minor disruption.,,False,BRONZE,QUARANTINED
EVT-IMCA-0391,NEAR_MISS,International Marine Contractors Association (IMCA),SRC-IMCA-0391,2023-05-16,UNKNOWN,International Marine & Offshore,General Industrial / Offshore Operations,,UNKNOWN,UNKNOWN,UNKNOWN,None reported / Equipment stoppage or minor disruption.,,False,BRONZE,QUARANTINED
EVT-IMCA-0392,NEAR_MISS,International Marine Contractors Association (IMCA),SRC-IMCA-0392,2023-05-16,UNKNOWN,International Marine & Offshore,Marine & Vessel Operations,,UNKNOWN,UNKNOWN,UNKNOWN,None reported / Equipment stoppage or minor disruption.,,False,BRONZE,QUARANTINED
EVT-IMCA-0393,NEAR_MISS,International Marine Contractors Association (IMCA),SRC-IMCA-0393,2023-05-03,Barge,International Marine & Offshore,Lifting & Rigging Operations,crane,UNKNOWN,UNKNOWN,UNKNOWN,None reported / Equipment stoppage or minor disruption.,,False,BRONZE,QUARANTINED
EVT-IMCA-0394,NEAR_MISS,International Marine Contractors Association (IMCA),SRC-IMCA-0394,2023-05-03,UNKNOWN,International Marine & Offshore,General Industrial / Offshore Operations,,UNKNOWN,UNKNOWN,UNKNOWN,None reported / Equipment stoppage or minor disruption.,,False,BRONZE,QUARANTINED
EVT-IMCA-0395,NEAR_MISS,International Marine Contractors Association (IMCA),SRC-IMCA-0395,2023-05-03,UNKNOWN,International Marine & Offshore,General Industrial / Offshore Operations,voltage,ELECTRICAL,UNKNOWN,UNKNOWN,None reported / Equipment stoppage or minor disruption.,,False,BRONZE,QUARANTINED
EVT-IMCA-0396,NEAR_MISS,International Marine Contractors Association (IMCA),SRC-IMCA-0396,2023-05-03,UNKNOWN,International Marine & Offshore,General Industrial / Offshore Operations,steam,THERMAL,UNKNOWN,UNKNOWN,No injuries occurred (Near Miss / Potential Consequence only).,None,False,BRONZE,QUARANTINED
EVT-IMCA-0397,INCIDENT,International Marine Contractors Association (IMCA),SRC-IMCA-0397,2023-05-03,UNKNOWN,International Marine & Offshore,Marine & Vessel Operations,,THERMAL,UNKNOWN,UNKNOWN,None reported / Equipment stoppage or minor disruption.,,False,BRONZE,QUARANTINED
EVT-IMCA-0398,INCIDENT,International Marine Contractors Association (IMCA),SRC-IMCA-0398,2023-04-20,UNKNOWN,International Marine & Offshore,General Industrial / Offshore Operations,,UNKNOWN,UNKNOWN,UNKNOWN,None reported / Equipment stoppage or minor disruption.,,False,BRONZE,QUARANTINED
EVT-IMCA-0399,NEAR_MISS,International Marine Contractors Association (IMCA),SRC-IMCA-0399,2023-04-20,UNKNOWN,International Marine & Offshore,General Industrial / Offshore Operations,,UNKNOWN,UNKNOWN,UNKNOWN,None reported / Equipment stoppage or minor disruption.,,False,BRONZE,QUARANTINED
EVT-IMCA-0400,NEAR_MISS,International Marine Contractors Association (IMCA),SRC-IMCA-0400,2023-04-20,UNKNOWN,International Marine & Offshore,Piping & Pressure Maintenance,,UNKNOWN,UNKNOWN,UNKNOWN,None reported / Equipment stoppage or minor disruption.,,False,BRONZE,QUARANTINED
EVT-IMCA-0401,NEAR_MISS,International Marine Contractors Association (IMCA),SRC-IMCA-0401,2023-04-20,UNKNOWN,International Marine & Offshore,Piping & Pressure Maintenance,rotating,KINETIC,FALSE,DERIVED,No injuries occurred (Near Miss / Potential Consequence only).,None,False,BRONZE,QUARANTINED
EVT-IMCA-0402,NEAR_MISS,International Marine Contractors Association (IMCA),SRC-IMCA-0402,2023-04-20,UNKNOWN,International Marine & Offshore,General Industrial / Offshore Operations,,UNKNOWN,UNKNOWN,UNKNOWN,No injuries occurred (Near Miss / Potential Consequence only).,None,False,BRONZE,QUARANTINED
EVT-IMCA-0403,INCIDENT,International Marine Contractors Association (IMCA),SRC-IMCA-0403,2023-04-04,UNKNOWN,International Marine & Offshore,Marine & Vessel Operations,,UNKNOWN,UNKNOWN,UNKNOWN,None reported / Equipment stoppage or minor disruption.,,False,BRONZE,QUARANTINED
EVT-IMCA-0404,NEAR_MISS,International Marine Contractors Association (IMCA),SRC-IMCA-0404,2023-04-04,UNKNOWN,International Marine & Offshore,General Industrial / Offshore Operations,,UNKNOWN,UNKNOWN,UNKNOWN,None reported / Equipment stoppage or minor disruption.,,False,BRONZE,QUARANTINED
EVT-IMCA-0405,INCIDENT,International Marine Contractors Association (IMCA),SRC-IMCA-0405,2023-04-04,UNKNOWN,International Marine & Offshore,Hot Work Operations,,UNKNOWN,UNKNOWN,UNKNOWN,Minor injury requiring first aid or medical attention.,First aid / minor laceration or contusion,False,BRONZE,QUARANTINED
EVT-IMCA-0406,INCIDENT,International Marine Contractors Association (IMCA),SRC-IMCA-0406,2023-04-04,UNKNOWN,International Marine & Offshore,Piping & Pressure Maintenance,,PRESSURE,TRUE,DERIVED,Minor injury requiring first aid or medical attention.,First aid / minor laceration or contusion,False,BRONZE,QUARANTINED
EVT-IMCA-0407,INCIDENT,International Marine Contractors Association (IMCA),SRC-IMCA-0407,2023-04-04,UNKNOWN,International Marine & Offshore,Marine & Vessel Operations,,UNKNOWN,UNKNOWN,UNKNOWN,Minor injury requiring first aid or medical attention.,First aid / minor laceration or contusion,False,BRONZE,QUARANTINED
EVT-IMCA-0408,NEAR_MISS,International Marine Contractors Association (IMCA),SRC-IMCA-0408,2023-03-27,UNKNOWN,International Marine & Offshore,General Industrial / Offshore Operations,hose,UNKNOWN,UNKNOWN,UNKNOWN,None reported / Equipment stoppage or minor disruption.,,False,BRONZE,QUARANTINED
EVT-IMCA-0409,INCIDENT,International Marine Contractors Association (IMCA),SRC-IMCA-0409,2023-03-27,UNKNOWN,International Marine & Offshore,Marine & Vessel Operations,,UNKNOWN,UNKNOWN,UNKNOWN,None reported / Equipment stoppage or minor disruption.,,False,BRONZE,QUARANTINED
EVT-IMCA-0410,NEAR_MISS,International Marine Contractors Association (IMCA),SRC-IMCA-0410,2023-03-27,UNKNOWN,International Marine & Offshore,General Industrial / Offshore Operations,,UNKNOWN,UNKNOWN,UNKNOWN,None reported / Equipment stoppage or minor disruption.,,False,BRONZE,QUARANTINED
EVT-IMCA-0411,NEAR_MISS,International Marine Contractors Association (IMCA),SRC-IMCA-0411,2023-03-27,UNKNOWN,International Marine & Offshore,Marine & Vessel Operations,hose,PRESSURE,UNKNOWN,UNKNOWN,None reported / Equipment stoppage or minor disruption.,,False,BRONZE,QUARANTINED
EVT-IMCA-0412,NEAR_MISS,International Marine Contractors Association (IMCA),SRC-IMCA-0412,2023-03-27,UNKNOWN,International Marine & Offshore,Marine & Vessel Operations,,UNKNOWN,UNKNOWN,UNKNOWN,None reported / Equipment stoppage or minor disruption.,,False,BRONZE,QUARANTINED
EVT-IMCA-0413,INCIDENT,International Marine Contractors Association (IMCA),SRC-IMCA-0413,2023-03-13,UNKNOWN,International Marine & Offshore,Lifting & Rigging Operations,lift / elevator,UNKNOWN,TRUE,EXPLICIT,Fatal injury occurred.,Fatal injury,True,BRONZE,QUARANTINED
EVT-IMCA-0414,NEAR_MISS,International Marine Contractors Association (IMCA),SRC-IMCA-0414,2023-03-13,UNKNOWN,International Marine & Offshore,General Industrial / Offshore Operations,,UNKNOWN,UNKNOWN,UNKNOWN,None reported / Equipment stoppage or minor disruption.,,False,BRONZE,QUARANTINED
EVT-IMCA-0415,NEAR_MISS,International Marine Contractors Association (IMCA),SRC-IMCA-0415,2023-03-13,UNKNOWN,International Marine & Offshore,Piping & Pressure Maintenance,,UNKNOWN,UNKNOWN,UNKNOWN,None reported / Equipment stoppage or minor disruption.,,False,BRONZE,QUARANTINED
EVT-IMCA-0416,NEAR_MISS,International Marine Contractors Association (IMCA),SRC-IMCA-0416,2023-02-27,UNKNOWN,International Marine & Offshore,Lifting & Rigging Operations,,GRAVITATIONAL,UNKNOWN,UNKNOWN,None reported / Equipment stoppage or minor disruption.,,False,BRONZE,QUARANTINED
EVT-IMCA-0417,NEAR_MISS,International Marine Contractors Association (IMCA),SRC-IMCA-0417,2023-02-27,UNKNOWN,International Marine & Offshore,Marine & Vessel Operations,hot work,THERMAL,UNKNOWN,UNKNOWN,None reported / Equipment stoppage or minor disruption.,,False,BRONZE,QUARANTINED
EVT-IMCA-0418,INCIDENT,International Marine Contractors Association (IMCA),SRC-IMCA-0418,2023-02-27,UNKNOWN,International Marine & Offshore,General Industrial / Offshore Operations,,THERMAL,UNKNOWN,UNKNOWN,None reported / Equipment stoppage or minor disruption.,,False,BRONZE,QUARANTINED
EVT-IMCA-0419,NEAR_MISS,International Marine Contractors Association (IMCA),SRC-IMCA-0419,2023-02-27,UNKNOWN,International Marine & Offshore,Subsea & Diving Operations,valve,PRESSURE,UNKNOWN,UNKNOWN,No injuries occurred (Near Miss / Potential Consequence only).,None,False,BRONZE,QUARANTINED
EVT-IMCA-0420,INCIDENT,International Marine Contractors Association (IMCA),SRC-IMCA-0420,2023-02-27,Offshore Fixed Platform,International Marine & Offshore,Subsea & Diving Operations,compressor,THERMAL,UNKNOWN,UNKNOWN,None reported / Equipment stoppage or minor disruption.,,False,BRONZE,QUARANTINED
EVT-IMCA-0421,INCIDENT,International Marine Contractors Association (IMCA),SRC-IMCA-0421,2023-02-16,UNKNOWN,International Marine & Offshore,Marine & Vessel Operations,,UNKNOWN,UNKNOWN,UNKNOWN,None reported / Equipment stoppage or minor disruption.,,False,BRONZE,QUARANTINED
EVT-IMCA-0422,NEAR_MISS,International Marine Contractors Association (IMCA),SRC-IMCA-0422,2023-02-16,UNKNOWN,International Marine & Offshore,Lifting & Rigging Operations,,UNKNOWN,UNKNOWN,UNKNOWN,None reported / Equipment stoppage or minor disruption.,,False,BRONZE,QUARANTINED
EVT-IMCA-0423,INCIDENT,International Marine Contractors Association (IMCA),SRC-IMCA-0423,2023-02-16,UNKNOWN,International Marine & Offshore,General Industrial / Offshore Operations,,THERMAL,TRUE,DERIVED,None reported / Equipment stoppage or minor disruption.,,False,BRONZE,QUARANTINED
EVT-IMCA-0424,INCIDENT,International Marine Contractors Association (IMCA),SRC-IMCA-0424,2023-02-16,UNKNOWN,International Marine & Offshore,Lifting & Rigging Operations,,THERMAL,TRUE,DERIVED,None reported / Equipment stoppage or minor disruption.,,False,BRONZE,QUARANTINED
EVT-IMCA-0425,NEAR_MISS,International Marine Contractors Association (IMCA),SRC-IMCA-0425,2023-02-16,UNKNOWN,International Marine & Offshore,Piping & Pressure Maintenance,valve,UNKNOWN,UNKNOWN,UNKNOWN,None reported / Equipment stoppage or minor disruption.,,False,BRONZE,QUARANTINED
EVT-IMCA-0426,NEAR_MISS,International Marine Contractors Association (IMCA),SRC-IMCA-0426,2023-02-09,UNKNOWN,International Marine & Offshore,Lifting & Rigging Operations,,UNKNOWN,UNKNOWN,UNKNOWN,None reported / Equipment stoppage or minor disruption.,,False,BRONZE,QUARANTINED
EVT-IMCA-0427,NEAR_MISS,International Marine Contractors Association (IMCA),SRC-IMCA-0427,2023-02-09,UNKNOWN,International Marine & Offshore,Lifting & Rigging Operations,crane,UNKNOWN,UNKNOWN,UNKNOWN,No injuries occurred (Near Miss / Potential Consequence only).,None,False,BRONZE,QUARANTINED
EVT-IMCA-0428,INCIDENT,International Marine Contractors Association (IMCA),SRC-IMCA-0428,2023-02-09,UNKNOWN,International Marine & Offshore,Marine & Vessel Operations,,GRAVITATIONAL,TRUE,EXPLICIT,None reported / Equipment stoppage or minor disruption.,,False,BRONZE,QUARANTINED
EVT-IMCA-0429,NEAR_MISS,International Marine Contractors Association (IMCA),SRC-IMCA-0429,2023-02-09,UNKNOWN,International Marine & Offshore,General Industrial / Offshore Operations,winch,PRESSURE,UNKNOWN,UNKNOWN,None reported / Equipment stoppage or minor disruption.,,False,BRONZE,QUARANTINED
EVT-IMCA-0430,INCIDENT,International Marine Contractors Association (IMCA),SRC-IMCA-0430,2023-02-09,UNKNOWN,International Marine & Offshore,General Industrial / Offshore Operations,hose,THERMAL,UNKNOWN,UNKNOWN,None reported / Equipment stoppage or minor disruption.,,False,BRONZE,QUARANTINED
EVT-IMCA-0431,INCIDENT,International Marine Contractors Association (IMCA),SRC-IMCA-0431,2023-01-18,UNKNOWN,International Marine & Offshore,Subsea & Diving Operations,valve,UNKNOWN,UNKNOWN,UNKNOWN,Fatal injury occurred.,Fatal injury,True,BRONZE,QUARANTINED
EVT-IMCA-0432,NEAR_MISS,International Marine Contractors Association (IMCA),SRC-IMCA-0432,2023-01-18,UNKNOWN,International Marine & Offshore,General Industrial / Offshore Operations,,UNKNOWN,UNKNOWN,UNKNOWN,No injuries occurred (Near Miss / Potential Consequence only).,None,False,BRONZE,QUARANTINED
EVT-IMCA-0433,INCIDENT,International Marine Contractors Association (IMCA),SRC-IMCA-0433,2023-01-18,UNKNOWN,International Marine & Offshore,General Industrial / Offshore Operations,,UNKNOWN,UNKNOWN,UNKNOWN,None reported / Equipment stoppage or minor disruption.,,False,BRONZE,QUARANTINED
EVT-IMCA-0434,INCIDENT,International Marine Contractors Association (IMCA),SRC-IMCA-0434,2023-01-18,UNKNOWN,International Marine & Offshore,Hot Work Operations,,THERMAL,UNKNOWN,UNKNOWN,None reported / Equipment stoppage or minor disruption.,,False,BRONZE,QUARANTINED
EVT-IMCA-0435,NEAR_MISS,International Marine Contractors Association (IMCA),SRC-IMCA-0435,2023-01-18,UNKNOWN,International Marine & Offshore,Marine & Vessel Operations,,UNKNOWN,UNKNOWN,UNKNOWN,None reported / Equipment stoppage or minor disruption.,,False,BRONZE,QUARANTINED
EVT-IMCA-0436,NEAR_MISS,International Marine Contractors Association (IMCA),SRC-IMCA-0436,2023-01-11,UNKNOWN,International Marine & Offshore,Subsea & Diving Operations,diver umbilical,UNKNOWN,UNKNOWN,UNKNOWN,No injuries occurred (Near Miss / Potential Consequence only).,None,False,BRONZE,QUARANTINED
EVT-IMCA-0437,NEAR_MISS,International Marine Contractors Association (IMCA),SRC-IMCA-0437,2023-01-11,UNKNOWN,International Marine & Offshore,Subsea & Diving Operations,,GRAVITATIONAL,UNKNOWN,UNKNOWN,None reported / Equipment stoppage or minor disruption.,,False,BRONZE,QUARANTINED
EVT-IMCA-0438,NEAR_MISS,International Marine Contractors Association (IMCA),SRC-IMCA-0438,2023-01-11,UNKNOWN,International Marine & Offshore,General Industrial / Offshore Operations,,UNKNOWN,UNKNOWN,UNKNOWN,None reported / Equipment stoppage or minor disruption.,,False,BRONZE,QUARANTINED
EVT-IMCA-0439,INCIDENT,International Marine Contractors Association (IMCA),SRC-IMCA-0439,2023-01-11,UNKNOWN,International Marine & Offshore,Marine & Vessel Operations,,UNKNOWN,UNKNOWN,UNKNOWN,None reported / Equipment stoppage or minor disruption.,,False,BRONZE,QUARANTINED
EVT-IMCA-0440,NEAR_MISS,International Marine Contractors Association (IMCA),SRC-IMCA-0440,2023-01-11,UNKNOWN,International Marine & Offshore,Lifting & Rigging Operations,,UNKNOWN,UNKNOWN,UNKNOWN,None reported / Equipment stoppage or minor disruption.,,False,BRONZE,QUARANTINED
EVT-IMCA-0441,INCIDENT,International Marine Contractors Association (IMCA),SRC-IMCA-0441,2022-12-21,UNKNOWN,International Marine & Offshore,General Industrial / Offshore Operations,,THERMAL,UNKNOWN,UNKNOWN,None reported / Equipment stoppage or minor disruption.,,False,BRONZE,QUARANTINED
EVT-IMCA-0442,INCIDENT,International Marine Contractors Association (IMCA),SRC-IMCA-0442,2022-12-21,UNKNOWN,International Marine & Offshore,General Industrial / Offshore Operations,,THERMAL,UNKNOWN,UNKNOWN,None reported / Equipment stoppage or minor disruption.,,False,BRONZE,QUARANTINED
EVT-IMCA-0443,NEAR_MISS,International Marine Contractors Association (IMCA),SRC-IMCA-0443,2022-12-21,UNKNOWN,International Marine & Offshore,General Industrial / Offshore Operations,,UNKNOWN,UNKNOWN,UNKNOWN,None reported / Equipment stoppage or minor disruption.,,False,BRONZE,QUARANTINED
EVT-IMCA-0444,NEAR_MISS,International Marine Contractors Association (IMCA),SRC-IMCA-0444,2022-12-21,UNKNOWN,International Marine & Offshore,Lifting & Rigging Operations,,THERMAL,FALSE,DERIVED,No injuries occurred (Near Miss / Potential Consequence only).,None,False,BRONZE,QUARANTINED
EVT-IMCA-0445,NEAR_MISS,International Marine Contractors Association (IMCA),SRC-IMCA-0445,2022-12-21,UNKNOWN,International Marine & Offshore,General Industrial / Offshore Operations,,UNKNOWN,UNKNOWN,UNKNOWN,None reported / Equipment stoppage or minor disruption.,,False,BRONZE,QUARANTINED
EVT-IMCA-0446,NEAR_MISS,International Marine Contractors Association (IMCA),SRC-IMCA-0446,2022-12-13,UNKNOWN,International Marine & Offshore,Marine & Vessel Operations,,UNKNOWN,UNKNOWN,UNKNOWN,None reported / Equipment stoppage or minor disruption.,,False,BRONZE,QUARANTINED
EVT-IMCA-0447,NEAR_MISS,International Marine Contractors Association (IMCA),SRC-IMCA-0447,2022-12-13,UNKNOWN,International Marine & Offshore,General Industrial / Offshore Operations,,UNKNOWN,UNKNOWN,UNKNOWN,None reported / Equipment stoppage or minor disruption.,,False,BRONZE,QUARANTINED
EVT-IMCA-0448,NEAR_MISS,International Marine Contractors Association (IMCA),SRC-IMCA-0448,2022-12-13,UNKNOWN,International Marine & Offshore,Piping & Pressure Maintenance,,GRAVITATIONAL,UNKNOWN,UNKNOWN,No injuries occurred (Near Miss / Potential Consequence only).,None,False,BRONZE,QUARANTINED
EVT-IMCA-0449,NEAR_MISS,International Marine Contractors Association (IMCA),SRC-IMCA-0449,2022-12-13,UNKNOWN,International Marine & Offshore,General Industrial / Offshore Operations,,UNKNOWN,UNKNOWN,UNKNOWN,None reported / Equipment stoppage or minor disruption.,,False,BRONZE,QUARANTINED
EVT-IMCA-0450,NEAR_MISS,International Marine Contractors Association (IMCA),SRC-IMCA-0450,2022-12-13,UNKNOWN,International Marine & Offshore,General Industrial / Offshore Operations,,UNKNOWN,UNKNOWN,UNKNOWN,None reported / Equipment stoppage or minor disruption.,,False,BRONZE,QUARANTINED
EVT-IMCA-0451,NEAR_MISS,International Marine Contractors Association (IMCA),SRC-IMCA-0451,2022-11-30,UNKNOWN,International Marine & Offshore,General Industrial / Offshore Operations,,UNKNOWN,UNKNOWN,UNKNOWN,None reported / Equipment stoppage or minor disruption.,,False,BRONZE,QUARANTINED
EVT-IMCA-0452,NEAR_MISS,International Marine Contractors Association (IMCA),SRC-IMCA-0452,2022-11-30,UNKNOWN,International Marine & Offshore,General Industrial / Offshore Operations,,UNKNOWN,UNKNOWN,UNKNOWN,None reported / Equipment stoppage or minor disruption.,,False,BRONZE,QUARANTINED
EVT-IMCA-0453,INCIDENT,International Marine Contractors Association (IMCA),SRC-IMCA-0453,2022-11-30,UNKNOWN,International Marine & Offshore,General Industrial / Offshore Operations,,THERMAL,TRUE,DERIVED,None reported / Equipment stoppage or minor disruption.,,False,BRONZE,QUARANTINED
EVT-IMCA-0454,NEAR_MISS,International Marine Contractors Association (IMCA),SRC-IMCA-0454,2022-11-30,UNKNOWN,International Marine & Offshore,Piping & Pressure Maintenance,,UNKNOWN,UNKNOWN,UNKNOWN,None reported / Equipment stoppage or minor disruption.,,False,BRONZE,QUARANTINED
EVT-IMCA-0455,INCIDENT,International Marine Contractors Association (IMCA),SRC-IMCA-0455,2022-11-30,UNKNOWN,International Marine & Offshore,General Industrial / Offshore Operations,,UNKNOWN,UNKNOWN,UNKNOWN,None reported / Equipment stoppage or minor disruption.,,False,BRONZE,QUARANTINED
EVT-IMCA-0456,NEAR_MISS,International Marine Contractors Association (IMCA),SRC-IMCA-0456,2022-11-23,UNKNOWN,International Marine & Offshore,General Industrial / Offshore Operations,,UNKNOWN,UNKNOWN,UNKNOWN,None reported / Equipment stoppage or minor disruption.,,False,BRONZE,QUARANTINED
EVT-IMCA-0457,NEAR_MISS,International Marine Contractors Association (IMCA),SRC-IMCA-0457,2022-11-23,UNKNOWN,International Marine & Offshore,Marine & Vessel Operations,,UNKNOWN,UNKNOWN,UNKNOWN,None reported / Equipment stoppage or minor disruption.,,False,BRONZE,QUARANTINED
EVT-IMCA-0458,NEAR_MISS,International Marine Contractors Association (IMCA),SRC-IMCA-0458,2022-11-23,UNKNOWN,International Marine & Offshore,Lifting & Rigging Operations,crane,UNKNOWN,UNKNOWN,UNKNOWN,None reported / Equipment stoppage or minor disruption.,,False,BRONZE,QUARANTINED
EVT-IMCA-0459,NEAR_MISS,International Marine Contractors Association (IMCA),SRC-IMCA-0459,2022-11-23,UNKNOWN,International Marine & Offshore,General Industrial / Offshore Operations,,UNKNOWN,UNKNOWN,UNKNOWN,None reported / Equipment stoppage or minor disruption.,,False,BRONZE,QUARANTINED
EVT-IMCA-0460,NEAR_MISS,International Marine Contractors Association (IMCA),SRC-IMCA-0460,2022-11-23,UNKNOWN,International Marine & Offshore,Lifting & Rigging Operations,,UNKNOWN,UNKNOWN,UNKNOWN,None reported / Equipment stoppage or minor disruption.,,False,BRONZE,QUARANTINED
EVT-IMCA-0461,NEAR_MISS,International Marine Contractors Association (IMCA),SRC-IMCA-0461,2022-11-10,UNKNOWN,International Marine & Offshore,Lifting & Rigging Operations,,UNKNOWN,UNKNOWN,UNKNOWN,None reported / Equipment stoppage or minor disruption.,,False,BRONZE,QUARANTINED
EVT-IMCA-0462,INCIDENT,International Marine Contractors Association (IMCA),SRC-IMCA-0462,2022-11-10,UNKNOWN,International Marine & Offshore,Lifting & Rigging Operations,crane,UNKNOWN,UNKNOWN,UNKNOWN,None reported / Equipment stoppage or minor disruption.,,False,BRONZE,QUARANTINED
EVT-IMCA-0463,UC,International Marine Contractors Association (IMCA),SRC-IMCA-0463,2022-11-10,UNKNOWN,International Marine & Offshore,General Industrial / Offshore Operations,,UNKNOWN,UNKNOWN,UNKNOWN,None reported / Equipment stoppage or minor disruption.,,False,BRONZE,QUARANTINED
EVT-IMCA-0464,INCIDENT,International Marine Contractors Association (IMCA),SRC-IMCA-0464,2022-11-08,UNKNOWN,International Marine & Offshore,Marine & Vessel Operations,,UNKNOWN,TRUE,EXPLICIT,Fatal injury occurred.,Fatal injury,True,BRONZE,QUARANTINED
EVT-IMCA-0465,NEAR_MISS,International Marine Contractors Association (IMCA),SRC-IMCA-0465,2022-11-08,UNKNOWN,International Marine & Offshore,Marine & Vessel Operations,,UNKNOWN,UNKNOWN,UNKNOWN,None reported / Equipment stoppage or minor disruption.,,False,BRONZE,QUARANTINED
EVT-IMCA-0466,NEAR_MISS,International Marine Contractors Association (IMCA),SRC-IMCA-0466,2022-11-01,UNKNOWN,International Marine & Offshore,General Industrial / Offshore Operations,,GRAVITATIONAL,UNKNOWN,UNKNOWN,None reported / Equipment stoppage or minor disruption.,,False,BRONZE,QUARANTINED
EVT-IMCA-0467,NEAR_MISS,International Marine Contractors Association (IMCA),SRC-IMCA-0467,2022-11-01,UNKNOWN,International Marine & Offshore,Piping & Pressure Maintenance,,UNKNOWN,UNKNOWN,UNKNOWN,None reported / Equipment stoppage or minor disruption.,,False,BRONZE,QUARANTINED
EVT-IMCA-0468,INCIDENT,International Marine Contractors Association (IMCA),SRC-IMCA-0468,2022-11-01,UNKNOWN,International Marine & Offshore,General Industrial / Offshore Operations,,THERMAL,UNKNOWN,UNKNOWN,None reported / Equipment stoppage or minor disruption.,,False,BRONZE,QUARANTINED
EVT-IMCA-0469,INCIDENT,International Marine Contractors Association (IMCA),SRC-IMCA-0469,2022-11-01,UNKNOWN,International Marine & Offshore,General Industrial / Offshore Operations,,THERMAL,TRUE,DERIVED,None reported / Equipment stoppage or minor disruption.,,False,BRONZE,QUARANTINED
EVT-IMCA-0470,NEAR_MISS,International Marine Contractors Association (IMCA),SRC-IMCA-0470,2022-11-01,UNKNOWN,International Marine & Offshore,Hot Work Operations,,UNKNOWN,UNKNOWN,UNKNOWN,Minor injury requiring first aid or medical attention.,First aid / minor laceration or contusion,False,BRONZE,QUARANTINED
EVT-IMCA-0471,NEAR_MISS,International Marine Contractors Association (IMCA),SRC-IMCA-0471,2022-11-01,UNKNOWN,International Marine & Offshore,Marine & Vessel Operations,,UNKNOWN,UNKNOWN,UNKNOWN,No injuries occurred (Near Miss / Potential Consequence only).,None,False,BRONZE,QUARANTINED
EVT-IMCA-0472,INCIDENT,International Marine Contractors Association (IMCA),SRC-IMCA-0472,2022-10-24,UNKNOWN,International Marine & Offshore,Marine & Vessel Operations,,UNKNOWN,UNKNOWN,UNKNOWN,None reported / Equipment stoppage or minor disruption.,,False,BRONZE,QUARANTINED
EVT-IMCA-0473,NEAR_MISS,International Marine Contractors Association (IMCA),SRC-IMCA-0473,2022-10-24,UNKNOWN,International Marine & Offshore,General Industrial / Offshore Operations,,UNKNOWN,UNKNOWN,UNKNOWN,None reported / Equipment stoppage or minor disruption.,,False,BRONZE,QUARANTINED
EVT-IMCA-0474,NEAR_MISS,International Marine Contractors Association (IMCA),SRC-IMCA-0474,2022-10-24,UNKNOWN,International Marine & Offshore,General Industrial / Offshore Operations,,UNKNOWN,UNKNOWN,UNKNOWN,None reported / Equipment stoppage or minor disruption.,,False,BRONZE,QUARANTINED
EVT-IMCA-0475,INCIDENT,International Marine Contractors Association (IMCA),SRC-IMCA-0475,2022-10-24,UNKNOWN,International Marine & Offshore,General Industrial / Offshore Operations,,UNKNOWN,UNKNOWN,UNKNOWN,None reported / Equipment stoppage or minor disruption.,,False,BRONZE,QUARANTINED
EVT-IMCA-0476,NEAR_MISS,International Marine Contractors Association (IMCA),SRC-IMCA-0476,2022-10-24,UNKNOWN,International Marine & Offshore,General Industrial / Offshore Operations,,UNKNOWN,UNKNOWN,UNKNOWN,None reported / Equipment stoppage or minor disruption.,,False,BRONZE,QUARANTINED
EVT-IMCA-0477,INCIDENT,International Marine Contractors Association (IMCA),SRC-IMCA-0477,2022-10-03,UNKNOWN,International Marine & Offshore,Subsea & Diving Operations,,UNKNOWN,UNKNOWN,UNKNOWN,None reported / Equipment stoppage or minor disruption.,,False,BRONZE,QUARANTINED
EVT-IMCA-0478,NEAR_MISS,International Marine Contractors Association (IMCA),SRC-IMCA-0478,2022-10-03,UNKNOWN,International Marine & Offshore,General Industrial / Offshore Operations,drill pipe / tubular,UNKNOWN,UNKNOWN,UNKNOWN,None reported / Equipment stoppage or minor disruption.,,False,BRONZE,QUARANTINED
EVT-IMCA-0479,NEAR_MISS,International Marine Contractors Association (IMCA),SRC-IMCA-0479,2022-10-03,UNKNOWN,International Marine & Offshore,General Industrial / Offshore Operations,steam,THERMAL,UNKNOWN,UNKNOWN,None reported / Equipment stoppage or minor disruption.,,False,BRONZE,QUARANTINED
EVT-IMCA-0480,INCIDENT,International Marine Contractors Association (IMCA),SRC-IMCA-0480,2022-10-03,UNKNOWN,International Marine & Offshore,General Industrial / Offshore Operations,,UNKNOWN,UNKNOWN,UNKNOWN,Lost time / serious personal injury sustained.,Fracture / Lost time injury,False,BRONZE,QUARANTINED
EVT-IMCA-0481,INCIDENT,International Marine Contractors Association (IMCA),SRC-IMCA-0481,2022-10-03,UNKNOWN,International Marine & Offshore,General Industrial / Offshore Operations,,UNKNOWN,UNKNOWN,UNKNOWN,None reported / Equipment stoppage or minor disruption.,,False,BRONZE,QUARANTINED
EVT-IMCA-0482,NEAR_MISS,International Marine Contractors Association (IMCA),SRC-IMCA-0482,2022-09-26,UNKNOWN,International Marine & Offshore,General Industrial / Offshore Operations,,UNKNOWN,UNKNOWN,UNKNOWN,None reported / Equipment stoppage or minor disruption.,,False,BRONZE,QUARANTINED
EVT-IMCA-0483,NEAR_MISS,International Marine Contractors Association (IMCA),SRC-IMCA-0483,2022-09-26,UNKNOWN,International Marine & Offshore,Marine & Vessel Operations,,UNKNOWN,UNKNOWN,UNKNOWN,None reported / Equipment stoppage or minor disruption.,,False,BRONZE,QUARANTINED
EVT-IMCA-0484,NEAR_MISS,International Marine Contractors Association (IMCA),SRC-IMCA-0484,2022-09-26,UNKNOWN,International Marine & Offshore,Marine & Vessel Operations,,UNKNOWN,UNKNOWN,UNKNOWN,None reported / Equipment stoppage or minor disruption.,,False,BRONZE,QUARANTINED
EVT-IMCA-0485,INCIDENT,International Marine Contractors Association (IMCA),SRC-IMCA-0485,2022-09-05,UNKNOWN,International Marine & Offshore,Subsea & Diving Operations,,UNKNOWN,UNKNOWN,UNKNOWN,None reported / Equipment stoppage or minor disruption.,,False,BRONZE,QUARANTINED
EVT-IMCA-0486,NEAR_MISS,International Marine Contractors Association (IMCA),SRC-IMCA-0486,2022-09-05,UNKNOWN,International Marine & Offshore,Piping & Pressure Maintenance,gas cylinder / bailout cylinder,UNKNOWN,UNKNOWN,UNKNOWN,None reported / Equipment stoppage or minor disruption.,,False,BRONZE,QUARANTINED
EVT-IMCA-0487,INCIDENT,International Marine Contractors Association (IMCA),SRC-IMCA-0487,2022-09-05,UNKNOWN,International Marine & Offshore,General Industrial / Offshore Operations,,UNKNOWN,UNKNOWN,UNKNOWN,None reported / Equipment stoppage or minor disruption.,,False,BRONZE,QUARANTINED
EVT-IMCA-0488,NEAR_MISS,International Marine Contractors Association (IMCA),SRC-IMCA-0488,2022-09-05,UNKNOWN,International Marine & Offshore,General Industrial / Offshore Operations,,UNKNOWN,UNKNOWN,UNKNOWN,None reported / Equipment stoppage or minor disruption.,,False,BRONZE,QUARANTINED
EVT-IMCA-0489,INCIDENT,International Marine Contractors Association (IMCA),SRC-IMCA-0489,2022-09-05,UNKNOWN,International Marine & Offshore,General Industrial / Offshore Operations,,UNKNOWN,UNKNOWN,UNKNOWN,None reported / Equipment stoppage or minor disruption.,,False,BRONZE,QUARANTINED
EVT-IMCA-0490,NEAR_MISS,International Marine Contractors Association (IMCA),SRC-IMCA-0490,2022-07-26,UNKNOWN,International Marine & Offshore,Piping & Pressure Maintenance,,UNKNOWN,UNKNOWN,UNKNOWN,None reported / Equipment stoppage or minor disruption.,,False,BRONZE,QUARANTINED
EVT-IMCA-0491,NEAR_MISS,International Marine Contractors Association (IMCA),SRC-IMCA-0491,2022-07-26,UNKNOWN,International Marine & Offshore,General Industrial / Offshore Operations,,UNKNOWN,UNKNOWN,UNKNOWN,None reported / Equipment stoppage or minor disruption.,,False,BRONZE,QUARANTINED
EVT-IMCA-0492,NEAR_MISS,International Marine Contractors Association (IMCA),SRC-IMCA-0492,2022-07-26,UNKNOWN,International Marine & Offshore,General Industrial / Offshore Operations,,UNKNOWN,UNKNOWN,UNKNOWN,None reported / Equipment stoppage or minor disruption.,,False,BRONZE,QUARANTINED
EVT-IMCA-0493,NEAR_MISS,International Marine Contractors Association (IMCA),SRC-IMCA-0493,2022-07-26,UNKNOWN,International Marine & Offshore,Marine & Vessel Operations,,UNKNOWN,UNKNOWN,UNKNOWN,None reported / Equipment stoppage or minor disruption.,,False,BRONZE,QUARANTINED
EVT-IMCA-0494,NEAR_MISS,International Marine Contractors Association (IMCA),SRC-IMCA-0494,2022-07-26,UNKNOWN,International Marine & Offshore,General Industrial / Offshore Operations,,UNKNOWN,UNKNOWN,UNKNOWN,None reported / Equipment stoppage or minor disruption.,,False,BRONZE,QUARANTINED
EVT-IMCA-0495,INCIDENT,International Marine Contractors Association (IMCA),SRC-IMCA-0495,2022-07-22,UNKNOWN,International Marine & Offshore,General Industrial / Offshore Operations,hose,THERMAL,UNKNOWN,UNKNOWN,None reported / Equipment stoppage or minor disruption.,,False,BRONZE,QUARANTINED
EVT-IMCA-0496,INCIDENT,International Marine Contractors Association (IMCA),SRC-IMCA-0496,2022-07-22,UNKNOWN,International Marine & Offshore,Marine & Vessel Operations,flare,THERMAL,UNKNOWN,UNKNOWN,None reported / Equipment stoppage or minor disruption.,,False,BRONZE,QUARANTINED
EVT-IMCA-0497,NEAR_MISS,International Marine Contractors Association (IMCA),SRC-IMCA-0497,2022-07-22,UNKNOWN,International Marine & Offshore,General Industrial / Offshore Operations,,UNKNOWN,UNKNOWN,UNKNOWN,None reported / Equipment stoppage or minor disruption.,,False,BRONZE,QUARANTINED
EVT-IMCA-0498,NEAR_MISS,International Marine Contractors Association (IMCA),SRC-IMCA-0498,2022-07-22,UNKNOWN,International Marine & Offshore,General Industrial / Offshore Operations,vehicle,KINETIC,UNKNOWN,UNKNOWN,None reported / Equipment stoppage or minor disruption.,,False,BRONZE,QUARANTINED
EVT-IMCA-0499,NEAR_MISS,International Marine Contractors Association (IMCA),SRC-IMCA-0499,2022-07-22,UNKNOWN,International Marine & Offshore,General Industrial / Offshore Operations,,UNKNOWN,UNKNOWN,UNKNOWN,None reported / Equipment stoppage or minor disruption.,,False,BRONZE,QUARANTINED
EVT-IMCA-0500,NEAR_MISS,International Marine Contractors Association (IMCA),SRC-IMCA-0500,2022-07-20,UNKNOWN,International Marine & Offshore,Subsea & Diving Operations,,PRESSURE,UNKNOWN,UNKNOWN,None reported / Equipment stoppage or minor disruption.,,False,BRONZE,QUARANTINED
EVT-IMCA-0501,NEAR_MISS,International Marine Contractors Association (IMCA),SRC-IMCA-0501,2022-07-14,UNKNOWN,International Marine & Offshore,General Industrial / Offshore Operations,,UNKNOWN,UNKNOWN,UNKNOWN,None reported / Equipment stoppage or minor disruption.,,False,BRONZE,QUARANTINED
EVT-IMCA-0502,NEAR_MISS,International Marine Contractors Association (IMCA),SRC-IMCA-0502,2022-07-14,UNKNOWN,International Marine & Offshore,General Industrial / Offshore Operations,,UNKNOWN,UNKNOWN,UNKNOWN,None reported / Equipment stoppage or minor disruption.,,False,BRONZE,QUARANTINED
EVT-IMCA-0503,NEAR_MISS,International Marine Contractors Association (IMCA),SRC-IMCA-0503,2022-07-14,UNKNOWN,International Marine & Offshore,General Industrial / Offshore Operations,,UNKNOWN,UNKNOWN,UNKNOWN,None reported / Equipment stoppage or minor disruption.,,False,BRONZE,QUARANTINED
EVT-IMCA-0504,NEAR_MISS,International Marine Contractors Association (IMCA),SRC-IMCA-0504,2022-07-14,UNKNOWN,International Marine & Offshore,General Industrial / Offshore Operations,,UNKNOWN,UNKNOWN,UNKNOWN,No injuries occurred (Near Miss / Potential Consequence only).,None,False,BRONZE,QUARANTINED
EVT-IMCA-0505,NEAR_MISS,International Marine Contractors Association (IMCA),SRC-IMCA-0505,2022-07-14,UNKNOWN,International Marine & Offshore,General Industrial / Offshore Operations,winch,KINETIC,UNKNOWN,UNKNOWN,None reported / Equipment stoppage or minor disruption.,,False,BRONZE,QUARANTINED
EVT-IMCA-0506,NEAR_MISS,International Marine Contractors Association (IMCA),SRC-IMCA-0506,2022-07-04,UNKNOWN,International Marine & Offshore,Drilling & Well Intervention,,UNKNOWN,UNKNOWN,UNKNOWN,None reported / Equipment stoppage or minor disruption.,,False,BRONZE,QUARANTINED
EVT-IMCA-0507,NEAR_MISS,International Marine Contractors Association (IMCA),SRC-IMCA-0507,2022-07-04,UNKNOWN,International Marine & Offshore,Marine & Vessel Operations,,UNKNOWN,UNKNOWN,UNKNOWN,None reported / Equipment stoppage or minor disruption.,,False,BRONZE,QUARANTINED
EVT-IMCA-0508,NEAR_MISS,International Marine Contractors Association (IMCA),SRC-IMCA-0508,2022-07-04,UNKNOWN,International Marine & Offshore,Marine & Vessel Operations,,UNKNOWN,UNKNOWN,UNKNOWN,Lost time / serious personal injury sustained.,Fracture / Lost time injury,False,BRONZE,QUARANTINED
EVT-IMCA-0509,INCIDENT,International Marine Contractors Association (IMCA),SRC-IMCA-0509,2022-07-04,UNKNOWN,International Marine & Offshore,General Industrial / Offshore Operations,,UNKNOWN,UNKNOWN,UNKNOWN,None reported / Equipment stoppage or minor disruption.,,False,BRONZE,QUARANTINED
EVT-IMCA-0510,INCIDENT,International Marine Contractors Association (IMCA),SRC-IMCA-0510,2022-07-04,UNKNOWN,International Marine & Offshore,Lifting & Rigging Operations,,UNKNOWN,UNKNOWN,UNKNOWN,None reported / Equipment stoppage or minor disruption.,,False,BRONZE,QUARANTINED
EVT-IMCA-0511,INCIDENT,International Marine Contractors Association (IMCA),SRC-IMCA-0511,2022-06-20,UNKNOWN,International Marine & Offshore,Marine & Vessel Operations,,UNKNOWN,UNKNOWN,UNKNOWN,Fatal injury occurred.,Fatal injury,True,BRONZE,QUARANTINED
EVT-IMCA-0512,NEAR_MISS,International Marine Contractors Association (IMCA),SRC-IMCA-0512,2022-06-20,UNKNOWN,International Marine & Offshore,General Industrial / Offshore Operations,,ELECTRICAL,TRUE,EXPLICIT,No injuries occurred (Near Miss / Potential Consequence only).,None,False,BRONZE,QUARANTINED
EVT-IMCA-0513,INCIDENT,International Marine Contractors Association (IMCA),SRC-IMCA-0513,2022-06-20,UNKNOWN,International Marine & Offshore,General Industrial / Offshore Operations,,THERMAL,UNKNOWN,UNKNOWN,None reported / Equipment stoppage or minor disruption.,,False,BRONZE,QUARANTINED
EVT-IMCA-0514,NEAR_MISS,International Marine Contractors Association (IMCA),SRC-IMCA-0514,2022-06-20,UNKNOWN,International Marine & Offshore,Marine & Vessel Operations,,UNKNOWN,UNKNOWN,UNKNOWN,None reported / Equipment stoppage or minor disruption.,,False,BRONZE,QUARANTINED
EVT-IMCA-0515,NEAR_MISS,International Marine Contractors Association (IMCA),SRC-IMCA-0515,2022-06-20,UNKNOWN,International Marine & Offshore,General Industrial / Offshore Operations,,UNKNOWN,UNKNOWN,UNKNOWN,None reported / Equipment stoppage or minor disruption.,,False,BRONZE,QUARANTINED
EVT-IMCA-0516,NEAR_MISS,International Marine Contractors Association (IMCA),SRC-IMCA-0516,2022-06-10,UNKNOWN,International Marine & Offshore,General Industrial / Offshore Operations,,UNKNOWN,UNKNOWN,UNKNOWN,None reported / Equipment stoppage or minor disruption.,,False,BRONZE,QUARANTINED
EVT-IMCA-0517,NEAR_MISS,International Marine Contractors Association (IMCA),SRC-IMCA-0517,2022-05-31,UNKNOWN,International Marine & Offshore,General Industrial / Offshore Operations,,UNKNOWN,UNKNOWN,UNKNOWN,No injuries occurred (Near Miss / Potential Consequence only).,None,False,BRONZE,QUARANTINED
EVT-IMCA-0518,NEAR_MISS,International Marine Contractors Association (IMCA),SRC-IMCA-0518,2022-05-31,UNKNOWN,International Marine & Offshore,Hot Work Operations,,UNKNOWN,UNKNOWN,UNKNOWN,Minor injury requiring first aid or medical attention.,First aid / minor laceration or contusion,False,BRONZE,QUARANTINED
EVT-IMCA-0519,NEAR_MISS,International Marine Contractors Association (IMCA),SRC-IMCA-0519,2022-05-31,UNKNOWN,International Marine & Offshore,General Industrial / Offshore Operations,,ELECTRICAL,UNKNOWN,UNKNOWN,None reported / Equipment stoppage or minor disruption.,,False,BRONZE,QUARANTINED
EVT-IMCA-0520,NEAR_MISS,International Marine Contractors Association (IMCA),SRC-IMCA-0520,2022-05-31,UNKNOWN,International Marine & Offshore,Marine & Vessel Operations,,UNKNOWN,UNKNOWN,UNKNOWN,None reported / Equipment stoppage or minor disruption.,,False,BRONZE,QUARANTINED
EVT-IMCA-0521,INCIDENT,International Marine Contractors Association (IMCA),SRC-IMCA-0521,2022-05-31,UNKNOWN,International Marine & Offshore,Marine & Vessel Operations,,THERMAL,UNKNOWN,UNKNOWN,None reported / Equipment stoppage or minor disruption.,,False,BRONZE,QUARANTINED
EVT-IMCA-0522,INCIDENT,International Marine Contractors Association (IMCA),SRC-IMCA-0522,2022-05-12,UNKNOWN,International Marine & Offshore,General Industrial / Offshore Operations,hot work,THERMAL,UNKNOWN,UNKNOWN,None reported / Equipment stoppage or minor disruption.,,False,BRONZE,QUARANTINED
EVT-IMCA-0523,NEAR_MISS,International Marine Contractors Association (IMCA),SRC-IMCA-0523,2022-05-12,UNKNOWN,International Marine & Offshore,General Industrial / Offshore Operations,,UNKNOWN,UNKNOWN,UNKNOWN,None reported / Equipment stoppage or minor disruption.,,False,BRONZE,QUARANTINED
EVT-IMCA-0524,NEAR_MISS,International Marine Contractors Association (IMCA),SRC-IMCA-0524,2022-05-12,Jack-up Rig,International Marine & Offshore,Drilling & Well Intervention,,GRAVITATIONAL,UNKNOWN,UNKNOWN,None reported / Equipment stoppage or minor disruption.,,False,BRONZE,QUARANTINED
EVT-IMCA-0525,NEAR_MISS,International Marine Contractors Association (IMCA),SRC-IMCA-0525,2022-05-12,UNKNOWN,International Marine & Offshore,Hot Work Operations,,UNKNOWN,UNKNOWN,UNKNOWN,Minor injury requiring first aid or medical attention.,First aid / minor laceration or contusion,False,BRONZE,QUARANTINED
EVT-IMCA-0526,INCIDENT,International Marine Contractors Association (IMCA),SRC-IMCA-0526,2022-05-12,UNKNOWN,International Marine & Offshore,Drilling & Well Intervention,,UNKNOWN,UNKNOWN,UNKNOWN,None reported / Equipment stoppage or minor disruption.,,False,BRONZE,QUARANTINED
EVT-IMCA-0527,INCIDENT,International Marine Contractors Association (IMCA),SRC-IMCA-0527,2022-05-04,UNKNOWN,International Marine & Offshore,Lifting & Rigging Operations,,UNKNOWN,UNKNOWN,UNKNOWN,None reported / Equipment stoppage or minor disruption.,,False,BRONZE,QUARANTINED
EVT-IMCA-0528,NEAR_MISS,International Marine Contractors Association (IMCA),SRC-IMCA-0528,2022-05-04,UNKNOWN,International Marine & Offshore,General Industrial / Offshore Operations,,UNKNOWN,UNKNOWN,UNKNOWN,No injuries occurred (Near Miss / Potential Consequence only).,None,False,BRONZE,QUARANTINED
EVT-IMCA-0529,NEAR_MISS,International Marine Contractors Association (IMCA),SRC-IMCA-0529,2022-05-04,UNKNOWN,International Marine & Offshore,Marine & Vessel Operations,,UNKNOWN,UNKNOWN,UNKNOWN,None reported / Equipment stoppage or minor disruption.,,False,BRONZE,QUARANTINED
EVT-IMCA-0530,NEAR_MISS,International Marine Contractors Association (IMCA),SRC-IMCA-0530,2022-05-04,UNKNOWN,International Marine & Offshore,General Industrial / Offshore Operations,,UNKNOWN,UNKNOWN,UNKNOWN,None reported / Equipment stoppage or minor disruption.,,False,BRONZE,QUARANTINED
EVT-IMCA-0531,INCIDENT,International Marine Contractors Association (IMCA),SRC-IMCA-0531,2022-05-04,UNKNOWN,International Marine & Offshore,Marine & Vessel Operations,hose,UNKNOWN,UNKNOWN,UNKNOWN,None reported / Equipment stoppage or minor disruption.,,False,BRONZE,QUARANTINED
EVT-IMCA-0532,INCIDENT,International Marine Contractors Association (IMCA),SRC-IMCA-0532,2022-04-21,UNKNOWN,International Marine & Offshore,Lifting & Rigging Operations,crane,UNKNOWN,UNKNOWN,UNKNOWN,None reported / Equipment stoppage or minor disruption.,,False,BRONZE,QUARANTINED
EVT-IMCA-0533,NEAR_MISS,International Marine Contractors Association (IMCA),SRC-IMCA-0533,2022-04-21,UNKNOWN,International Marine & Offshore,Subsea & Diving Operations,hose,UNKNOWN,UNKNOWN,UNKNOWN,None reported / Equipment stoppage or minor disruption.,,False,BRONZE,QUARANTINED
EVT-IMCA-0534,NEAR_MISS,International Marine Contractors Association (IMCA),SRC-IMCA-0534,2022-04-21,UNKNOWN,International Marine & Offshore,Subsea & Diving Operations,,UNKNOWN,UNKNOWN,UNKNOWN,None reported / Equipment stoppage or minor disruption.,,False,BRONZE,QUARANTINED
EVT-IMCA-0535,NEAR_MISS,International Marine Contractors Association (IMCA),SRC-IMCA-0535,2022-04-21,UNKNOWN,International Marine & Offshore,General Industrial / Offshore Operations,,UNKNOWN,UNKNOWN,UNKNOWN,None reported / Equipment stoppage or minor disruption.,,False,BRONZE,QUARANTINED
EVT-IMCA-0536,INCIDENT,International Marine Contractors Association (IMCA),SRC-IMCA-0536,2022-04-21,UNKNOWN,International Marine & Offshore,Marine & Vessel Operations,,THERMAL,UNKNOWN,UNKNOWN,None reported / Equipment stoppage or minor disruption.,,False,BRONZE,QUARANTINED
EVT-IMCA-0537,NEAR_MISS,International Marine Contractors Association (IMCA),SRC-IMCA-0537,2022-04-08,UNKNOWN,International Marine & Offshore,Marine & Vessel Operations,,UNKNOWN,UNKNOWN,UNKNOWN,None reported / Equipment stoppage or minor disruption.,,False,BRONZE,QUARANTINED
EVT-IMCA-0538,INCIDENT,International Marine Contractors Association (IMCA),SRC-IMCA-0538,2022-04-08,UNKNOWN,International Marine & Offshore,General Industrial / Offshore Operations,,THERMAL,UNKNOWN,UNKNOWN,None reported / Equipment stoppage or minor disruption.,,False,BRONZE,QUARANTINED
EVT-IMCA-0539,INCIDENT,International Marine Contractors Association (IMCA),SRC-IMCA-0539,2022-04-08,UNKNOWN,International Marine & Offshore,Marine & Vessel Operations,,THERMAL,UNKNOWN,UNKNOWN,None reported / Equipment stoppage or minor disruption.,,False,BRONZE,QUARANTINED
EVT-IMCA-0540,NEAR_MISS,International Marine Contractors Association (IMCA),SRC-IMCA-0540,2022-04-08,UNKNOWN,International Marine & Offshore,Lifting & Rigging Operations,crane,UNKNOWN,TRUE,EXPLICIT,Fatal injury occurred.,Fatal injury,True,BRONZE,QUARANTINED
EVT-IMCA-0541,NEAR_MISS,International Marine Contractors Association (IMCA),SRC-IMCA-0541,2022-04-08,UNKNOWN,International Marine & Offshore,Piping & Pressure Maintenance,,UNKNOWN,UNKNOWN,UNKNOWN,None reported / Equipment stoppage or minor disruption.,,False,BRONZE,QUARANTINED
EVT-IMCA-0542,NEAR_MISS,International Marine Contractors Association (IMCA),SRC-IMCA-0542,2022-04-01,UNKNOWN,International Marine & Offshore,Marine & Vessel Operations,,UNKNOWN,UNKNOWN,UNKNOWN,No injuries occurred (Near Miss / Potential Consequence only).,None,False,BRONZE,QUARANTINED
EVT-IMCA-0543,INCIDENT,International Marine Contractors Association (IMCA),SRC-IMCA-0543,2022-04-01,UNKNOWN,International Marine & Offshore,Hot Work Operations,,THERMAL,UNKNOWN,UNKNOWN,Minor injury requiring first aid or medical attention.,First aid / minor laceration or contusion,False,BRONZE,QUARANTINED
EVT-IMCA-0544,NEAR_MISS,International Marine Contractors Association (IMCA),SRC-IMCA-0544,2022-04-01,UNKNOWN,International Marine & Offshore,Marine & Vessel Operations,generator,UNKNOWN,UNKNOWN,UNKNOWN,None reported / Equipment stoppage or minor disruption.,,False,BRONZE,QUARANTINED
EVT-IMCA-0545,NEAR_MISS,International Marine Contractors Association (IMCA),SRC-IMCA-0545,2022-04-01,UNKNOWN,International Marine & Offshore,Marine & Vessel Operations,,UNKNOWN,UNKNOWN,UNKNOWN,None reported / Equipment stoppage or minor disruption.,,False,BRONZE,QUARANTINED
EVT-IMCA-0546,INCIDENT,International Marine Contractors Association (IMCA),SRC-IMCA-0546,2022-04-01,Offshore Fixed Platform,International Marine & Offshore,Hot Work Operations,,UNKNOWN,UNKNOWN,UNKNOWN,Minor injury requiring first aid or medical attention.,First aid / minor laceration or contusion,False,BRONZE,QUARANTINED
EVT-IMCA-0547,INCIDENT,International Marine Contractors Association (IMCA),SRC-IMCA-0547,2022-03-22,UNKNOWN,International Marine & Offshore,Marine & Vessel Operations,,THERMAL,UNKNOWN,UNKNOWN,None reported / Equipment stoppage or minor disruption.,,False,BRONZE,QUARANTINED
EVT-IMCA-0548,NEAR_MISS,International Marine Contractors Association (IMCA),SRC-IMCA-0548,2022-03-22,UNKNOWN,International Marine & Offshore,Marine & Vessel Operations,,UNKNOWN,UNKNOWN,UNKNOWN,None reported / Equipment stoppage or minor disruption.,,False,BRONZE,QUARANTINED
EVT-IMCA-0549,NEAR_MISS,International Marine Contractors Association (IMCA),SRC-IMCA-0549,2022-03-22,UNKNOWN,International Marine & Offshore,General Industrial / Offshore Operations,,UNKNOWN,UNKNOWN,UNKNOWN,None reported / Equipment stoppage or minor disruption.,,False,BRONZE,QUARANTINED
EVT-IMCA-0550,NEAR_MISS,International Marine Contractors Association (IMCA),SRC-IMCA-0550,2022-03-22,UNKNOWN,International Marine & Offshore,Marine & Vessel Operations,,UNKNOWN,UNKNOWN,UNKNOWN,None reported / Equipment stoppage or minor disruption.,,False,BRONZE,QUARANTINED
EVT-IMCA-0551,INCIDENT,International Marine Contractors Association (IMCA),SRC-IMCA-0551,2022-03-22,UNKNOWN,International Marine & Offshore,General Industrial / Offshore Operations,vehicle,KINETIC,TRUE,DERIVED,Fatal injury occurred.,Fatal injury,True,BRONZE,QUARANTINED
EVT-IMCA-0552,INCIDENT,International Marine Contractors Association (IMCA),SRC-IMCA-0552,2022-03-11,UNKNOWN,International Marine & Offshore,Marine & Vessel Operations,scaffold,GRAVITATIONAL,UNKNOWN,UNKNOWN,Fatal injury occurred.,Fatal injury,True,BRONZE,QUARANTINED
EVT-IMCA-0553,INCIDENT,International Marine Contractors Association (IMCA),SRC-IMCA-0553,2022-03-11,UNKNOWN,International Marine & Offshore,Marine & Vessel Operations,,UNKNOWN,UNKNOWN,UNKNOWN,Fatal injury occurred.,Fatal injury,True,BRONZE,QUARANTINED
EVT-IMCA-0554,INCIDENT,International Marine Contractors Association (IMCA),SRC-IMCA-0554,2022-03-11,UNKNOWN,International Marine & Offshore,Subsea & Diving Operations,remotely operated vehicle (ROV),UNKNOWN,UNKNOWN,UNKNOWN,None reported / Equipment stoppage or minor disruption.,,False,BRONZE,QUARANTINED
EVT-IMCA-0555,NEAR_MISS,International Marine Contractors Association (IMCA),SRC-IMCA-0555,2022-03-11,UNKNOWN,International Marine & Offshore,General Industrial / Offshore Operations,,UNKNOWN,UNKNOWN,UNKNOWN,None reported / Equipment stoppage or minor disruption.,,False,BRONZE,QUARANTINED
EVT-IMCA-0556,NEAR_MISS,International Marine Contractors Association (IMCA),SRC-IMCA-0556,2022-03-11,UNKNOWN,International Marine & Offshore,Marine & Vessel Operations,,UNKNOWN,UNKNOWN,UNKNOWN,None reported / Equipment stoppage or minor disruption.,,False,BRONZE,QUARANTINED
EVT-IMCA-0557,NEAR_MISS,International Marine Contractors Association (IMCA),SRC-IMCA-0557,2022-02-28,UNKNOWN,International Marine & Offshore,General Industrial / Offshore Operations,,ELECTRICAL,UNKNOWN,UNKNOWN,None reported / Equipment stoppage or minor disruption.,,False,BRONZE,QUARANTINED
EVT-IMCA-0558,NEAR_MISS,International Marine Contractors Association (IMCA),SRC-IMCA-0558,2022-02-28,UNKNOWN,International Marine & Offshore,Marine & Vessel Operations,,UNKNOWN,UNKNOWN,UNKNOWN,None reported / Equipment stoppage or minor disruption.,,False,BRONZE,QUARANTINED
EVT-IMCA-0559,NEAR_MISS,International Marine Contractors Association (IMCA),SRC-IMCA-0559,2022-02-28,UNKNOWN,International Marine & Offshore,General Industrial / Offshore Operations,entangled,KINETIC,UNKNOWN,UNKNOWN,None reported / Equipment stoppage or minor disruption.,,False,BRONZE,QUARANTINED
EVT-IMCA-0560,INCIDENT,International Marine Contractors Association (IMCA),SRC-IMCA-0560,2022-02-28,UNKNOWN,International Marine & Offshore,General Industrial / Offshore Operations,,UNKNOWN,UNKNOWN,UNKNOWN,Lost time / serious personal injury sustained.,Fracture / Lost time injury,False,BRONZE,QUARANTINED
EVT-IMCA-0561,NEAR_MISS,International Marine Contractors Association (IMCA),SRC-IMCA-0561,2022-02-28,UNKNOWN,International Marine & Offshore,Hot Work Operations,,UNKNOWN,UNKNOWN,UNKNOWN,Minor injury requiring first aid or medical attention.,First aid / minor laceration or contusion,False,BRONZE,QUARANTINED
EVT-IMCA-0562,INCIDENT,International Marine Contractors Association (IMCA),SRC-IMCA-0562,2022-02-10,UNKNOWN,International Marine & Offshore,Piping & Pressure Maintenance,,UNKNOWN,UNKNOWN,UNKNOWN,None reported / Equipment stoppage or minor disruption.,,False,BRONZE,QUARANTINED
EVT-IMCA-0563,NEAR_MISS,International Marine Contractors Association (IMCA),SRC-IMCA-0563,2022-02-10,UNKNOWN,International Marine & Offshore,Lifting & Rigging Operations,crane,UNKNOWN,UNKNOWN,UNKNOWN,Minor injury requiring first aid or medical attention.,First aid / minor laceration or contusion,False,BRONZE,QUARANTINED
EVT-IMCA-0564,NEAR_MISS,International Marine Contractors Association (IMCA),SRC-IMCA-0564,2022-02-10,UNKNOWN,International Marine & Offshore,General Industrial / Offshore Operations,,UNKNOWN,UNKNOWN,UNKNOWN,None reported / Equipment stoppage or minor disruption.,,False,BRONZE,QUARANTINED
EVT-IMCA-0565,INCIDENT,International Marine Contractors Association (IMCA),SRC-IMCA-0565,2022-02-10,UNKNOWN,International Marine & Offshore,Marine & Vessel Operations,generator,THERMAL,UNKNOWN,UNKNOWN,None reported / Equipment stoppage or minor disruption.,,False,BRONZE,QUARANTINED
EVT-IMCA-0566,INCIDENT,International Marine Contractors Association (IMCA),SRC-IMCA-0566,2022-02-10,UNKNOWN,International Marine & Offshore,General Industrial / Offshore Operations,,THERMAL,UNKNOWN,UNKNOWN,None reported / Equipment stoppage or minor disruption.,,False,BRONZE,QUARANTINED
EVT-IMCA-0567,NEAR_MISS,International Marine Contractors Association (IMCA),SRC-IMCA-0567,2022-01-28,UNKNOWN,International Marine & Offshore,Lifting & Rigging Operations,diver umbilical,UNKNOWN,UNKNOWN,UNKNOWN,No injuries occurred (Near Miss / Potential Consequence only).,None,False,BRONZE,QUARANTINED
EVT-IMCA-0568,NEAR_MISS,International Marine Contractors Association (IMCA),SRC-IMCA-0568,2022-01-28,UNKNOWN,International Marine & Offshore,General Industrial / Offshore Operations,subsea jumper,UNKNOWN,UNKNOWN,UNKNOWN,None reported / Equipment stoppage or minor disruption.,,False,BRONZE,QUARANTINED
EVT-IMCA-0569,INCIDENT,International Marine Contractors Association (IMCA),SRC-IMCA-0569,2022-01-28,UNKNOWN,International Marine & Offshore,General Industrial / Offshore Operations,,THERMAL,UNKNOWN,UNKNOWN,None reported / Equipment stoppage or minor disruption.,,False,BRONZE,QUARANTINED
EVT-IMCA-0570,INCIDENT,International Marine Contractors Association (IMCA),SRC-IMCA-0570,2022-01-28,UNKNOWN,International Marine & Offshore,Marine & Vessel Operations,,UNKNOWN,UNKNOWN,UNKNOWN,None reported / Equipment stoppage or minor disruption.,,False,BRONZE,QUARANTINED
EVT-IMCA-0571,NEAR_MISS,International Marine Contractors Association (IMCA),SRC-IMCA-0571,2022-01-28,UNKNOWN,International Marine & Offshore,General Industrial / Offshore Operations,,UNKNOWN,UNKNOWN,UNKNOWN,None reported / Equipment stoppage or minor disruption.,,False,BRONZE,QUARANTINED
EVT-IMCA-0572,NEAR_MISS,International Marine Contractors Association (IMCA),SRC-IMCA-0572,2022-01-20,UNKNOWN,International Marine & Offshore,General Industrial / Offshore Operations,,UNKNOWN,UNKNOWN,UNKNOWN,None reported / Equipment stoppage or minor disruption.,,False,BRONZE,QUARANTINED
EVT-IMCA-0573,NEAR_MISS,International Marine Contractors Association (IMCA),SRC-IMCA-0573,2022-01-20,UNKNOWN,International Marine & Offshore,Lifting & Rigging Operations,,UNKNOWN,UNKNOWN,UNKNOWN,None reported / Equipment stoppage or minor disruption.,,False,BRONZE,QUARANTINED
EVT-IMCA-0574,NEAR_MISS,International Marine Contractors Association (IMCA),SRC-IMCA-0574,2022-01-20,UNKNOWN,International Marine & Offshore,General Industrial / Offshore Operations,hose,UNKNOWN,UNKNOWN,UNKNOWN,None reported / Equipment stoppage or minor disruption.,,False,BRONZE,QUARANTINED
EVT-IMCA-0575,INCIDENT,International Marine Contractors Association (IMCA),SRC-IMCA-0575,2022-01-20,UNKNOWN,International Marine & Offshore,General Industrial / Offshore Operations,,THERMAL,TRUE,DERIVED,None reported / Equipment stoppage or minor disruption.,,False,BRONZE,QUARANTINED
EVT-IMCA-0576,INCIDENT,International Marine Contractors Association (IMCA),SRC-IMCA-0576,2022-01-10,UNKNOWN,International Marine & Offshore,General Industrial / Offshore Operations,,THERMAL,UNKNOWN,UNKNOWN,None reported / Equipment stoppage or minor disruption.,,False,BRONZE,QUARANTINED
EVT-IMCA-0577,INCIDENT,International Marine Contractors Association (IMCA),SRC-IMCA-0577,2022-01-10,UNKNOWN,International Marine & Offshore,Marine & Vessel Operations,,THERMAL,TRUE,DERIVED,None reported / Equipment stoppage or minor disruption.,,False,BRONZE,QUARANTINED
EVT-IMCA-0578,INCIDENT,International Marine Contractors Association (IMCA),SRC-IMCA-0578,2022-01-10,UNKNOWN,International Marine & Offshore,General Industrial / Offshore Operations,,THERMAL,UNKNOWN,UNKNOWN,None reported / Equipment stoppage or minor disruption.,,False,BRONZE,QUARANTINED
EVT-IMCA-0579,INCIDENT,International Marine Contractors Association (IMCA),SRC-IMCA-0579,2022-01-10,UNKNOWN,International Marine & Offshore,Hot Work Operations,,UNKNOWN,UNKNOWN,UNKNOWN,Minor injury requiring first aid or medical attention.,First aid / minor laceration or contusion,False,BRONZE,QUARANTINED
EVT-IMCA-0580,NEAR_MISS,International Marine Contractors Association (IMCA),SRC-IMCA-0580,2022-01-10,UNKNOWN,International Marine & Offshore,Lifting & Rigging Operations,,UNKNOWN,UNKNOWN,UNKNOWN,None reported / Equipment stoppage or minor disruption.,,False,BRONZE,QUARANTINED
EVT-IMCA-0581,NEAR_MISS,International Marine Contractors Association (IMCA),SRC-IMCA-0581,2021-12-09,UNKNOWN,International Marine & Offshore,Marine & Vessel Operations,,UNKNOWN,UNKNOWN,UNKNOWN,None reported / Equipment stoppage or minor disruption.,,False,BRONZE,QUARANTINED
EVT-IMCA-0582,NEAR_MISS,International Marine Contractors Association (IMCA),SRC-IMCA-0582,2021-12-09,UNKNOWN,International Marine & Offshore,Lifting & Rigging Operations,,UNKNOWN,UNKNOWN,UNKNOWN,None reported / Equipment stoppage or minor disruption.,,False,BRONZE,QUARANTINED
EVT-IMCA-0583,INCIDENT,International Marine Contractors Association (IMCA),SRC-IMCA-0583,2021-12-09,UNKNOWN,International Marine & Offshore,Marine & Vessel Operations,winch,KINETIC,UNKNOWN,UNKNOWN,None reported / Equipment stoppage or minor disruption.,,False,BRONZE,QUARANTINED
EVT-IMCA-0584,INCIDENT,International Marine Contractors Association (IMCA),SRC-IMCA-0584,2021-12-09,UNKNOWN,International Marine & Offshore,Marine & Vessel Operations,winch,KINETIC,UNKNOWN,UNKNOWN,None reported / Equipment stoppage or minor disruption.,,False,BRONZE,QUARANTINED
EVT-IMCA-0585,NEAR_MISS,International Marine Contractors Association (IMCA),SRC-IMCA-0585,2021-12-09,UNKNOWN,International Marine & Offshore,Marine & Vessel Operations,,UNKNOWN,UNKNOWN,UNKNOWN,None reported / Equipment stoppage or minor disruption.,,False,BRONZE,QUARANTINED
EVT-IMCA-0586,NEAR_MISS,International Marine Contractors Association (IMCA),SRC-IMCA-0586,2021-12-02,UNKNOWN,International Marine & Offshore,Marine & Vessel Operations,,UNKNOWN,UNKNOWN,UNKNOWN,None reported / Equipment stoppage or minor disruption.,,False,BRONZE,QUARANTINED
EVT-IMCA-0587,INCIDENT,International Marine Contractors Association (IMCA),SRC-IMCA-0587,2021-12-02,UNKNOWN,International Marine & Offshore,Hot Work Operations,,UNKNOWN,UNKNOWN,UNKNOWN,Minor injury requiring first aid or medical attention.,First aid / minor laceration or contusion,False,BRONZE,QUARANTINED
EVT-IMCA-0588,INCIDENT,International Marine Contractors Association (IMCA),SRC-IMCA-0588,2021-12-02,UNKNOWN,International Marine & Offshore,Hot Work Operations,,UNKNOWN,UNKNOWN,UNKNOWN,Fatal injury occurred.,Fatal injury,True,BRONZE,QUARANTINED
EVT-IMCA-0589,INCIDENT,International Marine Contractors Association (IMCA),SRC-IMCA-0589,2021-12-02,UNKNOWN,International Marine & Offshore,Subsea & Diving Operations,remotely operated vehicle (ROV),UNKNOWN,UNKNOWN,UNKNOWN,None reported / Equipment stoppage or minor disruption.,,False,BRONZE,QUARANTINED
EVT-IMCA-0590,NEAR_MISS,International Marine Contractors Association (IMCA),SRC-IMCA-0590,2021-12-02,UNKNOWN,International Marine & Offshore,Lifting & Rigging Operations,lift / elevator,UNKNOWN,UNKNOWN,UNKNOWN,None reported / Equipment stoppage or minor disruption.,,False,BRONZE,QUARANTINED
EVT-IMCA-0591,NEAR_MISS,International Marine Contractors Association (IMCA),SRC-IMCA-0591,2021-11-25,UNKNOWN,International Marine & Offshore,General Industrial / Offshore Operations,,UNKNOWN,UNKNOWN,UNKNOWN,None reported / Equipment stoppage or minor disruption.,,False,BRONZE,QUARANTINED
EVT-IMCA-0592,NEAR_MISS,International Marine Contractors Association (IMCA),SRC-IMCA-0592,2021-11-25,UNKNOWN,International Marine & Offshore,General Industrial / Offshore Operations,,GRAVITATIONAL,UNKNOWN,UNKNOWN,None reported / Equipment stoppage or minor disruption.,,False,BRONZE,QUARANTINED
EVT-IMCA-0593,NEAR_MISS,International Marine Contractors Association (IMCA),SRC-IMCA-0593,2021-11-25,UNKNOWN,International Marine & Offshore,General Industrial / Offshore Operations,,UNKNOWN,UNKNOWN,UNKNOWN,None reported / Equipment stoppage or minor disruption.,,False,BRONZE,QUARANTINED
EVT-IMCA-0594,INCIDENT,International Marine Contractors Association (IMCA),SRC-IMCA-0594,2021-11-25,UNKNOWN,International Marine & Offshore,General Industrial / Offshore Operations,,ELECTRICAL,UNKNOWN,UNKNOWN,None reported / Equipment stoppage or minor disruption.,,False,BRONZE,QUARANTINED
EVT-IMCA-0595,INCIDENT,International Marine Contractors Association (IMCA),SRC-IMCA-0595,2021-11-25,UNKNOWN,International Marine & Offshore,Marine & Vessel Operations,,UNKNOWN,UNKNOWN,UNKNOWN,None reported / Equipment stoppage or minor disruption.,,False,BRONZE,QUARANTINED
EVT-IMCA-0596,NEAR_MISS,International Marine Contractors Association (IMCA),SRC-IMCA-0596,2021-11-19,UNKNOWN,International Marine & Offshore,General Industrial / Offshore Operations,,UNKNOWN,UNKNOWN,UNKNOWN,None reported / Equipment stoppage or minor disruption.,,False,BRONZE,QUARANTINED
EVT-IMCA-0597,INCIDENT,International Marine Contractors Association (IMCA),SRC-IMCA-0597,2021-11-19,UNKNOWN,International Marine & Offshore,Subsea & Diving Operations,,UNKNOWN,UNKNOWN,UNKNOWN,None reported / Equipment stoppage or minor disruption.,,False,BRONZE,QUARANTINED
EVT-IMCA-0598,NEAR_MISS,International Marine Contractors Association (IMCA),SRC-IMCA-0598,2021-11-19,UNKNOWN,International Marine & Offshore,General Industrial / Offshore Operations,burst,PRESSURE,UNKNOWN,UNKNOWN,None reported / Equipment stoppage or minor disruption.,,False,BRONZE,QUARANTINED
EVT-IMCA-0599,NEAR_MISS,International Marine Contractors Association (IMCA),SRC-IMCA-0599,2021-11-18,UNKNOWN,International Marine & Offshore,General Industrial / Offshore Operations,winch,KINETIC,UNKNOWN,UNKNOWN,None reported / Equipment stoppage or minor disruption.,,False,BRONZE,QUARANTINED
EVT-IMCA-0600,NEAR_MISS,International Marine Contractors Association (IMCA),SRC-IMCA-0600,2021-11-18,UNKNOWN,International Marine & Offshore,Marine & Vessel Operations,,GRAVITATIONAL,UNKNOWN,UNKNOWN,None reported / Equipment stoppage or minor disruption.,,False,BRONZE,QUARANTINED
EVT-IMCA-0601,INCIDENT,International Marine Contractors Association (IMCA),SRC-IMCA-0601,2021-11-08,UNKNOWN,International Marine & Offshore,General Industrial / Offshore Operations,,UNKNOWN,UNKNOWN,UNKNOWN,None reported / Equipment stoppage or minor disruption.,,False,BRONZE,QUARANTINED
EVT-IMCA-0602,INCIDENT,International Marine Contractors Association (IMCA),SRC-IMCA-0602,2021-11-08,UNKNOWN,International Marine & Offshore,Marine & Vessel Operations,,UNKNOWN,UNKNOWN,UNKNOWN,None reported / Equipment stoppage or minor disruption.,,False,BRONZE,QUARANTINED
EVT-IMCA-0603,INCIDENT,International Marine Contractors Association (IMCA),SRC-IMCA-0603,2021-11-08,UNKNOWN,International Marine & Offshore,General Industrial / Offshore Operations,,UNKNOWN,UNKNOWN,UNKNOWN,None reported / Equipment stoppage or minor disruption.,,False,BRONZE,QUARANTINED
EVT-IMCA-0604,INCIDENT,International Marine Contractors Association (IMCA),SRC-IMCA-0604,2021-11-08,UNKNOWN,International Marine & Offshore,General Industrial / Offshore Operations,,UNKNOWN,UNKNOWN,UNKNOWN,None reported / Equipment stoppage or minor disruption.,,False,BRONZE,QUARANTINED
EVT-IMCA-0605,NEAR_MISS,International Marine Contractors Association (IMCA),SRC-IMCA-0605,2021-11-08,UNKNOWN,International Marine & Offshore,Subsea & Diving Operations,valve,UNKNOWN,UNKNOWN,UNKNOWN,None reported / Equipment stoppage or minor disruption.,,False,BRONZE,QUARANTINED
EVT-IMCA-0606,NEAR_MISS,International Marine Contractors Association (IMCA),SRC-IMCA-0606,2021-10-28,UNKNOWN,International Marine & Offshore,Marine & Vessel Operations,,UNKNOWN,UNKNOWN,UNKNOWN,None reported / Equipment stoppage or minor disruption.,,False,BRONZE,QUARANTINED
EVT-IMCA-0607,NEAR_MISS,International Marine Contractors Association (IMCA),SRC-IMCA-0607,2021-10-28,UNKNOWN,International Marine & Offshore,Subsea & Diving Operations,,UNKNOWN,UNKNOWN,UNKNOWN,None reported / Equipment stoppage or minor disruption.,,False,BRONZE,QUARANTINED
EVT-IMCA-0608,UC,International Marine Contractors Association (IMCA),SRC-IMCA-0608,2021-10-28,UNKNOWN,International Marine & Offshore,Marine & Vessel Operations,,UNKNOWN,UNKNOWN,UNKNOWN,None reported / Equipment stoppage or minor disruption.,,False,BRONZE,QUARANTINED
EVT-IMCA-0609,UC,International Marine Contractors Association (IMCA),SRC-IMCA-0609,2021-10-28,UNKNOWN,International Marine & Offshore,General Industrial / Offshore Operations,,UNKNOWN,UNKNOWN,UNKNOWN,None reported / Equipment stoppage or minor disruption.,,False,BRONZE,QUARANTINED
EVT-IMCA-0610,NEAR_MISS,International Marine Contractors Association (IMCA),SRC-IMCA-0610,2021-10-28,UNKNOWN,International Marine & Offshore,Hot Work Operations,,UNKNOWN,UNKNOWN,UNKNOWN,Minor injury requiring first aid or medical attention.,First aid / minor laceration or contusion,False,BRONZE,QUARANTINED
EVT-IMCA-0611,INCIDENT,International Marine Contractors Association (IMCA),SRC-IMCA-0611,2021-10-15,UNKNOWN,International Marine & Offshore,Marine & Vessel Operations,,THERMAL,TRUE,DERIVED,None reported / Equipment stoppage or minor disruption.,,False,BRONZE,QUARANTINED
EVT-IMCA-0612,NEAR_MISS,International Marine Contractors Association (IMCA),SRC-IMCA-0612,2021-10-15,UNKNOWN,International Marine & Offshore,General Industrial / Offshore Operations,,UNKNOWN,UNKNOWN,UNKNOWN,None reported / Equipment stoppage or minor disruption.,,False,BRONZE,QUARANTINED
EVT-IMCA-0613,INCIDENT,International Marine Contractors Association (IMCA),SRC-IMCA-0613,2021-10-15,UNKNOWN,International Marine & Offshore,General Industrial / Offshore Operations,,UNKNOWN,UNKNOWN,UNKNOWN,No injuries occurred (Near Miss / Potential Consequence only).,None,False,BRONZE,QUARANTINED
EVT-IMCA-0614,NEAR_MISS,International Marine Contractors Association (IMCA),SRC-IMCA-0614,2021-10-15,UNKNOWN,International Marine & Offshore,Subsea & Diving Operations,,UNKNOWN,UNKNOWN,UNKNOWN,None reported / Equipment stoppage or minor disruption.,,False,BRONZE,QUARANTINED
EVT-IMCA-0615,NEAR_MISS,International Marine Contractors Association (IMCA),SRC-IMCA-0615,2021-10-15,UNKNOWN,International Marine & Offshore,Subsea & Diving Operations,,UNKNOWN,UNKNOWN,UNKNOWN,None reported / Equipment stoppage or minor disruption.,,False,BRONZE,QUARANTINED
EVT-IMCA-0616,NEAR_MISS,International Marine Contractors Association (IMCA),SRC-IMCA-0616,2021-10-01,UNKNOWN,International Marine & Offshore,Lifting & Rigging Operations,,UNKNOWN,UNKNOWN,UNKNOWN,None reported / Equipment stoppage or minor disruption.,,False,BRONZE,QUARANTINED
EVT-IMCA-0617,INCIDENT,International Marine Contractors Association (IMCA),SRC-IMCA-0617,2021-10-01,UNKNOWN,International Marine & Offshore,Lifting & Rigging Operations,crane,UNKNOWN,UNKNOWN,UNKNOWN,Fatal injury occurred.,Fatal injury,True,BRONZE,QUARANTINED
EVT-IMCA-0618,INCIDENT,International Marine Contractors Association (IMCA),SRC-IMCA-0618,2021-10-01,UNKNOWN,International Marine & Offshore,General Industrial / Offshore Operations,suspended load,GRAVITATIONAL,TRUE,DERIVED,None reported / Equipment stoppage or minor disruption.,,False,BRONZE,QUARANTINED
EVT-IMCA-0619,INCIDENT,International Marine Contractors Association (IMCA),SRC-IMCA-0619,2021-10-01,UNKNOWN,International Marine & Offshore,Hot Work Operations,,UNKNOWN,UNKNOWN,UNKNOWN,Minor injury requiring first aid or medical attention.,First aid / minor laceration or contusion,False,BRONZE,QUARANTINED
EVT-IMCA-0620,INCIDENT,International Marine Contractors Association (IMCA),SRC-IMCA-0620,2021-10-01,UNKNOWN,International Marine & Offshore,Marine & Vessel Operations,,UNKNOWN,UNKNOWN,UNKNOWN,None reported / Equipment stoppage or minor disruption.,,False,BRONZE,QUARANTINED
EVT-IMCA-0621,INCIDENT,International Marine Contractors Association (IMCA),SRC-IMCA-0621,2021-09-22,UNKNOWN,International Marine & Offshore,Marine & Vessel Operations,,UNKNOWN,UNKNOWN,UNKNOWN,None reported / Equipment stoppage or minor disruption.,,False,BRONZE,QUARANTINED
EVT-IMCA-0622,INCIDENT,International Marine Contractors Association (IMCA),SRC-IMCA-0622,2021-09-22,UNKNOWN,International Marine & Offshore,Marine & Vessel Operations,,UNKNOWN,UNKNOWN,UNKNOWN,None reported / Equipment stoppage or minor disruption.,,False,BRONZE,QUARANTINED
EVT-IMCA-0623,INCIDENT,International Marine Contractors Association (IMCA),SRC-IMCA-0623,2021-09-22,UNKNOWN,International Marine & Offshore,Marine & Vessel Operations,,UNKNOWN,UNKNOWN,UNKNOWN,None reported / Equipment stoppage or minor disruption.,,False,BRONZE,QUARANTINED
EVT-IMCA-0624,NEAR_MISS,International Marine Contractors Association (IMCA),SRC-IMCA-0624,2021-09-22,UNKNOWN,International Marine & Offshore,General Industrial / Offshore Operations,,UNKNOWN,UNKNOWN,UNKNOWN,None reported / Equipment stoppage or minor disruption.,,False,BRONZE,QUARANTINED
EVT-IMCA-0625,NEAR_MISS,International Marine Contractors Association (IMCA),SRC-IMCA-0625,2021-09-22,UNKNOWN,International Marine & Offshore,Drilling & Well Intervention,,UNKNOWN,UNKNOWN,UNKNOWN,None reported / Equipment stoppage or minor disruption.,,False,BRONZE,QUARANTINED
EVT-IMCA-0626,NEAR_MISS,International Marine Contractors Association (IMCA),SRC-IMCA-0626,2021-09-21,UNKNOWN,International Marine & Offshore,Marine & Vessel Operations,,UNKNOWN,UNKNOWN,UNKNOWN,None reported / Equipment stoppage or minor disruption.,,False,BRONZE,QUARANTINED
EVT-IMCA-0627,INCIDENT,International Marine Contractors Association (IMCA),SRC-IMCA-0627,2021-09-13,Wind Turbine Generator,International Marine & Offshore,Marine & Vessel Operations,,THERMAL,FALSE,DERIVED,None reported / Equipment stoppage or minor disruption.,,False,BRONZE,QUARANTINED
EVT-IMCA-0628,INCIDENT,International Marine Contractors Association (IMCA),SRC-IMCA-0628,2021-09-13,UNKNOWN,International Marine & Offshore,Lifting & Rigging Operations,,UNKNOWN,TRUE,EXPLICIT,Fatal injury occurred.,Fatal injury,True,BRONZE,QUARANTINED
EVT-IMCA-0629,INCIDENT,International Marine Contractors Association (IMCA),SRC-IMCA-0629,2021-09-13,UNKNOWN,International Marine & Offshore,Hot Work Operations,,UNKNOWN,UNKNOWN,UNKNOWN,Fatal injury occurred.,Fatal injury,True,BRONZE,QUARANTINED
EVT-IMCA-0630,INCIDENT,International Marine Contractors Association (IMCA),SRC-IMCA-0630,2021-09-13,UNKNOWN,International Marine & Offshore,Lifting & Rigging Operations,,UNKNOWN,UNKNOWN,UNKNOWN,Fatal injury occurred.,Fatal injury,True,BRONZE,QUARANTINED
EVT-IMCA-0631,INCIDENT,International Marine Contractors Association (IMCA),SRC-IMCA-0631,2021-08-31,UNKNOWN,International Marine & Offshore,Marine & Vessel Operations,,ELECTRICAL,UNKNOWN,UNKNOWN,None reported / Equipment stoppage or minor disruption.,,False,BRONZE,QUARANTINED
EVT-IMCA-0632,INCIDENT,International Marine Contractors Association (IMCA),SRC-IMCA-0632,2021-08-31,UNKNOWN,International Marine & Offshore,Hot Work Operations,,ELECTRICAL,TRUE,DERIVED,Fatal injury occurred.,Fatal injury,True,BRONZE,QUARANTINED
EVT-IMCA-0633,NEAR_MISS,International Marine Contractors Association (IMCA),SRC-IMCA-0633,2021-08-31,UNKNOWN,International Marine & Offshore,Marine & Vessel Operations,hose,UNKNOWN,UNKNOWN,UNKNOWN,No injuries occurred (Near Miss / Potential Consequence only).,None,False,BRONZE,QUARANTINED
EVT-IMCA-0634,NEAR_MISS,International Marine Contractors Association (IMCA),SRC-IMCA-0634,2021-08-31,UNKNOWN,International Marine & Offshore,Marine & Vessel Operations,hose,UNKNOWN,UNKNOWN,UNKNOWN,None reported / Equipment stoppage or minor disruption.,,False,BRONZE,QUARANTINED
EVT-IMCA-0635,INCIDENT,International Marine Contractors Association (IMCA),SRC-IMCA-0635,2021-08-31,UNKNOWN,International Marine & Offshore,General Industrial / Offshore Operations,,THERMAL,UNKNOWN,UNKNOWN,None reported / Equipment stoppage or minor disruption.,,False,BRONZE,QUARANTINED
EVT-IMCA-0636,INCIDENT,International Marine Contractors Association (IMCA),SRC-IMCA-0636,2021-08-31,Wind Turbine Generator,International Marine & Offshore,Marine & Vessel Operations,,THERMAL,FALSE,DERIVED,None reported / Equipment stoppage or minor disruption.,,False,BRONZE,QUARANTINED
EVT-IMCA-0637,INCIDENT,International Marine Contractors Association (IMCA),SRC-IMCA-0637,2021-08-19,Offshore Fixed Platform,International Marine & Offshore,Lifting & Rigging Operations,crane,UNKNOWN,UNKNOWN,UNKNOWN,None reported / Equipment stoppage or minor disruption.,,False,BRONZE,QUARANTINED
EVT-IMCA-0638,NEAR_MISS,International Marine Contractors Association (IMCA),SRC-IMCA-0638,2021-08-19,UNKNOWN,International Marine & Offshore,General Industrial / Offshore Operations,,UNKNOWN,UNKNOWN,UNKNOWN,None reported / Equipment stoppage or minor disruption.,,False,BRONZE,QUARANTINED
EVT-IMCA-0639,INCIDENT,International Marine Contractors Association (IMCA),SRC-IMCA-0639,2021-08-19,UNKNOWN,International Marine & Offshore,Lifting & Rigging Operations,,UNKNOWN,UNKNOWN,UNKNOWN,None reported / Equipment stoppage or minor disruption.,,False,BRONZE,QUARANTINED
EVT-IMCA-0640,NEAR_MISS,International Marine Contractors Association (IMCA),SRC-IMCA-0640,2021-08-19,UNKNOWN,International Marine & Offshore,Lifting & Rigging Operations,crane,GRAVITATIONAL,UNKNOWN,UNKNOWN,No injuries occurred (Near Miss / Potential Consequence only).,None,False,BRONZE,QUARANTINED
EVT-IMCA-0641,INCIDENT,International Marine Contractors Association (IMCA),SRC-IMCA-0641,2021-08-18,UNKNOWN,International Marine & Offshore,Lifting & Rigging Operations,rotating,KINETIC,UNKNOWN,UNKNOWN,None reported / Equipment stoppage or minor disruption.,,False,BRONZE,QUARANTINED
EVT-IMCA-0642,NEAR_MISS,International Marine Contractors Association (IMCA),SRC-IMCA-0642,2021-08-11,UNKNOWN,International Marine & Offshore,Lifting & Rigging Operations,,UNKNOWN,UNKNOWN,UNKNOWN,None reported / Equipment stoppage or minor disruption.,,False,BRONZE,QUARANTINED
EVT-IMCA-0643,NEAR_MISS,International Marine Contractors Association (IMCA),SRC-IMCA-0643,2021-08-11,UNKNOWN,International Marine & Offshore,Lifting & Rigging Operations,,UNKNOWN,UNKNOWN,UNKNOWN,None reported / Equipment stoppage or minor disruption.,,False,BRONZE,QUARANTINED
EVT-IMCA-0644,NEAR_MISS,International Marine Contractors Association (IMCA),SRC-IMCA-0644,2021-08-11,UNKNOWN,International Marine & Offshore,Drilling & Well Intervention,,UNKNOWN,UNKNOWN,UNKNOWN,Minor injury requiring first aid or medical attention.,First aid / minor laceration or contusion,False,BRONZE,QUARANTINED
EVT-IMCA-0645,INCIDENT,International Marine Contractors Association (IMCA),SRC-IMCA-0645,2021-08-11,UNKNOWN,International Marine & Offshore,Drilling & Well Intervention,,UNKNOWN,UNKNOWN,UNKNOWN,None reported / Equipment stoppage or minor disruption.,,False,BRONZE,QUARANTINED
EVT-IMCA-0646,NEAR_MISS,International Marine Contractors Association (IMCA),SRC-IMCA-0646,2021-08-11,UNKNOWN,International Marine & Offshore,Marine & Vessel Operations,,UNKNOWN,UNKNOWN,UNKNOWN,None reported / Equipment stoppage or minor disruption.,,False,BRONZE,QUARANTINED
EVT-IMCA-0647,NEAR_MISS,International Marine Contractors Association (IMCA),SRC-IMCA-0647,2021-07-30,UNKNOWN,International Marine & Offshore,General Industrial / Offshore Operations,,UNKNOWN,UNKNOWN,UNKNOWN,None reported / Equipment stoppage or minor disruption.,,False,BRONZE,QUARANTINED
EVT-IMCA-0648,INCIDENT,International Marine Contractors Association (IMCA),SRC-IMCA-0648,2021-07-30,UNKNOWN,International Marine & Offshore,General Industrial / Offshore Operations,,THERMAL,UNKNOWN,UNKNOWN,No injuries occurred (Near Miss / Potential Consequence only).,None,False,BRONZE,QUARANTINED
EVT-IMCA-0649,NEAR_MISS,International Marine Contractors Association (IMCA),SRC-IMCA-0649,2021-07-30,UNKNOWN,International Marine & Offshore,Marine & Vessel Operations,,UNKNOWN,UNKNOWN,UNKNOWN,None reported / Equipment stoppage or minor disruption.,,False,BRONZE,QUARANTINED
EVT-IMCA-0650,NEAR_MISS,International Marine Contractors Association (IMCA),SRC-IMCA-0650,2021-07-30,UNKNOWN,International Marine & Offshore,Marine & Vessel Operations,,UNKNOWN,UNKNOWN,UNKNOWN,None reported / Equipment stoppage or minor disruption.,,False,BRONZE,QUARANTINED
EVT-IMCA-0651,NEAR_MISS,International Marine Contractors Association (IMCA),SRC-IMCA-0651,2021-07-30,UNKNOWN,International Marine & Offshore,General Industrial / Offshore Operations,voltage,ELECTRICAL,UNKNOWN,UNKNOWN,None reported / Equipment stoppage or minor disruption.,,False,BRONZE,QUARANTINED
EVT-IMCA-0652,NEAR_MISS,International Marine Contractors Association (IMCA),SRC-IMCA-0652,2021-07-22,UNKNOWN,International Marine & Offshore,Hot Work Operations,,UNKNOWN,UNKNOWN,UNKNOWN,Minor injury requiring first aid or medical attention.,First aid / minor laceration or contusion,False,BRONZE,QUARANTINED
EVT-IMCA-0653,NEAR_MISS,International Marine Contractors Association (IMCA),SRC-IMCA-0653,2021-07-22,UNKNOWN,International Marine & Offshore,Hot Work Operations,,UNKNOWN,UNKNOWN,UNKNOWN,Minor injury requiring first aid or medical attention.,First aid / minor laceration or contusion,False,BRONZE,QUARANTINED
EVT-IMCA-0654,NEAR_MISS,International Marine Contractors Association (IMCA),SRC-IMCA-0654,2021-07-22,UNKNOWN,International Marine & Offshore,General Industrial / Offshore Operations,,UNKNOWN,TRUE,EXPLICIT,Fatal injury occurred.,Fatal injury,True,BRONZE,QUARANTINED
EVT-IMCA-0655,INCIDENT,International Marine Contractors Association (IMCA),SRC-IMCA-0655,2021-07-22,Barge,International Marine & Offshore,Marine & Vessel Operations,,UNKNOWN,UNKNOWN,UNKNOWN,Fatal injury occurred.,Fatal injury,True,BRONZE,QUARANTINED
EVT-IMCA-0656,NEAR_MISS,International Marine Contractors Association (IMCA),SRC-IMCA-0656,2021-07-22,UNKNOWN,International Marine & Offshore,Hot Work Operations,,UNKNOWN,UNKNOWN,UNKNOWN,Minor injury requiring first aid or medical attention.,First aid / minor laceration or contusion,False,BRONZE,QUARANTINED
EVT-IMCA-0657,INCIDENT,International Marine Contractors Association (IMCA),SRC-IMCA-0657,2021-07-12,UNKNOWN,International Marine & Offshore,Marine & Vessel Operations,,THERMAL,UNKNOWN,UNKNOWN,None reported / Equipment stoppage or minor disruption.,,False,BRONZE,QUARANTINED
EVT-IMCA-0658,NEAR_MISS,International Marine Contractors Association (IMCA),SRC-IMCA-0658,2021-07-12,UNKNOWN,International Marine & Offshore,General Industrial / Offshore Operations,,UNKNOWN,UNKNOWN,UNKNOWN,None reported / Equipment stoppage or minor disruption.,,False,BRONZE,QUARANTINED
EVT-IMCA-0659,INCIDENT,International Marine Contractors Association (IMCA),SRC-IMCA-0659,2021-07-12,UNKNOWN,International Marine & Offshore,Marine & Vessel Operations,,THERMAL,UNKNOWN,UNKNOWN,None reported / Equipment stoppage or minor disruption.,,False,BRONZE,QUARANTINED
EVT-IMCA-0660,NEAR_MISS,International Marine Contractors Association (IMCA),SRC-IMCA-0660,2021-07-12,UNKNOWN,International Marine & Offshore,General Industrial / Offshore Operations,,UNKNOWN,UNKNOWN,UNKNOWN,None reported / Equipment stoppage or minor disruption.,,False,BRONZE,QUARANTINED
EVT-IMCA-0661,NEAR_MISS,International Marine Contractors Association (IMCA),SRC-IMCA-0661,2021-07-12,UNKNOWN,International Marine & Offshore,Hot Work Operations,,UNKNOWN,UNKNOWN,UNKNOWN,Minor injury requiring first aid or medical attention.,First aid / minor laceration or contusion,False,BRONZE,QUARANTINED
EVT-IMCA-0662,NEAR_MISS,International Marine Contractors Association (IMCA),SRC-IMCA-0662,2021-06-16,UNKNOWN,International Marine & Offshore,Lifting & Rigging Operations,fast rescue craft (FRC),UNKNOWN,UNKNOWN,UNKNOWN,None reported / Equipment stoppage or minor disruption.,,False,BRONZE,QUARANTINED
EVT-IMCA-0663,NEAR_MISS,International Marine Contractors Association (IMCA),SRC-IMCA-0663,2021-06-16,UNKNOWN,International Marine & Offshore,Subsea & Diving Operations,valve,UNKNOWN,UNKNOWN,UNKNOWN,None reported / Equipment stoppage or minor disruption.,,False,BRONZE,QUARANTINED
EVT-IMCA-0664,NEAR_MISS,International Marine Contractors Association (IMCA),SRC-IMCA-0664,2021-06-16,UNKNOWN,International Marine & Offshore,Lifting & Rigging Operations,,UNKNOWN,UNKNOWN,UNKNOWN,None reported / Equipment stoppage or minor disruption.,,False,BRONZE,QUARANTINED
EVT-IMCA-0665,NEAR_MISS,International Marine Contractors Association (IMCA),SRC-IMCA-0665,2021-06-16,Offshore Fixed Platform,International Marine & Offshore,Lifting & Rigging Operations,,GRAVITATIONAL,UNKNOWN,UNKNOWN,None reported / Equipment stoppage or minor disruption.,,False,BRONZE,QUARANTINED
EVT-IMCA-0666,NEAR_MISS,International Marine Contractors Association (IMCA),SRC-IMCA-0666,2021-06-16,UNKNOWN,International Marine & Offshore,Subsea & Diving Operations,vehicle,KINETIC,UNKNOWN,UNKNOWN,None reported / Equipment stoppage or minor disruption.,,False,BRONZE,QUARANTINED
EVT-IMCA-0667,INCIDENT,International Marine Contractors Association (IMCA),SRC-IMCA-0667,2021-06-09,UNKNOWN,International Marine & Offshore,General Industrial / Offshore Operations,,THERMAL,UNKNOWN,UNKNOWN,Fatal injury occurred.,Fatal injury,True,BRONZE,QUARANTINED
EVT-IMCA-0668,UC,International Marine Contractors Association (IMCA),SRC-IMCA-0668,2021-06-09,UNKNOWN,International Marine & Offshore,Marine & Vessel Operations,,UNKNOWN,UNKNOWN,UNKNOWN,None reported / Equipment stoppage or minor disruption.,,False,BRONZE,QUARANTINED
EVT-IMCA-0669,INCIDENT,International Marine Contractors Association (IMCA),SRC-IMCA-0669,2021-06-09,UNKNOWN,International Marine & Offshore,Marine & Vessel Operations,,THERMAL,UNKNOWN,UNKNOWN,None reported / Equipment stoppage or minor disruption.,,False,BRONZE,QUARANTINED
EVT-IMCA-0670,NEAR_MISS,International Marine Contractors Association (IMCA),SRC-IMCA-0670,2021-06-09,UNKNOWN,International Marine & Offshore,General Industrial / Offshore Operations,,UNKNOWN,UNKNOWN,UNKNOWN,None reported / Equipment stoppage or minor disruption.,,False,BRONZE,QUARANTINED
EVT-IMCA-0671,INCIDENT,International Marine Contractors Association (IMCA),SRC-IMCA-0671,2021-06-09,UNKNOWN,International Marine & Offshore,Marine & Vessel Operations,,UNKNOWN,UNKNOWN,UNKNOWN,None reported / Equipment stoppage or minor disruption.,,False,BRONZE,QUARANTINED
EVT-IMCA-0672,INCIDENT,International Marine Contractors Association (IMCA),SRC-IMCA-0672,2021-06-02,UNKNOWN,International Marine & Offshore,Subsea & Diving Operations,,UNKNOWN,UNKNOWN,UNKNOWN,None reported / Equipment stoppage or minor disruption.,,False,BRONZE,QUARANTINED
EVT-IMCA-0673,NEAR_MISS,International Marine Contractors Association (IMCA),SRC-IMCA-0673,2021-06-02,UNKNOWN,International Marine & Offshore,Subsea & Diving Operations,,UNKNOWN,UNKNOWN,UNKNOWN,None reported / Equipment stoppage or minor disruption.,,False,BRONZE,QUARANTINED
EVT-IMCA-0674,INCIDENT,International Marine Contractors Association (IMCA),SRC-IMCA-0674,2021-06-02,UNKNOWN,International Marine & Offshore,Lifting & Rigging Operations,,UNKNOWN,UNKNOWN,UNKNOWN,Minor injury requiring first aid or medical attention.,First aid / minor laceration or contusion,False,BRONZE,QUARANTINED
EVT-IMCA-0675,NEAR_MISS,International Marine Contractors Association (IMCA),SRC-IMCA-0675,2021-06-02,UNKNOWN,International Marine & Offshore,General Industrial / Offshore Operations,toxic,CHEMICAL,UNKNOWN,UNKNOWN,None reported / Equipment stoppage or minor disruption.,,False,BRONZE,QUARANTINED
EVT-IMCA-0676,INCIDENT,International Marine Contractors Association (IMCA),SRC-IMCA-0676,2021-06-02,UNKNOWN,International Marine & Offshore,Hot Work Operations,hot work,THERMAL,UNKNOWN,UNKNOWN,Fatal injury occurred.,Fatal injury,True,BRONZE,QUARANTINED
EVT-IMCA-0677,NEAR_MISS,International Marine Contractors Association (IMCA),SRC-IMCA-0677,2021-05-20,UNKNOWN,International Marine & Offshore,Lifting & Rigging Operations,scaffold,GRAVITATIONAL,UNKNOWN,UNKNOWN,None reported / Equipment stoppage or minor disruption.,,False,BRONZE,QUARANTINED
EVT-IMCA-0678,NEAR_MISS,International Marine Contractors Association (IMCA),SRC-IMCA-0678,2021-05-20,UNKNOWN,International Marine & Offshore,Marine & Vessel Operations,,UNKNOWN,UNKNOWN,UNKNOWN,None reported / Equipment stoppage or minor disruption.,,False,BRONZE,QUARANTINED
EVT-IMCA-0679,NEAR_MISS,International Marine Contractors Association (IMCA),SRC-IMCA-0679,2021-05-20,UNKNOWN,International Marine & Offshore,Subsea & Diving Operations,,UNKNOWN,UNKNOWN,UNKNOWN,None reported / Equipment stoppage or minor disruption.,,False,BRONZE,QUARANTINED
EVT-IMCA-0680,INCIDENT,International Marine Contractors Association (IMCA),SRC-IMCA-0680,2021-05-20,UNKNOWN,International Marine & Offshore,General Industrial / Offshore Operations,,UNKNOWN,TRUE,EXPLICIT,Fatal injury occurred.,Fatal injury,True,BRONZE,QUARANTINED
EVT-IMCA-0681,INCIDENT,International Marine Contractors Association (IMCA),SRC-IMCA-0681,2021-05-20,UNKNOWN,International Marine & Offshore,General Industrial / Offshore Operations,,UNKNOWN,TRUE,EXPLICIT,Fatal injury occurred.,Fatal injury,True,BRONZE,QUARANTINED
EVT-IMCA-0682,NEAR_MISS,International Marine Contractors Association (IMCA),SRC-IMCA-0682,2021-05-06,UNKNOWN,International Marine & Offshore,Marine & Vessel Operations,,UNKNOWN,UNKNOWN,UNKNOWN,None reported / Equipment stoppage or minor disruption.,,False,BRONZE,QUARANTINED
EVT-IMCA-0683,NEAR_MISS,International Marine Contractors Association (IMCA),SRC-IMCA-0683,2021-05-06,UNKNOWN,International Marine & Offshore,Subsea & Diving Operations,,UNKNOWN,UNKNOWN,UNKNOWN,None reported / Equipment stoppage or minor disruption.,,False,BRONZE,QUARANTINED
EVT-IMCA-0684,INCIDENT,International Marine Contractors Association (IMCA),SRC-IMCA-0684,2021-05-06,UNKNOWN,International Marine & Offshore,General Industrial / Offshore Operations,winch,KINETIC,UNKNOWN,UNKNOWN,None reported / Equipment stoppage or minor disruption.,,False,BRONZE,QUARANTINED
EVT-IMCA-0685,INCIDENT,International Marine Contractors Association (IMCA),SRC-IMCA-0685,2021-05-06,UNKNOWN,International Marine & Offshore,Marine & Vessel Operations,,UNKNOWN,UNKNOWN,UNKNOWN,None reported / Equipment stoppage or minor disruption.,,False,BRONZE,QUARANTINED
EVT-IMCA-0686,NEAR_MISS,International Marine Contractors Association (IMCA),SRC-IMCA-0686,2021-05-06,UNKNOWN,International Marine & Offshore,General Industrial / Offshore Operations,,UNKNOWN,UNKNOWN,UNKNOWN,None reported / Equipment stoppage or minor disruption.,,False,BRONZE,QUARANTINED
EVT-IMCA-0687,INCIDENT,International Marine Contractors Association (IMCA),SRC-IMCA-0687,2021-04-27,UNKNOWN,International Marine & Offshore,General Industrial / Offshore Operations,,UNKNOWN,UNKNOWN,UNKNOWN,Fatal injury occurred.,Fatal injury,True,BRONZE,QUARANTINED
EVT-IMCA-0688,NEAR_MISS,International Marine Contractors Association (IMCA),SRC-IMCA-0688,2021-04-27,UNKNOWN,International Marine & Offshore,Subsea & Diving Operations,,UNKNOWN,UNKNOWN,UNKNOWN,None reported / Equipment stoppage or minor disruption.,,False,BRONZE,QUARANTINED
EVT-IMCA-0689,NEAR_MISS,International Marine Contractors Association (IMCA),SRC-IMCA-0689,2021-04-27,UNKNOWN,International Marine & Offshore,Marine & Vessel Operations,,UNKNOWN,UNKNOWN,UNKNOWN,None reported / Equipment stoppage or minor disruption.,,False,BRONZE,QUARANTINED
EVT-IMCA-0690,NEAR_MISS,International Marine Contractors Association (IMCA),SRC-IMCA-0690,2021-04-27,UNKNOWN,International Marine & Offshore,Marine & Vessel Operations,,UNKNOWN,UNKNOWN,UNKNOWN,None reported / Equipment stoppage or minor disruption.,,False,BRONZE,QUARANTINED
EVT-IMCA-0691,INCIDENT,International Marine Contractors Association (IMCA),SRC-IMCA-0691,2021-04-27,UNKNOWN,International Marine & Offshore,General Industrial / Offshore Operations,,UNKNOWN,UNKNOWN,UNKNOWN,None reported / Equipment stoppage or minor disruption.,,False,BRONZE,QUARANTINED
EVT-IMCA-0692,INCIDENT,International Marine Contractors Association (IMCA),SRC-IMCA-0692,2021-04-19,UNKNOWN,International Marine & Offshore,Marine & Vessel Operations,,THERMAL,UNKNOWN,UNKNOWN,None reported / Equipment stoppage or minor disruption.,,False,BRONZE,QUARANTINED
EVT-IMCA-0693,INCIDENT,International Marine Contractors Association (IMCA),SRC-IMCA-0693,2021-04-16,Offshore Fixed Platform,International Marine & Offshore,General Industrial / Offshore Operations,,UNKNOWN,UNKNOWN,UNKNOWN,Fatal injury occurred.,Fatal injury,True,BRONZE,QUARANTINED
EVT-IMCA-0694,NEAR_MISS,International Marine Contractors Association (IMCA),SRC-IMCA-0694,2021-04-16,UNKNOWN,International Marine & Offshore,Marine & Vessel Operations,,UNKNOWN,UNKNOWN,UNKNOWN,Minor injury requiring first aid or medical attention.,First aid / minor laceration or contusion,False,BRONZE,QUARANTINED
EVT-IMCA-0695,INCIDENT,International Marine Contractors Association (IMCA),SRC-IMCA-0695,2021-04-16,UNKNOWN,International Marine & Offshore,Lifting & Rigging Operations,,UNKNOWN,UNKNOWN,UNKNOWN,None reported / Equipment stoppage or minor disruption.,,False,BRONZE,QUARANTINED
EVT-IMCA-0696,NEAR_MISS,International Marine Contractors Association (IMCA),SRC-IMCA-0696,2021-04-16,UNKNOWN,International Marine & Offshore,Marine & Vessel Operations,,UNKNOWN,UNKNOWN,UNKNOWN,None reported / Equipment stoppage or minor disruption.,,False,BRONZE,QUARANTINED
EVT-IMCA-0697,NEAR_MISS,International Marine Contractors Association (IMCA),SRC-IMCA-0697,2021-04-08,Wind Turbine Generator,International Marine & Offshore,Marine & Vessel Operations,,UNKNOWN,UNKNOWN,UNKNOWN,No injuries occurred (Near Miss / Potential Consequence only).,None,False,BRONZE,QUARANTINED
EVT-IMCA-0698,NEAR_MISS,International Marine Contractors Association (IMCA),SRC-IMCA-0698,2021-04-08,UNKNOWN,International Marine & Offshore,Lifting & Rigging Operations,crane,UNKNOWN,UNKNOWN,UNKNOWN,None reported / Equipment stoppage or minor disruption.,,False,BRONZE,QUARANTINED
EVT-IMCA-0699,NEAR_MISS,International Marine Contractors Association (IMCA),SRC-IMCA-0699,2021-04-08,UNKNOWN,International Marine & Offshore,Hot Work Operations,,ELECTRICAL,UNKNOWN,UNKNOWN,None reported / Equipment stoppage or minor disruption.,,False,BRONZE,QUARANTINED
EVT-IMCA-0700,NEAR_MISS,International Marine Contractors Association (IMCA),SRC-IMCA-0700,2021-04-08,UNKNOWN,International Marine & Offshore,Subsea & Diving Operations,,UNKNOWN,UNKNOWN,UNKNOWN,Minor injury requiring first aid or medical attention.,First aid / minor laceration or contusion,False,BRONZE,QUARANTINED
EVT-IMCA-0701,INCIDENT,International Marine Contractors Association (IMCA),SRC-IMCA-0701,2021-04-08,UNKNOWN,International Marine & Offshore,Lifting & Rigging Operations,crane,UNKNOWN,UNKNOWN,UNKNOWN,None reported / Equipment stoppage or minor disruption.,,False,BRONZE,QUARANTINED
EVT-IMCA-0702,NEAR_MISS,International Marine Contractors Association (IMCA),SRC-IMCA-0702,2021-03-30,UNKNOWN,International Marine & Offshore,Lifting & Rigging Operations,crane,UNKNOWN,UNKNOWN,UNKNOWN,None reported / Equipment stoppage or minor disruption.,,False,BRONZE,QUARANTINED
EVT-IMCA-0703,NEAR_MISS,International Marine Contractors Association (IMCA),SRC-IMCA-0703,2021-03-30,UNKNOWN,International Marine & Offshore,Piping & Pressure Maintenance,,UNKNOWN,UNKNOWN,UNKNOWN,None reported / Equipment stoppage or minor disruption.,,False,BRONZE,QUARANTINED
EVT-IMCA-0704,NEAR_MISS,International Marine Contractors Association (IMCA),SRC-IMCA-0704,2021-03-30,UNKNOWN,International Marine & Offshore,Subsea & Diving Operations,diver umbilical,UNKNOWN,UNKNOWN,UNKNOWN,None reported / Equipment stoppage or minor disruption.,,False,BRONZE,QUARANTINED
EVT-IMCA-0705,NEAR_MISS,International Marine Contractors Association (IMCA),SRC-IMCA-0705,2021-03-30,UNKNOWN,International Marine & Offshore,Marine & Vessel Operations,,UNKNOWN,UNKNOWN,UNKNOWN,None reported / Equipment stoppage or minor disruption.,,False,BRONZE,QUARANTINED
EVT-IMCA-0706,INCIDENT,International Marine Contractors Association (IMCA),SRC-IMCA-0706,2021-03-30,UNKNOWN,International Marine & Offshore,General Industrial / Offshore Operations,,UNKNOWN,UNKNOWN,UNKNOWN,None reported / Equipment stoppage or minor disruption.,,False,BRONZE,QUARANTINED
EVT-IMCA-0707,INCIDENT,International Marine Contractors Association (IMCA),SRC-IMCA-0707,2021-03-17,UNKNOWN,International Marine & Offshore,Marine & Vessel Operations,,UNKNOWN,UNKNOWN,UNKNOWN,Fatal injury occurred.,Fatal injury,True,BRONZE,QUARANTINED
EVT-IMCA-0708,NEAR_MISS,International Marine Contractors Association (IMCA),SRC-IMCA-0708,2021-03-17,UNKNOWN,International Marine & Offshore,Lifting & Rigging Operations,crane,UNKNOWN,UNKNOWN,UNKNOWN,None reported / Equipment stoppage or minor disruption.,,False,BRONZE,QUARANTINED
EVT-IMCA-0709,INCIDENT,International Marine Contractors Association (IMCA),SRC-IMCA-0709,2021-03-17,UNKNOWN,International Marine & Offshore,Marine & Vessel Operations,ignited,THERMAL,UNKNOWN,UNKNOWN,None reported / Equipment stoppage or minor disruption.,,False,BRONZE,QUARANTINED
EVT-IMCA-0710,NEAR_MISS,International Marine Contractors Association (IMCA),SRC-IMCA-0710,2021-03-17,UNKNOWN,International Marine & Offshore,Piping & Pressure Maintenance,,ELECTRICAL,UNKNOWN,UNKNOWN,None reported / Equipment stoppage or minor disruption.,,False,BRONZE,QUARANTINED
EVT-IMCA-0711,INCIDENT,International Marine Contractors Association (IMCA),SRC-IMCA-0711,2021-03-17,UNKNOWN,International Marine & Offshore,General Industrial / Offshore Operations,gas cylinder / bailout cylinder,UNKNOWN,UNKNOWN,UNKNOWN,None reported / Equipment stoppage or minor disruption.,,False,BRONZE,QUARANTINED
EVT-IMCA-0712,INCIDENT,International Marine Contractors Association (IMCA),SRC-IMCA-0712,2021-03-04,UNKNOWN,International Marine & Offshore,Marine & Vessel Operations,,UNKNOWN,UNKNOWN,UNKNOWN,Fatal injury occurred.,Fatal injury,True,BRONZE,QUARANTINED
EVT-IMCA-0713,NEAR_MISS,International Marine Contractors Association (IMCA),SRC-IMCA-0713,2021-03-04,UNKNOWN,International Marine & Offshore,Lifting & Rigging Operations,crane,UNKNOWN,UNKNOWN,UNKNOWN,None reported / Equipment stoppage or minor disruption.,,False,BRONZE,QUARANTINED
EVT-IMCA-0714,INCIDENT,International Marine Contractors Association (IMCA),SRC-IMCA-0714,2021-03-04,UNKNOWN,International Marine & Offshore,Lifting & Rigging Operations,lifting sling,THERMAL,FALSE,DERIVED,None reported / Equipment stoppage or minor disruption.,,False,BRONZE,QUARANTINED
EVT-IMCA-0715,NEAR_MISS,International Marine Contractors Association (IMCA),SRC-IMCA-0715,2021-03-04,UNKNOWN,International Marine & Offshore,General Industrial / Offshore Operations,,UNKNOWN,UNKNOWN,UNKNOWN,None reported / Equipment stoppage or minor disruption.,,False,BRONZE,QUARANTINED
EVT-IMCA-0716,INCIDENT,International Marine Contractors Association (IMCA),SRC-IMCA-0716,2021-03-04,UNKNOWN,International Marine & Offshore,Marine & Vessel Operations,,UNKNOWN,UNKNOWN,UNKNOWN,None reported / Equipment stoppage or minor disruption.,,False,BRONZE,QUARANTINED
EVT-IMCA-0717,INCIDENT,International Marine Contractors Association (IMCA),SRC-IMCA-0717,2021-02-23,UNKNOWN,International Marine & Offshore,General Industrial / Offshore Operations,,THERMAL,UNKNOWN,UNKNOWN,None reported / Equipment stoppage or minor disruption.,,False,BRONZE,QUARANTINED
EVT-IMCA-0718,NEAR_MISS,International Marine Contractors Association (IMCA),SRC-IMCA-0718,2021-02-23,UNKNOWN,International Marine & Offshore,Marine & Vessel Operations,pneumatic,PRESSURE,UNKNOWN,UNKNOWN,None reported / Equipment stoppage or minor disruption.,,False,BRONZE,QUARANTINED
EVT-IMCA-0719,NEAR_MISS,International Marine Contractors Association (IMCA),SRC-IMCA-0719,2021-02-23,UNKNOWN,International Marine & Offshore,General Industrial / Offshore Operations,,UNKNOWN,UNKNOWN,UNKNOWN,None reported / Equipment stoppage or minor disruption.,,False,BRONZE,QUARANTINED
EVT-IMCA-0720,INCIDENT,International Marine Contractors Association (IMCA),SRC-IMCA-0720,2021-02-23,UNKNOWN,International Marine & Offshore,General Industrial / Offshore Operations,acid,CHEMICAL,UNKNOWN,UNKNOWN,None reported / Equipment stoppage or minor disruption.,,False,BRONZE,QUARANTINED
EVT-IMCA-0721,NEAR_MISS,International Marine Contractors Association (IMCA),SRC-IMCA-0721,2021-02-23,UNKNOWN,International Marine & Offshore,Piping & Pressure Maintenance,,UNKNOWN,UNKNOWN,UNKNOWN,None reported / Equipment stoppage or minor disruption.,,False,BRONZE,QUARANTINED
EVT-IMCA-0722,INCIDENT,International Marine Contractors Association (IMCA),SRC-IMCA-0722,2021-02-19,UNKNOWN,International Marine & Offshore,Lifting & Rigging Operations,,UNKNOWN,UNKNOWN,UNKNOWN,Fatal injury occurred.,Fatal injury,True,BRONZE,QUARANTINED
EVT-IMCA-0723,NEAR_MISS,International Marine Contractors Association (IMCA),SRC-IMCA-0723,2021-02-12,UNKNOWN,International Marine & Offshore,Marine & Vessel Operations,,UNKNOWN,UNKNOWN,UNKNOWN,None reported / Equipment stoppage or minor disruption.,,False,BRONZE,QUARANTINED
EVT-IMCA-0724,NEAR_MISS,International Marine Contractors Association (IMCA),SRC-IMCA-0724,2021-02-11,UNKNOWN,International Marine & Offshore,Lifting & Rigging Operations,,UNKNOWN,UNKNOWN,UNKNOWN,None reported / Equipment stoppage or minor disruption.,,False,BRONZE,QUARANTINED
EVT-IMCA-0725,NEAR_MISS,International Marine Contractors Association (IMCA),SRC-IMCA-0725,2021-02-11,UNKNOWN,International Marine & Offshore,General Industrial / Offshore Operations,,UNKNOWN,UNKNOWN,UNKNOWN,None reported / Equipment stoppage or minor disruption.,,False,BRONZE,QUARANTINED
EVT-IMCA-0726,NEAR_MISS,International Marine Contractors Association (IMCA),SRC-IMCA-0726,2021-02-11,UNKNOWN,International Marine & Offshore,Marine & Vessel Operations,,GRAVITATIONAL,UNKNOWN,UNKNOWN,No injuries occurred (Near Miss / Potential Consequence only).,None,False,BRONZE,QUARANTINED
EVT-IMCA-0727,NEAR_MISS,International Marine Contractors Association (IMCA),SRC-IMCA-0727,2021-02-11,UNKNOWN,International Marine & Offshore,Lifting & Rigging Operations,winch,KINETIC,UNKNOWN,UNKNOWN,None reported / Equipment stoppage or minor disruption.,,False,BRONZE,QUARANTINED
EVT-IMCA-0728,INCIDENT,International Marine Contractors Association (IMCA),SRC-IMCA-0728,2021-02-02,UNKNOWN,International Marine & Offshore,General Industrial / Offshore Operations,,UNKNOWN,UNKNOWN,UNKNOWN,None reported / Equipment stoppage or minor disruption.,,False,BRONZE,QUARANTINED
EVT-IMCA-0729,INCIDENT,International Marine Contractors Association (IMCA),SRC-IMCA-0729,2021-02-02,UNKNOWN,International Marine & Offshore,Hot Work Operations,,UNKNOWN,UNKNOWN,UNKNOWN,Minor injury requiring first aid or medical attention.,First aid / minor laceration or contusion,False,BRONZE,QUARANTINED
EVT-IMCA-0730,INCIDENT,International Marine Contractors Association (IMCA),SRC-IMCA-0730,2021-02-02,UNKNOWN,International Marine & Offshore,Lifting & Rigging Operations,,UNKNOWN,UNKNOWN,UNKNOWN,None reported / Equipment stoppage or minor disruption.,,False,BRONZE,QUARANTINED
EVT-IMCA-0731,NEAR_MISS,International Marine Contractors Association (IMCA),SRC-IMCA-0731,2021-02-02,UNKNOWN,International Marine & Offshore,General Industrial / Offshore Operations,,UNKNOWN,UNKNOWN,UNKNOWN,None reported / Equipment stoppage or minor disruption.,,False,BRONZE,QUARANTINED
EVT-IMCA-0732,NEAR_MISS,International Marine Contractors Association (IMCA),SRC-IMCA-0732,2021-02-02,UNKNOWN,International Marine & Offshore,General Industrial / Offshore Operations,,UNKNOWN,UNKNOWN,UNKNOWN,None reported / Equipment stoppage or minor disruption.,,False,BRONZE,QUARANTINED
EVT-IMCA-0733,INCIDENT,International Marine Contractors Association (IMCA),SRC-IMCA-0733,2021-01-19,Tanker Vessel,International Marine & Offshore,Marine & Vessel Operations,,UNKNOWN,TRUE,EXPLICIT,Fatal injury occurred.,Fatal injury,True,BRONZE,QUARANTINED
EVT-IMCA-0734,NEAR_MISS,International Marine Contractors Association (IMCA),SRC-IMCA-0734,2021-01-19,UNKNOWN,International Marine & Offshore,Marine & Vessel Operations,,UNKNOWN,UNKNOWN,UNKNOWN,No injuries occurred (Near Miss / Potential Consequence only).,None,False,BRONZE,QUARANTINED
EVT-IMCA-0735,NEAR_MISS,International Marine Contractors Association (IMCA),SRC-IMCA-0735,2021-01-19,UNKNOWN,International Marine & Offshore,General Industrial / Offshore Operations,,UNKNOWN,UNKNOWN,UNKNOWN,None reported / Equipment stoppage or minor disruption.,,False,BRONZE,QUARANTINED
EVT-IMCA-0736,NEAR_MISS,International Marine Contractors Association (IMCA),SRC-IMCA-0736,2021-01-19,UNKNOWN,International Marine & Offshore,Drilling & Well Intervention,,UNKNOWN,UNKNOWN,UNKNOWN,No injuries occurred (Near Miss / Potential Consequence only).,None,False,BRONZE,QUARANTINED
EVT-IMCA-0737,NEAR_MISS,International Marine Contractors Association (IMCA),SRC-IMCA-0737,2021-01-19,UNKNOWN,International Marine & Offshore,Drilling & Well Intervention,,UNKNOWN,UNKNOWN,UNKNOWN,No injuries occurred (Near Miss / Potential Consequence only).,None,False,BRONZE,QUARANTINED
EVT-IMCA-0738,NEAR_MISS,International Marine Contractors Association (IMCA),SRC-IMCA-0738,2021-01-05,UNKNOWN,International Marine & Offshore,Lifting & Rigging Operations,,UNKNOWN,UNKNOWN,UNKNOWN,None reported / Equipment stoppage or minor disruption.,,False,BRONZE,QUARANTINED
EVT-IMCA-0739,UC,International Marine Contractors Association (IMCA),SRC-IMCA-0739,2021-01-05,UNKNOWN,International Marine & Offshore,Lifting & Rigging Operations,,UNKNOWN,UNKNOWN,UNKNOWN,None reported / Equipment stoppage or minor disruption.,,False,BRONZE,QUARANTINED
EVT-IMCA-0740,INCIDENT,International Marine Contractors Association (IMCA),SRC-IMCA-0740,2021-01-05,UNKNOWN,International Marine & Offshore,General Industrial / Offshore Operations,,UNKNOWN,UNKNOWN,UNKNOWN,None reported / Equipment stoppage or minor disruption.,,False,BRONZE,QUARANTINED
EVT-IMCA-0741,NEAR_MISS,International Marine Contractors Association (IMCA),SRC-IMCA-0741,2021-01-04,UNKNOWN,International Marine & Offshore,General Industrial / Offshore Operations,,UNKNOWN,UNKNOWN,UNKNOWN,None reported / Equipment stoppage or minor disruption.,,False,BRONZE,QUARANTINED
EVT-IMCA-0742,NEAR_MISS,International Marine Contractors Association (IMCA),SRC-IMCA-0742,2021-01-04,UNKNOWN,International Marine & Offshore,General Industrial / Offshore Operations,,UNKNOWN,UNKNOWN,UNKNOWN,None reported / Equipment stoppage or minor disruption.,,False,BRONZE,QUARANTINED
EVT-IMCA-0743,NEAR_MISS,International Marine Contractors Association (IMCA),SRC-IMCA-0743,2020-12-16,UNKNOWN,International Marine & Offshore,Lifting & Rigging Operations,,UNKNOWN,UNKNOWN,UNKNOWN,None reported / Equipment stoppage or minor disruption.,,False,BRONZE,QUARANTINED
EVT-IMCA-0744,NEAR_MISS,International Marine Contractors Association (IMCA),SRC-IMCA-0744,2020-12-16,UNKNOWN,International Marine & Offshore,General Industrial / Offshore Operations,,UNKNOWN,UNKNOWN,UNKNOWN,None reported / Equipment stoppage or minor disruption.,,False,BRONZE,QUARANTINED
EVT-IMCA-0745,INCIDENT,International Marine Contractors Association (IMCA),SRC-IMCA-0745,2020-12-16,UNKNOWN,International Marine & Offshore,Marine & Vessel Operations,,THERMAL,TRUE,DERIVED,None reported / Equipment stoppage or minor disruption.,,False,BRONZE,QUARANTINED
EVT-IMCA-0746,NEAR_MISS,International Marine Contractors Association (IMCA),SRC-IMCA-0746,2020-12-16,UNKNOWN,International Marine & Offshore,General Industrial / Offshore Operations,,UNKNOWN,UNKNOWN,UNKNOWN,None reported / Equipment stoppage or minor disruption.,,False,BRONZE,QUARANTINED
EVT-IMCA-0747,NEAR_MISS,International Marine Contractors Association (IMCA),SRC-IMCA-0747,2020-12-16,UNKNOWN,International Marine & Offshore,Subsea & Diving Operations,remotely operated vehicle (ROV),UNKNOWN,UNKNOWN,UNKNOWN,None reported / Equipment stoppage or minor disruption.,,False,BRONZE,QUARANTINED
EVT-IMCA-0748,NEAR_MISS,International Marine Contractors Association (IMCA),SRC-IMCA-0748,2020-12-16,UNKNOWN,International Marine & Offshore,General Industrial / Offshore Operations,,UNKNOWN,UNKNOWN,UNKNOWN,None reported / Equipment stoppage or minor disruption.,,False,BRONZE,QUARANTINED
EVT-IMCA-0749,INCIDENT,International Marine Contractors Association (IMCA),SRC-IMCA-0749,2020-12-06,UNKNOWN,International Marine & Offshore,General Industrial / Offshore Operations,,PRESSURE,TRUE,DERIVED,Fatal injury occurred.,Fatal injury,True,BRONZE,QUARANTINED
EVT-IMCA-0750,NEAR_MISS,International Marine Contractors Association (IMCA),SRC-IMCA-0750,2020-12-06,UNKNOWN,International Marine & Offshore,Piping & Pressure Maintenance,valve,PRESSURE,UNKNOWN,UNKNOWN,None reported / Equipment stoppage or minor disruption.,,False,BRONZE,QUARANTINED
EVT-IMCA-0751,INCIDENT,International Marine Contractors Association (IMCA),SRC-IMCA-0751,2020-12-06,UNKNOWN,International Marine & Offshore,General Industrial / Offshore Operations,,UNKNOWN,UNKNOWN,UNKNOWN,Fatal injury occurred.,Fatal injury,True,BRONZE,QUARANTINED
EVT-IMCA-0752,INCIDENT,International Marine Contractors Association (IMCA),SRC-IMCA-0752,2020-12-06,UNKNOWN,International Marine & Offshore,General Industrial / Offshore Operations,,THERMAL,TRUE,DERIVED,None reported / Equipment stoppage or minor disruption.,,False,BRONZE,QUARANTINED
EVT-IMCA-0753,INCIDENT,International Marine Contractors Association (IMCA),SRC-IMCA-0753,2020-11-26,UNKNOWN,International Marine & Offshore,Marine & Vessel Operations,,THERMAL,UNKNOWN,UNKNOWN,None reported / Equipment stoppage or minor disruption.,,False,BRONZE,QUARANTINED
EVT-IMCA-0754,INCIDENT,International Marine Contractors Association (IMCA),SRC-IMCA-0754,2020-11-26,UNKNOWN,International Marine & Offshore,General Industrial / Offshore Operations,,THERMAL,UNKNOWN,UNKNOWN,None reported / Equipment stoppage or minor disruption.,,False,BRONZE,QUARANTINED
EVT-IMCA-0755,INCIDENT,International Marine Contractors Association (IMCA),SRC-IMCA-0755,2020-11-26,UNKNOWN,International Marine & Offshore,General Industrial / Offshore Operations,,THERMAL,UNKNOWN,UNKNOWN,None reported / Equipment stoppage or minor disruption.,,False,BRONZE,QUARANTINED
EVT-IMCA-0756,INCIDENT,International Marine Contractors Association (IMCA),SRC-IMCA-0756,2020-11-26,UNKNOWN,International Marine & Offshore,Marine & Vessel Operations,,THERMAL,UNKNOWN,UNKNOWN,None reported / Equipment stoppage or minor disruption.,,False,BRONZE,QUARANTINED
EVT-IMCA-0757,NEAR_MISS,International Marine Contractors Association (IMCA),SRC-IMCA-0757,2020-11-26,UNKNOWN,International Marine & Offshore,Lifting & Rigging Operations,,GRAVITATIONAL,UNKNOWN,UNKNOWN,None reported / Equipment stoppage or minor disruption.,,False,BRONZE,QUARANTINED
EVT-IMCA-0758,INCIDENT,International Marine Contractors Association (IMCA),SRC-IMCA-0758,2020-11-10,UNKNOWN,International Marine & Offshore,Lifting & Rigging Operations,crane,UNKNOWN,UNKNOWN,UNKNOWN,None reported / Equipment stoppage or minor disruption.,,False,BRONZE,QUARANTINED
EVT-IMCA-0759,INCIDENT,International Marine Contractors Association (IMCA),SRC-IMCA-0759,2020-11-10,UNKNOWN,International Marine & Offshore,Lifting & Rigging Operations,crane,UNKNOWN,UNKNOWN,UNKNOWN,None reported / Equipment stoppage or minor disruption.,,False,BRONZE,QUARANTINED
EVT-IMCA-0760,INCIDENT,International Marine Contractors Association (IMCA),SRC-IMCA-0760,2020-11-10,UNKNOWN,International Marine & Offshore,General Industrial / Offshore Operations,,UNKNOWN,TRUE,EXPLICIT,Fatal injury occurred.,Fatal injury,True,BRONZE,QUARANTINED
EVT-IMCA-0761,NEAR_MISS,International Marine Contractors Association (IMCA),SRC-IMCA-0761,2020-11-10,UNKNOWN,International Marine & Offshore,Marine & Vessel Operations,,UNKNOWN,UNKNOWN,UNKNOWN,None reported / Equipment stoppage or minor disruption.,,False,BRONZE,QUARANTINED
EVT-IMCA-0762,INCIDENT,International Marine Contractors Association (IMCA),SRC-IMCA-0762,2020-11-10,UNKNOWN,International Marine & Offshore,General Industrial / Offshore Operations,,UNKNOWN,UNKNOWN,UNKNOWN,None reported / Equipment stoppage or minor disruption.,,False,BRONZE,QUARANTINED
EVT-IMCA-0763,INCIDENT,International Marine Contractors Association (IMCA),SRC-IMCA-0763,2020-11-10,UNKNOWN,International Marine & Offshore,General Industrial / Offshore Operations,,THERMAL,UNKNOWN,UNKNOWN,None reported / Equipment stoppage or minor disruption.,,False,BRONZE,QUARANTINED
EVT-IMCA-0764,INCIDENT,International Marine Contractors Association (IMCA),SRC-IMCA-0764,2020-10-23,UNKNOWN,International Marine & Offshore,General Industrial / Offshore Operations,,THERMAL,UNKNOWN,UNKNOWN,None reported / Equipment stoppage or minor disruption.,,False,BRONZE,QUARANTINED
EVT-IMCA-0765,NEAR_MISS,International Marine Contractors Association (IMCA),SRC-IMCA-0765,2020-10-23,UNKNOWN,International Marine & Offshore,Marine & Vessel Operations,,UNKNOWN,UNKNOWN,UNKNOWN,None reported / Equipment stoppage or minor disruption.,,False,BRONZE,QUARANTINED
EVT-IMCA-0766,NEAR_MISS,International Marine Contractors Association (IMCA),SRC-IMCA-0766,2020-10-23,UNKNOWN,International Marine & Offshore,Subsea & Diving Operations,,UNKNOWN,UNKNOWN,UNKNOWN,None reported / Equipment stoppage or minor disruption.,,False,BRONZE,QUARANTINED
EVT-IMCA-0767,NEAR_MISS,International Marine Contractors Association (IMCA),SRC-IMCA-0767,2020-10-23,UNKNOWN,International Marine & Offshore,Lifting & Rigging Operations,,UNKNOWN,UNKNOWN,UNKNOWN,None reported / Equipment stoppage or minor disruption.,,False,BRONZE,QUARANTINED
EVT-IMCA-0768,NEAR_MISS,International Marine Contractors Association (IMCA),SRC-IMCA-0768,2020-10-23,UNKNOWN,International Marine & Offshore,Piping & Pressure Maintenance,,UNKNOWN,UNKNOWN,UNKNOWN,None reported / Equipment stoppage or minor disruption.,,False,BRONZE,QUARANTINED
EVT-IMCA-0769,INCIDENT,International Marine Contractors Association (IMCA),SRC-IMCA-0769,2020-10-09,UNKNOWN,International Marine & Offshore,Lifting & Rigging Operations,crane,PRESSURE,UNKNOWN,UNKNOWN,None reported / Equipment stoppage or minor disruption.,,False,BRONZE,QUARANTINED
EVT-IMCA-0770,INCIDENT,International Marine Contractors Association (IMCA),SRC-IMCA-0770,2020-10-09,UNKNOWN,International Marine & Offshore,Lifting & Rigging Operations,lift / elevator,UNKNOWN,UNKNOWN,UNKNOWN,None reported / Equipment stoppage or minor disruption.,,False,BRONZE,QUARANTINED
EVT-IMCA-0771,INCIDENT,International Marine Contractors Association (IMCA),SRC-IMCA-0771,2020-10-09,UNKNOWN,International Marine & Offshore,Lifting & Rigging Operations,lift / elevator,UNKNOWN,UNKNOWN,UNKNOWN,None reported / Equipment stoppage or minor disruption.,,False,BRONZE,QUARANTINED
EVT-IMCA-0772,NEAR_MISS,International Marine Contractors Association (IMCA),SRC-IMCA-0772,2020-10-09,UNKNOWN,International Marine & Offshore,Lifting & Rigging Operations,crane,GRAVITATIONAL,UNKNOWN,UNKNOWN,None reported / Equipment stoppage or minor disruption.,,False,BRONZE,QUARANTINED
EVT-IMCA-0773,INCIDENT,International Marine Contractors Association (IMCA),SRC-IMCA-0773,2020-10-09,UNKNOWN,International Marine & Offshore,Marine & Vessel Operations,,UNKNOWN,UNKNOWN,UNKNOWN,None reported / Equipment stoppage or minor disruption.,,False,BRONZE,QUARANTINED
EVT-IMCA-0774,NEAR_MISS,International Marine Contractors Association (IMCA),SRC-IMCA-0774,2020-09-28,UNKNOWN,International Marine & Offshore,Lifting & Rigging Operations,,UNKNOWN,UNKNOWN,UNKNOWN,None reported / Equipment stoppage or minor disruption.,,False,BRONZE,QUARANTINED
EVT-IMCA-0775,UA,International Marine Contractors Association (IMCA),SRC-IMCA-0775,2020-09-28,UNKNOWN,International Marine & Offshore,General Industrial / Offshore Operations,,UNKNOWN,UNKNOWN,UNKNOWN,None reported / Equipment stoppage or minor disruption.,,False,BRONZE,QUARANTINED
EVT-IMCA-0776,NEAR_MISS,International Marine Contractors Association (IMCA),SRC-IMCA-0776,2020-09-28,UNKNOWN,International Marine & Offshore,General Industrial / Offshore Operations,,UNKNOWN,UNKNOWN,UNKNOWN,None reported / Equipment stoppage or minor disruption.,,False,BRONZE,QUARANTINED
EVT-IMCA-0777,INCIDENT,International Marine Contractors Association (IMCA),SRC-IMCA-0777,2020-09-28,UNKNOWN,International Marine & Offshore,General Industrial / Offshore Operations,,UNKNOWN,UNKNOWN,UNKNOWN,None reported / Equipment stoppage or minor disruption.,,False,BRONZE,QUARANTINED
EVT-IMCA-0778,NEAR_MISS,International Marine Contractors Association (IMCA),SRC-IMCA-0778,2020-09-28,UNKNOWN,International Marine & Offshore,General Industrial / Offshore Operations,,ELECTRICAL,UNKNOWN,UNKNOWN,None reported / Equipment stoppage or minor disruption.,,False,BRONZE,QUARANTINED
EVT-IMCA-0779,INCIDENT,International Marine Contractors Association (IMCA),SRC-IMCA-0779,2020-09-15,UNKNOWN,International Marine & Offshore,Subsea & Diving Operations,suspended load,GRAVITATIONAL,TRUE,DERIVED,No injuries occurred (Near Miss / Potential Consequence only).,None,False,BRONZE,QUARANTINED
EVT-IMCA-0780,INCIDENT,International Marine Contractors Association (IMCA),SRC-IMCA-0780,2020-09-15,UNKNOWN,International Marine & Offshore,General Industrial / Offshore Operations,winch,KINETIC,UNKNOWN,UNKNOWN,None reported / Equipment stoppage or minor disruption.,,False,BRONZE,QUARANTINED
EVT-IMCA-0781,INCIDENT,International Marine Contractors Association (IMCA),SRC-IMCA-0781,2020-09-15,UNKNOWN,International Marine & Offshore,Hot Work Operations,rotating,KINETIC,TRUE,DERIVED,None reported / Equipment stoppage or minor disruption.,,False,BRONZE,QUARANTINED
EVT-IMCA-0782,INCIDENT,International Marine Contractors Association (IMCA),SRC-IMCA-0782,2020-09-15,UNKNOWN,International Marine & Offshore,Hot Work Operations,rotating,KINETIC,TRUE,DERIVED,Lost time / serious personal injury sustained.,Fracture / Lost time injury,False,BRONZE,QUARANTINED
EVT-IMCA-0783,NEAR_MISS,International Marine Contractors Association (IMCA),SRC-IMCA-0783,2020-09-15,UNKNOWN,International Marine & Offshore,General Industrial / Offshore Operations,,PRESSURE,UNKNOWN,UNKNOWN,None reported / Equipment stoppage or minor disruption.,,False,BRONZE,QUARANTINED
EVT-IMCA-0784,NEAR_MISS,International Marine Contractors Association (IMCA),SRC-IMCA-0784,2020-09-04,UNKNOWN,International Marine & Offshore,Lifting & Rigging Operations,crane,UNKNOWN,TRUE,EXPLICIT,No injuries occurred (Near Miss / Potential Consequence only).,None,False,BRONZE,QUARANTINED
EVT-IMCA-0785,NEAR_MISS,International Marine Contractors Association (IMCA),SRC-IMCA-0785,2020-09-04,UNKNOWN,International Marine & Offshore,Lifting & Rigging Operations,,UNKNOWN,UNKNOWN,UNKNOWN,No injuries occurred (Near Miss / Potential Consequence only).,None,False,BRONZE,QUARANTINED
EVT-IMCA-0786,INCIDENT,International Marine Contractors Association (IMCA),SRC-IMCA-0786,2020-09-04,UNKNOWN,International Marine & Offshore,Lifting & Rigging Operations,crane,UNKNOWN,UNKNOWN,UNKNOWN,None reported / Equipment stoppage or minor disruption.,,False,BRONZE,QUARANTINED
EVT-IMCA-0787,NEAR_MISS,International Marine Contractors Association (IMCA),SRC-IMCA-0787,2020-09-04,UNKNOWN,International Marine & Offshore,Lifting & Rigging Operations,crane,UNKNOWN,UNKNOWN,UNKNOWN,None reported / Equipment stoppage or minor disruption.,,False,BRONZE,QUARANTINED
EVT-IMCA-0788,INCIDENT,International Marine Contractors Association (IMCA),SRC-IMCA-0788,2020-09-04,UNKNOWN,International Marine & Offshore,Marine & Vessel Operations,suspended load,GRAVITATIONAL,TRUE,DERIVED,None reported / Equipment stoppage or minor disruption.,,False,BRONZE,QUARANTINED
EVT-IMCA-0789,NEAR_MISS,International Marine Contractors Association (IMCA),SRC-IMCA-0789,2020-08-25,UNKNOWN,International Marine & Offshore,Subsea & Diving Operations,,UNKNOWN,UNKNOWN,UNKNOWN,None reported / Equipment stoppage or minor disruption.,,False,BRONZE,QUARANTINED
EVT-IMCA-0790,INCIDENT,International Marine Contractors Association (IMCA),SRC-IMCA-0790,2020-08-25,UNKNOWN,International Marine & Offshore,Hot Work Operations,,THERMAL,UNKNOWN,UNKNOWN,None reported / Equipment stoppage or minor disruption.,,False,BRONZE,QUARANTINED
EVT-IMCA-0791,NEAR_MISS,International Marine Contractors Association (IMCA),SRC-IMCA-0791,2020-08-25,UNKNOWN,International Marine & Offshore,General Industrial / Offshore Operations,hose,UNKNOWN,UNKNOWN,UNKNOWN,No injuries occurred (Near Miss / Potential Consequence only).,None,False,BRONZE,QUARANTINED
EVT-IMCA-0792,NEAR_MISS,International Marine Contractors Association (IMCA),SRC-IMCA-0792,2020-08-25,UNKNOWN,International Marine & Offshore,General Industrial / Offshore Operations,,ELECTRICAL,UNKNOWN,UNKNOWN,None reported / Equipment stoppage or minor disruption.,,False,BRONZE,QUARANTINED
EVT-IMCA-0793,INCIDENT,International Marine Contractors Association (IMCA),SRC-IMCA-0793,2020-08-25,UNKNOWN,International Marine & Offshore,Hot Work Operations,,UNKNOWN,UNKNOWN,UNKNOWN,Minor injury requiring first aid or medical attention.,First aid / minor laceration or contusion,False,BRONZE,QUARANTINED
EVT-IMCA-0794,INCIDENT,International Marine Contractors Association (IMCA),SRC-IMCA-0794,2020-08-14,UNKNOWN,International Marine & Offshore,Marine & Vessel Operations,,UNKNOWN,UNKNOWN,UNKNOWN,None reported / Equipment stoppage or minor disruption.,,False,BRONZE,QUARANTINED
EVT-IMCA-0795,NEAR_MISS,International Marine Contractors Association (IMCA),SRC-IMCA-0795,2020-08-14,UNKNOWN,International Marine & Offshore,Marine & Vessel Operations,,UNKNOWN,UNKNOWN,UNKNOWN,None reported / Equipment stoppage or minor disruption.,,False,BRONZE,QUARANTINED
EVT-IMCA-0796,NEAR_MISS,International Marine Contractors Association (IMCA),SRC-IMCA-0796,2020-08-14,UNKNOWN,International Marine & Offshore,Drilling & Well Intervention,,UNKNOWN,UNKNOWN,UNKNOWN,No injuries occurred (Near Miss / Potential Consequence only).,None,False,BRONZE,QUARANTINED
EVT-IMCA-0797,NEAR_MISS,International Marine Contractors Association (IMCA),SRC-IMCA-0797,2020-08-14,UNKNOWN,International Marine & Offshore,Drilling & Well Intervention,,UNKNOWN,UNKNOWN,UNKNOWN,None reported / Equipment stoppage or minor disruption.,,False,BRONZE,QUARANTINED
EVT-IMCA-0798,INCIDENT,International Marine Contractors Association (IMCA),SRC-IMCA-0798,2020-08-14,UNKNOWN,International Marine & Offshore,Lifting & Rigging Operations,hose,UNKNOWN,UNKNOWN,UNKNOWN,No injuries occurred (Near Miss / Potential Consequence only).,None,False,BRONZE,QUARANTINED
EVT-IMCA-0799,NEAR_MISS,International Marine Contractors Association (IMCA),SRC-IMCA-0799,2020-07-31,UNKNOWN,International Marine & Offshore,Subsea & Diving Operations,,UNKNOWN,UNKNOWN,UNKNOWN,Minor injury requiring first aid or medical attention.,First aid / minor laceration or contusion,False,BRONZE,QUARANTINED
EVT-IMCA-0800,NEAR_MISS,International Marine Contractors Association (IMCA),SRC-IMCA-0800,2020-07-31,UNKNOWN,International Marine & Offshore,Hot Work Operations,,UNKNOWN,UNKNOWN,UNKNOWN,Minor injury requiring first aid or medical attention.,First aid / minor laceration or contusion,False,BRONZE,QUARANTINED
EVT-IMCA-0801,INCIDENT,International Marine Contractors Association (IMCA),SRC-IMCA-0801,2020-07-24,UNKNOWN,International Marine & Offshore,General Industrial / Offshore Operations,,UNKNOWN,UNKNOWN,UNKNOWN,None reported / Equipment stoppage or minor disruption.,,False,BRONZE,QUARANTINED
EVT-IMCA-0802,INCIDENT,International Marine Contractors Association (IMCA),SRC-IMCA-0802,2020-07-24,UNKNOWN,International Marine & Offshore,Piping & Pressure Maintenance,,UNKNOWN,UNKNOWN,UNKNOWN,Minor injury requiring first aid or medical attention.,First aid / minor laceration or contusion,False,BRONZE,QUARANTINED
EVT-IMCA-0803,INCIDENT,International Marine Contractors Association (IMCA),SRC-IMCA-0803,2020-07-24,UNKNOWN,International Marine & Offshore,General Industrial / Offshore Operations,,UNKNOWN,UNKNOWN,UNKNOWN,None reported / Equipment stoppage or minor disruption.,,False,BRONZE,QUARANTINED
EVT-IMCA-0804,NEAR_MISS,International Marine Contractors Association (IMCA),SRC-IMCA-0804,2020-07-24,UNKNOWN,International Marine & Offshore,Hot Work Operations,,UNKNOWN,UNKNOWN,UNKNOWN,Minor injury requiring first aid or medical attention.,First aid / minor laceration or contusion,False,BRONZE,QUARANTINED
EVT-IMCA-0805,NEAR_MISS,International Marine Contractors Association (IMCA),SRC-IMCA-0805,2020-07-24,UNKNOWN,International Marine & Offshore,Hot Work Operations,,UNKNOWN,UNKNOWN,UNKNOWN,Fatal injury occurred.,Fatal injury,True,BRONZE,QUARANTINED
EVT-IMCA-0806,INCIDENT,International Marine Contractors Association (IMCA),SRC-IMCA-0806,2020-07-24,UNKNOWN,International Marine & Offshore,Marine & Vessel Operations,,THERMAL,UNKNOWN,UNKNOWN,No injuries occurred (Near Miss / Potential Consequence only).,None,False,BRONZE,QUARANTINED
EVT-IMCA-0807,INCIDENT,International Marine Contractors Association (IMCA),SRC-IMCA-0807,2020-07-13,Barge,International Marine & Offshore,General Industrial / Offshore Operations,,UNKNOWN,UNKNOWN,UNKNOWN,Fatal injury occurred.,Fatal injury,True,BRONZE,QUARANTINED
EVT-IMCA-0808,INCIDENT,International Marine Contractors Association (IMCA),SRC-IMCA-0808,2020-07-13,UNKNOWN,International Marine & Offshore,General Industrial / Offshore Operations,,UNKNOWN,TRUE,EXPLICIT,Fatal injury occurred.,Fatal injury,True,BRONZE,QUARANTINED
EVT-IMCA-0809,INCIDENT,International Marine Contractors Association (IMCA),SRC-IMCA-0809,2020-07-13,UNKNOWN,International Marine & Offshore,Marine & Vessel Operations,,UNKNOWN,TRUE,EXPLICIT,Fatal injury occurred.,Fatal injury,True,BRONZE,QUARANTINED
EVT-IMCA-0810,NEAR_MISS,International Marine Contractors Association (IMCA),SRC-IMCA-0810,2020-07-13,UNKNOWN,International Marine & Offshore,General Industrial / Offshore Operations,,UNKNOWN,UNKNOWN,UNKNOWN,None reported / Equipment stoppage or minor disruption.,,False,BRONZE,QUARANTINED
EVT-IMCA-0811,NEAR_MISS,International Marine Contractors Association (IMCA),SRC-IMCA-0811,2020-07-06,UNKNOWN,International Marine & Offshore,Lifting & Rigging Operations,entangled,KINETIC,UNKNOWN,UNKNOWN,None reported / Equipment stoppage or minor disruption.,,False,BRONZE,QUARANTINED
EVT-IMCA-0812,NEAR_MISS,International Marine Contractors Association (IMCA),SRC-IMCA-0812,2020-07-06,UNKNOWN,International Marine & Offshore,Lifting & Rigging Operations,entangled,KINETIC,UNKNOWN,UNKNOWN,None reported / Equipment stoppage or minor disruption.,,False,BRONZE,QUARANTINED
EVT-IMCA-0813,NEAR_MISS,International Marine Contractors Association (IMCA),SRC-IMCA-0813,2020-07-06,UNKNOWN,International Marine & Offshore,General Industrial / Offshore Operations,,UNKNOWN,UNKNOWN,UNKNOWN,None reported / Equipment stoppage or minor disruption.,,False,BRONZE,QUARANTINED
EVT-IMCA-0814,NEAR_MISS,International Marine Contractors Association (IMCA),SRC-IMCA-0814,2020-07-06,UNKNOWN,International Marine & Offshore,Marine & Vessel Operations,,GRAVITATIONAL,UNKNOWN,UNKNOWN,None reported / Equipment stoppage or minor disruption.,,False,BRONZE,QUARANTINED
EVT-IMCA-0815,NEAR_MISS,International Marine Contractors Association (IMCA),SRC-IMCA-0815,2020-07-06,UNKNOWN,International Marine & Offshore,Piping & Pressure Maintenance,valve,UNKNOWN,UNKNOWN,UNKNOWN,None reported / Equipment stoppage or minor disruption.,,False,BRONZE,QUARANTINED
EVT-IMCA-0816,NEAR_MISS,International Marine Contractors Association (IMCA),SRC-IMCA-0816,2020-06-23,UNKNOWN,International Marine & Offshore,General Industrial / Offshore Operations,,UNKNOWN,UNKNOWN,UNKNOWN,None reported / Equipment stoppage or minor disruption.,,False,BRONZE,QUARANTINED
EVT-IMCA-0817,INCIDENT,International Marine Contractors Association (IMCA),SRC-IMCA-0817,2020-06-23,UNKNOWN,International Marine & Offshore,General Industrial / Offshore Operations,,UNKNOWN,UNKNOWN,UNKNOWN,None reported / Equipment stoppage or minor disruption.,,False,BRONZE,QUARANTINED
EVT-IMCA-0818,NEAR_MISS,International Marine Contractors Association (IMCA),SRC-IMCA-0818,2020-06-23,UNKNOWN,International Marine & Offshore,General Industrial / Offshore Operations,,UNKNOWN,UNKNOWN,UNKNOWN,None reported / Equipment stoppage or minor disruption.,,False,BRONZE,QUARANTINED
EVT-IMCA-0819,INCIDENT,International Marine Contractors Association (IMCA),SRC-IMCA-0819,2020-06-23,UNKNOWN,International Marine & Offshore,Marine & Vessel Operations,,UNKNOWN,UNKNOWN,UNKNOWN,Fatal injury occurred.,Fatal injury,True,BRONZE,QUARANTINED
EVT-IMCA-0820,INCIDENT,International Marine Contractors Association (IMCA),SRC-IMCA-0820,2020-06-23,UNKNOWN,International Marine & Offshore,Marine & Vessel Operations,vehicle,KINETIC,TRUE,DERIVED,Fatal injury occurred.,Fatal injury,True,BRONZE,QUARANTINED
EVT-IMCA-0821,INCIDENT,International Marine Contractors Association (IMCA),SRC-IMCA-0821,2020-06-12,UNKNOWN,International Marine & Offshore,General Industrial / Offshore Operations,,PRESSURE,TRUE,DERIVED,Minor injury requiring first aid or medical attention.,First aid / minor laceration or contusion,False,BRONZE,QUARANTINED
EVT-IMCA-0822,INCIDENT,International Marine Contractors Association (IMCA),SRC-IMCA-0822,2020-06-12,UNKNOWN,International Marine & Offshore,Marine & Vessel Operations,hose,UNKNOWN,UNKNOWN,UNKNOWN,None reported / Equipment stoppage or minor disruption.,,False,BRONZE,QUARANTINED
EVT-IMCA-0823,NEAR_MISS,International Marine Contractors Association (IMCA),SRC-IMCA-0823,2020-06-12,UNKNOWN,International Marine & Offshore,Lifting & Rigging Operations,crane,UNKNOWN,UNKNOWN,UNKNOWN,None reported / Equipment stoppage or minor disruption.,,False,BRONZE,QUARANTINED
EVT-IMCA-0824,NEAR_MISS,International Marine Contractors Association (IMCA),SRC-IMCA-0824,2020-06-12,UNKNOWN,International Marine & Offshore,General Industrial / Offshore Operations,,UNKNOWN,UNKNOWN,UNKNOWN,No injuries occurred (Near Miss / Potential Consequence only).,None,False,BRONZE,QUARANTINED
EVT-IMCA-0825,NEAR_MISS,International Marine Contractors Association (IMCA),SRC-IMCA-0825,2020-06-12,UNKNOWN,International Marine & Offshore,General Industrial / Offshore Operations,,UNKNOWN,UNKNOWN,UNKNOWN,None reported / Equipment stoppage or minor disruption.,,False,BRONZE,QUARANTINED
EVT-IMCA-0826,INCIDENT,International Marine Contractors Association (IMCA),SRC-IMCA-0826,2020-06-01,UNKNOWN,International Marine & Offshore,Marine & Vessel Operations,,THERMAL,TRUE,DERIVED,Fatal injury occurred.,Fatal injury,True,BRONZE,QUARANTINED
EVT-IMCA-0827,INCIDENT,International Marine Contractors Association (IMCA),SRC-IMCA-0827,2020-06-01,UNKNOWN,International Marine & Offshore,Marine & Vessel Operations,,THERMAL,UNKNOWN,UNKNOWN,None reported / Equipment stoppage or minor disruption.,,False,BRONZE,QUARANTINED
EVT-IMCA-0828,INCIDENT,International Marine Contractors Association (IMCA),SRC-IMCA-0828,2020-06-01,UNKNOWN,International Marine & Offshore,Marine & Vessel Operations,,THERMAL,UNKNOWN,UNKNOWN,None reported / Equipment stoppage or minor disruption.,,False,BRONZE,QUARANTINED
EVT-IMCA-0829,INCIDENT,International Marine Contractors Association (IMCA),SRC-IMCA-0829,2020-06-01,UNKNOWN,International Marine & Offshore,Hot Work Operations,,UNKNOWN,UNKNOWN,UNKNOWN,Minor injury requiring first aid or medical attention.,First aid / minor laceration or contusion,False,BRONZE,QUARANTINED
EVT-IMCA-0830,INCIDENT,International Marine Contractors Association (IMCA),SRC-IMCA-0830,2020-05-22,UNKNOWN,International Marine & Offshore,General Industrial / Offshore Operations,fast rescue craft (FRC),UNKNOWN,UNKNOWN,UNKNOWN,None reported / Equipment stoppage or minor disruption.,,False,BRONZE,QUARANTINED
EVT-IMCA-0831,INCIDENT,International Marine Contractors Association (IMCA),SRC-IMCA-0831,2020-05-22,UNKNOWN,International Marine & Offshore,Marine & Vessel Operations,,UNKNOWN,UNKNOWN,UNKNOWN,None reported / Equipment stoppage or minor disruption.,,False,BRONZE,QUARANTINED
EVT-IMCA-0832,NEAR_MISS,International Marine Contractors Association (IMCA),SRC-IMCA-0832,2020-05-22,UNKNOWN,International Marine & Offshore,General Industrial / Offshore Operations,,UNKNOWN,UNKNOWN,UNKNOWN,None reported / Equipment stoppage or minor disruption.,,False,BRONZE,QUARANTINED
EVT-IMCA-0833,INCIDENT,International Marine Contractors Association (IMCA),SRC-IMCA-0833,2020-05-22,UNKNOWN,International Marine & Offshore,Drilling & Well Intervention,,UNKNOWN,UNKNOWN,UNKNOWN,None reported / Equipment stoppage or minor disruption.,,False,BRONZE,QUARANTINED
EVT-IMCA-0834,NEAR_MISS,International Marine Contractors Association (IMCA),SRC-IMCA-0834,2020-05-22,UNKNOWN,International Marine & Offshore,Lifting & Rigging Operations,crane,GRAVITATIONAL,UNKNOWN,UNKNOWN,No injuries occurred (Near Miss / Potential Consequence only).,None,False,BRONZE,QUARANTINED
EVT-IMCA-0835,NEAR_MISS,International Marine Contractors Association (IMCA),SRC-IMCA-0835,2020-05-05,UNKNOWN,International Marine & Offshore,Subsea & Diving Operations,,UNKNOWN,UNKNOWN,UNKNOWN,None reported / Equipment stoppage or minor disruption.,,False,BRONZE,QUARANTINED
EVT-IMCA-0836,NEAR_MISS,International Marine Contractors Association (IMCA),SRC-IMCA-0836,2020-05-05,UNKNOWN,International Marine & Offshore,General Industrial / Offshore Operations,vehicle,KINETIC,UNKNOWN,UNKNOWN,None reported / Equipment stoppage or minor disruption.,,False,BRONZE,QUARANTINED
EVT-IMCA-0837,NEAR_MISS,International Marine Contractors Association (IMCA),SRC-IMCA-0837,2020-05-05,UNKNOWN,International Marine & Offshore,Marine & Vessel Operations,,UNKNOWN,UNKNOWN,UNKNOWN,None reported / Equipment stoppage or minor disruption.,,False,BRONZE,QUARANTINED
EVT-IMCA-0838,INCIDENT,International Marine Contractors Association (IMCA),SRC-IMCA-0838,2020-05-05,UNKNOWN,International Marine & Offshore,General Industrial / Offshore Operations,,THERMAL,TRUE,DERIVED,None reported / Equipment stoppage or minor disruption.,,False,BRONZE,QUARANTINED
EVT-IMCA-0839,NEAR_MISS,International Marine Contractors Association (IMCA),SRC-IMCA-0839,2020-04-28,UNKNOWN,International Marine & Offshore,Lifting & Rigging Operations,,UNKNOWN,UNKNOWN,UNKNOWN,None reported / Equipment stoppage or minor disruption.,,False,BRONZE,QUARANTINED
EVT-IMCA-0840,INCIDENT,International Marine Contractors Association (IMCA),SRC-IMCA-0840,2020-04-28,Barge,International Marine & Offshore,General Industrial / Offshore Operations,,THERMAL,UNKNOWN,UNKNOWN,None reported / Equipment stoppage or minor disruption.,,False,BRONZE,QUARANTINED
EVT-IMCA-0841,INCIDENT,International Marine Contractors Association (IMCA),SRC-IMCA-0841,2020-04-28,UNKNOWN,International Marine & Offshore,Drilling & Well Intervention,,UNKNOWN,UNKNOWN,UNKNOWN,Lost time / serious personal injury sustained.,Fracture / Lost time injury,False,BRONZE,QUARANTINED
EVT-IMCA-0842,NEAR_MISS,International Marine Contractors Association (IMCA),SRC-IMCA-0842,2020-04-28,UNKNOWN,International Marine & Offshore,General Industrial / Offshore Operations,,UNKNOWN,UNKNOWN,UNKNOWN,No injuries occurred (Near Miss / Potential Consequence only).,None,False,BRONZE,QUARANTINED
EVT-IMCA-0843,INCIDENT,International Marine Contractors Association (IMCA),SRC-IMCA-0843,2020-04-28,Offshore Fixed Platform,International Marine & Offshore,Marine & Vessel Operations,,UNKNOWN,TRUE,EXPLICIT,Fatal injury occurred.,Fatal injury,True,BRONZE,QUARANTINED
EVT-IMCA-0844,NEAR_MISS,International Marine Contractors Association (IMCA),SRC-IMCA-0844,2020-04-15,UNKNOWN,International Marine & Offshore,General Industrial / Offshore Operations,,UNKNOWN,UNKNOWN,UNKNOWN,None reported / Equipment stoppage or minor disruption.,,False,BRONZE,QUARANTINED
EVT-IMCA-0845,NEAR_MISS,International Marine Contractors Association (IMCA),SRC-IMCA-0845,2020-04-15,UNKNOWN,International Marine & Offshore,Marine & Vessel Operations,,UNKNOWN,UNKNOWN,UNKNOWN,None reported / Equipment stoppage or minor disruption.,,False,BRONZE,QUARANTINED
EVT-IMCA-0846,NEAR_MISS,International Marine Contractors Association (IMCA),SRC-IMCA-0846,2020-04-15,UNKNOWN,International Marine & Offshore,Marine & Vessel Operations,,UNKNOWN,UNKNOWN,UNKNOWN,None reported / Equipment stoppage or minor disruption.,,False,BRONZE,QUARANTINED
EVT-IMCA-0847,INCIDENT,International Marine Contractors Association (IMCA),SRC-IMCA-0847,2020-04-15,UNKNOWN,International Marine & Offshore,Lifting & Rigging Operations,lift trolley,UNKNOWN,UNKNOWN,UNKNOWN,Worker fell into lift shaft suffering life-changing injuries.,Life-changing fall injury,False,BRONZE,QUARANTINED
EVT-IMCA-0848,INCIDENT,International Marine Contractors Association (IMCA),SRC-IMCA-0848,2020-03-31,UNKNOWN,International Marine & Offshore,Subsea & Diving Operations,valve,UNKNOWN,UNKNOWN,UNKNOWN,No injuries occurred (Near Miss / Potential Consequence only).,None,False,BRONZE,QUARANTINED
EVT-IMCA-0849,NEAR_MISS,International Marine Contractors Association (IMCA),SRC-IMCA-0849,2020-03-31,UNKNOWN,International Marine & Offshore,Lifting & Rigging Operations,,UNKNOWN,UNKNOWN,UNKNOWN,No injuries occurred (Near Miss / Potential Consequence only).,None,False,BRONZE,QUARANTINED
EVT-IMCA-0850,NEAR_MISS,International Marine Contractors Association (IMCA),SRC-IMCA-0850,2020-03-31,UNKNOWN,International Marine & Offshore,General Industrial / Offshore Operations,,UNKNOWN,UNKNOWN,UNKNOWN,None reported / Equipment stoppage or minor disruption.,,False,BRONZE,QUARANTINED
EVT-IMCA-0851,INCIDENT,International Marine Contractors Association (IMCA),SRC-IMCA-0851,2020-03-31,UNKNOWN,International Marine & Offshore,General Industrial / Offshore Operations,,UNKNOWN,UNKNOWN,UNKNOWN,No injuries occurred (Near Miss / Potential Consequence only).,None,False,BRONZE,QUARANTINED
EVT-IMCA-0852,INCIDENT,International Marine Contractors Association (IMCA),SRC-IMCA-0852,2020-03-31,UNKNOWN,International Marine & Offshore,General Industrial / Offshore Operations,,UNKNOWN,UNKNOWN,UNKNOWN,None reported / Equipment stoppage or minor disruption.,,False,BRONZE,QUARANTINED
EVT-IMCA-0853,NEAR_MISS,International Marine Contractors Association (IMCA),SRC-IMCA-0853,2020-03-20,UNKNOWN,International Marine & Offshore,General Industrial / Offshore Operations,,UNKNOWN,UNKNOWN,UNKNOWN,None reported / Equipment stoppage or minor disruption.,,False,BRONZE,QUARANTINED
EVT-IMCA-0854,NEAR_MISS,International Marine Contractors Association (IMCA),SRC-IMCA-0854,2020-03-17,UNKNOWN,International Marine & Offshore,General Industrial / Offshore Operations,,UNKNOWN,UNKNOWN,UNKNOWN,None reported / Equipment stoppage or minor disruption.,,False,BRONZE,QUARANTINED
EVT-IMCA-0855,NEAR_MISS,International Marine Contractors Association (IMCA),SRC-IMCA-0855,2020-03-17,UNKNOWN,International Marine & Offshore,Lifting & Rigging Operations,,GRAVITATIONAL,UNKNOWN,UNKNOWN,None reported / Equipment stoppage or minor disruption.,,False,BRONZE,QUARANTINED
EVT-IMCA-0856,INCIDENT,International Marine Contractors Association (IMCA),SRC-IMCA-0856,2020-03-17,UNKNOWN,International Marine & Offshore,Marine & Vessel Operations,fast rescue craft (FRC),UNKNOWN,UNKNOWN,UNKNOWN,None reported / Equipment stoppage or minor disruption.,,False,BRONZE,QUARANTINED
EVT-IMCA-0857,NEAR_MISS,International Marine Contractors Association (IMCA),SRC-IMCA-0857,2020-03-17,UNKNOWN,International Marine & Offshore,Subsea & Diving Operations,remotely operated vehicle (ROV),UNKNOWN,UNKNOWN,UNKNOWN,Minor injury requiring first aid or medical attention.,First aid / minor laceration or contusion,False,BRONZE,QUARANTINED
EVT-IMCA-0858,INCIDENT,International Marine Contractors Association (IMCA),SRC-IMCA-0858,2020-03-17,UNKNOWN,International Marine & Offshore,Marine & Vessel Operations,,UNKNOWN,UNKNOWN,UNKNOWN,None reported / Equipment stoppage or minor disruption.,,False,BRONZE,QUARANTINED
EVT-IMCA-0859,INCIDENT,International Marine Contractors Association (IMCA),SRC-IMCA-0859,2020-03-06,UNKNOWN,International Marine & Offshore,General Industrial / Offshore Operations,,UNKNOWN,UNKNOWN,UNKNOWN,Lost time / serious personal injury sustained.,Fracture / Lost time injury,False,BRONZE,QUARANTINED
EVT-IMCA-0860,INCIDENT,International Marine Contractors Association (IMCA),SRC-IMCA-0860,2020-03-06,UNKNOWN,International Marine & Offshore,Lifting & Rigging Operations,crane,UNKNOWN,TRUE,EXPLICIT,Fatal injury occurred.,Fatal injury,True,BRONZE,QUARANTINED
EVT-IMCA-0861,INCIDENT,International Marine Contractors Association (IMCA),SRC-IMCA-0861,2020-03-06,UNKNOWN,International Marine & Offshore,Lifting & Rigging Operations,crane,UNKNOWN,TRUE,EXPLICIT,Fatal injury occurred.,Fatal injury,True,BRONZE,QUARANTINED
EVT-IMCA-0862,NEAR_MISS,International Marine Contractors Association (IMCA),SRC-IMCA-0862,2020-03-03,UNKNOWN,International Marine & Offshore,General Industrial / Offshore Operations,,UNKNOWN,UNKNOWN,UNKNOWN,None reported / Equipment stoppage or minor disruption.,,False,BRONZE,QUARANTINED
EVT-IMCA-0863,NEAR_MISS,International Marine Contractors Association (IMCA),SRC-IMCA-0863,2020-03-03,UNKNOWN,International Marine & Offshore,General Industrial / Offshore Operations,,UNKNOWN,UNKNOWN,UNKNOWN,None reported / Equipment stoppage or minor disruption.,,False,BRONZE,QUARANTINED
EVT-IMCA-0864,NEAR_MISS,International Marine Contractors Association (IMCA),SRC-IMCA-0864,2020-03-03,UNKNOWN,International Marine & Offshore,General Industrial / Offshore Operations,,UNKNOWN,UNKNOWN,UNKNOWN,None reported / Equipment stoppage or minor disruption.,,False,BRONZE,QUARANTINED
EVT-IMCA-0865,NEAR_MISS,International Marine Contractors Association (IMCA),SRC-IMCA-0865,2020-02-26,Wind Turbine Generator,International Marine & Offshore,Lifting & Rigging Operations,crane,UNKNOWN,UNKNOWN,UNKNOWN,None reported / Equipment stoppage or minor disruption.,,False,BRONZE,QUARANTINED
EVT-IMCA-0866,NEAR_MISS,International Marine Contractors Association (IMCA),SRC-IMCA-0866,2020-02-26,UNKNOWN,International Marine & Offshore,Lifting & Rigging Operations,vehicle,KINETIC,UNKNOWN,UNKNOWN,None reported / Equipment stoppage or minor disruption.,,False,BRONZE,QUARANTINED
EVT-IMCA-0867,NEAR_MISS,International Marine Contractors Association (IMCA),SRC-IMCA-0867,2020-02-26,Wind Turbine Generator,International Marine & Offshore,General Industrial / Offshore Operations,,UNKNOWN,UNKNOWN,UNKNOWN,No injuries occurred (Near Miss / Potential Consequence only).,None,False,BRONZE,QUARANTINED
EVT-IMCA-0868,INCIDENT,International Marine Contractors Association (IMCA),SRC-IMCA-0868,2020-02-19,UNKNOWN,International Marine & Offshore,Marine & Vessel Operations,,UNKNOWN,UNKNOWN,UNKNOWN,None reported / Equipment stoppage or minor disruption.,,False,BRONZE,QUARANTINED
EVT-IMCA-0869,INCIDENT,International Marine Contractors Association (IMCA),SRC-IMCA-0869,2020-02-19,UNKNOWN,International Marine & Offshore,Marine & Vessel Operations,,UNKNOWN,UNKNOWN,UNKNOWN,None reported / Equipment stoppage or minor disruption.,,False,BRONZE,QUARANTINED
EVT-IMCA-0870,NEAR_MISS,International Marine Contractors Association (IMCA),SRC-IMCA-0870,2020-02-19,UNKNOWN,International Marine & Offshore,Hot Work Operations,,UNKNOWN,UNKNOWN,UNKNOWN,Minor injury requiring first aid or medical attention.,First aid / minor laceration or contusion,False,BRONZE,QUARANTINED
EVT-IMCA-0871,INCIDENT,International Marine Contractors Association (IMCA),SRC-IMCA-0871,2020-02-19,UNKNOWN,International Marine & Offshore,General Industrial / Offshore Operations,,UNKNOWN,UNKNOWN,UNKNOWN,Fatal injury occurred.,Fatal injury,True,BRONZE,QUARANTINED
EVT-IMCA-0872,NEAR_MISS,International Marine Contractors Association (IMCA),SRC-IMCA-0872,2020-02-19,UNKNOWN,International Marine & Offshore,Marine & Vessel Operations,,UNKNOWN,UNKNOWN,UNKNOWN,None reported / Equipment stoppage or minor disruption.,,False,BRONZE,QUARANTINED
EVT-IMCA-0873,INCIDENT,International Marine Contractors Association (IMCA),SRC-IMCA-0873,2020-02-13,UNKNOWN,International Marine & Offshore,Lifting & Rigging Operations,crane,GRAVITATIONAL,TRUE,EXPLICIT,Fatal injury occurred.,Fatal injury,True,BRONZE,QUARANTINED
EVT-IMCA-0874,INCIDENT,International Marine Contractors Association (IMCA),SRC-IMCA-0874,2020-02-13,UNKNOWN,International Marine & Offshore,Lifting & Rigging Operations,crane,GRAVITATIONAL,TRUE,EXPLICIT,Fatal injury occurred.,Fatal injury,True,BRONZE,QUARANTINED
EVT-IMCA-0875,INCIDENT,International Marine Contractors Association (IMCA),SRC-IMCA-0875,2020-02-13,UNKNOWN,International Marine & Offshore,Lifting & Rigging Operations,crane,GRAVITATIONAL,TRUE,EXPLICIT,Fatal injury occurred.,Fatal injury,True,BRONZE,QUARANTINED
EVT-IMCA-0876,INCIDENT,International Marine Contractors Association (IMCA),SRC-IMCA-0876,2020-02-13,UNKNOWN,International Marine & Offshore,Lifting & Rigging Operations,crane,GRAVITATIONAL,TRUE,EXPLICIT,Fatal injury occurred.,Fatal injury,True,BRONZE,QUARANTINED
EVT-IMCA-0877,NEAR_MISS,International Marine Contractors Association (IMCA),SRC-IMCA-0877,2020-02-13,UNKNOWN,International Marine & Offshore,Lifting & Rigging Operations,,GRAVITATIONAL,UNKNOWN,UNKNOWN,None reported / Equipment stoppage or minor disruption.,,False,BRONZE,QUARANTINED
EVT-IMCA-0878,INCIDENT,International Marine Contractors Association (IMCA),SRC-IMCA-0878,2020-02-13,UNKNOWN,International Marine & Offshore,Marine & Vessel Operations,,UNKNOWN,UNKNOWN,UNKNOWN,None reported / Equipment stoppage or minor disruption.,,False,BRONZE,QUARANTINED
EVT-IMCA-0879,NEAR_MISS,International Marine Contractors Association (IMCA),SRC-IMCA-0879,2020-01-31,UNKNOWN,International Marine & Offshore,General Industrial / Offshore Operations,,UNKNOWN,UNKNOWN,UNKNOWN,None reported / Equipment stoppage or minor disruption.,,False,BRONZE,QUARANTINED
EVT-IMCA-0880,NEAR_MISS,International Marine Contractors Association (IMCA),SRC-IMCA-0880,2020-01-30,UNKNOWN,International Marine & Offshore,General Industrial / Offshore Operations,,UNKNOWN,UNKNOWN,UNKNOWN,No injuries occurred (Near Miss / Potential Consequence only).,None,False,BRONZE,QUARANTINED
EVT-IMCA-0881,INCIDENT,International Marine Contractors Association (IMCA),SRC-IMCA-0881,2020-01-30,UNKNOWN,International Marine & Offshore,General Industrial / Offshore Operations,,UNKNOWN,UNKNOWN,UNKNOWN,None reported / Equipment stoppage or minor disruption.,,False,BRONZE,QUARANTINED
EVT-IMCA-0882,INCIDENT,International Marine Contractors Association (IMCA),SRC-IMCA-0882,2020-01-30,UNKNOWN,International Marine & Offshore,General Industrial / Offshore Operations,,UNKNOWN,UNKNOWN,UNKNOWN,Fatal injury occurred.,Fatal injury,True,BRONZE,QUARANTINED
EVT-IMCA-0883,INCIDENT,International Marine Contractors Association (IMCA),SRC-IMCA-0883,2020-01-30,UNKNOWN,International Marine & Offshore,Marine & Vessel Operations,,UNKNOWN,TRUE,EXPLICIT,Fatal injury occurred.,Fatal injury,True,BRONZE,QUARANTINED
EVT-IMCA-0884,INCIDENT,International Marine Contractors Association (IMCA),SRC-IMCA-0884,2020-01-30,UNKNOWN,International Marine & Offshore,Marine & Vessel Operations,,UNKNOWN,TRUE,EXPLICIT,Fatal injury occurred.,Fatal injury,True,BRONZE,QUARANTINED
EVT-IMCA-0885,INCIDENT,International Marine Contractors Association (IMCA),SRC-IMCA-0885,2020-01-10,UNKNOWN,International Marine & Offshore,General Industrial / Offshore Operations,,UNKNOWN,UNKNOWN,UNKNOWN,None reported / Equipment stoppage or minor disruption.,,False,BRONZE,QUARANTINED
EVT-IMCA-0886,NEAR_MISS,International Marine Contractors Association (IMCA),SRC-IMCA-0886,2020-01-10,UNKNOWN,International Marine & Offshore,General Industrial / Offshore Operations,,UNKNOWN,UNKNOWN,UNKNOWN,None reported / Equipment stoppage or minor disruption.,,False,BRONZE,QUARANTINED
EVT-IMCA-0887,INCIDENT,International Marine Contractors Association (IMCA),SRC-IMCA-0887,2020-01-10,UNKNOWN,International Marine & Offshore,Marine & Vessel Operations,,UNKNOWN,UNKNOWN,UNKNOWN,None reported / Equipment stoppage or minor disruption.,,False,BRONZE,QUARANTINED
EVT-IMCA-0888,NEAR_MISS,International Marine Contractors Association (IMCA),SRC-IMCA-0888,2020-01-10,UNKNOWN,International Marine & Offshore,Marine & Vessel Operations,,UNKNOWN,UNKNOWN,UNKNOWN,None reported / Equipment stoppage or minor disruption.,,False,BRONZE,QUARANTINED
EVT-IMCA-0889,NEAR_MISS,International Marine Contractors Association (IMCA),SRC-IMCA-0889,2020-01-10,UNKNOWN,International Marine & Offshore,Marine & Vessel Operations,,UNKNOWN,UNKNOWN,UNKNOWN,None reported / Equipment stoppage or minor disruption.,,False,BRONZE,QUARANTINED
EVT-IMCA-0890,NEAR_MISS,International Marine Contractors Association (IMCA),SRC-IMCA-0890,2019-12-17,UNKNOWN,International Marine & Offshore,Subsea & Diving Operations,,UNKNOWN,UNKNOWN,UNKNOWN,None reported / Equipment stoppage or minor disruption.,,False,BRONZE,QUARANTINED
EVT-IMCA-0891,NEAR_MISS,International Marine Contractors Association (IMCA),SRC-IMCA-0891,2019-12-17,UNKNOWN,International Marine & Offshore,Marine & Vessel Operations,,UNKNOWN,UNKNOWN,UNKNOWN,None reported / Equipment stoppage or minor disruption.,,False,BRONZE,QUARANTINED
EVT-IMCA-0892,NEAR_MISS,International Marine Contractors Association (IMCA),SRC-IMCA-0892,2019-12-17,UNKNOWN,International Marine & Offshore,Lifting & Rigging Operations,,UNKNOWN,UNKNOWN,UNKNOWN,None reported / Equipment stoppage or minor disruption.,,False,BRONZE,QUARANTINED
EVT-IMCA-0893,INCIDENT,International Marine Contractors Association (IMCA),SRC-IMCA-0893,2019-12-17,UNKNOWN,International Marine & Offshore,General Industrial / Offshore Operations,,UNKNOWN,UNKNOWN,UNKNOWN,None reported / Equipment stoppage or minor disruption.,,False,BRONZE,QUARANTINED
EVT-IMCA-0894,NEAR_MISS,International Marine Contractors Association (IMCA),SRC-IMCA-0894,2019-12-17,UNKNOWN,International Marine & Offshore,General Industrial / Offshore Operations,,UNKNOWN,UNKNOWN,UNKNOWN,None reported / Equipment stoppage or minor disruption.,,False,BRONZE,QUARANTINED
EVT-IMCA-0895,NEAR_MISS,International Marine Contractors Association (IMCA),SRC-IMCA-0895,2019-12-17,UNKNOWN,International Marine & Offshore,Marine & Vessel Operations,,UNKNOWN,UNKNOWN,UNKNOWN,None reported / Equipment stoppage or minor disruption.,,False,BRONZE,QUARANTINED
EVT-IMCA-0896,NEAR_MISS,International Marine Contractors Association (IMCA),SRC-IMCA-0896,2019-12-17,UNKNOWN,International Marine & Offshore,Marine & Vessel Operations,shackle,UNKNOWN,UNKNOWN,UNKNOWN,None reported / Equipment stoppage or minor disruption.,,False,BRONZE,QUARANTINED
EVT-IMCA-0897,NEAR_MISS,International Marine Contractors Association (IMCA),SRC-IMCA-0897,2019-12-06,UNKNOWN,International Marine & Offshore,Marine & Vessel Operations,,UNKNOWN,UNKNOWN,UNKNOWN,None reported / Equipment stoppage or minor disruption.,,False,BRONZE,QUARANTINED
EVT-IMCA-0898,NEAR_MISS,International Marine Contractors Association (IMCA),SRC-IMCA-0898,2019-12-06,Offshore Fixed Platform,International Marine & Offshore,General Industrial / Offshore Operations,hose,UNKNOWN,UNKNOWN,UNKNOWN,None reported / Equipment stoppage or minor disruption.,,False,BRONZE,QUARANTINED
EVT-IMCA-0899,NEAR_MISS,International Marine Contractors Association (IMCA),SRC-IMCA-0899,2019-12-06,UNKNOWN,International Marine & Offshore,Marine & Vessel Operations,,UNKNOWN,UNKNOWN,UNKNOWN,None reported / Equipment stoppage or minor disruption.,,False,BRONZE,QUARANTINED
EVT-IMCA-0900,NEAR_MISS,International Marine Contractors Association (IMCA),SRC-IMCA-0900,2019-12-06,UNKNOWN,International Marine & Offshore,General Industrial / Offshore Operations,,UNKNOWN,UNKNOWN,UNKNOWN,None reported / Equipment stoppage or minor disruption.,,False,BRONZE,QUARANTINED
EVT-IMCA-0901,INCIDENT,International Marine Contractors Association (IMCA),SRC-IMCA-0901,2019-12-06,UNKNOWN,International Marine & Offshore,Hot Work Operations,,UNKNOWN,UNKNOWN,UNKNOWN,None reported / Equipment stoppage or minor disruption.,,False,BRONZE,QUARANTINED
EVT-IMCA-0902,NEAR_MISS,International Marine Contractors Association (IMCA),SRC-IMCA-0902,2019-12-06,UNKNOWN,International Marine & Offshore,General Industrial / Offshore Operations,,UNKNOWN,UNKNOWN,UNKNOWN,None reported / Equipment stoppage or minor disruption.,,False,BRONZE,QUARANTINED
EVT-IMCA-0903,NEAR_MISS,International Marine Contractors Association (IMCA),SRC-IMCA-0903,2019-11-22,UNKNOWN,International Marine & Offshore,Lifting & Rigging Operations,diver umbilical,UNKNOWN,UNKNOWN,UNKNOWN,No injuries occurred (Near Miss / Potential Consequence only).,None,False,BRONZE,QUARANTINED
EVT-IMCA-0904,NEAR_MISS,International Marine Contractors Association (IMCA),SRC-IMCA-0904,2019-11-22,UNKNOWN,International Marine & Offshore,Lifting & Rigging Operations,remotely operated vehicle (ROV),UNKNOWN,UNKNOWN,UNKNOWN,None reported / Equipment stoppage or minor disruption.,,False,BRONZE,QUARANTINED
EVT-IMCA-0905,NEAR_MISS,International Marine Contractors Association (IMCA),SRC-IMCA-0905,2019-11-22,UNKNOWN,International Marine & Offshore,Subsea & Diving Operations,remotely operated vehicle (ROV),UNKNOWN,UNKNOWN,UNKNOWN,None reported / Equipment stoppage or minor disruption.,,False,BRONZE,QUARANTINED
EVT-IMCA-0906,INCIDENT,International Marine Contractors Association (IMCA),SRC-IMCA-0906,2019-11-22,UNKNOWN,International Marine & Offshore,Lifting & Rigging Operations,crane,UNKNOWN,UNKNOWN,UNKNOWN,None reported / Equipment stoppage or minor disruption.,,False,BRONZE,QUARANTINED
EVT-IMCA-0907,INCIDENT,International Marine Contractors Association (IMCA),SRC-IMCA-0907,2019-11-22,UNKNOWN,International Marine & Offshore,Lifting & Rigging Operations,crane,UNKNOWN,UNKNOWN,UNKNOWN,None reported / Equipment stoppage or minor disruption.,,False,BRONZE,QUARANTINED
EVT-IMCA-0908,INCIDENT,International Marine Contractors Association (IMCA),SRC-IMCA-0908,2019-11-22,UNKNOWN,International Marine & Offshore,Marine & Vessel Operations,,UNKNOWN,UNKNOWN,UNKNOWN,None reported / Equipment stoppage or minor disruption.,,False,BRONZE,QUARANTINED
EVT-IMCA-0909,NEAR_MISS,International Marine Contractors Association (IMCA),SRC-IMCA-0909,2019-11-12,UNKNOWN,International Marine & Offshore,Marine & Vessel Operations,,UNKNOWN,UNKNOWN,UNKNOWN,None reported / Equipment stoppage or minor disruption.,,False,BRONZE,QUARANTINED
EVT-IMCA-0910,INCIDENT,International Marine Contractors Association (IMCA),SRC-IMCA-0910,2019-11-12,UNKNOWN,International Marine & Offshore,Marine & Vessel Operations,,THERMAL,TRUE,DERIVED,None reported / Equipment stoppage or minor disruption.,,False,BRONZE,QUARANTINED
EVT-IMCA-0911,NEAR_MISS,International Marine Contractors Association (IMCA),SRC-IMCA-0911,2019-11-12,UNKNOWN,International Marine & Offshore,General Industrial / Offshore Operations,,UNKNOWN,UNKNOWN,UNKNOWN,None reported / Equipment stoppage or minor disruption.,,False,BRONZE,QUARANTINED
EVT-IMCA-0912,NEAR_MISS,International Marine Contractors Association (IMCA),SRC-IMCA-0912,2019-11-12,UNKNOWN,International Marine & Offshore,Marine & Vessel Operations,winch,KINETIC,UNKNOWN,UNKNOWN,None reported / Equipment stoppage or minor disruption.,,False,BRONZE,QUARANTINED
EVT-IMCA-0913,NEAR_MISS,International Marine Contractors Association (IMCA),SRC-IMCA-0913,2019-11-12,UNKNOWN,International Marine & Offshore,Marine & Vessel Operations,,UNKNOWN,UNKNOWN,UNKNOWN,No injuries occurred (Near Miss / Potential Consequence only).,None,False,BRONZE,QUARANTINED
EVT-IMCA-0914,INCIDENT,International Marine Contractors Association (IMCA),SRC-IMCA-0914,2019-10-28,UNKNOWN,International Marine & Offshore,General Industrial / Offshore Operations,,THERMAL,UNKNOWN,UNKNOWN,None reported / Equipment stoppage or minor disruption.,,False,BRONZE,QUARANTINED
EVT-IMCA-0915,INCIDENT,International Marine Contractors Association (IMCA),SRC-IMCA-0915,2019-10-28,UNKNOWN,International Marine & Offshore,Marine & Vessel Operations,,THERMAL,UNKNOWN,UNKNOWN,None reported / Equipment stoppage or minor disruption.,,False,BRONZE,QUARANTINED
EVT-IMCA-0916,INCIDENT,International Marine Contractors Association (IMCA),SRC-IMCA-0916,2019-10-28,UNKNOWN,International Marine & Offshore,General Industrial / Offshore Operations,,THERMAL,UNKNOWN,UNKNOWN,None reported / Equipment stoppage or minor disruption.,,False,BRONZE,QUARANTINED
EVT-IMCA-0917,NEAR_MISS,International Marine Contractors Association (IMCA),SRC-IMCA-0917,2019-10-28,UNKNOWN,International Marine & Offshore,Marine & Vessel Operations,hose,THERMAL,UNKNOWN,UNKNOWN,No injuries occurred (Near Miss / Potential Consequence only).,None,False,BRONZE,QUARANTINED
EVT-IMCA-0918,INCIDENT,International Marine Contractors Association (IMCA),SRC-IMCA-0918,2019-10-28,UNKNOWN,International Marine & Offshore,Hot Work Operations,hose,PRESSURE,UNKNOWN,UNKNOWN,None reported / Equipment stoppage or minor disruption.,,False,BRONZE,QUARANTINED
EVT-IMCA-0919,INCIDENT,International Marine Contractors Association (IMCA),SRC-IMCA-0919,2019-10-22,Barge,International Marine & Offshore,Piping & Pressure Maintenance,,THERMAL,UNKNOWN,UNKNOWN,Fatal injury occurred.,Fatal injury,True,BRONZE,QUARANTINED
EVT-IMCA-0920,INCIDENT,International Marine Contractors Association (IMCA),SRC-IMCA-0920,2019-09-30,UNKNOWN,International Marine & Offshore,General Industrial / Offshore Operations,,THERMAL,UNKNOWN,UNKNOWN,None reported / Equipment stoppage or minor disruption.,,False,BRONZE,QUARANTINED
EVT-IMCA-0921,INCIDENT,International Marine Contractors Association (IMCA),SRC-IMCA-0921,2019-09-30,Offshore Fixed Platform,International Marine & Offshore,General Industrial / Offshore Operations,,PRESSURE,UNKNOWN,UNKNOWN,None reported / Equipment stoppage or minor disruption.,,False,BRONZE,QUARANTINED
EVT-IMCA-0922,INCIDENT,International Marine Contractors Association (IMCA),SRC-IMCA-0922,2019-09-30,Offshore Fixed Platform,International Marine & Offshore,Hot Work Operations,,PRESSURE,UNKNOWN,UNKNOWN,Fatal injury occurred.,Fatal injury,True,BRONZE,QUARANTINED
EVT-IMCA-0923,NEAR_MISS,International Marine Contractors Association (IMCA),SRC-IMCA-0923,2019-09-30,Offshore Fixed Platform,International Marine & Offshore,Subsea & Diving Operations,,PRESSURE,UNKNOWN,UNKNOWN,No injuries occurred (Near Miss / Potential Consequence only).,None,False,BRONZE,QUARANTINED
EVT-IMCA-0924,NEAR_MISS,International Marine Contractors Association (IMCA),SRC-IMCA-0924,2019-09-30,UNKNOWN,International Marine & Offshore,Marine & Vessel Operations,,GRAVITATIONAL,UNKNOWN,UNKNOWN,None reported / Equipment stoppage or minor disruption.,,False,BRONZE,QUARANTINED
EVT-IMCA-0925,NEAR_MISS,International Marine Contractors Association (IMCA),SRC-IMCA-0925,2019-09-17,UNKNOWN,International Marine & Offshore,Lifting & Rigging Operations,crane,UNKNOWN,UNKNOWN,UNKNOWN,None reported / Equipment stoppage or minor disruption.,,False,BRONZE,QUARANTINED
EVT-IMCA-0926,NEAR_MISS,International Marine Contractors Association (IMCA),SRC-IMCA-0926,2019-09-17,UNKNOWN,International Marine & Offshore,General Industrial / Offshore Operations,,GRAVITATIONAL,UNKNOWN,UNKNOWN,None reported / Equipment stoppage or minor disruption.,,False,BRONZE,QUARANTINED
EVT-IMCA-0927,NEAR_MISS,International Marine Contractors Association (IMCA),SRC-IMCA-0927,2019-09-17,UNKNOWN,International Marine & Offshore,General Industrial / Offshore Operations,shackle,UNKNOWN,UNKNOWN,UNKNOWN,No injuries occurred (Near Miss / Potential Consequence only).,None,False,BRONZE,QUARANTINED
EVT-IMCA-0928,INCIDENT,International Marine Contractors Association (IMCA),SRC-IMCA-0928,2019-09-17,UNKNOWN,International Marine & Offshore,Marine & Vessel Operations,,GRAVITATIONAL,TRUE,DERIVED,Fatal injury occurred.,Fatal injury,True,BRONZE,QUARANTINED
EVT-IMCA-0929,INCIDENT,International Marine Contractors Association (IMCA),SRC-IMCA-0929,2019-09-17,UNKNOWN,International Marine & Offshore,Piping & Pressure Maintenance,,THERMAL,TRUE,DERIVED,Minor injury requiring first aid or medical attention.,First aid / minor laceration or contusion,False,BRONZE,QUARANTINED
EVT-IMCA-0930,NEAR_MISS,International Marine Contractors Association (IMCA),SRC-IMCA-0930,2019-09-04,UNKNOWN,International Marine & Offshore,Marine & Vessel Operations,,UNKNOWN,UNKNOWN,UNKNOWN,No injuries occurred (Near Miss / Potential Consequence only).,None,False,BRONZE,QUARANTINED
EVT-IMCA-0931,NEAR_MISS,International Marine Contractors Association (IMCA),SRC-IMCA-0931,2019-09-04,UNKNOWN,International Marine & Offshore,General Industrial / Offshore Operations,,UNKNOWN,UNKNOWN,UNKNOWN,None reported / Equipment stoppage or minor disruption.,,False,BRONZE,QUARANTINED
EVT-IMCA-0932,NEAR_MISS,International Marine Contractors Association (IMCA),SRC-IMCA-0932,2019-09-04,UNKNOWN,International Marine & Offshore,General Industrial / Offshore Operations,,UNKNOWN,UNKNOWN,UNKNOWN,None reported / Equipment stoppage or minor disruption.,,False,BRONZE,QUARANTINED
EVT-IMCA-0933,INCIDENT,International Marine Contractors Association (IMCA),SRC-IMCA-0933,2019-09-04,Offshore Fixed Platform,International Marine & Offshore,General Industrial / Offshore Operations,,UNKNOWN,UNKNOWN,UNKNOWN,Fatal injury occurred.,Fatal injury,True,BRONZE,QUARANTINED
EVT-IMCA-0934,NEAR_MISS,International Marine Contractors Association (IMCA),SRC-IMCA-0934,2019-08-23,UNKNOWN,International Marine & Offshore,Marine & Vessel Operations,,UNKNOWN,UNKNOWN,UNKNOWN,None reported / Equipment stoppage or minor disruption.,,False,BRONZE,QUARANTINED
EVT-IMCA-0935,NEAR_MISS,International Marine Contractors Association (IMCA),SRC-IMCA-0935,2019-08-23,UNKNOWN,International Marine & Offshore,General Industrial / Offshore Operations,,GRAVITATIONAL,UNKNOWN,UNKNOWN,None reported / Equipment stoppage or minor disruption.,,False,BRONZE,QUARANTINED
EVT-IMCA-0936,NEAR_MISS,International Marine Contractors Association (IMCA),SRC-IMCA-0936,2019-08-23,UNKNOWN,International Marine & Offshore,Subsea & Diving Operations,,UNKNOWN,UNKNOWN,UNKNOWN,None reported / Equipment stoppage or minor disruption.,,False,BRONZE,QUARANTINED
EVT-IMCA-0937,NEAR_MISS,International Marine Contractors Association (IMCA),SRC-IMCA-0937,2019-08-23,UNKNOWN,International Marine & Offshore,Subsea & Diving Operations,diver umbilical,UNKNOWN,UNKNOWN,UNKNOWN,No injuries occurred (Near Miss / Potential Consequence only).,None,False,BRONZE,QUARANTINED
EVT-IMCA-0938,NEAR_MISS,International Marine Contractors Association (IMCA),SRC-IMCA-0938,2019-08-23,UNKNOWN,International Marine & Offshore,Marine & Vessel Operations,,UNKNOWN,UNKNOWN,UNKNOWN,None reported / Equipment stoppage or minor disruption.,,False,BRONZE,QUARANTINED
EVT-IMCA-0939,NEAR_MISS,International Marine Contractors Association (IMCA),SRC-IMCA-0939,2019-08-12,UNKNOWN,International Marine & Offshore,General Industrial / Offshore Operations,,THERMAL,UNKNOWN,UNKNOWN,No injuries occurred (Near Miss / Potential Consequence only).,None,False,BRONZE,QUARANTINED
EVT-IMCA-0940,NEAR_MISS,International Marine Contractors Association (IMCA),SRC-IMCA-0940,2019-08-12,UNKNOWN,International Marine & Offshore,General Industrial / Offshore Operations,,THERMAL,UNKNOWN,UNKNOWN,No injuries occurred (Near Miss / Potential Consequence only).,None,False,BRONZE,QUARANTINED
EVT-IMCA-0941,INCIDENT,International Marine Contractors Association (IMCA),SRC-IMCA-0941,2019-08-12,UNKNOWN,International Marine & Offshore,General Industrial / Offshore Operations,,THERMAL,UNKNOWN,UNKNOWN,None reported / Equipment stoppage or minor disruption.,,False,BRONZE,QUARANTINED
EVT-IMCA-0942,NEAR_MISS,International Marine Contractors Association (IMCA),SRC-IMCA-0942,2019-08-12,UNKNOWN,International Marine & Offshore,General Industrial / Offshore Operations,,ELECTRICAL,UNKNOWN,UNKNOWN,None reported / Equipment stoppage or minor disruption.,,False,BRONZE,QUARANTINED
EVT-IMCA-0943,INCIDENT,International Marine Contractors Association (IMCA),SRC-IMCA-0943,2019-08-12,UNKNOWN,International Marine & Offshore,General Industrial / Offshore Operations,,PRESSURE,UNKNOWN,UNKNOWN,None reported / Equipment stoppage or minor disruption.,,False,BRONZE,QUARANTINED
EVT-IMCA-0944,NEAR_MISS,International Marine Contractors Association (IMCA),SRC-IMCA-0944,2019-08-12,UNKNOWN,International Marine & Offshore,General Industrial / Offshore Operations,,UNKNOWN,UNKNOWN,UNKNOWN,None reported / Equipment stoppage or minor disruption.,,False,BRONZE,QUARANTINED
EVT-IMCA-0945,NEAR_MISS,International Marine Contractors Association (IMCA),SRC-IMCA-0945,2019-07-25,UNKNOWN,International Marine & Offshore,General Industrial / Offshore Operations,,UNKNOWN,UNKNOWN,UNKNOWN,None reported / Equipment stoppage or minor disruption.,,False,BRONZE,QUARANTINED
EVT-IMCA-0946,NEAR_MISS,International Marine Contractors Association (IMCA),SRC-IMCA-0946,2019-07-25,UNKNOWN,International Marine & Offshore,Lifting & Rigging Operations,crane,UNKNOWN,UNKNOWN,UNKNOWN,None reported / Equipment stoppage or minor disruption.,,False,BRONZE,QUARANTINED
EVT-IMCA-0947,NEAR_MISS,International Marine Contractors Association (IMCA),SRC-IMCA-0947,2019-07-25,UNKNOWN,International Marine & Offshore,Subsea & Diving Operations,,UNKNOWN,UNKNOWN,UNKNOWN,None reported / Equipment stoppage or minor disruption.,,False,BRONZE,QUARANTINED
EVT-IMCA-0948,NEAR_MISS,International Marine Contractors Association (IMCA),SRC-IMCA-0948,2019-07-25,UNKNOWN,International Marine & Offshore,General Industrial / Offshore Operations,,GRAVITATIONAL,UNKNOWN,UNKNOWN,No injuries occurred (Near Miss / Potential Consequence only).,None,False,BRONZE,QUARANTINED
EVT-IMCA-0949,NEAR_MISS,International Marine Contractors Association (IMCA),SRC-IMCA-0949,2019-07-16,UNKNOWN,International Marine & Offshore,Lifting & Rigging Operations,,GRAVITATIONAL,TRUE,EXPLICIT,No injuries occurred (Near Miss / Potential Consequence only).,None,False,BRONZE,QUARANTINED
EVT-IMCA-0950,NEAR_MISS,International Marine Contractors Association (IMCA),SRC-IMCA-0950,2019-07-16,UNKNOWN,International Marine & Offshore,Lifting & Rigging Operations,,GRAVITATIONAL,UNKNOWN,UNKNOWN,None reported / Equipment stoppage or minor disruption.,,False,BRONZE,QUARANTINED
EVT-IMCA-0951,NEAR_MISS,International Marine Contractors Association (IMCA),SRC-IMCA-0951,2019-07-16,UNKNOWN,International Marine & Offshore,Lifting & Rigging Operations,,GRAVITATIONAL,UNKNOWN,UNKNOWN,No injuries occurred (Near Miss / Potential Consequence only).,None,False,BRONZE,QUARANTINED
EVT-IMCA-0952,NEAR_MISS,International Marine Contractors Association (IMCA),SRC-IMCA-0952,2019-07-16,UNKNOWN,International Marine & Offshore,Drilling & Well Intervention,,GRAVITATIONAL,TRUE,EXPLICIT,No injuries occurred (Near Miss / Potential Consequence only).,None,False,BRONZE,QUARANTINED
EVT-IMCA-0953,NEAR_MISS,International Marine Contractors Association (IMCA),SRC-IMCA-0953,2019-07-16,UNKNOWN,International Marine & Offshore,General Industrial / Offshore Operations,,GRAVITATIONAL,UNKNOWN,UNKNOWN,None reported / Equipment stoppage or minor disruption.,,False,BRONZE,QUARANTINED
EVT-IMCA-0954,NEAR_MISS,International Marine Contractors Association (IMCA),SRC-IMCA-0954,2019-07-16,UNKNOWN,International Marine & Offshore,Piping & Pressure Maintenance,,GRAVITATIONAL,UNKNOWN,UNKNOWN,None reported / Equipment stoppage or minor disruption.,,False,BRONZE,QUARANTINED
EVT-IMCA-0955,INCIDENT,International Marine Contractors Association (IMCA),SRC-IMCA-0955,2019-07-05,UNKNOWN,International Marine & Offshore,General Industrial / Offshore Operations,rotating,KINETIC,TRUE,DERIVED,None reported / Equipment stoppage or minor disruption.,,False,BRONZE,QUARANTINED
EVT-IMCA-0956,NEAR_MISS,International Marine Contractors Association (IMCA),SRC-IMCA-0956,2019-07-05,UNKNOWN,International Marine & Offshore,General Industrial / Offshore Operations,,UNKNOWN,UNKNOWN,UNKNOWN,None reported / Equipment stoppage or minor disruption.,,False,BRONZE,QUARANTINED
EVT-IMCA-0957,INCIDENT,International Marine Contractors Association (IMCA),SRC-IMCA-0957,2019-07-05,UNKNOWN,International Marine & Offshore,Hot Work Operations,,THERMAL,TRUE,DERIVED,Minor injury requiring first aid or medical attention.,First aid / minor laceration or contusion,False,BRONZE,QUARANTINED
EVT-IMCA-0958,INCIDENT,International Marine Contractors Association (IMCA),SRC-IMCA-0958,2019-07-05,UNKNOWN,International Marine & Offshore,General Industrial / Offshore Operations,,UNKNOWN,TRUE,EXPLICIT,Fatal injury occurred.,Fatal injury,True,BRONZE,QUARANTINED
EVT-IMCA-0959,NEAR_MISS,International Marine Contractors Association (IMCA),SRC-IMCA-0959,2019-07-05,UNKNOWN,International Marine & Offshore,General Industrial / Offshore Operations,,UNKNOWN,UNKNOWN,UNKNOWN,None reported / Equipment stoppage or minor disruption.,,False,BRONZE,QUARANTINED
EVT-IMCA-0960,NEAR_MISS,International Marine Contractors Association (IMCA),SRC-IMCA-0960,2019-07-01,UNKNOWN,International Marine & Offshore,Drilling & Well Intervention,,UNKNOWN,UNKNOWN,UNKNOWN,None reported / Equipment stoppage or minor disruption.,,False,BRONZE,QUARANTINED
EVT-IMCA-0961,INCIDENT,International Marine Contractors Association (IMCA),SRC-IMCA-0961,2019-07-01,UNKNOWN,International Marine & Offshore,General Industrial / Offshore Operations,,THERMAL,UNKNOWN,UNKNOWN,None reported / Equipment stoppage or minor disruption.,,False,BRONZE,QUARANTINED
EVT-IMCA-0962,INCIDENT,International Marine Contractors Association (IMCA),SRC-IMCA-0962,2019-07-01,UNKNOWN,International Marine & Offshore,General Industrial / Offshore Operations,,THERMAL,UNKNOWN,UNKNOWN,None reported / Equipment stoppage or minor disruption.,,False,BRONZE,QUARANTINED
EVT-IMCA-0963,NEAR_MISS,International Marine Contractors Association (IMCA),SRC-IMCA-0963,2019-07-01,UNKNOWN,International Marine & Offshore,General Industrial / Offshore Operations,,UNKNOWN,UNKNOWN,UNKNOWN,No injuries occurred (Near Miss / Potential Consequence only).,None,False,BRONZE,QUARANTINED
EVT-IMCA-0964,NEAR_MISS,International Marine Contractors Association (IMCA),SRC-IMCA-0964,2019-07-01,UNKNOWN,International Marine & Offshore,General Industrial / Offshore Operations,,UNKNOWN,UNKNOWN,UNKNOWN,None reported / Equipment stoppage or minor disruption.,,False,BRONZE,QUARANTINED
EVT-IMCA-0965,NEAR_MISS,International Marine Contractors Association (IMCA),SRC-IMCA-0965,2019-06-18,UNKNOWN,International Marine & Offshore,General Industrial / Offshore Operations,,UNKNOWN,TRUE,EXPLICIT,No injuries occurred (Near Miss / Potential Consequence only).,None,False,BRONZE,QUARANTINED
EVT-IMCA-0966,NEAR_MISS,International Marine Contractors Association (IMCA),SRC-IMCA-0966,2019-06-18,UNKNOWN,International Marine & Offshore,General Industrial / Offshore Operations,,UNKNOWN,UNKNOWN,UNKNOWN,None reported / Equipment stoppage or minor disruption.,,False,BRONZE,QUARANTINED
EVT-IMCA-0967,NEAR_MISS,International Marine Contractors Association (IMCA),SRC-IMCA-0967,2019-06-18,UNKNOWN,International Marine & Offshore,General Industrial / Offshore Operations,,UNKNOWN,UNKNOWN,UNKNOWN,None reported / Equipment stoppage or minor disruption.,,False,BRONZE,QUARANTINED
EVT-IMCA-0968,INCIDENT,International Marine Contractors Association (IMCA),SRC-IMCA-0968,2019-06-18,UNKNOWN,International Marine & Offshore,General Industrial / Offshore Operations,falling object,GRAVITATIONAL,TRUE,DERIVED,Fatal injury occurred.,Fatal injury,True,BRONZE,QUARANTINED
EVT-IMCA-0969,NEAR_MISS,International Marine Contractors Association (IMCA),SRC-IMCA-0969,2019-06-04,UNKNOWN,International Marine & Offshore,General Industrial / Offshore Operations,,ELECTRICAL,UNKNOWN,UNKNOWN,None reported / Equipment stoppage or minor disruption.,,False,BRONZE,QUARANTINED
EVT-IMCA-0970,NEAR_MISS,International Marine Contractors Association (IMCA),SRC-IMCA-0970,2019-06-04,UNKNOWN,International Marine & Offshore,General Industrial / Offshore Operations,,UNKNOWN,UNKNOWN,UNKNOWN,None reported / Equipment stoppage or minor disruption.,,False,BRONZE,QUARANTINED
EVT-IMCA-0971,INCIDENT,International Marine Contractors Association (IMCA),SRC-IMCA-0971,2019-06-04,UNKNOWN,International Marine & Offshore,General Industrial / Offshore Operations,,UNKNOWN,UNKNOWN,UNKNOWN,None reported / Equipment stoppage or minor disruption.,,False,BRONZE,QUARANTINED
EVT-IMCA-0972,NEAR_MISS,International Marine Contractors Association (IMCA),SRC-IMCA-0972,2019-06-04,UNKNOWN,International Marine & Offshore,General Industrial / Offshore Operations,,UNKNOWN,UNKNOWN,UNKNOWN,None reported / Equipment stoppage or minor disruption.,,False,BRONZE,QUARANTINED
EVT-IMCA-0973,NEAR_MISS,International Marine Contractors Association (IMCA),SRC-IMCA-0973,2019-05-28,UNKNOWN,International Marine & Offshore,General Industrial / Offshore Operations,,PRESSURE,UNKNOWN,UNKNOWN,None reported / Equipment stoppage or minor disruption.,,False,BRONZE,QUARANTINED
EVT-IMCA-0974,NEAR_MISS,International Marine Contractors Association (IMCA),SRC-IMCA-0974,2019-05-28,UNKNOWN,International Marine & Offshore,General Industrial / Offshore Operations,,UNKNOWN,UNKNOWN,UNKNOWN,None reported / Equipment stoppage or minor disruption.,,False,BRONZE,QUARANTINED
EVT-IMCA-0975,NEAR_MISS,International Marine Contractors Association (IMCA),SRC-IMCA-0975,2019-05-28,UNKNOWN,International Marine & Offshore,Marine & Vessel Operations,,UNKNOWN,UNKNOWN,UNKNOWN,None reported / Equipment stoppage or minor disruption.,,False,BRONZE,QUARANTINED
EVT-IMCA-0976,NEAR_MISS,International Marine Contractors Association (IMCA),SRC-IMCA-0976,2019-05-28,UNKNOWN,International Marine & Offshore,General Industrial / Offshore Operations,,GRAVITATIONAL,UNKNOWN,UNKNOWN,None reported / Equipment stoppage or minor disruption.,,False,BRONZE,QUARANTINED
EVT-IMCA-0977,NEAR_MISS,International Marine Contractors Association (IMCA),SRC-IMCA-0977,2019-05-28,UNKNOWN,International Marine & Offshore,General Industrial / Offshore Operations,,UNKNOWN,TRUE,EXPLICIT,No injuries occurred (Near Miss / Potential Consequence only).,None,False,BRONZE,QUARANTINED
EVT-IMCA-0978,NEAR_MISS,International Marine Contractors Association (IMCA),SRC-IMCA-0978,2019-05-28,UNKNOWN,International Marine & Offshore,General Industrial / Offshore Operations,,UNKNOWN,UNKNOWN,UNKNOWN,None reported / Equipment stoppage or minor disruption.,,False,BRONZE,QUARANTINED
EVT-IMCA-0979,INCIDENT,International Marine Contractors Association (IMCA),SRC-IMCA-0979,2019-05-17,Barge,International Marine & Offshore,Piping & Pressure Maintenance,,THERMAL,TRUE,EXPLICIT,Fatal injury occurred.,Fatal injury,True,BRONZE,QUARANTINED
EVT-IMCA-0980,INCIDENT,International Marine Contractors Association (IMCA),SRC-IMCA-0980,2019-05-13,UNKNOWN,International Marine & Offshore,Lifting & Rigging Operations,,UNKNOWN,TRUE,EXPLICIT,Fatal injury occurred.,Fatal injury,True,BRONZE,QUARANTINED
EVT-IMCA-0981,NEAR_MISS,International Marine Contractors Association (IMCA),SRC-IMCA-0981,2019-05-13,UNKNOWN,International Marine & Offshore,General Industrial / Offshore Operations,,UNKNOWN,UNKNOWN,UNKNOWN,None reported / Equipment stoppage or minor disruption.,,False,BRONZE,QUARANTINED
EVT-IMCA-0982,NEAR_MISS,International Marine Contractors Association (IMCA),SRC-IMCA-0982,2019-05-13,UNKNOWN,International Marine & Offshore,Subsea & Diving Operations,,GRAVITATIONAL,UNKNOWN,UNKNOWN,None reported / Equipment stoppage or minor disruption.,,False,BRONZE,QUARANTINED
EVT-IMCA-0983,NEAR_MISS,International Marine Contractors Association (IMCA),SRC-IMCA-0983,2019-05-13,UNKNOWN,International Marine & Offshore,Subsea & Diving Operations,,THERMAL,UNKNOWN,UNKNOWN,No injuries occurred (Near Miss / Potential Consequence only).,None,False,BRONZE,QUARANTINED
EVT-IMCA-0984,INCIDENT,International Marine Contractors Association (IMCA),SRC-IMCA-0984,2019-05-03,UNKNOWN,International Marine & Offshore,General Industrial / Offshore Operations,,THERMAL,TRUE,DERIVED,Lost time / serious personal injury sustained.,Fracture / Lost time injury,False,BRONZE,QUARANTINED
EVT-IMCA-0985,INCIDENT,International Marine Contractors Association (IMCA),SRC-IMCA-0985,2019-05-03,UNKNOWN,International Marine & Offshore,General Industrial / Offshore Operations,,UNKNOWN,UNKNOWN,UNKNOWN,None reported / Equipment stoppage or minor disruption.,,False,BRONZE,QUARANTINED
EVT-IMCA-0986,NEAR_MISS,International Marine Contractors Association (IMCA),SRC-IMCA-0986,2019-05-03,UNKNOWN,International Marine & Offshore,Marine & Vessel Operations,,UNKNOWN,UNKNOWN,UNKNOWN,None reported / Equipment stoppage or minor disruption.,,False,BRONZE,QUARANTINED
EVT-IMCA-0987,UA,International Marine Contractors Association (IMCA),SRC-IMCA-0987,2019-05-03,UNKNOWN,International Marine & Offshore,General Industrial / Offshore Operations,,UNKNOWN,UNKNOWN,UNKNOWN,None reported / Equipment stoppage or minor disruption.,,False,BRONZE,QUARANTINED
EVT-IMCA-0988,NEAR_MISS,International Marine Contractors Association (IMCA),SRC-IMCA-0988,2019-04-25,UNKNOWN,International Marine & Offshore,General Industrial / Offshore Operations,,UNKNOWN,UNKNOWN,UNKNOWN,None reported / Equipment stoppage or minor disruption.,,False,BRONZE,QUARANTINED
EVT-IMCA-0989,INCIDENT,International Marine Contractors Association (IMCA),SRC-IMCA-0989,2019-04-25,UNKNOWN,International Marine & Offshore,General Industrial / Offshore Operations,,UNKNOWN,UNKNOWN,UNKNOWN,None reported / Equipment stoppage or minor disruption.,,False,BRONZE,QUARANTINED
EVT-IMCA-0990,INCIDENT,International Marine Contractors Association (IMCA),SRC-IMCA-0990,2019-04-25,UNKNOWN,International Marine & Offshore,General Industrial / Offshore Operations,,PRESSURE,UNKNOWN,UNKNOWN,None reported / Equipment stoppage or minor disruption.,,False,BRONZE,QUARANTINED
EVT-IMCA-0991,INCIDENT,International Marine Contractors Association (IMCA),SRC-IMCA-0991,2019-04-25,UNKNOWN,International Marine & Offshore,General Industrial / Offshore Operations,,THERMAL,UNKNOWN,UNKNOWN,None reported / Equipment stoppage or minor disruption.,,False,BRONZE,QUARANTINED
EVT-IMCA-0992,NEAR_MISS,International Marine Contractors Association (IMCA),SRC-IMCA-0992,2019-04-25,UNKNOWN,International Marine & Offshore,Subsea & Diving Operations,,PRESSURE,UNKNOWN,UNKNOWN,None reported / Equipment stoppage or minor disruption.,,False,BRONZE,QUARANTINED
EVT-IMCA-0993,NEAR_MISS,International Marine Contractors Association (IMCA),SRC-IMCA-0993,2019-04-18,UNKNOWN,International Marine & Offshore,General Industrial / Offshore Operations,,UNKNOWN,UNKNOWN,UNKNOWN,None reported / Equipment stoppage or minor disruption.,,False,BRONZE,QUARANTINED
EVT-IMCA-0994,NEAR_MISS,International Marine Contractors Association (IMCA),SRC-IMCA-0994,2019-04-18,UNKNOWN,International Marine & Offshore,General Industrial / Offshore Operations,,UNKNOWN,UNKNOWN,UNKNOWN,None reported / Equipment stoppage or minor disruption.,,False,BRONZE,QUARANTINED
EVT-IMCA-0995,NEAR_MISS,International Marine Contractors Association (IMCA),SRC-IMCA-0995,2019-04-18,UNKNOWN,International Marine & Offshore,General Industrial / Offshore Operations,,UNKNOWN,UNKNOWN,UNKNOWN,No injuries occurred (Near Miss / Potential Consequence only).,None,False,BRONZE,QUARANTINED
EVT-IMCA-0996,NEAR_MISS,International Marine Contractors Association (IMCA),SRC-IMCA-0996,2019-04-18,UNKNOWN,International Marine & Offshore,General Industrial / Offshore Operations,,UNKNOWN,UNKNOWN,UNKNOWN,None reported / Equipment stoppage or minor disruption.,,False,BRONZE,QUARANTINED
EVT-IMCA-0997,NEAR_MISS,International Marine Contractors Association (IMCA),SRC-IMCA-0997,2019-04-18,Barge,International Marine & Offshore,Marine & Vessel Operations,,UNKNOWN,UNKNOWN,UNKNOWN,None reported / Equipment stoppage or minor disruption.,,False,BRONZE,QUARANTINED
EVT-IMCA-0998,NEAR_MISS,International Marine Contractors Association (IMCA),SRC-IMCA-0998,2019-04-05,UNKNOWN,International Marine & Offshore,General Industrial / Offshore Operations,,UNKNOWN,UNKNOWN,UNKNOWN,None reported / Equipment stoppage or minor disruption.,,False,BRONZE,QUARANTINED
EVT-IMCA-0999,NEAR_MISS,International Marine Contractors Association (IMCA),SRC-IMCA-0999,2019-04-05,UNKNOWN,International Marine & Offshore,Lifting & Rigging Operations,crane,UNKNOWN,UNKNOWN,UNKNOWN,No injuries occurred (Near Miss / Potential Consequence only).,None,False,BRONZE,QUARANTINED
EVT-IMCA-1000,INCIDENT,International Marine Contractors Association (IMCA),SRC-IMCA-1000,2019-04-05,UNKNOWN,International Marine & Offshore,General Industrial / Offshore Operations,,UNKNOWN,UNKNOWN,UNKNOWN,None reported / Equipment stoppage or minor disruption.,,False,BRONZE,QUARANTINED
EVT-IMCA-1001,INCIDENT,International Marine Contractors Association (IMCA),SRC-IMCA-1001,2019-04-05,UNKNOWN,International Marine & Offshore,General Industrial / Offshore Operations,,UNKNOWN,UNKNOWN,UNKNOWN,None reported / Equipment stoppage or minor disruption.,,False,BRONZE,QUARANTINED
EVT-IMCA-1002,INCIDENT,International Marine Contractors Association (IMCA),SRC-IMCA-1002,2019-04-05,UNKNOWN,International Marine & Offshore,General Industrial / Offshore Operations,,UNKNOWN,UNKNOWN,UNKNOWN,None reported / Equipment stoppage or minor disruption.,,False,BRONZE,QUARANTINED
EVT-IMCA-1003,NEAR_MISS,International Marine Contractors Association (IMCA),SRC-IMCA-1003,2019-03-20,UNKNOWN,International Marine & Offshore,Marine & Vessel Operations,,UNKNOWN,TRUE,EXPLICIT,No injuries occurred (Near Miss / Potential Consequence only).,None,False,BRONZE,QUARANTINED
EVT-IMCA-1004,NEAR_MISS,International Marine Contractors Association (IMCA),SRC-IMCA-1004,2019-03-20,UNKNOWN,International Marine & Offshore,General Industrial / Offshore Operations,,UNKNOWN,UNKNOWN,UNKNOWN,No injuries occurred (Near Miss / Potential Consequence only).,None,False,BRONZE,QUARANTINED
EVT-IMCA-1005,NEAR_MISS,International Marine Contractors Association (IMCA),SRC-IMCA-1005,2019-03-20,UNKNOWN,International Marine & Offshore,Subsea & Diving Operations,,UNKNOWN,UNKNOWN,UNKNOWN,No injuries occurred (Near Miss / Potential Consequence only).,None,False,BRONZE,QUARANTINED
EVT-IMCA-1006,NEAR_MISS,International Marine Contractors Association (IMCA),SRC-IMCA-1006,2019-03-20,UNKNOWN,International Marine & Offshore,General Industrial / Offshore Operations,winch,KINETIC,UNKNOWN,UNKNOWN,No injuries occurred (Near Miss / Potential Consequence only).,None,False,BRONZE,QUARANTINED
EVT-IMCA-1007,NEAR_MISS,International Marine Contractors Association (IMCA),SRC-IMCA-1007,2019-03-12,UNKNOWN,International Marine & Offshore,General Industrial / Offshore Operations,,UNKNOWN,UNKNOWN,UNKNOWN,None reported / Equipment stoppage or minor disruption.,,False,BRONZE,QUARANTINED
EVT-IMCA-1008,NEAR_MISS,International Marine Contractors Association (IMCA),SRC-IMCA-1008,2019-03-12,UNKNOWN,International Marine & Offshore,General Industrial / Offshore Operations,,THERMAL,UNKNOWN,UNKNOWN,No injuries occurred (Near Miss / Potential Consequence only).,None,False,BRONZE,QUARANTINED
EVT-IMCA-1009,INCIDENT,International Marine Contractors Association (IMCA),SRC-IMCA-1009,2019-03-12,UNKNOWN,International Marine & Offshore,General Industrial / Offshore Operations,,THERMAL,UNKNOWN,UNKNOWN,None reported / Equipment stoppage or minor disruption.,,False,BRONZE,QUARANTINED
EVT-IMCA-1010,INCIDENT,International Marine Contractors Association (IMCA),SRC-IMCA-1010,2019-03-12,UNKNOWN,International Marine & Offshore,General Industrial / Offshore Operations,,THERMAL,UNKNOWN,UNKNOWN,None reported / Equipment stoppage or minor disruption.,,False,BRONZE,QUARANTINED
EVT-IMCA-1011,NEAR_MISS,International Marine Contractors Association (IMCA),SRC-IMCA-1011,2019-02-27,UNKNOWN,International Marine & Offshore,Subsea & Diving Operations,,UNKNOWN,UNKNOWN,UNKNOWN,None reported / Equipment stoppage or minor disruption.,,False,BRONZE,QUARANTINED
EVT-IMCA-1012,UC,International Marine Contractors Association (IMCA),SRC-IMCA-1012,2019-02-27,Barge,International Marine & Offshore,General Industrial / Offshore Operations,,UNKNOWN,UNKNOWN,UNKNOWN,None reported / Equipment stoppage or minor disruption.,,False,BRONZE,QUARANTINED
EVT-IMCA-1013,INCIDENT,International Marine Contractors Association (IMCA),SRC-IMCA-1013,2019-02-27,UNKNOWN,International Marine & Offshore,General Industrial / Offshore Operations,,UNKNOWN,UNKNOWN,UNKNOWN,None reported / Equipment stoppage or minor disruption.,,False,BRONZE,QUARANTINED
EVT-IMCA-1014,INCIDENT,International Marine Contractors Association (IMCA),SRC-IMCA-1014,2019-02-27,UNKNOWN,International Marine & Offshore,Subsea & Diving Operations,remotely operated vehicle (ROV),THERMAL,UNKNOWN,UNKNOWN,None reported / Equipment stoppage or minor disruption.,,False,BRONZE,QUARANTINED
EVT-IMCA-1015,INCIDENT,International Marine Contractors Association (IMCA),SRC-IMCA-1015,2019-02-13,UNKNOWN,International Marine & Offshore,General Industrial / Offshore Operations,rotating,KINETIC,TRUE,DERIVED,None reported / Equipment stoppage or minor disruption.,,False,BRONZE,QUARANTINED
EVT-IMCA-1016,INCIDENT,International Marine Contractors Association (IMCA),SRC-IMCA-1016,2019-02-13,UNKNOWN,International Marine & Offshore,General Industrial / Offshore Operations,,GRAVITATIONAL,TRUE,DERIVED,None reported / Equipment stoppage or minor disruption.,,False,BRONZE,QUARANTINED
EVT-IMCA-1017,NEAR_MISS,International Marine Contractors Association (IMCA),SRC-IMCA-1017,2019-02-13,UNKNOWN,International Marine & Offshore,General Industrial / Offshore Operations,,UNKNOWN,UNKNOWN,UNKNOWN,None reported / Equipment stoppage or minor disruption.,,False,BRONZE,QUARANTINED
EVT-IMCA-1018,NEAR_MISS,International Marine Contractors Association (IMCA),SRC-IMCA-1018,2019-02-13,UNKNOWN,International Marine & Offshore,Lifting & Rigging Operations,,GRAVITATIONAL,TRUE,EXPLICIT,No injuries occurred (Near Miss / Potential Consequence only).,None,False,BRONZE,QUARANTINED
EVT-IMCA-1019,NEAR_MISS,International Marine Contractors Association (IMCA),SRC-IMCA-1019,2019-02-13,UNKNOWN,International Marine & Offshore,General Industrial / Offshore Operations,,GRAVITATIONAL,TRUE,EXPLICIT,No injuries occurred (Near Miss / Potential Consequence only).,None,False,BRONZE,QUARANTINED
EVT-IMCA-1020,NEAR_MISS,International Marine Contractors Association (IMCA),SRC-IMCA-1020,2019-01-28,UNKNOWN,International Marine & Offshore,General Industrial / Offshore Operations,,UNKNOWN,UNKNOWN,UNKNOWN,None reported / Equipment stoppage or minor disruption.,,False,BRONZE,QUARANTINED
EVT-IMCA-1021,INCIDENT,International Marine Contractors Association (IMCA),SRC-IMCA-1021,2019-01-28,UNKNOWN,International Marine & Offshore,Marine & Vessel Operations,,UNKNOWN,TRUE,EXPLICIT,Fatal injury occurred.,Fatal injury,True,BRONZE,QUARANTINED
EVT-IMCA-1022,NEAR_MISS,International Marine Contractors Association (IMCA),SRC-IMCA-1022,2019-01-28,UNKNOWN,International Marine & Offshore,General Industrial / Offshore Operations,pump,UNKNOWN,TRUE,EXPLICIT,Fatal injury occurred.,Fatal injury,True,BRONZE,QUARANTINED
EVT-IMCA-1023,NEAR_MISS,International Marine Contractors Association (IMCA),SRC-IMCA-1023,2019-01-28,UNKNOWN,International Marine & Offshore,Drilling & Well Intervention,,UNKNOWN,UNKNOWN,UNKNOWN,None reported / Equipment stoppage or minor disruption.,,False,BRONZE,QUARANTINED
EVT-IMCA-1024,NEAR_MISS,International Marine Contractors Association (IMCA),SRC-IMCA-1024,2018-12-21,UNKNOWN,International Marine & Offshore,Subsea & Diving Operations,remotely operated vehicle (ROV),UNKNOWN,UNKNOWN,UNKNOWN,None reported / Equipment stoppage or minor disruption.,,False,BRONZE,QUARANTINED
EVT-IMCA-1025,INCIDENT,International Marine Contractors Association (IMCA),SRC-IMCA-1025,2018-12-21,UNKNOWN,International Marine & Offshore,General Industrial / Offshore Operations,,THERMAL,UNKNOWN,UNKNOWN,None reported / Equipment stoppage or minor disruption.,,False,BRONZE,QUARANTINED
EVT-IMCA-1026,NEAR_MISS,International Marine Contractors Association (IMCA),SRC-IMCA-1026,2018-12-21,UNKNOWN,International Marine & Offshore,General Industrial / Offshore Operations,,UNKNOWN,TRUE,EXPLICIT,No injuries occurred (Near Miss / Potential Consequence only).,None,False,BRONZE,QUARANTINED
EVT-IMCA-1027,NEAR_MISS,International Marine Contractors Association (IMCA),SRC-IMCA-1027,2018-12-21,UNKNOWN,International Marine & Offshore,General Industrial / Offshore Operations,,UNKNOWN,UNKNOWN,UNKNOWN,None reported / Equipment stoppage or minor disruption.,,False,BRONZE,QUARANTINED
EVT-IMCA-1028,INCIDENT,International Marine Contractors Association (IMCA),SRC-IMCA-1028,2018-12-21,UNKNOWN,International Marine & Offshore,Lifting & Rigging Operations,,UNKNOWN,TRUE,EXPLICIT,Fatal injury occurred.,Fatal injury,True,BRONZE,QUARANTINED
EVT-IMCA-1029,NEAR_MISS,International Marine Contractors Association (IMCA),SRC-IMCA-1029,2018-12-21,UNKNOWN,International Marine & Offshore,General Industrial / Offshore Operations,,GRAVITATIONAL,UNKNOWN,UNKNOWN,No injuries occurred (Near Miss / Potential Consequence only).,None,False,BRONZE,QUARANTINED
EVT-IMCA-1030,INCIDENT,International Marine Contractors Association (IMCA),SRC-IMCA-1030,2018-12-18,UNKNOWN,International Marine & Offshore,General Industrial / Offshore Operations,,THERMAL,TRUE,DERIVED,None reported / Equipment stoppage or minor disruption.,,False,BRONZE,QUARANTINED
EVT-IMCA-1031,NEAR_MISS,International Marine Contractors Association (IMCA),SRC-IMCA-1031,2018-12-18,UNKNOWN,International Marine & Offshore,General Industrial / Offshore Operations,rotating,KINETIC,UNKNOWN,UNKNOWN,None reported / Equipment stoppage or minor disruption.,,False,BRONZE,QUARANTINED
EVT-IMCA-1032,NEAR_MISS,International Marine Contractors Association (IMCA),SRC-IMCA-1032,2018-12-18,UNKNOWN,International Marine & Offshore,General Industrial / Offshore Operations,,UNKNOWN,UNKNOWN,UNKNOWN,None reported / Equipment stoppage or minor disruption.,,False,BRONZE,QUARANTINED
EVT-IMCA-1033,NEAR_MISS,International Marine Contractors Association (IMCA),SRC-IMCA-1033,2018-12-18,UNKNOWN,International Marine & Offshore,Marine & Vessel Operations,,UNKNOWN,UNKNOWN,UNKNOWN,None reported / Equipment stoppage or minor disruption.,,False,BRONZE,QUARANTINED
EVT-IMCA-1034,INCIDENT,International Marine Contractors Association (IMCA),SRC-IMCA-1034,2018-12-18,UNKNOWN,International Marine & Offshore,General Industrial / Offshore Operations,,UNKNOWN,UNKNOWN,UNKNOWN,None reported / Equipment stoppage or minor disruption.,,False,BRONZE,QUARANTINED
EVT-IMCA-1035,NEAR_MISS,International Marine Contractors Association (IMCA),SRC-IMCA-1035,2018-12-14,UNKNOWN,International Marine & Offshore,General Industrial / Offshore Operations,,GRAVITATIONAL,TRUE,EXPLICIT,No injuries occurred (Near Miss / Potential Consequence only).,None,False,BRONZE,QUARANTINED
EVT-IMCA-1036,NEAR_MISS,International Marine Contractors Association (IMCA),SRC-IMCA-1036,2018-12-14,UNKNOWN,International Marine & Offshore,General Industrial / Offshore Operations,,UNKNOWN,UNKNOWN,UNKNOWN,None reported / Equipment stoppage or minor disruption.,,False,BRONZE,QUARANTINED
EVT-IMCA-1037,NEAR_MISS,International Marine Contractors Association (IMCA),SRC-IMCA-1037,2018-12-14,UNKNOWN,International Marine & Offshore,General Industrial / Offshore Operations,,UNKNOWN,TRUE,EXPLICIT,No injuries occurred (Near Miss / Potential Consequence only).,None,False,BRONZE,QUARANTINED
EVT-IMCA-1038,NEAR_MISS,International Marine Contractors Association (IMCA),SRC-IMCA-1038,2018-12-14,UNKNOWN,International Marine & Offshore,Lifting & Rigging Operations,crane,UNKNOWN,UNKNOWN,UNKNOWN,None reported / Equipment stoppage or minor disruption.,,False,BRONZE,QUARANTINED
EVT-IMCA-1039,NEAR_MISS,International Marine Contractors Association (IMCA),SRC-IMCA-1039,2018-12-14,UNKNOWN,International Marine & Offshore,Piping & Pressure Maintenance,,UNKNOWN,UNKNOWN,UNKNOWN,Minor injury requiring first aid or medical attention.,First aid / minor laceration or contusion,False,BRONZE,QUARANTINED
EVT-IMCA-1040,NEAR_MISS,International Marine Contractors Association (IMCA),SRC-IMCA-1040,2018-12-03,UNKNOWN,International Marine & Offshore,General Industrial / Offshore Operations,,UNKNOWN,UNKNOWN,UNKNOWN,None reported / Equipment stoppage or minor disruption.,,False,BRONZE,QUARANTINED
EVT-IMCA-1041,NEAR_MISS,International Marine Contractors Association (IMCA),SRC-IMCA-1041,2018-12-03,UNKNOWN,International Marine & Offshore,General Industrial / Offshore Operations,,UNKNOWN,UNKNOWN,UNKNOWN,None reported / Equipment stoppage or minor disruption.,,False,BRONZE,QUARANTINED
EVT-IMCA-1042,NEAR_MISS,International Marine Contractors Association (IMCA),SRC-IMCA-1042,2018-12-03,UNKNOWN,International Marine & Offshore,Lifting & Rigging Operations,,GRAVITATIONAL,TRUE,EXPLICIT,None reported / Equipment stoppage or minor disruption.,,False,BRONZE,QUARANTINED
EVT-IMCA-1043,NEAR_MISS,International Marine Contractors Association (IMCA),SRC-IMCA-1043,2018-12-03,UNKNOWN,International Marine & Offshore,General Industrial / Offshore Operations,,GRAVITATIONAL,TRUE,EXPLICIT,No injuries occurred (Near Miss / Potential Consequence only).,None,False,BRONZE,QUARANTINED
EVT-IMCA-1044,INCIDENT,International Marine Contractors Association (IMCA),SRC-IMCA-1044,2018-11-09,UNKNOWN,International Marine & Offshore,Subsea & Diving Operations,,UNKNOWN,UNKNOWN,UNKNOWN,None reported / Equipment stoppage or minor disruption.,,False,BRONZE,QUARANTINED
EVT-IMCA-1045,NEAR_MISS,International Marine Contractors Association (IMCA),SRC-IMCA-1045,2018-11-09,UNKNOWN,International Marine & Offshore,General Industrial / Offshore Operations,,UNKNOWN,UNKNOWN,UNKNOWN,No injuries occurred (Near Miss / Potential Consequence only).,None,False,BRONZE,QUARANTINED
EVT-IMCA-1046,INCIDENT,International Marine Contractors Association (IMCA),SRC-IMCA-1046,2018-11-09,UNKNOWN,International Marine & Offshore,Lifting & Rigging Operations,,UNKNOWN,UNKNOWN,UNKNOWN,None reported / Equipment stoppage or minor disruption.,,False,BRONZE,QUARANTINED
EVT-IMCA-1047,INCIDENT,International Marine Contractors Association (IMCA),SRC-IMCA-1047,2018-11-09,UNKNOWN,International Marine & Offshore,General Industrial / Offshore Operations,,UNKNOWN,UNKNOWN,UNKNOWN,None reported / Equipment stoppage or minor disruption.,,False,BRONZE,QUARANTINED
EVT-IMCA-1048,NEAR_MISS,International Marine Contractors Association (IMCA),SRC-IMCA-1048,2018-10-30,UNKNOWN,International Marine & Offshore,General Industrial / Offshore Operations,,ELECTRICAL,UNKNOWN,UNKNOWN,None reported / Equipment stoppage or minor disruption.,,False,BRONZE,QUARANTINED
EVT-IMCA-1049,NEAR_MISS,International Marine Contractors Association (IMCA),SRC-IMCA-1049,2018-10-30,UNKNOWN,International Marine & Offshore,General Industrial / Offshore Operations,,UNKNOWN,UNKNOWN,UNKNOWN,None reported / Equipment stoppage or minor disruption.,,False,BRONZE,QUARANTINED
EVT-IMCA-1050,NEAR_MISS,International Marine Contractors Association (IMCA),SRC-IMCA-1050,2018-10-30,UNKNOWN,International Marine & Offshore,Lifting & Rigging Operations,,GRAVITATIONAL,TRUE,EXPLICIT,None reported / Equipment stoppage or minor disruption.,,False,BRONZE,QUARANTINED
EVT-IMCA-1051,NEAR_MISS,International Marine Contractors Association (IMCA),SRC-IMCA-1051,2018-10-30,UNKNOWN,International Marine & Offshore,General Industrial / Offshore Operations,,UNKNOWN,UNKNOWN,UNKNOWN,None reported / Equipment stoppage or minor disruption.,,False,BRONZE,QUARANTINED
EVT-IMCA-1052,NEAR_MISS,International Marine Contractors Association (IMCA),SRC-IMCA-1052,2018-10-30,UNKNOWN,International Marine & Offshore,General Industrial / Offshore Operations,,UNKNOWN,UNKNOWN,UNKNOWN,None reported / Equipment stoppage or minor disruption.,,False,BRONZE,QUARANTINED
EVT-IMCA-1053,NEAR_MISS,International Marine Contractors Association (IMCA),SRC-IMCA-1053,2018-10-30,UNKNOWN,International Marine & Offshore,General Industrial / Offshore Operations,,UNKNOWN,UNKNOWN,UNKNOWN,None reported / Equipment stoppage or minor disruption.,,False,BRONZE,QUARANTINED
EVT-IMCA-1054,NEAR_MISS,International Marine Contractors Association (IMCA),SRC-IMCA-1054,2018-10-02,UNKNOWN,International Marine & Offshore,General Industrial / Offshore Operations,,UNKNOWN,UNKNOWN,UNKNOWN,None reported / Equipment stoppage or minor disruption.,,False,BRONZE,QUARANTINED
EVT-IMCA-1055,NEAR_MISS,International Marine Contractors Association (IMCA),SRC-IMCA-1055,2018-10-02,UNKNOWN,International Marine & Offshore,Marine & Vessel Operations,,UNKNOWN,UNKNOWN,UNKNOWN,None reported / Equipment stoppage or minor disruption.,,False,BRONZE,QUARANTINED
EVT-IMCA-1056,NEAR_MISS,International Marine Contractors Association (IMCA),SRC-IMCA-1056,2018-10-02,UNKNOWN,International Marine & Offshore,Hot Work Operations,,UNKNOWN,UNKNOWN,UNKNOWN,Minor injury requiring first aid or medical attention.,First aid / minor laceration or contusion,False,BRONZE,QUARANTINED
EVT-IMCA-1057,NEAR_MISS,International Marine Contractors Association (IMCA),SRC-IMCA-1057,2018-10-02,UNKNOWN,International Marine & Offshore,Lifting & Rigging Operations,lift / elevator,UNKNOWN,UNKNOWN,UNKNOWN,None reported / Equipment stoppage or minor disruption.,,False,BRONZE,QUARANTINED
EVT-IMCA-1058,NEAR_MISS,International Marine Contractors Association (IMCA),SRC-IMCA-1058,2018-09-25,UNKNOWN,International Marine & Offshore,Marine & Vessel Operations,,UNKNOWN,UNKNOWN,UNKNOWN,None reported / Equipment stoppage or minor disruption.,,False,BRONZE,QUARANTINED
EVT-IMCA-1059,NEAR_MISS,International Marine Contractors Association (IMCA),SRC-IMCA-1059,2018-09-25,UNKNOWN,International Marine & Offshore,Marine & Vessel Operations,,THERMAL,TRUE,EXPLICIT,No injuries occurred (Near Miss / Potential Consequence only).,None,False,BRONZE,QUARANTINED
EVT-IMCA-1060,INCIDENT,International Marine Contractors Association (IMCA),SRC-IMCA-1060,2018-09-25,UNKNOWN,International Marine & Offshore,General Industrial / Offshore Operations,,UNKNOWN,UNKNOWN,UNKNOWN,Lost time / serious personal injury sustained.,Fracture / Lost time injury,False,BRONZE,QUARANTINED
EVT-IMCA-1061,INCIDENT,International Marine Contractors Association (IMCA),SRC-IMCA-1061,2018-09-25,UNKNOWN,International Marine & Offshore,General Industrial / Offshore Operations,rotating,KINETIC,TRUE,DERIVED,None reported / Equipment stoppage or minor disruption.,,False,BRONZE,QUARANTINED
EVT-IMCA-1062,INCIDENT,International Marine Contractors Association (IMCA),SRC-IMCA-1062,2018-09-25,UNKNOWN,International Marine & Offshore,Marine & Vessel Operations,,UNKNOWN,UNKNOWN,UNKNOWN,Fatal injury occurred.,Fatal injury,True,BRONZE,QUARANTINED
EVT-IMCA-1063,INCIDENT,International Marine Contractors Association (IMCA),SRC-IMCA-1063,2018-09-25,UNKNOWN,International Marine & Offshore,General Industrial / Offshore Operations,,UNKNOWN,UNKNOWN,UNKNOWN,None reported / Equipment stoppage or minor disruption.,,False,BRONZE,QUARANTINED
EVT-IMCA-1064,NEAR_MISS,International Marine Contractors Association (IMCA),SRC-IMCA-1064,2018-09-17,UNKNOWN,International Marine & Offshore,General Industrial / Offshore Operations,,UNKNOWN,UNKNOWN,UNKNOWN,None reported / Equipment stoppage or minor disruption.,,False,BRONZE,QUARANTINED
EVT-IMCA-1065,NEAR_MISS,International Marine Contractors Association (IMCA),SRC-IMCA-1065,2018-09-17,UNKNOWN,International Marine & Offshore,General Industrial / Offshore Operations,,UNKNOWN,UNKNOWN,UNKNOWN,None reported / Equipment stoppage or minor disruption.,,False,BRONZE,QUARANTINED
EVT-IMCA-1066,INCIDENT,International Marine Contractors Association (IMCA),SRC-IMCA-1066,2018-09-17,UNKNOWN,International Marine & Offshore,Marine & Vessel Operations,,UNKNOWN,UNKNOWN,UNKNOWN,None reported / Equipment stoppage or minor disruption.,,False,BRONZE,QUARANTINED
EVT-IMCA-1067,NEAR_MISS,International Marine Contractors Association (IMCA),SRC-IMCA-1067,2018-09-17,UNKNOWN,International Marine & Offshore,General Industrial / Offshore Operations,,UNKNOWN,UNKNOWN,UNKNOWN,None reported / Equipment stoppage or minor disruption.,,False,BRONZE,QUARANTINED
EVT-IMCA-1068,NEAR_MISS,International Marine Contractors Association (IMCA),SRC-IMCA-1068,2018-09-17,UNKNOWN,International Marine & Offshore,General Industrial / Offshore Operations,,UNKNOWN,UNKNOWN,UNKNOWN,None reported / Equipment stoppage or minor disruption.,,False,BRONZE,QUARANTINED
EVT-IMCA-1069,NEAR_MISS,International Marine Contractors Association (IMCA),SRC-IMCA-1069,2018-09-10,UNKNOWN,International Marine & Offshore,General Industrial / Offshore Operations,,GRAVITATIONAL,TRUE,EXPLICIT,None reported / Equipment stoppage or minor disruption.,,False,BRONZE,QUARANTINED
EVT-IMCA-1070,INCIDENT,International Marine Contractors Association (IMCA),SRC-IMCA-1070,2018-09-10,UNKNOWN,International Marine & Offshore,Piping & Pressure Maintenance,,GRAVITATIONAL,TRUE,DERIVED,Fatal injury occurred.,Fatal injury,True,BRONZE,QUARANTINED
EVT-IMCA-1071,NEAR_MISS,International Marine Contractors Association (IMCA),SRC-IMCA-1071,2018-09-10,UNKNOWN,International Marine & Offshore,Lifting & Rigging Operations,crane,GRAVITATIONAL,UNKNOWN,UNKNOWN,None reported / Equipment stoppage or minor disruption.,,False,BRONZE,QUARANTINED
EVT-IMCA-1072,NEAR_MISS,International Marine Contractors Association (IMCA),SRC-IMCA-1072,2018-09-10,UNKNOWN,International Marine & Offshore,General Industrial / Offshore Operations,,GRAVITATIONAL,UNKNOWN,UNKNOWN,No injuries occurred (Near Miss / Potential Consequence only).,None,False,BRONZE,QUARANTINED
EVT-IMCA-1073,INCIDENT,International Marine Contractors Association (IMCA),SRC-IMCA-1073,2018-09-10,UNKNOWN,International Marine & Offshore,Subsea & Diving Operations,remotely operated vehicle (ROV),GRAVITATIONAL,TRUE,DERIVED,Minor injury requiring first aid or medical attention.,First aid / minor laceration or contusion,False,BRONZE,QUARANTINED
EVT-IMCA-1074,NEAR_MISS,International Marine Contractors Association (IMCA),SRC-IMCA-1074,2018-09-10,UNKNOWN,International Marine & Offshore,General Industrial / Offshore Operations,,GRAVITATIONAL,UNKNOWN,UNKNOWN,None reported / Equipment stoppage or minor disruption.,,False,BRONZE,QUARANTINED
EVT-IMCA-1075,INCIDENT,International Marine Contractors Association (IMCA),SRC-IMCA-1075,2018-09-03,UNKNOWN,International Marine & Offshore,Lifting & Rigging Operations,,UNKNOWN,TRUE,EXPLICIT,Fatal injury occurred.,Fatal injury,True,BRONZE,QUARANTINED
EVT-IMCA-1076,INCIDENT,International Marine Contractors Association (IMCA),SRC-IMCA-1076,2018-09-03,UNKNOWN,International Marine & Offshore,Subsea & Diving Operations,,UNKNOWN,UNKNOWN,UNKNOWN,Fatal injury occurred.,Fatal injury,True,BRONZE,QUARANTINED
EVT-IMCA-1077,INCIDENT,International Marine Contractors Association (IMCA),SRC-IMCA-1077,2018-08-23,UNKNOWN,International Marine & Offshore,General Industrial / Offshore Operations,,THERMAL,UNKNOWN,UNKNOWN,None reported / Equipment stoppage or minor disruption.,,False,BRONZE,QUARANTINED
EVT-IMCA-1078,NEAR_MISS,International Marine Contractors Association (IMCA),SRC-IMCA-1078,2018-08-23,UNKNOWN,International Marine & Offshore,General Industrial / Offshore Operations,,UNKNOWN,UNKNOWN,UNKNOWN,None reported / Equipment stoppage or minor disruption.,,False,BRONZE,QUARANTINED
EVT-IMCA-1079,NEAR_MISS,International Marine Contractors Association (IMCA),SRC-IMCA-1079,2018-08-23,UNKNOWN,International Marine & Offshore,Piping & Pressure Maintenance,,UNKNOWN,TRUE,EXPLICIT,No injuries occurred (Near Miss / Potential Consequence only).,None,False,BRONZE,QUARANTINED
EVT-IMCA-1080,NEAR_MISS,International Marine Contractors Association (IMCA),SRC-IMCA-1080,2018-08-23,UNKNOWN,International Marine & Offshore,General Industrial / Offshore Operations,hose,UNKNOWN,UNKNOWN,UNKNOWN,No injuries occurred (Near Miss / Potential Consequence only).,None,False,BRONZE,QUARANTINED
EVT-IMCA-1081,NEAR_MISS,International Marine Contractors Association (IMCA),SRC-IMCA-1081,2018-08-23,UNKNOWN,International Marine & Offshore,General Industrial / Offshore Operations,gas cylinder / bailout cylinder,PRESSURE,FALSE,DERIVED,None reported / Equipment stoppage or minor disruption.,,False,BRONZE,QUARANTINED
EVT-IMCA-1082,INCIDENT,International Marine Contractors Association (IMCA),SRC-IMCA-1082,2018-08-23,UNKNOWN,International Marine & Offshore,General Industrial / Offshore Operations,,UNKNOWN,UNKNOWN,UNKNOWN,None reported / Equipment stoppage or minor disruption.,,False,BRONZE,QUARANTINED
EVT-IMCA-1083,NEAR_MISS,International Marine Contractors Association (IMCA),SRC-IMCA-1083,2018-08-03,Offshore Fixed Platform,International Marine & Offshore,General Industrial / Offshore Operations,,UNKNOWN,UNKNOWN,UNKNOWN,None reported / Equipment stoppage or minor disruption.,,False,BRONZE,QUARANTINED
EVT-IMCA-1084,NEAR_MISS,International Marine Contractors Association (IMCA),SRC-IMCA-1084,2018-08-03,UNKNOWN,International Marine & Offshore,Lifting & Rigging Operations,lifting sling,UNKNOWN,UNKNOWN,UNKNOWN,None reported / Equipment stoppage or minor disruption.,,False,BRONZE,QUARANTINED
EVT-IMCA-1085,NEAR_MISS,International Marine Contractors Association (IMCA),SRC-IMCA-1085,2018-08-03,UNKNOWN,International Marine & Offshore,Subsea & Diving Operations,,UNKNOWN,UNKNOWN,UNKNOWN,No injuries occurred (Near Miss / Potential Consequence only).,None,False,BRONZE,QUARANTINED
EVT-IMCA-1086,NEAR_MISS,International Marine Contractors Association (IMCA),SRC-IMCA-1086,2018-08-03,UNKNOWN,International Marine & Offshore,General Industrial / Offshore Operations,,UNKNOWN,TRUE,EXPLICIT,No injuries occurred (Near Miss / Potential Consequence only).,None,False,BRONZE,QUARANTINED
EVT-IMCA-1087,NEAR_MISS,International Marine Contractors Association (IMCA),SRC-IMCA-1087,2018-08-02,UNKNOWN,International Marine & Offshore,Subsea & Diving Operations,diver umbilical,PRESSURE,UNKNOWN,UNKNOWN,No injuries occurred (Near Miss / Potential Consequence only).,None,False,BRONZE,QUARANTINED
EVT-IMCA-1088,INCIDENT,International Marine Contractors Association (IMCA),SRC-IMCA-1088,2018-07-27,UNKNOWN,International Marine & Offshore,General Industrial / Offshore Operations,,UNKNOWN,UNKNOWN,UNKNOWN,Lost time / serious personal injury sustained.,Fracture / Lost time injury,False,BRONZE,QUARANTINED
EVT-IMCA-1089,INCIDENT,International Marine Contractors Association (IMCA),SRC-IMCA-1089,2018-07-27,UNKNOWN,International Marine & Offshore,General Industrial / Offshore Operations,,UNKNOWN,UNKNOWN,UNKNOWN,None reported / Equipment stoppage or minor disruption.,,False,BRONZE,QUARANTINED
EVT-IMCA-1090,INCIDENT,International Marine Contractors Association (IMCA),SRC-IMCA-1090,2018-07-27,UNKNOWN,International Marine & Offshore,General Industrial / Offshore Operations,,UNKNOWN,UNKNOWN,UNKNOWN,None reported / Equipment stoppage or minor disruption.,,False,BRONZE,QUARANTINED
EVT-IMCA-1091,NEAR_MISS,International Marine Contractors Association (IMCA),SRC-IMCA-1091,2018-07-27,UNKNOWN,International Marine & Offshore,General Industrial / Offshore Operations,,UNKNOWN,UNKNOWN,UNKNOWN,None reported / Equipment stoppage or minor disruption.,,False,BRONZE,QUARANTINED
EVT-IMCA-1092,NEAR_MISS,International Marine Contractors Association (IMCA),SRC-IMCA-1092,2018-07-20,UNKNOWN,International Marine & Offshore,Marine & Vessel Operations,,UNKNOWN,UNKNOWN,UNKNOWN,None reported / Equipment stoppage or minor disruption.,,False,BRONZE,QUARANTINED
EVT-IMCA-1093,NEAR_MISS,International Marine Contractors Association (IMCA),SRC-IMCA-1093,2018-07-20,UNKNOWN,International Marine & Offshore,General Industrial / Offshore Operations,,ELECTRICAL,UNKNOWN,UNKNOWN,None reported / Equipment stoppage or minor disruption.,,False,BRONZE,QUARANTINED
EVT-IMCA-1094,NEAR_MISS,International Marine Contractors Association (IMCA),SRC-IMCA-1094,2018-07-20,UNKNOWN,International Marine & Offshore,Marine & Vessel Operations,,UNKNOWN,UNKNOWN,UNKNOWN,None reported / Equipment stoppage or minor disruption.,,False,BRONZE,QUARANTINED
EVT-IMCA-1095,INCIDENT,International Marine Contractors Association (IMCA),SRC-IMCA-1095,2018-07-20,UNKNOWN,International Marine & Offshore,General Industrial / Offshore Operations,,THERMAL,UNKNOWN,UNKNOWN,None reported / Equipment stoppage or minor disruption.,,False,BRONZE,QUARANTINED
EVT-IMCA-1096,INCIDENT,International Marine Contractors Association (IMCA),SRC-IMCA-1096,2018-07-20,UNKNOWN,International Marine & Offshore,Subsea & Diving Operations,,UNKNOWN,UNKNOWN,UNKNOWN,None reported / Equipment stoppage or minor disruption.,,False,BRONZE,QUARANTINED
EVT-IMCA-1097,NEAR_MISS,International Marine Contractors Association (IMCA),SRC-IMCA-1097,2018-07-20,UNKNOWN,International Marine & Offshore,General Industrial / Offshore Operations,,UNKNOWN,UNKNOWN,UNKNOWN,None reported / Equipment stoppage or minor disruption.,,False,BRONZE,QUARANTINED
EVT-IMCA-1098,NEAR_MISS,International Marine Contractors Association (IMCA),SRC-IMCA-1098,2018-07-09,UNKNOWN,International Marine & Offshore,General Industrial / Offshore Operations,,UNKNOWN,UNKNOWN,UNKNOWN,None reported / Equipment stoppage or minor disruption.,,False,BRONZE,QUARANTINED
EVT-IMCA-1099,INCIDENT,International Marine Contractors Association (IMCA),SRC-IMCA-1099,2018-07-09,UNKNOWN,International Marine & Offshore,General Industrial / Offshore Operations,,THERMAL,TRUE,DERIVED,None reported / Equipment stoppage or minor disruption.,,False,BRONZE,QUARANTINED
EVT-IMCA-1100,INCIDENT,International Marine Contractors Association (IMCA),SRC-IMCA-1100,2018-07-09,UNKNOWN,International Marine & Offshore,General Industrial / Offshore Operations,,THERMAL,UNKNOWN,UNKNOWN,None reported / Equipment stoppage or minor disruption.,,False,BRONZE,QUARANTINED
EVT-IMCA-1101,NEAR_MISS,International Marine Contractors Association (IMCA),SRC-IMCA-1101,2018-07-09,UNKNOWN,International Marine & Offshore,Marine & Vessel Operations,gas cylinder / bailout cylinder,UNKNOWN,UNKNOWN,UNKNOWN,None reported / Equipment stoppage or minor disruption.,,False,BRONZE,QUARANTINED
EVT-IMCA-1102,NEAR_MISS,International Marine Contractors Association (IMCA),SRC-IMCA-1102,2018-07-09,UNKNOWN,International Marine & Offshore,General Industrial / Offshore Operations,pyrotechnic,THERMAL,UNKNOWN,UNKNOWN,None reported / Equipment stoppage or minor disruption.,,False,BRONZE,QUARANTINED
EVT-IMCA-1103,NEAR_MISS,International Marine Contractors Association (IMCA),SRC-IMCA-1103,2018-07-09,UNKNOWN,International Marine & Offshore,General Industrial / Offshore Operations,,UNKNOWN,UNKNOWN,UNKNOWN,None reported / Equipment stoppage or minor disruption.,,False,BRONZE,QUARANTINED
EVT-IMCA-1104,INCIDENT,International Marine Contractors Association (IMCA),SRC-IMCA-1104,2018-06-22,UNKNOWN,International Marine & Offshore,General Industrial / Offshore Operations,,UNKNOWN,UNKNOWN,UNKNOWN,Lost time / serious personal injury sustained.,Fracture / Lost time injury,False,BRONZE,QUARANTINED
EVT-IMCA-1105,NEAR_MISS,International Marine Contractors Association (IMCA),SRC-IMCA-1105,2018-06-22,UNKNOWN,International Marine & Offshore,Hot Work Operations,hose,UNKNOWN,UNKNOWN,UNKNOWN,Minor injury requiring first aid or medical attention.,First aid / minor laceration or contusion,False,BRONZE,QUARANTINED
EVT-IMCA-1106,NEAR_MISS,International Marine Contractors Association (IMCA),SRC-IMCA-1106,2018-06-22,UNKNOWN,International Marine & Offshore,General Industrial / Offshore Operations,,GRAVITATIONAL,UNKNOWN,UNKNOWN,No injuries occurred (Near Miss / Potential Consequence only).,None,False,BRONZE,QUARANTINED
EVT-IMCA-1107,NEAR_MISS,International Marine Contractors Association (IMCA),SRC-IMCA-1107,2018-06-22,UNKNOWN,International Marine & Offshore,General Industrial / Offshore Operations,,UNKNOWN,UNKNOWN,UNKNOWN,No injuries occurred (Near Miss / Potential Consequence only).,None,False,BRONZE,QUARANTINED
EVT-IMCA-1108,NEAR_MISS,International Marine Contractors Association (IMCA),SRC-IMCA-1108,2018-06-14,UNKNOWN,International Marine & Offshore,General Industrial / Offshore Operations,,UNKNOWN,UNKNOWN,UNKNOWN,None reported / Equipment stoppage or minor disruption.,,False,BRONZE,QUARANTINED
EVT-IMCA-1109,NEAR_MISS,International Marine Contractors Association (IMCA),SRC-IMCA-1109,2018-06-14,UNKNOWN,International Marine & Offshore,General Industrial / Offshore Operations,,UNKNOWN,UNKNOWN,UNKNOWN,None reported / Equipment stoppage or minor disruption.,,False,BRONZE,QUARANTINED
EVT-IMCA-1110,NEAR_MISS,International Marine Contractors Association (IMCA),SRC-IMCA-1110,2018-06-14,UNKNOWN,International Marine & Offshore,Subsea & Diving Operations,diver umbilical,UNKNOWN,UNKNOWN,UNKNOWN,None reported / Equipment stoppage or minor disruption.,,False,BRONZE,QUARANTINED
EVT-IMCA-1111,NEAR_MISS,International Marine Contractors Association (IMCA),SRC-IMCA-1111,2018-06-14,UNKNOWN,International Marine & Offshore,General Industrial / Offshore Operations,,UNKNOWN,UNKNOWN,UNKNOWN,None reported / Equipment stoppage or minor disruption.,,False,BRONZE,QUARANTINED
EVT-IMCA-1112,NEAR_MISS,International Marine Contractors Association (IMCA),SRC-IMCA-1112,2018-06-14,UNKNOWN,International Marine & Offshore,General Industrial / Offshore Operations,,UNKNOWN,UNKNOWN,UNKNOWN,None reported / Equipment stoppage or minor disruption.,,False,BRONZE,QUARANTINED
EVT-IMCA-1113,NEAR_MISS,International Marine Contractors Association (IMCA),SRC-IMCA-1113,2018-06-14,UNKNOWN,International Marine & Offshore,Hot Work Operations,,UNKNOWN,UNKNOWN,UNKNOWN,Minor injury requiring first aid or medical attention.,First aid / minor laceration or contusion,False,BRONZE,QUARANTINED
EVT-IMCA-1114,NEAR_MISS,International Marine Contractors Association (IMCA),SRC-IMCA-1114,2018-06-04,UNKNOWN,International Marine & Offshore,General Industrial / Offshore Operations,,UNKNOWN,UNKNOWN,UNKNOWN,None reported / Equipment stoppage or minor disruption.,,False,BRONZE,QUARANTINED
EVT-IMCA-1115,NEAR_MISS,International Marine Contractors Association (IMCA),SRC-IMCA-1115,2018-06-04,UNKNOWN,International Marine & Offshore,Lifting & Rigging Operations,crane,UNKNOWN,TRUE,EXPLICIT,No injuries occurred (Near Miss / Potential Consequence only).,None,False,BRONZE,QUARANTINED
EVT-IMCA-1116,NEAR_MISS,International Marine Contractors Association (IMCA),SRC-IMCA-1116,2018-06-04,UNKNOWN,International Marine & Offshore,General Industrial / Offshore Operations,,GRAVITATIONAL,UNKNOWN,UNKNOWN,No injuries occurred (Near Miss / Potential Consequence only).,None,False,BRONZE,QUARANTINED
EVT-IMCA-1117,NEAR_MISS,International Marine Contractors Association (IMCA),SRC-IMCA-1117,2018-06-04,UNKNOWN,International Marine & Offshore,Marine & Vessel Operations,,GRAVITATIONAL,UNKNOWN,UNKNOWN,None reported / Equipment stoppage or minor disruption.,,False,BRONZE,QUARANTINED
EVT-IMCA-1118,INCIDENT,International Marine Contractors Association (IMCA),SRC-IMCA-1118,2018-05-09,UNKNOWN,International Marine & Offshore,Hot Work Operations,burst,PRESSURE,UNKNOWN,UNKNOWN,None reported / Equipment stoppage or minor disruption.,,False,BRONZE,QUARANTINED
EVT-IMCA-1119,INCIDENT,International Marine Contractors Association (IMCA),SRC-IMCA-1119,2018-05-09,UNKNOWN,International Marine & Offshore,General Industrial / Offshore Operations,,UNKNOWN,UNKNOWN,UNKNOWN,None reported / Equipment stoppage or minor disruption.,,False,BRONZE,QUARANTINED
EVT-IMCA-1120,NEAR_MISS,International Marine Contractors Association (IMCA),SRC-IMCA-1120,2018-05-09,UNKNOWN,International Marine & Offshore,Marine & Vessel Operations,,UNKNOWN,UNKNOWN,UNKNOWN,None reported / Equipment stoppage or minor disruption.,,False,BRONZE,QUARANTINED
EVT-IMCA-1121,NEAR_MISS,International Marine Contractors Association (IMCA),SRC-IMCA-1121,2018-05-09,UNKNOWN,International Marine & Offshore,Marine & Vessel Operations,,UNKNOWN,UNKNOWN,UNKNOWN,None reported / Equipment stoppage or minor disruption.,,False,BRONZE,QUARANTINED
EVT-IMCA-1122,UC,International Marine Contractors Association (IMCA),SRC-IMCA-1122,2018-05-09,UNKNOWN,International Marine & Offshore,General Industrial / Offshore Operations,,UNKNOWN,UNKNOWN,UNKNOWN,None reported / Equipment stoppage or minor disruption.,,False,BRONZE,QUARANTINED
EVT-IMCA-1123,NEAR_MISS,International Marine Contractors Association (IMCA),SRC-IMCA-1123,2018-04-24,UNKNOWN,International Marine & Offshore,General Industrial / Offshore Operations,,GRAVITATIONAL,UNKNOWN,UNKNOWN,None reported / Equipment stoppage or minor disruption.,,False,BRONZE,QUARANTINED
EVT-IMCA-1124,NEAR_MISS,International Marine Contractors Association (IMCA),SRC-IMCA-1124,2018-04-24,UNKNOWN,International Marine & Offshore,Lifting & Rigging Operations,crane,UNKNOWN,UNKNOWN,UNKNOWN,None reported / Equipment stoppage or minor disruption.,,False,BRONZE,QUARANTINED
EVT-IMCA-1125,NEAR_MISS,International Marine Contractors Association (IMCA),SRC-IMCA-1125,2018-04-24,UNKNOWN,International Marine & Offshore,Lifting & Rigging Operations,crane,UNKNOWN,UNKNOWN,UNKNOWN,None reported / Equipment stoppage or minor disruption.,,False,BRONZE,QUARANTINED
EVT-IMCA-1126,NEAR_MISS,International Marine Contractors Association (IMCA),SRC-IMCA-1126,2018-04-24,UNKNOWN,International Marine & Offshore,General Industrial / Offshore Operations,,GRAVITATIONAL,UNKNOWN,UNKNOWN,None reported / Equipment stoppage or minor disruption.,,False,BRONZE,QUARANTINED
EVT-IMCA-1127,NEAR_MISS,International Marine Contractors Association (IMCA),SRC-IMCA-1127,2018-04-24,UNKNOWN,International Marine & Offshore,General Industrial / Offshore Operations,,UNKNOWN,UNKNOWN,UNKNOWN,None reported / Equipment stoppage or minor disruption.,,False,BRONZE,QUARANTINED
EVT-IMCA-1128,NEAR_MISS,International Marine Contractors Association (IMCA),SRC-IMCA-1128,2018-04-11,UNKNOWN,International Marine & Offshore,Subsea & Diving Operations,diver umbilical,UNKNOWN,UNKNOWN,UNKNOWN,No injuries occurred (Near Miss / Potential Consequence only).,None,False,BRONZE,QUARANTINED
EVT-IMCA-1129,NEAR_MISS,International Marine Contractors Association (IMCA),SRC-IMCA-1129,2018-04-11,UNKNOWN,International Marine & Offshore,General Industrial / Offshore Operations,,UNKNOWN,UNKNOWN,UNKNOWN,None reported / Equipment stoppage or minor disruption.,,False,BRONZE,QUARANTINED
EVT-IMCA-1130,NEAR_MISS,International Marine Contractors Association (IMCA),SRC-IMCA-1130,2018-04-11,UNKNOWN,International Marine & Offshore,Marine & Vessel Operations,,UNKNOWN,UNKNOWN,UNKNOWN,None reported / Equipment stoppage or minor disruption.,,False,BRONZE,QUARANTINED
EVT-IMCA-1131,NEAR_MISS,International Marine Contractors Association (IMCA),SRC-IMCA-1131,2018-04-11,UNKNOWN,International Marine & Offshore,General Industrial / Offshore Operations,,UNKNOWN,UNKNOWN,UNKNOWN,None reported / Equipment stoppage or minor disruption.,,False,BRONZE,QUARANTINED
EVT-IMCA-1132,INCIDENT,International Marine Contractors Association (IMCA),SRC-IMCA-1132,2018-04-11,UNKNOWN,International Marine & Offshore,General Industrial / Offshore Operations,,THERMAL,TRUE,DERIVED,None reported / Equipment stoppage or minor disruption.,,False,BRONZE,QUARANTINED
EVT-IMCA-1133,NEAR_MISS,International Marine Contractors Association (IMCA),SRC-IMCA-1133,2018-03-22,UNKNOWN,International Marine & Offshore,General Industrial / Offshore Operations,,UNKNOWN,UNKNOWN,UNKNOWN,None reported / Equipment stoppage or minor disruption.,,False,BRONZE,QUARANTINED
EVT-IMCA-1134,NEAR_MISS,International Marine Contractors Association (IMCA),SRC-IMCA-1134,2018-03-22,UNKNOWN,International Marine & Offshore,Hot Work Operations,,UNKNOWN,UNKNOWN,UNKNOWN,Minor injury requiring first aid or medical attention.,First aid / minor laceration or contusion,False,BRONZE,QUARANTINED
EVT-IMCA-1135,INCIDENT,International Marine Contractors Association (IMCA),SRC-IMCA-1135,2018-03-19,UNKNOWN,International Marine & Offshore,Marine & Vessel Operations,,THERMAL,UNKNOWN,UNKNOWN,None reported / Equipment stoppage or minor disruption.,,False,BRONZE,QUARANTINED
EVT-IMCA-1136,INCIDENT,International Marine Contractors Association (IMCA),SRC-IMCA-1136,2018-03-19,UNKNOWN,International Marine & Offshore,General Industrial / Offshore Operations,,UNKNOWN,UNKNOWN,UNKNOWN,None reported / Equipment stoppage or minor disruption.,,False,BRONZE,QUARANTINED
EVT-IMCA-1137,NEAR_MISS,International Marine Contractors Association (IMCA),SRC-IMCA-1137,2018-03-19,UNKNOWN,International Marine & Offshore,General Industrial / Offshore Operations,,UNKNOWN,UNKNOWN,UNKNOWN,None reported / Equipment stoppage or minor disruption.,,False,BRONZE,QUARANTINED
EVT-IMCA-1138,NEAR_MISS,International Marine Contractors Association (IMCA),SRC-IMCA-1138,2018-03-19,Offshore Fixed Platform,International Marine & Offshore,Marine & Vessel Operations,,UNKNOWN,UNKNOWN,UNKNOWN,None reported / Equipment stoppage or minor disruption.,,False,BRONZE,QUARANTINED
EVT-IMCA-1139,NEAR_MISS,International Marine Contractors Association (IMCA),SRC-IMCA-1139,2018-03-19,UNKNOWN,International Marine & Offshore,General Industrial / Offshore Operations,,UNKNOWN,UNKNOWN,UNKNOWN,None reported / Equipment stoppage or minor disruption.,,False,BRONZE,QUARANTINED
EVT-IMCA-1140,INCIDENT,International Marine Contractors Association (IMCA),SRC-IMCA-1140,2018-03-19,UNKNOWN,International Marine & Offshore,General Industrial / Offshore Operations,,THERMAL,UNKNOWN,UNKNOWN,None reported / Equipment stoppage or minor disruption.,,False,BRONZE,QUARANTINED
EVT-IMCA-1141,INCIDENT,International Marine Contractors Association (IMCA),SRC-IMCA-1141,2018-03-02,UNKNOWN,International Marine & Offshore,General Industrial / Offshore Operations,,UNKNOWN,TRUE,EXPLICIT,Fatal injury occurred.,Fatal injury,True,BRONZE,QUARANTINED
EVT-IMCA-1142,NEAR_MISS,International Marine Contractors Association (IMCA),SRC-IMCA-1142,2018-03-02,UNKNOWN,International Marine & Offshore,Lifting & Rigging Operations,,UNKNOWN,UNKNOWN,UNKNOWN,None reported / Equipment stoppage or minor disruption.,,False,BRONZE,QUARANTINED
EVT-IMCA-1143,INCIDENT,International Marine Contractors Association (IMCA),SRC-IMCA-1143,2018-03-02,Offshore Fixed Platform,International Marine & Offshore,Lifting & Rigging Operations,vehicle,KINETIC,TRUE,DERIVED,Fatal injury occurred.,Fatal injury,True,BRONZE,QUARANTINED
EVT-IMCA-1144,INCIDENT,International Marine Contractors Association (IMCA),SRC-IMCA-1144,2018-03-02,UNKNOWN,International Marine & Offshore,General Industrial / Offshore Operations,,UNKNOWN,UNKNOWN,UNKNOWN,None reported / Equipment stoppage or minor disruption.,,False,BRONZE,QUARANTINED
EVT-IMCA-1145,NEAR_MISS,International Marine Contractors Association (IMCA),SRC-IMCA-1145,2018-02-20,UNKNOWN,International Marine & Offshore,General Industrial / Offshore Operations,,GRAVITATIONAL,UNKNOWN,UNKNOWN,No injuries occurred (Near Miss / Potential Consequence only).,None,False,BRONZE,QUARANTINED
EVT-IMCA-1146,NEAR_MISS,International Marine Contractors Association (IMCA),SRC-IMCA-1146,2018-02-20,UNKNOWN,International Marine & Offshore,General Industrial / Offshore Operations,,GRAVITATIONAL,UNKNOWN,UNKNOWN,None reported / Equipment stoppage or minor disruption.,,False,BRONZE,QUARANTINED
EVT-IMCA-1147,NEAR_MISS,International Marine Contractors Association (IMCA),SRC-IMCA-1147,2018-02-20,UNKNOWN,International Marine & Offshore,General Industrial / Offshore Operations,,GRAVITATIONAL,TRUE,EXPLICIT,No injuries occurred (Near Miss / Potential Consequence only).,None,False,BRONZE,QUARANTINED
EVT-IMCA-1148,NEAR_MISS,International Marine Contractors Association (IMCA),SRC-IMCA-1148,2018-02-20,UNKNOWN,International Marine & Offshore,General Industrial / Offshore Operations,,GRAVITATIONAL,TRUE,EXPLICIT,None reported / Equipment stoppage or minor disruption.,,False,BRONZE,QUARANTINED
EVT-IMCA-1149,NEAR_MISS,International Marine Contractors Association (IMCA),SRC-IMCA-1149,2018-02-20,UNKNOWN,International Marine & Offshore,General Industrial / Offshore Operations,,GRAVITATIONAL,UNKNOWN,UNKNOWN,None reported / Equipment stoppage or minor disruption.,,False,BRONZE,QUARANTINED
EVT-IMCA-1150,NEAR_MISS,International Marine Contractors Association (IMCA),SRC-IMCA-1150,2018-01-31,UNKNOWN,International Marine & Offshore,Marine & Vessel Operations,,UNKNOWN,UNKNOWN,UNKNOWN,None reported / Equipment stoppage or minor disruption.,,False,BRONZE,QUARANTINED
EVT-IMCA-1151,INCIDENT,International Marine Contractors Association (IMCA),SRC-IMCA-1151,2018-01-31,UNKNOWN,International Marine & Offshore,Lifting & Rigging Operations,,UNKNOWN,UNKNOWN,UNKNOWN,None reported / Equipment stoppage or minor disruption.,,False,BRONZE,QUARANTINED
EVT-IMCA-1152,INCIDENT,International Marine Contractors Association (IMCA),SRC-IMCA-1152,2018-01-31,UNKNOWN,International Marine & Offshore,General Industrial / Offshore Operations,fast rescue craft (FRC),UNKNOWN,UNKNOWN,UNKNOWN,None reported / Equipment stoppage or minor disruption.,,False,BRONZE,QUARANTINED
EVT-IMCA-1153,NEAR_MISS,International Marine Contractors Association (IMCA),SRC-IMCA-1153,2018-01-31,UNKNOWN,International Marine & Offshore,General Industrial / Offshore Operations,,UNKNOWN,UNKNOWN,UNKNOWN,None reported / Equipment stoppage or minor disruption.,,False,BRONZE,QUARANTINED
EVT-IMCA-1154,NEAR_MISS,International Marine Contractors Association (IMCA),SRC-IMCA-1154,2018-01-31,UNKNOWN,International Marine & Offshore,General Industrial / Offshore Operations,,THERMAL,UNKNOWN,UNKNOWN,No injuries occurred (Near Miss / Potential Consequence only).,None,False,BRONZE,QUARANTINED
EVT-IMCA-1155,INCIDENT,International Marine Contractors Association (IMCA),SRC-IMCA-1155,2018-01-31,UNKNOWN,International Marine & Offshore,General Industrial / Offshore Operations,,THERMAL,UNKNOWN,UNKNOWN,None reported / Equipment stoppage or minor disruption.,,False,BRONZE,QUARANTINED
EVT-IMCA-1156,NEAR_MISS,International Marine Contractors Association (IMCA),SRC-IMCA-1156,2018-01-23,UNKNOWN,International Marine & Offshore,General Industrial / Offshore Operations,,UNKNOWN,UNKNOWN,UNKNOWN,None reported / Equipment stoppage or minor disruption.,,False,BRONZE,QUARANTINED
EVT-IMCA-1157,INCIDENT,International Marine Contractors Association (IMCA),SRC-IMCA-1157,2018-01-23,UNKNOWN,International Marine & Offshore,Drilling & Well Intervention,,UNKNOWN,UNKNOWN,UNKNOWN,None reported / Equipment stoppage or minor disruption.,,False,BRONZE,QUARANTINED
EVT-IMCA-1158,NEAR_MISS,International Marine Contractors Association (IMCA),SRC-IMCA-1158,2018-01-23,UNKNOWN,International Marine & Offshore,Marine & Vessel Operations,,UNKNOWN,UNKNOWN,UNKNOWN,No injuries occurred (Near Miss / Potential Consequence only).,None,False,BRONZE,QUARANTINED
EVT-IMCA-1159,INCIDENT,International Marine Contractors Association (IMCA),SRC-IMCA-1159,2018-01-23,UNKNOWN,International Marine & Offshore,General Industrial / Offshore Operations,,UNKNOWN,UNKNOWN,UNKNOWN,None reported / Equipment stoppage or minor disruption.,,False,BRONZE,QUARANTINED
EVT-IMCA-1160,NEAR_MISS,International Marine Contractors Association (IMCA),SRC-IMCA-1160,2018-01-23,UNKNOWN,International Marine & Offshore,General Industrial / Offshore Operations,,GRAVITATIONAL,UNKNOWN,UNKNOWN,No injuries occurred (Near Miss / Potential Consequence only).,None,False,BRONZE,QUARANTINED
EVT-IMCA-1161,INCIDENT,International Marine Contractors Association (IMCA),SRC-IMCA-1161,2017-12-21,UNKNOWN,International Marine & Offshore,Lifting & Rigging Operations,,UNKNOWN,UNKNOWN,UNKNOWN,Minor injury requiring first aid or medical attention.,First aid / minor laceration or contusion,False,BRONZE,QUARANTINED
EVT-IMCA-1162,NEAR_MISS,International Marine Contractors Association (IMCA),SRC-IMCA-1162,2017-12-21,UNKNOWN,International Marine & Offshore,General Industrial / Offshore Operations,,UNKNOWN,UNKNOWN,UNKNOWN,None reported / Equipment stoppage or minor disruption.,,False,BRONZE,QUARANTINED
EVT-IMCA-1163,INCIDENT,International Marine Contractors Association (IMCA),SRC-IMCA-1163,2017-12-21,UNKNOWN,International Marine & Offshore,Drilling & Well Intervention,,UNKNOWN,UNKNOWN,UNKNOWN,None reported / Equipment stoppage or minor disruption.,,False,BRONZE,QUARANTINED
EVT-IMCA-1164,INCIDENT,International Marine Contractors Association (IMCA),SRC-IMCA-1164,2017-12-21,UNKNOWN,International Marine & Offshore,General Industrial / Offshore Operations,shackle,UNKNOWN,UNKNOWN,UNKNOWN,None reported / Equipment stoppage or minor disruption.,,False,BRONZE,QUARANTINED
EVT-IMCA-1165,INCIDENT,International Marine Contractors Association (IMCA),SRC-IMCA-1165,2017-12-21,UNKNOWN,International Marine & Offshore,General Industrial / Offshore Operations,,UNKNOWN,UNKNOWN,UNKNOWN,None reported / Equipment stoppage or minor disruption.,,False,BRONZE,QUARANTINED
EVT-IMCA-1166,NEAR_MISS,International Marine Contractors Association (IMCA),SRC-IMCA-1166,2017-12-21,UNKNOWN,International Marine & Offshore,Marine & Vessel Operations,,UNKNOWN,UNKNOWN,UNKNOWN,No injuries occurred (Near Miss / Potential Consequence only).,None,False,BRONZE,QUARANTINED
EVT-IMCA-1167,NEAR_MISS,International Marine Contractors Association (IMCA),SRC-IMCA-1167,2017-12-15,UNKNOWN,International Marine & Offshore,Marine & Vessel Operations,,UNKNOWN,UNKNOWN,UNKNOWN,None reported / Equipment stoppage or minor disruption.,,False,BRONZE,QUARANTINED
EVT-IMCA-1168,NEAR_MISS,International Marine Contractors Association (IMCA),SRC-IMCA-1168,2017-12-15,UNKNOWN,International Marine & Offshore,Marine & Vessel Operations,,UNKNOWN,UNKNOWN,UNKNOWN,None reported / Equipment stoppage or minor disruption.,,False,BRONZE,QUARANTINED
EVT-IMCA-1169,INCIDENT,International Marine Contractors Association (IMCA),SRC-IMCA-1169,2017-12-15,UNKNOWN,International Marine & Offshore,General Industrial / Offshore Operations,,UNKNOWN,UNKNOWN,UNKNOWN,Lost time / serious personal injury sustained.,Fracture / Lost time injury,False,BRONZE,QUARANTINED
EVT-IMCA-1170,INCIDENT,International Marine Contractors Association (IMCA),SRC-IMCA-1170,2017-12-15,UNKNOWN,International Marine & Offshore,Marine & Vessel Operations,,THERMAL,UNKNOWN,UNKNOWN,None reported / Equipment stoppage or minor disruption.,,False,BRONZE,QUARANTINED
EVT-IMCA-1171,NEAR_MISS,International Marine Contractors Association (IMCA),SRC-IMCA-1171,2017-12-15,UNKNOWN,International Marine & Offshore,General Industrial / Offshore Operations,,UNKNOWN,UNKNOWN,UNKNOWN,None reported / Equipment stoppage or minor disruption.,,False,BRONZE,QUARANTINED
EVT-IMCA-1172,NEAR_MISS,International Marine Contractors Association (IMCA),SRC-IMCA-1172,2017-12-12,UNKNOWN,International Marine & Offshore,Subsea & Diving Operations,,UNKNOWN,UNKNOWN,UNKNOWN,None reported / Equipment stoppage or minor disruption.,,False,BRONZE,QUARANTINED
EVT-IMCA-1173,INCIDENT,International Marine Contractors Association (IMCA),SRC-IMCA-1173,2017-12-12,UNKNOWN,International Marine & Offshore,General Industrial / Offshore Operations,,UNKNOWN,UNKNOWN,UNKNOWN,Lost time / serious personal injury sustained.,Fracture / Lost time injury,False,BRONZE,QUARANTINED
EVT-IMCA-1174,INCIDENT,International Marine Contractors Association (IMCA),SRC-IMCA-1174,2017-12-12,UNKNOWN,International Marine & Offshore,General Industrial / Offshore Operations,,UNKNOWN,UNKNOWN,UNKNOWN,None reported / Equipment stoppage or minor disruption.,,False,BRONZE,QUARANTINED
EVT-IMCA-1175,NEAR_MISS,International Marine Contractors Association (IMCA),SRC-IMCA-1175,2017-12-12,UNKNOWN,International Marine & Offshore,Marine & Vessel Operations,,UNKNOWN,UNKNOWN,UNKNOWN,None reported / Equipment stoppage or minor disruption.,,False,BRONZE,QUARANTINED
EVT-IMCA-1176,NEAR_MISS,International Marine Contractors Association (IMCA),SRC-IMCA-1176,2017-11-15,UNKNOWN,International Marine & Offshore,Marine & Vessel Operations,,UNKNOWN,UNKNOWN,UNKNOWN,None reported / Equipment stoppage or minor disruption.,,False,BRONZE,QUARANTINED
EVT-IMCA-1177,NEAR_MISS,International Marine Contractors Association (IMCA),SRC-IMCA-1177,2017-11-15,UNKNOWN,International Marine & Offshore,Lifting & Rigging Operations,,UNKNOWN,UNKNOWN,UNKNOWN,None reported / Equipment stoppage or minor disruption.,,False,BRONZE,QUARANTINED
EVT-IMCA-1178,NEAR_MISS,International Marine Contractors Association (IMCA),SRC-IMCA-1178,2017-11-15,UNKNOWN,International Marine & Offshore,Marine & Vessel Operations,,UNKNOWN,UNKNOWN,UNKNOWN,None reported / Equipment stoppage or minor disruption.,,False,BRONZE,QUARANTINED
EVT-IMCA-1179,NEAR_MISS,International Marine Contractors Association (IMCA),SRC-IMCA-1179,2017-11-15,UNKNOWN,International Marine & Offshore,Marine & Vessel Operations,fast rescue craft (FRC),UNKNOWN,UNKNOWN,UNKNOWN,No injuries occurred (Near Miss / Potential Consequence only).,None,False,BRONZE,QUARANTINED
EVT-IMCA-1180,NEAR_MISS,International Marine Contractors Association (IMCA),SRC-IMCA-1180,2017-11-07,UNKNOWN,International Marine & Offshore,Subsea & Diving Operations,,UNKNOWN,UNKNOWN,UNKNOWN,No injuries occurred (Near Miss / Potential Consequence only).,None,False,BRONZE,QUARANTINED
EVT-IMCA-1181,NEAR_MISS,International Marine Contractors Association (IMCA),SRC-IMCA-1181,2017-11-07,UNKNOWN,International Marine & Offshore,Lifting & Rigging Operations,crane,UNKNOWN,UNKNOWN,UNKNOWN,No injuries occurred (Near Miss / Potential Consequence only).,None,False,BRONZE,QUARANTINED
EVT-IMCA-1182,INCIDENT,International Marine Contractors Association (IMCA),SRC-IMCA-1182,2017-11-07,UNKNOWN,International Marine & Offshore,Drilling & Well Intervention,rotating,KINETIC,UNKNOWN,UNKNOWN,None reported / Equipment stoppage or minor disruption.,,False,BRONZE,QUARANTINED
EVT-IMCA-1183,INCIDENT,International Marine Contractors Association (IMCA),SRC-IMCA-1183,2017-11-07,UNKNOWN,International Marine & Offshore,Piping & Pressure Maintenance,valve,UNKNOWN,UNKNOWN,UNKNOWN,Lost time / serious personal injury sustained.,Fracture / Lost time injury,False,BRONZE,QUARANTINED
EVT-IMCA-1184,INCIDENT,International Marine Contractors Association (IMCA),SRC-IMCA-1184,2017-11-07,UNKNOWN,International Marine & Offshore,General Industrial / Offshore Operations,pump,THERMAL,UNKNOWN,UNKNOWN,None reported / Equipment stoppage or minor disruption.,,False,BRONZE,QUARANTINED
EVT-IMCA-1185,INCIDENT,International Marine Contractors Association (IMCA),SRC-IMCA-1185,2017-11-07,UNKNOWN,International Marine & Offshore,General Industrial / Offshore Operations,pump,THERMAL,UNKNOWN,UNKNOWN,Fatal injury occurred.,Fatal injury,True,BRONZE,QUARANTINED
EVT-IMCA-1186,NEAR_MISS,International Marine Contractors Association (IMCA),SRC-IMCA-1186,2017-11-07,UNKNOWN,International Marine & Offshore,Marine & Vessel Operations,,UNKNOWN,UNKNOWN,UNKNOWN,None reported / Equipment stoppage or minor disruption.,,False,BRONZE,QUARANTINED
EVT-IMCA-1187,INCIDENT,International Marine Contractors Association (IMCA),SRC-IMCA-1187,2017-10-25,UNKNOWN,International Marine & Offshore,General Industrial / Offshore Operations,,THERMAL,UNKNOWN,UNKNOWN,None reported / Equipment stoppage or minor disruption.,,False,BRONZE,QUARANTINED
EVT-IMCA-1188,NEAR_MISS,International Marine Contractors Association (IMCA),SRC-IMCA-1188,2017-10-25,UNKNOWN,International Marine & Offshore,General Industrial / Offshore Operations,,UNKNOWN,UNKNOWN,UNKNOWN,No injuries occurred (Near Miss / Potential Consequence only).,None,False,BRONZE,QUARANTINED
EVT-IMCA-1189,NEAR_MISS,International Marine Contractors Association (IMCA),SRC-IMCA-1189,2017-10-25,UNKNOWN,International Marine & Offshore,Lifting & Rigging Operations,winch,KINETIC,UNKNOWN,UNKNOWN,No injuries occurred (Near Miss / Potential Consequence only).,None,False,BRONZE,QUARANTINED
EVT-IMCA-1190,INCIDENT,International Marine Contractors Association (IMCA),SRC-IMCA-1190,2017-10-25,UNKNOWN,International Marine & Offshore,General Industrial / Offshore Operations,,UNKNOWN,UNKNOWN,UNKNOWN,None reported / Equipment stoppage or minor disruption.,,False,BRONZE,QUARANTINED
EVT-IMCA-1191,NEAR_MISS,International Marine Contractors Association (IMCA),SRC-IMCA-1191,2017-10-25,UNKNOWN,International Marine & Offshore,General Industrial / Offshore Operations,,UNKNOWN,UNKNOWN,UNKNOWN,None reported / Equipment stoppage or minor disruption.,,False,BRONZE,QUARANTINED
EVT-IMCA-1192,NEAR_MISS,International Marine Contractors Association (IMCA),SRC-IMCA-1192,2017-10-25,UNKNOWN,International Marine & Offshore,Piping & Pressure Maintenance,,UNKNOWN,UNKNOWN,UNKNOWN,None reported / Equipment stoppage or minor disruption.,,False,BRONZE,QUARANTINED
EVT-IMCA-1193,INCIDENT,International Marine Contractors Association (IMCA),SRC-IMCA-1193,2017-10-25,UNKNOWN,International Marine & Offshore,Hot Work Operations,,THERMAL,TRUE,DERIVED,Minor injury requiring first aid or medical attention.,First aid / minor laceration or contusion,False,BRONZE,QUARANTINED
EVT-IMCA-1194,NEAR_MISS,International Marine Contractors Association (IMCA),SRC-IMCA-1194,2017-10-20,UNKNOWN,International Marine & Offshore,Marine & Vessel Operations,,UNKNOWN,UNKNOWN,UNKNOWN,None reported / Equipment stoppage or minor disruption.,,False,BRONZE,QUARANTINED
EVT-IMCA-1195,NEAR_MISS,International Marine Contractors Association (IMCA),SRC-IMCA-1195,2017-10-20,UNKNOWN,International Marine & Offshore,Marine & Vessel Operations,,UNKNOWN,UNKNOWN,UNKNOWN,No injuries occurred (Near Miss / Potential Consequence only).,None,False,BRONZE,QUARANTINED
EVT-IMCA-1196,NEAR_MISS,International Marine Contractors Association (IMCA),SRC-IMCA-1196,2017-10-20,UNKNOWN,International Marine & Offshore,Lifting & Rigging Operations,,UNKNOWN,UNKNOWN,UNKNOWN,None reported / Equipment stoppage or minor disruption.,,False,BRONZE,QUARANTINED
EVT-IMCA-1197,NEAR_MISS,International Marine Contractors Association (IMCA),SRC-IMCA-1197,2017-10-20,UNKNOWN,International Marine & Offshore,Subsea & Diving Operations,,UNKNOWN,UNKNOWN,UNKNOWN,No injuries occurred (Near Miss / Potential Consequence only).,None,False,BRONZE,QUARANTINED
EVT-IMCA-1198,INCIDENT,International Marine Contractors Association (IMCA),SRC-IMCA-1198,2017-10-20,UNKNOWN,International Marine & Offshore,Lifting & Rigging Operations,,UNKNOWN,UNKNOWN,UNKNOWN,None reported / Equipment stoppage or minor disruption.,,False,BRONZE,QUARANTINED
EVT-IMCA-1199,NEAR_MISS,International Marine Contractors Association (IMCA),SRC-IMCA-1199,2017-10-20,UNKNOWN,International Marine & Offshore,Marine & Vessel Operations,,UNKNOWN,UNKNOWN,UNKNOWN,None reported / Equipment stoppage or minor disruption.,,False,BRONZE,QUARANTINED
EVT-IMCA-1200,INCIDENT,International Marine Contractors Association (IMCA),SRC-IMCA-1200,2017-10-19,UNKNOWN,International Marine & Offshore,Subsea & Diving Operations,remotely operated vehicle (ROV),UNKNOWN,UNKNOWN,UNKNOWN,Fatal injury occurred.,Fatal injury,True,BRONZE,QUARANTINED
EVT-IMCA-1201,INCIDENT,International Marine Contractors Association (IMCA),SRC-IMCA-1201,2017-10-05,UNKNOWN,International Marine & Offshore,Lifting & Rigging Operations,crane,UNKNOWN,UNKNOWN,UNKNOWN,Lost time / serious personal injury sustained.,Fracture / Lost time injury,False,BRONZE,QUARANTINED
EVT-IMCA-1202,NEAR_MISS,International Marine Contractors Association (IMCA),SRC-IMCA-1202,2017-10-05,Offshore Fixed Platform,International Marine & Offshore,General Industrial / Offshore Operations,,UNKNOWN,UNKNOWN,UNKNOWN,No injuries occurred (Near Miss / Potential Consequence only).,None,False,BRONZE,QUARANTINED
EVT-IMCA-1203,NEAR_MISS,International Marine Contractors Association (IMCA),SRC-IMCA-1203,2017-10-05,Offshore Fixed Platform,International Marine & Offshore,General Industrial / Offshore Operations,,UNKNOWN,UNKNOWN,UNKNOWN,None reported / Equipment stoppage or minor disruption.,,False,BRONZE,QUARANTINED
EVT-IMCA-1204,NEAR_MISS,International Marine Contractors Association (IMCA),SRC-IMCA-1204,2017-10-05,UNKNOWN,International Marine & Offshore,Drilling & Well Intervention,,UNKNOWN,UNKNOWN,UNKNOWN,No injuries occurred (Near Miss / Potential Consequence only).,None,False,BRONZE,QUARANTINED
EVT-IMCA-1205,INCIDENT,International Marine Contractors Association (IMCA),SRC-IMCA-1205,2017-10-05,UNKNOWN,International Marine & Offshore,General Industrial / Offshore Operations,,UNKNOWN,UNKNOWN,UNKNOWN,Fatal injury occurred.,Fatal injury,True,BRONZE,QUARANTINED
EVT-IMCA-1206,INCIDENT,International Marine Contractors Association (IMCA),SRC-IMCA-1206,2017-09-21,Jack-up Rig,International Marine & Offshore,Drilling & Well Intervention,pressure safety valve,UNKNOWN,UNKNOWN,UNKNOWN,None reported / Equipment stoppage or minor disruption.,,False,BRONZE,QUARANTINED
EVT-IMCA-1207,NEAR_MISS,International Marine Contractors Association (IMCA),SRC-IMCA-1207,2017-09-21,UNKNOWN,International Marine & Offshore,Lifting & Rigging Operations,,UNKNOWN,UNKNOWN,UNKNOWN,No injuries occurred (Near Miss / Potential Consequence only).,None,False,BRONZE,QUARANTINED
EVT-IMCA-1208,NEAR_MISS,International Marine Contractors Association (IMCA),SRC-IMCA-1208,2017-09-21,UNKNOWN,International Marine & Offshore,Piping & Pressure Maintenance,,UNKNOWN,UNKNOWN,UNKNOWN,None reported / Equipment stoppage or minor disruption.,,False,BRONZE,QUARANTINED
EVT-IMCA-1209,INCIDENT,International Marine Contractors Association (IMCA),SRC-IMCA-1209,2017-09-21,UNKNOWN,International Marine & Offshore,General Industrial / Offshore Operations,,UNKNOWN,UNKNOWN,UNKNOWN,Lost time / serious personal injury sustained.,Fracture / Lost time injury,False,BRONZE,QUARANTINED
EVT-IMCA-1210,NEAR_MISS,International Marine Contractors Association (IMCA),SRC-IMCA-1210,2017-09-21,UNKNOWN,International Marine & Offshore,Marine & Vessel Operations,,UNKNOWN,UNKNOWN,UNKNOWN,None reported / Equipment stoppage or minor disruption.,,False,BRONZE,QUARANTINED
EVT-IMCA-1211,NEAR_MISS,International Marine Contractors Association (IMCA),SRC-IMCA-1211,2017-09-01,UNKNOWN,International Marine & Offshore,Lifting & Rigging Operations,crane,UNKNOWN,UNKNOWN,UNKNOWN,None reported / Equipment stoppage or minor disruption.,,False,BRONZE,QUARANTINED
EVT-IMCA-1212,NEAR_MISS,International Marine Contractors Association (IMCA),SRC-IMCA-1212,2017-09-01,UNKNOWN,International Marine & Offshore,General Industrial / Offshore Operations,vehicle,KINETIC,UNKNOWN,UNKNOWN,None reported / Equipment stoppage or minor disruption.,,False,BRONZE,QUARANTINED
EVT-IMCA-1213,INCIDENT,International Marine Contractors Association (IMCA),SRC-IMCA-1213,2017-09-01,UNKNOWN,International Marine & Offshore,General Industrial / Offshore Operations,vehicle,KINETIC,TRUE,DERIVED,None reported / Equipment stoppage or minor disruption.,,False,BRONZE,QUARANTINED
EVT-IMCA-1214,NEAR_MISS,International Marine Contractors Association (IMCA),SRC-IMCA-1214,2017-09-01,UNKNOWN,International Marine & Offshore,Lifting & Rigging Operations,,UNKNOWN,UNKNOWN,UNKNOWN,Minor injury requiring first aid or medical attention.,First aid / minor laceration or contusion,False,BRONZE,QUARANTINED
EVT-IMCA-1215,NEAR_MISS,International Marine Contractors Association (IMCA),SRC-IMCA-1215,2017-09-01,UNKNOWN,International Marine & Offshore,Hot Work Operations,,UNKNOWN,UNKNOWN,UNKNOWN,Minor injury requiring first aid or medical attention.,First aid / minor laceration or contusion,False,BRONZE,QUARANTINED
EVT-IMCA-1216,NEAR_MISS,International Marine Contractors Association (IMCA),SRC-IMCA-1216,2017-08-23,UNKNOWN,International Marine & Offshore,General Industrial / Offshore Operations,,GRAVITATIONAL,UNKNOWN,UNKNOWN,No injuries occurred (Near Miss / Potential Consequence only).,None,False,BRONZE,QUARANTINED
EVT-IMCA-1217,NEAR_MISS,International Marine Contractors Association (IMCA),SRC-IMCA-1217,2017-08-23,UNKNOWN,International Marine & Offshore,Lifting & Rigging Operations,crane,UNKNOWN,UNKNOWN,UNKNOWN,No injuries occurred (Near Miss / Potential Consequence only).,None,False,BRONZE,QUARANTINED
EVT-IMCA-1218,NEAR_MISS,International Marine Contractors Association (IMCA),SRC-IMCA-1218,2017-08-23,UNKNOWN,International Marine & Offshore,Lifting & Rigging Operations,hose,GRAVITATIONAL,UNKNOWN,UNKNOWN,None reported / Equipment stoppage or minor disruption.,,False,BRONZE,QUARANTINED
EVT-IMCA-1219,INCIDENT,International Marine Contractors Association (IMCA),SRC-IMCA-1219,2017-08-23,UNKNOWN,International Marine & Offshore,Lifting & Rigging Operations,crane,THERMAL,FALSE,DERIVED,None reported / Equipment stoppage or minor disruption.,,False,BRONZE,QUARANTINED
EVT-IMCA-1220,NEAR_MISS,International Marine Contractors Association (IMCA),SRC-IMCA-1220,2017-08-23,UNKNOWN,International Marine & Offshore,Lifting & Rigging Operations,,UNKNOWN,UNKNOWN,UNKNOWN,No injuries occurred (Near Miss / Potential Consequence only).,None,False,BRONZE,QUARANTINED
EVT-IMCA-1221,INCIDENT,International Marine Contractors Association (IMCA),SRC-IMCA-1221,2017-08-23,Offshore Fixed Platform,International Marine & Offshore,General Industrial / Offshore Operations,,ELECTRICAL,TRUE,DERIVED,Fatal injury occurred.,Fatal injury,True,BRONZE,QUARANTINED
EVT-IMCA-1222,NEAR_MISS,International Marine Contractors Association (IMCA),SRC-IMCA-1222,2017-08-11,UNKNOWN,International Marine & Offshore,Hot Work Operations,,UNKNOWN,UNKNOWN,UNKNOWN,Minor injury requiring first aid or medical attention.,First aid / minor laceration or contusion,False,BRONZE,QUARANTINED
EVT-IMCA-1223,NEAR_MISS,International Marine Contractors Association (IMCA),SRC-IMCA-1223,2017-08-11,UNKNOWN,International Marine & Offshore,General Industrial / Offshore Operations,,PRESSURE,UNKNOWN,UNKNOWN,None reported / Equipment stoppage or minor disruption.,,False,BRONZE,QUARANTINED
EVT-IMCA-1224,INCIDENT,International Marine Contractors Association (IMCA),SRC-IMCA-1224,2017-08-11,UNKNOWN,International Marine & Offshore,General Industrial / Offshore Operations,,THERMAL,UNKNOWN,UNKNOWN,None reported / Equipment stoppage or minor disruption.,,False,BRONZE,QUARANTINED
EVT-IMCA-1225,NEAR_MISS,International Marine Contractors Association (IMCA),SRC-IMCA-1225,2017-08-11,UNKNOWN,International Marine & Offshore,Piping & Pressure Maintenance,valve,UNKNOWN,TRUE,EXPLICIT,No injuries occurred (Near Miss / Potential Consequence only).,None,False,BRONZE,QUARANTINED
EVT-IMCA-1226,INCIDENT,International Marine Contractors Association (IMCA),SRC-IMCA-1226,2017-08-02,UNKNOWN,International Marine & Offshore,Drilling & Well Intervention,,UNKNOWN,UNKNOWN,UNKNOWN,None reported / Equipment stoppage or minor disruption.,,False,BRONZE,QUARANTINED
EVT-IMCA-1227,INCIDENT,International Marine Contractors Association (IMCA),SRC-IMCA-1227,2017-08-02,UNKNOWN,International Marine & Offshore,Marine & Vessel Operations,,UNKNOWN,UNKNOWN,UNKNOWN,None reported / Equipment stoppage or minor disruption.,,False,BRONZE,QUARANTINED
EVT-IMCA-1228,NEAR_MISS,International Marine Contractors Association (IMCA),SRC-IMCA-1228,2017-08-02,UNKNOWN,International Marine & Offshore,Hot Work Operations,,UNKNOWN,UNKNOWN,UNKNOWN,Minor injury requiring first aid or medical attention.,First aid / minor laceration or contusion,False,BRONZE,QUARANTINED
EVT-IMCA-1229,INCIDENT,International Marine Contractors Association (IMCA),SRC-IMCA-1229,2017-08-02,UNKNOWN,International Marine & Offshore,Drilling & Well Intervention,,UNKNOWN,UNKNOWN,UNKNOWN,None reported / Equipment stoppage or minor disruption.,,False,BRONZE,QUARANTINED
EVT-IMCA-1230,INCIDENT,International Marine Contractors Association (IMCA),SRC-IMCA-1230,2017-07-25,UNKNOWN,International Marine & Offshore,General Industrial / Offshore Operations,fast rescue craft (FRC),UNKNOWN,UNKNOWN,UNKNOWN,None reported / Equipment stoppage or minor disruption.,,False,BRONZE,QUARANTINED
EVT-IMCA-1231,NEAR_MISS,International Marine Contractors Association (IMCA),SRC-IMCA-1231,2017-07-25,UNKNOWN,International Marine & Offshore,Marine & Vessel Operations,fast rescue craft (FRC),UNKNOWN,UNKNOWN,UNKNOWN,None reported / Equipment stoppage or minor disruption.,,False,BRONZE,QUARANTINED
EVT-IMCA-1232,NEAR_MISS,International Marine Contractors Association (IMCA),SRC-IMCA-1232,2017-07-25,UNKNOWN,International Marine & Offshore,Lifting & Rigging Operations,lift / elevator,UNKNOWN,UNKNOWN,UNKNOWN,No injuries occurred (Near Miss / Potential Consequence only).,None,False,BRONZE,QUARANTINED
EVT-IMCA-1233,NEAR_MISS,International Marine Contractors Association (IMCA),SRC-IMCA-1233,2017-07-25,UNKNOWN,International Marine & Offshore,Marine & Vessel Operations,,UNKNOWN,UNKNOWN,UNKNOWN,No injuries occurred (Near Miss / Potential Consequence only).,None,False,BRONZE,QUARANTINED
EVT-IMCA-1234,NEAR_MISS,International Marine Contractors Association (IMCA),SRC-IMCA-1234,2017-07-25,UNKNOWN,International Marine & Offshore,Marine & Vessel Operations,hose,UNKNOWN,UNKNOWN,UNKNOWN,None reported / Equipment stoppage or minor disruption.,,False,BRONZE,QUARANTINED
EVT-IMCA-1235,NEAR_MISS,International Marine Contractors Association (IMCA),SRC-IMCA-1235,2017-07-25,UNKNOWN,International Marine & Offshore,Marine & Vessel Operations,winch,KINETIC,UNKNOWN,UNKNOWN,None reported / Equipment stoppage or minor disruption.,,False,BRONZE,QUARANTINED
EVT-IMCA-1236,NEAR_MISS,International Marine Contractors Association (IMCA),SRC-IMCA-1236,2017-07-13,UNKNOWN,International Marine & Offshore,Marine & Vessel Operations,,UNKNOWN,UNKNOWN,UNKNOWN,None reported / Equipment stoppage or minor disruption.,,False,BRONZE,QUARANTINED
EVT-IMCA-1237,INCIDENT,International Marine Contractors Association (IMCA),SRC-IMCA-1237,2017-07-13,UNKNOWN,International Marine & Offshore,General Industrial / Offshore Operations,,UNKNOWN,UNKNOWN,UNKNOWN,Lost time / serious personal injury sustained.,Fracture / Lost time injury,False,BRONZE,QUARANTINED
EVT-IMCA-1238,NEAR_MISS,International Marine Contractors Association (IMCA),SRC-IMCA-1238,2017-07-13,UNKNOWN,International Marine & Offshore,General Industrial / Offshore Operations,,UNKNOWN,UNKNOWN,UNKNOWN,None reported / Equipment stoppage or minor disruption.,,False,BRONZE,QUARANTINED
EVT-IMCA-1239,NEAR_MISS,International Marine Contractors Association (IMCA),SRC-IMCA-1239,2017-07-13,Tanker Vessel,International Marine & Offshore,General Industrial / Offshore Operations,,UNKNOWN,UNKNOWN,UNKNOWN,None reported / Equipment stoppage or minor disruption.,,False,BRONZE,QUARANTINED
EVT-IMCA-1240,INCIDENT,International Marine Contractors Association (IMCA),SRC-IMCA-1240,2017-07-13,UNKNOWN,International Marine & Offshore,Hot Work Operations,,UNKNOWN,UNKNOWN,UNKNOWN,Minor injury requiring first aid or medical attention.,First aid / minor laceration or contusion,False,BRONZE,QUARANTINED
EVT-IMCA-1241,INCIDENT,International Marine Contractors Association (IMCA),SRC-IMCA-1241,2017-07-13,UNKNOWN,International Marine & Offshore,Piping & Pressure Maintenance,,UNKNOWN,UNKNOWN,UNKNOWN,None reported / Equipment stoppage or minor disruption.,,False,BRONZE,QUARANTINED
EVT-IMCA-1242,NEAR_MISS,International Marine Contractors Association (IMCA),SRC-IMCA-1242,2017-07-13,UNKNOWN,International Marine & Offshore,Piping & Pressure Maintenance,,UNKNOWN,UNKNOWN,UNKNOWN,None reported / Equipment stoppage or minor disruption.,,False,BRONZE,QUARANTINED
EVT-IMCA-1243,INCIDENT,International Marine Contractors Association (IMCA),SRC-IMCA-1243,2017-06-27,UNKNOWN,International Marine & Offshore,General Industrial / Offshore Operations,,UNKNOWN,UNKNOWN,UNKNOWN,None reported / Equipment stoppage or minor disruption.,,False,BRONZE,QUARANTINED
EVT-IMCA-1244,INCIDENT,International Marine Contractors Association (IMCA),SRC-IMCA-1244,2017-06-27,UNKNOWN,International Marine & Offshore,Lifting & Rigging Operations,,UNKNOWN,UNKNOWN,UNKNOWN,None reported / Equipment stoppage or minor disruption.,,False,BRONZE,QUARANTINED
EVT-IMCA-1245,INCIDENT,International Marine Contractors Association (IMCA),SRC-IMCA-1245,2017-06-27,UNKNOWN,International Marine & Offshore,Drilling & Well Intervention,,THERMAL,TRUE,DERIVED,None reported / Equipment stoppage or minor disruption.,,False,BRONZE,QUARANTINED
EVT-IMCA-1246,INCIDENT,International Marine Contractors Association (IMCA),SRC-IMCA-1246,2017-06-27,UNKNOWN,International Marine & Offshore,Marine & Vessel Operations,,THERMAL,UNKNOWN,UNKNOWN,None reported / Equipment stoppage or minor disruption.,,False,BRONZE,QUARANTINED
EVT-IMCA-1247,INCIDENT,International Marine Contractors Association (IMCA),SRC-IMCA-1247,2017-06-27,UNKNOWN,International Marine & Offshore,Marine & Vessel Operations,chemical spill,CHEMICAL,UNKNOWN,UNKNOWN,None reported / Equipment stoppage or minor disruption.,,False,BRONZE,QUARANTINED
EVT-IMCA-1248,INCIDENT,International Marine Contractors Association (IMCA),SRC-IMCA-1248,2017-06-27,UNKNOWN,International Marine & Offshore,General Industrial / Offshore Operations,,THERMAL,TRUE,DERIVED,None reported / Equipment stoppage or minor disruption.,,False,BRONZE,QUARANTINED
EVT-IMCA-1249,NEAR_MISS,International Marine Contractors Association (IMCA),SRC-IMCA-1249,2017-06-15,UNKNOWN,International Marine & Offshore,Lifting & Rigging Operations,,UNKNOWN,UNKNOWN,UNKNOWN,None reported / Equipment stoppage or minor disruption.,,False,BRONZE,QUARANTINED
EVT-IMCA-1250,NEAR_MISS,International Marine Contractors Association (IMCA),SRC-IMCA-1250,2017-06-15,UNKNOWN,International Marine & Offshore,Lifting & Rigging Operations,,UNKNOWN,UNKNOWN,UNKNOWN,No injuries occurred (Near Miss / Potential Consequence only).,None,False,BRONZE,QUARANTINED
EVT-IMCA-1251,NEAR_MISS,International Marine Contractors Association (IMCA),SRC-IMCA-1251,2017-06-15,UNKNOWN,International Marine & Offshore,Marine & Vessel Operations,,UNKNOWN,UNKNOWN,UNKNOWN,No injuries occurred (Near Miss / Potential Consequence only).,None,False,BRONZE,QUARANTINED
EVT-IMCA-1252,NEAR_MISS,International Marine Contractors Association (IMCA),SRC-IMCA-1252,2017-06-15,UNKNOWN,International Marine & Offshore,Lifting & Rigging Operations,,UNKNOWN,UNKNOWN,UNKNOWN,None reported / Equipment stoppage or minor disruption.,,False,BRONZE,QUARANTINED
EVT-IMCA-1253,NEAR_MISS,International Marine Contractors Association (IMCA),SRC-IMCA-1253,2017-06-15,UNKNOWN,International Marine & Offshore,Lifting & Rigging Operations,,UNKNOWN,UNKNOWN,UNKNOWN,No injuries occurred (Near Miss / Potential Consequence only).,None,False,BRONZE,QUARANTINED
EVT-IMCA-1254,NEAR_MISS,International Marine Contractors Association (IMCA),SRC-IMCA-1254,2017-06-09,UNKNOWN,International Marine & Offshore,Subsea & Diving Operations,,UNKNOWN,UNKNOWN,UNKNOWN,No injuries occurred (Near Miss / Potential Consequence only).,None,False,BRONZE,QUARANTINED
EVT-IMCA-1255,NEAR_MISS,International Marine Contractors Association (IMCA),SRC-IMCA-1255,2017-06-09,UNKNOWN,International Marine & Offshore,Lifting & Rigging Operations,,UNKNOWN,UNKNOWN,UNKNOWN,No injuries occurred (Near Miss / Potential Consequence only).,None,False,BRONZE,QUARANTINED
EVT-IMCA-1256,NEAR_MISS,International Marine Contractors Association (IMCA),SRC-IMCA-1256,2017-06-09,UNKNOWN,International Marine & Offshore,Subsea & Diving Operations,,UNKNOWN,UNKNOWN,UNKNOWN,Minor injury requiring first aid or medical attention.,First aid / minor laceration or contusion,False,BRONZE,QUARANTINED
EVT-IMCA-1257,INCIDENT,International Marine Contractors Association (IMCA),SRC-IMCA-1257,2017-06-09,Barge,International Marine & Offshore,Marine & Vessel Operations,,UNKNOWN,UNKNOWN,UNKNOWN,None reported / Equipment stoppage or minor disruption.,,False,BRONZE,QUARANTINED
EVT-IMCA-1258,INCIDENT,International Marine Contractors Association (IMCA),SRC-IMCA-1258,2017-06-09,UNKNOWN,International Marine & Offshore,Piping & Pressure Maintenance,,UNKNOWN,UNKNOWN,UNKNOWN,None reported / Equipment stoppage or minor disruption.,,False,BRONZE,QUARANTINED
EVT-IMCA-1259,NEAR_MISS,International Marine Contractors Association (IMCA),SRC-IMCA-1259,2017-06-09,UNKNOWN,International Marine & Offshore,Marine & Vessel Operations,,UNKNOWN,UNKNOWN,UNKNOWN,None reported / Equipment stoppage or minor disruption.,,False,BRONZE,QUARANTINED
EVT-IMCA-1260,INCIDENT,International Marine Contractors Association (IMCA),SRC-IMCA-1260,2017-06-02,UNKNOWN,International Marine & Offshore,General Industrial / Offshore Operations,shackle,UNKNOWN,UNKNOWN,UNKNOWN,None reported / Equipment stoppage or minor disruption.,,False,BRONZE,QUARANTINED
EVT-IMCA-1261,NEAR_MISS,International Marine Contractors Association (IMCA),SRC-IMCA-1261,2017-06-02,UNKNOWN,International Marine & Offshore,General Industrial / Offshore Operations,,UNKNOWN,UNKNOWN,UNKNOWN,None reported / Equipment stoppage or minor disruption.,,False,BRONZE,QUARANTINED
EVT-IMCA-1262,INCIDENT,International Marine Contractors Association (IMCA),SRC-IMCA-1262,2017-06-02,UNKNOWN,International Marine & Offshore,Drilling & Well Intervention,,UNKNOWN,UNKNOWN,UNKNOWN,None reported / Equipment stoppage or minor disruption.,,False,BRONZE,QUARANTINED
EVT-IMCA-1263,NEAR_MISS,International Marine Contractors Association (IMCA),SRC-IMCA-1263,2017-06-02,UNKNOWN,International Marine & Offshore,Marine & Vessel Operations,winch,KINETIC,UNKNOWN,UNKNOWN,None reported / Equipment stoppage or minor disruption.,,False,BRONZE,QUARANTINED
EVT-IMCA-1264,INCIDENT,International Marine Contractors Association (IMCA),SRC-IMCA-1264,2017-06-02,Tanker Vessel,International Marine & Offshore,General Industrial / Offshore Operations,,UNKNOWN,UNKNOWN,UNKNOWN,Fatal injury occurred.,Fatal injury,True,BRONZE,QUARANTINED
EVT-IMCA-1265,INCIDENT,International Marine Contractors Association (IMCA),SRC-IMCA-1265,2017-05-25,Offshore Fixed Platform,International Marine & Offshore,General Industrial / Offshore Operations,,THERMAL,TRUE,DERIVED,Personal injury sustained (Burn injury).,Burn injury,False,BRONZE,QUARANTINED
EVT-IMCA-1266,INCIDENT,International Marine Contractors Association (IMCA),SRC-IMCA-1266,2017-05-25,Offshore Fixed Platform,International Marine & Offshore,Marine & Vessel Operations,,THERMAL,UNKNOWN,UNKNOWN,None reported / Equipment stoppage or minor disruption.,,False,BRONZE,QUARANTINED
EVT-IMCA-1267,NEAR_MISS,International Marine Contractors Association (IMCA),SRC-IMCA-1267,2017-05-25,UNKNOWN,International Marine & Offshore,Piping & Pressure Maintenance,valve,UNKNOWN,UNKNOWN,UNKNOWN,None reported / Equipment stoppage or minor disruption.,,False,BRONZE,QUARANTINED
EVT-IMCA-1268,INCIDENT,International Marine Contractors Association (IMCA),SRC-IMCA-1268,2017-05-25,UNKNOWN,International Marine & Offshore,Marine & Vessel Operations,,THERMAL,UNKNOWN,UNKNOWN,None reported / Equipment stoppage or minor disruption.,,False,BRONZE,QUARANTINED
EVT-IMCA-1269,INCIDENT,International Marine Contractors Association (IMCA),SRC-IMCA-1269,2017-05-25,UNKNOWN,International Marine & Offshore,Marine & Vessel Operations,,THERMAL,UNKNOWN,UNKNOWN,None reported / Equipment stoppage or minor disruption.,,False,BRONZE,QUARANTINED
EVT-IMCA-1270,NEAR_MISS,International Marine Contractors Association (IMCA),SRC-IMCA-1270,2017-05-25,UNKNOWN,International Marine & Offshore,Piping & Pressure Maintenance,,THERMAL,UNKNOWN,UNKNOWN,No injuries occurred (Near Miss / Potential Consequence only).,None,False,BRONZE,QUARANTINED
EVT-IMCA-1271,NEAR_MISS,International Marine Contractors Association (IMCA),SRC-IMCA-1271,2017-05-22,UNKNOWN,International Marine & Offshore,Marine & Vessel Operations,,UNKNOWN,UNKNOWN,UNKNOWN,None reported / Equipment stoppage or minor disruption.,,False,BRONZE,QUARANTINED
EVT-IMCA-1272,NEAR_MISS,International Marine Contractors Association (IMCA),SRC-IMCA-1272,2017-05-22,UNKNOWN,International Marine & Offshore,Lifting & Rigging Operations,,GRAVITATIONAL,UNKNOWN,UNKNOWN,None reported / Equipment stoppage or minor disruption.,,False,BRONZE,QUARANTINED
EVT-IMCA-1273,NEAR_MISS,International Marine Contractors Association (IMCA),SRC-IMCA-1273,2017-05-22,UNKNOWN,International Marine & Offshore,General Industrial / Offshore Operations,,UNKNOWN,UNKNOWN,UNKNOWN,None reported / Equipment stoppage or minor disruption.,,False,BRONZE,QUARANTINED
EVT-IMCA-1274,NEAR_MISS,International Marine Contractors Association (IMCA),SRC-IMCA-1274,2017-05-22,Offshore Fixed Platform,International Marine & Offshore,Lifting & Rigging Operations,,GRAVITATIONAL,UNKNOWN,UNKNOWN,No injuries occurred (Near Miss / Potential Consequence only).,None,False,BRONZE,QUARANTINED
EVT-IMCA-1275,INCIDENT,International Marine Contractors Association (IMCA),SRC-IMCA-1275,2017-05-22,UNKNOWN,International Marine & Offshore,General Industrial / Offshore Operations,shackle,UNKNOWN,UNKNOWN,UNKNOWN,Fatal injury occurred.,Fatal injury,True,BRONZE,QUARANTINED
EVT-IMCA-1276,NEAR_MISS,International Marine Contractors Association (IMCA),SRC-IMCA-1276,2017-05-12,UNKNOWN,International Marine & Offshore,General Industrial / Offshore Operations,,UNKNOWN,UNKNOWN,UNKNOWN,None reported / Equipment stoppage or minor disruption.,,False,BRONZE,QUARANTINED
EVT-IMCA-1277,NEAR_MISS,International Marine Contractors Association (IMCA),SRC-IMCA-1277,2017-05-12,UNKNOWN,International Marine & Offshore,General Industrial / Offshore Operations,,UNKNOWN,UNKNOWN,UNKNOWN,None reported / Equipment stoppage or minor disruption.,,False,BRONZE,QUARANTINED
EVT-IMCA-1278,INCIDENT,International Marine Contractors Association (IMCA),SRC-IMCA-1278,2017-05-12,UNKNOWN,International Marine & Offshore,Drilling & Well Intervention,fast rescue craft (FRC),UNKNOWN,UNKNOWN,UNKNOWN,None reported / Equipment stoppage or minor disruption.,,False,BRONZE,QUARANTINED
EVT-IMCA-1279,NEAR_MISS,International Marine Contractors Association (IMCA),SRC-IMCA-1279,2017-05-12,UNKNOWN,International Marine & Offshore,Lifting & Rigging Operations,,UNKNOWN,UNKNOWN,UNKNOWN,No injuries occurred (Near Miss / Potential Consequence only).,None,False,BRONZE,QUARANTINED
EVT-IMCA-1280,NEAR_MISS,International Marine Contractors Association (IMCA),SRC-IMCA-1280,2017-05-12,UNKNOWN,International Marine & Offshore,General Industrial / Offshore Operations,,UNKNOWN,UNKNOWN,UNKNOWN,None reported / Equipment stoppage or minor disruption.,,False,BRONZE,QUARANTINED
EVT-IMCA-1281,INCIDENT,International Marine Contractors Association (IMCA),SRC-IMCA-1281,2017-05-12,UNKNOWN,International Marine & Offshore,Marine & Vessel Operations,,THERMAL,TRUE,DERIVED,None reported / Equipment stoppage or minor disruption.,,False,BRONZE,QUARANTINED
EVT-IMCA-1282,INCIDENT,International Marine Contractors Association (IMCA),SRC-IMCA-1282,2017-05-03,UNKNOWN,International Marine & Offshore,Subsea & Diving Operations,,UNKNOWN,UNKNOWN,UNKNOWN,Lost time / serious personal injury sustained.,Fracture / Lost time injury,False,BRONZE,QUARANTINED
EVT-IMCA-1283,INCIDENT,International Marine Contractors Association (IMCA),SRC-IMCA-1283,2017-05-03,UNKNOWN,International Marine & Offshore,Subsea & Diving Operations,,UNKNOWN,UNKNOWN,UNKNOWN,None reported / Equipment stoppage or minor disruption.,,False,BRONZE,QUARANTINED
EVT-IMCA-1284,NEAR_MISS,International Marine Contractors Association (IMCA),SRC-IMCA-1284,2017-05-03,UNKNOWN,International Marine & Offshore,Subsea & Diving Operations,,UNKNOWN,UNKNOWN,UNKNOWN,None reported / Equipment stoppage or minor disruption.,,False,BRONZE,QUARANTINED
EVT-IMCA-1285,INCIDENT,International Marine Contractors Association (IMCA),SRC-IMCA-1285,2017-05-03,UNKNOWN,International Marine & Offshore,Subsea & Diving Operations,,PRESSURE,UNKNOWN,UNKNOWN,Minor injury requiring first aid or medical attention.,First aid / minor laceration or contusion,False,BRONZE,QUARANTINED
EVT-IMCA-1286,NEAR_MISS,International Marine Contractors Association (IMCA),SRC-IMCA-1286,2017-05-03,UNKNOWN,International Marine & Offshore,Subsea & Diving Operations,,UNKNOWN,UNKNOWN,UNKNOWN,No injuries occurred (Near Miss / Potential Consequence only).,None,False,BRONZE,QUARANTINED
EVT-IMCA-1287,INCIDENT,International Marine Contractors Association (IMCA),SRC-IMCA-1287,2017-04-12,UNKNOWN,International Marine & Offshore,General Industrial / Offshore Operations,,UNKNOWN,UNKNOWN,UNKNOWN,None reported / Equipment stoppage or minor disruption.,,False,BRONZE,QUARANTINED
EVT-IMCA-1288,INCIDENT,International Marine Contractors Association (IMCA),SRC-IMCA-1288,2017-04-12,UNKNOWN,International Marine & Offshore,General Industrial / Offshore Operations,,UNKNOWN,UNKNOWN,UNKNOWN,None reported / Equipment stoppage or minor disruption.,,False,BRONZE,QUARANTINED
EVT-IMCA-1289,INCIDENT,International Marine Contractors Association (IMCA),SRC-IMCA-1289,2017-04-12,UNKNOWN,International Marine & Offshore,General Industrial / Offshore Operations,,UNKNOWN,UNKNOWN,UNKNOWN,Lost time / serious personal injury sustained.,Fracture / Lost time injury,False,BRONZE,QUARANTINED
EVT-IMCA-1290,NEAR_MISS,International Marine Contractors Association (IMCA),SRC-IMCA-1290,2017-03-28,UNKNOWN,International Marine & Offshore,Marine & Vessel Operations,,UNKNOWN,UNKNOWN,UNKNOWN,None reported / Equipment stoppage or minor disruption.,,False,BRONZE,QUARANTINED
EVT-IMCA-1291,INCIDENT,International Marine Contractors Association (IMCA),SRC-IMCA-1291,2017-03-28,UNKNOWN,International Marine & Offshore,Marine & Vessel Operations,,UNKNOWN,UNKNOWN,UNKNOWN,None reported / Equipment stoppage or minor disruption.,,False,BRONZE,QUARANTINED
EVT-IMCA-1292,NEAR_MISS,International Marine Contractors Association (IMCA),SRC-IMCA-1292,2017-03-28,UNKNOWN,International Marine & Offshore,Marine & Vessel Operations,,UNKNOWN,UNKNOWN,UNKNOWN,None reported / Equipment stoppage or minor disruption.,,False,BRONZE,QUARANTINED
EVT-IMCA-1293,INCIDENT,International Marine Contractors Association (IMCA),SRC-IMCA-1293,2017-03-28,UNKNOWN,International Marine & Offshore,Lifting & Rigging Operations,crane,UNKNOWN,UNKNOWN,UNKNOWN,None reported / Equipment stoppage or minor disruption.,,False,BRONZE,QUARANTINED
EVT-IMCA-1294,NEAR_MISS,International Marine Contractors Association (IMCA),SRC-IMCA-1294,2017-03-28,UNKNOWN,International Marine & Offshore,Marine & Vessel Operations,,UNKNOWN,UNKNOWN,UNKNOWN,None reported / Equipment stoppage or minor disruption.,,False,BRONZE,QUARANTINED
EVT-IMCA-1295,INCIDENT,International Marine Contractors Association (IMCA),SRC-IMCA-1295,2017-03-21,UNKNOWN,International Marine & Offshore,General Industrial / Offshore Operations,,THERMAL,UNKNOWN,UNKNOWN,None reported / Equipment stoppage or minor disruption.,,False,BRONZE,QUARANTINED
EVT-IMCA-1296,NEAR_MISS,International Marine Contractors Association (IMCA),SRC-IMCA-1296,2017-03-21,UNKNOWN,International Marine & Offshore,Piping & Pressure Maintenance,,UNKNOWN,UNKNOWN,UNKNOWN,No injuries occurred (Near Miss / Potential Consequence only).,None,False,BRONZE,QUARANTINED
EVT-IMCA-1297,NEAR_MISS,International Marine Contractors Association (IMCA),SRC-IMCA-1297,2017-03-21,UNKNOWN,International Marine & Offshore,General Industrial / Offshore Operations,,THERMAL,UNKNOWN,UNKNOWN,No injuries occurred (Near Miss / Potential Consequence only).,None,False,BRONZE,QUARANTINED
EVT-IMCA-1298,NEAR_MISS,International Marine Contractors Association (IMCA),SRC-IMCA-1298,2017-03-21,UNKNOWN,International Marine & Offshore,General Industrial / Offshore Operations,pump,THERMAL,UNKNOWN,UNKNOWN,No injuries occurred (Near Miss / Potential Consequence only).,None,False,BRONZE,QUARANTINED
EVT-IMCA-1299,NEAR_MISS,International Marine Contractors Association (IMCA),SRC-IMCA-1299,2017-03-03,UNKNOWN,International Marine & Offshore,Subsea & Diving Operations,,UNKNOWN,UNKNOWN,UNKNOWN,None reported / Equipment stoppage or minor disruption.,,False,BRONZE,QUARANTINED
EVT-IMCA-1300,NEAR_MISS,International Marine Contractors Association (IMCA),SRC-IMCA-1300,2017-03-03,UNKNOWN,International Marine & Offshore,Subsea & Diving Operations,,UNKNOWN,UNKNOWN,UNKNOWN,No injuries occurred (Near Miss / Potential Consequence only).,None,False,BRONZE,QUARANTINED
EVT-IMCA-1301,NEAR_MISS,International Marine Contractors Association (IMCA),SRC-IMCA-1301,2017-03-03,UNKNOWN,International Marine & Offshore,Piping & Pressure Maintenance,,UNKNOWN,UNKNOWN,UNKNOWN,No injuries occurred (Near Miss / Potential Consequence only).,None,False,BRONZE,QUARANTINED
EVT-IMCA-1302,NEAR_MISS,International Marine Contractors Association (IMCA),SRC-IMCA-1302,2017-02-27,UNKNOWN,International Marine & Offshore,Lifting & Rigging Operations,,UNKNOWN,UNKNOWN,UNKNOWN,None reported / Equipment stoppage or minor disruption.,,False,BRONZE,QUARANTINED
EVT-IMCA-1303,NEAR_MISS,International Marine Contractors Association (IMCA),SRC-IMCA-1303,2017-02-27,UNKNOWN,International Marine & Offshore,Hot Work Operations,,UNKNOWN,UNKNOWN,UNKNOWN,Minor injury requiring first aid or medical attention.,First aid / minor laceration or contusion,False,BRONZE,QUARANTINED
EVT-IMCA-1304,INCIDENT,International Marine Contractors Association (IMCA),SRC-IMCA-1304,2017-02-13,UNKNOWN,International Marine & Offshore,Subsea & Diving Operations,diver umbilical,UNKNOWN,UNKNOWN,UNKNOWN,No injuries occurred (Near Miss / Potential Consequence only).,None,False,BRONZE,QUARANTINED
EVT-IMCA-1305,INCIDENT,International Marine Contractors Association (IMCA),SRC-IMCA-1305,2017-01-25,UNKNOWN,International Marine & Offshore,Marine & Vessel Operations,,GRAVITATIONAL,TRUE,DERIVED,Fatal injury occurred.,Fatal injury,True,BRONZE,QUARANTINED
EVT-IMCA-1306,INCIDENT,International Marine Contractors Association (IMCA),SRC-IMCA-1306,2017-01-25,UNKNOWN,International Marine & Offshore,Marine & Vessel Operations,,GRAVITATIONAL,TRUE,DERIVED,Fatal injury occurred.,Fatal injury,True,BRONZE,QUARANTINED
EVT-IMCA-1307,INCIDENT,International Marine Contractors Association (IMCA),SRC-IMCA-1307,2016-12-20,UNKNOWN,International Marine & Offshore,General Industrial / Offshore Operations,,THERMAL,UNKNOWN,UNKNOWN,None reported / Equipment stoppage or minor disruption.,,False,BRONZE,QUARANTINED
EVT-IMCA-1308,NEAR_MISS,International Marine Contractors Association (IMCA),SRC-IMCA-1308,2016-12-20,UNKNOWN,International Marine & Offshore,General Industrial / Offshore Operations,,UNKNOWN,UNKNOWN,UNKNOWN,None reported / Equipment stoppage or minor disruption.,,False,BRONZE,QUARANTINED
EVT-IMCA-1309,INCIDENT,International Marine Contractors Association (IMCA),SRC-IMCA-1309,2016-12-20,UNKNOWN,International Marine & Offshore,General Industrial / Offshore Operations,,THERMAL,UNKNOWN,UNKNOWN,None reported / Equipment stoppage or minor disruption.,,False,BRONZE,QUARANTINED
EVT-IMCA-1310,INCIDENT,International Marine Contractors Association (IMCA),SRC-IMCA-1310,2016-12-20,UNKNOWN,International Marine & Offshore,General Industrial / Offshore Operations,,UNKNOWN,UNKNOWN,UNKNOWN,None reported / Equipment stoppage or minor disruption.,,False,BRONZE,QUARANTINED
EVT-IMCA-1311,NEAR_MISS,International Marine Contractors Association (IMCA),SRC-IMCA-1311,2016-12-20,UNKNOWN,International Marine & Offshore,General Industrial / Offshore Operations,,UNKNOWN,UNKNOWN,UNKNOWN,None reported / Equipment stoppage or minor disruption.,,False,BRONZE,QUARANTINED
EVT-IMCA-1312,INCIDENT,International Marine Contractors Association (IMCA),SRC-IMCA-1312,2016-12-20,UNKNOWN,International Marine & Offshore,General Industrial / Offshore Operations,steam,THERMAL,TRUE,DERIVED,Minor injury requiring first aid or medical attention.,First aid / minor laceration or contusion,False,BRONZE,QUARANTINED
EVT-IMCA-1313,NEAR_MISS,International Marine Contractors Association (IMCA),SRC-IMCA-1313,2016-12-16,UNKNOWN,International Marine & Offshore,Lifting & Rigging Operations,crane,UNKNOWN,UNKNOWN,UNKNOWN,None reported / Equipment stoppage or minor disruption.,,False,BRONZE,QUARANTINED
EVT-IMCA-1314,NEAR_MISS,International Marine Contractors Association (IMCA),SRC-IMCA-1314,2016-12-06,UNKNOWN,International Marine & Offshore,Marine & Vessel Operations,,UNKNOWN,UNKNOWN,UNKNOWN,None reported / Equipment stoppage or minor disruption.,,False,BRONZE,QUARANTINED
EVT-IMCA-1315,NEAR_MISS,International Marine Contractors Association (IMCA),SRC-IMCA-1315,2016-12-06,UNKNOWN,International Marine & Offshore,Lifting & Rigging Operations,crane,GRAVITATIONAL,UNKNOWN,UNKNOWN,No injuries occurred (Near Miss / Potential Consequence only).,None,False,BRONZE,QUARANTINED
EVT-IMCA-1316,INCIDENT,International Marine Contractors Association (IMCA),SRC-IMCA-1316,2016-12-06,UNKNOWN,International Marine & Offshore,Piping & Pressure Maintenance,,UNKNOWN,UNKNOWN,UNKNOWN,Fatal injury occurred.,Fatal injury,True,BRONZE,QUARANTINED
EVT-IMCA-1317,INCIDENT,International Marine Contractors Association (IMCA),SRC-IMCA-1317,2016-12-06,UNKNOWN,International Marine & Offshore,General Industrial / Offshore Operations,,ELECTRICAL,TRUE,DERIVED,Minor injury requiring first aid or medical attention.,First aid / minor laceration or contusion,False,BRONZE,QUARANTINED
EVT-IMCA-1318,NEAR_MISS,International Marine Contractors Association (IMCA),SRC-IMCA-1318,2016-12-06,UNKNOWN,International Marine & Offshore,Marine & Vessel Operations,,UNKNOWN,UNKNOWN,UNKNOWN,None reported / Equipment stoppage or minor disruption.,,False,BRONZE,QUARANTINED
EVT-IMCA-1319,INCIDENT,International Marine Contractors Association (IMCA),SRC-IMCA-1319,2016-12-06,UNKNOWN,International Marine & Offshore,General Industrial / Offshore Operations,,UNKNOWN,UNKNOWN,UNKNOWN,None reported / Equipment stoppage or minor disruption.,,False,BRONZE,QUARANTINED
EVT-IMCA-1320,NEAR_MISS,International Marine Contractors Association (IMCA),SRC-IMCA-1320,2016-12-04,UNKNOWN,International Marine & Offshore,Piping & Pressure Maintenance,,UNKNOWN,UNKNOWN,UNKNOWN,None reported / Equipment stoppage or minor disruption.,,False,BRONZE,QUARANTINED
EVT-IMCA-1321,NEAR_MISS,International Marine Contractors Association (IMCA),SRC-IMCA-1321,2016-11-29,UNKNOWN,International Marine & Offshore,General Industrial / Offshore Operations,,UNKNOWN,UNKNOWN,UNKNOWN,None reported / Equipment stoppage or minor disruption.,,False,BRONZE,QUARANTINED
EVT-IMCA-1322,NEAR_MISS,International Marine Contractors Association (IMCA),SRC-IMCA-1322,2016-11-29,UNKNOWN,International Marine & Offshore,General Industrial / Offshore Operations,,UNKNOWN,UNKNOWN,UNKNOWN,None reported / Equipment stoppage or minor disruption.,,False,BRONZE,QUARANTINED
EVT-IMCA-1323,NEAR_MISS,International Marine Contractors Association (IMCA),SRC-IMCA-1323,2016-11-29,UNKNOWN,International Marine & Offshore,General Industrial / Offshore Operations,,UNKNOWN,UNKNOWN,UNKNOWN,None reported / Equipment stoppage or minor disruption.,,False,BRONZE,QUARANTINED
EVT-IMCA-1324,NEAR_MISS,International Marine Contractors Association (IMCA),SRC-IMCA-1324,2016-11-29,UNKNOWN,International Marine & Offshore,General Industrial / Offshore Operations,,UNKNOWN,UNKNOWN,UNKNOWN,None reported / Equipment stoppage or minor disruption.,,False,BRONZE,QUARANTINED
EVT-IMCA-1325,NEAR_MISS,International Marine Contractors Association (IMCA),SRC-IMCA-1325,2016-11-29,UNKNOWN,International Marine & Offshore,General Industrial / Offshore Operations,,UNKNOWN,UNKNOWN,UNKNOWN,None reported / Equipment stoppage or minor disruption.,,False,BRONZE,QUARANTINED
EVT-IMCA-1326,NEAR_MISS,International Marine Contractors Association (IMCA),SRC-IMCA-1326,2016-11-29,UNKNOWN,International Marine & Offshore,Lifting & Rigging Operations,crane,GRAVITATIONAL,UNKNOWN,UNKNOWN,No injuries occurred (Near Miss / Potential Consequence only).,None,False,BRONZE,QUARANTINED
EVT-IMCA-1327,NEAR_MISS,International Marine Contractors Association (IMCA),SRC-IMCA-1327,2016-11-29,UNKNOWN,International Marine & Offshore,General Industrial / Offshore Operations,,GRAVITATIONAL,UNKNOWN,UNKNOWN,No injuries occurred (Near Miss / Potential Consequence only).,None,False,BRONZE,QUARANTINED
EVT-IMCA-1328,INCIDENT,International Marine Contractors Association (IMCA),SRC-IMCA-1328,2016-11-29,UNKNOWN,International Marine & Offshore,General Industrial / Offshore Operations,,GRAVITATIONAL,TRUE,DERIVED,Fatal injury occurred.,Fatal injury,True,BRONZE,QUARANTINED
EVT-IMCA-1329,NEAR_MISS,International Marine Contractors Association (IMCA),SRC-IMCA-1329,2016-11-29,UNKNOWN,International Marine & Offshore,General Industrial / Offshore Operations,,UNKNOWN,TRUE,EXPLICIT,No injuries occurred (Near Miss / Potential Consequence only).,None,False,BRONZE,QUARANTINED
EVT-IMCA-1330,INCIDENT,International Marine Contractors Association (IMCA),SRC-IMCA-1330,2016-11-22,UNKNOWN,International Marine & Offshore,Subsea & Diving Operations,,THERMAL,TRUE,DERIVED,None reported / Equipment stoppage or minor disruption.,,False,BRONZE,QUARANTINED
EVT-IMCA-1331,INCIDENT,International Marine Contractors Association (IMCA),SRC-IMCA-1331,2016-11-22,UNKNOWN,International Marine & Offshore,Subsea & Diving Operations,,UNKNOWN,UNKNOWN,UNKNOWN,None reported / Equipment stoppage or minor disruption.,,False,BRONZE,QUARANTINED
EVT-IMCA-1332,NEAR_MISS,International Marine Contractors Association (IMCA),SRC-IMCA-1332,2016-11-22,UNKNOWN,International Marine & Offshore,Subsea & Diving Operations,,UNKNOWN,UNKNOWN,UNKNOWN,No injuries occurred (Near Miss / Potential Consequence only).,None,False,BRONZE,QUARANTINED
EVT-IMCA-1333,NEAR_MISS,International Marine Contractors Association (IMCA),SRC-IMCA-1333,2016-11-22,UNKNOWN,International Marine & Offshore,Subsea & Diving Operations,,UNKNOWN,UNKNOWN,UNKNOWN,None reported / Equipment stoppage or minor disruption.,,False,BRONZE,QUARANTINED
EVT-IMCA-1334,NEAR_MISS,International Marine Contractors Association (IMCA),SRC-IMCA-1334,2016-11-22,UNKNOWN,International Marine & Offshore,General Industrial / Offshore Operations,,UNKNOWN,UNKNOWN,UNKNOWN,None reported / Equipment stoppage or minor disruption.,,False,BRONZE,QUARANTINED
EVT-IMCA-1335,NEAR_MISS,International Marine Contractors Association (IMCA),SRC-IMCA-1335,2016-11-22,UNKNOWN,International Marine & Offshore,Marine & Vessel Operations,,UNKNOWN,UNKNOWN,UNKNOWN,None reported / Equipment stoppage or minor disruption.,,False,BRONZE,QUARANTINED
EVT-IMCA-1336,INCIDENT,International Marine Contractors Association (IMCA),SRC-IMCA-1336,2016-11-09,UNKNOWN,International Marine & Offshore,General Industrial / Offshore Operations,,UNKNOWN,UNKNOWN,UNKNOWN,Fatal injury occurred.,Fatal injury,True,BRONZE,QUARANTINED
EVT-IMCA-1337,INCIDENT,International Marine Contractors Association (IMCA),SRC-IMCA-1337,2016-11-09,UNKNOWN,International Marine & Offshore,General Industrial / Offshore Operations,,UNKNOWN,UNKNOWN,UNKNOWN,None reported / Equipment stoppage or minor disruption.,,False,BRONZE,QUARANTINED
EVT-IMCA-1338,INCIDENT,International Marine Contractors Association (IMCA),SRC-IMCA-1338,2016-11-09,UNKNOWN,International Marine & Offshore,General Industrial / Offshore Operations,,UNKNOWN,UNKNOWN,UNKNOWN,None reported / Equipment stoppage or minor disruption.,,False,BRONZE,QUARANTINED
EVT-IMCA-1339,NEAR_MISS,International Marine Contractors Association (IMCA),SRC-IMCA-1339,2016-11-09,UNKNOWN,International Marine & Offshore,General Industrial / Offshore Operations,hose,UNKNOWN,UNKNOWN,UNKNOWN,No injuries occurred (Near Miss / Potential Consequence only).,None,False,BRONZE,QUARANTINED
EVT-IMCA-1340,NEAR_MISS,International Marine Contractors Association (IMCA),SRC-IMCA-1340,2016-11-09,UNKNOWN,International Marine & Offshore,General Industrial / Offshore Operations,,UNKNOWN,UNKNOWN,UNKNOWN,None reported / Equipment stoppage or minor disruption.,,False,BRONZE,QUARANTINED
EVT-IMCA-1341,NEAR_MISS,International Marine Contractors Association (IMCA),SRC-IMCA-1341,2016-10-24,UNKNOWN,International Marine & Offshore,Lifting & Rigging Operations,acid,CHEMICAL,UNKNOWN,UNKNOWN,None reported / Equipment stoppage or minor disruption.,,False,BRONZE,QUARANTINED
EVT-IMCA-1342,NEAR_MISS,International Marine Contractors Association (IMCA),SRC-IMCA-1342,2016-10-24,UNKNOWN,International Marine & Offshore,Lifting & Rigging Operations,crane,UNKNOWN,UNKNOWN,UNKNOWN,None reported / Equipment stoppage or minor disruption.,,False,BRONZE,QUARANTINED
EVT-IMCA-1343,NEAR_MISS,International Marine Contractors Association (IMCA),SRC-IMCA-1343,2016-10-24,Offshore Fixed Platform,International Marine & Offshore,Lifting & Rigging Operations,pressure safety valve,UNKNOWN,UNKNOWN,UNKNOWN,None reported / Equipment stoppage or minor disruption.,,False,BRONZE,QUARANTINED
EVT-IMCA-1344,INCIDENT,International Marine Contractors Association (IMCA),SRC-IMCA-1344,2016-10-24,UNKNOWN,International Marine & Offshore,Marine & Vessel Operations,,UNKNOWN,UNKNOWN,UNKNOWN,None reported / Equipment stoppage or minor disruption.,,False,BRONZE,QUARANTINED
EVT-IMCA-1345,NEAR_MISS,International Marine Contractors Association (IMCA),SRC-IMCA-1345,2016-10-24,UNKNOWN,International Marine & Offshore,General Industrial / Offshore Operations,,GRAVITATIONAL,UNKNOWN,UNKNOWN,None reported / Equipment stoppage or minor disruption.,,False,BRONZE,QUARANTINED
EVT-IMCA-1346,NEAR_MISS,International Marine Contractors Association (IMCA),SRC-IMCA-1346,2016-10-18,UNKNOWN,International Marine & Offshore,Hot Work Operations,,UNKNOWN,UNKNOWN,UNKNOWN,Minor injury requiring first aid or medical attention.,First aid / minor laceration or contusion,False,BRONZE,QUARANTINED
EVT-IMCA-1347,INCIDENT,International Marine Contractors Association (IMCA),SRC-IMCA-1347,2016-10-18,UNKNOWN,International Marine & Offshore,Lifting & Rigging Operations,,THERMAL,TRUE,DERIVED,None reported / Equipment stoppage or minor disruption.,,False,BRONZE,QUARANTINED
EVT-IMCA-1348,INCIDENT,International Marine Contractors Association (IMCA),SRC-IMCA-1348,2016-10-18,UNKNOWN,International Marine & Offshore,Piping & Pressure Maintenance,valve,UNKNOWN,UNKNOWN,UNKNOWN,None reported / Equipment stoppage or minor disruption.,,False,BRONZE,QUARANTINED
EVT-IMCA-1349,INCIDENT,International Marine Contractors Association (IMCA),SRC-IMCA-1349,2016-10-18,UNKNOWN,International Marine & Offshore,General Industrial / Offshore Operations,,UNKNOWN,UNKNOWN,UNKNOWN,None reported / Equipment stoppage or minor disruption.,,False,BRONZE,QUARANTINED
EVT-IMCA-1350,INCIDENT,International Marine Contractors Association (IMCA),SRC-IMCA-1350,2016-10-18,UNKNOWN,International Marine & Offshore,General Industrial / Offshore Operations,,UNKNOWN,UNKNOWN,UNKNOWN,None reported / Equipment stoppage or minor disruption.,,False,BRONZE,QUARANTINED
EVT-IMCA-1351,NEAR_MISS,International Marine Contractors Association (IMCA),SRC-IMCA-1351,2016-10-18,UNKNOWN,International Marine & Offshore,Hot Work Operations,,UNKNOWN,UNKNOWN,UNKNOWN,None reported / Equipment stoppage or minor disruption.,,False,BRONZE,QUARANTINED
EVT-IMCA-1352,NEAR_MISS,International Marine Contractors Association (IMCA),SRC-IMCA-1352,2016-10-12,UNKNOWN,International Marine & Offshore,General Industrial / Offshore Operations,,UNKNOWN,UNKNOWN,UNKNOWN,No injuries occurred (Near Miss / Potential Consequence only).,None,False,BRONZE,QUARANTINED
EVT-IMCA-1353,NEAR_MISS,International Marine Contractors Association (IMCA),SRC-IMCA-1353,2016-10-12,UNKNOWN,International Marine & Offshore,General Industrial / Offshore Operations,,UNKNOWN,UNKNOWN,UNKNOWN,No injuries occurred (Near Miss / Potential Consequence only).,None,False,BRONZE,QUARANTINED
EVT-IMCA-1354,INCIDENT,International Marine Contractors Association (IMCA),SRC-IMCA-1354,2016-10-12,UNKNOWN,International Marine & Offshore,General Industrial / Offshore Operations,,UNKNOWN,UNKNOWN,UNKNOWN,None reported / Equipment stoppage or minor disruption.,,False,BRONZE,QUARANTINED
EVT-IMCA-1355,NEAR_MISS,International Marine Contractors Association (IMCA),SRC-IMCA-1355,2016-10-12,UNKNOWN,International Marine & Offshore,General Industrial / Offshore Operations,,UNKNOWN,UNKNOWN,UNKNOWN,None reported / Equipment stoppage or minor disruption.,,False,BRONZE,QUARANTINED
EVT-IMCA-1356,NEAR_MISS,International Marine Contractors Association (IMCA),SRC-IMCA-1356,2016-10-06,UNKNOWN,International Marine & Offshore,Subsea & Diving Operations,remotely operated vehicle (ROV),PRESSURE,UNKNOWN,UNKNOWN,No injuries occurred (Near Miss / Potential Consequence only).,None,False,BRONZE,QUARANTINED
EVT-IMCA-1357,UC,International Marine Contractors Association (IMCA),SRC-IMCA-1357,2016-10-06,UNKNOWN,International Marine & Offshore,Piping & Pressure Maintenance,,UNKNOWN,UNKNOWN,UNKNOWN,None reported / Equipment stoppage or minor disruption.,,False,BRONZE,QUARANTINED
EVT-IMCA-1358,INCIDENT,International Marine Contractors Association (IMCA),SRC-IMCA-1358,2016-10-03,UNKNOWN,International Marine & Offshore,General Industrial / Offshore Operations,,THERMAL,UNKNOWN,UNKNOWN,None reported / Equipment stoppage or minor disruption.,,False,BRONZE,QUARANTINED
EVT-IMCA-1359,INCIDENT,International Marine Contractors Association (IMCA),SRC-IMCA-1359,2016-10-03,UNKNOWN,International Marine & Offshore,General Industrial / Offshore Operations,,THERMAL,UNKNOWN,UNKNOWN,None reported / Equipment stoppage or minor disruption.,,False,BRONZE,QUARANTINED
EVT-IMCA-1360,NEAR_MISS,International Marine Contractors Association (IMCA),SRC-IMCA-1360,2016-10-03,UNKNOWN,International Marine & Offshore,Marine & Vessel Operations,,UNKNOWN,UNKNOWN,UNKNOWN,None reported / Equipment stoppage or minor disruption.,,False,BRONZE,QUARANTINED
EVT-IMCA-1361,INCIDENT,International Marine Contractors Association (IMCA),SRC-IMCA-1361,2016-10-03,UNKNOWN,International Marine & Offshore,Hot Work Operations,,UNKNOWN,TRUE,EXPLICIT,No injuries occurred (Near Miss / Potential Consequence only).,None,False,BRONZE,QUARANTINED
EVT-IMCA-1362,NEAR_MISS,International Marine Contractors Association (IMCA),SRC-IMCA-1362,2016-10-03,UNKNOWN,International Marine & Offshore,Marine & Vessel Operations,,UNKNOWN,UNKNOWN,UNKNOWN,None reported / Equipment stoppage or minor disruption.,,False,BRONZE,QUARANTINED
EVT-IMCA-1363,INCIDENT,International Marine Contractors Association (IMCA),SRC-IMCA-1363,2016-09-20,UNKNOWN,International Marine & Offshore,General Industrial / Offshore Operations,,THERMAL,TRUE,DERIVED,Fatal injury occurred.,Fatal injury,True,BRONZE,QUARANTINED
EVT-IMCA-1364,NEAR_MISS,International Marine Contractors Association (IMCA),SRC-IMCA-1364,2016-09-20,UNKNOWN,International Marine & Offshore,Hot Work Operations,hot work,THERMAL,UNKNOWN,UNKNOWN,No injuries occurred (Near Miss / Potential Consequence only).,None,False,BRONZE,QUARANTINED
EVT-IMCA-1365,INCIDENT,International Marine Contractors Association (IMCA),SRC-IMCA-1365,2016-09-20,UNKNOWN,International Marine & Offshore,Marine & Vessel Operations,,THERMAL,UNKNOWN,UNKNOWN,None reported / Equipment stoppage or minor disruption.,,False,BRONZE,QUARANTINED
EVT-IMCA-1366,NEAR_MISS,International Marine Contractors Association (IMCA),SRC-IMCA-1366,2016-09-13,UNKNOWN,International Marine & Offshore,General Industrial / Offshore Operations,,GRAVITATIONAL,UNKNOWN,UNKNOWN,None reported / Equipment stoppage or minor disruption.,,False,BRONZE,QUARANTINED
EVT-IMCA-1367,NEAR_MISS,International Marine Contractors Association (IMCA),SRC-IMCA-1367,2016-09-13,UNKNOWN,International Marine & Offshore,Lifting & Rigging Operations,crane,GRAVITATIONAL,UNKNOWN,UNKNOWN,None reported / Equipment stoppage or minor disruption.,,False,BRONZE,QUARANTINED
EVT-IMCA-1368,NEAR_MISS,International Marine Contractors Association (IMCA),SRC-IMCA-1368,2016-09-13,UNKNOWN,International Marine & Offshore,General Industrial / Offshore Operations,,GRAVITATIONAL,UNKNOWN,UNKNOWN,None reported / Equipment stoppage or minor disruption.,,False,BRONZE,QUARANTINED
EVT-IMCA-1369,NEAR_MISS,International Marine Contractors Association (IMCA),SRC-IMCA-1369,2016-09-13,UNKNOWN,International Marine & Offshore,General Industrial / Offshore Operations,,UNKNOWN,UNKNOWN,UNKNOWN,None reported / Equipment stoppage or minor disruption.,,False,BRONZE,QUARANTINED
EVT-IMCA-1370,NEAR_MISS,International Marine Contractors Association (IMCA),SRC-IMCA-1370,2016-09-13,UNKNOWN,International Marine & Offshore,General Industrial / Offshore Operations,,GRAVITATIONAL,TRUE,EXPLICIT,No injuries occurred (Near Miss / Potential Consequence only).,None,False,BRONZE,QUARANTINED
EVT-IMCA-1371,INCIDENT,International Marine Contractors Association (IMCA),SRC-IMCA-1371,2016-09-01,UNKNOWN,International Marine & Offshore,General Industrial / Offshore Operations,,UNKNOWN,TRUE,EXPLICIT,Fatal injury occurred.,Fatal injury,True,BRONZE,QUARANTINED
EVT-IMCA-1372,NEAR_MISS,International Marine Contractors Association (IMCA),SRC-IMCA-1372,2016-09-01,UNKNOWN,International Marine & Offshore,General Industrial / Offshore Operations,,UNKNOWN,UNKNOWN,UNKNOWN,No injuries occurred (Near Miss / Potential Consequence only).,None,False,BRONZE,QUARANTINED
EVT-IMCA-1373,NEAR_MISS,International Marine Contractors Association (IMCA),SRC-IMCA-1373,2016-09-01,UNKNOWN,International Marine & Offshore,General Industrial / Offshore Operations,,GRAVITATIONAL,UNKNOWN,UNKNOWN,None reported / Equipment stoppage or minor disruption.,,False,BRONZE,QUARANTINED
EVT-IMCA-1374,NEAR_MISS,International Marine Contractors Association (IMCA),SRC-IMCA-1374,2016-09-01,UNKNOWN,International Marine & Offshore,Lifting & Rigging Operations,,UNKNOWN,UNKNOWN,UNKNOWN,None reported / Equipment stoppage or minor disruption.,,False,BRONZE,QUARANTINED
EVT-IMCA-1375,NEAR_MISS,International Marine Contractors Association (IMCA),SRC-IMCA-1375,2016-09-01,UNKNOWN,International Marine & Offshore,General Industrial / Offshore Operations,,UNKNOWN,UNKNOWN,UNKNOWN,None reported / Equipment stoppage or minor disruption.,,False,BRONZE,QUARANTINED
EVT-IMCA-1376,NEAR_MISS,International Marine Contractors Association (IMCA),SRC-IMCA-1376,2016-08-10,UNKNOWN,International Marine & Offshore,Hot Work Operations,,UNKNOWN,UNKNOWN,UNKNOWN,Minor injury requiring first aid or medical attention.,First aid / minor laceration or contusion,False,BRONZE,QUARANTINED
EVT-IMCA-1377,NEAR_MISS,International Marine Contractors Association (IMCA),SRC-IMCA-1377,2016-08-10,UNKNOWN,International Marine & Offshore,General Industrial / Offshore Operations,,UNKNOWN,UNKNOWN,UNKNOWN,None reported / Equipment stoppage or minor disruption.,,False,BRONZE,QUARANTINED
EVT-IMCA-1378,NEAR_MISS,International Marine Contractors Association (IMCA),SRC-IMCA-1378,2016-08-10,UNKNOWN,International Marine & Offshore,Lifting & Rigging Operations,lifting sling,UNKNOWN,UNKNOWN,UNKNOWN,None reported / Equipment stoppage or minor disruption.,,False,BRONZE,QUARANTINED
EVT-IMCA-1379,NEAR_MISS,International Marine Contractors Association (IMCA),SRC-IMCA-1379,2016-08-10,UNKNOWN,International Marine & Offshore,Lifting & Rigging Operations,,UNKNOWN,UNKNOWN,UNKNOWN,None reported / Equipment stoppage or minor disruption.,,False,BRONZE,QUARANTINED
EVT-IMCA-1380,UC,International Marine Contractors Association (IMCA),SRC-IMCA-1380,2016-08-10,UNKNOWN,International Marine & Offshore,General Industrial / Offshore Operations,,UNKNOWN,UNKNOWN,UNKNOWN,None reported / Equipment stoppage or minor disruption.,,False,BRONZE,QUARANTINED
EVT-IMCA-1381,NEAR_MISS,International Marine Contractors Association (IMCA),SRC-IMCA-1381,2016-08-02,UNKNOWN,International Marine & Offshore,Subsea & Diving Operations,,UNKNOWN,UNKNOWN,UNKNOWN,No injuries occurred (Near Miss / Potential Consequence only).,None,False,BRONZE,QUARANTINED
EVT-IMCA-1382,NEAR_MISS,International Marine Contractors Association (IMCA),SRC-IMCA-1382,2016-08-02,UNKNOWN,International Marine & Offshore,Subsea & Diving Operations,,UNKNOWN,UNKNOWN,UNKNOWN,None reported / Equipment stoppage or minor disruption.,,False,BRONZE,QUARANTINED
EVT-IMCA-1383,INCIDENT,International Marine Contractors Association (IMCA),SRC-IMCA-1383,2016-08-02,UNKNOWN,International Marine & Offshore,Subsea & Diving Operations,,PRESSURE,TRUE,DERIVED,Fatal injury occurred.,Fatal injury,True,BRONZE,QUARANTINED
EVT-IMCA-1384,NEAR_MISS,International Marine Contractors Association (IMCA),SRC-IMCA-1384,2016-08-02,UNKNOWN,International Marine & Offshore,Lifting & Rigging Operations,lift / elevator,UNKNOWN,UNKNOWN,UNKNOWN,None reported / Equipment stoppage or minor disruption.,,False,BRONZE,QUARANTINED
EVT-IMCA-1385,INCIDENT,International Marine Contractors Association (IMCA),SRC-IMCA-1385,2016-07-12,UNKNOWN,International Marine & Offshore,Piping & Pressure Maintenance,,UNKNOWN,UNKNOWN,UNKNOWN,None reported / Equipment stoppage or minor disruption.,,False,BRONZE,QUARANTINED
EVT-IMCA-1386,INCIDENT,International Marine Contractors Association (IMCA),SRC-IMCA-1386,2016-07-12,UNKNOWN,International Marine & Offshore,General Industrial / Offshore Operations,,UNKNOWN,UNKNOWN,UNKNOWN,Lost time / serious personal injury sustained.,Fracture / Lost time injury,False,BRONZE,QUARANTINED
EVT-IMCA-1387,NEAR_MISS,International Marine Contractors Association (IMCA),SRC-IMCA-1387,2016-07-12,UNKNOWN,International Marine & Offshore,Lifting & Rigging Operations,crane,UNKNOWN,UNKNOWN,UNKNOWN,None reported / Equipment stoppage or minor disruption.,,False,BRONZE,QUARANTINED
EVT-IMCA-1388,INCIDENT,International Marine Contractors Association (IMCA),SRC-IMCA-1388,2016-07-12,UNKNOWN,International Marine & Offshore,General Industrial / Offshore Operations,,UNKNOWN,UNKNOWN,UNKNOWN,None reported / Equipment stoppage or minor disruption.,,False,BRONZE,QUARANTINED
EVT-IMCA-1389,INCIDENT,International Marine Contractors Association (IMCA),SRC-IMCA-1389,2016-07-12,UNKNOWN,International Marine & Offshore,General Industrial / Offshore Operations,,UNKNOWN,UNKNOWN,UNKNOWN,None reported / Equipment stoppage or minor disruption.,,False,BRONZE,QUARANTINED
EVT-IMCA-1390,NEAR_MISS,International Marine Contractors Association (IMCA),SRC-IMCA-1390,2016-07-04,UNKNOWN,International Marine & Offshore,Piping & Pressure Maintenance,,PRESSURE,UNKNOWN,UNKNOWN,No injuries occurred (Near Miss / Potential Consequence only).,None,False,BRONZE,QUARANTINED
EVT-IMCA-1391,NEAR_MISS,International Marine Contractors Association (IMCA),SRC-IMCA-1391,2016-07-04,UNKNOWN,International Marine & Offshore,Piping & Pressure Maintenance,winch,PRESSURE,UNKNOWN,UNKNOWN,No injuries occurred (Near Miss / Potential Consequence only).,None,False,BRONZE,QUARANTINED
EVT-IMCA-1392,UC,International Marine Contractors Association (IMCA),SRC-IMCA-1392,2016-07-04,UNKNOWN,International Marine & Offshore,Piping & Pressure Maintenance,,PRESSURE,UNKNOWN,UNKNOWN,None reported / Equipment stoppage or minor disruption.,,False,BRONZE,QUARANTINED
EVT-IMCA-1393,INCIDENT,International Marine Contractors Association (IMCA),SRC-IMCA-1393,2016-07-04,UNKNOWN,International Marine & Offshore,General Industrial / Offshore Operations,,UNKNOWN,UNKNOWN,UNKNOWN,None reported / Equipment stoppage or minor disruption.,,False,BRONZE,QUARANTINED
EVT-IMCA-1394,NEAR_MISS,International Marine Contractors Association (IMCA),SRC-IMCA-1394,2016-07-04,UNKNOWN,International Marine & Offshore,General Industrial / Offshore Operations,,UNKNOWN,UNKNOWN,UNKNOWN,None reported / Equipment stoppage or minor disruption.,,False,BRONZE,QUARANTINED
EVT-IMCA-1395,NEAR_MISS,International Marine Contractors Association (IMCA),SRC-IMCA-1395,2016-06-30,Offshore Fixed Platform,International Marine & Offshore,General Industrial / Offshore Operations,,UNKNOWN,UNKNOWN,UNKNOWN,No injuries occurred (Near Miss / Potential Consequence only).,None,False,BRONZE,QUARANTINED
EVT-IMCA-1396,NEAR_MISS,International Marine Contractors Association (IMCA),SRC-IMCA-1396,2016-06-30,UNKNOWN,International Marine & Offshore,Marine & Vessel Operations,,UNKNOWN,UNKNOWN,UNKNOWN,None reported / Equipment stoppage or minor disruption.,,False,BRONZE,QUARANTINED
EVT-IMCA-1397,NEAR_MISS,International Marine Contractors Association (IMCA),SRC-IMCA-1397,2016-06-30,UNKNOWN,International Marine & Offshore,General Industrial / Offshore Operations,,UNKNOWN,UNKNOWN,UNKNOWN,None reported / Equipment stoppage or minor disruption.,,False,BRONZE,QUARANTINED
EVT-IMCA-1398,NEAR_MISS,International Marine Contractors Association (IMCA),SRC-IMCA-1398,2016-06-30,Offshore Fixed Platform,International Marine & Offshore,Marine & Vessel Operations,,UNKNOWN,UNKNOWN,UNKNOWN,No injuries occurred (Near Miss / Potential Consequence only).,None,False,BRONZE,QUARANTINED
EVT-IMCA-1399,NEAR_MISS,International Marine Contractors Association (IMCA),SRC-IMCA-1399,2016-06-30,UNKNOWN,International Marine & Offshore,General Industrial / Offshore Operations,,UNKNOWN,UNKNOWN,UNKNOWN,No injuries occurred (Near Miss / Potential Consequence only).,None,False,BRONZE,QUARANTINED
EVT-IMCA-1400,NEAR_MISS,International Marine Contractors Association (IMCA),SRC-IMCA-1400,2016-06-30,UNKNOWN,International Marine & Offshore,General Industrial / Offshore Operations,,UNKNOWN,UNKNOWN,UNKNOWN,None reported / Equipment stoppage or minor disruption.,,False,BRONZE,QUARANTINED
EVT-IMCA-1401,NEAR_MISS,International Marine Contractors Association (IMCA),SRC-IMCA-1401,2016-06-27,UNKNOWN,International Marine & Offshore,Lifting & Rigging Operations,crane,GRAVITATIONAL,UNKNOWN,UNKNOWN,None reported / Equipment stoppage or minor disruption.,,False,BRONZE,QUARANTINED
EVT-IMCA-1402,NEAR_MISS,International Marine Contractors Association (IMCA),SRC-IMCA-1402,2016-06-27,UNKNOWN,International Marine & Offshore,General Industrial / Offshore Operations,,UNKNOWN,TRUE,EXPLICIT,No injuries occurred (Near Miss / Potential Consequence only).,None,False,BRONZE,QUARANTINED
EVT-IMCA-1403,UC,International Marine Contractors Association (IMCA),SRC-IMCA-1403,2016-06-27,UNKNOWN,International Marine & Offshore,Drilling & Well Intervention,,UNKNOWN,UNKNOWN,UNKNOWN,None reported / Equipment stoppage or minor disruption.,,False,BRONZE,QUARANTINED
EVT-IMCA-1404,NEAR_MISS,International Marine Contractors Association (IMCA),SRC-IMCA-1404,2016-06-27,UNKNOWN,International Marine & Offshore,Lifting & Rigging Operations,shackle,UNKNOWN,UNKNOWN,UNKNOWN,No injuries occurred (Near Miss / Potential Consequence only).,None,False,BRONZE,QUARANTINED
EVT-IMCA-1405,NEAR_MISS,International Marine Contractors Association (IMCA),SRC-IMCA-1405,2016-06-27,UNKNOWN,International Marine & Offshore,General Industrial / Offshore Operations,,UNKNOWN,UNKNOWN,UNKNOWN,None reported / Equipment stoppage or minor disruption.,,False,BRONZE,QUARANTINED
EVT-IMCA-1406,NEAR_MISS,International Marine Contractors Association (IMCA),SRC-IMCA-1406,2016-05-19,UNKNOWN,International Marine & Offshore,General Industrial / Offshore Operations,,UNKNOWN,UNKNOWN,UNKNOWN,None reported / Equipment stoppage or minor disruption.,,False,BRONZE,QUARANTINED
EVT-IMCA-1407,NEAR_MISS,International Marine Contractors Association (IMCA),SRC-IMCA-1407,2016-05-17,UNKNOWN,International Marine & Offshore,Lifting & Rigging Operations,crane,UNKNOWN,UNKNOWN,UNKNOWN,None reported / Equipment stoppage or minor disruption.,,False,BRONZE,QUARANTINED
EVT-IMCA-1408,NEAR_MISS,International Marine Contractors Association (IMCA),SRC-IMCA-1408,2016-05-17,UNKNOWN,International Marine & Offshore,General Industrial / Offshore Operations,,GRAVITATIONAL,UNKNOWN,UNKNOWN,None reported / Equipment stoppage or minor disruption.,,False,BRONZE,QUARANTINED
EVT-IMCA-1409,NEAR_MISS,International Marine Contractors Association (IMCA),SRC-IMCA-1409,2016-05-17,UNKNOWN,International Marine & Offshore,General Industrial / Offshore Operations,,GRAVITATIONAL,UNKNOWN,UNKNOWN,None reported / Equipment stoppage or minor disruption.,,False,BRONZE,QUARANTINED
EVT-IMCA-1410,NEAR_MISS,International Marine Contractors Association (IMCA),SRC-IMCA-1410,2016-05-16,UNKNOWN,International Marine & Offshore,General Industrial / Offshore Operations,,UNKNOWN,UNKNOWN,UNKNOWN,None reported / Equipment stoppage or minor disruption.,,False,BRONZE,QUARANTINED
EVT-IMCA-1411,NEAR_MISS,International Marine Contractors Association (IMCA),SRC-IMCA-1411,2016-05-16,UNKNOWN,International Marine & Offshore,General Industrial / Offshore Operations,,UNKNOWN,UNKNOWN,UNKNOWN,None reported / Equipment stoppage or minor disruption.,,False,BRONZE,QUARANTINED
EVT-IMCA-1412,NEAR_MISS,International Marine Contractors Association (IMCA),SRC-IMCA-1412,2016-05-16,UNKNOWN,International Marine & Offshore,Lifting & Rigging Operations,,UNKNOWN,UNKNOWN,UNKNOWN,None reported / Equipment stoppage or minor disruption.,,False,BRONZE,QUARANTINED
EVT-IMCA-1413,INCIDENT,International Marine Contractors Association (IMCA),SRC-IMCA-1413,2016-05-06,UNKNOWN,International Marine & Offshore,General Industrial / Offshore Operations,,UNKNOWN,UNKNOWN,UNKNOWN,Minor injury requiring first aid or medical attention.,First aid / minor laceration or contusion,False,BRONZE,QUARANTINED
EVT-IMCA-1414,INCIDENT,International Marine Contractors Association (IMCA),SRC-IMCA-1414,2016-05-06,UNKNOWN,International Marine & Offshore,General Industrial / Offshore Operations,,PRESSURE,TRUE,DERIVED,Lost time / serious personal injury sustained.,Fracture / Lost time injury,False,BRONZE,QUARANTINED
EVT-IMCA-1415,INCIDENT,International Marine Contractors Association (IMCA),SRC-IMCA-1415,2016-05-06,UNKNOWN,International Marine & Offshore,General Industrial / Offshore Operations,,THERMAL,UNKNOWN,UNKNOWN,None reported / Equipment stoppage or minor disruption.,,False,BRONZE,QUARANTINED
EVT-IMCA-1416,NEAR_MISS,International Marine Contractors Association (IMCA),SRC-IMCA-1416,2016-05-06,UNKNOWN,International Marine & Offshore,General Industrial / Offshore Operations,,UNKNOWN,UNKNOWN,UNKNOWN,None reported / Equipment stoppage or minor disruption.,,False,BRONZE,QUARANTINED
EVT-IMCA-1417,INCIDENT,International Marine Contractors Association (IMCA),SRC-IMCA-1417,2016-05-06,UNKNOWN,International Marine & Offshore,Lifting & Rigging Operations,crane,UNKNOWN,UNKNOWN,UNKNOWN,Fatal injury occurred.,Fatal injury,True,BRONZE,QUARANTINED
EVT-IMCA-1418,INCIDENT,International Marine Contractors Association (IMCA),SRC-IMCA-1418,2016-04-29,UNKNOWN,International Marine & Offshore,Lifting & Rigging Operations,,UNKNOWN,TRUE,EXPLICIT,Fatal injury occurred.,Fatal injury,True,BRONZE,QUARANTINED
EVT-IMCA-1419,NEAR_MISS,International Marine Contractors Association (IMCA),SRC-IMCA-1419,2016-04-18,UNKNOWN,International Marine & Offshore,Marine & Vessel Operations,,UNKNOWN,UNKNOWN,UNKNOWN,None reported / Equipment stoppage or minor disruption.,,False,BRONZE,QUARANTINED
EVT-IMCA-1420,INCIDENT,International Marine Contractors Association (IMCA),SRC-IMCA-1420,2016-04-18,UNKNOWN,International Marine & Offshore,Marine & Vessel Operations,,UNKNOWN,UNKNOWN,UNKNOWN,None reported / Equipment stoppage or minor disruption.,,False,BRONZE,QUARANTINED
EVT-IMCA-1421,INCIDENT,International Marine Contractors Association (IMCA),SRC-IMCA-1421,2016-04-18,UNKNOWN,International Marine & Offshore,General Industrial / Offshore Operations,,UNKNOWN,UNKNOWN,UNKNOWN,None reported / Equipment stoppage or minor disruption.,,False,BRONZE,QUARANTINED
EVT-IMCA-1422,NEAR_MISS,International Marine Contractors Association (IMCA),SRC-IMCA-1422,2016-04-18,UNKNOWN,International Marine & Offshore,Marine & Vessel Operations,,UNKNOWN,UNKNOWN,UNKNOWN,No injuries occurred (Near Miss / Potential Consequence only).,None,False,BRONZE,QUARANTINED
EVT-IMCA-1423,INCIDENT,International Marine Contractors Association (IMCA),SRC-IMCA-1423,2016-04-13,UNKNOWN,International Marine & Offshore,General Industrial / Offshore Operations,,PRESSURE,TRUE,EXPLICIT,Fatal injury occurred.,Fatal injury,True,BRONZE,QUARANTINED
EVT-IMCA-1424,INCIDENT,International Marine Contractors Association (IMCA),SRC-IMCA-1424,2016-04-13,UNKNOWN,International Marine & Offshore,General Industrial / Offshore Operations,,UNKNOWN,UNKNOWN,UNKNOWN,Lost time / serious personal injury sustained.,Fracture / Lost time injury,False,BRONZE,QUARANTINED
EVT-IMCA-1425,INCIDENT,International Marine Contractors Association (IMCA),SRC-IMCA-1425,2016-04-13,UNKNOWN,International Marine & Offshore,General Industrial / Offshore Operations,,UNKNOWN,UNKNOWN,UNKNOWN,None reported / Equipment stoppage or minor disruption.,,False,BRONZE,QUARANTINED
EVT-IMCA-1426,NEAR_MISS,International Marine Contractors Association (IMCA),SRC-IMCA-1426,2016-04-13,UNKNOWN,International Marine & Offshore,General Industrial / Offshore Operations,,GRAVITATIONAL,UNKNOWN,UNKNOWN,No injuries occurred (Near Miss / Potential Consequence only).,None,False,BRONZE,QUARANTINED
EVT-IMCA-1427,NEAR_MISS,International Marine Contractors Association (IMCA),SRC-IMCA-1427,2016-04-13,UNKNOWN,International Marine & Offshore,General Industrial / Offshore Operations,,GRAVITATIONAL,UNKNOWN,UNKNOWN,None reported / Equipment stoppage or minor disruption.,,False,BRONZE,QUARANTINED
EVT-IMCA-1428,NEAR_MISS,International Marine Contractors Association (IMCA),SRC-IMCA-1428,2016-04-13,UNKNOWN,International Marine & Offshore,General Industrial / Offshore Operations,,UNKNOWN,UNKNOWN,UNKNOWN,None reported / Equipment stoppage or minor disruption.,,False,BRONZE,QUARANTINED
EVT-IMCA-1429,NEAR_MISS,International Marine Contractors Association (IMCA),SRC-IMCA-1429,2016-03-31,UNKNOWN,International Marine & Offshore,General Industrial / Offshore Operations,,THERMAL,UNKNOWN,UNKNOWN,No injuries occurred (Near Miss / Potential Consequence only).,None,False,BRONZE,QUARANTINED
EVT-IMCA-1430,INCIDENT,International Marine Contractors Association (IMCA),SRC-IMCA-1430,2016-03-31,UNKNOWN,International Marine & Offshore,Marine & Vessel Operations,,UNKNOWN,UNKNOWN,UNKNOWN,None reported / Equipment stoppage or minor disruption.,,False,BRONZE,QUARANTINED
EVT-IMCA-1431,NEAR_MISS,International Marine Contractors Association (IMCA),SRC-IMCA-1431,2016-03-31,UNKNOWN,International Marine & Offshore,Marine & Vessel Operations,,UNKNOWN,UNKNOWN,UNKNOWN,No injuries occurred (Near Miss / Potential Consequence only).,None,False,BRONZE,QUARANTINED
EVT-IMCA-1432,NEAR_MISS,International Marine Contractors Association (IMCA),SRC-IMCA-1432,2016-03-31,UNKNOWN,International Marine & Offshore,General Industrial / Offshore Operations,vehicle,KINETIC,UNKNOWN,UNKNOWN,None reported / Equipment stoppage or minor disruption.,,False,BRONZE,QUARANTINED
EVT-IMCA-1433,INCIDENT,International Marine Contractors Association (IMCA),SRC-IMCA-1433,2016-03-03,UNKNOWN,International Marine & Offshore,General Industrial / Offshore Operations,,UNKNOWN,TRUE,EXPLICIT,Fatal injury occurred.,Fatal injury,True,BRONZE,QUARANTINED
EVT-IMCA-1434,NEAR_MISS,International Marine Contractors Association (IMCA),SRC-IMCA-1434,2016-03-03,UNKNOWN,International Marine & Offshore,General Industrial / Offshore Operations,,UNKNOWN,UNKNOWN,UNKNOWN,None reported / Equipment stoppage or minor disruption.,,False,BRONZE,QUARANTINED
EVT-IMCA-1435,NEAR_MISS,International Marine Contractors Association (IMCA),SRC-IMCA-1435,2016-02-24,UNKNOWN,International Marine & Offshore,General Industrial / Offshore Operations,,UNKNOWN,UNKNOWN,UNKNOWN,None reported / Equipment stoppage or minor disruption.,,False,BRONZE,QUARANTINED
EVT-IMCA-1436,NEAR_MISS,International Marine Contractors Association (IMCA),SRC-IMCA-1436,2016-02-24,UNKNOWN,International Marine & Offshore,Subsea & Diving Operations,diver umbilical,UNKNOWN,UNKNOWN,UNKNOWN,No injuries occurred (Near Miss / Potential Consequence only).,None,False,BRONZE,QUARANTINED
EVT-IMCA-1437,INCIDENT,International Marine Contractors Association (IMCA),SRC-IMCA-1437,2016-02-24,UNKNOWN,International Marine & Offshore,General Industrial / Offshore Operations,,UNKNOWN,UNKNOWN,UNKNOWN,Lost time / serious personal injury sustained.,Fracture / Lost time injury,False,BRONZE,QUARANTINED
EVT-IMCA-1438,NEAR_MISS,International Marine Contractors Association (IMCA),SRC-IMCA-1438,2016-02-24,UNKNOWN,International Marine & Offshore,General Industrial / Offshore Operations,,UNKNOWN,UNKNOWN,UNKNOWN,None reported / Equipment stoppage or minor disruption.,,False,BRONZE,QUARANTINED
EVT-IMCA-1439,INCIDENT,International Marine Contractors Association (IMCA),SRC-IMCA-1439,2016-02-05,UNKNOWN,International Marine & Offshore,General Industrial / Offshore Operations,,UNKNOWN,UNKNOWN,UNKNOWN,Fatal injury occurred.,Fatal injury,True,BRONZE,QUARANTINED
EVT-IMCA-1440,NEAR_MISS,International Marine Contractors Association (IMCA),SRC-IMCA-1440,2016-02-05,UNKNOWN,International Marine & Offshore,General Industrial / Offshore Operations,,UNKNOWN,UNKNOWN,UNKNOWN,No injuries occurred (Near Miss / Potential Consequence only).,None,False,BRONZE,QUARANTINED
EVT-IMCA-1441,NEAR_MISS,International Marine Contractors Association (IMCA),SRC-IMCA-1441,2016-02-05,UNKNOWN,International Marine & Offshore,General Industrial / Offshore Operations,,UNKNOWN,UNKNOWN,UNKNOWN,None reported / Equipment stoppage or minor disruption.,,False,BRONZE,QUARANTINED
EVT-IMCA-1442,INCIDENT,International Marine Contractors Association (IMCA),SRC-IMCA-1442,2016-02-05,UNKNOWN,International Marine & Offshore,General Industrial / Offshore Operations,,UNKNOWN,UNKNOWN,UNKNOWN,None reported / Equipment stoppage or minor disruption.,,False,BRONZE,QUARANTINED
EVT-IMCA-1443,INCIDENT,International Marine Contractors Association (IMCA),SRC-IMCA-1443,2016-02-05,UNKNOWN,International Marine & Offshore,General Industrial / Offshore Operations,,UNKNOWN,UNKNOWN,UNKNOWN,None reported / Equipment stoppage or minor disruption.,,False,BRONZE,QUARANTINED
EVT-IMCA-1444,INCIDENT,International Marine Contractors Association (IMCA),SRC-IMCA-1444,2016-01-27,UNKNOWN,International Marine & Offshore,General Industrial / Offshore Operations,,PRESSURE,TRUE,DERIVED,Lost time / serious personal injury sustained.,Fracture / Lost time injury,False,BRONZE,QUARANTINED
EVT-IMCA-1445,NEAR_MISS,International Marine Contractors Association (IMCA),SRC-IMCA-1445,2016-01-27,UNKNOWN,International Marine & Offshore,Marine & Vessel Operations,,UNKNOWN,UNKNOWN,UNKNOWN,None reported / Equipment stoppage or minor disruption.,,False,BRONZE,QUARANTINED
EVT-IMCA-1446,INCIDENT,International Marine Contractors Association (IMCA),SRC-IMCA-1446,2016-01-27,UNKNOWN,International Marine & Offshore,General Industrial / Offshore Operations,,THERMAL,UNKNOWN,UNKNOWN,None reported / Equipment stoppage or minor disruption.,,False,BRONZE,QUARANTINED
EVT-IMCA-1447,NEAR_MISS,International Marine Contractors Association (IMCA),SRC-IMCA-1447,2016-01-27,UNKNOWN,International Marine & Offshore,Piping & Pressure Maintenance,valve,UNKNOWN,UNKNOWN,UNKNOWN,None reported / Equipment stoppage or minor disruption.,,False,BRONZE,QUARANTINED
EVT-IMCA-1448,NEAR_MISS,International Marine Contractors Association (IMCA),SRC-IMCA-1448,2016-01-15,UNKNOWN,International Marine & Offshore,Lifting & Rigging Operations,crane,UNKNOWN,UNKNOWN,UNKNOWN,Fatal injury occurred.,Fatal injury,True,BRONZE,QUARANTINED
EVT-IMCA-1449,INCIDENT,International Marine Contractors Association (IMCA),SRC-IMCA-1449,2016-01-15,UNKNOWN,International Marine & Offshore,General Industrial / Offshore Operations,,UNKNOWN,UNKNOWN,UNKNOWN,Fatal injury occurred.,Fatal injury,True,BRONZE,QUARANTINED
EVT-IMCA-1450,INCIDENT,International Marine Contractors Association (IMCA),SRC-IMCA-1450,2016-01-15,UNKNOWN,International Marine & Offshore,General Industrial / Offshore Operations,,UNKNOWN,UNKNOWN,UNKNOWN,Lost time / serious personal injury sustained.,Fracture / Lost time injury,False,BRONZE,QUARANTINED
EVT-IMCA-1452,NEAR_MISS,International Marine Contractors Association (IMCA),SRC-IMCA-1452,2016-01-07,UNKNOWN,International Marine & Offshore,Subsea & Diving Operations,winch,KINETIC,TRUE,EXPLICIT,No injuries occurred (Near Miss / Potential Consequence only).,None,False,BRONZE,QUARANTINED
EVT-IMCA-1453,NEAR_MISS,International Marine Contractors Association (IMCA),SRC-IMCA-1453,2016-01-07,UNKNOWN,International Marine & Offshore,Subsea & Diving Operations,valve,PRESSURE,UNKNOWN,UNKNOWN,None reported / Equipment stoppage or minor disruption.,,False,BRONZE,QUARANTINED
EVT-IMCA-1454,NEAR_MISS,International Marine Contractors Association (IMCA),SRC-IMCA-1454,2016-01-07,UNKNOWN,International Marine & Offshore,Subsea & Diving Operations,,UNKNOWN,TRUE,EXPLICIT,No injuries occurred (Near Miss / Potential Consequence only).,None,False,BRONZE,QUARANTINED
EVT-IMCA-1455,NEAR_MISS,International Marine Contractors Association (IMCA),SRC-IMCA-1455,2015-12-15,UNKNOWN,International Marine & Offshore,General Industrial / Offshore Operations,,UNKNOWN,UNKNOWN,UNKNOWN,None reported / Equipment stoppage or minor disruption.,,False,BRONZE,QUARANTINED
EVT-IMCA-1456,NEAR_MISS,International Marine Contractors Association (IMCA),SRC-IMCA-1456,2015-12-15,UNKNOWN,International Marine & Offshore,Piping & Pressure Maintenance,,UNKNOWN,UNKNOWN,UNKNOWN,None reported / Equipment stoppage or minor disruption.,,False,BRONZE,QUARANTINED
EVT-IMCA-1457,NEAR_MISS,International Marine Contractors Association (IMCA),SRC-IMCA-1457,2015-12-15,UNKNOWN,International Marine & Offshore,Lifting & Rigging Operations,,UNKNOWN,UNKNOWN,UNKNOWN,No injuries occurred (Near Miss / Potential Consequence only).,None,False,BRONZE,QUARANTINED
EVT-IMCA-1458,NEAR_MISS,International Marine Contractors Association (IMCA),SRC-IMCA-1458,2015-12-15,UNKNOWN,International Marine & Offshore,General Industrial / Offshore Operations,winch,KINETIC,UNKNOWN,UNKNOWN,No injuries occurred (Near Miss / Potential Consequence only).,None,False,BRONZE,QUARANTINED
EVT-IMCA-1459,NEAR_MISS,International Marine Contractors Association (IMCA),SRC-IMCA-1459,2015-12-15,UNKNOWN,International Marine & Offshore,Piping & Pressure Maintenance,,UNKNOWN,UNKNOWN,UNKNOWN,None reported / Equipment stoppage or minor disruption.,,False,BRONZE,QUARANTINED
EVT-IMCA-1460,INCIDENT,International Marine Contractors Association (IMCA),SRC-IMCA-1460,2015-12-15,UNKNOWN,International Marine & Offshore,General Industrial / Offshore Operations,,THERMAL,UNKNOWN,UNKNOWN,None reported / Equipment stoppage or minor disruption.,,False,BRONZE,QUARANTINED
EVT-IMCA-1461,NEAR_MISS,International Marine Contractors Association (IMCA),SRC-IMCA-1461,2015-12-07,UNKNOWN,International Marine & Offshore,Lifting & Rigging Operations,crane,UNKNOWN,UNKNOWN,UNKNOWN,No injuries occurred (Near Miss / Potential Consequence only).,None,False,BRONZE,QUARANTINED
EVT-IMCA-1462,NEAR_MISS,International Marine Contractors Association (IMCA),SRC-IMCA-1462,2015-12-07,UNKNOWN,International Marine & Offshore,Lifting & Rigging Operations,crane,UNKNOWN,UNKNOWN,UNKNOWN,No injuries occurred (Near Miss / Potential Consequence only).,None,False,BRONZE,QUARANTINED
EVT-IMCA-1463,INCIDENT,International Marine Contractors Association (IMCA),SRC-IMCA-1463,2015-12-07,UNKNOWN,International Marine & Offshore,Drilling & Well Intervention,,UNKNOWN,UNKNOWN,UNKNOWN,Fatal injury occurred.,Fatal injury,True,BRONZE,QUARANTINED
EVT-IMCA-1464,NEAR_MISS,International Marine Contractors Association (IMCA),SRC-IMCA-1464,2015-12-07,UNKNOWN,International Marine & Offshore,Lifting & Rigging Operations,crane,UNKNOWN,UNKNOWN,UNKNOWN,No injuries occurred (Near Miss / Potential Consequence only).,None,False,BRONZE,QUARANTINED
EVT-IMCA-1465,INCIDENT,International Marine Contractors Association (IMCA),SRC-IMCA-1465,2015-12-03,UNKNOWN,International Marine & Offshore,General Industrial / Offshore Operations,,UNKNOWN,UNKNOWN,UNKNOWN,Fatal injury occurred.,Fatal injury,True,BRONZE,QUARANTINED
EVT-IMCA-1466,NEAR_MISS,International Marine Contractors Association (IMCA),SRC-IMCA-1466,2015-12-03,UNKNOWN,International Marine & Offshore,General Industrial / Offshore Operations,,UNKNOWN,UNKNOWN,UNKNOWN,None reported / Equipment stoppage or minor disruption.,,False,BRONZE,QUARANTINED
EVT-IMCA-1467,NEAR_MISS,International Marine Contractors Association (IMCA),SRC-IMCA-1467,2015-12-03,UNKNOWN,International Marine & Offshore,General Industrial / Offshore Operations,,UNKNOWN,UNKNOWN,UNKNOWN,None reported / Equipment stoppage or minor disruption.,,False,BRONZE,QUARANTINED
EVT-IMCA-1469,NEAR_MISS,International Marine Contractors Association (IMCA),SRC-IMCA-1469,2015-11-23,UNKNOWN,International Marine & Offshore,Marine & Vessel Operations,,UNKNOWN,UNKNOWN,UNKNOWN,No injuries occurred (Near Miss / Potential Consequence only).,None,False,BRONZE,QUARANTINED
EVT-IMCA-1470,INCIDENT,International Marine Contractors Association (IMCA),SRC-IMCA-1470,2015-11-23,UNKNOWN,International Marine & Offshore,Lifting & Rigging Operations,,UNKNOWN,UNKNOWN,UNKNOWN,None reported / Equipment stoppage or minor disruption.,,False,BRONZE,QUARANTINED
EVT-IMCA-1471,INCIDENT,International Marine Contractors Association (IMCA),SRC-IMCA-1471,2015-11-23,UNKNOWN,International Marine & Offshore,Marine & Vessel Operations,,THERMAL,UNKNOWN,UNKNOWN,None reported / Equipment stoppage or minor disruption.,,False,BRONZE,QUARANTINED
EVT-IMCA-1472,INCIDENT,International Marine Contractors Association (IMCA),SRC-IMCA-1472,2015-11-23,UNKNOWN,International Marine & Offshore,Drilling & Well Intervention,,UNKNOWN,UNKNOWN,UNKNOWN,None reported / Equipment stoppage or minor disruption.,,False,BRONZE,QUARANTINED
EVT-IMCA-1473,NEAR_MISS,International Marine Contractors Association (IMCA),SRC-IMCA-1473,2015-11-19,UNKNOWN,International Marine & Offshore,General Industrial / Offshore Operations,,UNKNOWN,UNKNOWN,UNKNOWN,None reported / Equipment stoppage or minor disruption.,,False,BRONZE,QUARANTINED
EVT-IMCA-1474,NEAR_MISS,International Marine Contractors Association (IMCA),SRC-IMCA-1474,2015-11-19,UNKNOWN,International Marine & Offshore,General Industrial / Offshore Operations,,UNKNOWN,UNKNOWN,UNKNOWN,None reported / Equipment stoppage or minor disruption.,,False,BRONZE,QUARANTINED
EVT-IMCA-1475,NEAR_MISS,International Marine Contractors Association (IMCA),SRC-IMCA-1475,2015-11-19,UNKNOWN,International Marine & Offshore,General Industrial / Offshore Operations,,UNKNOWN,UNKNOWN,UNKNOWN,None reported / Equipment stoppage or minor disruption.,,False,BRONZE,QUARANTINED
EVT-IMCA-1476,INCIDENT,International Marine Contractors Association (IMCA),SRC-IMCA-1476,2015-11-19,UNKNOWN,International Marine & Offshore,General Industrial / Offshore Operations,,UNKNOWN,UNKNOWN,UNKNOWN,Lost time / serious personal injury sustained.,Fracture / Lost time injury,False,BRONZE,QUARANTINED
EVT-IMCA-1477,NEAR_MISS,International Marine Contractors Association (IMCA),SRC-IMCA-1477,2015-10-26,UNKNOWN,International Marine & Offshore,Marine & Vessel Operations,,UNKNOWN,UNKNOWN,UNKNOWN,None reported / Equipment stoppage or minor disruption.,,False,BRONZE,QUARANTINED
EVT-IMCA-1478,NEAR_MISS,International Marine Contractors Association (IMCA),SRC-IMCA-1478,2015-10-26,UNKNOWN,International Marine & Offshore,General Industrial / Offshore Operations,,UNKNOWN,TRUE,EXPLICIT,No injuries occurred (Near Miss / Potential Consequence only).,None,False,BRONZE,QUARANTINED
EVT-IMCA-1479,NEAR_MISS,International Marine Contractors Association (IMCA),SRC-IMCA-1479,2015-10-22,UNKNOWN,International Marine & Offshore,General Industrial / Offshore Operations,,UNKNOWN,UNKNOWN,UNKNOWN,None reported / Equipment stoppage or minor disruption.,,False,BRONZE,QUARANTINED
EVT-IMCA-1480,NEAR_MISS,International Marine Contractors Association (IMCA),SRC-IMCA-1480,2015-10-22,UNKNOWN,International Marine & Offshore,General Industrial / Offshore Operations,,UNKNOWN,UNKNOWN,UNKNOWN,None reported / Equipment stoppage or minor disruption.,,False,BRONZE,QUARANTINED
EVT-IMCA-1481,INCIDENT,International Marine Contractors Association (IMCA),SRC-IMCA-1481,2015-10-22,UNKNOWN,International Marine & Offshore,General Industrial / Offshore Operations,,THERMAL,TRUE,DERIVED,None reported / Equipment stoppage or minor disruption.,,False,BRONZE,QUARANTINED
EVT-IMCA-1482,NEAR_MISS,International Marine Contractors Association (IMCA),SRC-IMCA-1482,2015-10-22,UNKNOWN,International Marine & Offshore,General Industrial / Offshore Operations,,UNKNOWN,UNKNOWN,UNKNOWN,None reported / Equipment stoppage or minor disruption.,,False,BRONZE,QUARANTINED
EVT-IMCA-1483,NEAR_MISS,International Marine Contractors Association (IMCA),SRC-IMCA-1483,2015-10-22,UNKNOWN,International Marine & Offshore,General Industrial / Offshore Operations,,UNKNOWN,UNKNOWN,UNKNOWN,None reported / Equipment stoppage or minor disruption.,,False,BRONZE,QUARANTINED
EVT-IMCA-1484,INCIDENT,International Marine Contractors Association (IMCA),SRC-IMCA-1484,2015-10-13,UNKNOWN,International Marine & Offshore,Lifting & Rigging Operations,,GRAVITATIONAL,TRUE,DERIVED,Fatal injury occurred.,Fatal injury,True,BRONZE,QUARANTINED
EVT-IMCA-1485,INCIDENT,International Marine Contractors Association (IMCA),SRC-IMCA-1485,2015-10-13,UNKNOWN,International Marine & Offshore,Piping & Pressure Maintenance,valve,UNKNOWN,UNKNOWN,UNKNOWN,None reported / Equipment stoppage or minor disruption.,,False,BRONZE,QUARANTINED
EVT-IMCA-1486,NEAR_MISS,International Marine Contractors Association (IMCA),SRC-IMCA-1486,2015-10-13,UNKNOWN,International Marine & Offshore,Lifting & Rigging Operations,crane,UNKNOWN,UNKNOWN,UNKNOWN,None reported / Equipment stoppage or minor disruption.,,False,BRONZE,QUARANTINED
EVT-IMCA-1487,INCIDENT,International Marine Contractors Association (IMCA),SRC-IMCA-1487,2015-10-02,UNKNOWN,International Marine & Offshore,General Industrial / Offshore Operations,,UNKNOWN,TRUE,EXPLICIT,Fatal injury occurred.,Fatal injury,True,BRONZE,QUARANTINED
EVT-IMCA-1488,NEAR_MISS,International Marine Contractors Association (IMCA),SRC-IMCA-1488,2015-10-02,UNKNOWN,International Marine & Offshore,General Industrial / Offshore Operations,,GRAVITATIONAL,UNKNOWN,UNKNOWN,None reported / Equipment stoppage or minor disruption.,,False,BRONZE,QUARANTINED
EVT-IMCA-1489,NEAR_MISS,International Marine Contractors Association (IMCA),SRC-IMCA-1489,2015-10-02,UNKNOWN,International Marine & Offshore,General Industrial / Offshore Operations,,ELECTRICAL,UNKNOWN,UNKNOWN,None reported / Equipment stoppage or minor disruption.,,False,BRONZE,QUARANTINED
EVT-IMCA-1490,NEAR_MISS,International Marine Contractors Association (IMCA),SRC-IMCA-1490,2015-10-02,UNKNOWN,International Marine & Offshore,General Industrial / Offshore Operations,lifting sling,UNKNOWN,UNKNOWN,UNKNOWN,None reported / Equipment stoppage or minor disruption.,,False,BRONZE,QUARANTINED
EVT-IMCA-1491,NEAR_MISS,International Marine Contractors Association (IMCA),SRC-IMCA-1491,2015-10-02,UNKNOWN,International Marine & Offshore,Lifting & Rigging Operations,,GRAVITATIONAL,UNKNOWN,UNKNOWN,No injuries occurred (Near Miss / Potential Consequence only).,None,False,BRONZE,QUARANTINED
EVT-IMCA-1492,NEAR_MISS,International Marine Contractors Association (IMCA),SRC-IMCA-1492,2015-10-02,UNKNOWN,International Marine & Offshore,Subsea & Diving Operations,remotely operated vehicle (ROV),GRAVITATIONAL,UNKNOWN,UNKNOWN,No injuries occurred (Near Miss / Potential Consequence only).,None,False,BRONZE,QUARANTINED
EVT-IMCA-1493,INCIDENT,International Marine Contractors Association (IMCA),SRC-IMCA-1493,2015-10-02,UNKNOWN,International Marine & Offshore,General Industrial / Offshore Operations,,UNKNOWN,TRUE,EXPLICIT,Fatal injury occurred.,Fatal injury,True,BRONZE,QUARANTINED
EVT-IMCA-1494,INCIDENT,International Marine Contractors Association (IMCA),SRC-IMCA-1494,2015-10-02,UNKNOWN,International Marine & Offshore,Hot Work Operations,,UNKNOWN,UNKNOWN,UNKNOWN,Fatal injury occurred.,Fatal injury,True,BRONZE,QUARANTINED
EVT-IMCA-1495,NEAR_MISS,International Marine Contractors Association (IMCA),SRC-IMCA-1495,2015-09-21,UNKNOWN,International Marine & Offshore,Marine & Vessel Operations,,UNKNOWN,UNKNOWN,UNKNOWN,None reported / Equipment stoppage or minor disruption.,,False,BRONZE,QUARANTINED
EVT-IMCA-1496,INCIDENT,International Marine Contractors Association (IMCA),SRC-IMCA-1496,2015-09-21,UNKNOWN,International Marine & Offshore,Lifting & Rigging Operations,winch,KINETIC,TRUE,DERIVED,Lost time / serious personal injury sustained.,Fracture / Lost time injury,False,BRONZE,QUARANTINED
EVT-IMCA-1497,INCIDENT,International Marine Contractors Association (IMCA),SRC-IMCA-1497,2015-09-21,UNKNOWN,International Marine & Offshore,Marine & Vessel Operations,hose,THERMAL,UNKNOWN,UNKNOWN,None reported / Equipment stoppage or minor disruption.,,False,BRONZE,QUARANTINED
EVT-IMCA-1498,NEAR_MISS,International Marine Contractors Association (IMCA),SRC-IMCA-1498,2015-08-28,UNKNOWN,International Marine & Offshore,General Industrial / Offshore Operations,generator,UNKNOWN,TRUE,EXPLICIT,No injuries occurred (Near Miss / Potential Consequence only).,None,False,BRONZE,QUARANTINED
EVT-IMCA-1499,NEAR_MISS,International Marine Contractors Association (IMCA),SRC-IMCA-1499,2015-08-28,UNKNOWN,International Marine & Offshore,General Industrial / Offshore Operations,,UNKNOWN,UNKNOWN,UNKNOWN,None reported / Equipment stoppage or minor disruption.,,False,BRONZE,QUARANTINED
EVT-IMCA-1500,NEAR_MISS,International Marine Contractors Association (IMCA),SRC-IMCA-1500,2015-08-28,Barge,International Marine & Offshore,General Industrial / Offshore Operations,,UNKNOWN,UNKNOWN,UNKNOWN,None reported / Equipment stoppage or minor disruption.,,False,BRONZE,QUARANTINED
EVT-IMCA-1501,INCIDENT,International Marine Contractors Association (IMCA),SRC-IMCA-1501,2015-08-28,UNKNOWN,International Marine & Offshore,General Industrial / Offshore Operations,,UNKNOWN,UNKNOWN,UNKNOWN,Fatal injury occurred.,Fatal injury,True,BRONZE,QUARANTINED
EVT-IMCA-1502,NEAR_MISS,International Marine Contractors Association (IMCA),SRC-IMCA-1502,2015-08-28,UNKNOWN,International Marine & Offshore,General Industrial / Offshore Operations,,UNKNOWN,UNKNOWN,UNKNOWN,None reported / Equipment stoppage or minor disruption.,,False,BRONZE,QUARANTINED
EVT-IMCA-1503,INCIDENT,International Marine Contractors Association (IMCA),SRC-IMCA-1503,2015-08-10,UNKNOWN,International Marine & Offshore,Subsea & Diving Operations,,UNKNOWN,UNKNOWN,UNKNOWN,Lost time / serious personal injury sustained.,Fracture / Lost time injury,False,BRONZE,QUARANTINED
EVT-IMCA-1504,NEAR_MISS,International Marine Contractors Association (IMCA),SRC-IMCA-1504,2015-08-10,UNKNOWN,International Marine & Offshore,Lifting & Rigging Operations,,UNKNOWN,UNKNOWN,UNKNOWN,No injuries occurred (Near Miss / Potential Consequence only).,None,False,BRONZE,QUARANTINED
EVT-IMCA-1505,NEAR_MISS,International Marine Contractors Association (IMCA),SRC-IMCA-1505,2015-08-10,UNKNOWN,International Marine & Offshore,Hot Work Operations,,UNKNOWN,UNKNOWN,UNKNOWN,Minor injury requiring first aid or medical attention.,First aid / minor laceration or contusion,False,BRONZE,QUARANTINED
EVT-IMCA-1506,INCIDENT,International Marine Contractors Association (IMCA),SRC-IMCA-1506,2015-08-10,UNKNOWN,International Marine & Offshore,Marine & Vessel Operations,,UNKNOWN,UNKNOWN,UNKNOWN,None reported / Equipment stoppage or minor disruption.,,False,BRONZE,QUARANTINED
EVT-IMCA-1507,NEAR_MISS,International Marine Contractors Association (IMCA),SRC-IMCA-1507,2015-08-10,UNKNOWN,International Marine & Offshore,Lifting & Rigging Operations,crane,GRAVITATIONAL,UNKNOWN,UNKNOWN,No injuries occurred (Near Miss / Potential Consequence only).,None,False,BRONZE,QUARANTINED
EVT-IMCA-1508,NEAR_MISS,International Marine Contractors Association (IMCA),SRC-IMCA-1508,2015-07-16,UNKNOWN,International Marine & Offshore,Lifting & Rigging Operations,crane,GRAVITATIONAL,UNKNOWN,UNKNOWN,No injuries occurred (Near Miss / Potential Consequence only).,None,False,BRONZE,QUARANTINED
EVT-IMCA-1509,NEAR_MISS,International Marine Contractors Association (IMCA),SRC-IMCA-1509,2015-07-16,UNKNOWN,International Marine & Offshore,General Industrial / Offshore Operations,,GRAVITATIONAL,UNKNOWN,UNKNOWN,No injuries occurred (Near Miss / Potential Consequence only).,None,False,BRONZE,QUARANTINED
EVT-IMCA-1510,NEAR_MISS,International Marine Contractors Association (IMCA),SRC-IMCA-1510,2015-07-16,UNKNOWN,International Marine & Offshore,Lifting & Rigging Operations,,UNKNOWN,UNKNOWN,UNKNOWN,None reported / Equipment stoppage or minor disruption.,,False,BRONZE,QUARANTINED
EVT-IMCA-1511,NEAR_MISS,International Marine Contractors Association (IMCA),SRC-IMCA-1511,2015-07-16,UNKNOWN,International Marine & Offshore,Hot Work Operations,,UNKNOWN,UNKNOWN,UNKNOWN,Minor injury requiring first aid or medical attention.,First aid / minor laceration or contusion,False,BRONZE,QUARANTINED
EVT-IMCA-1512,NEAR_MISS,International Marine Contractors Association (IMCA),SRC-IMCA-1512,2015-07-16,UNKNOWN,International Marine & Offshore,General Industrial / Offshore Operations,,UNKNOWN,UNKNOWN,UNKNOWN,None reported / Equipment stoppage or minor disruption.,,False,BRONZE,QUARANTINED
EVT-IMCA-1513,NEAR_MISS,International Marine Contractors Association (IMCA),SRC-IMCA-1513,2015-07-16,UNKNOWN,International Marine & Offshore,General Industrial / Offshore Operations,,UNKNOWN,UNKNOWN,UNKNOWN,None reported / Equipment stoppage or minor disruption.,,False,BRONZE,QUARANTINED
EVT-IMCA-1514,NEAR_MISS,International Marine Contractors Association (IMCA),SRC-IMCA-1514,2015-06-23,UNKNOWN,International Marine & Offshore,General Industrial / Offshore Operations,acid,CHEMICAL,UNKNOWN,UNKNOWN,No injuries occurred (Near Miss / Potential Consequence only).,None,False,BRONZE,QUARANTINED
EVT-IMCA-1515,INCIDENT,International Marine Contractors Association (IMCA),SRC-IMCA-1515,2015-06-23,UNKNOWN,International Marine & Offshore,Hot Work Operations,,UNKNOWN,UNKNOWN,UNKNOWN,None reported / Equipment stoppage or minor disruption.,,False,BRONZE,QUARANTINED
EVT-IMCA-1516,NEAR_MISS,International Marine Contractors Association (IMCA),SRC-IMCA-1516,2015-06-23,UNKNOWN,International Marine & Offshore,Marine & Vessel Operations,,UNKNOWN,UNKNOWN,UNKNOWN,No injuries occurred (Near Miss / Potential Consequence only).,None,False,BRONZE,QUARANTINED
EVT-IMCA-1517,INCIDENT,International Marine Contractors Association (IMCA),SRC-IMCA-1517,2015-06-23,UNKNOWN,International Marine & Offshore,Marine & Vessel Operations,,THERMAL,UNKNOWN,UNKNOWN,None reported / Equipment stoppage or minor disruption.,,False,BRONZE,QUARANTINED
EVT-IMCA-1518,INCIDENT,International Marine Contractors Association (IMCA),SRC-IMCA-1518,2015-06-23,UNKNOWN,International Marine & Offshore,General Industrial / Offshore Operations,,THERMAL,UNKNOWN,UNKNOWN,None reported / Equipment stoppage or minor disruption.,,False,BRONZE,QUARANTINED
EVT-IMCA-1519,NEAR_MISS,International Marine Contractors Association (IMCA),SRC-IMCA-1519,2015-06-23,UNKNOWN,International Marine & Offshore,Marine & Vessel Operations,,UNKNOWN,UNKNOWN,UNKNOWN,None reported / Equipment stoppage or minor disruption.,,False,BRONZE,QUARANTINED
EVT-IMCA-1520,NEAR_MISS,International Marine Contractors Association (IMCA),SRC-IMCA-1520,2015-06-05,UNKNOWN,International Marine & Offshore,Lifting & Rigging Operations,remotely operated vehicle (ROV),UNKNOWN,UNKNOWN,UNKNOWN,None reported / Equipment stoppage or minor disruption.,,False,BRONZE,QUARANTINED
EVT-IMCA-1521,NEAR_MISS,International Marine Contractors Association (IMCA),SRC-IMCA-1521,2015-06-02,UNKNOWN,International Marine & Offshore,Hot Work Operations,hot work,THERMAL,UNKNOWN,UNKNOWN,No injuries occurred (Near Miss / Potential Consequence only).,None,False,BRONZE,QUARANTINED
EVT-IMCA-1522,NEAR_MISS,International Marine Contractors Association (IMCA),SRC-IMCA-1522,2015-06-02,UNKNOWN,International Marine & Offshore,General Industrial / Offshore Operations,,THERMAL,UNKNOWN,UNKNOWN,No injuries occurred (Near Miss / Potential Consequence only).,None,False,BRONZE,QUARANTINED
EVT-IMCA-1523,INCIDENT,International Marine Contractors Association (IMCA),SRC-IMCA-1523,2015-06-02,UNKNOWN,International Marine & Offshore,General Industrial / Offshore Operations,,THERMAL,TRUE,DERIVED,Fatal injury occurred.,Fatal injury,True,BRONZE,QUARANTINED
EVT-IMCA-1524,INCIDENT,International Marine Contractors Association (IMCA),SRC-IMCA-1524,2015-06-02,UNKNOWN,International Marine & Offshore,Marine & Vessel Operations,hose,UNKNOWN,UNKNOWN,UNKNOWN,None reported / Equipment stoppage or minor disruption.,,False,BRONZE,QUARANTINED
EVT-IMCA-1525,NEAR_MISS,International Marine Contractors Association (IMCA),SRC-IMCA-1525,2015-05-29,UNKNOWN,International Marine & Offshore,Marine & Vessel Operations,,UNKNOWN,UNKNOWN,UNKNOWN,None reported / Equipment stoppage or minor disruption.,,False,BRONZE,QUARANTINED
EVT-IMCA-1526,NEAR_MISS,International Marine Contractors Association (IMCA),SRC-IMCA-1526,2015-05-29,Wind Turbine Generator,International Marine & Offshore,Piping & Pressure Maintenance,,UNKNOWN,UNKNOWN,UNKNOWN,No injuries occurred (Near Miss / Potential Consequence only).,None,False,BRONZE,QUARANTINED
EVT-IMCA-1527,NEAR_MISS,International Marine Contractors Association (IMCA),SRC-IMCA-1527,2015-05-29,UNKNOWN,International Marine & Offshore,General Industrial / Offshore Operations,,UNKNOWN,UNKNOWN,UNKNOWN,No injuries occurred (Near Miss / Potential Consequence only).,None,False,BRONZE,QUARANTINED
EVT-IMCA-1528,NEAR_MISS,International Marine Contractors Association (IMCA),SRC-IMCA-1528,2015-05-29,UNKNOWN,International Marine & Offshore,Marine & Vessel Operations,,UNKNOWN,UNKNOWN,UNKNOWN,No injuries occurred (Near Miss / Potential Consequence only).,None,False,BRONZE,QUARANTINED
EVT-IMCA-1529,NEAR_MISS,International Marine Contractors Association (IMCA),SRC-IMCA-1529,2015-05-08,UNKNOWN,International Marine & Offshore,Piping & Pressure Maintenance,,GRAVITATIONAL,UNKNOWN,UNKNOWN,None reported / Equipment stoppage or minor disruption.,,False,BRONZE,QUARANTINED
EVT-IMCA-1530,NEAR_MISS,International Marine Contractors Association (IMCA),SRC-IMCA-1530,2015-05-08,UNKNOWN,International Marine & Offshore,General Industrial / Offshore Operations,,UNKNOWN,UNKNOWN,UNKNOWN,None reported / Equipment stoppage or minor disruption.,,False,BRONZE,QUARANTINED
EVT-IMCA-1531,NEAR_MISS,International Marine Contractors Association (IMCA),SRC-IMCA-1531,2015-05-08,UNKNOWN,International Marine & Offshore,Marine & Vessel Operations,,UNKNOWN,UNKNOWN,UNKNOWN,None reported / Equipment stoppage or minor disruption.,,False,BRONZE,QUARANTINED
EVT-IMCA-1532,NEAR_MISS,International Marine Contractors Association (IMCA),SRC-IMCA-1532,2015-05-08,UNKNOWN,International Marine & Offshore,General Industrial / Offshore Operations,vehicle,KINETIC,UNKNOWN,UNKNOWN,No injuries occurred (Near Miss / Potential Consequence only).,None,False,BRONZE,QUARANTINED
EVT-IMCA-1533,NEAR_MISS,International Marine Contractors Association (IMCA),SRC-IMCA-1533,2015-05-08,UNKNOWN,International Marine & Offshore,General Industrial / Offshore Operations,,UNKNOWN,UNKNOWN,UNKNOWN,None reported / Equipment stoppage or minor disruption.,,False,BRONZE,QUARANTINED
EVT-IMCA-1534,INCIDENT,International Marine Contractors Association (IMCA),SRC-IMCA-1534,2015-04-02,UNKNOWN,International Marine & Offshore,Marine & Vessel Operations,,UNKNOWN,TRUE,EXPLICIT,Fatal injury occurred.,Fatal injury,True,BRONZE,QUARANTINED
EVT-IMCA-1535,NEAR_MISS,International Marine Contractors Association (IMCA),SRC-IMCA-1535,2015-04-02,UNKNOWN,International Marine & Offshore,Lifting & Rigging Operations,,UNKNOWN,UNKNOWN,UNKNOWN,None reported / Equipment stoppage or minor disruption.,,False,BRONZE,QUARANTINED
EVT-IMCA-1536,NEAR_MISS,International Marine Contractors Association (IMCA),SRC-IMCA-1536,2015-04-02,UNKNOWN,International Marine & Offshore,Subsea & Diving Operations,winch,KINETIC,UNKNOWN,UNKNOWN,None reported / Equipment stoppage or minor disruption.,,False,BRONZE,QUARANTINED
EVT-IMCA-1537,NEAR_MISS,International Marine Contractors Association (IMCA),SRC-IMCA-1537,2015-04-02,UNKNOWN,International Marine & Offshore,Subsea & Diving Operations,winch,KINETIC,UNKNOWN,UNKNOWN,Minor injury requiring first aid or medical attention.,First aid / minor laceration or contusion,False,BRONZE,QUARANTINED
EVT-IMCA-1538,INCIDENT,International Marine Contractors Association (IMCA),SRC-IMCA-1538,2015-04-02,UNKNOWN,International Marine & Offshore,Marine & Vessel Operations,,UNKNOWN,UNKNOWN,UNKNOWN,Minor injury requiring first aid or medical attention.,First aid / minor laceration or contusion,False,BRONZE,QUARANTINED
EVT-IMCA-1539,INCIDENT,International Marine Contractors Association (IMCA),SRC-IMCA-1539,2015-04-02,UNKNOWN,International Marine & Offshore,Marine & Vessel Operations,,UNKNOWN,UNKNOWN,UNKNOWN,Minor injury requiring first aid or medical attention.,First aid / minor laceration or contusion,False,BRONZE,QUARANTINED
EVT-IMCA-1540,NEAR_MISS,International Marine Contractors Association (IMCA),SRC-IMCA-1540,2015-03-20,UNKNOWN,International Marine & Offshore,General Industrial / Offshore Operations,,ELECTRICAL,UNKNOWN,UNKNOWN,None reported / Equipment stoppage or minor disruption.,,False,BRONZE,QUARANTINED
EVT-IMCA-1541,INCIDENT,International Marine Contractors Association (IMCA),SRC-IMCA-1541,2015-03-20,UNKNOWN,International Marine & Offshore,Lifting & Rigging Operations,,UNKNOWN,UNKNOWN,UNKNOWN,Lost time / serious personal injury sustained.,Fracture / Lost time injury,False,BRONZE,QUARANTINED
EVT-IMCA-1542,NEAR_MISS,International Marine Contractors Association (IMCA),SRC-IMCA-1542,2015-03-20,UNKNOWN,International Marine & Offshore,Piping & Pressure Maintenance,,PRESSURE,UNKNOWN,UNKNOWN,None reported / Equipment stoppage or minor disruption.,,False,BRONZE,QUARANTINED
EVT-IMCA-1543,NEAR_MISS,International Marine Contractors Association (IMCA),SRC-IMCA-1543,2015-03-20,UNKNOWN,International Marine & Offshore,Subsea & Diving Operations,,UNKNOWN,UNKNOWN,UNKNOWN,None reported / Equipment stoppage or minor disruption.,,False,BRONZE,QUARANTINED
EVT-IMCA-1544,NEAR_MISS,International Marine Contractors Association (IMCA),SRC-IMCA-1544,2015-03-20,UNKNOWN,International Marine & Offshore,General Industrial / Offshore Operations,,UNKNOWN,UNKNOWN,UNKNOWN,No injuries occurred (Near Miss / Potential Consequence only).,None,False,BRONZE,QUARANTINED
EVT-IMCA-1545,NEAR_MISS,International Marine Contractors Association (IMCA),SRC-IMCA-1545,2015-03-20,UNKNOWN,International Marine & Offshore,General Industrial / Offshore Operations,rotating,KINETIC,UNKNOWN,UNKNOWN,No injuries occurred (Near Miss / Potential Consequence only).,None,False,BRONZE,QUARANTINED
EVT-IMCA-1546,INCIDENT,International Marine Contractors Association (IMCA),SRC-IMCA-1546,2015-03-20,Offshore Fixed Platform,International Marine & Offshore,Marine & Vessel Operations,,THERMAL,UNKNOWN,UNKNOWN,None reported / Equipment stoppage or minor disruption.,,False,BRONZE,QUARANTINED
EVT-IMCA-1547,NEAR_MISS,International Marine Contractors Association (IMCA),SRC-IMCA-1547,2015-03-03,UNKNOWN,International Marine & Offshore,General Industrial / Offshore Operations,,UNKNOWN,UNKNOWN,UNKNOWN,None reported / Equipment stoppage or minor disruption.,,False,BRONZE,QUARANTINED
EVT-IMCA-1548,INCIDENT,International Marine Contractors Association (IMCA),SRC-IMCA-1548,2015-03-03,UNKNOWN,International Marine & Offshore,Subsea & Diving Operations,,UNKNOWN,UNKNOWN,UNKNOWN,None reported / Equipment stoppage or minor disruption.,,False,BRONZE,QUARANTINED
EVT-IMCA-1549,NEAR_MISS,International Marine Contractors Association (IMCA),SRC-IMCA-1549,2015-03-03,UNKNOWN,International Marine & Offshore,Marine & Vessel Operations,,UNKNOWN,UNKNOWN,UNKNOWN,No injuries occurred (Near Miss / Potential Consequence only).,None,False,BRONZE,QUARANTINED
EVT-IMCA-1550,NEAR_MISS,International Marine Contractors Association (IMCA),SRC-IMCA-1550,2015-03-03,UNKNOWN,International Marine & Offshore,General Industrial / Offshore Operations,,UNKNOWN,UNKNOWN,UNKNOWN,No injuries occurred (Near Miss / Potential Consequence only).,None,False,BRONZE,QUARANTINED
EVT-IMCA-1551,NEAR_MISS,International Marine Contractors Association (IMCA),SRC-IMCA-1551,2015-03-03,UNKNOWN,International Marine & Offshore,General Industrial / Offshore Operations,,UNKNOWN,UNKNOWN,UNKNOWN,No injuries occurred (Near Miss / Potential Consequence only).,None,False,BRONZE,QUARANTINED
EVT-IMCA-1552,NEAR_MISS,International Marine Contractors Association (IMCA),SRC-IMCA-1552,2015-03-03,UNKNOWN,International Marine & Offshore,Lifting & Rigging Operations,,UNKNOWN,UNKNOWN,UNKNOWN,None reported / Equipment stoppage or minor disruption.,,False,BRONZE,QUARANTINED
EVT-IMCA-1553,NEAR_MISS,International Marine Contractors Association (IMCA),SRC-IMCA-1553,2015-02-05,UNKNOWN,International Marine & Offshore,Lifting & Rigging Operations,crane,GRAVITATIONAL,UNKNOWN,UNKNOWN,No injuries occurred (Near Miss / Potential Consequence only).,None,False,BRONZE,QUARANTINED
EVT-IMCA-1554,NEAR_MISS,International Marine Contractors Association (IMCA),SRC-IMCA-1554,2015-02-05,UNKNOWN,International Marine & Offshore,General Industrial / Offshore Operations,,GRAVITATIONAL,UNKNOWN,UNKNOWN,No injuries occurred (Near Miss / Potential Consequence only).,None,False,BRONZE,QUARANTINED
EVT-IMCA-1555,NEAR_MISS,International Marine Contractors Association (IMCA),SRC-IMCA-1555,2015-02-05,UNKNOWN,International Marine & Offshore,General Industrial / Offshore Operations,,GRAVITATIONAL,UNKNOWN,UNKNOWN,None reported / Equipment stoppage or minor disruption.,,False,BRONZE,QUARANTINED
EVT-IMCA-1556,NEAR_MISS,International Marine Contractors Association (IMCA),SRC-IMCA-1556,2015-02-05,UNKNOWN,International Marine & Offshore,General Industrial / Offshore Operations,shackle,UNKNOWN,UNKNOWN,UNKNOWN,No injuries occurred (Near Miss / Potential Consequence only).,None,False,BRONZE,QUARANTINED
EVT-IMCA-1557,NEAR_MISS,International Marine Contractors Association (IMCA),SRC-IMCA-1557,2015-02-05,UNKNOWN,International Marine & Offshore,General Industrial / Offshore Operations,,UNKNOWN,UNKNOWN,UNKNOWN,No injuries occurred (Near Miss / Potential Consequence only).,None,False,BRONZE,QUARANTINED
EVT-IMCA-1558,INCIDENT,International Marine Contractors Association (IMCA),SRC-IMCA-1558,2015-02-05,UNKNOWN,International Marine & Offshore,General Industrial / Offshore Operations,,UNKNOWN,TRUE,EXPLICIT,Fatal injury occurred.,Fatal injury,True,BRONZE,QUARANTINED
EVT-IMCA-1559,INCIDENT,International Marine Contractors Association (IMCA),SRC-IMCA-1559,2015-01-16,UNKNOWN,International Marine & Offshore,Marine & Vessel Operations,,UNKNOWN,UNKNOWN,UNKNOWN,Lost time / serious personal injury sustained.,Fracture / Lost time injury,False,BRONZE,QUARANTINED
EVT-IMCA-1560,NEAR_MISS,International Marine Contractors Association (IMCA),SRC-IMCA-1560,2015-01-16,UNKNOWN,International Marine & Offshore,Lifting & Rigging Operations,,ELECTRICAL,TRUE,EXPLICIT,No injuries occurred (Near Miss / Potential Consequence only).,None,False,BRONZE,QUARANTINED
EVT-IMCA-1561,NEAR_MISS,International Marine Contractors Association (IMCA),SRC-IMCA-1561,2015-01-16,UNKNOWN,International Marine & Offshore,Lifting & Rigging Operations,,UNKNOWN,UNKNOWN,UNKNOWN,No injuries occurred (Near Miss / Potential Consequence only).,None,False,BRONZE,QUARANTINED
EVT-IMCA-1562,NEAR_MISS,International Marine Contractors Association (IMCA),SRC-IMCA-1562,2015-01-16,UNKNOWN,International Marine & Offshore,General Industrial / Offshore Operations,,UNKNOWN,UNKNOWN,UNKNOWN,No injuries occurred (Near Miss / Potential Consequence only).,None,False,BRONZE,QUARANTINED
EVT-IMCA-1563,NEAR_MISS,International Marine Contractors Association (IMCA),SRC-IMCA-1563,2015-01-16,UNKNOWN,International Marine & Offshore,Marine & Vessel Operations,,UNKNOWN,UNKNOWN,UNKNOWN,None reported / Equipment stoppage or minor disruption.,,False,BRONZE,QUARANTINED
EVT-IMCA-1564,NEAR_MISS,International Marine Contractors Association (IMCA),SRC-IMCA-1564,2015-01-16,UNKNOWN,International Marine & Offshore,Piping & Pressure Maintenance,,UNKNOWN,UNKNOWN,UNKNOWN,None reported / Equipment stoppage or minor disruption.,,False,BRONZE,QUARANTINED
EVT-IMCA-1565,NEAR_MISS,International Marine Contractors Association (IMCA),SRC-IMCA-1565,2015-01-16,UNKNOWN,International Marine & Offshore,Marine & Vessel Operations,,UNKNOWN,UNKNOWN,UNKNOWN,None reported / Equipment stoppage or minor disruption.,,False,BRONZE,QUARANTINED
EVT-IMCA-1566,NEAR_MISS,International Marine Contractors Association (IMCA),SRC-IMCA-1566,2014-12-18,UNKNOWN,International Marine & Offshore,Subsea & Diving Operations,gas cylinder / bailout cylinder,UNKNOWN,UNKNOWN,UNKNOWN,None reported / Equipment stoppage or minor disruption.,,False,BRONZE,QUARANTINED
EVT-IMCA-1567,NEAR_MISS,International Marine Contractors Association (IMCA),SRC-IMCA-1567,2014-12-18,UNKNOWN,International Marine & Offshore,General Industrial / Offshore Operations,,GRAVITATIONAL,UNKNOWN,UNKNOWN,No injuries occurred (Near Miss / Potential Consequence only).,None,False,BRONZE,QUARANTINED
EVT-IMCA-1568,NEAR_MISS,International Marine Contractors Association (IMCA),SRC-IMCA-1568,2014-12-18,UNKNOWN,International Marine & Offshore,Marine & Vessel Operations,,UNKNOWN,UNKNOWN,UNKNOWN,No injuries occurred (Near Miss / Potential Consequence only).,None,False,BRONZE,QUARANTINED
EVT-IMCA-1569,INCIDENT,International Marine Contractors Association (IMCA),SRC-IMCA-1569,2014-12-18,UNKNOWN,International Marine & Offshore,Lifting & Rigging Operations,crane,UNKNOWN,TRUE,EXPLICIT,Fatal injury occurred.,Fatal injury,True,BRONZE,QUARANTINED
EVT-IMCA-1570,INCIDENT,International Marine Contractors Association (IMCA),SRC-IMCA-1570,2014-12-18,UNKNOWN,International Marine & Offshore,Marine & Vessel Operations,,THERMAL,UNKNOWN,UNKNOWN,None reported / Equipment stoppage or minor disruption.,,False,BRONZE,QUARANTINED
EVT-IMCA-1572,NEAR_MISS,International Marine Contractors Association (IMCA),SRC-IMCA-1572,2014-11-25,UNKNOWN,International Marine & Offshore,General Industrial / Offshore Operations,winch,KINETIC,UNKNOWN,UNKNOWN,None reported / Equipment stoppage or minor disruption.,,False,BRONZE,QUARANTINED
EVT-IMCA-1573,NEAR_MISS,International Marine Contractors Association (IMCA),SRC-IMCA-1573,2014-11-25,UNKNOWN,International Marine & Offshore,General Industrial / Offshore Operations,,UNKNOWN,UNKNOWN,UNKNOWN,None reported / Equipment stoppage or minor disruption.,,False,BRONZE,QUARANTINED
EVT-IMCA-1574,NEAR_MISS,International Marine Contractors Association (IMCA),SRC-IMCA-1574,2014-11-25,UNKNOWN,International Marine & Offshore,Piping & Pressure Maintenance,winch,KINETIC,UNKNOWN,UNKNOWN,None reported / Equipment stoppage or minor disruption.,,False,BRONZE,QUARANTINED
EVT-IMCA-1575,NEAR_MISS,International Marine Contractors Association (IMCA),SRC-IMCA-1575,2014-11-25,UNKNOWN,International Marine & Offshore,General Industrial / Offshore Operations,,UNKNOWN,UNKNOWN,UNKNOWN,None reported / Equipment stoppage or minor disruption.,,False,BRONZE,QUARANTINED
EVT-IMCA-1576,NEAR_MISS,International Marine Contractors Association (IMCA),SRC-IMCA-1576,2014-11-25,UNKNOWN,International Marine & Offshore,General Industrial / Offshore Operations,,GRAVITATIONAL,UNKNOWN,UNKNOWN,None reported / Equipment stoppage or minor disruption.,,False,BRONZE,QUARANTINED
EVT-IMCA-1577,NEAR_MISS,International Marine Contractors Association (IMCA),SRC-IMCA-1577,2014-11-25,UNKNOWN,International Marine & Offshore,General Industrial / Offshore Operations,,UNKNOWN,UNKNOWN,UNKNOWN,No injuries occurred (Near Miss / Potential Consequence only).,None,False,BRONZE,QUARANTINED
EVT-IMCA-1578,INCIDENT,International Marine Contractors Association (IMCA),SRC-IMCA-1578,2014-10-31,UNKNOWN,International Marine & Offshore,General Industrial / Offshore Operations,,GRAVITATIONAL,TRUE,DERIVED,Lost time / serious personal injury sustained.,Fracture / Lost time injury,False,BRONZE,QUARANTINED
EVT-IMCA-1579,INCIDENT,International Marine Contractors Association (IMCA),SRC-IMCA-1579,2014-10-31,UNKNOWN,International Marine & Offshore,General Industrial / Offshore Operations,,THERMAL,UNKNOWN,UNKNOWN,None reported / Equipment stoppage or minor disruption.,,False,BRONZE,QUARANTINED
EVT-IMCA-1580,NEAR_MISS,International Marine Contractors Association (IMCA),SRC-IMCA-1580,2014-10-31,UNKNOWN,International Marine & Offshore,Piping & Pressure Maintenance,,UNKNOWN,UNKNOWN,UNKNOWN,None reported / Equipment stoppage or minor disruption.,,False,BRONZE,QUARANTINED
EVT-IMCA-1581,NEAR_MISS,International Marine Contractors Association (IMCA),SRC-IMCA-1581,2014-10-31,UNKNOWN,International Marine & Offshore,General Industrial / Offshore Operations,,UNKNOWN,UNKNOWN,UNKNOWN,None reported / Equipment stoppage or minor disruption.,,False,BRONZE,QUARANTINED
EVT-IMCA-1582,NEAR_MISS,International Marine Contractors Association (IMCA),SRC-IMCA-1582,2014-10-31,UNKNOWN,International Marine & Offshore,General Industrial / Offshore Operations,,UNKNOWN,UNKNOWN,UNKNOWN,None reported / Equipment stoppage or minor disruption.,,False,BRONZE,QUARANTINED
EVT-IMCA-1583,NEAR_MISS,International Marine Contractors Association (IMCA),SRC-IMCA-1583,2014-10-03,UNKNOWN,International Marine & Offshore,General Industrial / Offshore Operations,,UNKNOWN,UNKNOWN,UNKNOWN,No injuries occurred (Near Miss / Potential Consequence only).,None,False,BRONZE,QUARANTINED
EVT-IMCA-1584,NEAR_MISS,International Marine Contractors Association (IMCA),SRC-IMCA-1584,2014-10-03,UNKNOWN,International Marine & Offshore,General Industrial / Offshore Operations,,GRAVITATIONAL,UNKNOWN,UNKNOWN,None reported / Equipment stoppage or minor disruption.,,False,BRONZE,QUARANTINED
EVT-IMCA-1585,NEAR_MISS,International Marine Contractors Association (IMCA),SRC-IMCA-1585,2014-10-03,UNKNOWN,International Marine & Offshore,Subsea & Diving Operations,,UNKNOWN,UNKNOWN,UNKNOWN,No injuries occurred (Near Miss / Potential Consequence only).,None,False,BRONZE,QUARANTINED
EVT-IMCA-1586,NEAR_MISS,International Marine Contractors Association (IMCA),SRC-IMCA-1586,2014-10-03,UNKNOWN,International Marine & Offshore,General Industrial / Offshore Operations,,PRESSURE,UNKNOWN,UNKNOWN,No injuries occurred (Near Miss / Potential Consequence only).,None,False,BRONZE,QUARANTINED
EVT-IMCA-1587,INCIDENT,International Marine Contractors Association (IMCA),SRC-IMCA-1587,2014-10-03,UNKNOWN,International Marine & Offshore,Piping & Pressure Maintenance,,PRESSURE,UNKNOWN,UNKNOWN,None reported / Equipment stoppage or minor disruption.,,False,BRONZE,QUARANTINED
EVT-IMCA-1588,NEAR_MISS,International Marine Contractors Association (IMCA),SRC-IMCA-1588,2014-10-03,UNKNOWN,International Marine & Offshore,General Industrial / Offshore Operations,,UNKNOWN,UNKNOWN,UNKNOWN,None reported / Equipment stoppage or minor disruption.,,False,BRONZE,QUARANTINED
EVT-IMCA-1589,NEAR_MISS,International Marine Contractors Association (IMCA),SRC-IMCA-1589,2014-09-08,UNKNOWN,International Marine & Offshore,Lifting & Rigging Operations,crane,GRAVITATIONAL,UNKNOWN,UNKNOWN,No injuries occurred (Near Miss / Potential Consequence only).,None,False,BRONZE,QUARANTINED
EVT-IMCA-1590,NEAR_MISS,International Marine Contractors Association (IMCA),SRC-IMCA-1590,2014-09-08,UNKNOWN,International Marine & Offshore,General Industrial / Offshore Operations,,ELECTRICAL,UNKNOWN,UNKNOWN,None reported / Equipment stoppage or minor disruption.,,False,BRONZE,QUARANTINED
EVT-IMCA-1591,INCIDENT,International Marine Contractors Association (IMCA),SRC-IMCA-1591,2014-09-08,UNKNOWN,International Marine & Offshore,Subsea & Diving Operations,,UNKNOWN,UNKNOWN,UNKNOWN,None reported / Equipment stoppage or minor disruption.,,False,BRONZE,QUARANTINED
EVT-IMCA-1592,INCIDENT,International Marine Contractors Association (IMCA),SRC-IMCA-1592,2014-09-08,UNKNOWN,International Marine & Offshore,General Industrial / Offshore Operations,,THERMAL,UNKNOWN,UNKNOWN,None reported / Equipment stoppage or minor disruption.,,False,BRONZE,QUARANTINED
EVT-IMCA-1593,INCIDENT,International Marine Contractors Association (IMCA),SRC-IMCA-1593,2014-09-08,UNKNOWN,International Marine & Offshore,General Industrial / Offshore Operations,,UNKNOWN,UNKNOWN,UNKNOWN,Fatal injury occurred.,Fatal injury,True,BRONZE,QUARANTINED
EVT-IMCA-1594,NEAR_MISS,International Marine Contractors Association (IMCA),SRC-IMCA-1594,2014-09-08,UNKNOWN,International Marine & Offshore,Marine & Vessel Operations,,UNKNOWN,UNKNOWN,UNKNOWN,None reported / Equipment stoppage or minor disruption.,,False,BRONZE,QUARANTINED
EVT-IMCA-1595,NEAR_MISS,International Marine Contractors Association (IMCA),SRC-IMCA-1595,2014-08-07,UNKNOWN,International Marine & Offshore,General Industrial / Offshore Operations,,UNKNOWN,TRUE,EXPLICIT,None reported / Equipment stoppage or minor disruption.,,False,BRONZE,QUARANTINED
EVT-IMCA-1596,NEAR_MISS,International Marine Contractors Association (IMCA),SRC-IMCA-1596,2014-08-07,UNKNOWN,International Marine & Offshore,Subsea & Diving Operations,,UNKNOWN,UNKNOWN,UNKNOWN,No injuries occurred (Near Miss / Potential Consequence only).,None,False,BRONZE,QUARANTINED
EVT-IMCA-1597,INCIDENT,International Marine Contractors Association (IMCA),SRC-IMCA-1597,2014-08-07,UNKNOWN,International Marine & Offshore,General Industrial / Offshore Operations,,UNKNOWN,UNKNOWN,UNKNOWN,Lost time / serious personal injury sustained.,Fracture / Lost time injury,False,BRONZE,QUARANTINED
EVT-IMCA-1598,INCIDENT,International Marine Contractors Association (IMCA),SRC-IMCA-1598,2014-08-07,UNKNOWN,International Marine & Offshore,General Industrial / Offshore Operations,,UNKNOWN,UNKNOWN,UNKNOWN,Lost time / serious personal injury sustained.,Fracture / Lost time injury,False,BRONZE,QUARANTINED
EVT-IMCA-1599,NEAR_MISS,International Marine Contractors Association (IMCA),SRC-IMCA-1599,2014-08-07,UNKNOWN,International Marine & Offshore,General Industrial / Offshore Operations,,GRAVITATIONAL,TRUE,EXPLICIT,None reported / Equipment stoppage or minor disruption.,,False,BRONZE,QUARANTINED
EVT-IMCA-1600,NEAR_MISS,International Marine Contractors Association (IMCA),SRC-IMCA-1600,2014-08-07,UNKNOWN,International Marine & Offshore,General Industrial / Offshore Operations,pyrotechnic,THERMAL,UNKNOWN,UNKNOWN,None reported / Equipment stoppage or minor disruption.,,False,BRONZE,QUARANTINED
EVT-IMCA-1601,NEAR_MISS,International Marine Contractors Association (IMCA),SRC-IMCA-1601,2014-08-07,UNKNOWN,International Marine & Offshore,Lifting & Rigging Operations,,UNKNOWN,UNKNOWN,UNKNOWN,None reported / Equipment stoppage or minor disruption.,,False,BRONZE,QUARANTINED
EVT-IMCA-1602,INCIDENT,International Marine Contractors Association (IMCA),SRC-IMCA-1602,2014-07-17,UNKNOWN,International Marine & Offshore,General Industrial / Offshore Operations,,UNKNOWN,UNKNOWN,UNKNOWN,None reported / Equipment stoppage or minor disruption.,,False,BRONZE,QUARANTINED
EVT-IMCA-1603,NEAR_MISS,International Marine Contractors Association (IMCA),SRC-IMCA-1603,2014-07-17,UNKNOWN,International Marine & Offshore,Marine & Vessel Operations,,UNKNOWN,UNKNOWN,UNKNOWN,No injuries occurred (Near Miss / Potential Consequence only).,None,False,BRONZE,QUARANTINED
EVT-IMCA-1604,NEAR_MISS,International Marine Contractors Association (IMCA),SRC-IMCA-1604,2014-07-17,UNKNOWN,International Marine & Offshore,General Industrial / Offshore Operations,,UNKNOWN,UNKNOWN,UNKNOWN,None reported / Equipment stoppage or minor disruption.,,False,BRONZE,QUARANTINED
EVT-IMCA-1605,NEAR_MISS,International Marine Contractors Association (IMCA),SRC-IMCA-1605,2014-07-17,UNKNOWN,International Marine & Offshore,Lifting & Rigging Operations,remotely operated vehicle (ROV),UNKNOWN,UNKNOWN,UNKNOWN,None reported / Equipment stoppage or minor disruption.,,False,BRONZE,QUARANTINED
EVT-IMCA-1606,NEAR_MISS,International Marine Contractors Association (IMCA),SRC-IMCA-1606,2014-07-17,UNKNOWN,International Marine & Offshore,Lifting & Rigging Operations,,UNKNOWN,UNKNOWN,UNKNOWN,None reported / Equipment stoppage or minor disruption.,,False,BRONZE,QUARANTINED
EVT-IMCA-1607,NEAR_MISS,International Marine Contractors Association (IMCA),SRC-IMCA-1607,2014-07-17,UNKNOWN,International Marine & Offshore,General Industrial / Offshore Operations,,GRAVITATIONAL,UNKNOWN,UNKNOWN,None reported / Equipment stoppage or minor disruption.,,False,BRONZE,QUARANTINED
EVT-IMCA-1608,INCIDENT,International Marine Contractors Association (IMCA),SRC-IMCA-1608,2014-07-14,UNKNOWN,International Marine & Offshore,General Industrial / Offshore Operations,,THERMAL,UNKNOWN,UNKNOWN,None reported / Equipment stoppage or minor disruption.,,False,BRONZE,QUARANTINED
EVT-IMCA-1609,INCIDENT,International Marine Contractors Association (IMCA),SRC-IMCA-1609,2014-07-14,UNKNOWN,International Marine & Offshore,Hot Work Operations,hose,THERMAL,UNKNOWN,UNKNOWN,None reported / Equipment stoppage or minor disruption.,,False,BRONZE,QUARANTINED
EVT-IMCA-1610,INCIDENT,International Marine Contractors Association (IMCA),SRC-IMCA-1610,2014-07-14,UNKNOWN,International Marine & Offshore,General Industrial / Offshore Operations,winch,KINETIC,TRUE,DERIVED,Lost time / serious personal injury sustained.,Fracture / Lost time injury,False,BRONZE,QUARANTINED
EVT-IMCA-1611,INCIDENT,International Marine Contractors Association (IMCA),SRC-IMCA-1611,2014-07-14,UNKNOWN,International Marine & Offshore,Marine & Vessel Operations,,UNKNOWN,UNKNOWN,UNKNOWN,Lost time / serious personal injury sustained.,Fracture / Lost time injury,False,BRONZE,QUARANTINED
EVT-IMCA-1612,NEAR_MISS,International Marine Contractors Association (IMCA),SRC-IMCA-1612,2014-07-14,UNKNOWN,International Marine & Offshore,General Industrial / Offshore Operations,,UNKNOWN,UNKNOWN,UNKNOWN,No injuries occurred (Near Miss / Potential Consequence only).,None,False,BRONZE,QUARANTINED
EVT-IMCA-1613,INCIDENT,International Marine Contractors Association (IMCA),SRC-IMCA-1613,2014-07-14,UNKNOWN,International Marine & Offshore,General Industrial / Offshore Operations,,UNKNOWN,UNKNOWN,UNKNOWN,Lost time / serious personal injury sustained.,Fracture / Lost time injury,False,BRONZE,QUARANTINED
EVT-IMCA-1614,INCIDENT,International Marine Contractors Association (IMCA),SRC-IMCA-1614,2014-07-14,UNKNOWN,International Marine & Offshore,General Industrial / Offshore Operations,,UNKNOWN,TRUE,EXPLICIT,Fatal injury occurred.,Fatal injury,True,BRONZE,QUARANTINED
EVT-IMCA-1615,NEAR_MISS,International Marine Contractors Association (IMCA),SRC-IMCA-1615,2014-07-08,UNKNOWN,International Marine & Offshore,Lifting & Rigging Operations,,UNKNOWN,UNKNOWN,UNKNOWN,None reported / Equipment stoppage or minor disruption.,,False,BRONZE,QUARANTINED
EVT-IMCA-1616,INCIDENT,International Marine Contractors Association (IMCA),SRC-IMCA-1616,2014-07-08,UNKNOWN,International Marine & Offshore,Marine & Vessel Operations,,UNKNOWN,UNKNOWN,UNKNOWN,Lost time / serious personal injury sustained.,Fracture / Lost time injury,False,BRONZE,QUARANTINED
EVT-IMCA-1617,INCIDENT,International Marine Contractors Association (IMCA),SRC-IMCA-1617,2014-07-08,UNKNOWN,International Marine & Offshore,General Industrial / Offshore Operations,,UNKNOWN,UNKNOWN,UNKNOWN,Lost time / serious personal injury sustained.,Fracture / Lost time injury,False,BRONZE,QUARANTINED
EVT-IMCA-1618,NEAR_MISS,International Marine Contractors Association (IMCA),SRC-IMCA-1618,2014-07-08,UNKNOWN,International Marine & Offshore,Subsea & Diving Operations,remotely operated vehicle (ROV),UNKNOWN,UNKNOWN,UNKNOWN,No injuries occurred (Near Miss / Potential Consequence only).,None,False,BRONZE,QUARANTINED
EVT-IMCA-1619,NEAR_MISS,International Marine Contractors Association (IMCA),SRC-IMCA-1619,2014-07-08,UNKNOWN,International Marine & Offshore,Piping & Pressure Maintenance,hose,UNKNOWN,UNKNOWN,UNKNOWN,None reported / Equipment stoppage or minor disruption.,,False,BRONZE,QUARANTINED
EVT-IMCA-1620,NEAR_MISS,International Marine Contractors Association (IMCA),SRC-IMCA-1620,2014-07-08,UNKNOWN,International Marine & Offshore,General Industrial / Offshore Operations,,UNKNOWN,UNKNOWN,UNKNOWN,None reported / Equipment stoppage or minor disruption.,,False,BRONZE,QUARANTINED
EVT-IMCA-1621,INCIDENT,International Marine Contractors Association (IMCA),SRC-IMCA-1621,2014-06-30,Offshore Fixed Platform,International Marine & Offshore,Marine & Vessel Operations,,THERMAL,UNKNOWN,UNKNOWN,None reported / Equipment stoppage or minor disruption.,,False,BRONZE,QUARANTINED
EVT-IMCA-1622,INCIDENT,International Marine Contractors Association (IMCA),SRC-IMCA-1622,2014-06-30,UNKNOWN,International Marine & Offshore,Subsea & Diving Operations,,THERMAL,UNKNOWN,UNKNOWN,None reported / Equipment stoppage or minor disruption.,,False,BRONZE,QUARANTINED
EVT-IMCA-1623,INCIDENT,International Marine Contractors Association (IMCA),SRC-IMCA-1623,2014-06-30,Offshore Fixed Platform,International Marine & Offshore,Marine & Vessel Operations,,THERMAL,UNKNOWN,UNKNOWN,None reported / Equipment stoppage or minor disruption.,,False,BRONZE,QUARANTINED
EVT-IMCA-1624,INCIDENT,International Marine Contractors Association (IMCA),SRC-IMCA-1624,2014-06-30,UNKNOWN,International Marine & Offshore,Marine & Vessel Operations,,THERMAL,UNKNOWN,UNKNOWN,None reported / Equipment stoppage or minor disruption.,,False,BRONZE,QUARANTINED
EVT-IMCA-1625,INCIDENT,International Marine Contractors Association (IMCA),SRC-IMCA-1625,2014-06-30,UNKNOWN,International Marine & Offshore,General Industrial / Offshore Operations,,THERMAL,UNKNOWN,UNKNOWN,None reported / Equipment stoppage or minor disruption.,,False,BRONZE,QUARANTINED
EVT-IMCA-1626,NEAR_MISS,International Marine Contractors Association (IMCA),SRC-IMCA-1626,2014-06-19,UNKNOWN,International Marine & Offshore,Marine & Vessel Operations,,UNKNOWN,UNKNOWN,UNKNOWN,None reported / Equipment stoppage or minor disruption.,,False,BRONZE,QUARANTINED
EVT-IMCA-1627,NEAR_MISS,International Marine Contractors Association (IMCA),SRC-IMCA-1627,2014-06-16,UNKNOWN,International Marine & Offshore,General Industrial / Offshore Operations,,GRAVITATIONAL,UNKNOWN,UNKNOWN,None reported / Equipment stoppage or minor disruption.,,False,BRONZE,QUARANTINED
EVT-IMCA-1628,INCIDENT,International Marine Contractors Association (IMCA),SRC-IMCA-1628,2014-06-16,UNKNOWN,International Marine & Offshore,General Industrial / Offshore Operations,,UNKNOWN,UNKNOWN,UNKNOWN,Lost time / serious personal injury sustained.,Fracture / Lost time injury,False,BRONZE,QUARANTINED
EVT-IMCA-1629,NEAR_MISS,International Marine Contractors Association (IMCA),SRC-IMCA-1629,2014-06-16,UNKNOWN,International Marine & Offshore,Marine & Vessel Operations,,UNKNOWN,UNKNOWN,UNKNOWN,Minor injury requiring first aid or medical attention.,First aid / minor laceration or contusion,False,BRONZE,QUARANTINED
EVT-IMCA-1630,INCIDENT,International Marine Contractors Association (IMCA),SRC-IMCA-1630,2014-06-16,UNKNOWN,International Marine & Offshore,Marine & Vessel Operations,pressure vessel,PRESSURE,TRUE,DERIVED,Fatal injury occurred.,Fatal injury,True,BRONZE,QUARANTINED
EVT-IMCA-1631,NEAR_MISS,International Marine Contractors Association (IMCA),SRC-IMCA-1631,2014-06-04,UNKNOWN,International Marine & Offshore,General Industrial / Offshore Operations,,GRAVITATIONAL,FALSE,DERIVED,None reported / Equipment stoppage or minor disruption.,,False,BRONZE,QUARANTINED
EVT-IMCA-1632,NEAR_MISS,International Marine Contractors Association (IMCA),SRC-IMCA-1632,2014-06-04,UNKNOWN,International Marine & Offshore,Lifting & Rigging Operations,,UNKNOWN,UNKNOWN,UNKNOWN,None reported / Equipment stoppage or minor disruption.,,False,BRONZE,QUARANTINED
EVT-IMCA-1633,INCIDENT,International Marine Contractors Association (IMCA),SRC-IMCA-1633,2014-06-04,UNKNOWN,International Marine & Offshore,Hot Work Operations,,UNKNOWN,UNKNOWN,UNKNOWN,Minor injury requiring first aid or medical attention.,First aid / minor laceration or contusion,False,BRONZE,QUARANTINED
EVT-IMCA-1634,NEAR_MISS,International Marine Contractors Association (IMCA),SRC-IMCA-1634,2014-06-04,UNKNOWN,International Marine & Offshore,Hot Work Operations,flame,THERMAL,UNKNOWN,UNKNOWN,Minor injury requiring first aid or medical attention.,First aid / minor laceration or contusion,False,BRONZE,QUARANTINED
EVT-IMCA-1635,NEAR_MISS,International Marine Contractors Association (IMCA),SRC-IMCA-1635,2014-06-04,UNKNOWN,International Marine & Offshore,General Industrial / Offshore Operations,,THERMAL,UNKNOWN,UNKNOWN,No injuries occurred (Near Miss / Potential Consequence only).,None,False,BRONZE,QUARANTINED
EVT-IMCA-1636,INCIDENT,International Marine Contractors Association (IMCA),SRC-IMCA-1636,2014-05-13,UNKNOWN,International Marine & Offshore,General Industrial / Offshore Operations,,UNKNOWN,UNKNOWN,UNKNOWN,Minor injury requiring first aid or medical attention.,First aid / minor laceration or contusion,False,BRONZE,QUARANTINED
EVT-IMCA-1637,INCIDENT,International Marine Contractors Association (IMCA),SRC-IMCA-1637,2014-05-13,UNKNOWN,International Marine & Offshore,General Industrial / Offshore Operations,compressor,UNKNOWN,UNKNOWN,UNKNOWN,None reported / Equipment stoppage or minor disruption.,,False,BRONZE,QUARANTINED
EVT-IMCA-1638,NEAR_MISS,International Marine Contractors Association (IMCA),SRC-IMCA-1638,2014-05-13,UNKNOWN,International Marine & Offshore,Lifting & Rigging Operations,crane,UNKNOWN,UNKNOWN,UNKNOWN,None reported / Equipment stoppage or minor disruption.,,False,BRONZE,QUARANTINED
EVT-IMCA-1639,NEAR_MISS,International Marine Contractors Association (IMCA),SRC-IMCA-1639,2014-05-13,UNKNOWN,International Marine & Offshore,Marine & Vessel Operations,,UNKNOWN,UNKNOWN,UNKNOWN,None reported / Equipment stoppage or minor disruption.,,False,BRONZE,QUARANTINED
EVT-IMCA-1640,INCIDENT,International Marine Contractors Association (IMCA),SRC-IMCA-1640,2014-05-13,UNKNOWN,International Marine & Offshore,General Industrial / Offshore Operations,,UNKNOWN,UNKNOWN,UNKNOWN,None reported / Equipment stoppage or minor disruption.,,False,BRONZE,QUARANTINED
EVT-IMCA-1641,NEAR_MISS,International Marine Contractors Association (IMCA),SRC-IMCA-1641,2014-05-13,UNKNOWN,International Marine & Offshore,Lifting & Rigging Operations,,UNKNOWN,UNKNOWN,UNKNOWN,None reported / Equipment stoppage or minor disruption.,,False,BRONZE,QUARANTINED
EVT-IMCA-1642,INCIDENT,International Marine Contractors Association (IMCA),SRC-IMCA-1642,2014-04-16,UNKNOWN,International Marine & Offshore,Subsea & Diving Operations,,UNKNOWN,TRUE,EXPLICIT,Fatal injury occurred.,Fatal injury,True,BRONZE,QUARANTINED
EVT-IMCA-1643,NEAR_MISS,International Marine Contractors Association (IMCA),SRC-IMCA-1643,2014-04-16,UNKNOWN,International Marine & Offshore,General Industrial / Offshore Operations,,UNKNOWN,UNKNOWN,UNKNOWN,No injuries occurred (Near Miss / Potential Consequence only).,None,False,BRONZE,QUARANTINED
EVT-IMCA-1644,NEAR_MISS,International Marine Contractors Association (IMCA),SRC-IMCA-1644,2014-04-16,UNKNOWN,International Marine & Offshore,General Industrial / Offshore Operations,,UNKNOWN,UNKNOWN,UNKNOWN,No injuries occurred (Near Miss / Potential Consequence only).,None,False,BRONZE,QUARANTINED
EVT-IMCA-1645,NEAR_MISS,International Marine Contractors Association (IMCA),SRC-IMCA-1645,2014-04-16,UNKNOWN,International Marine & Offshore,General Industrial / Offshore Operations,,UNKNOWN,UNKNOWN,UNKNOWN,No injuries occurred (Near Miss / Potential Consequence only).,None,False,BRONZE,QUARANTINED
EVT-IMCA-1646,INCIDENT,International Marine Contractors Association (IMCA),SRC-IMCA-1646,2014-04-16,UNKNOWN,International Marine & Offshore,General Industrial / Offshore Operations,,UNKNOWN,UNKNOWN,UNKNOWN,None reported / Equipment stoppage or minor disruption.,,False,BRONZE,QUARANTINED
EVT-IMCA-1647,INCIDENT,International Marine Contractors Association (IMCA),SRC-IMCA-1647,2014-04-16,UNKNOWN,International Marine & Offshore,General Industrial / Offshore Operations,,UNKNOWN,UNKNOWN,UNKNOWN,None reported / Equipment stoppage or minor disruption.,,False,BRONZE,QUARANTINED
EVT-IMCA-1648,INCIDENT,International Marine Contractors Association (IMCA),SRC-IMCA-1648,2014-04-16,UNKNOWN,International Marine & Offshore,General Industrial / Offshore Operations,,THERMAL,UNKNOWN,UNKNOWN,None reported / Equipment stoppage or minor disruption.,,False,BRONZE,QUARANTINED
EVT-IMCA-1649,NEAR_MISS,International Marine Contractors Association (IMCA),SRC-IMCA-1649,2014-04-10,UNKNOWN,International Marine & Offshore,Subsea & Diving Operations,,UNKNOWN,UNKNOWN,UNKNOWN,None reported / Equipment stoppage or minor disruption.,,False,BRONZE,QUARANTINED
EVT-IMCA-1650,INCIDENT,International Marine Contractors Association (IMCA),SRC-IMCA-1650,2014-04-10,UNKNOWN,International Marine & Offshore,General Industrial / Offshore Operations,,UNKNOWN,UNKNOWN,UNKNOWN,None reported / Equipment stoppage or minor disruption.,,False,BRONZE,QUARANTINED
EVT-IMCA-1651,NEAR_MISS,International Marine Contractors Association (IMCA),SRC-IMCA-1651,2014-04-10,UNKNOWN,International Marine & Offshore,General Industrial / Offshore Operations,,UNKNOWN,UNKNOWN,UNKNOWN,None reported / Equipment stoppage or minor disruption.,,False,BRONZE,QUARANTINED
EVT-IMCA-1652,NEAR_MISS,International Marine Contractors Association (IMCA),SRC-IMCA-1652,2014-04-10,UNKNOWN,International Marine & Offshore,General Industrial / Offshore Operations,,UNKNOWN,UNKNOWN,UNKNOWN,None reported / Equipment stoppage or minor disruption.,,False,BRONZE,QUARANTINED
EVT-IMCA-1653,NEAR_MISS,International Marine Contractors Association (IMCA),SRC-IMCA-1653,2014-04-10,UNKNOWN,International Marine & Offshore,Lifting & Rigging Operations,crane,UNKNOWN,UNKNOWN,UNKNOWN,None reported / Equipment stoppage or minor disruption.,,False,BRONZE,QUARANTINED
EVT-IMCA-1654,INCIDENT,International Marine Contractors Association (IMCA),SRC-IMCA-1654,2014-04-04,UNKNOWN,International Marine & Offshore,General Industrial / Offshore Operations,,UNKNOWN,UNKNOWN,UNKNOWN,Lost time / serious personal injury sustained.,Fracture / Lost time injury,False,BRONZE,QUARANTINED
EVT-IMCA-1655,NEAR_MISS,International Marine Contractors Association (IMCA),SRC-IMCA-1655,2014-04-04,UNKNOWN,International Marine & Offshore,General Industrial / Offshore Operations,,THERMAL,UNKNOWN,UNKNOWN,No injuries occurred (Near Miss / Potential Consequence only).,None,False,BRONZE,QUARANTINED
EVT-IMCA-1656,INCIDENT,International Marine Contractors Association (IMCA),SRC-IMCA-1656,2014-04-04,UNKNOWN,International Marine & Offshore,General Industrial / Offshore Operations,,UNKNOWN,UNKNOWN,UNKNOWN,None reported / Equipment stoppage or minor disruption.,,False,BRONZE,QUARANTINED
EVT-IMCA-1657,NEAR_MISS,International Marine Contractors Association (IMCA),SRC-IMCA-1657,2014-04-04,UNKNOWN,International Marine & Offshore,General Industrial / Offshore Operations,,GRAVITATIONAL,UNKNOWN,UNKNOWN,None reported / Equipment stoppage or minor disruption.,,False,BRONZE,QUARANTINED
EVT-IMCA-1658,INCIDENT,International Marine Contractors Association (IMCA),SRC-IMCA-1658,2014-04-04,UNKNOWN,International Marine & Offshore,Drilling & Well Intervention,,UNKNOWN,UNKNOWN,UNKNOWN,None reported / Equipment stoppage or minor disruption.,,False,BRONZE,QUARANTINED
EVT-IMCA-1659,NEAR_MISS,International Marine Contractors Association (IMCA),SRC-IMCA-1659,2014-03-13,UNKNOWN,International Marine & Offshore,General Industrial / Offshore Operations,,UNKNOWN,UNKNOWN,UNKNOWN,None reported / Equipment stoppage or minor disruption.,,False,BRONZE,QUARANTINED
EVT-IMCA-1660,NEAR_MISS,International Marine Contractors Association (IMCA),SRC-IMCA-1660,2014-03-13,UNKNOWN,International Marine & Offshore,General Industrial / Offshore Operations,,GRAVITATIONAL,UNKNOWN,UNKNOWN,None reported / Equipment stoppage or minor disruption.,,False,BRONZE,QUARANTINED
EVT-IMCA-1661,NEAR_MISS,International Marine Contractors Association (IMCA),SRC-IMCA-1661,2014-03-13,UNKNOWN,International Marine & Offshore,General Industrial / Offshore Operations,rotating,KINETIC,UNKNOWN,UNKNOWN,None reported / Equipment stoppage or minor disruption.,,False,BRONZE,QUARANTINED
EVT-IMCA-1662,INCIDENT,International Marine Contractors Association (IMCA),SRC-IMCA-1662,2014-03-13,UNKNOWN,International Marine & Offshore,General Industrial / Offshore Operations,,THERMAL,UNKNOWN,UNKNOWN,None reported / Equipment stoppage or minor disruption.,,False,BRONZE,QUARANTINED
EVT-IMCA-1663,NEAR_MISS,International Marine Contractors Association (IMCA),SRC-IMCA-1663,2014-03-13,UNKNOWN,International Marine & Offshore,General Industrial / Offshore Operations,,UNKNOWN,UNKNOWN,UNKNOWN,None reported / Equipment stoppage or minor disruption.,,False,BRONZE,QUARANTINED
EVT-IMCA-1664,INCIDENT,International Marine Contractors Association (IMCA),SRC-IMCA-1664,2014-02-20,UNKNOWN,International Marine & Offshore,General Industrial / Offshore Operations,hose,THERMAL,UNKNOWN,UNKNOWN,None reported / Equipment stoppage or minor disruption.,,False,BRONZE,QUARANTINED
EVT-IMCA-1665,INCIDENT,International Marine Contractors Association (IMCA),SRC-IMCA-1665,2014-02-20,UNKNOWN,International Marine & Offshore,General Industrial / Offshore Operations,,UNKNOWN,TRUE,EXPLICIT,Fatal injury occurred.,Fatal injury,True,BRONZE,QUARANTINED
EVT-IMCA-1666,INCIDENT,International Marine Contractors Association (IMCA),SRC-IMCA-1666,2014-02-20,UNKNOWN,International Marine & Offshore,General Industrial / Offshore Operations,,UNKNOWN,UNKNOWN,UNKNOWN,None reported / Equipment stoppage or minor disruption.,,False,BRONZE,QUARANTINED
EVT-IMCA-1667,NEAR_MISS,International Marine Contractors Association (IMCA),SRC-IMCA-1667,2014-02-20,UNKNOWN,International Marine & Offshore,Piping & Pressure Maintenance,,UNKNOWN,UNKNOWN,UNKNOWN,None reported / Equipment stoppage or minor disruption.,,False,BRONZE,QUARANTINED
EVT-IMCA-1668,NEAR_MISS,International Marine Contractors Association (IMCA),SRC-IMCA-1668,2014-01-21,UNKNOWN,International Marine & Offshore,Subsea & Diving Operations,,UNKNOWN,UNKNOWN,UNKNOWN,None reported / Equipment stoppage or minor disruption.,,False,BRONZE,QUARANTINED
EVT-IMCA-1669,NEAR_MISS,International Marine Contractors Association (IMCA),SRC-IMCA-1669,2014-01-21,UNKNOWN,International Marine & Offshore,General Industrial / Offshore Operations,,GRAVITATIONAL,TRUE,EXPLICIT,None reported / Equipment stoppage or minor disruption.,,False,BRONZE,QUARANTINED
EVT-IMCA-1670,INCIDENT,International Marine Contractors Association (IMCA),SRC-IMCA-1670,2014-01-21,UNKNOWN,International Marine & Offshore,General Industrial / Offshore Operations,,UNKNOWN,UNKNOWN,UNKNOWN,None reported / Equipment stoppage or minor disruption.,,False,BRONZE,QUARANTINED
EVT-IMCA-1671,INCIDENT,International Marine Contractors Association (IMCA),SRC-IMCA-1671,2014-01-21,UNKNOWN,International Marine & Offshore,Hot Work Operations,,UNKNOWN,UNKNOWN,UNKNOWN,Minor injury requiring first aid or medical attention.,First aid / minor laceration or contusion,False,BRONZE,QUARANTINED
EVT-IMCA-1672,INCIDENT,International Marine Contractors Association (IMCA),SRC-IMCA-1672,2013-12-20,UNKNOWN,International Marine & Offshore,General Industrial / Offshore Operations,,UNKNOWN,TRUE,EXPLICIT,Fatal injury occurred.,Fatal injury,True,BRONZE,QUARANTINED
EVT-IMCA-1673,NEAR_MISS,International Marine Contractors Association (IMCA),SRC-IMCA-1673,2013-12-20,UNKNOWN,International Marine & Offshore,Subsea & Diving Operations,shackle,UNKNOWN,UNKNOWN,UNKNOWN,No injuries occurred (Near Miss / Potential Consequence only).,None,False,BRONZE,QUARANTINED
EVT-IMCA-1674,NEAR_MISS,International Marine Contractors Association (IMCA),SRC-IMCA-1674,2013-12-20,UNKNOWN,International Marine & Offshore,Subsea & Diving Operations,valve,UNKNOWN,TRUE,EXPLICIT,No injuries occurred (Near Miss / Potential Consequence only).,None,False,BRONZE,QUARANTINED
EVT-IMCA-1675,INCIDENT,International Marine Contractors Association (IMCA),SRC-IMCA-1675,2013-12-20,UNKNOWN,International Marine & Offshore,Lifting & Rigging Operations,,UNKNOWN,UNKNOWN,UNKNOWN,Fatal injury occurred.,Fatal injury,True,BRONZE,QUARANTINED
EVT-IMCA-1676,INCIDENT,International Marine Contractors Association (IMCA),SRC-IMCA-1676,2013-11-29,UNKNOWN,International Marine & Offshore,Marine & Vessel Operations,,UNKNOWN,UNKNOWN,UNKNOWN,Lost time / serious personal injury sustained.,Fracture / Lost time injury,False,BRONZE,QUARANTINED
EVT-IMCA-1677,NEAR_MISS,International Marine Contractors Association (IMCA),SRC-IMCA-1677,2013-11-29,UNKNOWN,International Marine & Offshore,General Industrial / Offshore Operations,fast rescue craft (FRC),UNKNOWN,UNKNOWN,UNKNOWN,No injuries occurred (Near Miss / Potential Consequence only).,None,False,BRONZE,QUARANTINED
EVT-IMCA-1678,NEAR_MISS,International Marine Contractors Association (IMCA),SRC-IMCA-1678,2013-11-29,UNKNOWN,International Marine & Offshore,General Industrial / Offshore Operations,,UNKNOWN,UNKNOWN,UNKNOWN,None reported / Equipment stoppage or minor disruption.,,False,BRONZE,QUARANTINED
EVT-IMCA-1679,NEAR_MISS,International Marine Contractors Association (IMCA),SRC-IMCA-1679,2013-11-29,UNKNOWN,International Marine & Offshore,Subsea & Diving Operations,,UNKNOWN,UNKNOWN,UNKNOWN,None reported / Equipment stoppage or minor disruption.,,False,BRONZE,QUARANTINED
EVT-IMCA-1680,NEAR_MISS,International Marine Contractors Association (IMCA),SRC-IMCA-1680,2013-11-29,UNKNOWN,International Marine & Offshore,Marine & Vessel Operations,,UNKNOWN,UNKNOWN,UNKNOWN,None reported / Equipment stoppage or minor disruption.,,False,BRONZE,QUARANTINED
EVT-IMCA-1681,NEAR_MISS,International Marine Contractors Association (IMCA),SRC-IMCA-1681,2013-11-29,UNKNOWN,International Marine & Offshore,Marine & Vessel Operations,,UNKNOWN,UNKNOWN,UNKNOWN,None reported / Equipment stoppage or minor disruption.,,False,BRONZE,QUARANTINED
EVT-IMCA-1682,NEAR_MISS,International Marine Contractors Association (IMCA),SRC-IMCA-1682,2013-10-17,UNKNOWN,International Marine & Offshore,Subsea & Diving Operations,,UNKNOWN,UNKNOWN,UNKNOWN,None reported / Equipment stoppage or minor disruption.,,False,BRONZE,QUARANTINED
EVT-IMCA-1684,NEAR_MISS,International Marine Contractors Association (IMCA),SRC-IMCA-1684,2013-10-17,UNKNOWN,International Marine & Offshore,General Industrial / Offshore Operations,,UNKNOWN,UNKNOWN,UNKNOWN,None reported / Equipment stoppage or minor disruption.,,False,BRONZE,QUARANTINED
EVT-IMCA-1685,INCIDENT,International Marine Contractors Association (IMCA),SRC-IMCA-1685,2013-10-17,UNKNOWN,International Marine & Offshore,Subsea & Diving Operations,,UNKNOWN,UNKNOWN,UNKNOWN,Lost time / serious personal injury sustained.,Fracture / Lost time injury,False,BRONZE,QUARANTINED
EVT-IMCA-1686,NEAR_MISS,International Marine Contractors Association (IMCA),SRC-IMCA-1686,2013-10-17,UNKNOWN,International Marine & Offshore,Marine & Vessel Operations,,UNKNOWN,UNKNOWN,UNKNOWN,None reported / Equipment stoppage or minor disruption.,,False,BRONZE,QUARANTINED
EVT-IMCA-1687,INCIDENT,International Marine Contractors Association (IMCA),SRC-IMCA-1687,2013-09-23,UNKNOWN,International Marine & Offshore,General Industrial / Offshore Operations,,GRAVITATIONAL,TRUE,DERIVED,Lost time / serious personal injury sustained.,Fracture / Lost time injury,False,BRONZE,QUARANTINED
EVT-IMCA-1688,NEAR_MISS,International Marine Contractors Association (IMCA),SRC-IMCA-1688,2013-09-23,UNKNOWN,International Marine & Offshore,General Industrial / Offshore Operations,scaffold,GRAVITATIONAL,UNKNOWN,UNKNOWN,None reported / Equipment stoppage or minor disruption.,,False,BRONZE,QUARANTINED
EVT-IMCA-1689,INCIDENT,International Marine Contractors Association (IMCA),SRC-IMCA-1689,2013-09-23,UNKNOWN,International Marine & Offshore,Lifting & Rigging Operations,,THERMAL,UNKNOWN,UNKNOWN,None reported / Equipment stoppage or minor disruption.,,False,BRONZE,QUARANTINED
EVT-IMCA-1690,INCIDENT,International Marine Contractors Association (IMCA),SRC-IMCA-1690,2013-09-23,UNKNOWN,International Marine & Offshore,Subsea & Diving Operations,,UNKNOWN,UNKNOWN,UNKNOWN,None reported / Equipment stoppage or minor disruption.,,False,BRONZE,QUARANTINED
EVT-IMCA-1691,INCIDENT,International Marine Contractors Association (IMCA),SRC-IMCA-1691,2013-09-23,UNKNOWN,International Marine & Offshore,Marine & Vessel Operations,,UNKNOWN,UNKNOWN,UNKNOWN,None reported / Equipment stoppage or minor disruption.,,False,BRONZE,QUARANTINED
EVT-IMCA-1692,NEAR_MISS,International Marine Contractors Association (IMCA),SRC-IMCA-1692,2013-09-12,Offshore Fixed Platform,International Marine & Offshore,Marine & Vessel Operations,,UNKNOWN,UNKNOWN,UNKNOWN,None reported / Equipment stoppage or minor disruption.,,False,BRONZE,QUARANTINED
EVT-IMCA-1693,NEAR_MISS,International Marine Contractors Association (IMCA),SRC-IMCA-1693,2013-09-12,Offshore Fixed Platform,International Marine & Offshore,Marine & Vessel Operations,,UNKNOWN,UNKNOWN,UNKNOWN,No injuries occurred (Near Miss / Potential Consequence only).,None,False,BRONZE,QUARANTINED
EVT-IMCA-1694,NEAR_MISS,International Marine Contractors Association (IMCA),SRC-IMCA-1694,2013-09-12,UNKNOWN,International Marine & Offshore,Marine & Vessel Operations,entangled,KINETIC,UNKNOWN,UNKNOWN,None reported / Equipment stoppage or minor disruption.,,False,BRONZE,QUARANTINED
EVT-IMCA-1695,INCIDENT,International Marine Contractors Association (IMCA),SRC-IMCA-1695,2013-09-12,Offshore Fixed Platform,International Marine & Offshore,Marine & Vessel Operations,,UNKNOWN,UNKNOWN,UNKNOWN,None reported / Equipment stoppage or minor disruption.,,False,BRONZE,QUARANTINED
EVT-IMCA-1696,NEAR_MISS,International Marine Contractors Association (IMCA),SRC-IMCA-1696,2013-09-12,UNKNOWN,International Marine & Offshore,Marine & Vessel Operations,fast rescue craft (FRC),UNKNOWN,UNKNOWN,UNKNOWN,None reported / Equipment stoppage or minor disruption.,,False,BRONZE,QUARANTINED
EVT-IMCA-1697,NEAR_MISS,International Marine Contractors Association (IMCA),SRC-IMCA-1697,2013-09-04,UNKNOWN,International Marine & Offshore,Subsea & Diving Operations,acid,CHEMICAL,UNKNOWN,UNKNOWN,No injuries occurred (Near Miss / Potential Consequence only).,None,False,BRONZE,QUARANTINED
EVT-IMCA-1698,INCIDENT,International Marine Contractors Association (IMCA),SRC-IMCA-1698,2013-09-04,UNKNOWN,International Marine & Offshore,Hot Work Operations,hose,UNKNOWN,UNKNOWN,UNKNOWN,Minor injury requiring first aid or medical attention.,First aid / minor laceration or contusion,False,BRONZE,QUARANTINED
EVT-IMCA-1699,INCIDENT,International Marine Contractors Association (IMCA),SRC-IMCA-1699,2013-09-04,UNKNOWN,International Marine & Offshore,Lifting & Rigging Operations,crane,UNKNOWN,UNKNOWN,UNKNOWN,None reported / Equipment stoppage or minor disruption.,,False,BRONZE,QUARANTINED
EVT-IMCA-1700,INCIDENT,International Marine Contractors Association (IMCA),SRC-IMCA-1700,2013-09-04,Offshore Fixed Platform,International Marine & Offshore,Marine & Vessel Operations,pressure safety valve,UNKNOWN,UNKNOWN,UNKNOWN,None reported / Equipment stoppage or minor disruption.,,False,BRONZE,QUARANTINED
EVT-IMCA-1701,NEAR_MISS,International Marine Contractors Association (IMCA),SRC-IMCA-1701,2013-09-04,UNKNOWN,International Marine & Offshore,General Industrial / Offshore Operations,,GRAVITATIONAL,UNKNOWN,UNKNOWN,No injuries occurred (Near Miss / Potential Consequence only).,None,False,BRONZE,QUARANTINED
EVT-IMCA-1702,INCIDENT,International Marine Contractors Association (IMCA),SRC-IMCA-1702,2013-07-19,UNKNOWN,International Marine & Offshore,General Industrial / Offshore Operations,,UNKNOWN,UNKNOWN,UNKNOWN,Lost time / serious personal injury sustained.,Fracture / Lost time injury,False,BRONZE,QUARANTINED
EVT-IMCA-1703,NEAR_MISS,International Marine Contractors Association (IMCA),SRC-IMCA-1703,2013-07-19,UNKNOWN,International Marine & Offshore,Marine & Vessel Operations,,UNKNOWN,UNKNOWN,UNKNOWN,None reported / Equipment stoppage or minor disruption.,,False,BRONZE,QUARANTINED
EVT-IMCA-1704,NEAR_MISS,International Marine Contractors Association (IMCA),SRC-IMCA-1704,2013-07-19,UNKNOWN,International Marine & Offshore,Marine & Vessel Operations,,UNKNOWN,UNKNOWN,UNKNOWN,None reported / Equipment stoppage or minor disruption.,,False,BRONZE,QUARANTINED
EVT-IMCA-1705,NEAR_MISS,International Marine Contractors Association (IMCA),SRC-IMCA-1705,2013-07-19,UNKNOWN,International Marine & Offshore,General Industrial / Offshore Operations,pneumatic,PRESSURE,UNKNOWN,UNKNOWN,None reported / Equipment stoppage or minor disruption.,,False,BRONZE,QUARANTINED
EVT-IMCA-1706,NEAR_MISS,International Marine Contractors Association (IMCA),SRC-IMCA-1706,2013-06-26,UNKNOWN,International Marine & Offshore,Drilling & Well Intervention,,UNKNOWN,UNKNOWN,UNKNOWN,None reported / Equipment stoppage or minor disruption.,,False,BRONZE,QUARANTINED
EVT-IMCA-1707,NEAR_MISS,International Marine Contractors Association (IMCA),SRC-IMCA-1707,2013-06-26,UNKNOWN,International Marine & Offshore,Drilling & Well Intervention,,UNKNOWN,UNKNOWN,UNKNOWN,No injuries occurred (Near Miss / Potential Consequence only).,None,False,BRONZE,QUARANTINED
EVT-IMCA-1708,NEAR_MISS,International Marine Contractors Association (IMCA),SRC-IMCA-1708,2013-06-25,UNKNOWN,International Marine & Offshore,Lifting & Rigging Operations,lifting sling,UNKNOWN,UNKNOWN,UNKNOWN,No injuries occurred (Near Miss / Potential Consequence only).,None,False,BRONZE,QUARANTINED
EVT-IMCA-1709,NEAR_MISS,International Marine Contractors Association (IMCA),SRC-IMCA-1709,2013-06-25,UNKNOWN,International Marine & Offshore,General Industrial / Offshore Operations,vehicle,KINETIC,UNKNOWN,UNKNOWN,None reported / Equipment stoppage or minor disruption.,,False,BRONZE,QUARANTINED
EVT-IMCA-1710,NEAR_MISS,International Marine Contractors Association (IMCA),SRC-IMCA-1710,2013-06-25,UNKNOWN,International Marine & Offshore,General Industrial / Offshore Operations,,ELECTRICAL,UNKNOWN,UNKNOWN,None reported / Equipment stoppage or minor disruption.,,False,BRONZE,QUARANTINED
EVT-IMCA-1711,NEAR_MISS,International Marine Contractors Association (IMCA),SRC-IMCA-1711,2013-06-25,UNKNOWN,International Marine & Offshore,Marine & Vessel Operations,,UNKNOWN,UNKNOWN,UNKNOWN,None reported / Equipment stoppage or minor disruption.,,False,BRONZE,QUARANTINED
EVT-IMCA-1712,NEAR_MISS,International Marine Contractors Association (IMCA),SRC-IMCA-1712,2013-06-18,UNKNOWN,International Marine & Offshore,Subsea & Diving Operations,remotely operated vehicle (ROV),UNKNOWN,UNKNOWN,UNKNOWN,No injuries occurred (Near Miss / Potential Consequence only).,None,False,BRONZE,QUARANTINED
EVT-IMCA-1713,NEAR_MISS,International Marine Contractors Association (IMCA),SRC-IMCA-1713,2013-06-18,UNKNOWN,International Marine & Offshore,Lifting & Rigging Operations,lifting sling,UNKNOWN,UNKNOWN,UNKNOWN,None reported / Equipment stoppage or minor disruption.,,False,BRONZE,QUARANTINED
EVT-IMCA-1714,NEAR_MISS,International Marine Contractors Association (IMCA),SRC-IMCA-1714,2013-06-18,UNKNOWN,International Marine & Offshore,Marine & Vessel Operations,,UNKNOWN,UNKNOWN,UNKNOWN,None reported / Equipment stoppage or minor disruption.,,False,BRONZE,QUARANTINED
EVT-IMCA-1715,INCIDENT,International Marine Contractors Association (IMCA),SRC-IMCA-1715,2013-06-18,UNKNOWN,International Marine & Offshore,Marine & Vessel Operations,,THERMAL,UNKNOWN,UNKNOWN,None reported / Equipment stoppage or minor disruption.,,False,BRONZE,QUARANTINED
EVT-IMCA-1716,NEAR_MISS,International Marine Contractors Association (IMCA),SRC-IMCA-1716,2013-06-18,UNKNOWN,International Marine & Offshore,Drilling & Well Intervention,,GRAVITATIONAL,UNKNOWN,UNKNOWN,None reported / Equipment stoppage or minor disruption.,,False,BRONZE,QUARANTINED
EVT-IMCA-1717,NEAR_MISS,International Marine Contractors Association (IMCA),SRC-IMCA-1717,2013-05-21,UNKNOWN,International Marine & Offshore,Marine & Vessel Operations,,UNKNOWN,UNKNOWN,UNKNOWN,None reported / Equipment stoppage or minor disruption.,,False,BRONZE,QUARANTINED
EVT-IMCA-1718,NEAR_MISS,International Marine Contractors Association (IMCA),SRC-IMCA-1718,2013-05-21,UNKNOWN,International Marine & Offshore,General Industrial / Offshore Operations,,GRAVITATIONAL,UNKNOWN,UNKNOWN,None reported / Equipment stoppage or minor disruption.,,False,BRONZE,QUARANTINED
EVT-IMCA-1719,NEAR_MISS,International Marine Contractors Association (IMCA),SRC-IMCA-1719,2013-05-21,UNKNOWN,International Marine & Offshore,Lifting & Rigging Operations,crane,UNKNOWN,UNKNOWN,UNKNOWN,None reported / Equipment stoppage or minor disruption.,,False,BRONZE,QUARANTINED
EVT-IMCA-1720,INCIDENT,International Marine Contractors Association (IMCA),SRC-IMCA-1720,2013-05-21,UNKNOWN,International Marine & Offshore,Marine & Vessel Operations,,PRESSURE,TRUE,DERIVED,None reported / Equipment stoppage or minor disruption.,,False,BRONZE,QUARANTINED
EVT-IMCA-1721,INCIDENT,International Marine Contractors Association (IMCA),SRC-IMCA-1721,2013-05-21,UNKNOWN,International Marine & Offshore,General Industrial / Offshore Operations,,THERMAL,UNKNOWN,UNKNOWN,None reported / Equipment stoppage or minor disruption.,,False,BRONZE,QUARANTINED
EVT-IMCA-1722,INCIDENT,International Marine Contractors Association (IMCA),SRC-IMCA-1722,2013-05-21,UNKNOWN,International Marine & Offshore,General Industrial / Offshore Operations,,THERMAL,UNKNOWN,UNKNOWN,None reported / Equipment stoppage or minor disruption.,,False,BRONZE,QUARANTINED
EVT-IMCA-1723,INCIDENT,International Marine Contractors Association (IMCA),SRC-IMCA-1723,2013-05-09,UNKNOWN,International Marine & Offshore,Lifting & Rigging Operations,lift trolley,UNKNOWN,UNKNOWN,UNKNOWN,None reported / Equipment stoppage or minor disruption.,,False,BRONZE,QUARANTINED
EVT-IMCA-1724,NEAR_MISS,International Marine Contractors Association (IMCA),SRC-IMCA-1724,2013-05-09,UNKNOWN,International Marine & Offshore,Marine & Vessel Operations,,UNKNOWN,UNKNOWN,UNKNOWN,No injuries occurred (Near Miss / Potential Consequence only).,None,False,BRONZE,QUARANTINED
EVT-IMCA-1725,INCIDENT,International Marine Contractors Association (IMCA),SRC-IMCA-1725,2013-05-09,UNKNOWN,International Marine & Offshore,General Industrial / Offshore Operations,,UNKNOWN,UNKNOWN,UNKNOWN,Lost time / serious personal injury sustained.,Fracture / Lost time injury,False,BRONZE,QUARANTINED
EVT-IMCA-1726,NEAR_MISS,International Marine Contractors Association (IMCA),SRC-IMCA-1726,2013-05-09,UNKNOWN,International Marine & Offshore,General Industrial / Offshore Operations,,PRESSURE,UNKNOWN,UNKNOWN,No injuries occurred (Near Miss / Potential Consequence only).,None,False,BRONZE,QUARANTINED
EVT-IMCA-1727,INCIDENT,International Marine Contractors Association (IMCA),SRC-IMCA-1727,2013-05-09,UNKNOWN,International Marine & Offshore,General Industrial / Offshore Operations,,GRAVITATIONAL,TRUE,DERIVED,Lost time / serious personal injury sustained.,Fracture / Lost time injury,False,BRONZE,QUARANTINED
EVT-IMCA-1728,NEAR_MISS,International Marine Contractors Association (IMCA),SRC-IMCA-1728,2013-05-09,UNKNOWN,International Marine & Offshore,General Industrial / Offshore Operations,pneumatic,PRESSURE,UNKNOWN,UNKNOWN,None reported / Equipment stoppage or minor disruption.,,False,BRONZE,QUARANTINED
EVT-IMCA-1729,NEAR_MISS,International Marine Contractors Association (IMCA),SRC-IMCA-1729,2013-05-03,UNKNOWN,International Marine & Offshore,Marine & Vessel Operations,,UNKNOWN,UNKNOWN,UNKNOWN,None reported / Equipment stoppage or minor disruption.,,False,BRONZE,QUARANTINED
EVT-IMCA-1730,INCIDENT,International Marine Contractors Association (IMCA),SRC-IMCA-1730,2013-05-03,UNKNOWN,International Marine & Offshore,Subsea & Diving Operations,remotely operated vehicle (ROV),UNKNOWN,UNKNOWN,UNKNOWN,None reported / Equipment stoppage or minor disruption.,,False,BRONZE,QUARANTINED
EVT-IMCA-1731,NEAR_MISS,International Marine Contractors Association (IMCA),SRC-IMCA-1731,2013-05-03,UNKNOWN,International Marine & Offshore,General Industrial / Offshore Operations,,UNKNOWN,UNKNOWN,UNKNOWN,No injuries occurred (Near Miss / Potential Consequence only).,None,False,BRONZE,QUARANTINED
EVT-IMCA-1732,NEAR_MISS,International Marine Contractors Association (IMCA),SRC-IMCA-1732,2013-05-03,UNKNOWN,International Marine & Offshore,Lifting & Rigging Operations,,UNKNOWN,UNKNOWN,UNKNOWN,No injuries occurred (Near Miss / Potential Consequence only).,None,False,BRONZE,QUARANTINED
EVT-IMCA-1733,NEAR_MISS,International Marine Contractors Association (IMCA),SRC-IMCA-1733,2013-05-03,UNKNOWN,International Marine & Offshore,Marine & Vessel Operations,,UNKNOWN,UNKNOWN,UNKNOWN,None reported / Equipment stoppage or minor disruption.,,False,BRONZE,QUARANTINED
EVT-IMCA-1734,INCIDENT,International Marine Contractors Association (IMCA),SRC-IMCA-1734,2013-04-04,UNKNOWN,International Marine & Offshore,General Industrial / Offshore Operations,,UNKNOWN,UNKNOWN,UNKNOWN,Fatal injury occurred.,Fatal injury,True,BRONZE,QUARANTINED
EVT-IMCA-1735,INCIDENT,International Marine Contractors Association (IMCA),SRC-IMCA-1735,2013-04-04,UNKNOWN,International Marine & Offshore,General Industrial / Offshore Operations,,UNKNOWN,UNKNOWN,UNKNOWN,Fatal injury occurred.,Fatal injury,True,BRONZE,QUARANTINED
EVT-IMCA-1736,NEAR_MISS,International Marine Contractors Association (IMCA),SRC-IMCA-1736,2013-04-04,UNKNOWN,International Marine & Offshore,General Industrial / Offshore Operations,,ELECTRICAL,UNKNOWN,UNKNOWN,No injuries occurred (Near Miss / Potential Consequence only).,None,False,BRONZE,QUARANTINED
EVT-IMCA-1737,NEAR_MISS,International Marine Contractors Association (IMCA),SRC-IMCA-1737,2013-04-04,UNKNOWN,International Marine & Offshore,General Industrial / Offshore Operations,,UNKNOWN,UNKNOWN,UNKNOWN,None reported / Equipment stoppage or minor disruption.,,False,BRONZE,QUARANTINED
EVT-IMCA-1738,NEAR_MISS,International Marine Contractors Association (IMCA),SRC-IMCA-1738,2013-04-04,UNKNOWN,International Marine & Offshore,Lifting & Rigging Operations,,UNKNOWN,UNKNOWN,UNKNOWN,No injuries occurred (Near Miss / Potential Consequence only).,None,False,BRONZE,QUARANTINED
EVT-IMCA-1739,INCIDENT,International Marine Contractors Association (IMCA),SRC-IMCA-1739,2013-04-04,UNKNOWN,International Marine & Offshore,Marine & Vessel Operations,,THERMAL,UNKNOWN,UNKNOWN,None reported / Equipment stoppage or minor disruption.,,False,BRONZE,QUARANTINED
EVT-IMCA-1740,NEAR_MISS,International Marine Contractors Association (IMCA),SRC-IMCA-1740,2013-02-15,UNKNOWN,International Marine & Offshore,General Industrial / Offshore Operations,,UNKNOWN,UNKNOWN,UNKNOWN,No injuries occurred (Near Miss / Potential Consequence only).,None,False,BRONZE,QUARANTINED
EVT-IMCA-1741,INCIDENT,International Marine Contractors Association (IMCA),SRC-IMCA-1741,2013-02-15,UNKNOWN,International Marine & Offshore,General Industrial / Offshore Operations,,UNKNOWN,UNKNOWN,UNKNOWN,Lost time / serious personal injury sustained.,Fracture / Lost time injury,False,BRONZE,QUARANTINED
EVT-IMCA-1742,NEAR_MISS,International Marine Contractors Association (IMCA),SRC-IMCA-1742,2013-02-15,UNKNOWN,International Marine & Offshore,General Industrial / Offshore Operations,scaffold,GRAVITATIONAL,UNKNOWN,UNKNOWN,No injuries occurred (Near Miss / Potential Consequence only).,None,False,BRONZE,QUARANTINED
EVT-IMCA-1743,NEAR_MISS,International Marine Contractors Association (IMCA),SRC-IMCA-1743,2013-02-15,UNKNOWN,International Marine & Offshore,General Industrial / Offshore Operations,,UNKNOWN,UNKNOWN,UNKNOWN,None reported / Equipment stoppage or minor disruption.,,False,BRONZE,QUARANTINED
EVT-IMCA-1744,INCIDENT,International Marine Contractors Association (IMCA),SRC-IMCA-1744,2013-02-15,UNKNOWN,International Marine & Offshore,Marine & Vessel Operations,,UNKNOWN,UNKNOWN,UNKNOWN,Fatal injury occurred.,Fatal injury,True,BRONZE,QUARANTINED
EVT-IMCA-1745,INCIDENT,International Marine Contractors Association (IMCA),SRC-IMCA-1745,2013-01-30,Offshore Fixed Platform,International Marine & Offshore,Lifting & Rigging Operations,lift / elevator,UNKNOWN,UNKNOWN,UNKNOWN,Fatal injury occurred.,Fatal injury,True,BRONZE,QUARANTINED
EVT-IMCA-1746,NEAR_MISS,International Marine Contractors Association (IMCA),SRC-IMCA-1746,2013-01-30,Barge,International Marine & Offshore,Subsea & Diving Operations,,UNKNOWN,UNKNOWN,UNKNOWN,None reported / Equipment stoppage or minor disruption.,,False,BRONZE,QUARANTINED
EVT-IMCA-1747,INCIDENT,International Marine Contractors Association (IMCA),SRC-IMCA-1747,2013-01-30,UNKNOWN,International Marine & Offshore,General Industrial / Offshore Operations,,UNKNOWN,UNKNOWN,UNKNOWN,Lost time / serious personal injury sustained.,Fracture / Lost time injury,False,BRONZE,QUARANTINED
EVT-IMCA-1748,NEAR_MISS,International Marine Contractors Association (IMCA),SRC-IMCA-1748,2013-01-30,Barge,International Marine & Offshore,Subsea & Diving Operations,,UNKNOWN,UNKNOWN,UNKNOWN,None reported / Equipment stoppage or minor disruption.,,False,BRONZE,QUARANTINED
EVT-IMCA-1749,INCIDENT,International Marine Contractors Association (IMCA),SRC-IMCA-1749,2013-01-30,UNKNOWN,International Marine & Offshore,General Industrial / Offshore Operations,,UNKNOWN,UNKNOWN,UNKNOWN,Fatal injury occurred.,Fatal injury,True,BRONZE,QUARANTINED
EVT-IMCA-1750,UC,International Marine Contractors Association (IMCA),SRC-IMCA-1750,2013-01-18,UNKNOWN,International Marine & Offshore,Lifting & Rigging Operations,,UNKNOWN,UNKNOWN,UNKNOWN,No injuries occurred (Near Miss / Potential Consequence only).,None,False,BRONZE,QUARANTINED
EVT-IMCA-1751,INCIDENT,International Marine Contractors Association (IMCA),SRC-IMCA-1751,2013-01-18,UNKNOWN,International Marine & Offshore,Lifting & Rigging Operations,crane,GRAVITATIONAL,UNKNOWN,UNKNOWN,None reported / Equipment stoppage or minor disruption.,,False,BRONZE,QUARANTINED
EVT-IMCA-1752,INCIDENT,International Marine Contractors Association (IMCA),SRC-IMCA-1752,2013-01-18,UNKNOWN,International Marine & Offshore,General Industrial / Offshore Operations,,UNKNOWN,UNKNOWN,UNKNOWN,Minor injury requiring first aid or medical attention.,First aid / minor laceration or contusion,False,BRONZE,QUARANTINED
EVT-IMCA-1753,NEAR_MISS,International Marine Contractors Association (IMCA),SRC-IMCA-1753,2013-01-18,UNKNOWN,International Marine & Offshore,General Industrial / Offshore Operations,,UNKNOWN,UNKNOWN,UNKNOWN,None reported / Equipment stoppage or minor disruption.,,False,BRONZE,QUARANTINED
EVT-IMCA-1754,INCIDENT,International Marine Contractors Association (IMCA),SRC-IMCA-1754,2013-01-18,UNKNOWN,International Marine & Offshore,Marine & Vessel Operations,,UNKNOWN,UNKNOWN,UNKNOWN,Lost time / serious personal injury sustained.,Fracture / Lost time injury,False,BRONZE,QUARANTINED
EVT-IMCA-1755,NEAR_MISS,International Marine Contractors Association (IMCA),SRC-IMCA-1755,2012-12-11,UNKNOWN,International Marine & Offshore,Lifting & Rigging Operations,,UNKNOWN,UNKNOWN,UNKNOWN,No injuries occurred (Near Miss / Potential Consequence only).,None,False,BRONZE,QUARANTINED
EVT-IMCA-1756,INCIDENT,International Marine Contractors Association (IMCA),SRC-IMCA-1756,2012-12-11,UNKNOWN,International Marine & Offshore,General Industrial / Offshore Operations,,UNKNOWN,UNKNOWN,UNKNOWN,Lost time / serious personal injury sustained.,Fracture / Lost time injury,False,BRONZE,QUARANTINED
EVT-IMCA-1757,INCIDENT,International Marine Contractors Association (IMCA),SRC-IMCA-1757,2012-12-11,UNKNOWN,International Marine & Offshore,Lifting & Rigging Operations,,UNKNOWN,UNKNOWN,UNKNOWN,Lost time / serious personal injury sustained.,Fracture / Lost time injury,False,BRONZE,QUARANTINED
EVT-IMCA-1758,INCIDENT,International Marine Contractors Association (IMCA),SRC-IMCA-1758,2012-12-11,UNKNOWN,International Marine & Offshore,General Industrial / Offshore Operations,,UNKNOWN,UNKNOWN,UNKNOWN,Lost time / serious personal injury sustained.,Fracture / Lost time injury,False,BRONZE,QUARANTINED
EVT-IMCA-1759,INCIDENT,International Marine Contractors Association (IMCA),SRC-IMCA-1759,2012-12-11,UNKNOWN,International Marine & Offshore,General Industrial / Offshore Operations,,THERMAL,UNKNOWN,UNKNOWN,None reported / Equipment stoppage or minor disruption.,,False,BRONZE,QUARANTINED
EVT-IMCA-1760,INCIDENT,International Marine Contractors Association (IMCA),SRC-IMCA-1760,2012-11-14,UNKNOWN,International Marine & Offshore,General Industrial / Offshore Operations,,UNKNOWN,UNKNOWN,UNKNOWN,None reported / Equipment stoppage or minor disruption.,,False,BRONZE,QUARANTINED
EVT-IMCA-1762,NEAR_MISS,International Marine Contractors Association (IMCA),SRC-IMCA-1762,2012-11-14,UNKNOWN,International Marine & Offshore,General Industrial / Offshore Operations,,UNKNOWN,UNKNOWN,UNKNOWN,None reported / Equipment stoppage or minor disruption.,,False,BRONZE,QUARANTINED
EVT-IMCA-1763,NEAR_MISS,International Marine Contractors Association (IMCA),SRC-IMCA-1763,2012-11-14,UNKNOWN,International Marine & Offshore,General Industrial / Offshore Operations,,GRAVITATIONAL,UNKNOWN,UNKNOWN,No injuries occurred (Near Miss / Potential Consequence only).,None,False,BRONZE,QUARANTINED
EVT-IMCA-1764,INCIDENT,International Marine Contractors Association (IMCA),SRC-IMCA-1764,2012-10-26,UNKNOWN,International Marine & Offshore,General Industrial / Offshore Operations,,UNKNOWN,UNKNOWN,UNKNOWN,Lost time / serious personal injury sustained.,Fracture / Lost time injury,False,BRONZE,QUARANTINED
EVT-IMCA-1765,NEAR_MISS,International Marine Contractors Association (IMCA),SRC-IMCA-1765,2012-10-26,UNKNOWN,International Marine & Offshore,General Industrial / Offshore Operations,,GRAVITATIONAL,UNKNOWN,UNKNOWN,No injuries occurred (Near Miss / Potential Consequence only).,None,False,BRONZE,QUARANTINED
EVT-IMCA-1766,INCIDENT,International Marine Contractors Association (IMCA),SRC-IMCA-1766,2012-10-26,UNKNOWN,International Marine & Offshore,Lifting & Rigging Operations,crane,UNKNOWN,UNKNOWN,UNKNOWN,Lost time / serious personal injury sustained.,Fracture / Lost time injury,False,BRONZE,QUARANTINED
EVT-IMCA-1767,NEAR_MISS,International Marine Contractors Association (IMCA),SRC-IMCA-1767,2012-10-26,UNKNOWN,International Marine & Offshore,General Industrial / Offshore Operations,,UNKNOWN,UNKNOWN,UNKNOWN,No injuries occurred (Near Miss / Potential Consequence only).,None,False,BRONZE,QUARANTINED
EVT-IMCA-1768,INCIDENT,International Marine Contractors Association (IMCA),SRC-IMCA-1768,2012-10-26,UNKNOWN,International Marine & Offshore,General Industrial / Offshore Operations,,UNKNOWN,UNKNOWN,UNKNOWN,None reported / Equipment stoppage or minor disruption.,,False,BRONZE,QUARANTINED
EVT-IMCA-1769,INCIDENT,International Marine Contractors Association (IMCA),SRC-IMCA-1769,2012-10-11,UNKNOWN,International Marine & Offshore,Lifting & Rigging Operations,,UNKNOWN,UNKNOWN,UNKNOWN,None reported / Equipment stoppage or minor disruption.,,False,BRONZE,QUARANTINED
EVT-IMCA-1770,INCIDENT,International Marine Contractors Association (IMCA),SRC-IMCA-1770,2012-10-11,UNKNOWN,International Marine & Offshore,General Industrial / Offshore Operations,,UNKNOWN,TRUE,EXPLICIT,Fatal injury occurred.,Fatal injury,True,BRONZE,QUARANTINED
EVT-IMCA-1771,NEAR_MISS,International Marine Contractors Association (IMCA),SRC-IMCA-1771,2012-10-11,UNKNOWN,International Marine & Offshore,General Industrial / Offshore Operations,,UNKNOWN,UNKNOWN,UNKNOWN,None reported / Equipment stoppage or minor disruption.,,False,BRONZE,QUARANTINED
EVT-IMCA-1772,INCIDENT,International Marine Contractors Association (IMCA),SRC-IMCA-1772,2012-10-11,UNKNOWN,International Marine & Offshore,General Industrial / Offshore Operations,,UNKNOWN,UNKNOWN,UNKNOWN,None reported / Equipment stoppage or minor disruption.,,False,BRONZE,QUARANTINED
EVT-IMCA-1773,INCIDENT,International Marine Contractors Association (IMCA),SRC-IMCA-1773,2012-10-11,UNKNOWN,International Marine & Offshore,General Industrial / Offshore Operations,,UNKNOWN,UNKNOWN,UNKNOWN,None reported / Equipment stoppage or minor disruption.,,False,BRONZE,QUARANTINED
EVT-IMCA-1774,NEAR_MISS,International Marine Contractors Association (IMCA),SRC-IMCA-1774,2012-09-04,UNKNOWN,International Marine & Offshore,General Industrial / Offshore Operations,,UNKNOWN,UNKNOWN,UNKNOWN,None reported / Equipment stoppage or minor disruption.,,False,BRONZE,QUARANTINED
EVT-IMCA-1775,NEAR_MISS,International Marine Contractors Association (IMCA),SRC-IMCA-1775,2012-09-04,UNKNOWN,International Marine & Offshore,General Industrial / Offshore Operations,,UNKNOWN,UNKNOWN,UNKNOWN,No injuries occurred (Near Miss / Potential Consequence only).,None,False,BRONZE,QUARANTINED
EVT-IMCA-1776,INCIDENT,International Marine Contractors Association (IMCA),SRC-IMCA-1776,2012-09-04,UNKNOWN,International Marine & Offshore,Hot Work Operations,,UNKNOWN,UNKNOWN,UNKNOWN,Lost time / serious personal injury sustained.,Fracture / Lost time injury,False,BRONZE,QUARANTINED
EVT-IMCA-1777,NEAR_MISS,International Marine Contractors Association (IMCA),SRC-IMCA-1777,2012-09-04,UNKNOWN,International Marine & Offshore,General Industrial / Offshore Operations,,UNKNOWN,UNKNOWN,UNKNOWN,No injuries occurred (Near Miss / Potential Consequence only).,None,False,BRONZE,QUARANTINED
EVT-IMCA-1778,NEAR_MISS,International Marine Contractors Association (IMCA),SRC-IMCA-1778,2012-07-24,UNKNOWN,International Marine & Offshore,General Industrial / Offshore Operations,diver umbilical,UNKNOWN,UNKNOWN,UNKNOWN,No injuries occurred (Near Miss / Potential Consequence only).,None,False,BRONZE,QUARANTINED
EVT-IMCA-1779,NEAR_MISS,International Marine Contractors Association (IMCA),SRC-IMCA-1779,2012-07-24,UNKNOWN,International Marine & Offshore,Lifting & Rigging Operations,,UNKNOWN,UNKNOWN,UNKNOWN,No injuries occurred (Near Miss / Potential Consequence only).,None,False,BRONZE,QUARANTINED
EVT-IMCA-1780,NEAR_MISS,International Marine Contractors Association (IMCA),SRC-IMCA-1780,2012-07-24,Offshore Fixed Platform,International Marine & Offshore,Marine & Vessel Operations,,UNKNOWN,UNKNOWN,UNKNOWN,None reported / Equipment stoppage or minor disruption.,,False,BRONZE,QUARANTINED
EVT-IMCA-1781,NEAR_MISS,International Marine Contractors Association (IMCA),SRC-IMCA-1781,2012-07-24,UNKNOWN,International Marine & Offshore,General Industrial / Offshore Operations,,GRAVITATIONAL,UNKNOWN,UNKNOWN,No injuries occurred (Near Miss / Potential Consequence only).,None,False,BRONZE,QUARANTINED
EVT-IMCA-1782,INCIDENT,International Marine Contractors Association (IMCA),SRC-IMCA-1782,2012-07-10,UNKNOWN,International Marine & Offshore,General Industrial / Offshore Operations,,UNKNOWN,UNKNOWN,UNKNOWN,Lost time / serious personal injury sustained.,Fracture / Lost time injury,False,BRONZE,QUARANTINED
EVT-IMCA-1783,INCIDENT,International Marine Contractors Association (IMCA),SRC-IMCA-1783,2012-07-10,UNKNOWN,International Marine & Offshore,Hot Work Operations,,THERMAL,TRUE,DERIVED,Minor injury requiring first aid or medical attention.,First aid / minor laceration or contusion,False,BRONZE,QUARANTINED
EVT-IMCA-1784,NEAR_MISS,International Marine Contractors Association (IMCA),SRC-IMCA-1784,2012-07-10,UNKNOWN,International Marine & Offshore,General Industrial / Offshore Operations,,UNKNOWN,UNKNOWN,UNKNOWN,None reported / Equipment stoppage or minor disruption.,,False,BRONZE,QUARANTINED
EVT-IMCA-1786,INCIDENT,International Marine Contractors Association (IMCA),SRC-IMCA-1786,2012-07-10,Offshore Fixed Platform,International Marine & Offshore,General Industrial / Offshore Operations,,UNKNOWN,TRUE,EXPLICIT,Fatal injury occurred.,Fatal injury,True,BRONZE,QUARANTINED
EVT-IMCA-1787,NEAR_MISS,International Marine Contractors Association (IMCA),SRC-IMCA-1787,2012-06-25,UNKNOWN,International Marine & Offshore,General Industrial / Offshore Operations,,ELECTRICAL,UNKNOWN,UNKNOWN,No injuries occurred (Near Miss / Potential Consequence only).,None,False,BRONZE,QUARANTINED
EVT-IMCA-1788,UA,International Marine Contractors Association (IMCA),SRC-IMCA-1788,2012-06-25,UNKNOWN,International Marine & Offshore,General Industrial / Offshore Operations,,UNKNOWN,UNKNOWN,UNKNOWN,None reported / Equipment stoppage or minor disruption.,,False,BRONZE,QUARANTINED
EVT-IMCA-1789,NEAR_MISS,International Marine Contractors Association (IMCA),SRC-IMCA-1789,2012-06-25,UNKNOWN,International Marine & Offshore,Subsea & Diving Operations,,UNKNOWN,UNKNOWN,UNKNOWN,No injuries occurred (Near Miss / Potential Consequence only).,None,False,BRONZE,QUARANTINED
EVT-IMCA-1790,NEAR_MISS,International Marine Contractors Association (IMCA),SRC-IMCA-1790,2012-06-25,UNKNOWN,International Marine & Offshore,General Industrial / Offshore Operations,,UNKNOWN,UNKNOWN,UNKNOWN,None reported / Equipment stoppage or minor disruption.,,False,BRONZE,QUARANTINED
EVT-IMCA-1791,NEAR_MISS,International Marine Contractors Association (IMCA),SRC-IMCA-1791,2012-06-25,UNKNOWN,International Marine & Offshore,General Industrial / Offshore Operations,,UNKNOWN,UNKNOWN,UNKNOWN,No injuries occurred (Near Miss / Potential Consequence only).,None,False,BRONZE,QUARANTINED
EVT-IMCA-1792,NEAR_MISS,International Marine Contractors Association (IMCA),SRC-IMCA-1792,2012-06-08,UNKNOWN,International Marine & Offshore,Lifting & Rigging Operations,lift / elevator,UNKNOWN,UNKNOWN,UNKNOWN,None reported / Equipment stoppage or minor disruption.,,False,BRONZE,QUARANTINED
EVT-IMCA-1793,NEAR_MISS,International Marine Contractors Association (IMCA),SRC-IMCA-1793,2012-06-08,UNKNOWN,International Marine & Offshore,General Industrial / Offshore Operations,,UNKNOWN,UNKNOWN,UNKNOWN,No injuries occurred (Near Miss / Potential Consequence only).,None,False,BRONZE,QUARANTINED
EVT-IMCA-1794,INCIDENT,International Marine Contractors Association (IMCA),SRC-IMCA-1794,2012-06-08,UNKNOWN,International Marine & Offshore,General Industrial / Offshore Operations,,UNKNOWN,UNKNOWN,UNKNOWN,Lost time / serious personal injury sustained.,Fracture / Lost time injury,False,BRONZE,QUARANTINED
EVT-IMCA-1795,INCIDENT,International Marine Contractors Association (IMCA),SRC-IMCA-1795,2012-06-08,UNKNOWN,International Marine & Offshore,Lifting & Rigging Operations,,UNKNOWN,UNKNOWN,UNKNOWN,None reported / Equipment stoppage or minor disruption.,,False,BRONZE,QUARANTINED
EVT-IMCA-1796,NEAR_MISS,International Marine Contractors Association (IMCA),SRC-IMCA-1796,2012-06-08,UNKNOWN,International Marine & Offshore,General Industrial / Offshore Operations,,GRAVITATIONAL,UNKNOWN,UNKNOWN,No injuries occurred (Near Miss / Potential Consequence only).,None,False,BRONZE,QUARANTINED
EVT-IMCA-1797,NEAR_MISS,International Marine Contractors Association (IMCA),SRC-IMCA-1797,2012-04-30,UNKNOWN,International Marine & Offshore,Lifting & Rigging Operations,,UNKNOWN,UNKNOWN,UNKNOWN,None reported / Equipment stoppage or minor disruption.,,False,BRONZE,QUARANTINED
EVT-IMCA-1798,NEAR_MISS,International Marine Contractors Association (IMCA),SRC-IMCA-1798,2012-04-30,UNKNOWN,International Marine & Offshore,Hot Work Operations,,UNKNOWN,UNKNOWN,UNKNOWN,Minor injury requiring first aid or medical attention.,First aid / minor laceration or contusion,False,BRONZE,QUARANTINED
EVT-IMCA-1799,NEAR_MISS,International Marine Contractors Association (IMCA),SRC-IMCA-1799,2012-04-30,UNKNOWN,International Marine & Offshore,General Industrial / Offshore Operations,hose,UNKNOWN,UNKNOWN,UNKNOWN,None reported / Equipment stoppage or minor disruption.,,False,BRONZE,QUARANTINED
EVT-IMCA-1800,NEAR_MISS,International Marine Contractors Association (IMCA),SRC-IMCA-1800,2012-04-30,UNKNOWN,International Marine & Offshore,Lifting & Rigging Operations,crane,UNKNOWN,UNKNOWN,UNKNOWN,None reported / Equipment stoppage or minor disruption.,,False,BRONZE,QUARANTINED
EVT-IMCA-1801,NEAR_MISS,International Marine Contractors Association (IMCA),SRC-IMCA-1801,2012-04-30,UNKNOWN,International Marine & Offshore,Lifting & Rigging Operations,,UNKNOWN,UNKNOWN,UNKNOWN,No injuries occurred (Near Miss / Potential Consequence only).,None,False,BRONZE,QUARANTINED
EVT-IMCA-1802,NEAR_MISS,International Marine Contractors Association (IMCA),SRC-IMCA-1802,2012-04-04,UNKNOWN,International Marine & Offshore,General Industrial / Offshore Operations,,UNKNOWN,UNKNOWN,UNKNOWN,No injuries occurred (Near Miss / Potential Consequence only).,None,False,BRONZE,QUARANTINED
EVT-IMCA-1803,NEAR_MISS,International Marine Contractors Association (IMCA),SRC-IMCA-1803,2012-04-04,UNKNOWN,International Marine & Offshore,Lifting & Rigging Operations,,UNKNOWN,UNKNOWN,UNKNOWN,None reported / Equipment stoppage or minor disruption.,,False,BRONZE,QUARANTINED
EVT-IMCA-1804,NEAR_MISS,International Marine Contractors Association (IMCA),SRC-IMCA-1804,2012-04-04,Offshore Fixed Platform,International Marine & Offshore,Lifting & Rigging Operations,crane,UNKNOWN,UNKNOWN,UNKNOWN,No injuries occurred (Near Miss / Potential Consequence only).,None,False,BRONZE,QUARANTINED
EVT-IMCA-1805,NEAR_MISS,International Marine Contractors Association (IMCA),SRC-IMCA-1805,2012-04-04,UNKNOWN,International Marine & Offshore,General Industrial / Offshore Operations,,UNKNOWN,UNKNOWN,UNKNOWN,None reported / Equipment stoppage or minor disruption.,,False,BRONZE,QUARANTINED
EVT-IMCA-1806,NEAR_MISS,International Marine Contractors Association (IMCA),SRC-IMCA-1806,2012-04-04,UNKNOWN,International Marine & Offshore,General Industrial / Offshore Operations,,UNKNOWN,UNKNOWN,UNKNOWN,None reported / Equipment stoppage or minor disruption.,,False,BRONZE,QUARANTINED
EVT-IMCA-1807,NEAR_MISS,International Marine Contractors Association (IMCA),SRC-IMCA-1807,2012-02-29,UNKNOWN,International Marine & Offshore,General Industrial / Offshore Operations,,UNKNOWN,UNKNOWN,UNKNOWN,None reported / Equipment stoppage or minor disruption.,,False,BRONZE,QUARANTINED
EVT-IMCA-1808,INCIDENT,International Marine Contractors Association (IMCA),SRC-IMCA-1808,2012-02-29,UNKNOWN,International Marine & Offshore,General Industrial / Offshore Operations,,THERMAL,TRUE,DERIVED,No injuries occurred (Near Miss / Potential Consequence only).,None,False,BRONZE,QUARANTINED
EVT-IMCA-1809,INCIDENT,International Marine Contractors Association (IMCA),SRC-IMCA-1809,2012-02-29,UNKNOWN,International Marine & Offshore,General Industrial / Offshore Operations,,UNKNOWN,UNKNOWN,UNKNOWN,None reported / Equipment stoppage or minor disruption.,,False,BRONZE,QUARANTINED
EVT-IMCA-1810,NEAR_MISS,International Marine Contractors Association (IMCA),SRC-IMCA-1810,2012-02-29,UNKNOWN,International Marine & Offshore,General Industrial / Offshore Operations,,UNKNOWN,UNKNOWN,UNKNOWN,None reported / Equipment stoppage or minor disruption.,,False,BRONZE,QUARANTINED
EVT-IMCA-1811,NEAR_MISS,International Marine Contractors Association (IMCA),SRC-IMCA-1811,2012-02-29,UNKNOWN,International Marine & Offshore,General Industrial / Offshore Operations,,UNKNOWN,UNKNOWN,UNKNOWN,None reported / Equipment stoppage or minor disruption.,,False,BRONZE,QUARANTINED
EVT-IMCA-1812,NEAR_MISS,International Marine Contractors Association (IMCA),SRC-IMCA-1812,2012-01-25,UNKNOWN,International Marine & Offshore,Lifting & Rigging Operations,crane,GRAVITATIONAL,UNKNOWN,UNKNOWN,No injuries occurred (Near Miss / Potential Consequence only).,None,False,BRONZE,QUARANTINED
EVT-IMCA-1813,INCIDENT,International Marine Contractors Association (IMCA),SRC-IMCA-1813,2012-01-25,UNKNOWN,International Marine & Offshore,General Industrial / Offshore Operations,,UNKNOWN,UNKNOWN,UNKNOWN,Lost time / serious personal injury sustained.,Fracture / Lost time injury,False,BRONZE,QUARANTINED
EVT-IMCA-1814,NEAR_MISS,International Marine Contractors Association (IMCA),SRC-IMCA-1814,2012-01-25,UNKNOWN,International Marine & Offshore,Subsea & Diving Operations,remotely operated vehicle (ROV),UNKNOWN,UNKNOWN,UNKNOWN,No injuries occurred (Near Miss / Potential Consequence only).,None,False,BRONZE,QUARANTINED
EVT-IMCA-1815,NEAR_MISS,International Marine Contractors Association (IMCA),SRC-IMCA-1815,2012-01-25,UNKNOWN,International Marine & Offshore,General Industrial / Offshore Operations,diver umbilical,UNKNOWN,UNKNOWN,UNKNOWN,None reported / Equipment stoppage or minor disruption.,,False,BRONZE,QUARANTINED
EVT-IMCA-1816,INCIDENT,International Marine Contractors Association (IMCA),SRC-IMCA-1816,2012-01-25,UNKNOWN,International Marine & Offshore,General Industrial / Offshore Operations,,GRAVITATIONAL,TRUE,DERIVED,None reported / Equipment stoppage or minor disruption.,,False,BRONZE,QUARANTINED
EVT-IMCA-1817,NEAR_MISS,International Marine Contractors Association (IMCA),SRC-IMCA-1817,2011-12-23,UNKNOWN,International Marine & Offshore,Subsea & Diving Operations,,UNKNOWN,UNKNOWN,UNKNOWN,No injuries occurred (Near Miss / Potential Consequence only).,None,False,BRONZE,QUARANTINED
EVT-IMCA-1818,NEAR_MISS,International Marine Contractors Association (IMCA),SRC-IMCA-1818,2011-12-23,UNKNOWN,International Marine & Offshore,Subsea & Diving Operations,,UNKNOWN,UNKNOWN,UNKNOWN,No injuries occurred (Near Miss / Potential Consequence only).,None,False,BRONZE,QUARANTINED
EVT-IMCA-1819,INCIDENT,International Marine Contractors Association (IMCA),SRC-IMCA-1819,2011-12-23,UNKNOWN,International Marine & Offshore,General Industrial / Offshore Operations,,UNKNOWN,UNKNOWN,UNKNOWN,None reported / Equipment stoppage or minor disruption.,,False,BRONZE,QUARANTINED
EVT-IMCA-1820,NEAR_MISS,International Marine Contractors Association (IMCA),SRC-IMCA-1820,2011-12-23,UNKNOWN,International Marine & Offshore,Marine & Vessel Operations,,UNKNOWN,UNKNOWN,UNKNOWN,None reported / Equipment stoppage or minor disruption.,,False,BRONZE,QUARANTINED
EVT-IMCA-1821,INCIDENT,International Marine Contractors Association (IMCA),SRC-IMCA-1821,2011-12-23,UNKNOWN,International Marine & Offshore,Subsea & Diving Operations,,THERMAL,UNKNOWN,UNKNOWN,None reported / Equipment stoppage or minor disruption.,,False,BRONZE,QUARANTINED
EVT-IMCA-1822,NEAR_MISS,International Marine Contractors Association (IMCA),SRC-IMCA-1822,2011-12-23,UNKNOWN,International Marine & Offshore,Lifting & Rigging Operations,,UNKNOWN,UNKNOWN,UNKNOWN,None reported / Equipment stoppage or minor disruption.,,False,BRONZE,QUARANTINED
EVT-IMCA-1823,NEAR_MISS,International Marine Contractors Association (IMCA),SRC-IMCA-1823,2011-12-23,UNKNOWN,International Marine & Offshore,Marine & Vessel Operations,,UNKNOWN,UNKNOWN,UNKNOWN,No injuries occurred (Near Miss / Potential Consequence only).,None,False,BRONZE,QUARANTINED
EVT-IMCA-1824,NEAR_MISS,International Marine Contractors Association (IMCA),SRC-IMCA-1824,2011-12-23,UNKNOWN,International Marine & Offshore,Lifting & Rigging Operations,,UNKNOWN,UNKNOWN,UNKNOWN,None reported / Equipment stoppage or minor disruption.,,False,BRONZE,QUARANTINED
EVT-IMCA-1825,NEAR_MISS,International Marine Contractors Association (IMCA),SRC-IMCA-1825,2011-12-23,UNKNOWN,International Marine & Offshore,Piping & Pressure Maintenance,valve,UNKNOWN,UNKNOWN,UNKNOWN,None reported / Equipment stoppage or minor disruption.,,False,BRONZE,QUARANTINED
EVT-IMCA-1826,NEAR_MISS,International Marine Contractors Association (IMCA),SRC-IMCA-1826,2011-12-23,UNKNOWN,International Marine & Offshore,Piping & Pressure Maintenance,valve,UNKNOWN,UNKNOWN,UNKNOWN,None reported / Equipment stoppage or minor disruption.,,False,BRONZE,QUARANTINED
EVT-IMCA-1827,NEAR_MISS,International Marine Contractors Association (IMCA),SRC-IMCA-1827,2011-11-25,UNKNOWN,International Marine & Offshore,Subsea & Diving Operations,winch,GRAVITATIONAL,UNKNOWN,UNKNOWN,No injuries occurred (Near Miss / Potential Consequence only).,None,False,BRONZE,QUARANTINED
EVT-IMCA-1828,INCIDENT,International Marine Contractors Association (IMCA),SRC-IMCA-1828,2011-11-25,UNKNOWN,International Marine & Offshore,General Industrial / Offshore Operations,,UNKNOWN,UNKNOWN,UNKNOWN,Lost time / serious personal injury sustained.,Fracture / Lost time injury,False,BRONZE,QUARANTINED
EVT-IMCA-1829,NEAR_MISS,International Marine Contractors Association (IMCA),SRC-IMCA-1829,2011-11-25,UNKNOWN,International Marine & Offshore,Lifting & Rigging Operations,winch,KINETIC,UNKNOWN,UNKNOWN,No injuries occurred (Near Miss / Potential Consequence only).,None,False,BRONZE,QUARANTINED
EVT-IMCA-1830,NEAR_MISS,International Marine Contractors Association (IMCA),SRC-IMCA-1830,2011-11-25,UNKNOWN,International Marine & Offshore,Marine & Vessel Operations,,UNKNOWN,UNKNOWN,UNKNOWN,None reported / Equipment stoppage or minor disruption.,,False,BRONZE,QUARANTINED
EVT-IMCA-1831,NEAR_MISS,International Marine Contractors Association (IMCA),SRC-IMCA-1831,2011-11-25,UNKNOWN,International Marine & Offshore,Marine & Vessel Operations,,UNKNOWN,UNKNOWN,UNKNOWN,None reported / Equipment stoppage or minor disruption.,,False,BRONZE,QUARANTINED
EVT-IMCA-1832,NEAR_MISS,International Marine Contractors Association (IMCA),SRC-IMCA-1832,2011-11-25,UNKNOWN,International Marine & Offshore,General Industrial / Offshore Operations,,PRESSURE,UNKNOWN,UNKNOWN,None reported / Equipment stoppage or minor disruption.,,False,BRONZE,QUARANTINED
EVT-IMCA-1833,INCIDENT,International Marine Contractors Association (IMCA),SRC-IMCA-1833,2011-11-25,UNKNOWN,International Marine & Offshore,Subsea & Diving Operations,,UNKNOWN,TRUE,EXPLICIT,Fatal injury occurred.,Fatal injury,True,BRONZE,QUARANTINED
EVT-IMCA-1834,INCIDENT,International Marine Contractors Association (IMCA),SRC-IMCA-1834,2011-11-01,UNKNOWN,International Marine & Offshore,Lifting & Rigging Operations,,UNKNOWN,UNKNOWN,UNKNOWN,Lost time / serious personal injury sustained.,Fracture / Lost time injury,False,BRONZE,QUARANTINED
EVT-IMCA-1835,NEAR_MISS,International Marine Contractors Association (IMCA),SRC-IMCA-1835,2011-11-01,UNKNOWN,International Marine & Offshore,General Industrial / Offshore Operations,,UNKNOWN,UNKNOWN,UNKNOWN,No injuries occurred (Near Miss / Potential Consequence only).,None,False,BRONZE,QUARANTINED
EVT-IMCA-1836,NEAR_MISS,International Marine Contractors Association (IMCA),SRC-IMCA-1836,2011-11-01,UNKNOWN,International Marine & Offshore,Lifting & Rigging Operations,winch,KINETIC,UNKNOWN,UNKNOWN,No injuries occurred (Near Miss / Potential Consequence only).,None,False,BRONZE,QUARANTINED
EVT-IMCA-1837,NEAR_MISS,International Marine Contractors Association (IMCA),SRC-IMCA-1837,2011-11-01,UNKNOWN,International Marine & Offshore,Subsea & Diving Operations,suspended load,GRAVITATIONAL,UNKNOWN,UNKNOWN,No injuries occurred (Near Miss / Potential Consequence only).,None,False,BRONZE,QUARANTINED
EVT-IMCA-1838,NEAR_MISS,International Marine Contractors Association (IMCA),SRC-IMCA-1838,2011-11-01,Tanker Vessel,International Marine & Offshore,General Industrial / Offshore Operations,,UNKNOWN,UNKNOWN,UNKNOWN,None reported / Equipment stoppage or minor disruption.,,False,BRONZE,QUARANTINED
EVT-IMCA-1839,NEAR_MISS,International Marine Contractors Association (IMCA),SRC-IMCA-1839,2011-11-01,UNKNOWN,International Marine & Offshore,Marine & Vessel Operations,,UNKNOWN,UNKNOWN,UNKNOWN,None reported / Equipment stoppage or minor disruption.,,False,BRONZE,QUARANTINED
EVT-IMCA-1840,INCIDENT,International Marine Contractors Association (IMCA),SRC-IMCA-1840,2011-11-01,UNKNOWN,International Marine & Offshore,Piping & Pressure Maintenance,,THERMAL,UNKNOWN,UNKNOWN,None reported / Equipment stoppage or minor disruption.,,False,BRONZE,QUARANTINED
EVT-IMCA-1841,INCIDENT,International Marine Contractors Association (IMCA),SRC-IMCA-1841,2011-11-01,UNKNOWN,International Marine & Offshore,Marine & Vessel Operations,,THERMAL,UNKNOWN,UNKNOWN,None reported / Equipment stoppage or minor disruption.,,False,BRONZE,QUARANTINED
EVT-IMCA-1842,NEAR_MISS,International Marine Contractors Association (IMCA),SRC-IMCA-1842,2011-10-27,UNKNOWN,International Marine & Offshore,General Industrial / Offshore Operations,,PRESSURE,UNKNOWN,UNKNOWN,None reported / Equipment stoppage or minor disruption.,,False,BRONZE,QUARANTINED
EVT-IMCA-1843,INCIDENT,International Marine Contractors Association (IMCA),SRC-IMCA-1843,2011-10-27,UNKNOWN,International Marine & Offshore,Subsea & Diving Operations,remotely operated vehicle (ROV),GRAVITATIONAL,UNKNOWN,UNKNOWN,None reported / Equipment stoppage or minor disruption.,,False,BRONZE,QUARANTINED
EVT-IMCA-1844,NEAR_MISS,International Marine Contractors Association (IMCA),SRC-IMCA-1844,2011-10-27,UNKNOWN,International Marine & Offshore,Hot Work Operations,,UNKNOWN,UNKNOWN,UNKNOWN,None reported / Equipment stoppage or minor disruption.,,False,BRONZE,QUARANTINED
EVT-IMCA-1845,NEAR_MISS,International Marine Contractors Association (IMCA),SRC-IMCA-1845,2011-10-27,UNKNOWN,International Marine & Offshore,Hot Work Operations,,UNKNOWN,UNKNOWN,UNKNOWN,Minor injury requiring first aid or medical attention.,First aid / minor laceration or contusion,False,BRONZE,QUARANTINED
EVT-IMCA-1846,NEAR_MISS,International Marine Contractors Association (IMCA),SRC-IMCA-1846,2011-10-27,Barge,International Marine & Offshore,General Industrial / Offshore Operations,,UNKNOWN,UNKNOWN,UNKNOWN,None reported / Equipment stoppage or minor disruption.,,False,BRONZE,QUARANTINED
EVT-IMCA-1847,INCIDENT,International Marine Contractors Association (IMCA),SRC-IMCA-1847,2011-10-27,UNKNOWN,International Marine & Offshore,Marine & Vessel Operations,,UNKNOWN,UNKNOWN,UNKNOWN,None reported / Equipment stoppage or minor disruption.,,False,BRONZE,QUARANTINED
EVT-IMCA-1848,INCIDENT,International Marine Contractors Association (IMCA),SRC-IMCA-1848,2011-10-27,UNKNOWN,International Marine & Offshore,Marine & Vessel Operations,,UNKNOWN,UNKNOWN,UNKNOWN,None reported / Equipment stoppage or minor disruption.,,False,BRONZE,QUARANTINED
EVT-IMCA-1849,NEAR_MISS,International Marine Contractors Association (IMCA),SRC-IMCA-1849,2011-10-27,UNKNOWN,International Marine & Offshore,Marine & Vessel Operations,,UNKNOWN,UNKNOWN,UNKNOWN,None reported / Equipment stoppage or minor disruption.,,False,BRONZE,QUARANTINED
EVT-IMCA-1850,INCIDENT,International Marine Contractors Association (IMCA),SRC-IMCA-1850,2011-09-16,UNKNOWN,International Marine & Offshore,General Industrial / Offshore Operations,,THERMAL,TRUE,DERIVED,Personal injury sustained (Burn injury).,Burn injury,False,BRONZE,QUARANTINED
EVT-IMCA-1851,NEAR_MISS,International Marine Contractors Association (IMCA),SRC-IMCA-1851,2011-09-16,UNKNOWN,International Marine & Offshore,Drilling & Well Intervention,,GRAVITATIONAL,UNKNOWN,UNKNOWN,None reported / Equipment stoppage or minor disruption.,,False,BRONZE,QUARANTINED
EVT-IMCA-1852,NEAR_MISS,International Marine Contractors Association (IMCA),SRC-IMCA-1852,2011-09-16,UNKNOWN,International Marine & Offshore,Marine & Vessel Operations,,UNKNOWN,UNKNOWN,UNKNOWN,None reported / Equipment stoppage or minor disruption.,,False,BRONZE,QUARANTINED
EVT-IMCA-1853,INCIDENT,International Marine Contractors Association (IMCA),SRC-IMCA-1853,2011-09-16,UNKNOWN,International Marine & Offshore,Marine & Vessel Operations,,GRAVITATIONAL,TRUE,DERIVED,None reported / Equipment stoppage or minor disruption.,,False,BRONZE,QUARANTINED
EVT-IMCA-1854,INCIDENT,International Marine Contractors Association (IMCA),SRC-IMCA-1854,2011-09-16,UNKNOWN,International Marine & Offshore,Marine & Vessel Operations,,GRAVITATIONAL,TRUE,DERIVED,Fatal injury occurred.,Fatal injury,True,BRONZE,QUARANTINED
EVT-IMCA-1855,INCIDENT,International Marine Contractors Association (IMCA),SRC-IMCA-1855,2011-09-16,UNKNOWN,International Marine & Offshore,Marine & Vessel Operations,,UNKNOWN,UNKNOWN,UNKNOWN,None reported / Equipment stoppage or minor disruption.,,False,BRONZE,QUARANTINED
EVT-IMCA-1856,INCIDENT,International Marine Contractors Association (IMCA),SRC-IMCA-1856,2011-09-16,UNKNOWN,International Marine & Offshore,Marine & Vessel Operations,,UNKNOWN,UNKNOWN,UNKNOWN,None reported / Equipment stoppage or minor disruption.,,False,BRONZE,QUARANTINED
EVT-IMCA-1857,INCIDENT,International Marine Contractors Association (IMCA),SRC-IMCA-1857,2011-07-28,UNKNOWN,International Marine & Offshore,Marine & Vessel Operations,,UNKNOWN,TRUE,EXPLICIT,Fatal injury occurred.,Fatal injury,True,BRONZE,QUARANTINED
EVT-IMCA-1858,INCIDENT,International Marine Contractors Association (IMCA),SRC-IMCA-1858,2011-07-27,UNKNOWN,International Marine & Offshore,Subsea & Diving Operations,,UNKNOWN,UNKNOWN,UNKNOWN,Minor injury requiring first aid or medical attention.,First aid / minor laceration or contusion,False,BRONZE,QUARANTINED
EVT-IMCA-1859,INCIDENT,International Marine Contractors Association (IMCA),SRC-IMCA-1859,2011-07-27,UNKNOWN,International Marine & Offshore,Subsea & Diving Operations,,UNKNOWN,UNKNOWN,UNKNOWN,Minor injury requiring first aid or medical attention.,First aid / minor laceration or contusion,False,BRONZE,QUARANTINED
EVT-IMCA-1860,NEAR_MISS,International Marine Contractors Association (IMCA),SRC-IMCA-1860,2011-07-27,UNKNOWN,International Marine & Offshore,General Industrial / Offshore Operations,,ELECTRICAL,UNKNOWN,UNKNOWN,None reported / Equipment stoppage or minor disruption.,,False,BRONZE,QUARANTINED
EVT-IMCA-1861,INCIDENT,International Marine Contractors Association (IMCA),SRC-IMCA-1861,2011-07-27,UNKNOWN,International Marine & Offshore,General Industrial / Offshore Operations,,UNKNOWN,UNKNOWN,UNKNOWN,Fatal injury occurred.,Fatal injury,True,BRONZE,QUARANTINED
EVT-IMCA-1862,INCIDENT,International Marine Contractors Association (IMCA),SRC-IMCA-1862,2011-07-19,UNKNOWN,International Marine & Offshore,Lifting & Rigging Operations,crane,UNKNOWN,UNKNOWN,UNKNOWN,None reported / Equipment stoppage or minor disruption.,,False,BRONZE,QUARANTINED
EVT-IMCA-1863,INCIDENT,International Marine Contractors Association (IMCA),SRC-IMCA-1863,2011-07-19,UNKNOWN,International Marine & Offshore,Marine & Vessel Operations,,THERMAL,UNKNOWN,UNKNOWN,None reported / Equipment stoppage or minor disruption.,,False,BRONZE,QUARANTINED
EVT-IMCA-1864,NEAR_MISS,International Marine Contractors Association (IMCA),SRC-IMCA-1864,2011-07-19,UNKNOWN,International Marine & Offshore,Lifting & Rigging Operations,shackle,UNKNOWN,UNKNOWN,UNKNOWN,None reported / Equipment stoppage or minor disruption.,,False,BRONZE,QUARANTINED
EVT-IMCA-1865,NEAR_MISS,International Marine Contractors Association (IMCA),SRC-IMCA-1865,2011-07-19,UNKNOWN,International Marine & Offshore,Lifting & Rigging Operations,scaffold,GRAVITATIONAL,FALSE,DERIVED,No injuries occurred (Near Miss / Potential Consequence only).,None,False,BRONZE,QUARANTINED
EVT-IMCA-1866,INCIDENT,International Marine Contractors Association (IMCA),SRC-IMCA-1866,2011-07-19,UNKNOWN,International Marine & Offshore,Subsea & Diving Operations,,PRESSURE,TRUE,DERIVED,None reported / Equipment stoppage or minor disruption.,,False,BRONZE,QUARANTINED
EVT-IMCA-1867,INCIDENT,International Marine Contractors Association (IMCA),SRC-IMCA-1867,2011-07-19,UNKNOWN,International Marine & Offshore,General Industrial / Offshore Operations,,THERMAL,UNKNOWN,UNKNOWN,None reported / Equipment stoppage or minor disruption.,,False,BRONZE,QUARANTINED
EVT-IMCA-1868,NEAR_MISS,International Marine Contractors Association (IMCA),SRC-IMCA-1868,2011-07-14,UNKNOWN,International Marine & Offshore,General Industrial / Offshore Operations,,UNKNOWN,UNKNOWN,UNKNOWN,None reported / Equipment stoppage or minor disruption.,,False,BRONZE,QUARANTINED
EVT-IMCA-1869,INCIDENT,International Marine Contractors Association (IMCA),SRC-IMCA-1869,2011-07-14,UNKNOWN,International Marine & Offshore,General Industrial / Offshore Operations,,UNKNOWN,UNKNOWN,UNKNOWN,Fatal injury occurred.,Fatal injury,True,BRONZE,QUARANTINED
EVT-IMCA-1870,INCIDENT,International Marine Contractors Association (IMCA),SRC-IMCA-1870,2011-07-14,UNKNOWN,International Marine & Offshore,Marine & Vessel Operations,,UNKNOWN,TRUE,EXPLICIT,Fatal injury occurred.,Fatal injury,True,BRONZE,QUARANTINED
EVT-IMCA-1871,INCIDENT,International Marine Contractors Association (IMCA),SRC-IMCA-1871,2011-07-04,UNKNOWN,International Marine & Offshore,General Industrial / Offshore Operations,,UNKNOWN,TRUE,EXPLICIT,Fatal injury occurred.,Fatal injury,True,BRONZE,QUARANTINED
EVT-IMCA-1872,NEAR_MISS,International Marine Contractors Association (IMCA),SRC-IMCA-1872,2011-06-29,UNKNOWN,International Marine & Offshore,Subsea & Diving Operations,remotely operated vehicle (ROV),UNKNOWN,UNKNOWN,UNKNOWN,No injuries occurred (Near Miss / Potential Consequence only).,None,False,BRONZE,QUARANTINED
EVT-IMCA-1873,INCIDENT,International Marine Contractors Association (IMCA),SRC-IMCA-1873,2011-06-29,UNKNOWN,International Marine & Offshore,General Industrial / Offshore Operations,,UNKNOWN,UNKNOWN,UNKNOWN,None reported / Equipment stoppage or minor disruption.,,False,BRONZE,QUARANTINED
EVT-IMCA-1874,INCIDENT,International Marine Contractors Association (IMCA),SRC-IMCA-1874,2011-06-29,UNKNOWN,International Marine & Offshore,Lifting & Rigging Operations,,UNKNOWN,UNKNOWN,UNKNOWN,None reported / Equipment stoppage or minor disruption.,,False,BRONZE,QUARANTINED
EVT-IMCA-1875,NEAR_MISS,International Marine Contractors Association (IMCA),SRC-IMCA-1875,2011-06-29,UNKNOWN,International Marine & Offshore,Lifting & Rigging Operations,,UNKNOWN,UNKNOWN,UNKNOWN,None reported / Equipment stoppage or minor disruption.,,False,BRONZE,QUARANTINED
EVT-IMCA-1876,INCIDENT,International Marine Contractors Association (IMCA),SRC-IMCA-1876,2011-06-29,UNKNOWN,International Marine & Offshore,Marine & Vessel Operations,,UNKNOWN,TRUE,EXPLICIT,Fatal injury occurred.,Fatal injury,True,BRONZE,QUARANTINED
EVT-IMCA-1877,INCIDENT,International Marine Contractors Association (IMCA),SRC-IMCA-1877,2011-06-29,UNKNOWN,International Marine & Offshore,General Industrial / Offshore Operations,,UNKNOWN,UNKNOWN,UNKNOWN,None reported / Equipment stoppage or minor disruption.,,False,BRONZE,QUARANTINED
EVT-IMCA-1878,NEAR_MISS,International Marine Contractors Association (IMCA),SRC-IMCA-1878,2011-04-19,UNKNOWN,International Marine & Offshore,Lifting & Rigging Operations,crane,UNKNOWN,UNKNOWN,UNKNOWN,None reported / Equipment stoppage or minor disruption.,,False,BRONZE,QUARANTINED
EVT-IMCA-1879,NEAR_MISS,International Marine Contractors Association (IMCA),SRC-IMCA-1879,2011-04-19,UNKNOWN,International Marine & Offshore,General Industrial / Offshore Operations,hose,PRESSURE,UNKNOWN,UNKNOWN,None reported / Equipment stoppage or minor disruption.,,False,BRONZE,QUARANTINED
EVT-IMCA-1880,NEAR_MISS,International Marine Contractors Association (IMCA),SRC-IMCA-1880,2011-04-19,Offshore Fixed Platform,International Marine & Offshore,Marine & Vessel Operations,hot work,THERMAL,UNKNOWN,UNKNOWN,None reported / Equipment stoppage or minor disruption.,,False,BRONZE,QUARANTINED
EVT-IMCA-1881,NEAR_MISS,International Marine Contractors Association (IMCA),SRC-IMCA-1881,2011-04-01,UNKNOWN,International Marine & Offshore,Piping & Pressure Maintenance,,PRESSURE,UNKNOWN,UNKNOWN,None reported / Equipment stoppage or minor disruption.,,False,BRONZE,QUARANTINED
EVT-IMCA-1882,NEAR_MISS,International Marine Contractors Association (IMCA),SRC-IMCA-1882,2011-04-01,UNKNOWN,International Marine & Offshore,Lifting & Rigging Operations,winch,KINETIC,UNKNOWN,UNKNOWN,None reported / Equipment stoppage or minor disruption.,,False,BRONZE,QUARANTINED
EVT-IMCA-1883,NEAR_MISS,International Marine Contractors Association (IMCA),SRC-IMCA-1883,2011-04-01,UNKNOWN,International Marine & Offshore,Marine & Vessel Operations,,UNKNOWN,UNKNOWN,UNKNOWN,None reported / Equipment stoppage or minor disruption.,,False,BRONZE,QUARANTINED
EVT-IMCA-1884,NEAR_MISS,International Marine Contractors Association (IMCA),SRC-IMCA-1884,2011-02-25,UNKNOWN,International Marine & Offshore,Subsea & Diving Operations,,UNKNOWN,UNKNOWN,UNKNOWN,None reported / Equipment stoppage or minor disruption.,,False,BRONZE,QUARANTINED
EVT-IMCA-1885,INCIDENT,International Marine Contractors Association (IMCA),SRC-IMCA-1885,2011-02-25,UNKNOWN,International Marine & Offshore,General Industrial / Offshore Operations,,UNKNOWN,UNKNOWN,UNKNOWN,None reported / Equipment stoppage or minor disruption.,,False,BRONZE,QUARANTINED
EVT-IMCA-1886,INCIDENT,International Marine Contractors Association (IMCA),SRC-IMCA-1886,2011-02-25,UNKNOWN,International Marine & Offshore,General Industrial / Offshore Operations,,THERMAL,UNKNOWN,UNKNOWN,None reported / Equipment stoppage or minor disruption.,,False,BRONZE,QUARANTINED
EVT-IMCA-1887,NEAR_MISS,International Marine Contractors Association (IMCA),SRC-IMCA-1887,2011-01-27,UNKNOWN,International Marine & Offshore,General Industrial / Offshore Operations,,UNKNOWN,UNKNOWN,UNKNOWN,None reported / Equipment stoppage or minor disruption.,,False,BRONZE,QUARANTINED
EVT-IMCA-1888,NEAR_MISS,International Marine Contractors Association (IMCA),SRC-IMCA-1888,2011-01-27,UNKNOWN,International Marine & Offshore,General Industrial / Offshore Operations,,UNKNOWN,UNKNOWN,UNKNOWN,None reported / Equipment stoppage or minor disruption.,,False,BRONZE,QUARANTINED
EVT-IMCA-1889,NEAR_MISS,International Marine Contractors Association (IMCA),SRC-IMCA-1889,2011-01-27,UNKNOWN,International Marine & Offshore,General Industrial / Offshore Operations,,UNKNOWN,UNKNOWN,UNKNOWN,None reported / Equipment stoppage or minor disruption.,,False,BRONZE,QUARANTINED
EVT-IMCA-1890,INCIDENT,International Marine Contractors Association (IMCA),SRC-IMCA-1890,2011-01-27,UNKNOWN,International Marine & Offshore,Marine & Vessel Operations,,THERMAL,UNKNOWN,UNKNOWN,None reported / Equipment stoppage or minor disruption.,,False,BRONZE,QUARANTINED
EVT-IMCA-1891,NEAR_MISS,International Marine Contractors Association (IMCA),SRC-IMCA-1891,2011-01-27,UNKNOWN,International Marine & Offshore,Lifting & Rigging Operations,lift / elevator,UNKNOWN,UNKNOWN,UNKNOWN,None reported / Equipment stoppage or minor disruption.,,False,BRONZE,QUARANTINED
EVT-IMCA-1892,NEAR_MISS,International Marine Contractors Association (IMCA),SRC-IMCA-1892,2011-01-27,UNKNOWN,International Marine & Offshore,Hot Work Operations,shackle,UNKNOWN,UNKNOWN,UNKNOWN,None reported / Equipment stoppage or minor disruption.,,False,BRONZE,QUARANTINED
EVT-IMCA-1893,NEAR_MISS,International Marine Contractors Association (IMCA),SRC-IMCA-1893,2010-12-15,UNKNOWN,International Marine & Offshore,Hot Work Operations,,UNKNOWN,UNKNOWN,UNKNOWN,None reported / Equipment stoppage or minor disruption.,,False,BRONZE,QUARANTINED
EVT-IMCA-1894,NEAR_MISS,International Marine Contractors Association (IMCA),SRC-IMCA-1894,2010-12-15,UNKNOWN,International Marine & Offshore,General Industrial / Offshore Operations,,UNKNOWN,UNKNOWN,UNKNOWN,None reported / Equipment stoppage or minor disruption.,,False,BRONZE,QUARANTINED
EVT-IMCA-1895,NEAR_MISS,International Marine Contractors Association (IMCA),SRC-IMCA-1895,2010-12-15,UNKNOWN,International Marine & Offshore,General Industrial / Offshore Operations,,UNKNOWN,UNKNOWN,UNKNOWN,No injuries occurred (Near Miss / Potential Consequence only).,None,False,BRONZE,QUARANTINED
EVT-IMCA-1896,NEAR_MISS,International Marine Contractors Association (IMCA),SRC-IMCA-1896,2010-12-15,UNKNOWN,International Marine & Offshore,Subsea & Diving Operations,generator,UNKNOWN,UNKNOWN,UNKNOWN,None reported / Equipment stoppage or minor disruption.,,False,BRONZE,QUARANTINED
EVT-IMCA-1897,NEAR_MISS,International Marine Contractors Association (IMCA),SRC-IMCA-1897,2010-12-15,UNKNOWN,International Marine & Offshore,General Industrial / Offshore Operations,,UNKNOWN,UNKNOWN,UNKNOWN,None reported / Equipment stoppage or minor disruption.,,False,BRONZE,QUARANTINED
EVT-IMCA-1898,INCIDENT,International Marine Contractors Association (IMCA),SRC-IMCA-1898,2010-12-15,UNKNOWN,International Marine & Offshore,Hot Work Operations,,THERMAL,UNKNOWN,UNKNOWN,Minor injury requiring first aid or medical attention.,First aid / minor laceration or contusion,False,BRONZE,QUARANTINED
EVT-IMCA-1899,NEAR_MISS,International Marine Contractors Association (IMCA),SRC-IMCA-1899,2010-11-10,UNKNOWN,International Marine & Offshore,General Industrial / Offshore Operations,falling object,GRAVITATIONAL,UNKNOWN,UNKNOWN,No injuries occurred (Near Miss / Potential Consequence only).,None,False,BRONZE,QUARANTINED
EVT-IMCA-1900,INCIDENT,International Marine Contractors Association (IMCA),SRC-IMCA-1900,2010-11-10,UNKNOWN,International Marine & Offshore,Marine & Vessel Operations,,UNKNOWN,UNKNOWN,UNKNOWN,Fatal injury occurred.,Fatal injury,True,BRONZE,QUARANTINED
EVT-IMCA-1901,NEAR_MISS,International Marine Contractors Association (IMCA),SRC-IMCA-1901,2010-11-10,UNKNOWN,International Marine & Offshore,Subsea & Diving Operations,,UNKNOWN,UNKNOWN,UNKNOWN,None reported / Equipment stoppage or minor disruption.,,False,BRONZE,QUARANTINED
EVT-IMCA-1902,INCIDENT,International Marine Contractors Association (IMCA),SRC-IMCA-1902,2010-11-10,UNKNOWN,International Marine & Offshore,General Industrial / Offshore Operations,,GRAVITATIONAL,TRUE,EXPLICIT,Fatal injury occurred.,Fatal injury,True,BRONZE,QUARANTINED
EVT-IMCA-1903,INCIDENT,International Marine Contractors Association (IMCA),SRC-IMCA-1903,2010-09-27,UNKNOWN,International Marine & Offshore,General Industrial / Offshore Operations,,UNKNOWN,UNKNOWN,UNKNOWN,Lost time / serious personal injury sustained.,Fracture / Lost time injury,False,BRONZE,QUARANTINED
EVT-IMCA-1904,INCIDENT,International Marine Contractors Association (IMCA),SRC-IMCA-1904,2010-09-27,UNKNOWN,International Marine & Offshore,General Industrial / Offshore Operations,,THERMAL,TRUE,DERIVED,None reported / Equipment stoppage or minor disruption.,,False,BRONZE,QUARANTINED
EVT-IMCA-1905,INCIDENT,International Marine Contractors Association (IMCA),SRC-IMCA-1905,2010-09-27,UNKNOWN,International Marine & Offshore,General Industrial / Offshore Operations,hot work,THERMAL,UNKNOWN,UNKNOWN,No injuries occurred (Near Miss / Potential Consequence only).,None,False,BRONZE,QUARANTINED
EVT-IMCA-1906,INCIDENT,International Marine Contractors Association (IMCA),SRC-IMCA-1906,2010-09-27,UNKNOWN,International Marine & Offshore,General Industrial / Offshore Operations,,UNKNOWN,UNKNOWN,UNKNOWN,None reported / Equipment stoppage or minor disruption.,,False,BRONZE,QUARANTINED
EVT-IMCA-1907,NEAR_MISS,International Marine Contractors Association (IMCA),SRC-IMCA-1907,2010-09-27,UNKNOWN,International Marine & Offshore,Lifting & Rigging Operations,crane,GRAVITATIONAL,UNKNOWN,UNKNOWN,None reported / Equipment stoppage or minor disruption.,,False,BRONZE,QUARANTINED
EVT-IMCA-1908,INCIDENT,International Marine Contractors Association (IMCA),SRC-IMCA-1908,2010-07-28,UNKNOWN,International Marine & Offshore,General Industrial / Offshore Operations,,THERMAL,TRUE,DERIVED,No injuries occurred (Near Miss / Potential Consequence only).,None,False,BRONZE,QUARANTINED
EVT-IMCA-1909,NEAR_MISS,International Marine Contractors Association (IMCA),SRC-IMCA-1909,2010-07-28,UNKNOWN,International Marine & Offshore,Marine & Vessel Operations,,UNKNOWN,UNKNOWN,UNKNOWN,None reported / Equipment stoppage or minor disruption.,,False,BRONZE,QUARANTINED
EVT-IMCA-1910,INCIDENT,International Marine Contractors Association (IMCA),SRC-IMCA-1910,2010-07-28,UNKNOWN,International Marine & Offshore,Subsea & Diving Operations,gas cylinder / bailout cylinder,UNKNOWN,UNKNOWN,UNKNOWN,None reported / Equipment stoppage or minor disruption.,,False,BRONZE,QUARANTINED
EVT-IMCA-1911,NEAR_MISS,International Marine Contractors Association (IMCA),SRC-IMCA-1911,2010-07-28,UNKNOWN,International Marine & Offshore,Lifting & Rigging Operations,crane,UNKNOWN,UNKNOWN,UNKNOWN,No injuries occurred (Near Miss / Potential Consequence only).,None,False,BRONZE,QUARANTINED
EVT-IMCA-1912,INCIDENT,International Marine Contractors Association (IMCA),SRC-IMCA-1912,2010-07-28,UNKNOWN,International Marine & Offshore,General Industrial / Offshore Operations,winch,THERMAL,UNKNOWN,UNKNOWN,None reported / Equipment stoppage or minor disruption.,,False,BRONZE,QUARANTINED
EVT-IMCA-1913,INCIDENT,International Marine Contractors Association (IMCA),SRC-IMCA-1913,2010-07-27,UNKNOWN,International Marine & Offshore,General Industrial / Offshore Operations,,THERMAL,TRUE,DERIVED,None reported / Equipment stoppage or minor disruption.,,False,BRONZE,QUARANTINED
EVT-IMCA-1914,INCIDENT,International Marine Contractors Association (IMCA),SRC-IMCA-1914,2010-07-14,UNKNOWN,International Marine & Offshore,Marine & Vessel Operations,,UNKNOWN,UNKNOWN,UNKNOWN,None reported / Equipment stoppage or minor disruption.,,False,BRONZE,QUARANTINED
EVT-IMCA-1915,NEAR_MISS,International Marine Contractors Association (IMCA),SRC-IMCA-1915,2010-07-14,UNKNOWN,International Marine & Offshore,General Industrial / Offshore Operations,,GRAVITATIONAL,TRUE,EXPLICIT,No injuries occurred (Near Miss / Potential Consequence only).,None,False,BRONZE,QUARANTINED
EVT-IMCA-1916,NEAR_MISS,International Marine Contractors Association (IMCA),SRC-IMCA-1916,2010-07-14,UNKNOWN,International Marine & Offshore,General Industrial / Offshore Operations,,UNKNOWN,UNKNOWN,UNKNOWN,None reported / Equipment stoppage or minor disruption.,,False,BRONZE,QUARANTINED
EVT-IMCA-1917,NEAR_MISS,International Marine Contractors Association (IMCA),SRC-IMCA-1917,2010-07-14,UNKNOWN,International Marine & Offshore,General Industrial / Offshore Operations,,UNKNOWN,UNKNOWN,UNKNOWN,None reported / Equipment stoppage or minor disruption.,,False,BRONZE,QUARANTINED
EVT-IMCA-1918,NEAR_MISS,International Marine Contractors Association (IMCA),SRC-IMCA-1918,2010-07-14,UNKNOWN,International Marine & Offshore,General Industrial / Offshore Operations,,UNKNOWN,UNKNOWN,UNKNOWN,None reported / Equipment stoppage or minor disruption.,,False,BRONZE,QUARANTINED
EVT-IMCA-1919,NEAR_MISS,International Marine Contractors Association (IMCA),SRC-IMCA-1919,2010-07-14,UNKNOWN,International Marine & Offshore,General Industrial / Offshore Operations,,UNKNOWN,UNKNOWN,UNKNOWN,None reported / Equipment stoppage or minor disruption.,,False,BRONZE,QUARANTINED
EVT-IMCA-1920,NEAR_MISS,International Marine Contractors Association (IMCA),SRC-IMCA-1920,2010-05-28,UNKNOWN,International Marine & Offshore,Subsea & Diving Operations,,UNKNOWN,UNKNOWN,UNKNOWN,None reported / Equipment stoppage or minor disruption.,,False,BRONZE,QUARANTINED
EVT-IMCA-1921,NEAR_MISS,International Marine Contractors Association (IMCA),SRC-IMCA-1921,2010-05-28,UNKNOWN,International Marine & Offshore,Lifting & Rigging Operations,lift / elevator,UNKNOWN,UNKNOWN,UNKNOWN,None reported / Equipment stoppage or minor disruption.,,False,BRONZE,QUARANTINED
EVT-IMCA-1922,NEAR_MISS,International Marine Contractors Association (IMCA),SRC-IMCA-1922,2010-05-28,UNKNOWN,International Marine & Offshore,General Industrial / Offshore Operations,,UNKNOWN,UNKNOWN,UNKNOWN,None reported / Equipment stoppage or minor disruption.,,False,BRONZE,QUARANTINED
EVT-IMCA-1923,NEAR_MISS,International Marine Contractors Association (IMCA),SRC-IMCA-1923,2010-05-28,UNKNOWN,International Marine & Offshore,General Industrial / Offshore Operations,,UNKNOWN,UNKNOWN,UNKNOWN,None reported / Equipment stoppage or minor disruption.,,False,BRONZE,QUARANTINED
EVT-IMCA-1924,NEAR_MISS,International Marine Contractors Association (IMCA),SRC-IMCA-1924,2010-04-08,UNKNOWN,International Marine & Offshore,General Industrial / Offshore Operations,,ELECTRICAL,UNKNOWN,UNKNOWN,None reported / Equipment stoppage or minor disruption.,,False,BRONZE,QUARANTINED
EVT-IMCA-1925,NEAR_MISS,International Marine Contractors Association (IMCA),SRC-IMCA-1925,2010-04-08,UNKNOWN,International Marine & Offshore,General Industrial / Offshore Operations,,UNKNOWN,UNKNOWN,UNKNOWN,No injuries occurred (Near Miss / Potential Consequence only).,None,False,BRONZE,QUARANTINED
EVT-IMCA-1926,NEAR_MISS,International Marine Contractors Association (IMCA),SRC-IMCA-1926,2010-04-08,UNKNOWN,International Marine & Offshore,General Industrial / Offshore Operations,hose,UNKNOWN,UNKNOWN,UNKNOWN,None reported / Equipment stoppage or minor disruption.,,False,BRONZE,QUARANTINED
EVT-IMCA-1927,NEAR_MISS,International Marine Contractors Association (IMCA),SRC-IMCA-1927,2010-04-08,UNKNOWN,International Marine & Offshore,General Industrial / Offshore Operations,,UNKNOWN,UNKNOWN,UNKNOWN,None reported / Equipment stoppage or minor disruption.,,False,BRONZE,QUARANTINED
EVT-IMCA-1928,INCIDENT,International Marine Contractors Association (IMCA),SRC-IMCA-1928,2010-04-08,UNKNOWN,International Marine & Offshore,Marine & Vessel Operations,,THERMAL,TRUE,DERIVED,None reported / Equipment stoppage or minor disruption.,,False,BRONZE,QUARANTINED
EVT-IMCA-1929,INCIDENT,International Marine Contractors Association (IMCA),SRC-IMCA-1929,2010-04-08,UNKNOWN,International Marine & Offshore,General Industrial / Offshore Operations,,UNKNOWN,TRUE,EXPLICIT,Fatal injury occurred.,Fatal injury,True,BRONZE,QUARANTINED
EVT-IMCA-1930,NEAR_MISS,International Marine Contractors Association (IMCA),SRC-IMCA-1930,2010-02-09,UNKNOWN,International Marine & Offshore,Subsea & Diving Operations,,UNKNOWN,UNKNOWN,UNKNOWN,None reported / Equipment stoppage or minor disruption.,,False,BRONZE,QUARANTINED
EVT-IMCA-1931,NEAR_MISS,International Marine Contractors Association (IMCA),SRC-IMCA-1931,2010-02-09,UNKNOWN,International Marine & Offshore,Subsea & Diving Operations,,UNKNOWN,UNKNOWN,UNKNOWN,None reported / Equipment stoppage or minor disruption.,,False,BRONZE,QUARANTINED
EVT-IMCA-1932,INCIDENT,International Marine Contractors Association (IMCA),SRC-IMCA-1932,2010-02-09,Diving Support Vessel (DSV),International Marine & Offshore,Drilling & Well Intervention,,UNKNOWN,TRUE,EXPLICIT,Fatal injury occurred.,Fatal injury,True,BRONZE,QUARANTINED
EVT-IMCA-1933,NEAR_MISS,International Marine Contractors Association (IMCA),SRC-IMCA-1933,2010-02-09,UNKNOWN,International Marine & Offshore,General Industrial / Offshore Operations,,UNKNOWN,UNKNOWN,UNKNOWN,None reported / Equipment stoppage or minor disruption.,,False,BRONZE,QUARANTINED
EVT-IMCA-1934,INCIDENT,International Marine Contractors Association (IMCA),SRC-IMCA-1934,2009-12-22,UNKNOWN,International Marine & Offshore,Drilling & Well Intervention,,UNKNOWN,UNKNOWN,UNKNOWN,Fatal injury occurred.,Fatal injury,True,BRONZE,QUARANTINED
EVT-IMCA-1935,INCIDENT,International Marine Contractors Association (IMCA),SRC-IMCA-1935,2009-12-22,UNKNOWN,International Marine & Offshore,Drilling & Well Intervention,,UNKNOWN,UNKNOWN,UNKNOWN,Fatal injury occurred.,Fatal injury,True,BRONZE,QUARANTINED
EVT-IMCA-1936,INCIDENT,International Marine Contractors Association (IMCA),SRC-IMCA-1936,2009-12-22,UNKNOWN,International Marine & Offshore,General Industrial / Offshore Operations,,UNKNOWN,UNKNOWN,UNKNOWN,Lost time / serious personal injury sustained.,Fracture / Lost time injury,False,BRONZE,QUARANTINED
EVT-IMCA-1937,NEAR_MISS,International Marine Contractors Association (IMCA),SRC-IMCA-1937,2009-12-22,UNKNOWN,International Marine & Offshore,Subsea & Diving Operations,remotely operated vehicle (ROV),GRAVITATIONAL,UNKNOWN,UNKNOWN,None reported / Equipment stoppage or minor disruption.,,False,BRONZE,QUARANTINED
EVT-IMCA-1938,INCIDENT,International Marine Contractors Association (IMCA),SRC-IMCA-1938,2009-12-01,UNKNOWN,International Marine & Offshore,Subsea & Diving Operations,vehicle,KINETIC,UNKNOWN,UNKNOWN,None reported / Equipment stoppage or minor disruption.,,False,BRONZE,QUARANTINED
EVT-IMCA-1939,NEAR_MISS,International Marine Contractors Association (IMCA),SRC-IMCA-1939,2009-12-01,UNKNOWN,International Marine & Offshore,General Industrial / Offshore Operations,,UNKNOWN,UNKNOWN,UNKNOWN,None reported / Equipment stoppage or minor disruption.,,False,BRONZE,QUARANTINED
EVT-IMCA-1940,INCIDENT,International Marine Contractors Association (IMCA),SRC-IMCA-1940,2009-11-10,UNKNOWN,International Marine & Offshore,Lifting & Rigging Operations,suspended load,GRAVITATIONAL,TRUE,DERIVED,No injuries occurred (Near Miss / Potential Consequence only).,None,False,BRONZE,QUARANTINED
EVT-IMCA-1941,NEAR_MISS,International Marine Contractors Association (IMCA),SRC-IMCA-1941,2009-11-10,UNKNOWN,International Marine & Offshore,Lifting & Rigging Operations,winch,KINETIC,UNKNOWN,UNKNOWN,No injuries occurred (Near Miss / Potential Consequence only).,None,False,BRONZE,QUARANTINED
EVT-IMCA-1942,INCIDENT,International Marine Contractors Association (IMCA),SRC-IMCA-1942,2009-11-10,UNKNOWN,International Marine & Offshore,Drilling & Well Intervention,,UNKNOWN,UNKNOWN,UNKNOWN,None reported / Equipment stoppage or minor disruption.,,False,BRONZE,QUARANTINED
EVT-IMCA-1943,INCIDENT,International Marine Contractors Association (IMCA),SRC-IMCA-1943,2009-11-10,UNKNOWN,International Marine & Offshore,Drilling & Well Intervention,,UNKNOWN,UNKNOWN,UNKNOWN,None reported / Equipment stoppage or minor disruption.,,False,BRONZE,QUARANTINED
EVT-IMCA-1944,NEAR_MISS,International Marine Contractors Association (IMCA),SRC-IMCA-1944,2009-11-10,UNKNOWN,International Marine & Offshore,Piping & Pressure Maintenance,,UNKNOWN,UNKNOWN,UNKNOWN,None reported / Equipment stoppage or minor disruption.,,False,BRONZE,QUARANTINED
EVT-IMCA-1945,NEAR_MISS,International Marine Contractors Association (IMCA),SRC-IMCA-1945,2009-11-10,UNKNOWN,International Marine & Offshore,Subsea & Diving Operations,vehicle,KINETIC,UNKNOWN,UNKNOWN,No injuries occurred (Near Miss / Potential Consequence only).,None,False,BRONZE,QUARANTINED
EVT-IMCA-1946,INCIDENT,International Marine Contractors Association (IMCA),SRC-IMCA-1946,2009-10-23,UNKNOWN,International Marine & Offshore,Subsea & Diving Operations,diver umbilical,UNKNOWN,UNKNOWN,UNKNOWN,Fatal injury occurred.,Fatal injury,True,BRONZE,QUARANTINED
EVT-IMCA-1947,INCIDENT,International Marine Contractors Association (IMCA),SRC-IMCA-1947,2009-10-23,UNKNOWN,International Marine & Offshore,General Industrial / Offshore Operations,,UNKNOWN,UNKNOWN,UNKNOWN,Lost time / serious personal injury sustained.,Fracture / Lost time injury,False,BRONZE,QUARANTINED
EVT-IMCA-1948,NEAR_MISS,International Marine Contractors Association (IMCA),SRC-IMCA-1948,2009-10-23,UNKNOWN,International Marine & Offshore,General Industrial / Offshore Operations,,UNKNOWN,UNKNOWN,UNKNOWN,None reported / Equipment stoppage or minor disruption.,,False,BRONZE,QUARANTINED
EVT-IMCA-1949,NEAR_MISS,International Marine Contractors Association (IMCA),SRC-IMCA-1949,2009-10-23,UNKNOWN,International Marine & Offshore,General Industrial / Offshore Operations,,UNKNOWN,UNKNOWN,UNKNOWN,None reported / Equipment stoppage or minor disruption.,,False,BRONZE,QUARANTINED
EVT-IMCA-1950,NEAR_MISS,International Marine Contractors Association (IMCA),SRC-IMCA-1950,2009-10-02,UNKNOWN,International Marine & Offshore,Subsea & Diving Operations,,UNKNOWN,UNKNOWN,UNKNOWN,None reported / Equipment stoppage or minor disruption.,,False,BRONZE,QUARANTINED
EVT-IMCA-1951,INCIDENT,International Marine Contractors Association (IMCA),SRC-IMCA-1951,2009-10-02,UNKNOWN,International Marine & Offshore,Marine & Vessel Operations,,UNKNOWN,UNKNOWN,UNKNOWN,None reported / Equipment stoppage or minor disruption.,,False,BRONZE,QUARANTINED
EVT-IMCA-1952,INCIDENT,International Marine Contractors Association (IMCA),SRC-IMCA-1952,2009-10-02,UNKNOWN,International Marine & Offshore,Marine & Vessel Operations,,UNKNOWN,UNKNOWN,UNKNOWN,None reported / Equipment stoppage or minor disruption.,,False,BRONZE,QUARANTINED
EVT-IMCA-1953,NEAR_MISS,International Marine Contractors Association (IMCA),SRC-IMCA-1953,2009-09-07,UNKNOWN,International Marine & Offshore,Subsea & Diving Operations,gas cylinder / bailout cylinder,UNKNOWN,UNKNOWN,UNKNOWN,None reported / Equipment stoppage or minor disruption.,,False,BRONZE,QUARANTINED
EVT-IMCA-1954,NEAR_MISS,International Marine Contractors Association (IMCA),SRC-IMCA-1954,2009-08-17,UNKNOWN,International Marine & Offshore,Subsea & Diving Operations,valve,PRESSURE,UNKNOWN,UNKNOWN,None reported / Equipment stoppage or minor disruption.,,False,BRONZE,QUARANTINED
EVT-IMCA-1955,NEAR_MISS,International Marine Contractors Association (IMCA),SRC-IMCA-1955,2009-08-17,UNKNOWN,International Marine & Offshore,Subsea & Diving Operations,,GRAVITATIONAL,UNKNOWN,UNKNOWN,No injuries occurred (Near Miss / Potential Consequence only).,None,False,BRONZE,QUARANTINED
EVT-IMCA-1956,NEAR_MISS,International Marine Contractors Association (IMCA),SRC-IMCA-1956,2009-08-17,UNKNOWN,International Marine & Offshore,Lifting & Rigging Operations,,GRAVITATIONAL,UNKNOWN,UNKNOWN,None reported / Equipment stoppage or minor disruption.,,False,BRONZE,QUARANTINED
EVT-IMCA-1957,NEAR_MISS,International Marine Contractors Association (IMCA),SRC-IMCA-1957,2009-08-11,UNKNOWN,International Marine & Offshore,Lifting & Rigging Operations,crane,UNKNOWN,UNKNOWN,UNKNOWN,None reported / Equipment stoppage or minor disruption.,,False,BRONZE,QUARANTINED
EVT-IMCA-1958,NEAR_MISS,International Marine Contractors Association (IMCA),SRC-IMCA-1958,2009-07-10,UNKNOWN,International Marine & Offshore,Marine & Vessel Operations,,UNKNOWN,UNKNOWN,UNKNOWN,None reported / Equipment stoppage or minor disruption.,,False,BRONZE,QUARANTINED
EVT-IMCA-1959,NEAR_MISS,International Marine Contractors Association (IMCA),SRC-IMCA-1959,2009-07-10,UNKNOWN,International Marine & Offshore,Marine & Vessel Operations,,UNKNOWN,UNKNOWN,UNKNOWN,No injuries occurred (Near Miss / Potential Consequence only).,None,False,BRONZE,QUARANTINED
EVT-IMCA-1960,NEAR_MISS,International Marine Contractors Association (IMCA),SRC-IMCA-1960,2009-07-10,UNKNOWN,International Marine & Offshore,Marine & Vessel Operations,,UNKNOWN,UNKNOWN,UNKNOWN,None reported / Equipment stoppage or minor disruption.,,False,BRONZE,QUARANTINED
EVT-IMCA-1961,NEAR_MISS,International Marine Contractors Association (IMCA),SRC-IMCA-1961,2009-07-10,UNKNOWN,International Marine & Offshore,General Industrial / Offshore Operations,,UNKNOWN,UNKNOWN,UNKNOWN,None reported / Equipment stoppage or minor disruption.,,False,BRONZE,QUARANTINED
EVT-IMCA-1962,NEAR_MISS,International Marine Contractors Association (IMCA),SRC-IMCA-1962,2009-06-19,UNKNOWN,International Marine & Offshore,General Industrial / Offshore Operations,,GRAVITATIONAL,UNKNOWN,UNKNOWN,No injuries occurred (Near Miss / Potential Consequence only).,None,False,BRONZE,QUARANTINED
EVT-IMCA-1963,NEAR_MISS,International Marine Contractors Association (IMCA),SRC-IMCA-1963,2009-06-19,UNKNOWN,International Marine & Offshore,General Industrial / Offshore Operations,,UNKNOWN,UNKNOWN,UNKNOWN,None reported / Equipment stoppage or minor disruption.,,False,BRONZE,QUARANTINED
EVT-IMCA-1964,INCIDENT,International Marine Contractors Association (IMCA),SRC-IMCA-1964,2009-06-19,UNKNOWN,International Marine & Offshore,Subsea & Diving Operations,,THERMAL,TRUE,DERIVED,None reported / Equipment stoppage or minor disruption.,,False,BRONZE,QUARANTINED
EVT-IMCA-1965,INCIDENT,International Marine Contractors Association (IMCA),SRC-IMCA-1965,2009-06-19,UNKNOWN,International Marine & Offshore,General Industrial / Offshore Operations,,UNKNOWN,UNKNOWN,UNKNOWN,None reported / Equipment stoppage or minor disruption.,,False,BRONZE,QUARANTINED
EVT-IMCA-1966,INCIDENT,International Marine Contractors Association (IMCA),SRC-IMCA-1966,2009-06-19,UNKNOWN,International Marine & Offshore,Hot Work Operations,,THERMAL,TRUE,DERIVED,None reported / Equipment stoppage or minor disruption.,,False,BRONZE,QUARANTINED
EVT-IMCA-1967,INCIDENT,International Marine Contractors Association (IMCA),SRC-IMCA-1967,2009-06-02,UNKNOWN,International Marine & Offshore,Hot Work Operations,,UNKNOWN,UNKNOWN,UNKNOWN,Fatal injury occurred.,Fatal injury,True,BRONZE,QUARANTINED
EVT-IMCA-1968,NEAR_MISS,International Marine Contractors Association (IMCA),SRC-IMCA-1968,2009-06-02,UNKNOWN,International Marine & Offshore,Subsea & Diving Operations,remotely operated vehicle (ROV),ELECTRICAL,UNKNOWN,UNKNOWN,No injuries occurred (Near Miss / Potential Consequence only).,None,False,BRONZE,QUARANTINED
EVT-IMCA-1969,NEAR_MISS,International Marine Contractors Association (IMCA),SRC-IMCA-1969,2009-06-02,UNKNOWN,International Marine & Offshore,Subsea & Diving Operations,remotely operated vehicle (ROV),ELECTRICAL,UNKNOWN,UNKNOWN,None reported / Equipment stoppage or minor disruption.,,False,BRONZE,QUARANTINED
EVT-IMCA-1970,INCIDENT,International Marine Contractors Association (IMCA),SRC-IMCA-1970,2009-06-02,UNKNOWN,International Marine & Offshore,Piping & Pressure Maintenance,,UNKNOWN,UNKNOWN,UNKNOWN,Fatal injury occurred.,Fatal injury,True,BRONZE,QUARANTINED
EVT-IMCA-1971,NEAR_MISS,International Marine Contractors Association (IMCA),SRC-IMCA-1971,2009-05-06,UNKNOWN,International Marine & Offshore,General Industrial / Offshore Operations,,UNKNOWN,UNKNOWN,UNKNOWN,None reported / Equipment stoppage or minor disruption.,,False,BRONZE,QUARANTINED
EVT-IMCA-1972,NEAR_MISS,International Marine Contractors Association (IMCA),SRC-IMCA-1972,2009-05-06,UNKNOWN,International Marine & Offshore,General Industrial / Offshore Operations,,UNKNOWN,UNKNOWN,UNKNOWN,None reported / Equipment stoppage or minor disruption.,,False,BRONZE,QUARANTINED
EVT-IMCA-1973,INCIDENT,International Marine Contractors Association (IMCA),SRC-IMCA-1973,2009-05-06,UNKNOWN,International Marine & Offshore,Lifting & Rigging Operations,,UNKNOWN,TRUE,EXPLICIT,Fatal injury occurred.,Fatal injury,True,BRONZE,QUARANTINED
EVT-IMCA-1974,INCIDENT,International Marine Contractors Association (IMCA),SRC-IMCA-1974,2009-04-22,UNKNOWN,International Marine & Offshore,General Industrial / Offshore Operations,,THERMAL,UNKNOWN,UNKNOWN,None reported / Equipment stoppage or minor disruption.,,False,BRONZE,QUARANTINED
EVT-IMCA-1975,INCIDENT,International Marine Contractors Association (IMCA),SRC-IMCA-1975,2009-04-02,UNKNOWN,International Marine & Offshore,Subsea & Diving Operations,remotely operated vehicle (ROV),THERMAL,TRUE,DERIVED,None reported / Equipment stoppage or minor disruption.,,False,BRONZE,QUARANTINED
EVT-IMCA-1976,INCIDENT,International Marine Contractors Association (IMCA),SRC-IMCA-1976,2009-04-02,UNKNOWN,International Marine & Offshore,General Industrial / Offshore Operations,hose,ELECTRICAL,TRUE,DERIVED,None reported / Equipment stoppage or minor disruption.,,False,BRONZE,QUARANTINED
EVT-IMCA-1977,NEAR_MISS,International Marine Contractors Association (IMCA),SRC-IMCA-1977,2009-04-02,UNKNOWN,International Marine & Offshore,Marine & Vessel Operations,,UNKNOWN,UNKNOWN,UNKNOWN,None reported / Equipment stoppage or minor disruption.,,False,BRONZE,QUARANTINED
EVT-IMCA-1978,NEAR_MISS,International Marine Contractors Association (IMCA),SRC-IMCA-1978,2009-03-05,UNKNOWN,International Marine & Offshore,Subsea & Diving Operations,,UNKNOWN,UNKNOWN,UNKNOWN,None reported / Equipment stoppage or minor disruption.,,False,BRONZE,QUARANTINED
EVT-IMCA-1979,NEAR_MISS,International Marine Contractors Association (IMCA),SRC-IMCA-1979,2009-03-05,UNKNOWN,International Marine & Offshore,Marine & Vessel Operations,,UNKNOWN,UNKNOWN,UNKNOWN,None reported / Equipment stoppage or minor disruption.,,False,BRONZE,QUARANTINED
EVT-IMCA-1980,INCIDENT,International Marine Contractors Association (IMCA),SRC-IMCA-1980,2009-03-05,UNKNOWN,International Marine & Offshore,Subsea & Diving Operations,,UNKNOWN,UNKNOWN,UNKNOWN,None reported / Equipment stoppage or minor disruption.,,False,BRONZE,QUARANTINED
EVT-IMCA-1981,NEAR_MISS,International Marine Contractors Association (IMCA),SRC-IMCA-1981,2009-03-05,UNKNOWN,International Marine & Offshore,Subsea & Diving Operations,remotely operated vehicle (ROV),UNKNOWN,UNKNOWN,UNKNOWN,None reported / Equipment stoppage or minor disruption.,,False,BRONZE,QUARANTINED
EVT-IMCA-1982,NEAR_MISS,International Marine Contractors Association (IMCA),SRC-IMCA-1982,2009-03-05,UNKNOWN,International Marine & Offshore,Subsea & Diving Operations,remotely operated vehicle (ROV),UNKNOWN,UNKNOWN,UNKNOWN,No injuries occurred (Near Miss / Potential Consequence only).,None,False,BRONZE,QUARANTINED
EVT-IMCA-1983,NEAR_MISS,International Marine Contractors Association (IMCA),SRC-IMCA-1983,2009-02-06,UNKNOWN,International Marine & Offshore,Lifting & Rigging Operations,winch,KINETIC,UNKNOWN,UNKNOWN,None reported / Equipment stoppage or minor disruption.,,False,BRONZE,QUARANTINED
EVT-IMCA-1984,NEAR_MISS,International Marine Contractors Association (IMCA),SRC-IMCA-1984,2009-02-06,UNKNOWN,International Marine & Offshore,General Industrial / Offshore Operations,,UNKNOWN,UNKNOWN,UNKNOWN,None reported / Equipment stoppage or minor disruption.,,False,BRONZE,QUARANTINED
EVT-IMCA-1985,NEAR_MISS,International Marine Contractors Association (IMCA),SRC-IMCA-1985,2009-01-16,Barge,International Marine & Offshore,Piping & Pressure Maintenance,,UNKNOWN,UNKNOWN,UNKNOWN,No injuries occurred (Near Miss / Potential Consequence only).,None,False,BRONZE,QUARANTINED
EVT-IMCA-1986,NEAR_MISS,International Marine Contractors Association (IMCA),SRC-IMCA-1986,2009-01-16,UNKNOWN,International Marine & Offshore,General Industrial / Offshore Operations,,UNKNOWN,UNKNOWN,UNKNOWN,None reported / Equipment stoppage or minor disruption.,,False,BRONZE,QUARANTINED
EVT-IMCA-1987,NEAR_MISS,International Marine Contractors Association (IMCA),SRC-IMCA-1987,2009-01-16,UNKNOWN,International Marine & Offshore,General Industrial / Offshore Operations,,UNKNOWN,UNKNOWN,UNKNOWN,None reported / Equipment stoppage or minor disruption.,,False,BRONZE,QUARANTINED
EVT-IMCA-1988,NEAR_MISS,International Marine Contractors Association (IMCA),SRC-IMCA-1988,2008-12-19,UNKNOWN,International Marine & Offshore,Lifting & Rigging Operations,crane,UNKNOWN,UNKNOWN,UNKNOWN,None reported / Equipment stoppage or minor disruption.,,False,BRONZE,QUARANTINED
EVT-IMCA-1989,INCIDENT,International Marine Contractors Association (IMCA),SRC-IMCA-1989,2008-12-19,UNKNOWN,International Marine & Offshore,Piping & Pressure Maintenance,,UNKNOWN,UNKNOWN,UNKNOWN,Fatal injury occurred.,Fatal injury,True,BRONZE,QUARANTINED
EVT-IMCA-1990,NEAR_MISS,International Marine Contractors Association (IMCA),SRC-IMCA-1990,2008-12-03,UNKNOWN,International Marine & Offshore,General Industrial / Offshore Operations,,UNKNOWN,UNKNOWN,UNKNOWN,None reported / Equipment stoppage or minor disruption.,,False,BRONZE,QUARANTINED
EVT-IMCA-1991,INCIDENT,International Marine Contractors Association (IMCA),SRC-IMCA-1991,2008-12-03,UNKNOWN,International Marine & Offshore,Lifting & Rigging Operations,falling object,GRAVITATIONAL,TRUE,EXPLICIT,Fatal injury occurred.,Fatal injury,True,BRONZE,QUARANTINED
EVT-IMCA-1992,INCIDENT,International Marine Contractors Association (IMCA),SRC-IMCA-1992,2008-12-03,UNKNOWN,International Marine & Offshore,General Industrial / Offshore Operations,,UNKNOWN,UNKNOWN,UNKNOWN,None reported / Equipment stoppage or minor disruption.,,False,BRONZE,QUARANTINED
EVT-IMCA-1993,NEAR_MISS,International Marine Contractors Association (IMCA),SRC-IMCA-1993,2008-12-03,UNKNOWN,International Marine & Offshore,Lifting & Rigging Operations,,UNKNOWN,UNKNOWN,UNKNOWN,None reported / Equipment stoppage or minor disruption.,,False,BRONZE,QUARANTINED
EVT-IMCA-1994,NEAR_MISS,International Marine Contractors Association (IMCA),SRC-IMCA-1994,2008-12-03,UNKNOWN,International Marine & Offshore,Lifting & Rigging Operations,crane,UNKNOWN,UNKNOWN,UNKNOWN,None reported / Equipment stoppage or minor disruption.,,False,BRONZE,QUARANTINED
EVT-IMCA-1995,NEAR_MISS,International Marine Contractors Association (IMCA),SRC-IMCA-1995,2008-12-03,UNKNOWN,International Marine & Offshore,Lifting & Rigging Operations,,UNKNOWN,UNKNOWN,UNKNOWN,None reported / Equipment stoppage or minor disruption.,,False,BRONZE,QUARANTINED
EVT-IMCA-1996,INCIDENT,International Marine Contractors Association (IMCA),SRC-IMCA-1996,2008-10-30,UNKNOWN,International Marine & Offshore,General Industrial / Offshore Operations,,THERMAL,UNKNOWN,UNKNOWN,None reported / Equipment stoppage or minor disruption.,,False,BRONZE,QUARANTINED
EVT-IMCA-1997,NEAR_MISS,International Marine Contractors Association (IMCA),SRC-IMCA-1997,2008-10-30,UNKNOWN,International Marine & Offshore,Lifting & Rigging Operations,,UNKNOWN,UNKNOWN,UNKNOWN,None reported / Equipment stoppage or minor disruption.,,False,BRONZE,QUARANTINED
EVT-IMCA-1998,INCIDENT,International Marine Contractors Association (IMCA),SRC-IMCA-1998,2008-10-30,UNKNOWN,International Marine & Offshore,General Industrial / Offshore Operations,,THERMAL,UNKNOWN,UNKNOWN,None reported / Equipment stoppage or minor disruption.,,False,BRONZE,QUARANTINED
EVT-IMCA-1999,INCIDENT,International Marine Contractors Association (IMCA),SRC-IMCA-1999,2008-10-09,UNKNOWN,International Marine & Offshore,Subsea & Diving Operations,remotely operated vehicle (ROV),UNKNOWN,UNKNOWN,UNKNOWN,None reported / Equipment stoppage or minor disruption.,,False,BRONZE,QUARANTINED
EVT-IMCA-2000,NEAR_MISS,International Marine Contractors Association (IMCA),SRC-IMCA-2000,2008-10-09,UNKNOWN,International Marine & Offshore,Hot Work Operations,,UNKNOWN,UNKNOWN,UNKNOWN,Minor injury requiring first aid or medical attention.,First aid / minor laceration or contusion,False,BRONZE,QUARANTINED
EVT-IMCA-2001,NEAR_MISS,International Marine Contractors Association (IMCA),SRC-IMCA-2001,2008-10-09,UNKNOWN,International Marine & Offshore,Lifting & Rigging Operations,,UNKNOWN,UNKNOWN,UNKNOWN,None reported / Equipment stoppage or minor disruption.,,False,BRONZE,QUARANTINED
EVT-IMCA-2002,NEAR_MISS,International Marine Contractors Association (IMCA),SRC-IMCA-2002,2008-10-09,UNKNOWN,International Marine & Offshore,Subsea & Diving Operations,diver umbilical,UNKNOWN,UNKNOWN,UNKNOWN,No injuries occurred (Near Miss / Potential Consequence only).,None,False,BRONZE,QUARANTINED
EVT-IMCA-2003,INCIDENT,International Marine Contractors Association (IMCA),SRC-IMCA-2003,2008-09-22,UNKNOWN,International Marine & Offshore,Lifting & Rigging Operations,crane,UNKNOWN,UNKNOWN,UNKNOWN,None reported / Equipment stoppage or minor disruption.,,False,BRONZE,QUARANTINED
EVT-IMCA-2004,NEAR_MISS,International Marine Contractors Association (IMCA),SRC-IMCA-2004,2008-09-22,UNKNOWN,International Marine & Offshore,General Industrial / Offshore Operations,,UNKNOWN,UNKNOWN,UNKNOWN,None reported / Equipment stoppage or minor disruption.,,False,BRONZE,QUARANTINED
EVT-IMCA-2005,NEAR_MISS,International Marine Contractors Association (IMCA),SRC-IMCA-2005,2008-08-26,UNKNOWN,International Marine & Offshore,General Industrial / Offshore Operations,,UNKNOWN,UNKNOWN,UNKNOWN,None reported / Equipment stoppage or minor disruption.,,False,BRONZE,QUARANTINED
EVT-IMCA-2006,NEAR_MISS,International Marine Contractors Association (IMCA),SRC-IMCA-2006,2008-07-23,UNKNOWN,International Marine & Offshore,General Industrial / Offshore Operations,,UNKNOWN,UNKNOWN,UNKNOWN,None reported / Equipment stoppage or minor disruption.,,False,BRONZE,QUARANTINED
EVT-IMCA-2007,NEAR_MISS,International Marine Contractors Association (IMCA),SRC-IMCA-2007,2008-07-23,UNKNOWN,International Marine & Offshore,General Industrial / Offshore Operations,,UNKNOWN,UNKNOWN,UNKNOWN,None reported / Equipment stoppage or minor disruption.,,False,BRONZE,QUARANTINED
EVT-IMCA-2008,INCIDENT,International Marine Contractors Association (IMCA),SRC-IMCA-2008,2008-07-23,UNKNOWN,International Marine & Offshore,General Industrial / Offshore Operations,,UNKNOWN,UNKNOWN,UNKNOWN,None reported / Equipment stoppage or minor disruption.,,False,BRONZE,QUARANTINED
EVT-IMCA-2009,NEAR_MISS,International Marine Contractors Association (IMCA),SRC-IMCA-2009,2008-06-23,UNKNOWN,International Marine & Offshore,Lifting & Rigging Operations,crane,UNKNOWN,UNKNOWN,UNKNOWN,None reported / Equipment stoppage or minor disruption.,,False,BRONZE,QUARANTINED
EVT-IMCA-2010,NEAR_MISS,International Marine Contractors Association (IMCA),SRC-IMCA-2010,2008-06-23,UNKNOWN,International Marine & Offshore,Lifting & Rigging Operations,,UNKNOWN,UNKNOWN,UNKNOWN,None reported / Equipment stoppage or minor disruption.,,False,BRONZE,QUARANTINED
EVT-IMCA-2011,INCIDENT,International Marine Contractors Association (IMCA),SRC-IMCA-2011,2008-06-09,UNKNOWN,International Marine & Offshore,General Industrial / Offshore Operations,,UNKNOWN,UNKNOWN,UNKNOWN,None reported / Equipment stoppage or minor disruption.,,False,BRONZE,QUARANTINED
EVT-IMCA-2012,NEAR_MISS,International Marine Contractors Association (IMCA),SRC-IMCA-2012,2008-06-09,UNKNOWN,International Marine & Offshore,General Industrial / Offshore Operations,,UNKNOWN,UNKNOWN,UNKNOWN,None reported / Equipment stoppage or minor disruption.,,False,BRONZE,QUARANTINED
EVT-IMCA-2013,NEAR_MISS,International Marine Contractors Association (IMCA),SRC-IMCA-2013,2008-06-09,UNKNOWN,International Marine & Offshore,General Industrial / Offshore Operations,,UNKNOWN,UNKNOWN,UNKNOWN,None reported / Equipment stoppage or minor disruption.,,False,BRONZE,QUARANTINED
EVT-IMCA-2014,INCIDENT,International Marine Contractors Association (IMCA),SRC-IMCA-2014,2008-06-09,UNKNOWN,International Marine & Offshore,Hot Work Operations,,THERMAL,TRUE,DERIVED,None reported / Equipment stoppage or minor disruption.,,False,BRONZE,QUARANTINED
EVT-IMCA-2015,NEAR_MISS,International Marine Contractors Association (IMCA),SRC-IMCA-2015,2008-05-21,UNKNOWN,International Marine & Offshore,General Industrial / Offshore Operations,,UNKNOWN,UNKNOWN,UNKNOWN,None reported / Equipment stoppage or minor disruption.,,False,BRONZE,QUARANTINED
EVT-IMCA-2016,NEAR_MISS,International Marine Contractors Association (IMCA),SRC-IMCA-2016,2008-05-21,UNKNOWN,International Marine & Offshore,General Industrial / Offshore Operations,,UNKNOWN,UNKNOWN,UNKNOWN,None reported / Equipment stoppage or minor disruption.,,False,BRONZE,QUARANTINED
EVT-IMCA-2017,NEAR_MISS,International Marine Contractors Association (IMCA),SRC-IMCA-2017,2008-04-24,UNKNOWN,International Marine & Offshore,General Industrial / Offshore Operations,,UNKNOWN,UNKNOWN,UNKNOWN,None reported / Equipment stoppage or minor disruption.,,False,BRONZE,QUARANTINED
EVT-IMCA-2018,NEAR_MISS,International Marine Contractors Association (IMCA),SRC-IMCA-2018,2008-04-24,UNKNOWN,International Marine & Offshore,Lifting & Rigging Operations,crane,UNKNOWN,UNKNOWN,UNKNOWN,No injuries occurred (Near Miss / Potential Consequence only).,None,False,BRONZE,QUARANTINED
EVT-IMCA-2019,NEAR_MISS,International Marine Contractors Association (IMCA),SRC-IMCA-2019,2008-04-24,UNKNOWN,International Marine & Offshore,Lifting & Rigging Operations,lift / elevator,UNKNOWN,UNKNOWN,UNKNOWN,None reported / Equipment stoppage or minor disruption.,,False,BRONZE,QUARANTINED
EVT-IMCA-2020,INCIDENT,International Marine Contractors Association (IMCA),SRC-IMCA-2020,2008-04-10,UNKNOWN,International Marine & Offshore,Subsea & Diving Operations,remotely operated vehicle (ROV),UNKNOWN,UNKNOWN,UNKNOWN,Fatal injury occurred.,Fatal injury,True,BRONZE,QUARANTINED
EVT-IMCA-2021,NEAR_MISS,International Marine Contractors Association (IMCA),SRC-IMCA-2021,2008-04-03,UNKNOWN,International Marine & Offshore,General Industrial / Offshore Operations,,UNKNOWN,UNKNOWN,UNKNOWN,None reported / Equipment stoppage or minor disruption.,,False,BRONZE,QUARANTINED
EVT-IMCA-2022,NEAR_MISS,International Marine Contractors Association (IMCA),SRC-IMCA-2022,2008-04-01,UNKNOWN,International Marine & Offshore,Lifting & Rigging Operations,crane,UNKNOWN,UNKNOWN,UNKNOWN,No injuries occurred (Near Miss / Potential Consequence only).,None,False,BRONZE,QUARANTINED
EVT-IMCA-2023,NEAR_MISS,International Marine Contractors Association (IMCA),SRC-IMCA-2023,2008-04-01,UNKNOWN,International Marine & Offshore,General Industrial / Offshore Operations,,UNKNOWN,UNKNOWN,UNKNOWN,None reported / Equipment stoppage or minor disruption.,,False,BRONZE,QUARANTINED
EVT-IMCA-2024,UA,International Marine Contractors Association (IMCA),SRC-IMCA-2024,2008-03-19,UNKNOWN,International Marine & Offshore,General Industrial / Offshore Operations,,ELECTRICAL,UNKNOWN,UNKNOWN,None reported / Equipment stoppage or minor disruption.,,False,BRONZE,QUARANTINED
EVT-IMCA-2025,NEAR_MISS,International Marine Contractors Association (IMCA),SRC-IMCA-2025,2008-03-19,UNKNOWN,International Marine & Offshore,General Industrial / Offshore Operations,,UNKNOWN,UNKNOWN,UNKNOWN,None reported / Equipment stoppage or minor disruption.,,False,BRONZE,QUARANTINED
EVT-IMCA-2026,INCIDENT,International Marine Contractors Association (IMCA),SRC-IMCA-2026,2008-02-25,UNKNOWN,International Marine & Offshore,Subsea & Diving Operations,remotely operated vehicle (ROV),UNKNOWN,UNKNOWN,UNKNOWN,None reported / Equipment stoppage or minor disruption.,,False,BRONZE,QUARANTINED
EVT-IMCA-2027,NEAR_MISS,International Marine Contractors Association (IMCA),SRC-IMCA-2027,2008-02-25,UNKNOWN,International Marine & Offshore,Lifting & Rigging Operations,,UNKNOWN,UNKNOWN,UNKNOWN,None reported / Equipment stoppage or minor disruption.,,False,BRONZE,QUARANTINED
EVT-IMCA-2028,INCIDENT,International Marine Contractors Association (IMCA),SRC-IMCA-2028,2008-02-04,UNKNOWN,International Marine & Offshore,General Industrial / Offshore Operations,,UNKNOWN,UNKNOWN,UNKNOWN,None reported / Equipment stoppage or minor disruption.,,False,BRONZE,QUARANTINED
EVT-IMCA-2029,INCIDENT,International Marine Contractors Association (IMCA),SRC-IMCA-2029,2008-02-04,UNKNOWN,International Marine & Offshore,General Industrial / Offshore Operations,,UNKNOWN,UNKNOWN,UNKNOWN,None reported / Equipment stoppage or minor disruption.,,False,BRONZE,QUARANTINED
EVT-IMCA-2030,NEAR_MISS,International Marine Contractors Association (IMCA),SRC-IMCA-2030,2008-02-04,UNKNOWN,International Marine & Offshore,General Industrial / Offshore Operations,,UNKNOWN,UNKNOWN,UNKNOWN,None reported / Equipment stoppage or minor disruption.,,False,BRONZE,QUARANTINED
EVT-IMCA-2031,NEAR_MISS,International Marine Contractors Association (IMCA),SRC-IMCA-2031,2008-02-04,UNKNOWN,International Marine & Offshore,Lifting & Rigging Operations,lift / elevator,UNKNOWN,UNKNOWN,UNKNOWN,None reported / Equipment stoppage or minor disruption.,,False,BRONZE,QUARANTINED
EVT-IMCA-2032,NEAR_MISS,International Marine Contractors Association (IMCA),SRC-IMCA-2032,2008-01-07,UNKNOWN,International Marine & Offshore,General Industrial / Offshore Operations,,UNKNOWN,UNKNOWN,UNKNOWN,None reported / Equipment stoppage or minor disruption.,,False,BRONZE,QUARANTINED
EVT-IMCA-2033,INCIDENT,International Marine Contractors Association (IMCA),SRC-IMCA-2033,2007-12-20,UNKNOWN,International Marine & Offshore,General Industrial / Offshore Operations,,THERMAL,UNKNOWN,UNKNOWN,None reported / Equipment stoppage or minor disruption.,,False,BRONZE,QUARANTINED
EVT-IMCA-2034,NEAR_MISS,International Marine Contractors Association (IMCA),SRC-IMCA-2034,2007-12-20,UNKNOWN,International Marine & Offshore,Subsea & Diving Operations,hose,PRESSURE,UNKNOWN,UNKNOWN,None reported / Equipment stoppage or minor disruption.,,False,BRONZE,QUARANTINED
EVT-IMCA-2035,NEAR_MISS,International Marine Contractors Association (IMCA),SRC-IMCA-2035,2007-12-20,UNKNOWN,International Marine & Offshore,Subsea & Diving Operations,hose,PRESSURE,UNKNOWN,UNKNOWN,None reported / Equipment stoppage or minor disruption.,,False,BRONZE,QUARANTINED
EVT-IMCA-2036,NEAR_MISS,International Marine Contractors Association (IMCA),SRC-IMCA-2036,2007-12-20,UNKNOWN,International Marine & Offshore,General Industrial / Offshore Operations,,UNKNOWN,UNKNOWN,UNKNOWN,None reported / Equipment stoppage or minor disruption.,,False,BRONZE,QUARANTINED
EVT-IMCA-2037,NEAR_MISS,International Marine Contractors Association (IMCA),SRC-IMCA-2037,2007-12-20,UNKNOWN,International Marine & Offshore,Piping & Pressure Maintenance,valve,UNKNOWN,UNKNOWN,UNKNOWN,None reported / Equipment stoppage or minor disruption.,,False,BRONZE,QUARANTINED
EVT-IMCA-2038,NEAR_MISS,International Marine Contractors Association (IMCA),SRC-IMCA-2038,2007-10-31,UNKNOWN,International Marine & Offshore,Marine & Vessel Operations,winch,KINETIC,UNKNOWN,UNKNOWN,None reported / Equipment stoppage or minor disruption.,,False,BRONZE,QUARANTINED
EVT-IMCA-2039,INCIDENT,International Marine Contractors Association (IMCA),SRC-IMCA-2039,2007-10-31,UNKNOWN,International Marine & Offshore,Lifting & Rigging Operations,,UNKNOWN,UNKNOWN,UNKNOWN,None reported / Equipment stoppage or minor disruption.,,False,BRONZE,QUARANTINED
EVT-IMCA-2040,NEAR_MISS,International Marine Contractors Association (IMCA),SRC-IMCA-2040,2007-10-31,UNKNOWN,International Marine & Offshore,Lifting & Rigging Operations,,UNKNOWN,UNKNOWN,UNKNOWN,None reported / Equipment stoppage or minor disruption.,,False,BRONZE,QUARANTINED
EVT-IMCA-2041,INCIDENT,International Marine Contractors Association (IMCA),SRC-IMCA-2041,2007-10-31,UNKNOWN,International Marine & Offshore,Marine & Vessel Operations,,THERMAL,TRUE,DERIVED,Fatal injury occurred.,Fatal injury,True,BRONZE,QUARANTINED
EVT-IMCA-2042,NEAR_MISS,International Marine Contractors Association (IMCA),SRC-IMCA-2042,2007-08-24,UNKNOWN,International Marine & Offshore,Hot Work Operations,,UNKNOWN,UNKNOWN,UNKNOWN,None reported / Equipment stoppage or minor disruption.,,False,BRONZE,QUARANTINED
EVT-IMCA-2043,NEAR_MISS,International Marine Contractors Association (IMCA),SRC-IMCA-2043,2007-08-14,Semi-submersible Rig,International Marine & Offshore,General Industrial / Offshore Operations,,UNKNOWN,UNKNOWN,UNKNOWN,None reported / Equipment stoppage or minor disruption.,,False,BRONZE,QUARANTINED
EVT-IMCA-2044,NEAR_MISS,International Marine Contractors Association (IMCA),SRC-IMCA-2044,2007-08-14,UNKNOWN,International Marine & Offshore,Piping & Pressure Maintenance,,PRESSURE,UNKNOWN,UNKNOWN,None reported / Equipment stoppage or minor disruption.,,False,BRONZE,QUARANTINED
EVT-IMCA-2045,NEAR_MISS,International Marine Contractors Association (IMCA),SRC-IMCA-2045,2007-08-14,Diving Support Vessel (DSV),International Marine & Offshore,Subsea & Diving Operations,,UNKNOWN,UNKNOWN,UNKNOWN,None reported / Equipment stoppage or minor disruption.,,False,BRONZE,QUARANTINED
EVT-IMCA-2046,NEAR_MISS,International Marine Contractors Association (IMCA),SRC-IMCA-2046,2007-08-14,UNKNOWN,International Marine & Offshore,General Industrial / Offshore Operations,,UNKNOWN,UNKNOWN,UNKNOWN,None reported / Equipment stoppage or minor disruption.,,False,BRONZE,QUARANTINED
EVT-IMCA-2047,NEAR_MISS,International Marine Contractors Association (IMCA),SRC-IMCA-2047,2007-08-14,UNKNOWN,International Marine & Offshore,Lifting & Rigging Operations,lift / elevator,UNKNOWN,UNKNOWN,UNKNOWN,None reported / Equipment stoppage or minor disruption.,,False,BRONZE,QUARANTINED
EVT-IMCA-2048,INCIDENT,International Marine Contractors Association (IMCA),SRC-IMCA-2048,2007-07-30,UNKNOWN,International Marine & Offshore,Subsea & Diving Operations,,PRESSURE,TRUE,DERIVED,None reported / Equipment stoppage or minor disruption.,,False,BRONZE,QUARANTINED
EVT-IMCA-2049,NEAR_MISS,International Marine Contractors Association (IMCA),SRC-IMCA-2049,2007-07-30,UNKNOWN,International Marine & Offshore,Hot Work Operations,,UNKNOWN,UNKNOWN,UNKNOWN,None reported / Equipment stoppage or minor disruption.,,False,BRONZE,QUARANTINED
EVT-IMCA-2050,NEAR_MISS,International Marine Contractors Association (IMCA),SRC-IMCA-2050,2007-05-29,UNKNOWN,International Marine & Offshore,General Industrial / Offshore Operations,,UNKNOWN,UNKNOWN,UNKNOWN,None reported / Equipment stoppage or minor disruption.,,False,BRONZE,QUARANTINED
EVT-IMCA-2051,INCIDENT,International Marine Contractors Association (IMCA),SRC-IMCA-2051,2007-05-10,UNKNOWN,International Marine & Offshore,Lifting & Rigging Operations,,UNKNOWN,UNKNOWN,UNKNOWN,None reported / Equipment stoppage or minor disruption.,,False,BRONZE,QUARANTINED
EVT-IMCA-2052,NEAR_MISS,International Marine Contractors Association (IMCA),SRC-IMCA-2052,2007-04-04,UNKNOWN,International Marine & Offshore,Piping & Pressure Maintenance,valve,UNKNOWN,UNKNOWN,UNKNOWN,No injuries occurred (Near Miss / Potential Consequence only).,None,False,BRONZE,QUARANTINED
EVT-IMCA-2053,NEAR_MISS,International Marine Contractors Association (IMCA),SRC-IMCA-2053,2007-03-12,UNKNOWN,International Marine & Offshore,General Industrial / Offshore Operations,,UNKNOWN,UNKNOWN,UNKNOWN,None reported / Equipment stoppage or minor disruption.,,False,BRONZE,QUARANTINED
EVT-IMCA-2054,NEAR_MISS,International Marine Contractors Association (IMCA),SRC-IMCA-2054,2007-03-12,UNKNOWN,International Marine & Offshore,General Industrial / Offshore Operations,,UNKNOWN,UNKNOWN,UNKNOWN,None reported / Equipment stoppage or minor disruption.,,False,BRONZE,QUARANTINED
EVT-IMCA-2055,NEAR_MISS,International Marine Contractors Association (IMCA),SRC-IMCA-2055,2007-03-12,UNKNOWN,International Marine & Offshore,Piping & Pressure Maintenance,valve,UNKNOWN,UNKNOWN,UNKNOWN,None reported / Equipment stoppage or minor disruption.,,False,BRONZE,QUARANTINED
EVT-IMCA-2056,NEAR_MISS,International Marine Contractors Association (IMCA),SRC-IMCA-2056,2007-02-16,UNKNOWN,International Marine & Offshore,General Industrial / Offshore Operations,,UNKNOWN,UNKNOWN,UNKNOWN,No injuries occurred (Near Miss / Potential Consequence only).,None,False,BRONZE,QUARANTINED
EVT-IMCA-2057,NEAR_MISS,International Marine Contractors Association (IMCA),SRC-IMCA-2057,2007-02-16,UNKNOWN,International Marine & Offshore,Piping & Pressure Maintenance,,UNKNOWN,UNKNOWN,UNKNOWN,No injuries occurred (Near Miss / Potential Consequence only).,None,False,BRONZE,QUARANTINED
EVT-IMCA-2058,NEAR_MISS,International Marine Contractors Association (IMCA),SRC-IMCA-2058,2006-12-12,UNKNOWN,International Marine & Offshore,Marine & Vessel Operations,,UNKNOWN,UNKNOWN,UNKNOWN,None reported / Equipment stoppage or minor disruption.,,False,BRONZE,QUARANTINED
EVT-IMCA-2059,NEAR_MISS,International Marine Contractors Association (IMCA),SRC-IMCA-2059,2006-12-12,UNKNOWN,International Marine & Offshore,Subsea & Diving Operations,,UNKNOWN,UNKNOWN,UNKNOWN,No injuries occurred (Near Miss / Potential Consequence only).,None,False,BRONZE,QUARANTINED
EVT-IMCA-2060,INCIDENT,International Marine Contractors Association (IMCA),SRC-IMCA-2060,2006-11-21,UNKNOWN,International Marine & Offshore,Marine & Vessel Operations,,THERMAL,UNKNOWN,UNKNOWN,None reported / Equipment stoppage or minor disruption.,,False,BRONZE,QUARANTINED
EVT-IMCA-2061,NEAR_MISS,International Marine Contractors Association (IMCA),SRC-IMCA-2061,2006-11-21,UNKNOWN,International Marine & Offshore,General Industrial / Offshore Operations,,UNKNOWN,UNKNOWN,UNKNOWN,None reported / Equipment stoppage or minor disruption.,,False,BRONZE,QUARANTINED
EVT-IMCA-2062,NEAR_MISS,International Marine Contractors Association (IMCA),SRC-IMCA-2062,2006-10-09,UNKNOWN,International Marine & Offshore,General Industrial / Offshore Operations,,UNKNOWN,UNKNOWN,UNKNOWN,None reported / Equipment stoppage or minor disruption.,,False,BRONZE,QUARANTINED
EVT-IMCA-2063,NEAR_MISS,International Marine Contractors Association (IMCA),SRC-IMCA-2063,2006-09-18,UNKNOWN,International Marine & Offshore,General Industrial / Offshore Operations,,UNKNOWN,UNKNOWN,UNKNOWN,None reported / Equipment stoppage or minor disruption.,,False,BRONZE,QUARANTINED
EVT-IMCA-2064,NEAR_MISS,International Marine Contractors Association (IMCA),SRC-IMCA-2064,2006-09-18,UNKNOWN,International Marine & Offshore,Subsea & Diving Operations,remotely operated vehicle (ROV),UNKNOWN,UNKNOWN,UNKNOWN,None reported / Equipment stoppage or minor disruption.,,False,BRONZE,QUARANTINED
EVT-IMCA-2065,NEAR_MISS,International Marine Contractors Association (IMCA),SRC-IMCA-2065,2006-08-23,UNKNOWN,International Marine & Offshore,Lifting & Rigging Operations,lift / elevator,UNKNOWN,UNKNOWN,UNKNOWN,None reported / Equipment stoppage or minor disruption.,,False,BRONZE,QUARANTINED
EVT-IMCA-2066,NEAR_MISS,International Marine Contractors Association (IMCA),SRC-IMCA-2066,2006-07-07,UNKNOWN,International Marine & Offshore,General Industrial / Offshore Operations,,THERMAL,UNKNOWN,UNKNOWN,No injuries occurred (Near Miss / Potential Consequence only).,None,False,BRONZE,QUARANTINED
EVT-IMCA-2067,INCIDENT,International Marine Contractors Association (IMCA),SRC-IMCA-2067,2006-07-07,UNKNOWN,International Marine & Offshore,Lifting & Rigging Operations,,UNKNOWN,UNKNOWN,UNKNOWN,Fatal injury occurred.,Fatal injury,True,BRONZE,QUARANTINED
EVT-IMCA-2068,INCIDENT,International Marine Contractors Association (IMCA),SRC-IMCA-2068,2006-07-07,UNKNOWN,International Marine & Offshore,General Industrial / Offshore Operations,,THERMAL,UNKNOWN,UNKNOWN,None reported / Equipment stoppage or minor disruption.,,False,BRONZE,QUARANTINED
EVT-IMCA-2069,NEAR_MISS,International Marine Contractors Association (IMCA),SRC-IMCA-2069,2006-06-22,UNKNOWN,International Marine & Offshore,General Industrial / Offshore Operations,,PRESSURE,UNKNOWN,UNKNOWN,None reported / Equipment stoppage or minor disruption.,,False,BRONZE,QUARANTINED
EVT-IMCA-2070,INCIDENT,International Marine Contractors Association (IMCA),SRC-IMCA-2070,2006-06-22,UNKNOWN,International Marine & Offshore,Piping & Pressure Maintenance,,UNKNOWN,UNKNOWN,UNKNOWN,None reported / Equipment stoppage or minor disruption.,,False,BRONZE,QUARANTINED
EVT-IMCA-2071,NEAR_MISS,International Marine Contractors Association (IMCA),SRC-IMCA-2071,2006-06-21,UNKNOWN,International Marine & Offshore,General Industrial / Offshore Operations,,UNKNOWN,UNKNOWN,UNKNOWN,No injuries occurred (Near Miss / Potential Consequence only).,None,False,BRONZE,QUARANTINED
EVT-IMCA-2072,NEAR_MISS,International Marine Contractors Association (IMCA),SRC-IMCA-2072,2006-06-21,UNKNOWN,International Marine & Offshore,Piping & Pressure Maintenance,,UNKNOWN,UNKNOWN,UNKNOWN,None reported / Equipment stoppage or minor disruption.,,False,BRONZE,QUARANTINED
EVT-IMCA-2073,NEAR_MISS,International Marine Contractors Association (IMCA),SRC-IMCA-2073,2006-06-21,UNKNOWN,International Marine & Offshore,General Industrial / Offshore Operations,,UNKNOWN,UNKNOWN,UNKNOWN,None reported / Equipment stoppage or minor disruption.,,False,BRONZE,QUARANTINED
EVT-IMCA-2074,NEAR_MISS,International Marine Contractors Association (IMCA),SRC-IMCA-2074,2006-06-21,UNKNOWN,International Marine & Offshore,Lifting & Rigging Operations,crane,UNKNOWN,UNKNOWN,UNKNOWN,None reported / Equipment stoppage or minor disruption.,,False,BRONZE,QUARANTINED
EVT-IMCA-2075,NEAR_MISS,International Marine Contractors Association (IMCA),SRC-IMCA-2075,2006-06-20,Offshore Fixed Platform,International Marine & Offshore,General Industrial / Offshore Operations,,UNKNOWN,UNKNOWN,UNKNOWN,No injuries occurred (Near Miss / Potential Consequence only).,None,False,BRONZE,QUARANTINED
EVT-IMCA-2076,NEAR_MISS,International Marine Contractors Association (IMCA),SRC-IMCA-2076,2006-06-20,UNKNOWN,International Marine & Offshore,General Industrial / Offshore Operations,flare,THERMAL,UNKNOWN,UNKNOWN,None reported / Equipment stoppage or minor disruption.,,False,BRONZE,QUARANTINED
EVT-IMCA-2077,INCIDENT,International Marine Contractors Association (IMCA),SRC-IMCA-2077,2006-04-30,UNKNOWN,International Marine & Offshore,General Industrial / Offshore Operations,,THERMAL,UNKNOWN,UNKNOWN,None reported / Equipment stoppage or minor disruption.,,False,BRONZE,QUARANTINED
EVT-IMCA-2078,INCIDENT,International Marine Contractors Association (IMCA),SRC-IMCA-2078,2006-04-30,UNKNOWN,International Marine & Offshore,General Industrial / Offshore Operations,pump,THERMAL,TRUE,DERIVED,None reported / Equipment stoppage or minor disruption.,,False,BRONZE,QUARANTINED
EVT-IMCA-2079,NEAR_MISS,International Marine Contractors Association (IMCA),SRC-IMCA-2079,2006-04-30,UNKNOWN,International Marine & Offshore,General Industrial / Offshore Operations,,UNKNOWN,UNKNOWN,UNKNOWN,None reported / Equipment stoppage or minor disruption.,,False,BRONZE,QUARANTINED
EVT-IMCA-2080,INCIDENT,International Marine Contractors Association (IMCA),SRC-IMCA-2080,2006-04-30,UNKNOWN,International Marine & Offshore,Subsea & Diving Operations,,UNKNOWN,UNKNOWN,UNKNOWN,None reported / Equipment stoppage or minor disruption.,,False,BRONZE,QUARANTINED
EVT-IMCA-2081,INCIDENT,International Marine Contractors Association (IMCA),SRC-IMCA-2081,2006-03-31,UNKNOWN,International Marine & Offshore,General Industrial / Offshore Operations,falling object,GRAVITATIONAL,TRUE,EXPLICIT,Fatal injury occurred.,Fatal injury,True,BRONZE,QUARANTINED
EVT-IMCA-2082,INCIDENT,International Marine Contractors Association (IMCA),SRC-IMCA-2082,2006-03-31,UNKNOWN,International Marine & Offshore,Marine & Vessel Operations,,UNKNOWN,UNKNOWN,UNKNOWN,None reported / Equipment stoppage or minor disruption.,,False,BRONZE,QUARANTINED
EVT-IMCA-2083,NEAR_MISS,International Marine Contractors Association (IMCA),SRC-IMCA-2083,2006-02-28,UNKNOWN,International Marine & Offshore,General Industrial / Offshore Operations,,UNKNOWN,UNKNOWN,UNKNOWN,None reported / Equipment stoppage or minor disruption.,,False,BRONZE,QUARANTINED
EVT-IMCA-2084,NEAR_MISS,International Marine Contractors Association (IMCA),SRC-IMCA-2084,2006-02-27,UNKNOWN,International Marine & Offshore,Lifting & Rigging Operations,falling object,GRAVITATIONAL,UNKNOWN,UNKNOWN,None reported / Equipment stoppage or minor disruption.,,False,BRONZE,QUARANTINED
EVT-IMCA-2085,INCIDENT,International Marine Contractors Association (IMCA),SRC-IMCA-2085,2006-02-27,UNKNOWN,International Marine & Offshore,General Industrial / Offshore Operations,,UNKNOWN,UNKNOWN,UNKNOWN,Fatal injury occurred.,Fatal injury,True,BRONZE,QUARANTINED
EVT-IMCA-2086,NEAR_MISS,International Marine Contractors Association (IMCA),SRC-IMCA-2086,2006-02-27,UNKNOWN,International Marine & Offshore,Marine & Vessel Operations,,UNKNOWN,UNKNOWN,UNKNOWN,None reported / Equipment stoppage or minor disruption.,,False,BRONZE,QUARANTINED
EVT-IMCA-2088,NEAR_MISS,International Marine Contractors Association (IMCA),SRC-IMCA-2088,2006-01-31,UNKNOWN,International Marine & Offshore,General Industrial / Offshore Operations,,UNKNOWN,UNKNOWN,UNKNOWN,None reported / Equipment stoppage or minor disruption.,,False,BRONZE,QUARANTINED
EVT-IMCA-2089,INCIDENT,International Marine Contractors Association (IMCA),SRC-IMCA-2089,2006-01-31,UNKNOWN,International Marine & Offshore,General Industrial / Offshore Operations,,GRAVITATIONAL,TRUE,EXPLICIT,Fatal injury occurred.,Fatal injury,True,BRONZE,QUARANTINED
EVT-IMCA-2090,NEAR_MISS,International Marine Contractors Association (IMCA),SRC-IMCA-2090,2006-01-31,UNKNOWN,International Marine & Offshore,Lifting & Rigging Operations,crane,GRAVITATIONAL,UNKNOWN,UNKNOWN,None reported / Equipment stoppage or minor disruption.,,False,BRONZE,QUARANTINED
EVT-IMCA-2091,NEAR_MISS,International Marine Contractors Association (IMCA),SRC-IMCA-2091,2006-01-31,UNKNOWN,International Marine & Offshore,General Industrial / Offshore Operations,,GRAVITATIONAL,UNKNOWN,UNKNOWN,None reported / Equipment stoppage or minor disruption.,,False,BRONZE,QUARANTINED
EVT-IMCA-2092,NEAR_MISS,International Marine Contractors Association (IMCA),SRC-IMCA-2092,2006-01-31,UNKNOWN,International Marine & Offshore,Piping & Pressure Maintenance,falling object,GRAVITATIONAL,FALSE,DERIVED,None reported / Equipment stoppage or minor disruption.,,False,BRONZE,QUARANTINED
EVT-IMCA-2093,NEAR_MISS,International Marine Contractors Association (IMCA),SRC-IMCA-2093,2006-01-01,UNKNOWN,International Marine & Offshore,General Industrial / Offshore Operations,,PRESSURE,UNKNOWN,UNKNOWN,No injuries occurred (Near Miss / Potential Consequence only).,None,False,BRONZE,QUARANTINED
EVT-IMCA-2094,NEAR_MISS,International Marine Contractors Association (IMCA),SRC-IMCA-2094,2005-12-30,UNKNOWN,International Marine & Offshore,General Industrial / Offshore Operations,,UNKNOWN,UNKNOWN,UNKNOWN,None reported / Equipment stoppage or minor disruption.,,False,BRONZE,QUARANTINED
EVT-IMCA-2095,INCIDENT,International Marine Contractors Association (IMCA),SRC-IMCA-2095,2005-12-30,UNKNOWN,International Marine & Offshore,Lifting & Rigging Operations,crane,UNKNOWN,TRUE,EXPLICIT,Fatal injury occurred.,Fatal injury,True,BRONZE,QUARANTINED
EVT-IMCA-2096,INCIDENT,International Marine Contractors Association (IMCA),SRC-IMCA-2096,2005-11-30,UNKNOWN,International Marine & Offshore,Piping & Pressure Maintenance,,THERMAL,UNKNOWN,UNKNOWN,None reported / Equipment stoppage or minor disruption.,,False,BRONZE,QUARANTINED
EVT-IMCA-2097,NEAR_MISS,International Marine Contractors Association (IMCA),SRC-IMCA-2097,2005-11-30,UNKNOWN,International Marine & Offshore,Subsea & Diving Operations,,UNKNOWN,UNKNOWN,UNKNOWN,No injuries occurred (Near Miss / Potential Consequence only).,None,False,BRONZE,QUARANTINED
EVT-IMCA-2098,NEAR_MISS,International Marine Contractors Association (IMCA),SRC-IMCA-2098,2005-11-30,UNKNOWN,International Marine & Offshore,Subsea & Diving Operations,,UNKNOWN,UNKNOWN,UNKNOWN,No injuries occurred (Near Miss / Potential Consequence only).,None,False,BRONZE,QUARANTINED
EVT-IMCA-2099,NEAR_MISS,International Marine Contractors Association (IMCA),SRC-IMCA-2099,2005-11-30,UNKNOWN,International Marine & Offshore,Subsea & Diving Operations,,UNKNOWN,UNKNOWN,UNKNOWN,No injuries occurred (Near Miss / Potential Consequence only).,None,False,BRONZE,QUARANTINED
EVT-IMCA-2100,NEAR_MISS,International Marine Contractors Association (IMCA),SRC-IMCA-2100,2005-11-30,UNKNOWN,International Marine & Offshore,Lifting & Rigging Operations,,UNKNOWN,UNKNOWN,UNKNOWN,No injuries occurred (Near Miss / Potential Consequence only).,None,False,BRONZE,QUARANTINED
EVT-IMCA-2101,NEAR_MISS,International Marine Contractors Association (IMCA),SRC-IMCA-2101,2005-11-30,UNKNOWN,International Marine & Offshore,Subsea & Diving Operations,,UNKNOWN,UNKNOWN,UNKNOWN,No injuries occurred (Near Miss / Potential Consequence only).,None,False,BRONZE,QUARANTINED
EVT-IMCA-2102,INCIDENT,International Marine Contractors Association (IMCA),SRC-IMCA-2102,2005-10-31,UNKNOWN,International Marine & Offshore,General Industrial / Offshore Operations,,THERMAL,UNKNOWN,UNKNOWN,None reported / Equipment stoppage or minor disruption.,,False,BRONZE,QUARANTINED
EVT-IMCA-2103,INCIDENT,International Marine Contractors Association (IMCA),SRC-IMCA-2103,2005-10-31,UNKNOWN,International Marine & Offshore,General Industrial / Offshore Operations,,THERMAL,UNKNOWN,UNKNOWN,None reported / Equipment stoppage or minor disruption.,,False,BRONZE,QUARANTINED
EVT-IMCA-2104,INCIDENT,International Marine Contractors Association (IMCA),SRC-IMCA-2104,2005-10-31,UNKNOWN,International Marine & Offshore,General Industrial / Offshore Operations,,THERMAL,UNKNOWN,UNKNOWN,None reported / Equipment stoppage or minor disruption.,,False,BRONZE,QUARANTINED
EVT-IMCA-2105,NEAR_MISS,International Marine Contractors Association (IMCA),SRC-IMCA-2105,2005-10-31,Barge,International Marine & Offshore,Lifting & Rigging Operations,crane,UNKNOWN,UNKNOWN,UNKNOWN,No injuries occurred (Near Miss / Potential Consequence only).,None,False,BRONZE,QUARANTINED
EVT-IMCA-2106,NEAR_MISS,International Marine Contractors Association (IMCA),SRC-IMCA-2106,2005-10-31,Barge,International Marine & Offshore,Lifting & Rigging Operations,crane,UNKNOWN,UNKNOWN,UNKNOWN,No injuries occurred (Near Miss / Potential Consequence only).,None,False,BRONZE,QUARANTINED
EVT-IMCA-2107,NEAR_MISS,International Marine Contractors Association (IMCA),SRC-IMCA-2107,2005-07-29,UNKNOWN,International Marine & Offshore,Subsea & Diving Operations,,UNKNOWN,UNKNOWN,UNKNOWN,None reported / Equipment stoppage or minor disruption.,,False,BRONZE,QUARANTINED
EVT-IMCA-2108,NEAR_MISS,International Marine Contractors Association (IMCA),SRC-IMCA-2108,2005-07-29,UNKNOWN,International Marine & Offshore,Subsea & Diving Operations,,UNKNOWN,UNKNOWN,UNKNOWN,None reported / Equipment stoppage or minor disruption.,,False,BRONZE,QUARANTINED
EVT-IMCA-2109,NEAR_MISS,International Marine Contractors Association (IMCA),SRC-IMCA-2109,2005-07-29,UNKNOWN,International Marine & Offshore,Subsea & Diving Operations,,UNKNOWN,UNKNOWN,UNKNOWN,None reported / Equipment stoppage or minor disruption.,,False,BRONZE,QUARANTINED
EVT-IMCA-2110,NEAR_MISS,International Marine Contractors Association (IMCA),SRC-IMCA-2110,2005-07-29,UNKNOWN,International Marine & Offshore,Piping & Pressure Maintenance,,UNKNOWN,UNKNOWN,UNKNOWN,None reported / Equipment stoppage or minor disruption.,,False,BRONZE,QUARANTINED
EVT-IMCA-2111,INCIDENT,International Marine Contractors Association (IMCA),SRC-IMCA-2111,2005-07-29,UNKNOWN,International Marine & Offshore,Lifting & Rigging Operations,crane,UNKNOWN,UNKNOWN,UNKNOWN,None reported / Equipment stoppage or minor disruption.,,False,BRONZE,QUARANTINED
EVT-IMCA-2112,NEAR_MISS,International Marine Contractors Association (IMCA),SRC-IMCA-2112,2005-05-02,UNKNOWN,International Marine & Offshore,Hot Work Operations,,UNKNOWN,UNKNOWN,UNKNOWN,None reported / Equipment stoppage or minor disruption.,,False,BRONZE,QUARANTINED
EVT-IMCA-2113,NEAR_MISS,International Marine Contractors Association (IMCA),SRC-IMCA-2113,2005-05-02,UNKNOWN,International Marine & Offshore,Subsea & Diving Operations,,UNKNOWN,UNKNOWN,UNKNOWN,Minor injury requiring first aid or medical attention.,First aid / minor laceration or contusion,False,BRONZE,QUARANTINED
EVT-IMCA-2114,NEAR_MISS,International Marine Contractors Association (IMCA),SRC-IMCA-2114,2005-05-02,UNKNOWN,International Marine & Offshore,Subsea & Diving Operations,,UNKNOWN,UNKNOWN,UNKNOWN,No injuries occurred (Near Miss / Potential Consequence only).,None,False,BRONZE,QUARANTINED
EVT-IMCA-2115,NEAR_MISS,International Marine Contractors Association (IMCA),SRC-IMCA-2115,2005-05-02,UNKNOWN,International Marine & Offshore,Subsea & Diving Operations,vehicle,KINETIC,UNKNOWN,UNKNOWN,None reported / Equipment stoppage or minor disruption.,,False,BRONZE,QUARANTINED
EVT-IMCA-2116,NEAR_MISS,International Marine Contractors Association (IMCA),SRC-IMCA-2116,2005-05-02,UNKNOWN,International Marine & Offshore,General Industrial / Offshore Operations,,UNKNOWN,UNKNOWN,UNKNOWN,None reported / Equipment stoppage or minor disruption.,,False,BRONZE,QUARANTINED
EVT-IMCA-2117,NEAR_MISS,International Marine Contractors Association (IMCA),SRC-IMCA-2117,2005-04-01,UNKNOWN,International Marine & Offshore,Marine & Vessel Operations,,PRESSURE,UNKNOWN,UNKNOWN,None reported / Equipment stoppage or minor disruption.,,False,BRONZE,QUARANTINED
EVT-IMCA-2118,NEAR_MISS,International Marine Contractors Association (IMCA),SRC-IMCA-2118,2005-04-01,UNKNOWN,International Marine & Offshore,Subsea & Diving Operations,,UNKNOWN,UNKNOWN,UNKNOWN,None reported / Equipment stoppage or minor disruption.,,False,BRONZE,QUARANTINED
EVT-IMCA-2119,NEAR_MISS,International Marine Contractors Association (IMCA),SRC-IMCA-2119,2005-04-01,UNKNOWN,International Marine & Offshore,General Industrial / Offshore Operations,,UNKNOWN,UNKNOWN,UNKNOWN,None reported / Equipment stoppage or minor disruption.,,False,BRONZE,QUARANTINED
EVT-IMCA-2120,NEAR_MISS,International Marine Contractors Association (IMCA),SRC-IMCA-2120,2005-03-02,UNKNOWN,International Marine & Offshore,General Industrial / Offshore Operations,,PRESSURE,UNKNOWN,UNKNOWN,None reported / Equipment stoppage or minor disruption.,,False,BRONZE,QUARANTINED
EVT-IMCA-2121,INCIDENT,International Marine Contractors Association (IMCA),SRC-IMCA-2121,2005-03-01,UNKNOWN,International Marine & Offshore,General Industrial / Offshore Operations,,UNKNOWN,UNKNOWN,UNKNOWN,None reported / Equipment stoppage or minor disruption.,,False,BRONZE,QUARANTINED
EVT-IMCA-2122,INCIDENT,International Marine Contractors Association (IMCA),SRC-IMCA-2122,2005-03-01,UNKNOWN,International Marine & Offshore,Hot Work Operations,,UNKNOWN,UNKNOWN,UNKNOWN,Minor injury requiring first aid or medical attention.,First aid / minor laceration or contusion,False,BRONZE,QUARANTINED
EVT-IMCA-2123,INCIDENT,International Marine Contractors Association (IMCA),SRC-IMCA-2123,2005-03-01,UNKNOWN,International Marine & Offshore,Drilling & Well Intervention,,PRESSURE,UNKNOWN,UNKNOWN,Hydrocarbon gas leak occurred during sensor removal.,,False,BRONZE,QUARANTINED
EVT-IMCA-2124,INCIDENT,International Marine Contractors Association (IMCA),SRC-IMCA-2124,2005-03-01,UNKNOWN,International Marine & Offshore,Drilling & Well Intervention,,PRESSURE,UNKNOWN,UNKNOWN,None reported / Equipment stoppage or minor disruption.,,False,BRONZE,QUARANTINED
EVT-IMCA-2125,NEAR_MISS,International Marine Contractors Association (IMCA),SRC-IMCA-2125,2005-03-01,Offshore Fixed Platform,International Marine & Offshore,General Industrial / Offshore Operations,,UNKNOWN,UNKNOWN,UNKNOWN,None reported / Equipment stoppage or minor disruption.,,False,BRONZE,QUARANTINED
EVT-IMCA-2126,INCIDENT,International Marine Contractors Association (IMCA),SRC-IMCA-2126,2005-03-01,UNKNOWN,International Marine & Offshore,Subsea & Diving Operations,,THERMAL,TRUE,DERIVED,Minor injury requiring first aid or medical attention.,First aid / minor laceration or contusion,False,BRONZE,QUARANTINED
EVT-IMCA-2127,NEAR_MISS,International Marine Contractors Association (IMCA),SRC-IMCA-2127,2005-03-01,UNKNOWN,International Marine & Offshore,General Industrial / Offshore Operations,,PRESSURE,UNKNOWN,UNKNOWN,None reported / Equipment stoppage or minor disruption.,,False,BRONZE,QUARANTINED
EVT-IMCA-2128,INCIDENT,International Marine Contractors Association (IMCA),SRC-IMCA-2128,2005-03-01,UNKNOWN,International Marine & Offshore,Drilling & Well Intervention,,UNKNOWN,TRUE,EXPLICIT,Fatal injury occurred.,Fatal injury,True,BRONZE,QUARANTINED
EVT-IMCA-2129,INCIDENT,International Marine Contractors Association (IMCA),SRC-IMCA-2129,2005-03-01,Diving Support Vessel (DSV),International Marine & Offshore,Subsea & Diving Operations,,THERMAL,UNKNOWN,UNKNOWN,None reported / Equipment stoppage or minor disruption.,,False,BRONZE,QUARANTINED
EVT-IMCA-2130,NEAR_MISS,International Marine Contractors Association (IMCA),SRC-IMCA-2130,2005-03-01,UNKNOWN,International Marine & Offshore,Lifting & Rigging Operations,lift / elevator,UNKNOWN,UNKNOWN,UNKNOWN,None reported / Equipment stoppage or minor disruption.,,False,BRONZE,QUARANTINED
EVT-IMCA-2131,INCIDENT,International Marine Contractors Association (IMCA),SRC-IMCA-2131,2005-03-01,UNKNOWN,International Marine & Offshore,Hot Work Operations,,UNKNOWN,TRUE,EXPLICIT,Fatal injury occurred.,Fatal injury,True,BRONZE,QUARANTINED
EVT-IMCA-2132,INCIDENT,International Marine Contractors Association (IMCA),SRC-IMCA-2132,2005-03-01,UNKNOWN,International Marine & Offshore,Subsea & Diving Operations,,UNKNOWN,TRUE,EXPLICIT,Fatal injury occurred.,Fatal injury,True,BRONZE,QUARANTINED
EVT-IMCA-2133,INCIDENT,International Marine Contractors Association (IMCA),SRC-IMCA-2133,2005-03-01,UNKNOWN,International Marine & Offshore,General Industrial / Offshore Operations,,UNKNOWN,UNKNOWN,UNKNOWN,None reported / Equipment stoppage or minor disruption.,,False,BRONZE,QUARANTINED
EVT-IMCA-2134,NEAR_MISS,International Marine Contractors Association (IMCA),SRC-IMCA-2134,2005-03-01,UNKNOWN,International Marine & Offshore,General Industrial / Offshore Operations,,PRESSURE,UNKNOWN,UNKNOWN,None reported / Equipment stoppage or minor disruption.,,False,BRONZE,QUARANTINED
EVT-IMCA-2135,INCIDENT,International Marine Contractors Association (IMCA),SRC-IMCA-2135,2005-02-01,UNKNOWN,International Marine & Offshore,Subsea & Diving Operations,,THERMAL,UNKNOWN,UNKNOWN,Fatal injury occurred.,Fatal injury,True,BRONZE,QUARANTINED
EVT-IMCA-2136,NEAR_MISS,International Marine Contractors Association (IMCA),SRC-IMCA-2136,2005-02-01,UNKNOWN,International Marine & Offshore,General Industrial / Offshore Operations,,UNKNOWN,TRUE,EXPLICIT,None reported / Equipment stoppage or minor disruption.,,False,BRONZE,QUARANTINED
EVT-IMCA-2137,INCIDENT,International Marine Contractors Association (IMCA),SRC-IMCA-2137,2005-02-01,UNKNOWN,International Marine & Offshore,Subsea & Diving Operations,,THERMAL,UNKNOWN,UNKNOWN,None reported / Equipment stoppage or minor disruption.,,False,BRONZE,QUARANTINED
EVT-IMCA-2138,NEAR_MISS,International Marine Contractors Association (IMCA),SRC-IMCA-2138,2005-02-01,UNKNOWN,International Marine & Offshore,Subsea & Diving Operations,,UNKNOWN,UNKNOWN,UNKNOWN,None reported / Equipment stoppage or minor disruption.,,False,BRONZE,QUARANTINED
EVT-IMCA-2139,NEAR_MISS,International Marine Contractors Association (IMCA),SRC-IMCA-2139,2005-01-03,UNKNOWN,International Marine & Offshore,Lifting & Rigging Operations,,UNKNOWN,UNKNOWN,UNKNOWN,None reported / Equipment stoppage or minor disruption.,,False,BRONZE,QUARANTINED
EVT-IMCA-2140,INCIDENT,International Marine Contractors Association (IMCA),SRC-IMCA-2140,2005-01-03,UNKNOWN,International Marine & Offshore,Subsea & Diving Operations,,THERMAL,UNKNOWN,UNKNOWN,None reported / Equipment stoppage or minor disruption.,,False,BRONZE,QUARANTINED
EVT-IMCA-2141,INCIDENT,International Marine Contractors Association (IMCA),SRC-IMCA-2141,2005-01-03,UNKNOWN,International Marine & Offshore,Lifting & Rigging Operations,,THERMAL,UNKNOWN,UNKNOWN,None reported / Equipment stoppage or minor disruption.,,False,BRONZE,QUARANTINED
EVT-IMCA-2142,INCIDENT,International Marine Contractors Association (IMCA),SRC-IMCA-2142,2005-01-03,UNKNOWN,International Marine & Offshore,Subsea & Diving Operations,,THERMAL,UNKNOWN,UNKNOWN,None reported / Equipment stoppage or minor disruption.,,False,BRONZE,QUARANTINED
EVT-IMCA-2143,NEAR_MISS,International Marine Contractors Association (IMCA),SRC-IMCA-2143,2005-01-03,UNKNOWN,International Marine & Offshore,Subsea & Diving Operations,,THERMAL,UNKNOWN,UNKNOWN,None reported / Equipment stoppage or minor disruption.,,False,BRONZE,QUARANTINED
EVT-IMCA-2144,NEAR_MISS,International Marine Contractors Association (IMCA),SRC-IMCA-2144,2005-01-03,UNKNOWN,International Marine & Offshore,Subsea & Diving Operations,,THERMAL,UNKNOWN,UNKNOWN,None reported / Equipment stoppage or minor disruption.,,False,BRONZE,QUARANTINED
EVT-IMCA-2145,NEAR_MISS,International Marine Contractors Association (IMCA),SRC-IMCA-2145,2004-12-02,UNKNOWN,International Marine & Offshore,General Industrial / Offshore Operations,,UNKNOWN,UNKNOWN,UNKNOWN,None reported / Equipment stoppage or minor disruption.,,False,BRONZE,QUARANTINED
EVT-IMCA-2146,NEAR_MISS,International Marine Contractors Association (IMCA),SRC-IMCA-2146,2004-12-01,UNKNOWN,International Marine & Offshore,Subsea & Diving Operations,,UNKNOWN,UNKNOWN,UNKNOWN,None reported / Equipment stoppage or minor disruption.,,False,BRONZE,QUARANTINED
EVT-IMCA-2147,INCIDENT,International Marine Contractors Association (IMCA),SRC-IMCA-2147,2004-12-01,UNKNOWN,International Marine & Offshore,General Industrial / Offshore Operations,scaffold,GRAVITATIONAL,TRUE,EXPLICIT,Fatal injury occurred.,Fatal injury,True,BRONZE,QUARANTINED
EVT-IMCA-2148,NEAR_MISS,International Marine Contractors Association (IMCA),SRC-IMCA-2148,2004-12-01,UNKNOWN,International Marine & Offshore,General Industrial / Offshore Operations,,UNKNOWN,UNKNOWN,UNKNOWN,None reported / Equipment stoppage or minor disruption.,,False,BRONZE,QUARANTINED
EVT-IMCA-2149,INCIDENT,International Marine Contractors Association (IMCA),SRC-IMCA-2149,2004-12-01,UNKNOWN,International Marine & Offshore,General Industrial / Offshore Operations,,UNKNOWN,UNKNOWN,UNKNOWN,None reported / Equipment stoppage or minor disruption.,,False,BRONZE,QUARANTINED
EVT-IMCA-2150,NEAR_MISS,International Marine Contractors Association (IMCA),SRC-IMCA-2150,2004-12-01,UNKNOWN,International Marine & Offshore,General Industrial / Offshore Operations,,UNKNOWN,UNKNOWN,UNKNOWN,None reported / Equipment stoppage or minor disruption.,,False,BRONZE,QUARANTINED
EVT-IMCA-2151,NEAR_MISS,International Marine Contractors Association (IMCA),SRC-IMCA-2151,2004-10-01,UNKNOWN,International Marine & Offshore,Subsea & Diving Operations,,UNKNOWN,UNKNOWN,UNKNOWN,None reported / Equipment stoppage or minor disruption.,,False,BRONZE,QUARANTINED
EVT-IMCA-2152,NEAR_MISS,International Marine Contractors Association (IMCA),SRC-IMCA-2152,2004-10-01,UNKNOWN,International Marine & Offshore,Subsea & Diving Operations,,UNKNOWN,UNKNOWN,UNKNOWN,None reported / Equipment stoppage or minor disruption.,,False,BRONZE,QUARANTINED
EVT-IMCA-2153,NEAR_MISS,International Marine Contractors Association (IMCA),SRC-IMCA-2153,2004-10-01,UNKNOWN,International Marine & Offshore,General Industrial / Offshore Operations,,UNKNOWN,UNKNOWN,UNKNOWN,None reported / Equipment stoppage or minor disruption.,,False,BRONZE,QUARANTINED
EVT-IMCA-2154,INCIDENT,International Marine Contractors Association (IMCA),SRC-IMCA-2154,2004-08-02,UNKNOWN,International Marine & Offshore,Subsea & Diving Operations,valve,UNKNOWN,UNKNOWN,UNKNOWN,None reported / Equipment stoppage or minor disruption.,,False,BRONZE,QUARANTINED
EVT-IMCA-2155,NEAR_MISS,International Marine Contractors Association (IMCA),SRC-IMCA-2155,2004-08-02,UNKNOWN,International Marine & Offshore,General Industrial / Offshore Operations,,UNKNOWN,UNKNOWN,UNKNOWN,None reported / Equipment stoppage or minor disruption.,,False,BRONZE,QUARANTINED
EVT-IMCA-2156,NEAR_MISS,International Marine Contractors Association (IMCA),SRC-IMCA-2156,2004-08-01,UNKNOWN,International Marine & Offshore,Piping & Pressure Maintenance,valve,UNKNOWN,UNKNOWN,UNKNOWN,None reported / Equipment stoppage or minor disruption.,,False,BRONZE,QUARANTINED
EVT-IMCA-2157,NEAR_MISS,International Marine Contractors Association (IMCA),SRC-IMCA-2157,2004-07-01,UNKNOWN,International Marine & Offshore,General Industrial / Offshore Operations,,UNKNOWN,UNKNOWN,UNKNOWN,None reported / Equipment stoppage or minor disruption.,,False,BRONZE,QUARANTINED
EVT-IMCA-2158,NEAR_MISS,International Marine Contractors Association (IMCA),SRC-IMCA-2158,2004-06-01,UNKNOWN,International Marine & Offshore,General Industrial / Offshore Operations,,UNKNOWN,UNKNOWN,UNKNOWN,None reported / Equipment stoppage or minor disruption.,,False,BRONZE,QUARANTINED
EVT-IMCA-2159,INCIDENT,International Marine Contractors Association (IMCA),SRC-IMCA-2159,2004-06-01,UNKNOWN,International Marine & Offshore,General Industrial / Offshore Operations,,THERMAL,UNKNOWN,UNKNOWN,None reported / Equipment stoppage or minor disruption.,,False,BRONZE,QUARANTINED
EVT-IMCA-2160,NEAR_MISS,International Marine Contractors Association (IMCA),SRC-IMCA-2160,2004-06-01,UNKNOWN,International Marine & Offshore,Piping & Pressure Maintenance,,UNKNOWN,UNKNOWN,UNKNOWN,None reported / Equipment stoppage or minor disruption.,,False,BRONZE,QUARANTINED
EVT-IMCA-2161,NEAR_MISS,International Marine Contractors Association (IMCA),SRC-IMCA-2161,2004-06-01,UNKNOWN,International Marine & Offshore,General Industrial / Offshore Operations,,UNKNOWN,UNKNOWN,UNKNOWN,None reported / Equipment stoppage or minor disruption.,,False,BRONZE,QUARANTINED
EVT-IMCA-2162,NEAR_MISS,International Marine Contractors Association (IMCA),SRC-IMCA-2162,2004-06-01,UNKNOWN,International Marine & Offshore,General Industrial / Offshore Operations,,UNKNOWN,UNKNOWN,UNKNOWN,None reported / Equipment stoppage or minor disruption.,,False,BRONZE,QUARANTINED
EVT-IMCA-2163,NEAR_MISS,International Marine Contractors Association (IMCA),SRC-IMCA-2163,2004-06-01,UNKNOWN,International Marine & Offshore,General Industrial / Offshore Operations,,UNKNOWN,UNKNOWN,UNKNOWN,No injuries occurred (Near Miss / Potential Consequence only).,None,False,BRONZE,QUARANTINED
EVT-IMCA-2164,INCIDENT,International Marine Contractors Association (IMCA),SRC-IMCA-2164,2004-06-01,UNKNOWN,International Marine & Offshore,General Industrial / Offshore Operations,,THERMAL,UNKNOWN,UNKNOWN,None reported / Equipment stoppage or minor disruption.,,False,BRONZE,QUARANTINED
EVT-IMCA-2165,INCIDENT,International Marine Contractors Association (IMCA),SRC-IMCA-2165,2004-05-01,UNKNOWN,International Marine & Offshore,General Industrial / Offshore Operations,,UNKNOWN,UNKNOWN,UNKNOWN,None reported / Equipment stoppage or minor disruption.,,False,BRONZE,QUARANTINED
EVT-IMCA-2166,NEAR_MISS,International Marine Contractors Association (IMCA),SRC-IMCA-2166,2004-05-01,UNKNOWN,International Marine & Offshore,Lifting & Rigging Operations,,UNKNOWN,UNKNOWN,UNKNOWN,None reported / Equipment stoppage or minor disruption.,,False,BRONZE,QUARANTINED
EVT-IMCA-2167,NEAR_MISS,International Marine Contractors Association (IMCA),SRC-IMCA-2167,2004-05-01,UNKNOWN,International Marine & Offshore,General Industrial / Offshore Operations,,UNKNOWN,UNKNOWN,UNKNOWN,None reported / Equipment stoppage or minor disruption.,,False,BRONZE,QUARANTINED
EVT-IMCA-2168,NEAR_MISS,International Marine Contractors Association (IMCA),SRC-IMCA-2168,2004-03-01,UNKNOWN,International Marine & Offshore,General Industrial / Offshore Operations,,UNKNOWN,UNKNOWN,UNKNOWN,No injuries occurred (Near Miss / Potential Consequence only).,None,False,BRONZE,QUARANTINED
EVT-IMCA-2169,NEAR_MISS,International Marine Contractors Association (IMCA),SRC-IMCA-2169,2004-03-01,UNKNOWN,International Marine & Offshore,Piping & Pressure Maintenance,valve,UNKNOWN,UNKNOWN,UNKNOWN,No injuries occurred (Near Miss / Potential Consequence only).,None,False,BRONZE,QUARANTINED
EVT-IMCA-2170,NEAR_MISS,International Marine Contractors Association (IMCA),SRC-IMCA-2170,2004-03-01,UNKNOWN,International Marine & Offshore,General Industrial / Offshore Operations,hose,UNKNOWN,UNKNOWN,UNKNOWN,None reported / Equipment stoppage or minor disruption.,,False,BRONZE,QUARANTINED
EVT-IMCA-2171,NEAR_MISS,International Marine Contractors Association (IMCA),SRC-IMCA-2171,2004-03-01,UNKNOWN,International Marine & Offshore,General Industrial / Offshore Operations,hose,UNKNOWN,UNKNOWN,UNKNOWN,None reported / Equipment stoppage or minor disruption.,,False,BRONZE,QUARANTINED
EVT-IMCA-2172,NEAR_MISS,International Marine Contractors Association (IMCA),SRC-IMCA-2172,2004-03-01,UNKNOWN,International Marine & Offshore,Subsea & Diving Operations,,UNKNOWN,UNKNOWN,UNKNOWN,None reported / Equipment stoppage or minor disruption.,,False,BRONZE,QUARANTINED
EVT-IMCA-2173,NEAR_MISS,International Marine Contractors Association (IMCA),SRC-IMCA-2173,2004-03-01,UNKNOWN,International Marine & Offshore,General Industrial / Offshore Operations,,UNKNOWN,UNKNOWN,UNKNOWN,None reported / Equipment stoppage or minor disruption.,,False,BRONZE,QUARANTINED
EVT-IMCA-2174,NEAR_MISS,International Marine Contractors Association (IMCA),SRC-IMCA-2174,2004-03-01,UNKNOWN,International Marine & Offshore,General Industrial / Offshore Operations,,UNKNOWN,UNKNOWN,UNKNOWN,None reported / Equipment stoppage or minor disruption.,,False,BRONZE,QUARANTINED
EVT-IMCA-2175,NEAR_MISS,International Marine Contractors Association (IMCA),SRC-IMCA-2175,2004-03-01,Barge,International Marine & Offshore,General Industrial / Offshore Operations,,UNKNOWN,UNKNOWN,UNKNOWN,No injuries occurred (Near Miss / Potential Consequence only).,None,False,BRONZE,QUARANTINED
EVT-IMCA-2176,NEAR_MISS,International Marine Contractors Association (IMCA),SRC-IMCA-2176,2004-01-01,UNKNOWN,International Marine & Offshore,Subsea & Diving Operations,,UNKNOWN,UNKNOWN,UNKNOWN,None reported / Equipment stoppage or minor disruption.,,False,BRONZE,QUARANTINED
EVT-IMCA-2177,NEAR_MISS,International Marine Contractors Association (IMCA),SRC-IMCA-2177,2004-01-01,UNKNOWN,International Marine & Offshore,General Industrial / Offshore Operations,,UNKNOWN,UNKNOWN,UNKNOWN,No injuries occurred (Near Miss / Potential Consequence only).,None,False,BRONZE,QUARANTINED
EVT-IMCA-2178,NEAR_MISS,International Marine Contractors Association (IMCA),SRC-IMCA-2178,2003-12-01,UNKNOWN,International Marine & Offshore,Piping & Pressure Maintenance,valve,UNKNOWN,UNKNOWN,UNKNOWN,None reported / Equipment stoppage or minor disruption.,,False,BRONZE,QUARANTINED
EVT-IMCA-2179,NEAR_MISS,International Marine Contractors Association (IMCA),SRC-IMCA-2179,2003-12-01,UNKNOWN,International Marine & Offshore,General Industrial / Offshore Operations,,UNKNOWN,UNKNOWN,UNKNOWN,None reported / Equipment stoppage or minor disruption.,,False,BRONZE,QUARANTINED
EVT-IMCA-2180,NEAR_MISS,International Marine Contractors Association (IMCA),SRC-IMCA-2180,2003-12-01,UNKNOWN,International Marine & Offshore,Subsea & Diving Operations,,PRESSURE,UNKNOWN,UNKNOWN,None reported / Equipment stoppage or minor disruption.,,False,BRONZE,QUARANTINED
EVT-IMCA-2181,NEAR_MISS,International Marine Contractors Association (IMCA),SRC-IMCA-2181,2003-09-02,UNKNOWN,International Marine & Offshore,Subsea & Diving Operations,,UNKNOWN,UNKNOWN,UNKNOWN,No injuries occurred (Near Miss / Potential Consequence only).,None,False,BRONZE,QUARANTINED
EVT-IMCA-2182,INCIDENT,International Marine Contractors Association (IMCA),SRC-IMCA-2182,2003-09-02,UNKNOWN,International Marine & Offshore,General Industrial / Offshore Operations,,THERMAL,UNKNOWN,UNKNOWN,None reported / Equipment stoppage or minor disruption.,,False,BRONZE,QUARANTINED
EVT-IMCA-2183,NEAR_MISS,International Marine Contractors Association (IMCA),SRC-IMCA-2183,2003-09-01,UNKNOWN,International Marine & Offshore,General Industrial / Offshore Operations,,UNKNOWN,UNKNOWN,UNKNOWN,None reported / Equipment stoppage or minor disruption.,,False,BRONZE,QUARANTINED
EVT-IMCA-2184,NEAR_MISS,International Marine Contractors Association (IMCA),SRC-IMCA-2184,2003-09-01,UNKNOWN,International Marine & Offshore,General Industrial / Offshore Operations,,UNKNOWN,UNKNOWN,UNKNOWN,None reported / Equipment stoppage or minor disruption.,,False,BRONZE,QUARANTINED
EVT-IMCA-2185,INCIDENT,International Marine Contractors Association (IMCA),SRC-IMCA-2185,2003-09-01,UNKNOWN,International Marine & Offshore,Lifting & Rigging Operations,,THERMAL,UNKNOWN,UNKNOWN,None reported / Equipment stoppage or minor disruption.,,False,BRONZE,QUARANTINED
EVT-IMCA-2186,INCIDENT,International Marine Contractors Association (IMCA),SRC-IMCA-2186,2003-09-01,UNKNOWN,International Marine & Offshore,General Industrial / Offshore Operations,,THERMAL,UNKNOWN,UNKNOWN,None reported / Equipment stoppage or minor disruption.,,False,BRONZE,QUARANTINED
EVT-IMCA-2187,NEAR_MISS,International Marine Contractors Association (IMCA),SRC-IMCA-2187,2003-09-01,UNKNOWN,International Marine & Offshore,Marine & Vessel Operations,,UNKNOWN,UNKNOWN,UNKNOWN,None reported / Equipment stoppage or minor disruption.,,False,BRONZE,QUARANTINED
EVT-IMCA-2188,NEAR_MISS,International Marine Contractors Association (IMCA),SRC-IMCA-2188,2003-09-01,UNKNOWN,International Marine & Offshore,General Industrial / Offshore Operations,,UNKNOWN,UNKNOWN,UNKNOWN,None reported / Equipment stoppage or minor disruption.,,False,BRONZE,QUARANTINED
EVT-IMCA-2189,NEAR_MISS,International Marine Contractors Association (IMCA),SRC-IMCA-2189,2003-09-01,UNKNOWN,International Marine & Offshore,General Industrial / Offshore Operations,toxic,CHEMICAL,UNKNOWN,UNKNOWN,None reported / Equipment stoppage or minor disruption.,,False,BRONZE,QUARANTINED
EVT-IMCA-2190,NEAR_MISS,International Marine Contractors Association (IMCA),SRC-IMCA-2190,2003-08-02,UNKNOWN,International Marine & Offshore,General Industrial / Offshore Operations,,UNKNOWN,UNKNOWN,UNKNOWN,No injuries occurred (Near Miss / Potential Consequence only).,None,False,BRONZE,QUARANTINED
EVT-IMCA-2191,INCIDENT,International Marine Contractors Association (IMCA),SRC-IMCA-2191,2003-08-02,UNKNOWN,International Marine & Offshore,General Industrial / Offshore Operations,,GRAVITATIONAL,TRUE,EXPLICIT,Fatal injury occurred.,Fatal injury,True,BRONZE,QUARANTINED
EVT-IMCA-2192,INCIDENT,International Marine Contractors Association (IMCA),SRC-IMCA-2192,2003-08-02,UNKNOWN,International Marine & Offshore,Subsea & Diving Operations,,THERMAL,TRUE,EXPLICIT,Fatal injury occurred.,Fatal injury,True,BRONZE,QUARANTINED
EVT-IMCA-2193,NEAR_MISS,International Marine Contractors Association (IMCA),SRC-IMCA-2193,2003-08-02,UNKNOWN,International Marine & Offshore,Lifting & Rigging Operations,crane,UNKNOWN,UNKNOWN,UNKNOWN,None reported / Equipment stoppage or minor disruption.,,False,BRONZE,QUARANTINED
EVT-IMCA-2194,NEAR_MISS,International Marine Contractors Association (IMCA),SRC-IMCA-2194,2003-08-01,UNKNOWN,International Marine & Offshore,General Industrial / Offshore Operations,,UNKNOWN,UNKNOWN,UNKNOWN,None reported / Equipment stoppage or minor disruption.,,False,BRONZE,QUARANTINED
EVT-IMCA-2195,NEAR_MISS,International Marine Contractors Association (IMCA),SRC-IMCA-2195,2003-08-01,UNKNOWN,International Marine & Offshore,General Industrial / Offshore Operations,,PRESSURE,UNKNOWN,UNKNOWN,None reported / Equipment stoppage or minor disruption.,,False,BRONZE,QUARANTINED
EVT-IMCA-2196,NEAR_MISS,International Marine Contractors Association (IMCA),SRC-IMCA-2196,2003-08-01,UNKNOWN,International Marine & Offshore,General Industrial / Offshore Operations,,UNKNOWN,UNKNOWN,UNKNOWN,None reported / Equipment stoppage or minor disruption.,,False,BRONZE,QUARANTINED
EVT-IMCA-2197,NEAR_MISS,International Marine Contractors Association (IMCA),SRC-IMCA-2197,2003-08-01,UNKNOWN,International Marine & Offshore,General Industrial / Offshore Operations,,UNKNOWN,UNKNOWN,UNKNOWN,None reported / Equipment stoppage or minor disruption.,,False,BRONZE,QUARANTINED
EVT-IMCA-2198,NEAR_MISS,International Marine Contractors Association (IMCA),SRC-IMCA-2198,2003-08-01,UNKNOWN,International Marine & Offshore,General Industrial / Offshore Operations,,UNKNOWN,UNKNOWN,UNKNOWN,None reported / Equipment stoppage or minor disruption.,,False,BRONZE,QUARANTINED
EVT-IMCA-2199,NEAR_MISS,International Marine Contractors Association (IMCA),SRC-IMCA-2199,2003-08-01,UNKNOWN,International Marine & Offshore,Marine & Vessel Operations,,UNKNOWN,UNKNOWN,UNKNOWN,None reported / Equipment stoppage or minor disruption.,,False,BRONZE,QUARANTINED
EVT-IMCA-2200,NEAR_MISS,International Marine Contractors Association (IMCA),SRC-IMCA-2200,2003-08-01,UNKNOWN,International Marine & Offshore,General Industrial / Offshore Operations,,ELECTRICAL,UNKNOWN,UNKNOWN,None reported / Equipment stoppage or minor disruption.,,False,BRONZE,QUARANTINED
EVT-IMCA-2201,NEAR_MISS,International Marine Contractors Association (IMCA),SRC-IMCA-2201,2003-08-01,UNKNOWN,International Marine & Offshore,General Industrial / Offshore Operations,,UNKNOWN,UNKNOWN,UNKNOWN,None reported / Equipment stoppage or minor disruption.,,False,BRONZE,QUARANTINED
EVT-IMCA-2202,NEAR_MISS,International Marine Contractors Association (IMCA),SRC-IMCA-2202,2003-07-03,UNKNOWN,International Marine & Offshore,General Industrial / Offshore Operations,,UNKNOWN,UNKNOWN,UNKNOWN,None reported / Equipment stoppage or minor disruption.,,False,BRONZE,QUARANTINED
EVT-IMCA-2203,INCIDENT,International Marine Contractors Association (IMCA),SRC-IMCA-2203,2003-07-03,UNKNOWN,International Marine & Offshore,General Industrial / Offshore Operations,,PRESSURE,TRUE,EXPLICIT,Fatal injury occurred.,Fatal injury,True,BRONZE,QUARANTINED
EVT-IMCA-2204,INCIDENT,International Marine Contractors Association (IMCA),SRC-IMCA-2204,2003-07-03,UNKNOWN,International Marine & Offshore,Hot Work Operations,,UNKNOWN,UNKNOWN,UNKNOWN,Fatal injury occurred.,Fatal injury,True,BRONZE,QUARANTINED
EVT-IMCA-2205,INCIDENT,International Marine Contractors Association (IMCA),SRC-IMCA-2205,2003-07-03,UNKNOWN,International Marine & Offshore,General Industrial / Offshore Operations,,THERMAL,UNKNOWN,UNKNOWN,None reported / Equipment stoppage or minor disruption.,,False,BRONZE,QUARANTINED
EVT-IMCA-2206,NEAR_MISS,International Marine Contractors Association (IMCA),SRC-IMCA-2206,2003-07-03,UNKNOWN,International Marine & Offshore,General Industrial / Offshore Operations,,UNKNOWN,UNKNOWN,UNKNOWN,None reported / Equipment stoppage or minor disruption.,,False,BRONZE,QUARANTINED
EVT-IMCA-2207,NEAR_MISS,International Marine Contractors Association (IMCA),SRC-IMCA-2207,2003-07-03,UNKNOWN,International Marine & Offshore,General Industrial / Offshore Operations,,UNKNOWN,UNKNOWN,UNKNOWN,None reported / Equipment stoppage or minor disruption.,,False,BRONZE,QUARANTINED
EVT-IMCA-2208,NEAR_MISS,International Marine Contractors Association (IMCA),SRC-IMCA-2208,2003-07-02,UNKNOWN,International Marine & Offshore,General Industrial / Offshore Operations,,UNKNOWN,UNKNOWN,UNKNOWN,None reported / Equipment stoppage or minor disruption.,,False,BRONZE,QUARANTINED
EVT-IMCA-2209,UC,International Marine Contractors Association (IMCA),SRC-IMCA-2209,2003-07-02,UNKNOWN,International Marine & Offshore,General Industrial / Offshore Operations,,UNKNOWN,UNKNOWN,UNKNOWN,None reported / Equipment stoppage or minor disruption.,,False,BRONZE,QUARANTINED
EVT-IMCA-2210,INCIDENT,International Marine Contractors Association (IMCA),SRC-IMCA-2210,2003-07-02,Offshore Fixed Platform,International Marine & Offshore,General Industrial / Offshore Operations,,UNKNOWN,TRUE,EXPLICIT,Fatal injury occurred.,Fatal injury,True,BRONZE,QUARANTINED
EVT-IMCA-2211,INCIDENT,International Marine Contractors Association (IMCA),SRC-IMCA-2211,2003-07-02,UNKNOWN,International Marine & Offshore,General Industrial / Offshore Operations,,THERMAL,UNKNOWN,UNKNOWN,None reported / Equipment stoppage or minor disruption.,,False,BRONZE,QUARANTINED
EVT-IMCA-2212,NEAR_MISS,International Marine Contractors Association (IMCA),SRC-IMCA-2212,2003-07-01,UNKNOWN,International Marine & Offshore,General Industrial / Offshore Operations,,UNKNOWN,UNKNOWN,UNKNOWN,None reported / Equipment stoppage or minor disruption.,,False,BRONZE,QUARANTINED
EVT-IMCA-2213,NEAR_MISS,International Marine Contractors Association (IMCA),SRC-IMCA-2213,2003-07-01,UNKNOWN,International Marine & Offshore,General Industrial / Offshore Operations,,UNKNOWN,UNKNOWN,UNKNOWN,None reported / Equipment stoppage or minor disruption.,,False,BRONZE,QUARANTINED
EVT-IMCA-2214,NEAR_MISS,International Marine Contractors Association (IMCA),SRC-IMCA-2214,2003-07-01,UNKNOWN,International Marine & Offshore,General Industrial / Offshore Operations,,UNKNOWN,UNKNOWN,UNKNOWN,None reported / Equipment stoppage or minor disruption.,,False,BRONZE,QUARANTINED
EVT-IMCA-2215,NEAR_MISS,International Marine Contractors Association (IMCA),SRC-IMCA-2215,2003-07-01,UNKNOWN,International Marine & Offshore,General Industrial / Offshore Operations,,UNKNOWN,UNKNOWN,UNKNOWN,None reported / Equipment stoppage or minor disruption.,,False,BRONZE,QUARANTINED
EVT-IMCA-2216,NEAR_MISS,International Marine Contractors Association (IMCA),SRC-IMCA-2216,2003-07-01,UNKNOWN,International Marine & Offshore,General Industrial / Offshore Operations,,UNKNOWN,UNKNOWN,UNKNOWN,None reported / Equipment stoppage or minor disruption.,,False,BRONZE,QUARANTINED
EVT-IMCA-2217,INCIDENT,International Marine Contractors Association (IMCA),SRC-IMCA-2217,2003-07-01,UNKNOWN,International Marine & Offshore,General Industrial / Offshore Operations,hose,UNKNOWN,TRUE,EXPLICIT,Fatal injury occurred.,Fatal injury,True,BRONZE,QUARANTINED
EVT-IMCA-2218,NEAR_MISS,International Marine Contractors Association (IMCA),SRC-IMCA-2218,2003-06-01,UNKNOWN,International Marine & Offshore,General Industrial / Offshore Operations,,UNKNOWN,UNKNOWN,UNKNOWN,None reported / Equipment stoppage or minor disruption.,,False,BRONZE,QUARANTINED
EVT-IMCA-2219,INCIDENT,International Marine Contractors Association (IMCA),SRC-IMCA-2219,2003-06-01,UNKNOWN,International Marine & Offshore,General Industrial / Offshore Operations,,UNKNOWN,TRUE,EXPLICIT,Fatal injury occurred.,Fatal injury,True,BRONZE,QUARANTINED
EVT-IMCA-2220,NEAR_MISS,International Marine Contractors Association (IMCA),SRC-IMCA-2220,2003-06-01,UNKNOWN,International Marine & Offshore,General Industrial / Offshore Operations,pump,UNKNOWN,UNKNOWN,UNKNOWN,None reported / Equipment stoppage or minor disruption.,,False,BRONZE,QUARANTINED
EVT-IMCA-2221,NEAR_MISS,International Marine Contractors Association (IMCA),SRC-IMCA-2221,2003-06-01,UNKNOWN,International Marine & Offshore,Hot Work Operations,,UNKNOWN,UNKNOWN,UNKNOWN,Minor injury requiring first aid or medical attention.,First aid / minor laceration or contusion,False,BRONZE,QUARANTINED
EVT-IMCA-2222,NEAR_MISS,International Marine Contractors Association (IMCA),SRC-IMCA-2222,2003-06-01,UNKNOWN,International Marine & Offshore,Marine & Vessel Operations,,UNKNOWN,UNKNOWN,UNKNOWN,None reported / Equipment stoppage or minor disruption.,,False,BRONZE,QUARANTINED
EVT-IMCA-2223,INCIDENT,International Marine Contractors Association (IMCA),SRC-IMCA-2223,2003-06-01,UNKNOWN,International Marine & Offshore,General Industrial / Offshore Operations,,THERMAL,UNKNOWN,UNKNOWN,None reported / Equipment stoppage or minor disruption.,,False,BRONZE,QUARANTINED
EVT-IMCA-2224,NEAR_MISS,International Marine Contractors Association (IMCA),SRC-IMCA-2224,2003-06-01,UNKNOWN,International Marine & Offshore,General Industrial / Offshore Operations,,UNKNOWN,UNKNOWN,UNKNOWN,None reported / Equipment stoppage or minor disruption.,,False,BRONZE,QUARANTINED
EVT-IMCA-2225,NEAR_MISS,International Marine Contractors Association (IMCA),SRC-IMCA-2225,2003-06-01,UNKNOWN,International Marine & Offshore,General Industrial / Offshore Operations,winch,KINETIC,UNKNOWN,UNKNOWN,None reported / Equipment stoppage or minor disruption.,,False,BRONZE,QUARANTINED
EVT-IMCA-2226,NEAR_MISS,International Marine Contractors Association (IMCA),SRC-IMCA-2226,2003-06-01,UNKNOWN,International Marine & Offshore,General Industrial / Offshore Operations,,UNKNOWN,UNKNOWN,UNKNOWN,None reported / Equipment stoppage or minor disruption.,,False,BRONZE,QUARANTINED
EVT-IMCA-2227,INCIDENT,International Marine Contractors Association (IMCA),SRC-IMCA-2227,2003-05-01,UNKNOWN,International Marine & Offshore,Subsea & Diving Operations,,UNKNOWN,TRUE,EXPLICIT,Fatal injury occurred.,Fatal injury,True,BRONZE,QUARANTINED
EVT-IMCA-2228,NEAR_MISS,International Marine Contractors Association (IMCA),SRC-IMCA-2228,2003-04-01,UNKNOWN,International Marine & Offshore,General Industrial / Offshore Operations,,UNKNOWN,UNKNOWN,UNKNOWN,None reported / Equipment stoppage or minor disruption.,,False,BRONZE,QUARANTINED
EVT-IMCA-2229,NEAR_MISS,International Marine Contractors Association (IMCA),SRC-IMCA-2229,2003-04-01,UNKNOWN,International Marine & Offshore,Drilling & Well Intervention,,UNKNOWN,UNKNOWN,UNKNOWN,None reported / Equipment stoppage or minor disruption.,,False,BRONZE,QUARANTINED
EVT-IMCA-2230,NEAR_MISS,International Marine Contractors Association (IMCA),SRC-IMCA-2230,2003-04-01,UNKNOWN,International Marine & Offshore,Hot Work Operations,,UNKNOWN,UNKNOWN,UNKNOWN,Minor injury requiring first aid or medical attention.,First aid / minor laceration or contusion,False,BRONZE,QUARANTINED
EVT-IMCA-2231,INCIDENT,International Marine Contractors Association (IMCA),SRC-IMCA-2231,2003-04-01,UNKNOWN,International Marine & Offshore,General Industrial / Offshore Operations,,UNKNOWN,TRUE,EXPLICIT,Fatal injury occurred.,Fatal injury,True,BRONZE,QUARANTINED
EVT-IMCA-2232,INCIDENT,International Marine Contractors Association (IMCA),SRC-IMCA-2232,2003-04-01,UNKNOWN,International Marine & Offshore,Subsea & Diving Operations,,UNKNOWN,TRUE,EXPLICIT,Fatal injury occurred.,Fatal injury,True,BRONZE,QUARANTINED
EVT-IMCA-2233,NEAR_MISS,International Marine Contractors Association (IMCA),SRC-IMCA-2233,2003-04-01,UNKNOWN,International Marine & Offshore,Lifting & Rigging Operations,crane,UNKNOWN,UNKNOWN,UNKNOWN,None reported / Equipment stoppage or minor disruption.,,False,BRONZE,QUARANTINED
EVT-IMCA-2234,INCIDENT,International Marine Contractors Association (IMCA),SRC-IMCA-2234,2003-04-01,UNKNOWN,International Marine & Offshore,General Industrial / Offshore Operations,,UNKNOWN,TRUE,EXPLICIT,Fatal injury occurred.,Fatal injury,True,BRONZE,QUARANTINED
EVT-IMCA-2235,NEAR_MISS,International Marine Contractors Association (IMCA),SRC-IMCA-2235,2003-04-01,UNKNOWN,International Marine & Offshore,Marine & Vessel Operations,,UNKNOWN,UNKNOWN,UNKNOWN,None reported / Equipment stoppage or minor disruption.,,False,BRONZE,QUARANTINED
EVT-IMCA-2236,INCIDENT,International Marine Contractors Association (IMCA),SRC-IMCA-2236,2003-04-01,UNKNOWN,International Marine & Offshore,Lifting & Rigging Operations,lift / elevator,UNKNOWN,TRUE,EXPLICIT,Fatal injury occurred.,Fatal injury,True,BRONZE,QUARANTINED
EVT-IMCA-2237,NEAR_MISS,International Marine Contractors Association (IMCA),SRC-IMCA-2237,2003-02-01,UNKNOWN,International Marine & Offshore,General Industrial / Offshore Operations,,UNKNOWN,UNKNOWN,UNKNOWN,None reported / Equipment stoppage or minor disruption.,,False,BRONZE,QUARANTINED
EVT-IMCA-2238,NEAR_MISS,International Marine Contractors Association (IMCA),SRC-IMCA-2238,2003-02-01,UNKNOWN,International Marine & Offshore,Lifting & Rigging Operations,lift / elevator,UNKNOWN,UNKNOWN,UNKNOWN,None reported / Equipment stoppage or minor disruption.,,False,BRONZE,QUARANTINED
EVT-IMCA-2239,INCIDENT,International Marine Contractors Association (IMCA),SRC-IMCA-2239,2003-02-01,UNKNOWN,International Marine & Offshore,Marine & Vessel Operations,,UNKNOWN,TRUE,EXPLICIT,Fatal injury occurred.,Fatal injury,True,BRONZE,QUARANTINED
EVT-IMCA-2240,INCIDENT,International Marine Contractors Association (IMCA),SRC-IMCA-2240,2003-02-01,UNKNOWN,International Marine & Offshore,General Industrial / Offshore Operations,,UNKNOWN,TRUE,EXPLICIT,Fatal injury occurred.,Fatal injury,True,BRONZE,QUARANTINED
EVT-IMCA-2242,INCIDENT,International Marine Contractors Association (IMCA),SRC-IMCA-2242,2003-02-01,UNKNOWN,International Marine & Offshore,Hot Work Operations,,UNKNOWN,UNKNOWN,UNKNOWN,None reported / Equipment stoppage or minor disruption.,,False,BRONZE,QUARANTINED
EVT-IMCA-2243,INCIDENT,International Marine Contractors Association (IMCA),SRC-IMCA-2243,2003-02-01,UNKNOWN,International Marine & Offshore,General Industrial / Offshore Operations,vehicle,KINETIC,TRUE,DERIVED,None reported / Equipment stoppage or minor disruption.,,False,BRONZE,QUARANTINED
EVT-IMCA-2245,NEAR_MISS,International Marine Contractors Association (IMCA),SRC-IMCA-2245,2003-01-01,UNKNOWN,International Marine & Offshore,General Industrial / Offshore Operations,winch,KINETIC,UNKNOWN,UNKNOWN,No injuries occurred (Near Miss / Potential Consequence only).,None,False,BRONZE,QUARANTINED
EVT-IMCA-2246,INCIDENT,International Marine Contractors Association (IMCA),SRC-IMCA-2246,2003-01-01,UNKNOWN,International Marine & Offshore,General Industrial / Offshore Operations,,THERMAL,TRUE,DERIVED,None reported / Equipment stoppage or minor disruption.,,False,BRONZE,QUARANTINED
EVT-IMCA-2247,INCIDENT,International Marine Contractors Association (IMCA),SRC-IMCA-2247,2003-01-01,UNKNOWN,International Marine & Offshore,General Industrial / Offshore Operations,,UNKNOWN,TRUE,EXPLICIT,Fatal injury occurred.,Fatal injury,True,BRONZE,QUARANTINED
EVT-IMCA-2248,NEAR_MISS,International Marine Contractors Association (IMCA),SRC-IMCA-2248,2003-01-01,UNKNOWN,International Marine & Offshore,General Industrial / Offshore Operations,,UNKNOWN,UNKNOWN,UNKNOWN,None reported / Equipment stoppage or minor disruption.,,False,BRONZE,QUARANTINED
EVT-IMCA-2249,NEAR_MISS,International Marine Contractors Association (IMCA),SRC-IMCA-2249,2003-01-01,UNKNOWN,International Marine & Offshore,General Industrial / Offshore Operations,,UNKNOWN,UNKNOWN,UNKNOWN,None reported / Equipment stoppage or minor disruption.,,False,BRONZE,QUARANTINED
EVT-IMCA-2250,INCIDENT,International Marine Contractors Association (IMCA),SRC-IMCA-2250,2003-01-01,UNKNOWN,International Marine & Offshore,Subsea & Diving Operations,,UNKNOWN,TRUE,EXPLICIT,Fatal injury occurred.,Fatal injury,True,BRONZE,QUARANTINED
EVT-IMCA-2251,INCIDENT,International Marine Contractors Association (IMCA),SRC-IMCA-2251,2002-12-02,Offshore Fixed Platform,International Marine & Offshore,Lifting & Rigging Operations,,UNKNOWN,TRUE,EXPLICIT,Fatal injury occurred.,Fatal injury,True,BRONZE,QUARANTINED
EVT-IMCA-2252,NEAR_MISS,International Marine Contractors Association (IMCA),SRC-IMCA-2252,2002-12-01,UNKNOWN,International Marine & Offshore,Lifting & Rigging Operations,lift / elevator,UNKNOWN,UNKNOWN,UNKNOWN,None reported / Equipment stoppage or minor disruption.,,False,BRONZE,QUARANTINED
EVT-IMCA-2253,INCIDENT,International Marine Contractors Association (IMCA),SRC-IMCA-2253,2002-12-01,UNKNOWN,International Marine & Offshore,Lifting & Rigging Operations,,UNKNOWN,TRUE,EXPLICIT,Fatal injury occurred.,Fatal injury,True,BRONZE,QUARANTINED
EVT-IMCA-2254,NEAR_MISS,International Marine Contractors Association (IMCA),SRC-IMCA-2254,2002-12-01,UNKNOWN,International Marine & Offshore,Subsea & Diving Operations,,UNKNOWN,UNKNOWN,UNKNOWN,None reported / Equipment stoppage or minor disruption.,,False,BRONZE,QUARANTINED
EVT-IMCA-2255,NEAR_MISS,International Marine Contractors Association (IMCA),SRC-IMCA-2255,2002-12-01,UNKNOWN,International Marine & Offshore,General Industrial / Offshore Operations,,UNKNOWN,UNKNOWN,UNKNOWN,None reported / Equipment stoppage or minor disruption.,,False,BRONZE,QUARANTINED
EVT-IMCA-2256,NEAR_MISS,International Marine Contractors Association (IMCA),SRC-IMCA-2256,2002-12-01,UNKNOWN,International Marine & Offshore,General Industrial / Offshore Operations,,UNKNOWN,UNKNOWN,UNKNOWN,None reported / Equipment stoppage or minor disruption.,,False,BRONZE,QUARANTINED
EVT-IMCA-2257,INCIDENT,International Marine Contractors Association (IMCA),SRC-IMCA-2257,2002-10-01,UNKNOWN,International Marine & Offshore,Piping & Pressure Maintenance,,UNKNOWN,TRUE,EXPLICIT,Fatal injury occurred.,Fatal injury,True,BRONZE,QUARANTINED
EVT-IMCA-2258,NEAR_MISS,International Marine Contractors Association (IMCA),SRC-IMCA-2258,2002-10-01,UNKNOWN,International Marine & Offshore,Lifting & Rigging Operations,crane load,GRAVITATIONAL,UNKNOWN,UNKNOWN,None reported / Equipment stoppage or minor disruption.,,False,BRONZE,QUARANTINED
EVT-IMCA-2259,NEAR_MISS,International Marine Contractors Association (IMCA),SRC-IMCA-2259,2002-10-01,UNKNOWN,International Marine & Offshore,Marine & Vessel Operations,,UNKNOWN,UNKNOWN,UNKNOWN,None reported / Equipment stoppage or minor disruption.,,False,BRONZE,QUARANTINED
EVT-IMCA-2260,NEAR_MISS,International Marine Contractors Association (IMCA),SRC-IMCA-2260,2002-10-01,UNKNOWN,International Marine & Offshore,General Industrial / Offshore Operations,,PRESSURE,UNKNOWN,UNKNOWN,No injuries occurred (Near Miss / Potential Consequence only).,None,False,BRONZE,QUARANTINED
EVT-IMCA-2261,NEAR_MISS,International Marine Contractors Association (IMCA),SRC-IMCA-2261,2002-09-01,UNKNOWN,International Marine & Offshore,General Industrial / Offshore Operations,,UNKNOWN,UNKNOWN,UNKNOWN,None reported / Equipment stoppage or minor disruption.,,False,BRONZE,QUARANTINED
EVT-IMCA-2262,NEAR_MISS,International Marine Contractors Association (IMCA),SRC-IMCA-2262,2002-09-01,UNKNOWN,International Marine & Offshore,Marine & Vessel Operations,,UNKNOWN,UNKNOWN,UNKNOWN,None reported / Equipment stoppage or minor disruption.,,False,BRONZE,QUARANTINED
EVT-IMCA-2263,NEAR_MISS,International Marine Contractors Association (IMCA),SRC-IMCA-2263,2002-07-04,UNKNOWN,International Marine & Offshore,General Industrial / Offshore Operations,,UNKNOWN,UNKNOWN,UNKNOWN,None reported / Equipment stoppage or minor disruption.,,False,BRONZE,QUARANTINED
EVT-IMCA-2264,NEAR_MISS,International Marine Contractors Association (IMCA),SRC-IMCA-2264,2002-07-03,UNKNOWN,International Marine & Offshore,General Industrial / Offshore Operations,,UNKNOWN,UNKNOWN,UNKNOWN,None reported / Equipment stoppage or minor disruption.,,False,BRONZE,QUARANTINED
EVT-IMCA-2265,NEAR_MISS,International Marine Contractors Association (IMCA),SRC-IMCA-2265,2002-07-02,UNKNOWN,International Marine & Offshore,Marine & Vessel Operations,,UNKNOWN,UNKNOWN,UNKNOWN,None reported / Equipment stoppage or minor disruption.,,False,BRONZE,QUARANTINED
EVT-IMCA-2266,NEAR_MISS,International Marine Contractors Association (IMCA),SRC-IMCA-2266,2002-07-01,UNKNOWN,International Marine & Offshore,General Industrial / Offshore Operations,,UNKNOWN,UNKNOWN,UNKNOWN,None reported / Equipment stoppage or minor disruption.,,False,BRONZE,QUARANTINED
EVT-IMCA-2267,NEAR_MISS,International Marine Contractors Association (IMCA),SRC-IMCA-2267,2002-07-01,UNKNOWN,International Marine & Offshore,General Industrial / Offshore Operations,,UNKNOWN,UNKNOWN,UNKNOWN,None reported / Equipment stoppage or minor disruption.,,False,BRONZE,QUARANTINED
EVT-IMCA-2268,NEAR_MISS,International Marine Contractors Association (IMCA),SRC-IMCA-2268,2002-07-01,UNKNOWN,International Marine & Offshore,General Industrial / Offshore Operations,lift trolley,UNKNOWN,UNKNOWN,UNKNOWN,None reported / Equipment stoppage or minor disruption.,,False,BRONZE,QUARANTINED
EVT-IMCA-2269,NEAR_MISS,International Marine Contractors Association (IMCA),SRC-IMCA-2269,2002-07-01,UNKNOWN,International Marine & Offshore,Lifting & Rigging Operations,,UNKNOWN,UNKNOWN,UNKNOWN,None reported / Equipment stoppage or minor disruption.,,False,BRONZE,QUARANTINED
EVT-IMCA-2270,UC,International Marine Contractors Association (IMCA),SRC-IMCA-2270,2002-07-01,UNKNOWN,International Marine & Offshore,General Industrial / Offshore Operations,gas cylinder / bailout cylinder,UNKNOWN,UNKNOWN,UNKNOWN,None reported / Equipment stoppage or minor disruption.,,False,BRONZE,QUARANTINED
EVT-IMCA-2271,NEAR_MISS,International Marine Contractors Association (IMCA),SRC-IMCA-2271,2002-07-01,UNKNOWN,International Marine & Offshore,General Industrial / Offshore Operations,toxic,CHEMICAL,UNKNOWN,UNKNOWN,None reported / Equipment stoppage or minor disruption.,,False,BRONZE,QUARANTINED
EVT-IMCA-2272,NEAR_MISS,International Marine Contractors Association (IMCA),SRC-IMCA-2272,2002-06-01,UNKNOWN,International Marine & Offshore,General Industrial / Offshore Operations,,UNKNOWN,UNKNOWN,UNKNOWN,None reported / Equipment stoppage or minor disruption.,,False,BRONZE,QUARANTINED
EVT-IMCA-2273,NEAR_MISS,International Marine Contractors Association (IMCA),SRC-IMCA-2273,2002-04-01,UNKNOWN,International Marine & Offshore,General Industrial / Offshore Operations,,UNKNOWN,UNKNOWN,UNKNOWN,None reported / Equipment stoppage or minor disruption.,,False,BRONZE,QUARANTINED
EVT-IMCA-2274,NEAR_MISS,International Marine Contractors Association (IMCA),SRC-IMCA-2274,2002-04-01,UNKNOWN,International Marine & Offshore,General Industrial / Offshore Operations,,UNKNOWN,UNKNOWN,UNKNOWN,None reported / Equipment stoppage or minor disruption.,,False,BRONZE,QUARANTINED
EVT-IMCA-2275,INCIDENT,International Marine Contractors Association (IMCA),SRC-IMCA-2275,2002-04-01,UNKNOWN,International Marine & Offshore,Piping & Pressure Maintenance,hose,THERMAL,UNKNOWN,UNKNOWN,None reported / Equipment stoppage or minor disruption.,,False,BRONZE,QUARANTINED
EVT-IMCA-2276,NEAR_MISS,International Marine Contractors Association (IMCA),SRC-IMCA-2276,2002-04-01,UNKNOWN,International Marine & Offshore,Lifting & Rigging Operations,,UNKNOWN,UNKNOWN,UNKNOWN,None reported / Equipment stoppage or minor disruption.,,False,BRONZE,QUARANTINED
EVT-IMCA-2277,NEAR_MISS,International Marine Contractors Association (IMCA),SRC-IMCA-2277,2002-02-15,UNKNOWN,International Marine & Offshore,General Industrial / Offshore Operations,,UNKNOWN,UNKNOWN,UNKNOWN,None reported / Equipment stoppage or minor disruption.,,False,BRONZE,QUARANTINED
EVT-IMCA-2278,NEAR_MISS,International Marine Contractors Association (IMCA),SRC-IMCA-2278,2002-02-01,UNKNOWN,International Marine & Offshore,Subsea & Diving Operations,,UNKNOWN,UNKNOWN,UNKNOWN,None reported / Equipment stoppage or minor disruption.,,False,BRONZE,QUARANTINED
EVT-IMCA-2279,NEAR_MISS,International Marine Contractors Association (IMCA),SRC-IMCA-2279,2002-02-01,UNKNOWN,International Marine & Offshore,General Industrial / Offshore Operations,,UNKNOWN,UNKNOWN,UNKNOWN,No injuries occurred (Near Miss / Potential Consequence only).,None,False,BRONZE,QUARANTINED
EVT-IMCA-2280,UC,International Marine Contractors Association (IMCA),SRC-IMCA-2280,2002-01-01,UNKNOWN,International Marine & Offshore,General Industrial / Offshore Operations,,UNKNOWN,UNKNOWN,UNKNOWN,None reported / Equipment stoppage or minor disruption.,,False,BRONZE,QUARANTINED
EVT-IMCA-2281,INCIDENT,International Marine Contractors Association (IMCA),SRC-IMCA-2281,2002-01-01,UNKNOWN,International Marine & Offshore,General Industrial / Offshore Operations,,UNKNOWN,UNKNOWN,UNKNOWN,Lost time / serious personal injury sustained.,Fracture / Lost time injury,False,BRONZE,QUARANTINED
EVT-IMCA-2282,NEAR_MISS,International Marine Contractors Association (IMCA),SRC-IMCA-2282,2002-01-01,UNKNOWN,International Marine & Offshore,General Industrial / Offshore Operations,,UNKNOWN,UNKNOWN,UNKNOWN,None reported / Equipment stoppage or minor disruption.,,False,BRONZE,QUARANTINED
EVT-IMCA-2283,NEAR_MISS,International Marine Contractors Association (IMCA),SRC-IMCA-2283,2002-01-01,UNKNOWN,International Marine & Offshore,General Industrial / Offshore Operations,,UNKNOWN,UNKNOWN,UNKNOWN,None reported / Equipment stoppage or minor disruption.,,False,BRONZE,QUARANTINED
EVT-IMCA-2284,NEAR_MISS,International Marine Contractors Association (IMCA),SRC-IMCA-2284,2002-01-01,UNKNOWN,International Marine & Offshore,General Industrial / Offshore Operations,,UNKNOWN,UNKNOWN,UNKNOWN,None reported / Equipment stoppage or minor disruption.,,False,BRONZE,QUARANTINED
EVT-IMCA-2285,NEAR_MISS,International Marine Contractors Association (IMCA),SRC-IMCA-2285,2001-11-01,UNKNOWN,International Marine & Offshore,General Industrial / Offshore Operations,,UNKNOWN,UNKNOWN,UNKNOWN,None reported / Equipment stoppage or minor disruption.,,False,BRONZE,QUARANTINED
EVT-IMCA-2286,INCIDENT,International Marine Contractors Association (IMCA),SRC-IMCA-2286,2001-11-01,UNKNOWN,International Marine & Offshore,General Industrial / Offshore Operations,,THERMAL,UNKNOWN,UNKNOWN,None reported / Equipment stoppage or minor disruption.,,False,BRONZE,QUARANTINED
EVT-IMCA-2287,INCIDENT,International Marine Contractors Association (IMCA),SRC-IMCA-2287,2001-11-01,UNKNOWN,International Marine & Offshore,Lifting & Rigging Operations,lift / elevator,UNKNOWN,TRUE,EXPLICIT,Fatal injury occurred.,Fatal injury,True,BRONZE,QUARANTINED
EVT-IMCA-2288,NEAR_MISS,International Marine Contractors Association (IMCA),SRC-IMCA-2288,2001-11-01,UNKNOWN,International Marine & Offshore,General Industrial / Offshore Operations,,UNKNOWN,UNKNOWN,UNKNOWN,None reported / Equipment stoppage or minor disruption.,,False,BRONZE,QUARANTINED
EVT-IMCA-2289,NEAR_MISS,International Marine Contractors Association (IMCA),SRC-IMCA-2289,2001-11-01,UNKNOWN,International Marine & Offshore,General Industrial / Offshore Operations,hose,UNKNOWN,UNKNOWN,UNKNOWN,No injuries occurred (Near Miss / Potential Consequence only).,None,False,BRONZE,QUARANTINED
EVT-IMCA-2290,NEAR_MISS,International Marine Contractors Association (IMCA),SRC-IMCA-2290,2001-11-01,UNKNOWN,International Marine & Offshore,General Industrial / Offshore Operations,,UNKNOWN,UNKNOWN,UNKNOWN,None reported / Equipment stoppage or minor disruption.,,False,BRONZE,QUARANTINED
EVT-IMCA-2291,NEAR_MISS,International Marine Contractors Association (IMCA),SRC-IMCA-2291,2001-11-01,UNKNOWN,International Marine & Offshore,General Industrial / Offshore Operations,,UNKNOWN,UNKNOWN,UNKNOWN,None reported / Equipment stoppage or minor disruption.,,False,BRONZE,QUARANTINED
EVT-IMCA-2292,INCIDENT,International Marine Contractors Association (IMCA),SRC-IMCA-2292,2001-11-01,UNKNOWN,International Marine & Offshore,Drilling & Well Intervention,,UNKNOWN,TRUE,EXPLICIT,Fatal injury occurred.,Fatal injury,True,BRONZE,QUARANTINED
EVT-IMCA-2293,NEAR_MISS,International Marine Contractors Association (IMCA),SRC-IMCA-2293,2001-11-01,UNKNOWN,International Marine & Offshore,General Industrial / Offshore Operations,winch,KINETIC,UNKNOWN,UNKNOWN,None reported / Equipment stoppage or minor disruption.,,False,BRONZE,QUARANTINED
EVT-IMCA-2294,NEAR_MISS,International Marine Contractors Association (IMCA),SRC-IMCA-2294,2001-11-01,UNKNOWN,International Marine & Offshore,General Industrial / Offshore Operations,,ELECTRICAL,UNKNOWN,UNKNOWN,None reported / Equipment stoppage or minor disruption.,,False,BRONZE,QUARANTINED
EVT-IMCA-2295,NEAR_MISS,International Marine Contractors Association (IMCA),SRC-IMCA-2295,2001-10-02,UNKNOWN,International Marine & Offshore,General Industrial / Offshore Operations,,GRAVITATIONAL,UNKNOWN,UNKNOWN,None reported / Equipment stoppage or minor disruption.,,False,BRONZE,QUARANTINED
EVT-IMCA-2296,INCIDENT,International Marine Contractors Association (IMCA),SRC-IMCA-2296,2001-10-02,UNKNOWN,International Marine & Offshore,Subsea & Diving Operations,,PRESSURE,TRUE,DERIVED,None reported / Equipment stoppage or minor disruption.,,False,BRONZE,QUARANTINED
EVT-IMCA-2297,NEAR_MISS,International Marine Contractors Association (IMCA),SRC-IMCA-2297,2001-10-02,UNKNOWN,International Marine & Offshore,General Industrial / Offshore Operations,,UNKNOWN,UNKNOWN,UNKNOWN,None reported / Equipment stoppage or minor disruption.,,False,BRONZE,QUARANTINED
EVT-IMCA-2298,NEAR_MISS,International Marine Contractors Association (IMCA),SRC-IMCA-2298,2001-10-02,UNKNOWN,International Marine & Offshore,General Industrial / Offshore Operations,,UNKNOWN,UNKNOWN,UNKNOWN,None reported / Equipment stoppage or minor disruption.,,False,BRONZE,QUARANTINED
EVT-IMCA-2299,NEAR_MISS,International Marine Contractors Association (IMCA),SRC-IMCA-2299,2001-10-02,UNKNOWN,International Marine & Offshore,Lifting & Rigging Operations,,UNKNOWN,UNKNOWN,UNKNOWN,None reported / Equipment stoppage or minor disruption.,,False,BRONZE,QUARANTINED
EVT-IMCA-2300,NEAR_MISS,International Marine Contractors Association (IMCA),SRC-IMCA-2300,2001-10-02,UNKNOWN,International Marine & Offshore,General Industrial / Offshore Operations,,UNKNOWN,UNKNOWN,UNKNOWN,None reported / Equipment stoppage or minor disruption.,,False,BRONZE,QUARANTINED
EVT-IMCA-2301,NEAR_MISS,International Marine Contractors Association (IMCA),SRC-IMCA-2301,2001-10-01,UNKNOWN,International Marine & Offshore,General Industrial / Offshore Operations,,UNKNOWN,UNKNOWN,UNKNOWN,None reported / Equipment stoppage or minor disruption.,,False,BRONZE,QUARANTINED
EVT-IMCA-2302,NEAR_MISS,International Marine Contractors Association (IMCA),SRC-IMCA-2302,2001-10-01,UNKNOWN,International Marine & Offshore,Marine & Vessel Operations,,UNKNOWN,UNKNOWN,UNKNOWN,None reported / Equipment stoppage or minor disruption.,,False,BRONZE,QUARANTINED
EVT-IMCA-2303,NEAR_MISS,International Marine Contractors Association (IMCA),SRC-IMCA-2303,2001-10-01,UNKNOWN,International Marine & Offshore,General Industrial / Offshore Operations,,UNKNOWN,UNKNOWN,UNKNOWN,No injuries occurred (Near Miss / Potential Consequence only).,None,False,BRONZE,QUARANTINED
EVT-IMCA-2304,NEAR_MISS,International Marine Contractors Association (IMCA),SRC-IMCA-2304,2001-10-01,UNKNOWN,International Marine & Offshore,Lifting & Rigging Operations,crane,UNKNOWN,UNKNOWN,UNKNOWN,None reported / Equipment stoppage or minor disruption.,,False,BRONZE,QUARANTINED
EVT-IMCA-2305,NEAR_MISS,International Marine Contractors Association (IMCA),SRC-IMCA-2305,2001-10-01,UNKNOWN,International Marine & Offshore,General Industrial / Offshore Operations,,UNKNOWN,UNKNOWN,UNKNOWN,None reported / Equipment stoppage or minor disruption.,,False,BRONZE,QUARANTINED
EVT-IMCA-2306,NEAR_MISS,International Marine Contractors Association (IMCA),SRC-IMCA-2306,2001-10-01,UNKNOWN,International Marine & Offshore,Lifting & Rigging Operations,winch,KINETIC,UNKNOWN,UNKNOWN,None reported / Equipment stoppage or minor disruption.,,False,BRONZE,QUARANTINED
EVT-IMCA-2307,INCIDENT,International Marine Contractors Association (IMCA),SRC-IMCA-2307,2001-09-01,UNKNOWN,International Marine & Offshore,General Industrial / Offshore Operations,,THERMAL,UNKNOWN,UNKNOWN,None reported / Equipment stoppage or minor disruption.,,False,BRONZE,QUARANTINED
EVT-IMCA-2309,NEAR_MISS,International Marine Contractors Association (IMCA),SRC-IMCA-2309,2001-08-02,UNKNOWN,International Marine & Offshore,General Industrial / Offshore Operations,,UNKNOWN,UNKNOWN,UNKNOWN,None reported / Equipment stoppage or minor disruption.,,False,BRONZE,QUARANTINED
EVT-IMCA-2310,NEAR_MISS,International Marine Contractors Association (IMCA),SRC-IMCA-2310,2001-08-02,UNKNOWN,International Marine & Offshore,Subsea & Diving Operations,winch,KINETIC,UNKNOWN,UNKNOWN,None reported / Equipment stoppage or minor disruption.,,False,BRONZE,QUARANTINED
EVT-IMCA-2311,NEAR_MISS,International Marine Contractors Association (IMCA),SRC-IMCA-2311,2001-08-02,UNKNOWN,International Marine & Offshore,General Industrial / Offshore Operations,,UNKNOWN,UNKNOWN,UNKNOWN,None reported / Equipment stoppage or minor disruption.,,False,BRONZE,QUARANTINED
EVT-IMCA-2312,NEAR_MISS,International Marine Contractors Association (IMCA),SRC-IMCA-2312,2001-08-01,UNKNOWN,International Marine & Offshore,Lifting & Rigging Operations,winch,KINETIC,UNKNOWN,UNKNOWN,None reported / Equipment stoppage or minor disruption.,,False,BRONZE,QUARANTINED
EVT-IMCA-2313,NEAR_MISS,International Marine Contractors Association (IMCA),SRC-IMCA-2313,2001-08-01,UNKNOWN,International Marine & Offshore,Subsea & Diving Operations,winch,KINETIC,UNKNOWN,UNKNOWN,None reported / Equipment stoppage or minor disruption.,,False,BRONZE,QUARANTINED
EVT-IMCA-2314,NEAR_MISS,International Marine Contractors Association (IMCA),SRC-IMCA-2314,2001-08-01,UNKNOWN,International Marine & Offshore,Hot Work Operations,,UNKNOWN,UNKNOWN,UNKNOWN,Minor injury requiring first aid or medical attention.,First aid / minor laceration or contusion,False,BRONZE,QUARANTINED
EVT-IMCA-2315,NEAR_MISS,International Marine Contractors Association (IMCA),SRC-IMCA-2315,2001-07-01,UNKNOWN,International Marine & Offshore,General Industrial / Offshore Operations,shackle,UNKNOWN,UNKNOWN,UNKNOWN,None reported / Equipment stoppage or minor disruption.,,False,BRONZE,QUARANTINED
EVT-IMCA-2316,NEAR_MISS,International Marine Contractors Association (IMCA),SRC-IMCA-2316,2001-07-01,UNKNOWN,International Marine & Offshore,Lifting & Rigging Operations,crane,UNKNOWN,UNKNOWN,UNKNOWN,None reported / Equipment stoppage or minor disruption.,,False,BRONZE,QUARANTINED
EVT-IMCA-2317,INCIDENT,International Marine Contractors Association (IMCA),SRC-IMCA-2317,2001-07-01,UNKNOWN,International Marine & Offshore,General Industrial / Offshore Operations,,THERMAL,UNKNOWN,UNKNOWN,None reported / Equipment stoppage or minor disruption.,,False,BRONZE,QUARANTINED
EVT-IMCA-2318,NEAR_MISS,International Marine Contractors Association (IMCA),SRC-IMCA-2318,2001-07-01,UNKNOWN,International Marine & Offshore,Hot Work Operations,,UNKNOWN,UNKNOWN,UNKNOWN,None reported / Equipment stoppage or minor disruption.,,False,BRONZE,QUARANTINED
EVT-IMCA-2319,NEAR_MISS,International Marine Contractors Association (IMCA),SRC-IMCA-2319,2001-07-01,UNKNOWN,International Marine & Offshore,Hot Work Operations,,UNKNOWN,UNKNOWN,UNKNOWN,Minor injury requiring first aid or medical attention.,First aid / minor laceration or contusion,False,BRONZE,QUARANTINED
EVT-IMCA-2320,NEAR_MISS,International Marine Contractors Association (IMCA),SRC-IMCA-2320,2001-07-01,UNKNOWN,International Marine & Offshore,General Industrial / Offshore Operations,,UNKNOWN,UNKNOWN,UNKNOWN,None reported / Equipment stoppage or minor disruption.,,False,BRONZE,QUARANTINED
EVT-IMCA-2321,UC,International Marine Contractors Association (IMCA),SRC-IMCA-2321,2001-04-02,UNKNOWN,International Marine & Offshore,Subsea & Diving Operations,,UNKNOWN,UNKNOWN,UNKNOWN,None reported / Equipment stoppage or minor disruption.,,False,BRONZE,QUARANTINED
EVT-IMCA-2322,NEAR_MISS,International Marine Contractors Association (IMCA),SRC-IMCA-2322,2001-04-02,UNKNOWN,International Marine & Offshore,General Industrial / Offshore Operations,,UNKNOWN,UNKNOWN,UNKNOWN,None reported / Equipment stoppage or minor disruption.,,False,BRONZE,QUARANTINED
EVT-IMCA-2323,NEAR_MISS,International Marine Contractors Association (IMCA),SRC-IMCA-2323,2001-04-02,UNKNOWN,International Marine & Offshore,Hot Work Operations,,UNKNOWN,UNKNOWN,UNKNOWN,None reported / Equipment stoppage or minor disruption.,,False,BRONZE,QUARANTINED
EVT-IMCA-2324,NEAR_MISS,International Marine Contractors Association (IMCA),SRC-IMCA-2324,2001-04-02,UNKNOWN,International Marine & Offshore,Lifting & Rigging Operations,lift / elevator,UNKNOWN,UNKNOWN,UNKNOWN,None reported / Equipment stoppage or minor disruption.,,False,BRONZE,QUARANTINED
EVT-IMCA-2325,NEAR_MISS,International Marine Contractors Association (IMCA),SRC-IMCA-2325,2001-04-01,UNKNOWN,International Marine & Offshore,General Industrial / Offshore Operations,,UNKNOWN,UNKNOWN,UNKNOWN,None reported / Equipment stoppage or minor disruption.,,False,BRONZE,QUARANTINED
EVT-IMCA-2327,INCIDENT,International Marine Contractors Association (IMCA),SRC-IMCA-2327,2001-03-01,UNKNOWN,International Marine & Offshore,Subsea & Diving Operations,remotely operated vehicle (ROV),UNKNOWN,UNKNOWN,UNKNOWN,None reported / Equipment stoppage or minor disruption.,,False,BRONZE,QUARANTINED
EVT-IMCA-2328,NEAR_MISS,International Marine Contractors Association (IMCA),SRC-IMCA-2328,2001-03-01,UNKNOWN,International Marine & Offshore,Lifting & Rigging Operations,crane,UNKNOWN,UNKNOWN,UNKNOWN,None reported / Equipment stoppage or minor disruption.,,False,BRONZE,QUARANTINED
EVT-IMCA-2329,NEAR_MISS,International Marine Contractors Association (IMCA),SRC-IMCA-2329,2001-03-01,UNKNOWN,International Marine & Offshore,General Industrial / Offshore Operations,winch,KINETIC,UNKNOWN,UNKNOWN,None reported / Equipment stoppage or minor disruption.,,False,BRONZE,QUARANTINED
EVT-IMCA-2330,INCIDENT,International Marine Contractors Association (IMCA),SRC-IMCA-2330,2001-03-01,UNKNOWN,International Marine & Offshore,General Industrial / Offshore Operations,,UNKNOWN,UNKNOWN,UNKNOWN,None reported / Equipment stoppage or minor disruption.,,False,BRONZE,QUARANTINED
EVT-IMCA-2331,INCIDENT,International Marine Contractors Association (IMCA),SRC-IMCA-2331,2001-03-01,UNKNOWN,International Marine & Offshore,General Industrial / Offshore Operations,,UNKNOWN,UNKNOWN,UNKNOWN,None reported / Equipment stoppage or minor disruption.,,False,BRONZE,QUARANTINED
EVT-IMCA-2332,NEAR_MISS,International Marine Contractors Association (IMCA),SRC-IMCA-2332,2001-03-01,UNKNOWN,International Marine & Offshore,General Industrial / Offshore Operations,,UNKNOWN,UNKNOWN,UNKNOWN,None reported / Equipment stoppage or minor disruption.,,False,BRONZE,QUARANTINED
EVT-IMCA-2333,NEAR_MISS,International Marine Contractors Association (IMCA),SRC-IMCA-2333,2001-03-01,UNKNOWN,International Marine & Offshore,General Industrial / Offshore Operations,,UNKNOWN,UNKNOWN,UNKNOWN,None reported / Equipment stoppage or minor disruption.,,False,BRONZE,QUARANTINED
EVT-IMCA-2334,INCIDENT,International Marine Contractors Association (IMCA),SRC-IMCA-2334,2001-02-01,UNKNOWN,International Marine & Offshore,Marine & Vessel Operations,,UNKNOWN,UNKNOWN,UNKNOWN,Fatal injury occurred.,Fatal injury,True,BRONZE,QUARANTINED
EVT-IMCA-2335,NEAR_MISS,International Marine Contractors Association (IMCA),SRC-IMCA-2335,2001-02-01,UNKNOWN,International Marine & Offshore,General Industrial / Offshore Operations,,UNKNOWN,UNKNOWN,UNKNOWN,None reported / Equipment stoppage or minor disruption.,,False,BRONZE,QUARANTINED
EVT-IMCA-2336,NEAR_MISS,International Marine Contractors Association (IMCA),SRC-IMCA-2336,2001-02-01,UNKNOWN,International Marine & Offshore,General Industrial / Offshore Operations,,UNKNOWN,UNKNOWN,UNKNOWN,None reported / Equipment stoppage or minor disruption.,,False,BRONZE,QUARANTINED
EVT-IMCA-2337,INCIDENT,International Marine Contractors Association (IMCA),SRC-IMCA-2337,2001-01-01,UNKNOWN,International Marine & Offshore,Subsea & Diving Operations,,UNKNOWN,TRUE,EXPLICIT,Fatal injury occurred.,Fatal injury,True,BRONZE,QUARANTINED
EVT-IMCA-2338,NEAR_MISS,International Marine Contractors Association (IMCA),SRC-IMCA-2338,2001-01-01,UNKNOWN,International Marine & Offshore,General Industrial / Offshore Operations,,UNKNOWN,UNKNOWN,UNKNOWN,None reported / Equipment stoppage or minor disruption.,,False,BRONZE,QUARANTINED
EVT-IMCA-2339,INCIDENT,International Marine Contractors Association (IMCA),SRC-IMCA-2339,2001-01-01,UNKNOWN,International Marine & Offshore,General Industrial / Offshore Operations,,UNKNOWN,UNKNOWN,UNKNOWN,Fatal injury occurred.,Fatal injury,True,BRONZE,QUARANTINED
EVT-IMCA-2340,NEAR_MISS,International Marine Contractors Association (IMCA),SRC-IMCA-2340,2000-12-02,UNKNOWN,International Marine & Offshore,General Industrial / Offshore Operations,transformer,ELECTRICAL,UNKNOWN,UNKNOWN,None reported / Equipment stoppage or minor disruption.,,False,BRONZE,QUARANTINED
EVT-IMCA-2341,NEAR_MISS,International Marine Contractors Association (IMCA),SRC-IMCA-2341,2000-12-02,UNKNOWN,International Marine & Offshore,General Industrial / Offshore Operations,,UNKNOWN,UNKNOWN,UNKNOWN,None reported / Equipment stoppage or minor disruption.,,False,BRONZE,QUARANTINED
EVT-IMCA-2342,NEAR_MISS,International Marine Contractors Association (IMCA),SRC-IMCA-2342,2000-12-01,UNKNOWN,International Marine & Offshore,General Industrial / Offshore Operations,,UNKNOWN,UNKNOWN,UNKNOWN,None reported / Equipment stoppage or minor disruption.,,False,BRONZE,QUARANTINED
EVT-IMCA-2343,NEAR_MISS,International Marine Contractors Association (IMCA),SRC-IMCA-2343,2000-12-01,UNKNOWN,International Marine & Offshore,General Industrial / Offshore Operations,,UNKNOWN,UNKNOWN,UNKNOWN,None reported / Equipment stoppage or minor disruption.,,False,BRONZE,QUARANTINED
EVT-IMCA-2344,NEAR_MISS,International Marine Contractors Association (IMCA),SRC-IMCA-2344,2000-12-01,UNKNOWN,International Marine & Offshore,General Industrial / Offshore Operations,,UNKNOWN,UNKNOWN,UNKNOWN,None reported / Equipment stoppage or minor disruption.,,False,BRONZE,QUARANTINED
EVT-IMCA-2345,INCIDENT,International Marine Contractors Association (IMCA),SRC-IMCA-2345,2000-10-01,UNKNOWN,International Marine & Offshore,General Industrial / Offshore Operations,,THERMAL,UNKNOWN,UNKNOWN,None reported / Equipment stoppage or minor disruption.,,False,BRONZE,QUARANTINED
EVT-IMCA-2346,INCIDENT,International Marine Contractors Association (IMCA),SRC-IMCA-2346,2000-10-01,UNKNOWN,International Marine & Offshore,Lifting & Rigging Operations,,UNKNOWN,TRUE,EXPLICIT,Fatal injury occurred.,Fatal injury,True,BRONZE,QUARANTINED
EVT-IMCA-2347,INCIDENT,International Marine Contractors Association (IMCA),SRC-IMCA-2347,2000-10-01,UNKNOWN,International Marine & Offshore,General Industrial / Offshore Operations,,THERMAL,UNKNOWN,UNKNOWN,None reported / Equipment stoppage or minor disruption.,,False,BRONZE,QUARANTINED
EVT-IMCA-2348,INCIDENT,International Marine Contractors Association (IMCA),SRC-IMCA-2348,2000-10-01,UNKNOWN,International Marine & Offshore,Piping & Pressure Maintenance,,UNKNOWN,UNKNOWN,UNKNOWN,None reported / Equipment stoppage or minor disruption.,,False,BRONZE,QUARANTINED
EVT-IMCA-2349,NEAR_MISS,International Marine Contractors Association (IMCA),SRC-IMCA-2349,2000-09-01,UNKNOWN,International Marine & Offshore,General Industrial / Offshore Operations,,UNKNOWN,UNKNOWN,UNKNOWN,None reported / Equipment stoppage or minor disruption.,,False,BRONZE,QUARANTINED
EVT-IMCA-2350,NEAR_MISS,International Marine Contractors Association (IMCA),SRC-IMCA-2350,2000-09-01,UNKNOWN,International Marine & Offshore,General Industrial / Offshore Operations,,ELECTRICAL,UNKNOWN,UNKNOWN,None reported / Equipment stoppage or minor disruption.,,False,BRONZE,QUARANTINED
EVT-IMCA-2351,NEAR_MISS,International Marine Contractors Association (IMCA),SRC-IMCA-2351,2000-09-01,UNKNOWN,International Marine & Offshore,General Industrial / Offshore Operations,,UNKNOWN,UNKNOWN,UNKNOWN,No injuries occurred (Near Miss / Potential Consequence only).,None,False,BRONZE,QUARANTINED
EVT-IMCA-2352,NEAR_MISS,International Marine Contractors Association (IMCA),SRC-IMCA-2352,2000-09-01,UNKNOWN,International Marine & Offshore,General Industrial / Offshore Operations,,UNKNOWN,UNKNOWN,UNKNOWN,None reported / Equipment stoppage or minor disruption.,,False,BRONZE,QUARANTINED
EVT-IMCA-2353,NEAR_MISS,International Marine Contractors Association (IMCA),SRC-IMCA-2353,2000-07-02,UNKNOWN,International Marine & Offshore,General Industrial / Offshore Operations,,UNKNOWN,UNKNOWN,UNKNOWN,None reported / Equipment stoppage or minor disruption.,,False,BRONZE,QUARANTINED
EVT-IMCA-2354,NEAR_MISS,International Marine Contractors Association (IMCA),SRC-IMCA-2354,2000-07-02,UNKNOWN,International Marine & Offshore,General Industrial / Offshore Operations,compressor,UNKNOWN,UNKNOWN,UNKNOWN,None reported / Equipment stoppage or minor disruption.,,False,BRONZE,QUARANTINED
EVT-IMCA-2355,NEAR_MISS,International Marine Contractors Association (IMCA),SRC-IMCA-2355,2000-07-02,UNKNOWN,International Marine & Offshore,General Industrial / Offshore Operations,,UNKNOWN,UNKNOWN,UNKNOWN,None reported / Equipment stoppage or minor disruption.,,False,BRONZE,QUARANTINED
EVT-IMCA-2356,NEAR_MISS,International Marine Contractors Association (IMCA),SRC-IMCA-2356,2000-07-01,UNKNOWN,International Marine & Offshore,General Industrial / Offshore Operations,,UNKNOWN,UNKNOWN,UNKNOWN,None reported / Equipment stoppage or minor disruption.,,False,BRONZE,QUARANTINED
EVT-IMCA-2357,INCIDENT,International Marine Contractors Association (IMCA),SRC-IMCA-2357,2000-07-01,UNKNOWN,International Marine & Offshore,Hot Work Operations,,THERMAL,TRUE,DERIVED,None reported / Equipment stoppage or minor disruption.,,False,BRONZE,QUARANTINED
EVT-IMCA-2358,NEAR_MISS,International Marine Contractors Association (IMCA),SRC-IMCA-2358,2000-07-01,UNKNOWN,International Marine & Offshore,Lifting & Rigging Operations,crane,UNKNOWN,UNKNOWN,UNKNOWN,None reported / Equipment stoppage or minor disruption.,,False,BRONZE,QUARANTINED
EVT-IMCA-2359,NEAR_MISS,International Marine Contractors Association (IMCA),SRC-IMCA-2359,2000-07-01,UNKNOWN,International Marine & Offshore,General Industrial / Offshore Operations,fast rescue craft (FRC),UNKNOWN,UNKNOWN,UNKNOWN,None reported / Equipment stoppage or minor disruption.,,False,BRONZE,QUARANTINED
EVT-IMCA-2360,NEAR_MISS,International Marine Contractors Association (IMCA),SRC-IMCA-2360,2000-07-01,UNKNOWN,International Marine & Offshore,General Industrial / Offshore Operations,winch,KINETIC,UNKNOWN,UNKNOWN,None reported / Equipment stoppage or minor disruption.,,False,BRONZE,QUARANTINED
EVT-IMCA-2361,NEAR_MISS,International Marine Contractors Association (IMCA),SRC-IMCA-2361,2000-07-01,UNKNOWN,International Marine & Offshore,Piping & Pressure Maintenance,gas cylinder / bailout cylinder,UNKNOWN,UNKNOWN,UNKNOWN,None reported / Equipment stoppage or minor disruption.,,False,BRONZE,QUARANTINED
EVT-IMCA-2362,NEAR_MISS,International Marine Contractors Association (IMCA),SRC-IMCA-2362,2000-07-01,UNKNOWN,International Marine & Offshore,Lifting & Rigging Operations,,UNKNOWN,UNKNOWN,UNKNOWN,None reported / Equipment stoppage or minor disruption.,,False,BRONZE,QUARANTINED
EVT-IMCA-2363,NEAR_MISS,International Marine Contractors Association (IMCA),SRC-IMCA-2363,2000-07-01,Diving Support Vessel (DSV),International Marine & Offshore,Subsea & Diving Operations,,UNKNOWN,UNKNOWN,UNKNOWN,None reported / Equipment stoppage or minor disruption.,,False,BRONZE,QUARANTINED
EVT-IMCA-2364,NEAR_MISS,International Marine Contractors Association (IMCA),SRC-IMCA-2364,2000-04-01,UNKNOWN,International Marine & Offshore,General Industrial / Offshore Operations,,UNKNOWN,UNKNOWN,UNKNOWN,None reported / Equipment stoppage or minor disruption.,,False,BRONZE,QUARANTINED
EVT-IMCA-2365,NEAR_MISS,International Marine Contractors Association (IMCA),SRC-IMCA-2365,2000-04-01,UNKNOWN,International Marine & Offshore,Subsea & Diving Operations,,UNKNOWN,UNKNOWN,UNKNOWN,None reported / Equipment stoppage or minor disruption.,,False,BRONZE,QUARANTINED
EVT-IMCA-2366,INCIDENT,International Marine Contractors Association (IMCA),SRC-IMCA-2366,2000-04-01,UNKNOWN,International Marine & Offshore,General Industrial / Offshore Operations,,THERMAL,TRUE,DERIVED,None reported / Equipment stoppage or minor disruption.,,False,BRONZE,QUARANTINED
EVT-IMCA-2367,INCIDENT,International Marine Contractors Association (IMCA),SRC-IMCA-2367,2000-04-01,UNKNOWN,International Marine & Offshore,Lifting & Rigging Operations,crane,UNKNOWN,UNKNOWN,UNKNOWN,None reported / Equipment stoppage or minor disruption.,,False,BRONZE,QUARANTINED
EVT-IMCA-2368,NEAR_MISS,International Marine Contractors Association (IMCA),SRC-IMCA-2368,2000-01-01,UNKNOWN,International Marine & Offshore,Subsea & Diving Operations,,UNKNOWN,UNKNOWN,UNKNOWN,None reported / Equipment stoppage or minor disruption.,,False,BRONZE,QUARANTINED
EVT-IMCA-2369,NEAR_MISS,International Marine Contractors Association (IMCA),SRC-IMCA-2369,2000-01-01,UNKNOWN,International Marine & Offshore,General Industrial / Offshore Operations,,UNKNOWN,UNKNOWN,UNKNOWN,None reported / Equipment stoppage or minor disruption.,,False,BRONZE,QUARANTINED
EVT-IMCA-2370,NEAR_MISS,International Marine Contractors Association (IMCA),SRC-IMCA-2370,2000-01-01,UNKNOWN,International Marine & Offshore,Marine & Vessel Operations,,UNKNOWN,UNKNOWN,UNKNOWN,None reported / Equipment stoppage or minor disruption.,,False,BRONZE,QUARANTINED
EVT-IMCA-2371,NEAR_MISS,International Marine Contractors Association (IMCA),SRC-IMCA-2371,2000-01-01,UNKNOWN,International Marine & Offshore,General Industrial / Offshore Operations,winch,KINETIC,UNKNOWN,UNKNOWN,None reported / Equipment stoppage or minor disruption.,,False,BRONZE,QUARANTINED
EVT-IMCA-2372,NEAR_MISS,International Marine Contractors Association (IMCA),SRC-IMCA-2372,2000-01-01,UNKNOWN,International Marine & Offshore,General Industrial / Offshore Operations,,UNKNOWN,UNKNOWN,UNKNOWN,None reported / Equipment stoppage or minor disruption.,,False,BRONZE,QUARANTINED
EVT-IMCA-2373,NEAR_MISS,International Marine Contractors Association (IMCA),SRC-IMCA-2373,2000-01-01,UNKNOWN,International Marine & Offshore,Piping & Pressure Maintenance,,UNKNOWN,UNKNOWN,UNKNOWN,None reported / Equipment stoppage or minor disruption.,,False,BRONZE,QUARANTINED
EVT-IMCA-2374,NEAR_MISS,International Marine Contractors Association (IMCA),SRC-IMCA-2374,2000-01-01,UNKNOWN,International Marine & Offshore,Subsea & Diving Operations,,UNKNOWN,UNKNOWN,UNKNOWN,None reported / Equipment stoppage or minor disruption.,,False,BRONZE,QUARANTINED
EVT-IMCA-2375,NEAR_MISS,International Marine Contractors Association (IMCA),SRC-IMCA-2375,2000-01-01,UNKNOWN,International Marine & Offshore,Hot Work Operations,,UNKNOWN,UNKNOWN,UNKNOWN,None reported / Equipment stoppage or minor disruption.,,False,BRONZE,QUARANTINED
EVT-IMCA-2376,NEAR_MISS,International Marine Contractors Association (IMCA),SRC-IMCA-2376,1999-12-01,UNKNOWN,International Marine & Offshore,Piping & Pressure Maintenance,hose,UNKNOWN,UNKNOWN,UNKNOWN,None reported / Equipment stoppage or minor disruption.,,False,BRONZE,QUARANTINED
EVT-IMCA-2377,NEAR_MISS,International Marine Contractors Association (IMCA),SRC-IMCA-2377,1999-12-01,UNKNOWN,International Marine & Offshore,General Industrial / Offshore Operations,,UNKNOWN,UNKNOWN,UNKNOWN,None reported / Equipment stoppage or minor disruption.,,False,BRONZE,QUARANTINED
EVT-IMCA-2378,NEAR_MISS,International Marine Contractors Association (IMCA),SRC-IMCA-2378,1999-12-01,UNKNOWN,International Marine & Offshore,Lifting & Rigging Operations,crane,UNKNOWN,UNKNOWN,UNKNOWN,None reported / Equipment stoppage or minor disruption.,,False,BRONZE,QUARANTINED
EVT-IMCA-2379,NEAR_MISS,International Marine Contractors Association (IMCA),SRC-IMCA-2379,1999-12-01,UNKNOWN,International Marine & Offshore,Lifting & Rigging Operations,crane,UNKNOWN,UNKNOWN,UNKNOWN,None reported / Equipment stoppage or minor disruption.,,False,BRONZE,QUARANTINED
EVT-IMCA-2380,NEAR_MISS,International Marine Contractors Association (IMCA),SRC-IMCA-2380,1999-12-01,UNKNOWN,International Marine & Offshore,Subsea & Diving Operations,,UNKNOWN,UNKNOWN,UNKNOWN,None reported / Equipment stoppage or minor disruption.,,False,BRONZE,QUARANTINED
EVT-IMCA-2381,NEAR_MISS,International Marine Contractors Association (IMCA),SRC-IMCA-2381,1999-11-01,UNKNOWN,International Marine & Offshore,General Industrial / Offshore Operations,,UNKNOWN,UNKNOWN,UNKNOWN,None reported / Equipment stoppage or minor disruption.,,False,BRONZE,QUARANTINED
EVT-IMCA-2382,NEAR_MISS,International Marine Contractors Association (IMCA),SRC-IMCA-2382,1999-11-01,UNKNOWN,International Marine & Offshore,General Industrial / Offshore Operations,,UNKNOWN,UNKNOWN,UNKNOWN,None reported / Equipment stoppage or minor disruption.,,False,BRONZE,QUARANTINED
EVT-IMCA-2383,NEAR_MISS,International Marine Contractors Association (IMCA),SRC-IMCA-2383,1999-11-01,UNKNOWN,International Marine & Offshore,Drilling & Well Intervention,,PRESSURE,UNKNOWN,UNKNOWN,None reported / Equipment stoppage or minor disruption.,,False,BRONZE,QUARANTINED
EVT-IMCA-2384,INCIDENT,International Marine Contractors Association (IMCA),SRC-IMCA-2384,1999-08-01,UNKNOWN,International Marine & Offshore,General Industrial / Offshore Operations,,THERMAL,UNKNOWN,UNKNOWN,None reported / Equipment stoppage or minor disruption.,,False,BRONZE,QUARANTINED
EVT-IMCA-2385,NEAR_MISS,International Marine Contractors Association (IMCA),SRC-IMCA-2385,1999-08-01,UNKNOWN,International Marine & Offshore,General Industrial / Offshore Operations,,UNKNOWN,UNKNOWN,UNKNOWN,None reported / Equipment stoppage or minor disruption.,,False,BRONZE,QUARANTINED
EVT-IMCA-2386,NEAR_MISS,International Marine Contractors Association (IMCA),SRC-IMCA-2386,1999-07-01,UNKNOWN,International Marine & Offshore,General Industrial / Offshore Operations,,UNKNOWN,UNKNOWN,UNKNOWN,None reported / Equipment stoppage or minor disruption.,,False,BRONZE,QUARANTINED
EVT-IMCA-2387,UC,International Marine Contractors Association (IMCA),SRC-IMCA-2387,1999-07-01,UNKNOWN,International Marine & Offshore,Piping & Pressure Maintenance,,UNKNOWN,UNKNOWN,UNKNOWN,None reported / Equipment stoppage or minor disruption.,,False,BRONZE,QUARANTINED
EVT-IMCA-2388,NEAR_MISS,International Marine Contractors Association (IMCA),SRC-IMCA-2388,1999-07-01,UNKNOWN,International Marine & Offshore,General Industrial / Offshore Operations,,UNKNOWN,UNKNOWN,UNKNOWN,None reported / Equipment stoppage or minor disruption.,,False,BRONZE,QUARANTINED
EVT-IMCA-2389,NEAR_MISS,International Marine Contractors Association (IMCA),SRC-IMCA-2389,1999-05-01,UNKNOWN,International Marine & Offshore,General Industrial / Offshore Operations,,UNKNOWN,UNKNOWN,UNKNOWN,None reported / Equipment stoppage or minor disruption.,,False,BRONZE,QUARANTINED
EVT-IMCA-2390,NEAR_MISS,International Marine Contractors Association (IMCA),SRC-IMCA-2390,1999-05-01,UNKNOWN,International Marine & Offshore,General Industrial / Offshore Operations,,UNKNOWN,UNKNOWN,UNKNOWN,None reported / Equipment stoppage or minor disruption.,,False,BRONZE,QUARANTINED
EVT-IMCA-2391,NEAR_MISS,International Marine Contractors Association (IMCA),SRC-IMCA-2391,1999-05-01,UNKNOWN,International Marine & Offshore,General Industrial / Offshore Operations,,UNKNOWN,UNKNOWN,UNKNOWN,None reported / Equipment stoppage or minor disruption.,,False,BRONZE,QUARANTINED
EVT-IMCA-2392,NEAR_MISS,International Marine Contractors Association (IMCA),SRC-IMCA-2392,1999-05-01,UNKNOWN,International Marine & Offshore,General Industrial / Offshore Operations,,UNKNOWN,UNKNOWN,UNKNOWN,None reported / Equipment stoppage or minor disruption.,,False,BRONZE,QUARANTINED
EVT-IMCA-2393,NEAR_MISS,International Marine Contractors Association (IMCA),SRC-IMCA-2393,1999-01-01,UNKNOWN,International Marine & Offshore,Lifting & Rigging Operations,,GRAVITATIONAL,UNKNOWN,UNKNOWN,None reported / Equipment stoppage or minor disruption.,,False,BRONZE,QUARANTINED
EVT-IMCA-2394,NEAR_MISS,International Marine Contractors Association (IMCA),SRC-IMCA-2394,1999-01-01,UNKNOWN,International Marine & Offshore,General Industrial / Offshore Operations,,UNKNOWN,UNKNOWN,UNKNOWN,None reported / Equipment stoppage or minor disruption.,,False,BRONZE,QUARANTINED
EVT-IMCA-2395,NEAR_MISS,International Marine Contractors Association (IMCA),SRC-IMCA-2395,1999-01-01,UNKNOWN,International Marine & Offshore,Lifting & Rigging Operations,,UNKNOWN,UNKNOWN,UNKNOWN,None reported / Equipment stoppage or minor disruption.,,False,BRONZE,QUARANTINED
EVT-IMCA-2396,NEAR_MISS,International Marine Contractors Association (IMCA),SRC-IMCA-2396,1999-01-01,UNKNOWN,International Marine & Offshore,General Industrial / Offshore Operations,,UNKNOWN,UNKNOWN,UNKNOWN,None reported / Equipment stoppage or minor disruption.,,False,BRONZE,QUARANTINED
EVT-IMCA-2397,NEAR_MISS,International Marine Contractors Association (IMCA),SRC-IMCA-2397,1999-01-01,UNKNOWN,International Marine & Offshore,General Industrial / Offshore Operations,,UNKNOWN,UNKNOWN,UNKNOWN,None reported / Equipment stoppage or minor disruption.,,False,BRONZE,QUARANTINED
EVT-IMCA-2398,NEAR_MISS,International Marine Contractors Association (IMCA),SRC-IMCA-2398,1999-01-01,UNKNOWN,International Marine & Offshore,General Industrial / Offshore Operations,,UNKNOWN,UNKNOWN,UNKNOWN,None reported / Equipment stoppage or minor disruption.,,False,BRONZE,QUARANTINED
EVT-IMCA-2399,NEAR_MISS,International Marine Contractors Association (IMCA),SRC-IMCA-2399,1999-01-01,UNKNOWN,International Marine & Offshore,General Industrial / Offshore Operations,,UNKNOWN,UNKNOWN,UNKNOWN,None reported / Equipment stoppage or minor disruption.,,False,BRONZE,QUARANTINED
EVT-IMCA-2400,NEAR_MISS,International Marine Contractors Association (IMCA),SRC-IMCA-2400,1998-05-01,UNKNOWN,International Marine & Offshore,Lifting & Rigging Operations,crane,UNKNOWN,UNKNOWN,UNKNOWN,None reported / Equipment stoppage or minor disruption.,,False,BRONZE,QUARANTINED
EVT-IMCA-2401,NEAR_MISS,International Marine Contractors Association (IMCA),SRC-IMCA-2401,1997-05-01,UNKNOWN,International Marine & Offshore,Marine & Vessel Operations,,UNKNOWN,UNKNOWN,UNKNOWN,None reported / Equipment stoppage or minor disruption.,,False,BRONZE,QUARANTINED
EVT-HSE-0001,UA,Health and Safety Executive (UK HSE),SRC-HSE-0001,,Wind Turbine Generator,UK Continental Shelf,Lifting & Rigging Operations,lift / elevator,UNKNOWN,UNKNOWN,UNKNOWN,Minor injury requiring first aid or medical attention.,First aid / minor laceration or contusion,False,BRONZE,REFERENCE_ONLY
EVT-HSE-0002,INCIDENT,Health and Safety Executive (UK HSE),SRC-HSE-0002,,Wind Turbine Generator,UK Continental Shelf,Lifting & Rigging Operations,generator,UNKNOWN,UNKNOWN,UNKNOWN,None reported / Equipment stoppage or minor disruption.,,False,BRONZE,QUARANTINED
EVT-HSE-0003,INCIDENT,Health and Safety Executive (UK HSE),SRC-HSE-0003,,Semi-submersible Rig,UK Continental Shelf,Drilling & Well Intervention,,THERMAL,UNKNOWN,UNKNOWN,Minor injury requiring first aid or medical attention.,First aid / minor laceration or contusion,False,BRONZE,REFERENCE_ONLY
EVT-HSE-0004,INCIDENT,Health and Safety Executive (UK HSE),SRC-HSE-0004,,UNKNOWN,UK Continental Shelf,Lifting & Rigging Operations,vehicle,KINETIC,TRUE,DERIVED,Fatal injury occurred.,Fatal injury,True,SILVER,REFERENCE_ONLY
EVT-HSE-0005,INCIDENT,Health and Safety Executive (UK HSE),SRC-HSE-0005,,UNKNOWN,UK Continental Shelf,Lifting & Rigging Operations,valve,PRESSURE,TRUE,DERIVED,Minor injury requiring first aid or medical attention.,First aid / minor laceration or contusion,False,SILVER,REFERENCE_ONLY
EVT-HSE-0006,INCIDENT,Health and Safety Executive (UK HSE),SRC-HSE-0006,,UNKNOWN,UK Continental Shelf,Drilling & Well Intervention,,PRESSURE,UNKNOWN,UNKNOWN,Minor injury requiring first aid or medical attention.,First aid / minor laceration or contusion,False,BRONZE,REFERENCE_ONLY
EVT-HSE-0007,INCIDENT,Health and Safety Executive (UK HSE),SRC-HSE-0007,,UNKNOWN,UK Continental Shelf,Drilling & Well Intervention,,THERMAL,UNKNOWN,UNKNOWN,Minor injury requiring first aid or medical attention.,First aid / minor laceration or contusion,False,BRONZE,REFERENCE_ONLY
EVT-HSE-0008,INCIDENT,Health and Safety Executive (UK HSE),SRC-HSE-0008,,Offshore Fixed Platform,UK Continental Shelf,Lifting & Rigging Operations,scaffolding,GRAVITATIONAL,TRUE,DERIVED,Minor injury requiring first aid or medical attention.,First aid / minor laceration or contusion,False,SILVER,REFERENCE_ONLY
